timestamp,x,y,theta,qw,qz
1769099703.9625347,0.0,0.0,0.0,1.0,0.0
1769099704.0125253,0.0,0.0,3.2256158805912645e-05,0.9999999998699425,1.612807940225713e-05
1769099704.0625045,0.0,0.0,2.504722691575815e-05,0.9999999999215795,1.2523613457551706e-05
1769099704.1125233,2.5310686491215816e-05,6.45146346296847e-10,2.548908921854143e-05,0.9999999999187883,1.2744544608925713e-05
1769099704.1625092,1.8786242093199457e-15,9.925179501205934e-11,6.825022419896617e-06,0.9999999999941774,3.4125112099416853e-06
1769099704.2125235,4.532889953531435e-15,1.4115374365533394e-10,-3.498001071028465e-06,0.9999999999984704,-1.7490005355133408e-06
1769099704.262516,2.5310686503191035e-05,1.4248788996100273e-10,5.367824326574363e-07,0.999999999999964,2.6839121632871485e-07
1769099704.312541,4.731756436324175e-15,-1.095121946146722e-11,1.6367175146867185e-05,0.9999999999665145,8.183587573342248e-06
1769099704.3625166,6.420308038715999e-15,-6.790349275349037e-11,2.5136467310272348e-05,0.9999999999210197,1.2568233654805294e-05
1769099704.412553,5.441590571857544e-15,-3.4892843526517574e-11,1.8199059431012618e-05,0.9999999999585992,9.099529715380735e-06
1769099704.4625223,5.23632548250924e-15,-2.796956475356393e-11,1.6209635647283947e-05,0.9999999999671559,8.104817823553242e-06
1769099704.512556,5.384224041389839e-15,-3.295795784319937e-11,1.8171492286392883e-05,0.9999999999587246,9.085746143071437e-06
1769099704.562514,5.347444341467251e-15,-3.171743459320056e-11,1.7503415715134444e-05,0.9999999999617039,8.751707857455503e-06
1769099704.612527,5.621713967120119e-15,-4.0968131257582636e-11,2.4327270539811947e-05,0.999999999926023,1.216363526960603e-05
1769099704.6625197,5.802099925104915e-15,-4.7052274829293e-11,3.047553264104336e-05,0.9999999998839052,1.5237766319932005e-05
1769099704.7125392,5.891806897759575e-15,-5.0077954361734513e-11,3.4664503176509863e-05,0.9999999998497965,1.7332251587387146e-05
1769099704.7625144,5.7470787320926095e-15,-4.5196493805573473e-11,2.5405085589468653e-05,0.9999999999193228,1.2702542794392723e-05
1769099704.812544,5.642252810257588e-15,-4.1660875148743665e-11,1.6216293469522902e-05,0.999999999967129,8.108146734672611e-06
1769099704.8625197,2.5310686503501385e-05,2.385964582431592e-10,1.1014977822506193e-05,0.9999999999848338,5.5074889112252535e-06
1769099704.9125373,9.325626073230717e-15,-1.4051031125627993e-10,2.5258172311073566e-05,0.9999999999202531,1.2629086155201074e-05
1769099704.9625268,9.188992971386811e-15,-1.3833275103822205e-10,2.4834528115808033e-05,0.9999999999229058,1.2417264057584917e-05
1769099705.0125442,9.507037820854864e-15,-1.4340152136117821e-10,2.6185676047387055e-05,0.9999999999142888,1.3092838023319459e-05
1769099705.0625248,9.84279964415425e-15,-1.4875265208493652e-10,2.8140085085706437e-05,0.999999999901017,1.4070042542388987e-05
1769099705.1125548,1.0123340793227975e-14,-1.532237153741905e-10,3.037752073231145e-05,0.9999999998846508,1.5188760365571719e-05
1769099705.1625223,1.0507271280356669e-14,-1.593425236570189e-10,3.4572951240761846e-05,0.9999999998505888,1.7286475619519995e-05
1769099705.212556,2.5310686496255014e-05,6.713562958392284e-10,3.274312959800417e-05,0.999999999865986,1.6371564798270744e-05
1769099705.2625256,1.0613360098546062e-14,-1.6354086700249597e-10,3.355026131227309e-05,0.9999999998592976,1.6775130655349778e-05
1769099705.312552,1.0504821186109716e-14,-1.6072071782997393e-10,3.304281661216638e-05,0.9999999998635215,1.6521408305331585e-05
1769099705.362522,2.531068650170116e-05,4.6111709298537876e-10,2.2950924297033468e-05,0.9999999999341569,1.1475462148264874e-05
1769099705.412549,8.929387448636944e-15,-1.197865567181697e-10,2.2950924297033468e-05,0.9999999999341569,1.1475462148264874e-05
1769099705.4625185,9.374189518652449e-15,-1.363217807967385e-10,2.496165757852356e-05,0.9999999999221144,1.2480828788937757e-05
1769099705.5125294,8.63746316250856e-15,-1.08934463595175e-10,2.049125588470343e-05,0.9999999999475135,1.0245627942172463e-05
1769099705.5625207,8.094388997006204e-15,-8.874603907289214e-11,1.602602725534561e-05,0.9999999999678958,8.013013627587055e-06
1769099705.6125364,8.44181156598141e-15,-1.0166124431858001e-10,1.991665791161869e-05,0.9999999999504159,9.95832895564475e-06
1769099705.6625187,2.531068649815958e-05,5.989020854205546e-10,2.850309092058482e-05,0.9999999998984467,1.4251545459809981e-05
1769099705.7125309,9.313913301636084e-15,-1.3290376044838537e-10,2.971161630215131e-05,0.9999999998896525,1.4855808150529221e-05
1769099705.7625232,9.897001954730876e-15,-1.5127741678207378e-10,3.264196935805122e-05,0.9999999998668128,1.6320984678301028e-05
1769099705.812549,2.5310686495653523e-05,6.808839725028926e-10,3.29299618921191e-05,0.9999999998644522,1.646498094531562e-05
1769099705.8625376,8.378504324797059e-15,-8.985213351073622e-11,2.6763772674852846e-05,0.9999999999104625,1.3381886337027032e-05
1769099705.9125316,7.944016667345005e-15,-6.459053889801414e-11,2.3362692803521438e-05,0.999999999931773,1.1681346401495059e-05
1769099705.9625235,2.5310686501125308e-05,4.998194618841157e-10,2.2009416738139713e-05,0.9999999999394482,1.1004708368847737e-05
1769099706.0125482,8.406263288544477e-15,-8.281300733176082e-11,2.437730952192335e-05,0.9999999999257183,1.2188654760659878e-05
1769099706.0625348,5.9875632385683784e-15,1.0939991753163022e-11,1.2476842276172963e-05,0.999999999980541,6.238421138046017e-06
1769099706.1125522,5.688032992495666e-15,2.2550302376937767e-11,1.0457602224308887e-05,0.9999999999863298,5.228801112130617e-06
1769099706.1625328,6.2656509309745495e-15,1.608316121848304e-13,1.579286064528746e-05,0.9999999999688232,7.896430322561668e-06
1769099706.2125456,2.5310686502109804e-05,4.287491377594608e-10,1.7090070189384402e-05,0.9999999999634912,8.545035094588211e-06
1769099706.2625353,5.813566587766633e-15,4.1238971484293994e-11,1.2124751642779328e-05,0.9999999999816238,6.06237582135253e-06
1769099706.3125544,6.0626660505999905e-15,-5.025171153832845e-12,1.9111169493189805e-05,0.9999999999543454,9.555584746449484e-06
1769099706.362527,5.980060565682932e-15,1.0316780584742565e-11,1.593677769584489e-05,0.9999999999682524,7.96838884783812e-06
1769099706.412559,5.813920271695364e-15,4.117328333088923e-11,7.189023083698847e-06,0.9999999999935397,3.594511541841683e-06
1769099706.4625347,5.757889040896036e-15,5.157971626496613e-11,3.146785784676888e-06,0.9999999999987622,1.5733928923377947e-06
1769099706.5125504,5.822977849067105e-15,3.949105950464818e-11,9.58059257656563e-06,0.9999999999885265,4.790296288264494e-06
1769099706.5625348,2.5310686504416282e-05,2.4694360367483707e-10,8.116943304657276e-06,0.9999999999917644,4.058471652317496e-06
1769099706.6125555,5.942108919710157e-15,9.176535862090333e-11,1.704244669113201e-06,0.999999999999637,8.521223345564974e-07
1769099706.662521,5.059952769901582e-15,2.3583084581611944e-11,1.3622097639352611e-05,0.9999999999768048,6.811048819623644e-06
1769099706.7125623,4.978903806308418e-15,1.7318771117936852e-11,1.5122369986206327e-05,0.9999999999714142,7.5611849930311156e-06
1769099706.7625444,5.074240428377132e-15,2.4687384592183922e-11,1.270439122713148e-05,0.9999999999798248,6.352195613523022e-06
1769099706.8125727,5.201358116578839e-15,3.4512371987092103e-11,8.286970234594855e-06,0.9999999999914158,4.143485117285571e-06
1769099706.8625422,5.005839622020278e-15,1.9400653298020687e-11,1.759634969301393e-05,0.9999999999612961,8.798174846393458e-06
1769099706.9125526,5.007177121712923e-15,1.9504029293972458e-11,1.7509093419200064e-05,0.999999999961679,8.754546709488203e-06
1769099706.9625428,2.5310686503065396e-05,2.968184459448804e-10,1.0724642771954189e-05,0.9999999999856227,5.362321385951395e-06
1769099707.0125568,5.925175037028649e-15,-1.9287723996179922e-11,1.670383617796533e-05,0.9999999999651227,8.351918088885569e-06
1769099707.0625417,7.0489440125272956e-15,-5.805497559845059e-11,2.3815602317555733e-05,0.9999999999291022,1.1907801158496454e-05
1769099707.1125531,6.306285570275273e-15,-3.243509525555425e-11,1.7375991293098705e-05,0.9999999999622594,8.687995646440055e-06
1769099707.1625476,6.822035009927229e-15,-5.0227175947090984e-11,2.350343544642708e-05,0.9999999999309486,1.1751717722943049e-05
1769099707.212558,6.613402701825025e-15,-4.302987707436521e-11,2.0107243376284846e-05,0.9999999999494623,1.005362168797306e-05
1769099707.2625444,6.359245708783217e-15,-3.426208911211406e-11,1.4438551797939917e-05,0.9999999999739411,7.21927589890725e-06
1769099707.312563,2.5310686504390376e-05,2.2341582234121158e-10,9.981828384843839e-06,0.9999999999875454,4.9909141924011994e-06
1769099707.3625457,7.366225413928812e-15,-7.960463419594305e-11,1.655652630352157e-05,0.9999999999657352,8.278263151666234e-06
1769099707.4125705,7.13342290625377e-15,-7.270580821057869e-11,1.5322800315678407e-05,0.9999999999706515,7.661400157764253e-06
1769099707.4625437,6.875311299807263e-15,-6.505697712426215e-11,1.344863163209537e-05,0.9999999999773918,6.72431581599701e-06
1769099707.5125628,6.671859247237469e-15,-5.902791703783299e-11,1.1424525397175437e-05,0.999999999983685,5.7122626985566535e-06
1769099707.562541,7.073258023297264e-15,-7.092289331807194e-11,1.689616337017037e-05,0.999999999964315,8.448081684984695e-06
1769099707.6125698,6.595140597539401e-15,-5.675445091676406e-11,7.966276283368067e-06,0.9999999999920673,3.9831381416735015e-06
1769099707.6625504,6.5877123486606075e-15,-5.6534323578349374e-11,7.77618249532342e-06,0.9999999999924414,3.888091247651914e-06
1769099707.7125652,6.4859499044811784e-15,-5.351871433405727e-11,4.20806544693915e-06,0.9999999999977865,2.1040327234680224e-06
1769099707.7625515,6.424830229165106e-15,-5.170750530328461e-11,1.2717501643384861e-06,0.9999999999997978,6.358750821692002e-07
1769099707.8125768,6.388869848603788e-15,-5.0641862109241783e-11,-1.095346591101786e-06,0.99999999999985,-5.476732955508657e-07
1769099707.8625522,6.392655407541824e-15,-5.07540426550257e-11,-7.539243354832828e-07,0.999999999999929,-3.7696216774163244e-07
1769099707.9125628,6.38033582191649e-15,-5.03889663579971e-11,-2.276321615727126e-06,0.9999999999993523,-1.1381608078633171e-06
1769099707.962536,6.399557719616806e-15,-5.095858448053062e-11,9.782830644211685e-07,0.9999999999998803,4.891415322105648e-07
1769099708.0125682,6.4534346182155954e-15,-5.255516242024505e-11,1.347726541570383e-05,0.9999999999772954,6.738632707800916e-06
1769099708.062539,6.428865440211025e-15,-5.1827083992956066e-11,5.667593710281932e-06,0.9999999999959848,2.833796855137173e-06
1769099708.1125705,2.5310686504693235e-05,1.925860665628287e-10,9.66727218477957e-06,0.999999999988318,4.833636092370963e-06
1769099708.1625378,6.470305113090782e-15,-1.2182338563786772e-11,3.871715573471482e-06,0.9999999999981263,1.9358577867345317e-06
1769099708.2125785,6.599544269497354e-15,-9.020301995180337e-13,1.6276811938215654e-06,0.9999999999996688,8.138405969106929e-07
1769099708.2625382,6.875084819472972e-15,2.3147820147749593e-11,-4.92759503079874e-06,0.9999999999969649,-2.4637975153968773e-06
1769099708.312577,6.842123322977182e-15,2.027086044793089e-11,-3.8531542575863935e-06,0.9999999999981442,-1.926577128792005e-06
1769099708.3625505,6.787309568380945e-15,1.5486582434665696e-11,-1.4050202049843428e-06,0.9999999999997532,-7.025101024921137e-07
1769099708.4125779,6.788323296262169e-15,1.557506307331734e-11,-1.467055252477802e-06,0.999999999999731,-7.335276262388352e-07
1769099708.4625487,6.799333677139738e-15,1.653607593474693e-11,-2.390239008747002e-06,0.9999999999992858,-1.1951195043732165e-06
1769099708.5125675,6.797531644909711e-15,1.6378790172426553e-11,-2.183216079181936e-06,0.9999999999994041,-1.0916080395907514e-06
1769099708.5625477,6.722067652533487e-15,9.792109107094659e-12,9.69539757319224e-06,0.99999999998825,4.8476987865771325e-06
1769099708.6125686,6.7395949552632155e-15,1.1321934781314025e-11,5.9152291364875746e-06,0.9999999999956263,2.9576145682394755e-06
1769099708.6625597,6.7526651992658476e-15,1.2462737513592032e-11,2.052894995517987e-06,0.9999999999994732,1.0264474977588133e-06
1769099708.7125802,6.739785641305954e-15,1.1338578323586073e-11,7.2676893848286535e-06,0.9999999999933976,3.6338446924063295e-06
1769099708.7625444,6.7440115900182726e-15,1.1707429420513485e-11,4.923295727438524e-06,0.9999999999969701,2.461647863716776e-06
1769099708.812631,2.5310686503815387e-05,3.559838995097668e-10,1.3641573039889263e-05,0.9999999999767384,6.820786519891745e-06
1769099708.8625453,7.50278745381694e-15,-2.365681713126965e-11,1.860616341276109e-05,0.9999999999567263,9.303081706246353e-06
1769099708.9125793,7.668047371501568e-15,-2.89045106908049e-11,1.9644956746576668e-05,0.9999999999517595,9.822478373130386e-06
1769099708.9625673,7.851415385406941e-15,-3.472721203955116e-11,2.1224222751794798e-05,0.9999999999436916,1.0612111375698214e-05
1769099709.0125797,7.729773068564952e-15,-3.086455973037586e-11,1.9788778028419096e-05,0.9999999999510505,9.894389014048107e-06
1769099709.062566,7.600675052430976e-15,-2.676515778641586e-11,1.770144645506642e-05,0.9999999999608323,8.850723227417656e-06
1769099709.1125848,7.657167026777435e-15,-2.85590142405203e-11,1.8952940280224542e-05,0.9999999999550983,9.476470139970434e-06
1769099709.1625683,7.41035526583465e-15,-2.0721708580059653e-11,1.1461283155115099e-05,0.9999999999835799,5.730641577526184e-06
1769099709.21259,7.44968113085801e-15,-2.1970469268662135e-11,1.3096820293687075e-05,0.9999999999785592,6.548410146796736e-06
1769099709.2626166,7.392776675456465e-15,-2.0163514815922963e-11,9.854182193290293e-06,0.9999999999878619,4.927091096625211e-06
1769099709.3126063,7.454348649954518e-15,-2.2118682521124806e-11,1.4661528126579504e-05,0.9999999999731299,7.330764063224093e-06
1769099709.3625717,7.424312148140787e-15,-2.1164897965696947e-11,1.1448298745898856e-05,0.9999999999836171,5.724149372918168e-06
1769099709.4126153,7.384910841431895e-15,-1.9913741688056143e-11,5.673018183827431e-06,0.9999999999959771,2.8365090919099115e-06
1769099709.4625504,7.422487869889862e-15,-2.1106969501479484e-11,1.3219681581379308e-05,0.999999999978155,6.609840790641523e-06
1769099709.5125892,7.435104906810582e-15,-2.15076131924417e-11,1.6691523991115634e-05,0.9999999999651741,8.345761995460935e-06
1769099709.5625687,7.436080887123283e-15,-2.1538604649250747e-11,1.7059495142109595e-05,0.9999999999636217,8.529747570951366e-06
1769099709.612604,7.430218835686794e-15,-2.1352459999054152e-11,1.4031240282478496e-05,0.9999999999753906,7.015620141181698e-06
1769099709.6625683,7.437133705358826e-15,-2.1572036031472373e-11,1.8925611223802907e-05,0.9999999999552277,9.46280561176023e-06
1769099709.7126021,7.442627095096936e-15,-2.1746474130877152e-11,2.4253110236634308e-05,0.9999999999264734,1.2126555118019945e-05
1769099709.7625642,7.444456386376956e-15,-2.1804561779734632e-11,2.668383572053984e-05,0.9999999999109966,1.3341917859874095e-05
1769099709.8126051,7.446655651495999e-15,-2.1874397645337188e-11,3.068789704463655e-05,0.9999999998822816,1.5343948521716183e-05
1769099709.8649945,7.447916373861097e-15,-2.1914430853197747e-11,3.3832839296842174e-05,0.9999999998569173,1.6916419647614274e-05
1769099709.9125874,7.447916373861097e-15,-2.1914430853197747e-11,3.3832839296842174e-05,0.9999999998569173,1.6916419647614274e-05
1769099709.962566,7.448341215972068e-15,-2.1927921367054903e-11,3.588916754059078e-05,0.999999999838996,1.7944583769332336e-05
1769099710.0125954,7.44946734586063e-15,-2.1963680700874042e-11,4.3205712483934675e-05,0.9999999997666583,2.160285624028705e-05
1769099710.0625646,7.449777955243569e-15,-2.1973543847856195e-11,4.594020252559371e-05,0.9999999997361873,2.297010126077692e-05
1769099710.1126008,7.449507241655486e-15,-2.196494755921848e-11,4.269419702843567e-05,0.9999999997721507,2.134709851259653e-05
1769099710.162573,7.449146995057494e-15,-2.1953508223058763e-11,3.679460765331527e-05,0.9999999998307696,1.839730382561984e-05
1769099710.2125962,7.449463410069176e-15,-2.196355572303461e-11,4.388235497890614e-05,0.9999999997592923,2.19411774876926e-05
1769099710.2625663,7.449224753078973e-15,-2.1955977365451156e-11,3.65642227409577e-05,0.9999999998328822,1.828211136946043e-05
1769099710.3126237,7.449214431197594e-15,-2.1955649602547752e-11,3.613076734289969e-05,0.999999999836821,1.8065383670467213e-05
1769099710.3650334,7.449343273027385e-15,-2.1959740869503896e-11,4.3542167868715975e-05,0.9999999997630099,2.1771083932638148e-05
1769099710.412621,7.44940234484597e-15,-2.1961616646802367e-11,4.819732160837425e-05,0.9999999997096273,2.4098660801854592e-05
1769099710.4680064,7.449371870011871e-15,-2.1960648943363603e-11,4.490703851596374e-05,0.9999999997479198,2.2453519256095173e-05
1769099710.512627,7.449374480950334e-15,-2.1960731851579645e-11,4.529326465835254e-05,0.999999999743565,2.2646632327240475e-05
1769099710.5625644,7.449366152555314e-15,-2.1960467390205583e-11,4.360528429278306e-05,0.9999999997623223,2.18026421446642e-05
1769099710.6125977,7.449395658728663e-15,-2.196140433461426e-11,5.179906305087528e-05,0.9999999996646072,2.589953152254213e-05
1769099710.6625655,7.449384550760105e-15,-2.1961051610155223e-11,4.75726347613074e-05,0.9999999997171055,2.3786317378410695e-05
1769099710.7125955,7.449373104835025e-15,-2.1960688154163212e-11,4.160560121494944e-05,0.9999999997836218,2.0802800605974296e-05
1769099710.769024,7.449365328140402e-15,-2.1960441211584158e-11,3.605075574107554e-05,0.9999999998375428,1.802537786956165e-05
1769099710.812617,7.449355291844777e-15,-2.1960122517222835e-11,2.6228300048958e-05,0.9999999999140096,1.3114150024103104e-05
1769099710.8625867,7.449358397110061e-15,-2.1960221122382883e-11,3.0392343174932498e-05,0.9999999998845381,1.5196171586881391e-05
1769099710.9127164,2.5310686499931954e-05,5.714090372128862e-10,2.3443423326582277e-05,0.9999999999313007,1.1721711663022714e-05
1769099710.9626627,8.296392950890227e-15,-4.939894128772685e-11,2.7456211419222365e-05,0.9999999999057696,1.372810570917998e-05
1769099711.0131218,7.63351411377167e-15,-3.20900443311029e-11,2.398788535129548e-05,0.9999999999280726,1.1993942675360177e-05
1769099711.062828,8.473875975878974e-15,-5.403332576202058e-11,3.001240143427162e-05,0.999999999887407,1.5006200716572613e-05
1769099711.1126711,8.404050911255627e-15,-5.221007424020595e-11,2.9326538623652736e-05,0.9999999998924942,1.4663269311300908e-05
1769099711.1632288,2.5310686500547117e-05,5.481589746355638e-10,2.3254539239505765e-05,0.9999999999324033,1.1627269619490893e-05
1769099711.2128673,2.5310686496949778e-05,7.116317194795882e-10,3.2838545340266475e-05,0.9999999998652037,1.6419272669395485e-05
1769099711.2626507,0.00012655343115180437,1.8602938545245284e-08,0.0008496971445654941,0.9999999097518467,0.00042484855950214727
1769099711.3126297,0.00032903885571230736,1.8370616337226786e-07,0.0008253573473000575,0.9999999148481573,0.0004126786619365789
1769099711.362801,0.0006327670052048797,4.15867828084817e-07,0.0005222234675009048,0.9999999659103315,0.0002611117307833815
1769099711.4126363,0.0012655342300439785,4.2696078496638523e-07,-0.0014391406255757544,0.9999997411092937,-0.0007195702506911872
1769099711.4626184,0.0016705046637194812,-2.917996224674806e-07,-0.002728641992366378,0.9999990693142541,-0.0013643205729317947
1769099711.5126276,0.0021514062017719882,-1.4513399700934944e-06,-0.002612330592861287,0.9999991469662305,-0.0013061649250295866
1769099711.5627897,0.002784171821040045,-2.8129292753805687e-06,-0.0018419364496190798,0.9999995759087944,-0.000920968094618028
1769099711.6129842,0.003163831815961209,-3.325451786179929e-06,-0.0012933624957997692,0.9999997909016891,-0.0006466812028265651
1769099711.6628072,0.003695355689292009,-4.0752824073909015e-06,-0.0016491606346644761,0.9999996600336694,-0.0008245802238890544
1769099711.7126122,0.00475840262353731,-6.095316032672788e-06,-0.001978660443619734,0.999999510612896,-0.0009893300604213778
1769099711.7629204,0.00556834297730719,-7.713228732791028e-06,-0.0017707135423230592,0.9999996080717195,-0.0008853566554960742
1769099711.8130014,0.006428904871910837,-9.291129197771732e-06,-0.001791034920185033,0.9999995990242662,-0.000895517340398923
1769099711.8630116,0.007795678921745811,-1.2193147381347786e-05,-0.002247566423802214,0.9999993685557128,-0.0011237829753656006
1769099711.9128687,0.008554997656769951,-1.3871489713781057e-05,-0.001920310717573588,0.9999995390508789,-0.0009601552112591999
1769099711.9626908,0.009440869786157066,-1.5707562701867622e-05,-0.0019624353243559074,0.9999995186059883,-0.0009812175047271797
1769099712.0129497,0.010706402078567849,-1.7984396320112896e-05,-0.0006749039926930841,0.9999999430630756,-0.00033745198994204913
1769099712.0626569,0.011516343862106208,-1.853102934666817e-05,0.000541758670113205,0.9999999633121931,0.0002708793317439463
1769099712.1128078,0.012300974122499328,-1.9437889859856012e-05,0.00045282234140199193,0.999999974368991,0.0002264111687666137
1769099712.1627421,0.013591818666149664,-1.9909212288749746e-05,0.00043438817311310855,0.9999999764133645,0.00021719408484892835
1769099712.2128057,0.01437644981780322,-1.9996019380705617e-05,0.0006328075944394135,0.999999949944319,0.0003164037919404376
1769099712.2629144,0.015641984019518346,-2.0411300390035578e-05,-0.0004825320410719854,0.9999999708953539,-0.00024126601819533862
1769099712.3129122,0.0164772364616502,-2.1221289793150525e-05,-0.0005937852903276677,0.999999955927379,-0.00029689264080222144
1769099712.3626149,0.017312488838895586,-2.206097889113443e-05,-0.0009561951514126986,0.9999998857113562,-0.0004780975574926413
1769099712.4130077,0.018603332878678738,-2.388506485167342e-05,-0.0015918577018832203,0.9999996832486489,-0.0007959287669044287
1769099712.4627197,0.019438584782649124,-2.4906300095376753e-05,-0.00097833543110619,0.9999998803574754,-0.0004891676960446747
1769099712.512642,0.02027383686891641,-2.591066158550423e-05,-0.0010318260644103247,0.9999998669168746,-0.0005159130093187226
1769099712.5626788,0.021665923570992174,-2.7672733836280678e-05,-0.0011143453130108823,0.9999998447793195,-0.0005571726276772012
1769099712.6129074,0.022703660810246645,-2.908586934339267e-05,-0.001179865627993837,0.9999998259896425,-0.0005899327797787782
1769099712.662688,0.023867951303585894,-3.0713400826900346e-05,-0.0016667514813114783,0.9999996527424575,-0.0008333756441903997
1769099712.712658,0.025589076362335286,-3.3017920607575536e-05,-0.0010138600354629894,0.9999998715109814,-0.0005069299960198477
1769099712.762662,0.026829299036891976,-3.4567971062508e-05,-0.0013429989198411236,0.9999997745442462,-0.0006714994094560887
1769099712.8126512,0.02801890077960084,-3.5715110691388346e-05,-0.0009253635469071306,0.9999998929627901,-0.00046268175694550985
1769099712.862683,0.02981595753981825,-3.8486791870848845e-05,-0.001833373393447175,0.9999995798427794,-0.0009166865683394057
1769099712.912587,0.031056178103718586,-4.141909382033375e-05,-0.0028681863890768406,0.9999989716885309,-0.0014340927029735599
1769099712.9628446,0.032347017108491034,-4.546193814261533e-05,-0.0035790246161209803,0.9999983988232769,-0.0017895113529519037
1769099713.0129519,0.03416937619391038,-5.1485376156306596e-05,-0.0038069670092199396,0.9999981883758209,-0.0019034823551442501
1769099713.0732183,0.03556145611199997,-5.603845973662222e-05,-0.0030260564628396486,0.9999988553730038,-0.0015130276541354603
1769099713.1128473,0.03804188995248523,-6.42552753428369e-05,-0.003474779149038851,0.9999984907391128,-0.001737388700461294
1769099713.162596,0.04014266328483114,-7.185567506364779e-05,-0.00394278933807065,0.9999980568021588,-0.0019713933920985378
1769099713.212671,0.04242060881656062,-8.042516325734287e-05,-0.004418560297726501,0.9999975595416045,-0.002209278351644196
1769099713.262638,0.046546207952419566,-9.927354734809199e-05,-0.005547989837336375,0.9999961524785629,-0.0027739913609989694
1769099713.3125947,0.049811250438387925,-0.0001144305918967652,-0.004830373041345971,0.999997083438453,-0.0024151841726591503
1769099713.362644,0.05332939617071821,-0.00013113538953620537,-0.004537527010313053,0.9999974263571828,-0.0022687615588272265
1769099713.4129546,0.05932794526868584,-0.00016306538356736705,-0.0074450507908090414,0.9999930714103412,-0.0037225167981168967
1769099713.462704,0.06365597494590003,-0.00019173869853357254,-0.007200483098057563,0.9999935191373946,-0.0036002337714684785
1769099713.5127332,0.0681864832787025,-0.000222376662137793,-0.007548439363085214,0.9999928776413524,-0.0037742107210896234
1769099713.562606,0.07519728255926772,-0.00028393913190214815,-0.009354045635212058,0.9999890627487191,-0.004677005766335662
1769099713.6127877,0.0799808127234225,-0.0003262572061819055,-0.007563300830784298,0.9999928495685894,-0.0037816414019105475
1769099713.6627467,0.08516929059498156,-0.00037388007945688865,-0.009935351457575998,0.9999876611243015,-0.00496765529692675
1769099713.7128837,0.09296460362714311,-0.00045061820545516727,-0.00947476262046705,0.9999887786301473,-0.004737363590250997
1769099713.7628195,0.09820366649965077,-0.0005018336268466772,-0.01204860565810309,0.9999818539425921,-0.00602426638989247
1769099713.8126676,0.10326555493187206,-0.0005511111316223328,-0.013695349227643929,0.9999765547678053,-0.006847621098631214
1769099713.8627162,0.11123767348533464,-0.0006602989058954739,-0.015932341102919963,0.9999682702311703,-0.00796608629636507
1769099713.9126554,0.116679119293034,-0.0007214391889200525,-0.014763559352612554,0.9999727547881231,-0.007381712636800739
1769099713.9626453,0.12212060557815263,-0.0007807616030317842,-0.012040938737016414,0.9999818770290321,-0.0060204329988670716
1769099714.0126526,0.13054845997168713,-0.0008817062307188545,-0.012231759625688676,0.9999812980653514,-0.006115841686535277
1769099714.0627282,0.13642021781429664,-0.0009440922952523904,-0.010929843444322799,0.9999850673524495,-0.005464894520217663
1769099714.1126614,0.14234233695072535,-0.0010278161873643994,-0.015515205131762976,0.999969909952118,-0.007757524756847849
1769099714.1628432,0.15150385383724807,-0.001159045713441015,-0.015900157859961843,0.9999683982889497,-0.007949995184438763
1769099714.212848,0.15785601672856817,-0.0012611829877674232,-0.01759401551525527,0.9999613065767888,-0.008796894295220231
1769099714.262786,0.16420819682653873,-0.00136130744829427,-0.020210447396522214,0.9999489426614853,-0.010105051715733327
1769099714.312856,0.1739256880081316,-0.0015479147155841636,-0.017195357780048215,0.9999630401865256,-0.008597572966893749
1769099714.3628287,0.18042929060465915,-0.001676544037924923,-0.020531097034628437,0.9999473097195368,-0.010265368218470716
1769099714.4126654,0.18713499430894917,-0.001825930588332754,-0.02283089136100233,0.9999348445075098,-0.011415197753095794
1769099714.4627907,0.19677585267283357,-0.0020460782302181325,-0.024697910582906244,0.9999237526205683,-0.012348641431364469
1769099714.5128453,0.20376034014610742,-0.002178554375480476,-0.021822993117107056,0.9999404702120683,-0.010911280038002175
1769099714.5626392,0.21071942251775094,-0.0023162815364453394,-0.020252446136176657,0.9999487302412917,-0.010126050011159042
1769099714.612787,0.22134806817957087,-0.0025151882262968574,-0.02271436623003772,0.9999355078890633,-0.011356938964398003
1769099714.6626537,0.22845969638925534,-0.002623036227275608,-0.01794900824068075,0.9999597294081867,-0.008974383650486226
1769099714.7128165,0.23524201003528178,-0.002737670995852137,-0.020957599687463486,0.9999450978792986,-0.010478608073585222
1769099714.7626565,0.24597197946935673,-0.0029337743447491365,-0.024345901456323808,0.9999259105501773,-0.012172650097602926
1769099714.8129318,0.2533362850836691,-0.0030648223115152078,-0.01971567230967771,0.999951411926644,-0.009857676496566277
1769099714.862721,0.2608266278972606,-0.003220336827242137,-0.025435595372617973,0.999919129901024,-0.01271745485460809
1769099714.912686,0.27244140427579533,-0.0034758810935282586,-0.027482207220143728,0.9999055925212881,-0.013740671186368035
1769099714.962758,0.28033647013354396,-0.0036480303636322957,-0.024226147499675523,0.9999266376191895,-0.01211277753374593
1769099715.012676,0.2884588479613173,-0.003843537695324074,-0.02923159704375822,0.9998931911181943,-0.014615278152474764
1769099715.062836,0.30070495851535767,-0.00416506971214602,-0.032469030533012075,0.9998682231513222,-0.01623380214915386
1769099715.1128488,0.3088524661054771,-0.0043684474399556,-0.031145123183343604,0.9998787501130719,-0.01557193219614003
1769099715.1627185,0.3169740999325442,-0.004592550222089384,-0.02777216858403155,0.9999035898807092,-0.01388563803613313
1769099715.2129097,0.3292447927185384,-0.004942496016449657,-0.026846996406895633,0.999909906200839,-0.013423095076376101
1769099715.262678,0.3375182895412781,-0.005168829691416491,-0.02754925704293204,0.9999051313045973,-0.013774192925031849
1769099715.3126736,0.34594377122658393,-0.005393018591524312,-0.024227190606540723,0.9999266313015929,-0.012113299048914481
1769099715.3627815,0.35856953386866947,-0.0057205521528506335,-0.02261943282085122,0.9999360458390586,-0.01130947530825646
1769099715.41268,0.3667161650022146,-0.005957906983865523,-0.02815453955560801,0.999900916874089,-0.014076804834768126
1769099715.462673,0.3752174189644064,-0.006188518682793812,-0.028377051926543592,0.9998993445541265,-0.014188049909274874
1769099715.512834,0.38812081575415813,-0.006549497219139864,-0.029198868582538794,0.9998934301520966,-0.014598915667754057
1769099715.5627234,0.3963939145823732,-0.006789972921072183,-0.024972409406238894,0.99992204835882,-0.012485880261383801
1769099715.6126773,0.40917115456997916,-0.007134560561158197,-0.02142417567748669,0.9999426261357026,-0.010711882973335075
1769099715.6628811,0.41729305549709955,-0.007348105344015708,-0.023624935934461314,0.9999302336115015,-0.011812193261543185
1769099715.712817,0.4253903472292932,-0.007534040549511408,-0.020440889555898022,0.9999477717089091,-0.010220266845207819
1769099715.7628171,0.4380426946646067,-0.007808186416115645,-0.018027379439643557,0.9999593769738587,-0.00901356766504019
1769099715.8126915,0.44621587382825206,-0.007995517553970894,-0.016803411878980736,0.9999647058762676,-0.008401607095641464
1769099715.862654,0.4544905574257166,-0.008171872766694918,-0.020542177788879897,0.9999472528301784,-0.010270908303514844
1769099715.9126832,0.4673707980664927,-0.008445241160968005,-0.022209237039037665,0.9999383443573481,-0.01110439029778367
1769099715.9626648,0.47599957170034374,-0.008638867928024293,-0.024284182635848833,0.9999262857148641,-0.012141792967931034
1769099716.0128305,0.48472918389009967,-0.00885090110659576,-0.026312861498986227,0.9999134554133233,-0.013156051208016146
1769099716.0626655,0.49776010217256933,-0.009176130338073485,-0.02738955739119934,0.9999062279838078,-0.013694350630587061
1769099716.1128824,0.506337842929313,-0.009385783745018764,-0.029006514941027926,0.9998948296048924,-0.014502749029176193
1769099716.162654,0.5148144721261331,-0.009589173725201794,-0.026233777700073256,0.9999139748468641,-0.01311651272042216
1769099716.2128181,0.5275921781485013,-0.009916433062489195,-0.025068027121246964,0.9999214502803957,-0.012533685377821313
1769099716.262733,0.536220238635843,-0.010139529106612786,-0.02477115115006708,0.9999232997393459,-0.012385258914456004
1769099716.3129363,0.5445955549973671,-0.010345078144247734,-0.02562445280489009,0.9999179245500607,-0.012811875877444819
1769099716.3627112,0.5571959719102803,-0.010674577495768563,-0.028283474954346036,0.9999000072970312,-0.014141266117179122
1769099716.412924,0.5656464527203109,-0.010910190273465193,-0.025036418867671204,0.999921648239473,-0.012517882490878549
1769099716.4627419,0.5741220490021074,-0.011154342032062628,-0.029440322288034157,0.999891660384249,-0.014719629547976768
1769099716.5129309,0.5869997340348756,-0.011528939887844102,-0.03183067334227601,0.9998733537026265,-0.015914664792644872
1769099716.562682,0.5955767591944439,-0.011766074773274127,-0.031858779138715716,0.9998731299567326,-0.01592871590954529
1769099716.6128442,0.6042546325072975,-0.012018716782759264,-0.02659476267105863,0.9999115911275276,-0.013296989464389385
1769099716.6627965,0.617057451574692,-0.01235425109485431,-0.02242473091241698,0.9999371420889688,-0.011212130526600568
1769099716.712684,0.6254830448225089,-0.012572250489767707,-0.025870061141895963,0.9999163436584876,-0.012934669869824651
1769099716.7627323,0.6339854564426373,-0.012759132174924049,-0.022162012366415875,0.9999386062791923,-0.011080779414213156
1769099716.812697,0.64658785845982,-0.013006410331208532,-0.01797648720640941,0.9999596060104133,-0.008988122579205959
1769099716.86268,0.6550906771986374,-0.013168345061093016,-0.013331217153054499,0.9999777849134044,-0.006665559217430236
1769099716.9128275,0.6635934452945891,-0.013327135638804078,-0.018199474758724566,0.9999585976755085,-0.009099611795589062
1769099716.9626796,0.6764491094968764,-0.01356293592008519,-0.023339476110775026,0.9999319093795954,-0.011669473187617116
1769099717.0129035,0.685053569904682,-0.01370936403707033,-0.02020021221962351,0.999948994361887,-0.01009993438844212
1769099717.062756,0.6937079418875592,-0.013889826510918793,-0.019775093779705502,0.9999511186064874,-0.009887385783637608
1769099717.1128147,0.706208495914204,-0.014160527456476701,-0.019534182937539127,0.999952302341303,-0.009766936179143983
1769099717.1627302,0.714761498159262,-0.014346342980541063,-0.022861399942660864,0.9999346702604243,-0.011430451048695518
1769099717.2127023,0.7233147137249848,-0.014521299325519894,-0.020787486616065706,0.9999459855362908,-0.01039355616986873
1769099717.262798,0.7361192274483858,-0.014783987263538618,-0.018776806643073976,0.9999559292652448,-0.009388265403187589
1769099717.3128996,0.7445963594933542,-0.014965935189892591,-0.019398475801783534,0.9999529627608259,-0.009699085825290566
1769099717.362672,0.7530228756631699,-0.015147333134005092,-0.023827858652052503,0.9999290299834803,-0.011913647480772371
1769099717.4128745,0.765649773596112,-0.01542756938121196,-0.025531260568532117,0.9999185204482329,-0.012765283569771494
1769099717.462643,0.7740762261091658,-0.015610605910291878,-0.02189337211251496,0.9999400856304911,-0.010946467434119804
1769099717.5127742,0.782704841377721,-0.01581125373743371,-0.02222618499743559,0.9999382502230738,-0.011112863754115203
1769099717.562679,0.7956604309283727,-0.01611185321966848,-0.022870908815185574,0.9999346159037718,-0.011435205174222581
1769099717.6126907,0.8037575832448958,-0.016303678585240556,-0.024968830381979962,0.9999220707008531,-0.012484090888729751
1769099717.6628027,0.8119052862931585,-0.01649852992581199,-0.02242661334136529,0.9999371315355063,-0.011213071681906982
1769099717.7128682,0.824708949638855,-0.016799911726455816,-0.01864328931911232,0.9999565537850197,-0.009321509662439201
1769099717.7627437,0.8331603523581662,-0.017000350672165286,-0.022266915791825916,0.9999380236978276,-0.0111332278914457
1769099717.8129237,0.8416379082148947,-0.017162525618071342,-0.017766904231403077,0.9999605423987404,-0.008883335275490392
1769099717.8628705,0.8543422528477802,-0.017368646259066742,-0.012575934946143771,0.9999802307976661,-0.006287926036983527
1769099717.9127245,0.8628456012538294,-0.01749759352193672,-0.010050383876825629,0.9999873737495615,-0.0050251707886177065
1769099717.9628322,0.8714247250597611,-0.017635424811675144,-0.017011430060064003,0.9999638266240015,-0.008505612469642031
1769099718.0130067,0.8842046663827989,-0.017859232878507856,-0.022784034944011513,0.9999351116707201,-0.0113917710679462
1769099718.0632544,0.892657049180264,-0.01801010649287457,-0.020678234354448512,0.9999465518041228,-0.0103389329741812
1769099718.1126993,0.9011847575189854,-0.018195190814425527,-0.020084258562526765,0.9999495782434805,-0.010041960500096841
1769099718.1626635,0.913685323242828,-0.01846625995994183,-0.020288316319132377,0.999948548468833,-0.010143984181479517
1769099718.212738,0.9223142907230751,-0.018651475778369786,-0.023443348813393307,0.9999313019611362,-0.011721405986785997
1769099718.2627478,0.9347134770310286,-0.018925458689607894,-0.026154383785418435,0.9999144947446532,-0.013076819167707187
1769099718.312991,0.942735014195893,-0.01910085221987561,-0.02424866739633859,0.9999265011665518,-0.012124036655252737
1769099718.3627574,0.9508068218867367,-0.01929348376971744,-0.024158336723726432,0.9999270477328657,-0.012078874626195588
1769099718.4128823,0.9634586598820493,-0.01959116967652759,-0.02480079163159063,0.9999231160770156,-0.012400078017140761
1769099718.4628005,0.9718097274804687,-0.019751603492851544,-0.02074400986557795,0.9999462112390491,-0.010371818966357471
1769099718.5128925,0.9803628989129837,-0.019929056019592137,-0.017971999667583276,0.9999596261751708,-0.008985878900405066
1769099718.5628543,0.9932431026915063,-0.020202071840305348,-0.018001836186078635,0.999959492010227,-0.009000796556345081
1769099718.612832,1.001846376319092,-0.020405205090287634,-0.022021958607389588,0.9999393797798652,-0.011010756806799167
1769099718.6629033,1.0095895687100789,-0.02057573884949828,-0.021808412974819457,0.9999405497295051,-0.010903990400544888
1769099718.7127614,1.0221404463191415,-0.020860639889561442,-0.023054892555720054,0.9999335597268869,-0.011527190981169548
1769099718.7627063,1.0304144564339368,-0.02106888349725723,-0.02013433743350887,0.9999493264849875,-0.010066998669904938
1769099718.8128235,1.038663339768836,-0.02126939318632691,-0.02480377654743967,0.9999230975693073,-0.01240157036030545
1769099718.8627076,1.0510120515137824,-0.02153652815050975,-0.023021811793088313,0.9999337502542381,-0.011510651697225056
1769099718.912996,1.0591356470120843,-0.02167817244511731,-0.018699306628518722,0.999956292309849,-0.009349517096612416
1769099718.9627166,1.067309639996557,-0.021827661401665335,-0.018071542095184325,0.9999591776985342,-0.009035648093600983
1769099719.0129077,1.0794568412180192,-0.02204440976115707,-0.020666980146713025,0.9999466099665413,-0.01033330617090835
1769099719.0628705,1.0874284717448128,-0.022186550320552802,-0.021936030074976035,0.9999398519260435,-0.010967795134946352
1769099719.1129405,1.0955262039184388,-0.022351879484543494,-0.019492115662290477,0.9999525075543028,-0.009745903542615963
1769099719.1629124,1.1075203713523103,-0.022625773721135722,-0.02303324622641172,0.9999336844290063,-0.011516368534934457
1769099719.2128735,1.115820074415002,-0.02281697663956974,-0.025479001542727687,0.9999188536575268,-0.012739156181535493
1769099719.262796,1.1242213608608622,-0.022993509176906745,-0.022553324391368926,0.9999364191186284,-0.011276423201297642
1769099719.3129983,1.1366457130421135,-0.023275295236405855,-0.022113317023501902,0.9999388757739825,-0.011056433234268326
1769099719.362909,1.144438902622237,-0.023474291975667038,-0.025149171861332812,0.9999209409360807,-0.012574254550588857
1769099719.412724,1.1564829720663021,-0.023777571451245955,-0.027543094062421104,0.9999051737448913,-0.013771111727047947
1769099719.4629092,1.1639729704408261,-0.023948794862123316,-0.02868611326544128,0.9998971401266226,-0.014342564854351933
1769099719.5127094,1.172069263338775,-0.02417323196735282,-0.02739418219732031,0.9999061963142761,-0.013696662816772233
1769099719.5629191,1.1842392167037683,-0.02450362343688354,-0.027310962718222254,0.9999067653632444,-0.013655056968525144
1769099719.612725,1.1920322455551968,-0.02470727816796113,-0.029059804446800588,0.9998944428277943,-0.01452939097467212
1769099719.6628513,1.2002045207201646,-0.024931129377016227,-0.027585029349627605,0.9999048847773284,-0.013792077379339362
1769099719.7127163,1.212019196079844,-0.02529065679438831,-0.028030250027302358,0.9999017897430104,-0.014014666200970678
1769099719.7629554,1.2200631217277227,-0.025577878449773193,-0.03639044753615286,0.9998344714828314,-0.018194219814193953
1769099719.812945,1.2274747037105853,-0.02583283743621349,-0.036945960173613804,0.9998293793554777,-0.018471929450932987
1769099719.8628714,1.2393630187318594,-0.02625982899179659,-0.03234757354335141,0.9998692071619594,-0.016173081627035797
1769099719.91293,1.2468249432414047,-0.026527129302204223,-0.034449485152739726,0.9998516577893025,-0.017223890849149017
1769099719.9630427,1.2584611655628248,-0.026921623853098868,-0.03618879732252214,0.9998363008349748,-0.01809341130450131
1769099720.012757,1.266000129770642,-0.02715572989476554,-0.03239870825678766,0.9998687933322101,-0.016198645634437903
1769099720.0627263,1.2736398907782691,-0.027404996785089567,-0.03303494010016409,0.9998635896929805,-0.016516718992198177
1769099720.1128626,1.2845427657081399,-0.02776768820472225,-0.03667871359755216,0.9998318387093516,-0.018338328797281433
1769099720.1627374,1.2917527240649207,-0.027995790128042645,-0.03534255720835452,0.9998438670193339,-0.017670358904803757
1769099720.212977,1.299543492912125,-0.02827281544019457,-0.038653625838267404,0.9998132429645157,-0.019325609764724673
1769099720.2626996,1.3112795040645915,-0.028709549094239895,-0.043028553063489634,0.9997685768793189,-0.02151261687246684
1769099720.3128457,1.3191459668043362,-0.028993771275798316,-0.04138952928651752,0.9997858710004879,-0.020693287505755387
1769099720.3627255,1.327062103363887,-0.029304424374809547,-0.041758111863885575,0.9997820404298847,-0.020877538979881233
1769099720.4130106,1.3387450227516835,-0.029803084367198692,-0.044732700813675565,0.9997498836118027,-0.02236448564548232
1769099720.4630864,1.3463311111099463,-0.030131267294569254,-0.04668204502342749,0.9997276107009405,-0.023338903191639507
1769099720.5128615,1.3539675943331082,-0.030465346036893506,-0.04258245928891808,0.9997733503323096,-0.021289621070111363
1769099720.5628853,1.36549775847435,-0.030981179662261653,-0.04073139377640735,0.9997926263628295,-0.020364289099194688
1769099720.6127167,1.3726284548340135,-0.031295693533564914,-0.04210145303840518,0.9997784416383415,-0.02104917184141182
1769099720.662916,1.3803662347392054,-0.031631825234234204,-0.04023353286460452,0.9997976646777861,-0.020115409636527116
1769099720.7128837,1.3919222941187441,-0.032134928429128164,-0.04085089299078594,0.9997914078199183,-0.02042402627950466
1769099720.7627463,1.3995073715267252,-0.032488374313215315,-0.04636469997930644,0.9997313013585009,-0.02318027359714026
1769099720.8127337,1.4071679851205092,-0.03285032834186608,-0.04614500394589096,0.9997338416339049,-0.02307045495681284
1769099720.8629992,1.4186961067648958,-0.03341118980160414,-0.04541657275947742,0.9997421779443117,-0.02270633478050101
1769099720.912731,1.426557074551744,-0.033825480673280964,-0.05295730930643667,0.9996494609054019,-0.02647556064636653
1769099720.9630015,1.4344185477557871,-0.034223631002739355,-0.049757709357124535,0.9996905372574569,-0.0248762882660788
1769099721.012924,1.4462745678256088,-0.034814046740209985,-0.04715446234096709,0.9997220699603055,-0.023575046856410816
1769099721.062947,1.4540590658802077,-0.03523492880015429,-0.05041004647318956,0.9996823702180254,-0.025202354558069816
1769099721.1128857,1.4617434805412324,-0.03562799285763019,-0.0505748220821568,0.9996802904585708,-0.02528471610810624
1769099721.1629012,1.4730428308569734,-0.03620117041590434,-0.049065968442057406,0.9996990814358137,-0.024530523361529267
1769099721.212872,1.4807014617099397,-0.03660343589018013,-0.04835552845263026,0.9997077320963726,-0.02417540871892861
1769099721.262968,1.4882849771403865,-0.03698721491750402,-0.04983608869105253,0.9996895615963274,-0.024915465786188078
1769099721.3129475,1.4999132980379184,-0.0375700439979083,-0.05060813770194532,0.9996798691318797,-0.025301368588830933
1769099721.362917,1.5077233848210476,-0.037983780250080035,-0.05136150454450077,0.9996702676035347,-0.02567792961820226
1769099721.4129417,1.515508324738956,-0.03839336474002206,-0.05521882453853702,0.9996188843877184,-0.027605904720790008
1769099721.4627502,1.5272319836547763,-0.03909075577083689,-0.05555495082622487,0.9996142307353764,-0.027773903422487676
1769099721.5133631,1.5345860302236392,-0.03949973029946875,-0.054477705345246666,0.9996290453893624,-0.02723548446332539
1769099721.5627618,1.5419114810492323,-0.03996937431444843,-0.0623544319395267,0.9995140299684343,-0.03117216540857864
1769099721.6128597,1.5535308447929157,-0.040710903843205526,-0.06484092000929145,0.9994745029175248,-0.03241478085328765
1769099721.662747,1.5612590658483971,-0.04122229620042776,-0.06305635329793978,0.9995030282075456,-0.031522953604420735
1769099721.713,1.568986624837245,-0.04174532136413619,-0.06697540645659857,0.9994393392641577,-0.03348144458090038
1769099721.7629669,1.5803514198947195,-0.042499324790431364,-0.06785578217948404,0.9994245043107888,-0.03392138238831335
1769099721.8128793,1.5879530949622567,-0.043005174908100643,-0.06652354835134652,0.9994468781874889,-0.033255641345231866
1769099721.862953,1.59557849354144,-0.043536740844574894,-0.0726949590177884,0.9993395030888461,-0.03633947669048388
1769099721.9129238,1.6069401089149606,-0.044336348115072206,-0.07508714749286662,0.9992953228123851,-0.03753475463208779
1769099721.9630246,1.6145654077968794,-0.04486704930192471,-0.07378865849728333,0.9993194814329096,-0.03688595977686728
1769099722.0128813,1.6224161120032135,-0.04544032606674876,-0.07765335174821994,0.9992463393067207,-0.038816921337453576
1769099722.0628,1.6337736956028484,-0.046295496809925785,-0.08203894294445523,0.9991588194373202,-0.04100796923307263
1769099722.1127405,1.641599073222429,-0.04686746148157673,-0.07893536304648878,0.9992212521532864,-0.0394574358672542
1769099722.162949,1.6494733838732367,-0.04746460091929444,-0.0781369845672802,0.9992369235227128,-0.03905855436219277
1769099722.2127402,1.660955191169191,-0.048355993738298075,-0.08226544754702722,0.9991541687827961,-0.04112112600549639
1769099722.2629116,1.668502381289248,-0.048916233215792734,-0.07916823053505845,0.9992166512031692,-0.03957377867128989
1769099722.312863,1.6761245097169675,-0.049492299256123834,-0.07502771392542316,0.9992964377833379,-0.03750505877253678
1769099722.3630066,1.687609428062868,-0.05034313289899702,-0.07317523907985857,0.999330747711297,-0.03657945705966516
1769099722.4129438,1.695183047752701,-0.05088856956501763,-0.07468662903444054,0.9993028194556169,-0.03733463576968039
1769099722.4629688,1.7029320854938574,-0.05146416297835729,-0.07300999113822533,0.9993337666402103,-0.036496888260365186
1769099722.5128477,1.714490447589036,-0.052350540120728546,-0.07641424219582743,0.9992701967347853,-0.03819782608504451
1769099722.5629654,1.7221859378256172,-0.052962779205174816,-0.082174894230291,0.9991560295858484,-0.041075887601406146
1769099722.6129158,1.7299302495536755,-0.053598657673090175,-0.08030684005936128,0.9991939597367253,-0.04014263102542502
1769099722.6629817,1.7415574130245275,-0.05457841722294563,-0.08065499130122024,0.9991869567443906,-0.040316565725309284
1769099722.7129688,1.74945055325355,-0.05525880114956624,-0.08649253995770782,0.999065025798921,-0.0432327910896506
1769099722.7630055,1.7572431015113035,-0.055924901367840466,-0.0870483682082209,0.9990529722137342,-0.04351044369922619
1769099722.812947,1.7688670619667715,-0.05694034785842662,-0.08426086511428402,0.9991126445906068,-0.04211797026405441
1769099722.8627613,1.776532103200222,-0.057613182917502066,-0.08740577797589781,0.9990451807323928,-0.04368897864886134
1769099722.9128902,1.7839707720907556,-0.058258857708650094,-0.08790623166457526,0.9990342173004028,-0.04393896520141971
1769099722.9627705,1.7952150405787581,-0.059258155902690325,-0.08612869443693164,0.9990728742950985,-0.043051037707938736
1769099723.0129123,1.8027772171875032,-0.05994494174884355,-0.09009213846812723,0.998985597371803,-0.045030836586741604
1769099723.062741,1.8103910086433053,-0.060621636871817576,-0.08825692145088879,0.9990264974692148,-0.044114140073144535
1769099723.1129217,1.8220390670808022,-0.061651946351071386,-0.08824574292048025,0.9990267440192382,-0.04410855624841506
1769099723.1629314,1.8300294543663944,-0.06238046781874068,-0.0902199406791681,0.99898271781196,-0.04509467277883084
1769099723.2129917,1.837616507492493,-0.06307226753907832,-0.09379869269653078,0.9989004272252081,-0.04688215533971008
1769099723.2629876,1.8493851088911426,-0.0641741876830491,-0.09609867179415678,0.9988458527375959,-0.04803084913787205
1769099723.3129113,1.8567920864290572,-0.06488851886485378,-0.0932928071852389,0.9989122537718006,-0.04662948921596506
1769099723.3629627,1.8643510171702873,-0.06560943354084244,-0.09574544621232287,0.9988543200218293,-0.04785443943595033
1769099723.412981,1.8758173273553451,-0.06668172701608263,-0.09289286809791711,0.9989215582772573,-0.04642973625744654
1769099723.463013,1.8835555485317916,-0.06738809080041386,-0.08670509987740577,0.999060425377194,-0.04333897143611265
1769099723.512737,1.8908158190775546,-0.06803945108789305,-0.08761217753003772,0.9990406667195313,-0.04379207965596469
1769099723.5629795,1.902212709135232,-0.06903671030283942,-0.08889197466106173,0.9990124396938201,-0.04443135533608374
1769099723.612748,1.9098767509800216,-0.06972008390987423,-0.08763001252226031,0.9990402761641085,-0.043800988595483856
1769099723.6629667,1.9175140632312395,-0.07041811996365047,-0.0938273041092091,0.9988997564406472,-0.04689644531108625
1769099723.7128386,1.9289800448494183,-0.07149409510691171,-0.09830483225680091,0.9987922631774012,-0.04913262680709166
1769099723.7627552,1.9367147703777443,-0.07223705274920127,-0.09574052229025676,0.9988544378345673,-0.04785198029539172
1769099723.8127842,1.9446505114722268,-0.07300569197574912,-0.0994041301305393,0.9987651066081349,-0.049681604463231735
1769099723.8629818,1.9564894226852292,-0.0741695897078007,-0.10261566370356787,0.9986840419209397,-0.05128532355805876
1769099723.9129121,1.964248830131336,-0.07492041031300414,-0.1009736371700239,0.9987258112593872,-0.05046537351767955
1769099723.9627895,1.9719811404409167,-0.0756884959074249,-0.1031546061632477,0.9986701857423024,-0.05155443830976443
1769099724.012956,1.9832628102945165,-0.07682878793435743,-0.10535704449540859,0.998612807482771,-0.05265416157701212
1769099724.0627863,1.990668763506083,-0.07755403335480546,-0.10339418553654092,0.9986640028870634,-0.05167406832819972
1769099724.1132314,1.9981985035203094,-0.07831306765813507,-0.10290710431106502,0.9986765580048078,-0.051430851554974594
1769099724.1627848,2.009656023532367,-0.07947580764294214,-0.1040046811252745,0.9986481829660592,-0.051978905900263474
1769099724.2128875,2.0173379672127285,-0.08023950094093106,-0.10311938118393692,0.9986710935894201,-0.05153684923345371
1769099724.2629573,2.0251690459206646,-0.08103747696079834,-0.10134648188816053,0.9987163860309525,-0.050651557461479486
1769099724.3129878,2.036749420516423,-0.08224271618254786,-0.10452757379550821,0.9986345591408713,-0.0522399970283087
1769099724.3629966,2.0443754716247686,-0.08305471874077185,-0.10903711853665733,0.9985142314115432,-0.05449155593865094
1769099724.4128568,2.052101018079635,-0.08388792520333126,-0.10562345673703616,0.9986057847665551,-0.05278718244775417
1769099724.4630606,2.0637504481151616,-0.0851623053328398,-0.10283892369950298,0.9986783107179581,-0.05139680633585731
1769099724.5129302,2.071449855291196,-0.08600284725290214,-0.10585511111782359,0.9985996638769205,-0.05290284779576117
1769099724.5630426,2.0791761620155937,-0.08682935589372705,-0.10256127430645108,0.9986854362405649,-0.05125816462762293
1769099724.6129322,2.0903772406105148,-0.08801124079160831,-0.09776630407719859,0.9988054566214857,-0.048863686139561484
1769099724.6630254,2.0979526973673033,-0.08882062011692937,-0.1029708410383206,0.9986749184806047,-0.05146267771654986
1769099724.7127743,2.1055042269652815,-0.08961528308520357,-0.10230922171360923,0.9986918881863229,-0.05113230359408001
1769099724.7635405,2.1167801011508036,-0.09081246586028548,-0.10156017614186282,0.9987109683567502,-0.050758267148536124
1769099724.8127685,2.12440281375732,-0.09165739052658263,-0.10949319711661153,0.9985017792335975,-0.054719254996207875
1769099724.8630316,2.1321279554868373,-0.09249424050307083,-0.10632303795897863,0.9985872592146903,-0.053136482138856515
1769099724.9127803,2.143804544277992,-0.09375242084869008,-0.10407064155741487,0.9986464681473997,-0.052011841504841234
1769099724.962973,2.1518828034022066,-0.09462043980086045,-0.10206494495678223,0.9986981259538182,-0.05101032460523517
1769099725.0127463,2.159587567302236,-0.09540956819248962,-0.09936354339417852,0.9987661146095699,-0.04966133614496905
1769099725.0630279,2.171170505952803,-0.09658952816727479,-0.09532235558353386,0.9988644210541149,-0.04764313541558597
1769099725.1129014,2.1788780613531933,-0.09735035287983469,-0.0927907207259786,0.9989239283121714,-0.04637871759093687
1769099725.1632016,2.186262273324405,-0.09803663914981306,-0.08473436807245953,0.9991026450981811,-0.04235451047784406
1769099725.2128487,2.19768781959992,-0.09899678778101631,-0.07625281847868655,0.9992732764974938,-0.038117173005921524
1769099725.2628045,2.205385164959289,-0.0995846584691943,-0.07172759074115716,0.9993569630187218,-0.03585610779207833
1769099725.3128443,2.2125797451660056,-0.10010669587283229,-0.0640068604440462,0.9994879339349231,-0.031997967411991166
1769099725.3628092,2.2236408416928413,-0.10084610964524764,-0.06042855330625522,0.9995435834667324,-0.030209679748108034
1769099725.4131026,2.2313703328388117,-0.10133419716714151,-0.06046298533691431,0.9995430632282949,-0.030226887901285752
1769099725.4628162,2.2390532346415126,-0.10176226978011507,-0.0524154258392061,0.9996565975477693,-0.02620471291995721
1769099725.5129402,2.2506306432576504,-0.10235274948621881,-0.04966456247476349,0.9996916947475978,-0.02482972921068055
1769099725.5629802,2.258416722371177,-0.10273975994709339,-0.04742795423178139,0.999718836821117,-0.02371175457516562
1769099725.612895,2.266330618522829,-0.10310513389951732,-0.04057362022019063,0.9997942297250667,-0.020285418616841487
1769099725.6630383,2.278040650198621,-0.10356354732154503,-0.02942698455718272,0.9998917585252431,-0.014712961404726098
1769099725.7127793,2.2857798457661973,-0.10385153946890924,-0.031181820044320047,0.9998784642242444,-0.015590278399260837
1769099725.7629774,2.293470820503925,-0.10408469314211058,-0.02531465529307283,0.9999198970978594,-0.012656989681838982
1769099725.813003,2.304882186178167,-0.10437646439277076,-0.018154028462990298,0.9999588041891728,-0.00907688958616577
1769099725.8630548,2.312548482418023,-0.10457036148401844,-0.018392180196872852,0.9999577162614398,-0.009195960483047882
1769099725.9127748,2.3200137251597117,-0.10471325886098198,-0.014068461189919078,0.9999752599019812,-0.007034172585679059
1769099725.9628618,2.3316556557910233,-0.10486930079416192,-0.008090837148598273,0.9999918173054388,-0.0040454075401515945
1769099726.0127804,2.339349730120763,-0.10493877577244187,-0.001879707108504474,0.9999995583376808,-0.0009398534158862661
1769099726.0630443,2.3470943158181674,-0.10499142056600605,-0.0022118510637064394,0.9999993884644214,-0.001105925306415607
1769099726.112796,2.3583828543837373,-0.10501638917275785,-0.0013647179564920354,0.9999997671931214,-0.0006823589252933956
1769099726.1628108,2.3663052290356927,-0.10500692483264062,0.0010593536555162965,0.9999998597212324,0.0005296768029906772
1769099726.212814,2.3740756484635264,-0.10498905258298154,0.006944721804333494,0.9999939713609399,0.0034723539242937545
1769099726.2629483,2.3857182823989644,-0.10490332520455146,0.012097017059517245,0.9999817078280503,0.006048471649594292
1769099726.3129034,2.3934880621884695,-0.1048017164358598,0.01625591377585746,0.999966968340264,0.008127867394429562
1769099726.362793,2.4011307907037946,-0.1046661261364115,0.023932332190492327,0.9999284062887834,0.011965880526469887
1769099726.412993,2.412593269976614,-0.10439326901577207,0.031475192828813205,0.9998761665854188,0.015736946795609757
1769099726.463141,2.4200820099693185,-0.10418189763914462,0.03815782373353494,0.9998180030817377,0.019077754418335716
1769099726.5128932,2.427644396399694,-0.1038931932974082,0.04551736332336299,0.9997410323826542,0.02275671704057382
1769099726.5628083,2.4392280079363187,-0.10346601572002827,0.051687123645426894,0.9996660737422705,0.02584068514404126
1769099726.6128051,2.4469928821045586,-0.10318946149010805,0.04693722574504313,0.9997246247444366,0.023466458607881793
1769099726.6628199,2.4546550798036,-0.10286705439126077,0.051846719368948614,0.9996640085280655,0.025920456276843255
1769099726.712859,2.4663602570452374,-0.10230614995104603,0.05234741953146109,0.9996574880127459,0.026170721427708543
1769099726.7628074,2.4742987725558607,-0.10192985397055893,0.054422501001226725,0.9996297967670906,0.02720789252009681
1769099726.8128378,2.481958120413369,-0.10154468186405949,0.05561868410600179,0.9996133451668524,0.02780575775509855
1769099726.86291,2.4936585855920272,-0.10088814449465879,0.058213616410696285,0.9995764267638076,0.02910269846763913
1769099726.9128532,2.501111961137281,-0.10044200572295257,0.06611298923614661,0.9994536838325899,0.0330504746329825
1769099726.9630468,2.5087621223117544,-0.09989710905961136,0.07361268031875207,0.9993227231265073,0.03679803042313703
1769099727.0128036,2.5197929376445933,-0.09908363128073315,0.07986091608582661,0.9992028851814299,0.03991984775905585
1769099727.0629787,2.5270076456614854,-0.09849069056832988,0.08739156017160214,0.9990454912878228,0.04368187653332637
1769099727.1127954,2.5379251084340724,-0.09753099209062624,0.09585837405327137,0.9988516163803073,0.0479108385905273
1769099727.1629918,2.545537146477639,-0.09683924199719397,0.09743845154572285,0.9988134532431883,0.04869995503506411
1769099727.212784,2.5531454573102126,-0.09610415870843107,0.10114601476035179,0.99872145800013,0.050551452304503336
1769099727.2628465,2.5649045184788823,-0.09490394563061463,0.10671706785322174,0.9985767711535122,0.053333217722410904
1769099727.3127599,2.5728096946948065,-0.09408659058458171,0.10813391435553205,0.9985387380905714,0.05404061928299136
1769099727.362812,2.580182531648608,-0.09328743892741659,0.11091908383641857,0.9984625137440515,0.05543111624268186
1769099727.4128017,2.5914258338662925,-0.09202502858853945,0.11450833709618793,0.9983614277740566,0.05722289343389751
1769099727.4628289,2.599120822287223,-0.09114603960165604,0.11523273007544256,0.998340636357713,0.05758449267708065
1769099727.5128775,2.606739098975353,-0.09026425838625966,0.11613817909235014,0.9983144641377744,0.05803646003426202
1769099727.5628045,2.61814986828811,-0.08890714008100792,0.11938385060520773,0.998218965958447,0.05965648330943538
1769099727.6128082,2.6258353834884933,-0.08794621100440494,0.12762283480956996,0.9979647422583471,0.06376812063430204
1769099727.6628118,2.633340580152792,-0.08697336924643405,0.13500147381698438,0.997722690140398,0.06744948909374525
1769099727.7127826,2.6443238016022326,-0.08546549249721473,0.14258566607635637,0.9974597421927809,0.07123245541683287
1769099727.762822,2.651489391046257,-0.0844383012491784,0.14568205432645542,0.9973482651599402,0.07277663074406229
1769099727.8127995,2.6627780083358403,-0.08274051811538254,0.15179201169032552,0.9971212803807331,0.07582316408517496
1769099727.862818,2.6704076405829236,-0.08156363681733993,0.15719089198078592,0.9969129675384856,0.07851455376941495
1769099727.9128778,2.678083446204928,-0.08035556466586755,0.15719579006741452,0.9969127752499529,0.07851699525221757
1769099727.9628334,2.6898517026457465,-0.0784490076241562,0.16110950655232778,0.9967572199831448,0.08046766065614543
1769099728.0129304,2.6976155569659843,-0.0771486300839816,0.17146205091914996,0.996327345905807,0.08562604627267573
1769099728.0628083,2.7052737559241717,-0.07583376033428281,0.17425187266632197,0.9962069359265995,0.08701575036587396
1769099728.1127822,2.7167360153288582,-0.07378913817103377,0.17739408782893745,0.9960689953698457,0.0885807905976584
1769099728.1628127,2.724126757966126,-0.07241232990816988,0.18888303108846172,0.9955437137574586,0.09430118768078831
1769099728.2127936,2.7315633298031696,-0.07100986051087317,0.19042097012090772,0.9954709046864235,0.09506670249247881
1769099728.2630255,2.738967398967524,-0.06957023163610218,0.1914059930178158,0.9954239625145168,0.09555697175977153
1769099728.3128872,2.750338957623046,-0.06731633166255248,0.19917138478001384,0.9950454416244637,0.09942117029272957
1769099728.3630123,2.7580036592175583,-0.06576009292499045,0.20504651456554202,0.9947490926415455,0.10234374767821343
1769099728.4129353,2.769375471018211,-0.06338236865760835,0.21033900013530193,0.9944747836403544,0.10497573387917031
1769099728.463022,2.7768741656700335,-0.061774134778118744,0.21161741478438806,0.994407479222697,0.10561138795585151
1769099728.5128026,2.7845207005547605,-0.06013139969581404,0.21267694518300523,0.9943513904465182,0.10613817558765531
1769099728.5629745,2.7920063910604522,-0.05846163127616751,0.21970265855065454,0.9939724077914776,0.10963052745112904
1769099728.6132126,2.8034184057926526,-0.055911116504767516,0.22355844710495085,0.9937592046699372,0.11154659624468109
1769099728.6628644,2.811143439110067,-0.054154454132244366,0.2249940721516006,0.9936788791134962,0.11225990024824514
1769099728.712773,2.8187826284789557,-0.05236171900939235,0.23099995330586132,0.9933372894886588,0.1152433482302749
1769099728.7628229,2.8300585150846125,-0.04967027622443678,0.2422037752578828,0.9926761237679222,0.12080609794663837
1769099728.8128068,2.8374093819592674,-0.047871654837647055,0.24563346470716324,0.9924675005924647,0.12250820489969659
1769099728.8629544,2.8446944253225284,-0.046016116980843555,0.25095028237984446,0.992138317131535,0.125146153274504
1769099728.9141448,2.8556468120715834,-0.043177686242770706,0.26188841085919917,0.9914390504711252,0.13057032281844785
1769099728.9628487,2.863061292102348,-0.04121907710974613,0.26353179352557754,0.9913314272823386,0.1313849355229185
1769099729.0128863,2.870415870583497,-0.039230960106664686,0.2708897055796148,0.9908413602844753,0.13503110289711215
1769099729.0630898,2.881856403536824,-0.03606467941534795,0.27609127996667165,0.9904868224470689,0.1376076108313367
1769099729.112964,2.8894670666051945,-0.03395919325538288,0.2757961386769113,0.9905071185059031,0.13746144255438636
1769099729.1628485,2.896780241126699,-0.031916742286438704,0.27614476566015,0.9904831420736346,0.13763409921941633
1769099729.2128937,2.9081059391929838,-0.028715499019130696,0.2775686813538809,0.9903849013749715,0.1383392465227711
1769099729.2629879,2.9151659731268342,-0.02670733122768777,0.2823206160835985,0.9900534166797419,0.14069197603548464
1769099729.3129904,2.9225092503580385,-0.02458514997965895,0.2875098575552377,0.9896850422249075,0.1432603127048206
1769099729.3628325,2.9336461866986907,-0.021277608989655885,0.2908221623416447,0.9894464241497106,0.14489918473666802
1769099729.4128883,2.941104539488697,-0.01900804205057456,0.29738411518308866,0.9889656885993986,0.14814474939435843
1769099729.4628484,2.9483574556794063,-0.016759485694871977,0.30666489338134745,0.9882675940020671,0.1527323235119713
1769099729.5141556,2.9592874199108494,-0.013295407805848612,0.31302816832338237,0.987776653916611,0.15587585437553736
1769099729.5630567,2.966585739666134,-0.01093974976180734,0.31580441070457255,0.9875593277459344,0.15724685746302933
1769099729.612806,2.9738288323045325,-0.008577819350401347,0.3215408734001977,0.9871042457988285,0.1600787553859852
1769099729.6630018,2.9848541828950013,-0.00491610792125176,0.32856319747475976,0.9865360998727395,0.16354364447414083
1769099729.7129276,2.992197606436089,-0.00245545788015328,0.32818720178482974,0.986566828291611,0.16335817492440002
1769099729.7630599,2.9996977587304072,9.589145823081556e-05,0.3348902311458343,0.9860137911200678,0.16666374447080923
1769099729.8151493,3.0108715709475242,0.003950067079115182,0.33990239332688943,0.9855930223989622,0.16913424904045551
1769099729.8630388,3.0183105598269115,0.006522759475891286,0.3391932799632401,0.9856529281261626,0.16878478982515538
1769099729.920133,3.0251413882580813,0.008918521728172453,0.3436276741031094,0.9852762765757339,0.17096975994911492
1769099729.9632,3.035920493368533,0.012751440226742293,0.34883852379499963,0.9848274840758777,0.17353624004448417
1769099730.01279,3.042921801487475,0.015271942203407805,0.3541613371811908,0.9843621463037296,0.1761566488223327
1769099730.0628848,3.0499051394739367,0.017841987353386546,0.36062398403530715,0.9837877891080052,0.1793365160863317
1769099730.1128657,3.060277603778485,0.021755233170443193,0.36311564534258356,0.9835636027712714,0.18056200958007895
1769099730.1630414,3.0671070361183883,0.024376032962630738,0.3726797013859812,0.9826889075301645,0.18526335584019832
1769099730.2151675,3.0778396463403728,0.028551349081928502,0.378288140068528,0.982165525369001,0.18801829904728473
1769099730.2628984,3.084914084073111,0.031308696291717626,0.37752645169949,0.9822370598152763,0.18764423339245268
1769099730.3221877,3.092137549051208,0.03417230850229909,0.3849474401931265,0.9815340469664607,0.19128751826933602
1769099730.3630836,3.103013120428526,0.038536526817084894,0.3895332708046509,0.9810928610851863,0.19353758789362666
1769099730.4135642,3.1099139487315903,0.04132000301559294,0.3926075958078372,0.980794203383078,0.1950454578044655
1769099730.462854,3.1203925213026906,0.045653095385853854,0.39454529202883126,0.9806047736700122,0.1959956067252126
1769099730.5132809,3.1275360555013285,0.04864612347250502,0.4007989587967302,0.9799871353372446,0.19906083133931957
1769099730.562842,3.134649580527465,0.05164455602814822,0.40461929799814356,0.9796051077573029,0.20093240867466564
1769099730.6165721,3.1449287339012333,0.056060167532724275,0.4072659642768228,0.9793383495724465,0.2022285762614094
1769099730.6630578,3.1518395815658966,0.05908283747119197,0.41371650581677355,0.9786810150711146,0.20538615031051333
1769099730.7127974,3.158909985907243,0.06218176686387146,0.41689592675394876,0.9783532740444086,0.20694170958650737
1769099730.7630126,3.169405308984068,0.06686135345885677,0.421473090145571,0.9778771093357151,0.20918020708763482
1769099730.8129494,3.176022881531821,0.06985800804509933,0.4272489462932039,0.9772689349753185,0.21200336962465183
1769099730.8630736,3.183069311833311,0.07307279868297818,0.4310664295898505,0.9768624953210313,0.21386833621452253
1769099730.9151998,3.193731358677035,0.07799723579694509,0.43793522201985513,0.9761222270818681,0.21722200118020693
1769099730.9631152,3.2006460447814917,0.08119483273147286,0.4382564038808286,0.9760873306119002,0.21737875475523136
1769099731.012931,3.207819581694914,0.08455672684094591,0.4397407979682517,0.9759257239155781,0.2181031439476626
1769099731.0630126,3.2185092289852775,0.08960133316574516,0.44302205793746274,0.9755665840852914,0.21970398270435626
1769099731.1127982,3.225211848268474,0.0927749593630953,0.4465515311678032,0.97517734552293,0.22142525777076988
1769099731.1630888,3.232155450578056,0.09609009186101214,0.4498178250889348,0.9748144252158583,0.22301756969143885
1769099731.2131774,3.2421859876551196,0.10092888664502964,0.4492814971939839,0.9748741954366065,0.2227561515914412
1769099731.2631164,3.248931876632935,0.10418817155557251,0.453979586805055,0.9743482420547659,0.2250455580650001
1769099731.3182464,3.2588593476417165,0.10900733416516137,0.4533363387099978,0.9744205717225026,0.22473217260550638
1769099731.3630648,3.2657981459271945,0.1123908146469585,0.4511292912847715,0.9746679756462552,0.223656739781369
1769099731.4144425,3.27269208055209,0.11575089637509689,0.45552704329388,0.974173826318183,0.2257993713821869
1769099731.4628751,3.2830879256922505,0.12082241818328084,0.456577955774153,0.9740550441481624,0.2263112259025643
1769099731.514341,3.2901146160867834,0.12425653503996617,0.4536463534997365,0.9743857248676792,0.22488321229937852
1769099731.5628486,3.2970959731059266,0.12766821986911628,0.45696345047048503,0.974011405165957,0.2264989682242238
1769099731.6128812,3.304087325943395,0.13105936575713295,0.458773274579723,0.9738060447549248,0.2273802700296781
1769099731.6628625,3.3146477261749183,0.1361977924954655,0.4527689954972434,0.9744842826524484,0.2244557481182943
1769099731.71316,3.3217292614826364,0.13963501291288977,0.4565722541106257,0.9740556893194354,0.22630844903458527
1769099731.7632291,3.328673604459918,0.14300713503704365,0.45936732458634144,0.9737384641739998,0.2276695047389093
1769099731.812881,3.3390059679322883,0.14803579875398395,0.45687259385404816,0.9740216936258442,0.22645472030020036
1769099731.8635292,3.3458763437221473,0.15138637953152512,0.4565798522274949,0.9740548295533841,0.22631214952743442
1769099731.9130895,3.3526631142597023,0.15467751631538046,0.45468805251724403,0.9742684623945939,0.22539069009893434
1769099731.963599,3.3630401571472084,0.15967244021790283,0.448150209230754,0.9750000401493898,0.22220468426360487
1769099732.0130475,3.369986748740061,0.1629817893384109,0.4437401390284071,0.9754876385689949,0.22005423649429265
1769099732.0629773,3.376939497845192,0.16621963071374712,0.43566265314135444,0.9763684228522634,0.21611270868920143
1769099732.1128867,3.387669997501713,0.17117726431651217,0.43044551482855586,0.9769288452465772,0.21356505174112456
1769099732.1629457,3.3949061936419676,0.17446457681977035,0.42400082982805354,0.9776119518367805,0.21041594907677585
1769099732.2132907,3.40204842209322,0.17765250357574952,0.41730595835361833,0.9783108271637787,0.20714228311506852
1769099732.264643,3.4127150169347225,0.18238231165236737,0.41246362668176845,0.9788094850436792,0.20477302553932167
1769099732.312892,3.419691509346086,0.18544322793970466,0.4106369293540896,0.9789961059227049,0.20387894591688455
1769099732.3628287,3.4266643042213905,0.18845008697010857,0.4047544108341423,0.9795915312481283,0.20099858682823465
1769099732.41307,3.4371362030739414,0.19292985707178062,0.39789917250599477,0.9802747221115307,0.19763974597524986
1769099732.462957,3.4441042177885217,0.19588227929696436,0.39627911546525196,0.9804344943232709,0.19684563073909492
1769099732.5130327,3.4511624509216245,0.1988169104979202,0.3922718515487961,0.980826932259373,0.19488080704540245
1769099732.5652885,3.4618772567194185,0.20324135548033392,0.38631984074371184,0.9814025543412048,0.19196100211386272
1769099732.6128902,3.4691160039444453,0.20620221089757107,0.38490479605429445,0.9815381253890857,0.1912665898887714
1769099732.662955,3.476310463739837,0.20907145078314035,0.37996619348871935,0.9820074273071627,0.1888422958808949
1769099732.7130525,3.487282402191812,0.2134009126463617,0.3697817141682716,0.9829563212367691,0.18383925190415004
1769099732.7630486,3.494548909306803,0.21622397427249482,0.3648547005083698,0.9834062273178191,0.18141717689495063
1769099732.81285,3.501668517713517,0.21893584126460194,0.360978631505323,0.9837559730203487,0.17951096219113485
1769099732.8630915,3.512537019571026,0.2230400089767052,0.35940364808932856,0.9838970313651899,0.1787362069385119
1769099732.9129531,3.519742601420659,0.22573910953542925,0.356784837002323,0.9841302260117987,0.17744773385412968
1769099732.9631655,3.5269389753096987,0.22839090681639232,0.3493684603337582,0.9847814679077422,0.17379718198369137
1769099733.0135255,3.5372850334976365,0.23215694622231703,0.34199313305829027,0.9854156760568903,0.1701644656834733
1769099733.0628781,3.5442263033891575,0.23462051934604825,0.33652620601256994,0.9858771324141038,0.16747023551348955
1769099733.1129375,3.5546869133182697,0.23821677245604497,0.3245250632813347,0.9868642943682145,0.16155142989502125
1769099733.1630216,3.5620578618804415,0.24067692125616458,0.31250495137499334,0.9878173985593529,0.15561743830121552
1769099733.2129655,3.5694286240868394,0.24305571657386976,0.3042942774504244,0.9884479345636642,0.15156081504408137
1769099733.2630315,3.576950541532986,0.24537845864767804,0.29450617676950724,0.9891778403663456,0.1467215053363768
1769099733.312822,3.5882393028046917,0.24879650320925645,0.28463931163740364,0.989889640427615,0.14183969745486333
1769099733.36288,3.595743945894232,0.25099806992194656,0.27601894859651865,0.9904917984728283,0.13757178910685908
1769099733.4129727,3.6032041308668568,0.25308148323427454,0.2655264325760434,0.9911999015305467,0.13237354420666703
1769099733.4631963,3.6138299588815026,0.2559654617938195,0.2590056949369111,0.9916262191167777,0.1291411691141297
1769099733.5129597,3.6211509837491946,0.2578841309445895,0.2461990791091802,0.9924328147016664,0.12278887695279185
1769099733.562884,3.6321993889671345,0.2606524857893325,0.23444705811557595,0.9931371862171671,0.11695524508395491
1769099733.6129305,3.6391347452145864,0.26233742075728683,0.22746360920899064,0.993539506649054,0.11348677776531724
1769099733.662988,3.646651171853717,0.26409605386124824,0.21802782750044697,0.9940638655675689,0.10879812118259409
1769099733.7163463,3.658164376829629,0.26665707832465135,0.20451704743079333,0.9947761516087217,0.10208040061902954
1769099733.7631009,3.6659851693742485,0.2683282050034137,0.19769077281992262,0.9951187710358722,0.09868450502513265
1769099733.81283,3.6735495735765213,0.26986705385216825,0.18719300419255464,0.9956230440868817,0.09345990628698046
1769099733.862886,3.684890359484739,0.2720114270693541,0.17718118448358441,0.9960784192994477,0.08847475688530342
1769099733.912896,3.692390931182855,0.273347563442443,0.16372412312861417,0.9966511722170917,0.08177066049810909
1769099733.963134,3.6999607855577743,0.27458019641047415,0.1575016611581098,0.9969007555519753,0.07866945773234209
1769099734.0158222,3.710934642716029,0.27632303241114997,0.15155816690416155,0.9971301389907631,0.07570657776086212
1769099734.0628898,3.7185226991362743,0.27744067984529386,0.14213822032604642,0.9974756535599882,0.07100929907465897
1769099734.1128583,3.7258795710555903,0.2783944593756591,0.13084954744301502,0.9978605627925323,0.06537810966501385
1769099734.1630683,3.7374731449117387,0.2799201908804004,0.12262079134455395,0.9981211063597821,0.06127199228949939
1769099734.2129939,3.744930274749934,0.28086584258684083,0.11598441232197224,0.998318923226736,0.05795970606732328
1769099734.2630959,3.7526483784481117,0.2817655923818661,0.10576362706062686,0.9986020827157949,0.05285716976604853
1769099734.3143477,3.7643839420240353,0.2829563125515475,0.09244898353124056,0.9989318383962251,0.04620803218422006
1769099734.3629422,3.7720974518326904,0.2836578902354555,0.07891631600919224,0.9992216278815993,0.03944791976323637
1769099734.4129517,3.7794662503851577,0.2842300099103867,0.06938174192939876,0.9993983320795852,0.034683913224190406
1769099734.463148,3.7910611237244938,0.28497739378716264,0.05688436026537459,0.9995955484610987,0.028438345534778066
1769099734.512985,3.798768396558359,0.285416290572388,0.04611797107449035,0.9997341533729032,0.023056942116517976
1769099734.5628905,3.806348946246001,0.2858324445417867,0.04114947059906078,0.9997883476002216,0.020573283715013907
1769099734.6135545,3.817750791177104,0.28636279255833336,0.03674299918908147,0.9998312487477017,0.018370466178393323
1769099734.6630657,3.825337181808812,0.28667358364974377,0.028687929964732427,0.9998971270981464,0.014343473110558861
1769099734.7129714,3.833079637083142,0.2868832210610193,0.022138799906941158,0.9999387348179157,0.011069173896279368
1769099734.7629898,3.8445940842147874,0.2871135315604076,0.008396371641034387,0.9999911876308513,0.004198173488522213
1769099734.8128388,3.852439773872059,0.28719231834560327,0.00029347236478270526,0.9999999892342464,0.00014673618186477743
1769099734.8628957,3.8602612131920133,0.28717142115898747,-0.0050055660437944675,0.9999968680402075,-0.002502780409024757
1769099734.9148085,3.871904379931067,0.28707342570239947,-0.0167398413392567,0.9999649724184826,-0.008369822943373958
1769099734.9631784,3.8798760958961367,0.28697423467434924,-0.019068746172320926,0.999954548209242,-0.009534228634279246
1769099735.0130022,3.88741663118517,0.28668816646651896,-0.03330436909791297,0.9998613555787048,-0.016651414964346377
1769099735.062921,3.8988760139663676,0.2863063777847165,-0.043132250539905714,0.9997674601334442,-0.021564453582738764
1769099735.1134338,3.906512725291538,0.28597651329582546,-0.053515352369520756,0.9996420347411558,-0.026754483335733253
1769099735.1631343,3.9141197531883227,0.28555181035826427,-0.06552827537254369,0.9994633036548706,-0.032758276012207425
1769099735.215437,3.925486547072488,0.2848371429467265,-0.07215365249336828,0.9993493018842371,-0.03606900086622843
1769099735.263142,3.9332118731971777,0.2842863916225762,-0.08091242988141847,0.9991817589470933,-0.040445180026706905
1769099735.3128457,3.941080640788049,0.2836105857182561,-0.09418533608891864,0.9988913452213813,-0.047075263587357336
1769099735.3631167,3.952925209728501,0.282508790637492,-0.10451367544194551,0.9986349221417331,-0.05223305733895595
1769099735.4147944,3.9606557979300696,0.28172904853182706,-0.11178998722733903,0.9984382815079449,-0.05586589316803117
1769099735.4632506,3.9684515757104695,0.28083689405678824,-0.12045795155321043,0.9981867834625919,-0.060192568649333124
1769099735.516526,3.9798065623805456,0.27943751398940675,-0.12841884650094243,0.9979392831311119,-0.06416531137431211
1769099735.562934,3.9873591014956142,0.2784326752561397,-0.14085712780736595,0.9975209336658993,-0.07037035525214039
1769099735.6245377,3.9948545295811417,0.277390825940989,-0.14754773771812366,0.997279942151124,-0.07370696699125999
1769099735.6630118,4.006243959362004,0.2756840135328226,-0.15257354434466483,0.9970915751127708,-0.07621279970670089
1769099735.7130864,4.013868219558068,0.2744684783978609,-0.16489383043100092,0.9966031778963131,-0.08235354155693425
1769099735.7629914,4.02159731006364,0.273107154783758,-0.17369101568917897,0.9962312984507119,-0.08673638214272393
1769099735.8131185,4.032890532923289,0.27112565692454726,-0.1801991283173331,0.9959437793934255,-0.0899777099482972
1769099735.8631086,4.040280222268998,0.2697429401451577,-0.19284201473276238,0.9953550949869608,-0.09627167227953448
1769099735.9131076,4.047924641013558,0.26821023832664553,-0.2039600000369858,0.9948045448338125,-0.10180332793180762
1769099735.9632213,4.059332451759583,0.26574799778339203,-0.21170883298869142,0.9944026507821595,-0.10565684131855577
1769099736.0130367,4.066978836436471,0.2641045636754636,-0.21658608122823458,0.9941420369169476,-0.10808149903948647
1769099736.0629137,4.0745765369040825,0.26235119528221756,-0.22410920781062765,0.9937284492487578,-0.11182025377210954
1769099736.1131308,4.085548005319145,0.2596789736287233,-0.23344549576630716,0.9931956306693764,-0.11645788603293321
1769099736.1630886,4.092959870617998,0.257916575111848,-0.23801768937524362,0.9929268015626211,-0.11872812109446992
1769099736.2132452,4.100221590585226,0.2560663256781238,-0.24691415419273188,0.9923888496365008,-0.12314370108593715
1769099736.2631447,4.111317711496444,0.2531715719348057,-0.26070857590011787,0.9915159036707026,-0.1299854329071909
1769099736.312917,4.118718213084815,0.2511563747356755,-0.27162709182831396,0.9907915079015707,-0.13539641010799297
1769099736.363085,4.126187301315183,0.24900771385533524,-0.2872681329205493,0.9897023497697314,-0.1431406960311158
1769099736.4129512,4.137546545330004,0.2456487579994463,-0.29748418098798773,0.9889582752497723,-0.14819423003273666
1769099736.4631848,4.14500029980999,0.24336539300390425,-0.3072157104075692,0.9882254927405028,-0.1530044950247885
1769099736.513217,4.152424260611427,0.2409849483505792,-0.3174822568329243,0.9874270622278021,-0.15807528832860743
1769099736.5629141,4.1633884103449965,0.23737956360367593,-0.32871135154655445,0.9865239823375654,-0.16361672369544297
1769099736.6129184,4.170727418696443,0.23490643443746775,-0.3343532239395467,0.986058505392504,-0.16639899021058177
1769099736.6631012,4.177894044716802,0.23239595810668226,-0.34287072708177635,0.9853409135328858,-0.17059684674160341
1769099736.7132132,4.185040692194764,0.2298294946112051,-0.3532558003852612,0.9844418035679473,-0.17571094270957352
1769099736.7631462,4.1957734271627025,0.22586799597176296,-0.36575002561525866,0.9833249151057156,-0.18185739284488028
1769099736.8131187,4.202546856294649,0.22331625704416258,-0.37440854773980786,0.9825283944654577,-0.18611274558484697
1769099736.8630455,4.212965626813231,0.21924218508125246,-0.37977038503755706,0.9820259110594812,-0.18874615229931394
1769099736.9129214,4.21989683545143,0.216465170470082,-0.3909479609243309,0.9809557178013766,-0.19423151060728033
1769099736.963081,4.227188333288247,0.21343130412401026,-0.40453739814346207,0.979613335103488,-0.20089229374822015
1769099737.0131729,4.237972422597174,0.2088463332201376,-0.41157717644214437,0.9789001494466572,-0.20433917248856712
1769099737.0631645,4.244937994942165,0.20582423998635085,-0.41941874632227294,0.978091457460836,-0.20817564901336966
1769099737.11318,4.2520081783380155,0.20266174612183718,-0.42960751742865955,0.9770182429682237,-0.21315570109027102
1769099737.1632214,4.262432642369038,0.19788753039567558,-0.4384561346052275,0.9760656171365545,-0.2174762309859102
1769099737.213239,4.26900374822124,0.19485237559602675,-0.44494867346514777,0.9753544889214878,-0.2206436514851567
1769099737.2629395,4.276041813428587,0.19150013577569674,-0.4508169458515851,0.9747028928407135,-0.22350452050896996
1769099737.3132112,4.286010707085658,0.18664933053343205,-0.4599889127733708,0.9736676588096486,-0.227972125901694
1769099737.3631303,4.292907018762072,0.18323692809392442,-0.47102751050320035,0.9723945886864173,-0.23334258911174646
1769099737.4131818,4.303415570699554,0.17788073762819787,-0.4791327779111366,0.9714409540181375,-0.23728142122031143
1769099737.4632852,4.3098106447637745,0.17454279287160804,-0.4892022060960368,0.9702340027651796,-0.24216932067926686
1769099737.5129383,4.316298564951269,0.17105489089527637,-0.5004029701979555,0.9688625538326612,-0.24759917564655534
1769099737.5631492,4.326548732782078,0.1654261986348312,-0.5111526139810849,0.9675177642094158,-0.2528030378362041
1769099737.6133444,4.333415781735678,0.1615784606067919,-0.5215226049603162,0.9661939820408162,-0.25781619240868303
1769099737.6633012,4.339800632273954,0.1579064223963592,-0.5303878662732318,0.9650416898471735,-0.26209642663895977
1769099737.713219,4.34929525658168,0.15233166447960245,-0.5398020241293506,0.9637972948382432,-0.26663603369103084
1769099737.7632122,4.355856009746164,0.14840962179869577,-0.5519101549840835,0.9621654103510325,-0.27246600361151313
1769099737.8129544,4.3655415319943955,0.14246525550931774,-0.5596451702824503,0.9611044527837694,-0.2761851387008559
1769099737.8633633,4.371875275680221,0.13851160855760086,-0.5666316190957928,0.9601338140899452,-0.2795408003156147
1769099737.912948,4.378072153562729,0.13457794122329025,-0.5767341613377771,0.9587095346786478,-0.2843871096168928
1769099737.96378,4.387461991894213,0.12844921979262058,-0.5864880727005554,0.9573111955615222,-0.2890592929704372
1769099738.0132174,4.393973754279341,0.12411721526717079,-0.598401700552425,0.9555723489338299,-0.2947566554856443
1769099738.0632877,4.403357474586725,0.11770609859775653,-0.6088388615581869,0.9540211327805898,-0.2997393504497539
1769099738.1130707,4.40946427306499,0.11345413166321575,-0.6169640419092516,0.9527955451135578,-0.3036126631281346
1769099738.1631937,4.415785316410034,0.10897881670915961,-0.6294440754960673,0.9508824594662865,-0.3095521737596847
1769099738.2131798,4.424721856599317,0.10250517596100844,-0.6370366209940319,0.9497004659054296,-0.31315974367566785
1769099738.2633176,4.430530256931286,0.09822811162170884,-0.6454813087777761,0.948369735996858,-0.3171669021907075
1769099738.3130677,4.4392898717584615,0.0916419813019539,-0.6529099890604055,0.9471851309494519,-0.3206872740042388
1769099738.3629522,4.445430830212907,0.08696443553686739,-0.6592441265941374,0.946164743714708,-0.32368546113670427
1769099738.4130244,4.451214057889759,0.08252787201185681,-0.6639203840701362,0.9454053398582278,-0.3258968293303094
1769099738.4629698,4.460223613287855,0.07551903846243628,-0.6688938698942463,0.9445919959231349,-0.3282467992805845
1769099738.5133483,4.466330437615975,0.0707146463474406,-0.672101459239155,0.9440643408615169,-0.3297613080907303
1769099738.5633163,4.4751927791491015,0.06364071347367489,-0.680892780719418,0.9426057061815734,-0.3339078954950563
1769099738.6131794,4.481249035733981,0.05877290920346384,-0.6869487475512175,0.9415903189331795,-0.33676055483282674
1769099738.6632462,4.487297384734294,0.0538551363184176,-0.6892162335205404,0.9412079139510249,-0.3378278595911832
1769099738.712962,4.493274475181685,0.04896999245571595,-0.6930936017832023,0.9405512040881681,-0.3396519284330612
1769099738.7633314,4.501961576157278,0.04184149411078652,-0.6919950066775511,0.9407376321566666,-0.33913523474311574
1769099738.81296,4.507902733602072,0.03699220818993762,-0.6865955799291651,0.9416497707147857,-0.336594279976341
1769099738.8635297,4.516693279254011,0.029829585088695813,-0.6827553726378643,0.9422943303860293,-0.3347855954522905
1769099738.9129577,4.522548195880135,0.02507452390457336,-0.6839749205070451,0.9420900116849605,-0.3353601196973649
1769099738.9632342,4.528164983487131,0.020508037207198748,-0.6811485244576216,0.9425630010486107,-0.3340284255183035
1769099739.0132232,4.5367761813979905,0.013485909379622775,-0.6833884226755945,0.9421883151675494,-0.3350838384072479
1769099739.0631394,4.542749778593678,0.00859599744685385,-0.6884630698790045,0.9413350670403224,-0.33747339385526637
1769099739.1131272,4.551578096677913,0.0013596411595863485,-0.6880790814205293,0.9413998426344209,-0.33729265673579034
1769099739.163255,4.5577039869011555,-0.003663827061280686,-0.6865068568445919,0.9416647016296074,-0.3365525066090322
1769099739.2132425,4.563734496814693,-0.00860404432379591,-0.6876904839094811,0.9414653604075933,-0.3371097375523295
1769099739.262951,4.572415259825703,-0.015701055846167808,-0.6885777818936017,0.9413157093655315,-0.3375273845211173
1769099739.313172,4.578376427079719,-0.020566174572694135,-0.6847441772780851,0.9419609529808101,-0.33572244944222024
1769099739.3629482,4.584157364665863,-0.025291806241450207,-0.6858268940427048,0.9417790687978264,-0.33623233868011415
1769099739.4132311,4.593047990276625,-0.032532032255486495,-0.6812887516539563,0.942539578797046,-0.3340945111807243
1769099739.4630282,4.598965762326455,-0.03733013289082806,-0.6775791697668483,0.9431576326302025,-0.33234572362434867
1769099739.5129547,4.604949420271621,-0.04220760391582885,-0.6799884513440284,0.9427565911764781,-0.33348164836060584
1769099739.5677092,4.613954204456457,-0.049507935514302,-0.6820361745613451,0.9424146580368514,-0.3344467256788208
1769099739.6131997,4.619978445069884,-0.05437568577357038,-0.6796856368424758,0.9428070719098985,-0.33333890435513736
1769099739.6630704,4.626054073987179,-0.059300589197846997,-0.6815830199259578,0.9424904118877159,-0.3342331873104819
1769099739.7130651,4.635220460726387,-0.06672314209289976,-0.6812774811754221,0.9425414614845887,-0.33408919973937434
1769099739.763024,4.641300225826326,-0.07160276972608684,-0.6765190501248441,0.9433336632403374,-0.3318457469933368
1769099739.8129666,4.6474063368722645,-0.07648991322075085,-0.6706177656756834,0.9443087134276363,-0.3290608663220866
1769099739.8687327,4.656582728545984,-0.08373808482515198,-0.663579926724973,0.9454608031447315,-0.3257358895131443
1769099739.9129615,4.662640780414834,-0.08844120597648324,-0.6585586821257206,0.9462756223493985,-0.3233611704383482
1769099739.9630678,4.668708013983599,-0.09305029782377135,-0.653299874624362,0.9471225972827179,-0.3208719148140558
1769099740.0132027,4.674617052776554,-0.0975732204175241,-0.6501520146724317,0.9476264538672521,-0.31938081334196755
1769099740.0630608,4.6836310015694975,-0.10436958175814696,-0.6473870826212571,0.9480670812927493,-0.3180704471796265
1769099740.1132429,4.689756990800702,-0.10894208638062772,-0.6409686243475587,0.9490829583481143,-0.31502624997481027
1769099740.1701877,4.696076603210565,-0.11359363445256879,-0.6330774012586536,0.9503185387505573,-0.311279094876295
1769099740.2131748,4.705422434429643,-0.12045196724377592,-0.6283197255625966,0.9510563316813344,-0.30901756255728174
1769099740.263048,4.711822862546125,-0.1251204107326634,-0.6253662682027591,0.9515116296154997,-0.30761277396502246
1769099740.3131206,4.718167918418472,-0.1296930917560939,-0.6183292649044985,0.9525880736534152,-0.30426298153616327
1769099740.3637462,4.727635643312246,-0.13642595018670275,-0.6085772892596295,0.9540603263766368,-0.2996145751362994
1769099740.413195,4.733927677409081,-0.14089761566750386,-0.6056876199325207,0.954492223927075,-0.2982358034554982
1769099740.4707642,4.74027417505633,-0.14529268705909573,-0.5998674248089554,0.9553560763506236,-0.29545687905334256
1769099740.5133219,4.74984961059205,-0.1518710188898971,-0.5944425994815963,0.9561539619859355,-0.2928644754465761
1769099740.5628896,4.755846719291572,-0.1559251190789336,-0.5873213569285913,0.9571906781999711,-0.28945812403019433
1769099740.613193,4.765394164692923,-0.16231912718876718,-0.5844711758209614,0.9576022101276119,-0.288093747170453
1769099740.6632583,4.771708993580641,-0.1664900831632891,-0.5790312890432957,0.958382265631944,-0.28548806091005297
1769099740.7133055,4.778142673884751,-0.17071032491313368,-0.5721420595197301,0.9593599743012611,-0.28218511602967933
1769099740.763275,4.787406306421613,-0.17670704351385325,-0.5714428679905332,0.9594585663955046,-0.281849710608833
1769099740.813271,4.793604391888627,-0.18068620537570904,-0.5679862985617469,0.959944249763919,-0.28019107292200907
1769099740.8639383,4.799976512497546,-0.18476878057240356,-0.5651284077722746,0.9603436473232757,-0.2788190794149995
1769099740.9134722,4.81004631384775,-0.19114984260483803,-0.5622298781474879,0.9607467213250473,-0.277426994834987
1769099740.9632556,4.816242400491838,-0.19503780419472816,-0.5580601185215867,0.9613230347975409,-0.275423351892402
1769099741.0132122,4.826135907362853,-0.20117638331385462,-0.5510051236328618,0.962288606973016,-0.2720305807991673
1769099741.0629828,4.832731345456262,-0.2051413045950463,-0.5398914383601877,0.9637853733471308,-0.26667912202145067
1769099741.1129673,4.8391359748580545,-0.2089794841170107,-0.5309549372020912,0.9649673374251279,-0.2623700396437434
1769099741.163059,4.848909481897177,-0.2147286680869887,-0.5233736798106197,0.9659549497097137,-0.25871033054616205
1769099741.2129645,4.85555541901047,-0.2185560299479689,-0.5126583506812565,0.9673271626216803,-0.2535313796244744
1769099741.263108,4.86218622270499,-0.2223070541895624,-0.5013220704875003,0.9687486672943878,-0.24804439041298135
1769099741.3129556,4.871828830880552,-0.22762063170899227,-0.4941048963300713,0.9696374476663205,-0.24454696907372106
1769099741.3633199,4.8785684819255275,-0.23127942097763776,-0.4891249353051323,0.9702433583485169,-0.24213183512415581
1769099741.413275,4.885417120044349,-0.23494956627701763,-0.47928633163210926,0.9714227334324125,-0.23735600470748572
1769099741.4631822,4.89567940104888,-0.24028619929953657,-0.4680040658750039,0.972746226642268,-0.23187233244444996
1769099741.5132024,4.902694092081104,-0.24385702062711784,-0.4582984475080987,0.9738600004639196,-0.2271490688874038
1769099741.5632231,4.909352664153452,-0.24717796960492266,-0.450905865354406,0.9746929549219631,-0.22354785533637317
1769099741.613267,4.919618561568233,-0.2521127687055225,-0.4386869714214275,0.9760405098749456,-0.21758888547684624
1769099741.663156,4.926637403507268,-0.2553879777044874,-0.42242796656744563,0.9777771272634794,-0.20964705912646991
1769099741.7132475,4.936773859615146,-0.25993960341141104,-0.40679652198033495,0.9793857899177965,-0.2019986992707968
1769099741.7629714,4.943639558119801,-0.2629362028241962,-0.39791946846406195,0.9802727164170573,-0.19764969377240021
1769099741.8132653,4.950617863003445,-0.2658649968786726,-0.38323101228633,0.9816978510984007,-0.1904450817132914
1769099741.8629618,4.961130050241153,-0.27005136414751335,-0.3687225973580565,0.9830535370270018,-0.183318693369501
1769099741.9132433,4.968251741215843,-0.2727606738206996,-0.34878545391192095,0.9848320885031516,-0.17351010764367725
1769099741.9631376,4.975356461830448,-0.27536582660153924,-0.33822394011244206,0.9857346172670858,-0.16830705368852433
1769099742.0129905,4.985825893311145,-0.2790143762006223,-0.32863512470100836,0.9865302176143982,-0.163579123771
1769099742.063298,4.99304944932176,-0.28143872281231375,-0.3157765084488507,0.9875615214208422,-0.15723307988127533
1769099742.1130023,5.000148613905576,-0.2837527663239698,-0.3023375921672657,0.9885957398995904,-0.15059370190144555
1769099742.163014,5.011320464499741,-0.2872088701671037,-0.28606243607538584,0.9897884620654274,-0.1425440295563305
1769099742.2129905,5.018717529550303,-0.2894149586984691,-0.2784410474259897,0.9903244659311755,-0.1387712224423064
1769099742.2631578,5.026192698666846,-0.2915377069444466,-0.26226247601363417,0.9914146122264264,-0.1307557519343781
1769099742.3133526,5.036952265108462,-0.29432314860002334,-0.24766224495820438,0.992342718882235,-0.12351489092985257
1769099742.3629904,5.044019327322094,-0.29611007808446793,-0.2360936708130316,0.9930405596415196,-0.11777286150407257
1769099742.4132679,5.054976686247708,-0.29871995542735763,-0.22021032854267206,0.9939445477053614,-0.10988282889871588
1769099742.4630044,5.061964134492885,-0.30029450438465227,-0.20908926905525893,0.9945401852049395,-0.10435430040264088
1769099742.5130088,5.069391356333675,-0.30187314008468946,-0.19294030037532123,0.995350362723478,-0.09632058672080844
1769099742.5629864,5.08017515996629,-0.3039669256564094,-0.17618562086330875,0.9961223370147579,-0.08797891622574683
1769099742.613409,5.087668695345494,-0.30533602914251223,-0.1667217227159939,0.9965274949750964,-0.08326434866531497
1769099742.6632724,5.094779736192374,-0.30654569709143437,-0.15211606334981184,0.9971089819813141,-0.07598472249200748
1769099742.7132738,5.106015171936457,-0.3082557328118358,-0.14148792605635668,0.9974986893028315,-0.07068496897596616
1769099742.763097,5.113559876044936,-0.30931631748165545,-0.125523673928543,0.9980311223297439,-0.06272064142873307
1769099742.8133285,5.121238918533217,-0.3103187308401761,-0.1157257433140845,0.9983264110669011,-0.05783058850021194
1769099742.8631113,5.132883762743508,-0.3116406349428761,-0.10459134625643382,0.9986328928966152,-0.05227183969344716
1769099742.913314,5.140640274756294,-0.312427985235797,-0.0909613431475599,0.9989659325216835,-0.045464993798340986
1769099742.9631295,5.148428831029272,-0.3131393747951313,-0.07450438939709064,0.9993062172323375,-0.037243579323104826
1769099743.0129378,5.159403159370637,-0.3140111085490484,-0.0642644065288756,0.9994838051723172,-0.03212667424844195
1769099743.063279,5.16691918925973,-0.31433402160795604,-0.04556980384801901,0.9997404353519017,-0.022782930504877317
1769099743.11327,5.1778167703459115,-0.31483096627436363,-0.031897259589819926,0.999872823299576,-0.01594795369113966
1769099743.1633916,5.185405590004759,-0.3150819362324112,-0.014458987172551462,0.9999738673250632,-0.007229430610830734
1769099743.2132263,5.193021851653969,-0.3152239955649796,-0.003367762941182283,0.9999985822719315,-0.0016838806748290579
1769099743.2634437,5.204334036677651,-0.315315735933311,0.005941665945339952,0.9999955870789698,0.0029708286026515897
1769099743.3130014,5.211900473084892,-0.3153378106122953,0.009931868353555518,0.9999876697742152,0.0049659137663977705
1769099743.3632457,5.219645291741467,-0.3152497061567702,0.01733915941187954,0.9999624194292468,0.008669471103083163
1769099743.4133337,5.2313117648930465,-0.3150466538852331,0.026368708677225114,0.9999130876593253,0.013183972375367418
1769099743.4633987,5.239155624694063,-0.3148754495014517,0.02935205988125751,0.9998923090055382,0.014675503111426682
1769099743.5132527,5.247023513285566,-0.31461929319507603,0.034003334136723906,0.9998554751398216,0.01700084800595148
1769099743.56322,5.258886518184106,-0.31417618742321657,0.04341417845227081,0.9997644103896562,0.021705384544463146
1769099743.6132586,5.2667007156958165,-0.3138564259758576,0.04634466093683109,0.9997315335635626,0.023170256766970952
1769099743.663867,5.274437689997383,-0.31350419162549464,0.047218237263240724,0.9997213177036515,0.023606925443073218
1769099743.7131238,5.285915389557138,-0.31294755655498624,0.05218502916852424,0.9996596096540193,0.026089553970384958
1769099743.762995,5.293624181135862,-0.3125341405725512,0.05887636961490164,0.9995667279286846,0.029433933103529628
1769099743.8130774,5.3012535103264256,-0.31205815017851635,0.06865112823916811,0.9994109356658207,0.03431882386633666
1769099743.863222,5.312592281288323,-0.3112971602550407,0.07425151887104117,0.9993109181466802,0.03711723148133782
1769099743.91309,5.320215628675219,-0.31073953056916315,0.0776802530620466,0.9992458171032375,0.0388303618536237
1769099743.9630067,5.327861448807934,-0.3101415102314616,0.08170216761046173,0.9991657105082774,0.04083972262992513
1769099744.0131161,5.335530230624438,-0.30951355626323446,0.08564832171087683,0.999083185749169,0.04281107278837352
1769099744.0630066,5.347187380125871,-0.30859796326632083,0.07666273083145411,0.9992654431592614,0.03832197943380636
1769099744.1132097,5.354985058583024,-0.30799424304189027,0.07498966457012439,0.9992971511241494,0.037486047473145656
1769099744.1633685,5.362858510756399,-0.30738529346950344,0.07899699419484701,0.9992200357753146,0.03948822742513202
1769099744.2129104,5.3745426924709765,-0.30648509407307345,0.07513749287076653,0.9992943776450732,0.037559909570523214
1769099744.263277,5.382388679250383,-0.30584878207550714,0.07434045560634157,0.9993092666159484,0.03716166916992971
1769099744.3130782,5.389931053215376,-0.3052252704183664,0.07852732592984465,0.9992292814068324,0.039253575368179625
1769099744.363384,5.401259241875203,-0.3043170224479116,0.07766935074303791,0.9992460287588871,0.03882491480471372
1769099744.4131262,5.408803344786816,-0.3037171134842383,0.07381963594911362,0.9993189099965198,0.03690143795799176
1769099744.46313,5.416346110431204,-0.3030992751932393,0.07895251353326042,0.9992209137594317,0.03946600443123684
1769099744.513901,5.427876329536672,-0.30217754423345733,0.07819852615636352,0.9992357211869018,0.03908930165776894
1769099744.5633957,5.435722250908109,-0.3015413994313641,0.07652178821756832,0.9992681412779558,0.03825155979694493
1769099744.6130867,5.443491294002193,-0.30089576335155127,0.0797162454730331,0.9992057701817335,0.039847570007828514
1769099744.6632502,5.455247944415491,-0.2999479501324523,0.08102837729088234,0.9991794125110698,0.04050310622697406
1769099744.71309,5.462994837974295,-0.2993443076358775,0.0781482682128245,0.9992367031453684,0.03906419187920102
1769099744.7632852,5.470717199981778,-0.2987514879529838,0.07355928412441252,0.9993237052077462,0.03677135039485961
1769099744.815305,5.482352570536683,-0.2978769049754438,0.07542994553461987,0.9992888747137626,0.03770603231980484
1769099744.863249,5.490025180546035,-0.2972975907951688,0.07842438096322304,0.9992313005621473,0.039202142503691924
1769099744.9200068,5.497772295532694,-0.2966967867859309,0.0781757168372786,0.9992361669220956,0.03907790571202429
1769099744.9633818,5.508645373588047,-0.2958126387921736,0.07703923379030485,0.9992582112836872,0.038510091951669635
1769099745.0130978,5.516140350835519,-0.29523408645685456,0.07465838438508442,0.9993033466078145,0.0373205232870898
1769099745.0632603,5.523757208405523,-0.29458982753272245,0.07523824574960714,0.9992924842425674,0.0376102504155209
1769099745.1144183,5.535184222138192,-0.2936457447806129,0.07990930860924904,0.9992019189778499,0.03994402472188022
1769099745.163025,5.542878508311394,-0.29301879762232547,0.07583601861293052,0.9992811984142472,0.03790892369595549
1769099745.2210572,5.5507748385306686,-0.2923777958267696,0.0714195219604461,0.9993624742367361,0.03570217202676927
1769099745.2630234,5.562506629008817,-0.29143548348802606,0.07610488094529184,0.9992760932440673,0.03804325788985605
1769099745.3130503,5.5703016122028055,-0.2907964814673535,0.07721080231420213,0.9992549040471351,0.03859581243801887
1769099745.363245,5.57807092201706,-0.29015402732657736,0.07517096447923455,0.9992937489098348,0.03757663356033883
1769099745.4134831,5.589270753335569,-0.2892263780199026,0.07559578152096336,0.9992857447699836,0.0377888912181781
1769099745.4633403,5.596433481313709,-0.28861812036271783,0.07887519462003181,0.9992224387470228,0.03942737506419084
1769099745.5180051,5.607734546408746,-0.2876876934686514,0.08120867485822679,0.9991757571452462,0.04059318087097987
1769099745.5633008,5.615425742044954,-0.2870219719067859,0.08104493053099689,0.9991790772480252,0.040511376053953094
1769099745.623056,5.623066181505694,-0.28635681503622656,0.08739124258420698,0.999045498224217,0.04368171789119821
1769099745.6633825,5.634135906708114,-0.2853958844780104,0.08829195507741877,0.9990257245767907,0.04413163982697863
1769099745.713996,5.641850720683704,-0.2847119113452639,0.0858457759044302,0.999078954267198,0.042909709161940084
1769099745.7633147,5.649616296487535,-0.2840268586725898,0.08427126135627615,0.999112425642803,0.04212316377190064
1769099745.8149893,5.660889341982749,-0.28306646535331204,0.08379129270676054,0.9991225057710413,0.04188339124038848
1769099745.8633482,5.668330655357506,-0.2824517574703493,0.07771411940535539,0.9992451594387968,0.03884728224900188
1769099745.9199834,5.676125207977839,-0.2818097216771341,0.08177128111860078,0.99916429862344,0.04087425052926622
1769099745.9633827,5.687805850606795,-0.2808641010350626,0.08314667551903646,0.9991359532519084,0.0415613633005504
1769099746.0133662,5.69552636951726,-0.28024750084883143,0.08133024887441637,0.9991732877612262,0.04065391770078305
1769099746.0634122,5.70309359249384,-0.2796198842883574,0.08582330640823803,0.9990794362839196,0.042898484758853
1769099746.1133804,5.714366716463627,-0.27866063832592175,0.09072770777186766,0.9989712368209944,0.04534829659791606
1769099746.1632771,5.721832114965028,-0.27803077454766134,0.08805693450161678,0.9990309036008733,0.04401424372203371
1769099746.2132387,5.729447271500773,-0.2773694408978797,0.0881884944130744,0.9990280061844673,0.04407995983537202
1769099746.263375,5.740945059378322,-0.2763639854235339,0.09314890582192613,0.9989156062096974,0.046557616677755154
1769099746.3134437,5.748712552097285,-0.27570115712869,0.09146703875453434,0.9989544048650378,0.045717578684112005
1769099746.363382,5.756553346209045,-0.27500520100261744,0.09074329600746356,0.998970883340686,0.045356082696035104
1769099746.4133282,5.768199730115852,-0.27395615707466436,0.0918741669706904,0.9989450777094647,0.04592092899791413
1769099746.4630332,5.775965978639252,-0.2732787241169058,0.09100113611314016,0.9989650277304866,0.0454848696978249
1769099746.5134501,5.783429074863252,-0.2726213631948895,0.08602201083261485,0.9990751692936786,0.04299774529911396
1769099746.563352,5.794522951346733,-0.2716459830319032,0.08746692053780879,0.9990438446374966,0.04371952071934806
1769099746.6130147,5.802061916113318,-0.2709848862405714,0.08836538628041354,0.9990241035837288,0.044168319627614076
1769099746.6632502,5.813130486421095,-0.27001029115055974,0.08936751274566264,0.9990018470539701,0.044668888308934125
1769099746.713371,5.820767299965798,-0.2693065806342171,0.09197277660179683,0.9989428123723312,0.04597018174488235
1769099746.763338,5.828277948117959,-0.2686132090991182,0.09465137534316104,0.9988803486421386,0.04730802359599922
1769099746.8133092,5.839291152428268,-0.2675889333087716,0.0910102039885444,0.9989648214946534,0.0454893989425597
1769099746.863351,5.846977987752045,-0.2668766313813003,0.09239944326631652,0.998932982668851,0.04618328849608929
1769099746.9133909,5.854690018960994,-0.2661620090993074,0.09346448964732454,0.9989082473586975,0.04671523690162752
1769099746.9636197,5.866337048178944,-0.2651197036336707,0.08814254513783715,0.9990290186419102,0.04405700751732765
1769099747.0135002,5.874356417848377,-0.264431333876907,0.08202499294613005,0.9991591054435663,0.0410010001001463
1769099747.063088,5.882147010608637,-0.2637434553130729,0.08457208653399997,0.9991060784867798,0.04227344238134292
1769099747.1134324,5.893771917753188,-0.26273923065690824,0.08702239628695686,0.9990535371544055,0.043497470032991384
1769099747.1634939,5.901437604917944,-0.26207453871575587,0.08663601000854793,0.9990619219230046,0.043304458933374985
1769099747.213394,5.909001010215217,-0.26140238578636826,0.08790166816137662,0.9990343175556062,0.04393668565338223
1769099747.263029,5.92027160582568,-0.2604137163821303,0.08988365229869308,0.998990286097309,0.04492669900200573
1769099747.3133352,5.927785242325574,-0.2597535738146586,0.08738986155812337,0.9990455283867746,0.043681028037241915
1769099747.3633938,5.935473252913358,-0.2590538397792246,0.08820780908758624,0.9990275804428421,0.04408960778370017
1769099747.413344,5.947068666767058,-0.2580028894554537,0.09340026646404445,0.9989097469442937,0.04668316034382267
1769099747.46305,5.9547567135520305,-0.2573042104648557,0.08979370963152035,0.9989923055006866,0.04488177303118491
1769099747.5132897,5.962518535155655,-0.2565778316102553,0.08819072401074465,0.9990279570435586,0.04408107355060219
1769099747.5631392,5.974137333952855,-0.25550451691709536,0.09167282291871903,0.9989496956003316,0.04582036294056155
1769099747.6133807,5.981901299194089,-0.2548019735871981,0.08593838948334638,0.9990769661851588,0.042955973254704766
1769099747.663307,5.989715140526646,-0.2540889084262322,0.08313482973517325,0.9991361993978466,0.041555445525545354
1769099747.7130482,6.001385937507028,-0.2530285094984944,0.09028035900867545,0.9989813550837281,0.04512485119175816
1769099747.7633116,6.009022322547372,-0.25232004317921236,0.09202304429198468,0.9989416566493833,0.045995289004263654
1769099747.8130703,6.016706856486834,-0.25158229298256246,0.09206337587242878,0.9989407289149197,0.04601543344280215
1769099747.8634024,6.027992129380568,-0.2504752313818475,0.0968763441591059,0.9988271010965091,0.04841923290536624
1769099747.9133768,6.0354978548456595,-0.2497297304952453,0.09885216057331978,0.9987787799378002,0.04940595860783631
1769099747.9630697,6.043054936115252,-0.24899026586275805,0.09594568412054212,0.998849523879251,0.047954443445769955
1769099748.0133603,6.0545918344643885,-0.2478578988788314,0.09657868033246277,0.9988342963610786,0.04827057502111571
1769099748.0633872,6.06242722821417,-0.24710358087027112,0.09616918253185232,0.9988441587715405,0.04806606378697533
1769099748.113452,6.069810600284883,-0.24640828169436976,0.09478319420631375,0.998877228427602,0.04737385912918906
1769099748.163039,6.081678837177501,-0.2452843659753469,0.09275903959942186,0.9989246628518554,0.04636289406742207
1769099748.2133057,6.08896145449702,-0.24459914337257754,0.09550807541722414,0.9988599926099423,0.0477358896771188
1769099748.263284,6.096649073865336,-0.2438949894464114,0.09401469248960133,0.9988953581317158,0.04699003620887352
1769099748.3134582,6.1080923596414385,-0.24284780492800737,0.08968218503935324,0.9989948066582517,0.044826066856710804
1769099748.3633091,6.115704124134777,-0.24214866926755188,0.09293746989060536,0.998920522604125,0.0464520130920263
1769099748.413171,6.123215670999398,-0.24146493761059998,0.09422466696219522,0.9988904192726178,0.04709490721271136
1769099748.4630594,6.134657247575328,-0.24039977379318406,0.09301671742963318,0.9989186812160912,0.04649159405210048
1769099748.513067,6.142291237486014,-0.2396660998902664,0.09835206848654914,0.9987911024788065,0.049156216383793104
1769099748.5633585,6.14992398536411,-0.23892007242718982,0.10283870479547638,0.998678316343436,0.05139669702850526
1769099748.6133392,6.161409619638396,-0.23778530488623498,0.0985142991361093,0.9987871118704831,0.04923723348665281
1769099748.663377,6.168688589584401,-0.2370622587470651,0.10160726022594582,0.9987097731267346,0.05078177883007249
1769099748.7134013,6.176372352721169,-0.23631774220027363,0.1027746436841793,0.9986799620958998,0.05136470878075871
1769099748.7632594,6.188087287383206,-0.23518564262348787,0.09449413974010012,0.9988840648080254,0.04722949367287816
1769099748.8133442,6.196020580257553,-0.2343922390584368,0.101703056886876,0.9987073396186665,0.05082961530255309
1769099748.8633232,6.203775989026414,-0.23360075950292308,0.10766007060572297,0.9985515134703177,0.05380404209850803
1769099748.913417,6.215259381034465,-0.2324434076459352,0.10781490530737749,0.9985473451115363,0.05388134715003243
1769099748.9630802,6.222813173949578,-0.23167108288249197,0.10763034237522476,0.9985523131094893,0.053789199507786406
1769099749.0130794,6.230364375543895,-0.23087376024528639,0.10982459024436377,0.9984926987339998,0.054884702558125824
1769099749.0633636,6.241614492984851,-0.2296748070889783,0.11238914494587199,0.998421500463982,0.056165001658067315
1769099749.1134248,6.249264953553902,-0.22885361155500886,0.1099027416951194,0.9984905533121303,0.05492371934270131
1769099749.1632588,6.256939368926935,-0.22801818618645653,0.11076838681593888,0.9984666875617428,0.05535588342245984
1769099749.2130623,6.26818727490015,-0.2267981972633635,0.11094032948063787,0.9984619248528289,0.055441722729220766
1769099749.2632458,6.275912531197148,-0.2259619079862327,0.1077019183388353,0.9985503874631336,0.0538249356453459
1769099749.3133132,6.287612690054666,-0.22468654364572233,0.10564337063695546,0.9986052591177197,0.05279712551296565
1769099749.363374,6.295364183149068,-0.22385768166086448,0.10584514235472867,0.9985999275524942,0.0528978703933661
1769099749.4134338,6.30301699424464,-0.22305802707361025,0.10106736241766062,0.9987234452229194,0.05051217637423951
1769099749.4630601,6.310742431325649,-0.22222379901921155,0.10869027473030256,0.998523666425598,0.054318390881736796
1769099749.513349,6.322165674585993,-0.22097729112890221,0.1147912657408615,0.9983533227865603,0.057364125383677
1769099749.563157,6.329742027586527,-0.22017658107926164,0.11188094974013664,0.9984357396242775,0.055911303337714616
1769099749.6133614,6.337338295124718,-0.2193252438342853,0.11074686892548241,0.998467283074872,0.0553451409708525
1769099749.6633818,6.34860210576649,-0.21801881911962728,0.11845629242842826,0.9982465260329236,0.059193523828198515
1769099749.714586,6.356169891143919,-0.21714165833361637,0.1163916175543412,0.99830710178686,0.05816296520914284
1769099749.763299,6.3638118886353165,-0.21624469990556458,0.11862423482819433,0.9982415519623091,0.059277347577978486
1769099749.8131247,6.37539811539158,-0.21486380937430524,0.12079823844631714,0.9981765276434035,0.060362402716904955
1769099749.863289,6.383118081190553,-0.2139799757305988,0.12016412281247017,0.9981956158435361,0.06004592001746333
1769099749.9133027,6.390987779791783,-0.21306888932595566,0.1167380180602756,0.9982970129728511,0.05833587137845094
1769099749.9632416,6.4027481207101875,-0.21165158329483974,0.12432928558906624,0.9980684007595593,0.06212461191231578
1769099750.0133114,6.4104334070882265,-0.2106911231648409,0.1308832532494752,0.9978594608398705,0.06539492650323056
1769099750.0632126,6.418023098530032,-0.20978366486891759,0.12896618324431489,0.997921685745028,0.0644384133867488
1769099750.1133337,6.429326216967525,-0.20838154155548874,0.1257420168100978,0.9980242690794975,0.06282959755031711
1769099750.1631384,6.436885288017866,-0.20743170464837402,0.13198799171635864,0.9978231864669546,0.06594610336428769
1769099750.2130795,6.444418683035132,-0.20648106485687998,0.13403520119427556,0.997755160991934,0.06696744518017593
1769099750.2630723,6.45586424986205,-0.20499552872212118,0.13124037396357907,0.9978477679907305,0.06557310360137954
1769099750.3130925,6.46357053080308,-0.20399957167433405,0.13417882104704024,0.9977503494920849,0.06703909373210842
1769099750.3630402,6.47125066383944,-0.20299895850102884,0.13625853446746822,0.9976800990185195,0.0680765746964188
1769099750.413094,6.482870362847004,-0.20147795804368354,0.1291719797721467,0.997915049861149,0.06454109745441614
1769099750.4630735,6.490652283441666,-0.20047469202950408,0.1289486301606357,0.9979222512530254,0.06442965508283956
1769099750.5130913,6.498361757186558,-0.19950307325114924,0.12707592266068973,0.9979821427250573,0.06349521873262219
1769099750.5630615,6.5095625905733225,-0.19809785455520704,0.1274040406216781,0.9979717123337336,0.06365894581027662
1769099750.6131017,6.517346306712596,-0.1971086202983811,0.12663783592716102,0.9979960269898408,0.0632766158426069
1769099750.6630523,6.5248498960407835,-0.196124038560365,0.13227878601943588,0.9978135875442475,0.06609118331576676
1769099750.7130976,6.536090806688874,-0.1946344546451481,0.13759006368058263,0.997634554940791,0.06874077965872798
1769099750.763048,6.543539197875575,-0.19361952831988788,0.13581808218406505,0.9976950670662644,0.06785685780849378
1769099750.8130944,6.550985753770423,-0.19259059427146252,0.13644031784077368,0.9976739073027657,0.06816725524203313
1769099750.8630502,6.5622446713756934,-0.19104508993831074,0.13845271731840203,0.997604812398517,0.0691710797900381
1769099750.9130704,6.570042877387016,-0.18997266529646484,0.13275512336096779,0.9977978183949703,0.06632882937484906
1769099750.9630883,6.5776805411565915,-0.18884622153856057,0.1390621733280341,0.9975836877153372,0.0694750746978263
1769099751.0130763,6.588759866957248,-0.18729549738596205,0.14204122011437853,0.997479096345346,0.07096092131639731
1769099751.0631793,6.596127568906618,-0.18625138340354974,0.13812414676851192,0.9976161627258243,0.06900718707643226
1769099751.1130846,6.607351698195538,-0.18463936899328545,0.135589738706248,0.9977028078991301,0.06774294878577046
1769099751.1630719,6.614967735852191,-0.18354278017078923,0.14020241534148978,0.9975439163916736,0.07004380679233324
1769099751.2130928,6.622133554324536,-0.1825167847605262,0.13756880635273763,0.9976352855070851,0.06873017613244346
1769099751.2630856,6.633508739754018,-0.18088836758437718,0.13669314956151649,0.9976652819086698,0.06829337650236958
1769099751.3131034,6.641096117944232,-0.1797694509071691,0.14505822022212392,0.9973709169145737,0.07246553727795446
1769099751.3630528,6.648582516697831,-0.17866128180405866,0.14476534447384318,0.9973815179199268,0.07231948362469673
1769099751.413091,6.6599465114235095,-0.17695566224168244,0.14440132635926975,0.9973946642006153,0.0721379499579927
1769099751.4630532,6.6675521891187275,-0.17578792279112443,0.15039770674818062,0.9971738983714435,0.07512800015106211
1769099751.5132852,6.675085543141122,-0.1746521576017068,0.14609920724951694,0.9973330639735382,0.07298465253157252
1769099751.563064,6.68670113527361,-0.1729188276016097,0.1425976930238161,0.9974593138202466,0.07123845361350116
1769099751.613261,6.694536116572945,-0.17174557574990287,0.1450457435789436,0.9973713689584922,0.07245931535602006
1769099751.663059,6.702300180663259,-0.17061247249917968,0.14342501829421567,0.997429759793628,0.07165105915494598
1769099751.7133286,6.713997691067547,-0.1689145941386514,0.14189942672970735,0.9974841247331132,0.07089020316951487
1769099751.7630358,6.721659604754868,-0.16778238006124174,0.14390956360798615,0.9974123714287392,0.07189270700772689
1769099751.8131084,6.728770523346738,-0.16673066754139962,0.14755807140063085,0.9972795613056145,0.07371211977742262
1769099751.8630662,6.740012234899803,-0.16506467763592195,0.1474157562261969,0.9972848039573883,0.07364115558350214
1769099751.9130988,6.747519404675153,-0.16392432959349876,0.14957276667122704,0.9972048015943172,0.07471668941567461
1769099751.9631166,6.754977725666242,-0.16280003304869203,0.151340031982845,0.9971383901841523,0.07559782285858041
1769099752.0130935,6.766388868749615,-0.16106926465232574,0.152450564211042,0.9970962595578979,0.07615148833508736
1769099752.0632033,6.774118358190347,-0.15987624128796207,0.15186705541334455,0.9971184346525532,0.07586057787838148
1769099752.113106,6.7817968135225,-0.1586842674477739,0.15743417882774524,0.996903409383674,0.07863582109450379
1769099752.163276,6.7932736527287805,-0.1568816212516147,0.15848980544045432,0.9968617654907662,0.07916198900124158
1769099752.2131145,6.8010003095556675,-0.1556707995049627,0.15220446973307333,0.9971056222399293,0.07602879781716626
1769099752.2630923,6.808727489026234,-0.1544629549949162,0.15518634276795643,0.996991159942182,0.07751533394846769
1769099752.3131216,6.820261683474222,-0.1526992859819741,0.15403811162551437,0.9970354983914953,0.07694293305575572
1769099752.363069,6.827917574910616,-0.15152724483120092,0.15933799218015948,0.9968281037717148,0.07958474433512605
1769099752.413143,6.835539544526294,-0.15030239214560845,0.16514644995540662,0.9965927678901089,0.08247942161006959
1769099752.463061,6.846841499800371,-0.148528300029151,0.162278511343951,0.9967100161778002,0.08105025386048603
1769099752.5133877,6.854334944029059,-0.1473014870072691,0.1625462990953245,0.9966991551109237,0.08118370650057208
1769099752.5630662,6.861779236355638,-0.14608784068995098,0.16491338046454732,0.9966023728414499,0.08236328336577978
1769099752.6133504,6.873146420641079,-0.14424043286414642,0.16613247925974076,0.9965519832107658,0.08297074640311283
1769099752.663069,6.880746676520027,-0.14303928755559409,0.16076607372145632,0.9967710229058688,0.08029649989375545
1769099752.7134283,6.8885695425870095,-0.14178815302734546,0.1584177393564577,0.9968646172908872,0.07912606898799575
1769099752.7654626,6.900265987949428,-0.13991558125519785,0.15974586612597685,0.9968118527707935,0.07978803278473416
1769099752.8131244,6.9080166917986,-0.1386940017920987,0.16037783818186452,0.9967865911032352,0.08010300741415233
1769099752.863078,6.9157908065128035,-0.13745862891447314,0.1574755988275953,0.9969017806220372,0.07865646694717231
1769099752.9131184,6.927213926040266,-0.13564003274943784,0.15457136401487423,0.9970149479508991,0.0772087660985846
1769099752.9632046,6.934687414971676,-0.13444858733598744,0.1583520900511044,0.9968672140395791,0.07909334721054591
1769099753.013121,6.942185681964159,-0.13325160432810584,0.15478040276266944,0.9970068726931768,0.0773129730547954
1769099753.0664468,6.95343091965646,-0.1314425187408823,0.15581848506908516,0.9969666097816098,0.07783045021431773
1769099753.1131191,6.960999230439858,-0.1302023019648492,0.16162329918001775,0.9967365152471129,0.08072372125368053
1769099753.163149,6.968541735405824,-0.1289616255564049,0.16068432248561584,0.9967743042422074,0.0802557561952002
1769099753.2131164,6.979977011242948,-0.12705916225628208,0.16069303442104887,0.9967739546412677,0.0802600981111287
1769099753.2631028,6.987663733622388,-0.12575889440428656,0.16677769886815505,0.9965251641758653,0.08329223952004525
1769099753.3131247,6.995278604748456,-0.1244909502784168,0.16325926354406772,0.996670151233208,0.08153900686649451
1769099753.367501,7.0067901411736875,-0.1225850742745511,0.15820725524828697,0.9968729391603224,0.07902115647002488
1769099753.4133956,7.01457847692016,-0.12127917108275638,0.16354662530793632,0.9966584253491029,0.08168220847067496
1769099753.4630854,7.0222200917790705,-0.12001748523578706,0.16182192433272785,0.9967284934509953,0.08082270932670561
1769099753.5131073,7.033829369097444,-0.11808182021415616,0.16364747542203473,0.9966543052519876,0.08173246492476435
1769099753.563067,7.0413352758651,-0.11677468832497429,0.16990579160427624,0.9963936724341403,0.08485074857187236
1769099753.6131787,7.048766335850471,-0.11548184197181088,0.1745680735554813,0.9961931662473685,0.08717325003716916
1769099753.668464,7.059959813017735,-0.1135179878004094,0.17380544999894534,0.9962263340109712,0.08679338352121685
1769099753.713217,7.067460731098402,-0.11218410169453377,0.1740257634426452,0.9962167670920276,0.08690312402157284
1769099753.763058,7.074988981968822,-0.11085987797041921,0.17632912077529309,0.996116021967349,0.08805038773306892
1769099753.813169,7.0826655425671525,-0.10950239703802701,0.17402691138845747,0.9962167172118248,0.08690369582299146
1769099753.8630545,7.094356816481518,-0.10744620146176553,0.17022768260081245,0.9963800031831734,0.08501111254829744
1769099753.9131174,7.102084269032455,-0.10608547514869167,0.17476722357671876,0.9961844810313661,0.08727244554994328
1769099753.969496,7.109792448977846,-0.10476175756000664,0.16905505214710095,0.9964296752295041,0.08442690520222214
1769099754.0131335,7.121269385634856,-0.10280282594711224,0.16552568506719814,0.9965771104277097,0.08266839161104164
1769099754.0632648,7.128875209447755,-0.10148138569409813,0.1684340928741372,0.9964558400372029,0.08411753001457187
1769099754.1131337,7.136384965781965,-0.10019867894417817,0.16860896921204663,0.9964484811452424,0.08420465796700045
1769099754.1639216,7.147707983150311,-0.09824057846239716,0.16816885607055337,0.9964669868069098,0.08398538089428287
1769099754.2131345,7.155234816249402,-0.09690741723504365,0.17560914215059403,0.9961476546207116,0.08769179091371937
1769099754.2705362,7.162687044746458,-0.09558943152487158,0.17895879223633823,0.9959993891657507,0.08936004018268666
1769099754.313134,7.1739201291804635,-0.0935590092177782,0.17855168752219275,0.9960175579785313,0.08915730030952661
1769099754.3630784,7.181489070404815,-0.09217449423766172,0.17936672723114977,0.9959811419039613,0.08956318982529261
1769099754.4132533,7.1925717310366375,-0.09016563300892244,0.18143267200695556,0.9958880942465473,0.09059196287739878
1769099754.4644792,7.200123799837685,-0.08883075092993556,0.1773354351072766,0.9960715926937458,0.08855157948080107
1769099754.5131242,7.207948065194098,-0.08743627207566618,0.17632326406910004,0.9961162798057036,0.08804747075325398
1769099754.569533,7.215650173110376,-0.0860776309402056,0.17613628775459353,0.9961245068484373,0.08795434529321161
1769099754.6131845,7.227264256498764,-0.08402090754855844,0.17798005505872666,0.996042999898996,0.08887261868657033
1769099754.6645043,7.23491231851125,-0.08264760889233781,0.17566782034625927,0.9961450813939459,0.08772101694946804
1769099754.713418,7.246148503379201,-0.08063438657499293,0.17400200134241542,0.9962177995220866,0.08689128791410439
1769099754.7655275,7.253522022165775,-0.07930739018836655,0.17751659042080056,0.9960635678131438,0.08864180094825869
1769099754.8132584,7.2610204649671095,-0.07796010288128567,0.17397241494653223,0.9962190848131025,0.08687655065749608
1769099754.8632624,7.268491713436507,-0.07660436503191638,0.17974527325123213,0.9959641721693856,0.08975170056857142
1769099754.9131222,7.279923194236419,-0.07453319320786732,0.18259727941874634,0.9958351733721501,0.09117185681371075
1769099754.9632363,7.287571552435844,-0.0731616579968207,0.1844134267117896,0.9957519720413591,0.09207611077659851
1769099755.0131319,7.295259941493087,-0.07172752132323852,0.1874400593754996,0.9956114916136494,0.09358289249026282
1769099755.063367,7.306788602553938,-0.06962503855559461,0.18648987170290765,0.9956558399055814,0.09310987306355438
1769099755.113131,7.314566476701003,-0.06825691935124384,0.17934695647761842,0.995982027221173,0.08955334417207746
1769099755.163151,7.322245548636814,-0.06691212477604049,0.17392476921110228,0.9962211541789845,0.08685281783737321
1769099755.2131352,7.3336663971987806,-0.06492520908467757,0.17529290401625952,0.9961615079121692,0.08753427988024697
1769099755.2632213,7.3408513851583015,-0.06369409577751958,0.17476109407725107,0.9961847484948919,0.08726939249341033
1769099755.3131347,7.34852963042669,-0.06234588252683459,0.17639121863005314,0.9961132876171092,0.08808131602465023
1769099755.3631692,7.359640713335395,-0.060352019961590904,0.1825740124385091,0.9958362339516582,0.0911602717688923
1769099755.4131303,7.367039430438606,-0.05902228647794302,0.18531760559850705,0.9957102436467951,0.09252627030654587
1769099755.4631445,7.374586871982272,-0.0576615737863254,0.18294487603694606,0.9958193128176531,0.09134492990515189
1769099755.5134068,7.38586127506107,-0.05557565635255116,0.18224951841145856,0.9958510113261969,0.09099869911482651
1769099755.5631518,7.393484868701058,-0.05420892765826463,0.1803073053281028,0.995938911176729,0.09003157892712778
1769099755.61315,7.404665132849109,-0.05217091053550774,0.17950918657057935,0.995974759820899,0.08963413300580575
1769099755.6631587,7.412456410798979,-0.05073631658688533,0.17883281065913115,0.9960050160491649,0.08929730121847282
1769099755.713477,7.420148443843969,-0.04932180831991127,0.18350655345697542,0.9957936203553853,0.09162459091049038
1769099755.7631364,7.431597956788347,-0.0472085632637782,0.18535578589744897,0.9957084771250299,0.09254527854706585
1769099755.813194,7.439236638730782,-0.04578408524968486,0.1827883604951055,0.9958264582189076,0.09126699902586004
1769099755.8631344,7.446725155658643,-0.044382571137642816,0.18760914653218408,0.9956035762229315,0.09366706471385489
1769099755.9131796,7.454141174015948,-0.043006792527400216,0.18511989219071623,0.9957193856235236,0.09242783722187105
1769099755.9634004,7.464979136428884,-0.04092764345320364,0.1923205605497695,0.9953801617883526,0.09601215297134512
1769099756.0131364,7.472084532383838,-0.03954402883199966,0.1980369008419369,0.9951016773972168,0.09885672279235964
1769099756.0634117,7.483364455153054,-0.03735252571073117,0.2002752891500866,0.9949904143241708,0.0999703726261683
1769099756.113152,7.490992946959742,-0.03587486757124295,0.19582118591790942,0.9952105858647875,0.09775423153330179
1769099756.163226,7.498521475024937,-0.03441299753808438,0.1915638302219582,0.9954164181920725,0.0956355289297084
1769099756.2131546,7.510102499283532,-0.03217758455453756,0.19249265810489935,0.9953718963748758,0.09609780386191784
1769099756.2631867,7.517811529553914,-0.030715668568095204,0.18785609175907647,0.9955920033164565,0.09378999377505517
1769099756.3131711,7.525495190352261,-0.029256389592450166,0.18403820613259,0.9957692289430157,0.09188929584142017
1769099756.3631482,7.536559521450364,-0.027149433953815996,0.18882310847759803,0.9955465386973051,0.094271359849188
1769099756.41344,7.543743474935507,-0.02577214568072866,0.19029344193616174,0.9954769645046964,0.09500322700053684
1769099756.4631524,7.554897233904043,-0.023593492875556604,0.18927845436945936,0.9955250498572144,0.09449801641722957
1769099756.5132134,7.5623171872650765,-0.022103041005680796,0.1975929519188542,0.9951235965491942,0.09863583319968752
1769099756.5631502,7.569664733126197,-0.020639270035663553,0.19737006890064407,0.9951345824959507,0.09852493451208201
1769099756.61336,7.577132783859082,-0.019132327670739517,0.1967843847478417,0.9951633920723181,0.0982335130142346
1769099756.663142,7.588470253128298,-0.016839007253474134,0.202078282360452,0.9948998870724348,0.10086731236261075
1769099756.7132597,7.596138097760302,-0.015299163098010278,0.2022669813558635,0.9948903658639788,0.10096118021813255
1769099756.7631593,7.603851143175519,-0.013727226920233107,0.19984085855778888,0.9950121059450362,0.09975424313192985
1769099756.8134758,7.615306592226532,-0.011379302017284395,0.2004050057778066,0.9949839283216071,0.10003490581643525
1769099756.8634586,7.622969043808343,-0.009812403986337873,0.20331808417940916,0.9948371681791349,0.10148403228744687
1769099756.9131606,7.630556226077642,-0.008256599994751092,0.19909358748730208,0.9950493082206023,0.09938246429678023
1769099756.9632444,7.6420102834010715,-0.005901921854925451,0.19770160770812234,0.99511823640348,0.09868989602399932
1769099757.0134022,7.649470654278328,-0.004357209031009879,0.20334903662934387,0.9948355974702823,0.10149942859911348
1769099757.063547,7.65694787562193,-0.0027688314002215107,0.20403284539908922,0.9948008362238103,0.10183956131291813
1769099757.1131706,7.6681757874135155,-0.000445641110115769,0.20329351138891902,0.9948384149769786,0.10147180931713466
1769099757.163239,7.6755975856912,0.001160680104034136,0.2119210416129552,0.9943914345381557,0.10576235113285219
1769099757.2134995,7.683047028322611,0.0027566256756822016,0.20994771590409742,0.9944953022827089,0.1047811707208099
1769099757.2634678,7.694356622947196,0.005183466605887237,0.20648271448569955,0.9946753431268358,0.10305805051286115
1769099757.3133416,7.7019781795747555,0.00682256457528717,0.2091035462929715,0.9945394402340221,0.10436140004330131
1769099757.3633978,7.70965518572993,0.008443683490291003,0.20651910249617575,0.9946734679234954,0.10307614762420599
1769099757.413323,7.7212743389170155,0.010874546562447455,0.2029184802062222,0.994857425032894,0.10128525982056658
1769099757.4631624,7.728976463547387,0.012499364192256852,0.20455521915772404,0.9947742031349495,0.10209938676224417
1769099757.5134075,7.736532414365335,0.01408125423663174,0.2066993474444569,0.9946641744066602,0.10316578963938054
1769099757.5631523,7.747803962432622,0.016443198262732165,0.20697153799445095,0.9946501248186453,0.10330115777789377
1769099757.613303,7.7552816642714015,0.018028265799114304,0.2071956705317638,0.9946385419975393,0.10341262385709574
1769099757.6634946,7.762609622662244,0.01958744808672525,0.2130602102825415,0.9943310326596271,0.1063287237299479
1769099757.713288,7.773276780147108,0.02187101105952586,0.2132679711538006,0.9943199818205208,0.10643201469689047
1769099757.7635324,7.780821047419771,0.023507729575408882,0.21228608090951087,0.9943721142678424,0.10594384534507395
1769099757.81346,7.788339732643179,0.02514310654790353,0.21800681039093986,0.9940650088236952,0.10878767500202718
1769099757.8632834,7.7997110928261275,0.027642757014868107,0.22074692609402988,0.9939150305030857,0.11014949904584301
1769099757.9131405,7.8072993407622775,0.029314917755940518,0.21612749966954237,0.9941667928747364,0.10785354859790594
1769099757.963531,7.8148879281850965,0.030985913376378432,0.2192260340266765,0.9939985058650049,0.10939364852740703
1769099758.0135112,7.826309576735019,0.03349275529723562,0.22077227540319827,0.9939136343163981,0.11016209656669275
1769099758.0632164,7.833927429979027,0.035148603880658484,0.21538740794230124,0.9942066355657733,0.10748565391244409
1769099758.1134105,7.8416647979739516,0.03685006908230044,0.2215260771346467,0.9938720435329818,0.11053669564255501
1769099758.1635525,7.852931057291911,0.039356242908467884,0.22716717998623234,0.9935563161348306,0.11333951944747415
1769099758.213457,7.860319522678059,0.040994308717603074,0.22559364963181192,0.9936451802073464,0.11255778893843889
1769099758.2631657,7.867698890273245,0.04267288014213272,0.22984175847353988,0.9934038600503973,0.11466808988105952
1769099758.3133469,7.8787484413386,0.04521895740000232,0.23386135152316528,0.9931713943584706,0.11666439657432498
1769099758.3631768,7.886154010296685,0.04689661500714648,0.2291212500687265,0.9934451052472545,0.11431020453254097
1769099758.4135144,7.893728868514416,0.048628904098214444,0.22806784331972896,0.9935051750159364,0.11378693781165611
1769099758.4635508,7.905156740000876,0.0512245953975423,0.22765236809653597,0.9935287914051425,0.11358054696574117
1769099758.5132432,7.912898248651188,0.05291027553048018,0.22080334987210623,0.9939119225821077,0.11017753922255863
1769099758.5635228,7.920652852025347,0.05465089780560379,0.21705782022119252,0.9941165161341694,0.10831598381246267
1769099758.6134727,7.932067942114209,0.05718721603392304,0.2153546105586885,0.9942083980562058,0.10746935020978397
1769099758.6635401,7.9396062688807305,0.0588508142360546,0.21508523763283602,0.9942228637051241,0.10733544282287226
1769099758.713175,7.947097552839415,0.060492791631052804,0.21117994255287048,0.9944305564583386,0.10539387260158514
1769099758.763293,7.958323729989883,0.06294524678489838,0.21127254253805292,0.9944256756569446,0.10543991461599933
1769099758.8131697,7.965690248071816,0.06456527476232934,0.21562933030203307,0.9941936267008686,0.10760591353347548
1769099758.863445,7.973129394217832,0.06620877337279354,0.2156831775207472,0.9941907292009526,0.1076326807753021
1769099758.9132528,7.984466035292265,0.06874886900906099,0.21598108063328583,0.9941746861168659,0.10778076583709771
1769099758.963483,7.99188630100324,0.0704783342420206,0.21703974185158187,0.9941174951817514,0.10830699780513037
1769099759.0132134,7.999400231688423,0.07213525499861177,0.21513451442948223,0.9942202188299581,0.10735993884922865
1769099759.0634522,8.01076024454706,0.07468691438912882,0.21174532358212547,0.9944007228762258,0.10567498447238836
1769099759.1134315,8.01831356321974,0.07640098650421437,0.21602930957421684,0.9941720867517114,0.10780473980186364
1769099759.1631753,8.025973433290904,0.07810146724866011,0.21364910103998827,0.9942996815554558,0.10662149529395713
1769099759.2133002,8.037513306129421,0.0806603178872241,0.21441023429146136,0.994259032971054,0.10699988483855717
1769099759.2634442,8.045188782571874,0.08240809380431169,0.22092495236725768,0.9939052218131296,0.11023797010374307
1769099759.3134134,8.052641977874261,0.08410507850166195,0.22720031404473132,0.993554438299348,0.11335597970846988
1769099759.3634624,8.063690958967975,0.08665390111491382,0.2275771014897385,0.9935330651127753,0.11354315711487756
1769099759.4131844,8.07108445358951,0.08838438535384553,0.22731795786758816,0.9935477687650959,0.1134144222834983
1769099759.4635022,8.078428239328593,0.0901051212789368,0.232543618275017,0.9932480450595901,0.11601000381562973
1769099759.513157,8.085868250468762,0.09185830950745086,0.22692851451250967,0.9935698341755778,0.11322095484633081
1769099759.563411,8.097248866206751,0.09454617651997817,0.22671237617247125,0.993582064068249,0.11311357991805365
1769099759.6133058,8.104488531000467,0.09626769745834408,0.23133989655454074,0.9933176870407276,0.11541218571736302
1769099759.6635745,8.115940642654923,0.09898263635035352,0.22753587902083974,0.9935354051663687,0.1135226791478229
1769099759.7131746,8.123584718347077,0.100752588780059,0.22331312301485262,0.9937728797274773,0.1114246988694918
1769099759.7631872,8.131195251593272,0.10255542766999524,0.22707136416075346,0.9935617448544468,0.11329192010813063
1769099759.81336,8.142437723574865,0.10516642461538514,0.22775925813289705,0.9935227196718049,0.1136336459678214
1769099759.863352,8.149959436617374,0.10690380529742166,0.22380896839127992,0.9937452244754307,0.11167107428638741
1769099759.9134772,8.157474919831436,0.10866826237871177,0.23000613208030551,0.9933944324915925,0.11474973418142072
1769099759.9634693,8.168609664069994,0.11129545235809046,0.23630352830124562,0.993028196416386,0.11787705935430985
1769099760.0135581,8.175897720185935,0.11303117486042642,0.23680716423793408,0.9929984813700033,0.11812711795717003
1769099760.0631824,8.182883143333756,0.11472682314076706,0.24017311020560508,0.9927982704325158,0.11979813949392254
1769099760.1132464,8.194099236756362,0.11744849742697896,0.24228978083974942,0.9926709278507021,0.12084878567874034
1769099760.1634228,8.201563086343105,0.11921121404882565,0.24104601791132477,0.9927458895145826,0.12023143870011702
1769099760.213324,8.209084237160111,0.12106010581460855,0.24221432590990816,0.9926754864625587,0.12081133463513524
1769099760.2635598,8.2205724980878,0.12384113611032355,0.24402962799923342,0.9925654230454232,0.12171228768969893
1769099760.3131824,8.228231400079515,0.1256596623913235,0.24068836259307266,0.9927673743475292,0.12005390635507379
1769099760.3634589,8.236006242058894,0.12753675878421128,0.23949827558909814,0.9928386358822512,0.11946314536069554
1769099760.4131682,8.247189975188206,0.1302846212744784,0.24292308090072526,0.9926326113134845,0.12116310889446877
1769099760.4635336,8.254614839010847,0.1321010772228416,0.24406786071730377,0.9925630961682738,0.12173126190445162
1769099760.513321,8.261963768924707,0.13390832786096316,0.2403592632581794,0.9927871157374274,0.11989054518918486
1769099760.5632463,8.272994103683784,0.1366439947122449,0.24056324930800213,0.9927748825743142,0.11999180192645106
1769099760.6133711,8.280363861919994,0.13847256721100545,0.2428769573755607,0.992635405284372,0.12114021700463726
1769099760.66345,8.287953167397957,0.14036220508297848,0.24054635751211803,0.9927758959774182,0.11998341704683384
1769099760.713429,8.299249892434746,0.1431805050076353,0.2401032313169466,0.9928024555069539,0.11976345160090698
1769099760.7635376,8.306711682823002,0.14505883200660238,0.24438118244992932,0.9925440134633515,0.1218867562045289
1769099760.813194,8.314275388146068,0.14694648010500586,0.239882670329642,0.9928156570423651,0.11965396412796757
1769099760.863498,8.321841204769306,0.14882570856100064,0.238902542189569,0.9928741759299865,0.11916740649754155
1769099760.9133713,8.333323842419963,0.1516298874477117,0.23975124577125811,0.9928235176335162,0.11958872369003372
1769099760.9634404,8.340828581979189,0.15343939137631188,0.23874645082536528,0.9928834734076394,0.11908991659238645
1769099761.0131736,8.348452818626804,0.15529294849866257,0.23868266274552982,0.992887271161197,0.11905824946668639
1769099761.063448,8.359660833633416,0.15804810068791517,0.2446003013050282,0.9925306536632567,0.12199549802672431
1769099761.1134694,8.366933398552776,0.15984780956947087,0.2481355095089657,0.9923134634897911,0.12374970778508977
1769099761.163519,8.37429646507109,0.16170294072883515,0.2478180603567781,0.9923330931096983,0.12359220169306298
1769099761.2135315,8.385264020238566,0.16448083762547616,0.24853841766530074,0.9922885134707559,0.12394961086666485
1769099761.2633374,8.39267699113115,0.16634514275380036,0.2486181483459483,0.9922835713888419,0.1239891686874501
1769099761.313523,8.400237944231984,0.1682437249706679,0.24146255888059273,0.9927208273237894,0.12043819575853466
1769099761.363498,8.411634648755493,0.17107912750970775,0.23875340102749545,0.9928830595521482,0.1190933669620833
1769099761.4135482,8.419203479183443,0.17294593112920656,0.2398446315298483,0.9928179326093886,0.11963508134832189
1769099761.4635797,8.426826373667902,0.17480503482389304,0.23292872252800612,0.993225688673807,0.1162012536870486
1769099761.5134459,8.438247443543112,0.17754039952510345,0.22812573999103528,0.9935018806571864,0.11381569808525453
1769099761.5635228,8.445783417414864,0.17932731088081547,0.22729456203361895,0.9935490954096133,0.11340279983641943
1769099761.6133456,8.453251756449932,0.18107047232254883,0.22257856827685316,0.9938137364704639,0.1110597010738607
1769099761.6636243,8.463961542051404,0.18351283088432627,0.2210680804835056,0.993897330191536,0.11030909771245874
1769099761.7135942,8.471372720383398,0.18516581316692496,0.21292756794111078,0.994338082318279,0.10626277829798832
1769099761.7633133,8.47881085910796,0.18681268274439733,0.21312432008738388,0.9943276237919181,0.10636059685954143
1769099761.8135192,8.49004452907991,0.18923149248405838,0.21090606067806617,0.9944449798698152,0.10525769336121182
1769099761.8635397,8.497600547150693,0.19081430113979198,0.200926174251859,0.9949578270205278,0.10029417954492359
1769099761.9134886,8.505185472156805,0.19238026311557682,0.1961028772506766,0.9951968077337051,0.09789440166139661
1769099761.963556,8.516795987521313,0.19460162027504815,0.18652246193054386,0.9956543225374137,0.09312609737642683
1769099762.013482,8.524506206511116,0.19605666251501094,0.17934973729676448,0.9959819027043832,0.0895547289949361
1769099762.0632977,8.532245709186672,0.19749098549358104,0.17310305738287354,0.9962567540894962,0.08644350716543829
1769099762.1135135,8.543682317260918,0.19953139433740857,0.17167209248041068,0.996318347897173,0.08573068087591336
1769099762.1631982,8.551234641623726,0.20086374684739097,0.17133727632241053,0.9963326859445604,0.08556388793467734
1769099762.2134674,8.558863766935717,0.20219830962251564,0.1660514572556465,0.9965553436211009,0.0829303750156086
1769099762.2634678,8.569991010029344,0.20409858080815713,0.16321512976823688,0.9966719503026701,0.08151701343812778
1769099762.3135033,8.577430008246866,0.20534356888861025,0.16183734286728674,0.9967278703375078,0.08083039337066483
1769099762.3636427,8.584923430135326,0.20657038536269715,0.15468600803644264,0.9970105205511763,0.07726591687330496
1769099762.413351,8.596372281405015,0.20838702060584482,0.1508152906190719,0.9971581905155644,0.07533620038019849
1769099762.4636183,8.603949554194035,0.20956925707612506,0.15018144880482465,0.9971820160554122,0.0750201763238636
1769099762.5135515,8.611705324074356,0.2107572758297881,0.14483435925676685,0.9973790217693744,0.07235390061610798
1769099762.563608,8.62342632595049,0.2124693619966836,0.1387788880231451,0.9975935183420817,0.06933377360180866
1769099762.613215,8.631320153618612,0.21358835626008515,0.1338768133405015,0.9977604612780863,0.06688842882098864
1769099762.6635478,8.638892549806508,0.21462966546556464,0.12816222727021914,0.9979475079427959,0.0640372656409024
1769099762.7135482,8.650337081867802,0.21612277304472577,0.12681669873678475,0.9979903640822276,0.06336586777613584
1769099762.7632294,8.657895449942549,0.2170787182803843,0.12082213248806566,0.9981758064212827,0.06037432794840882
1769099762.8135908,8.66540403988194,0.21802240007233564,0.11790988652082357,0.9982626606237911,0.0589207977229581
1769099762.8632205,8.676737588539853,0.21938352123971844,0.11775551245822737,0.998267205571501,0.05884374461628504
1769099762.9134915,8.684380576924669,0.22027282137356832,0.11292014853758084,0.9984065533653864,0.056430082376776575
1769099762.9635353,8.692151527057268,0.22115609900113078,0.10691222903427336,0.9985715621124306,0.05343065917935209
1769099763.013569,8.703628704514738,0.22237552441749966,0.10054344581824086,0.9987366430393305,0.05025055074851364
1769099763.063524,8.71141206569039,0.2231437101385751,0.09439832433949621,0.9988863263181597,0.047181639380283906
1769099763.113514,8.719324864409108,0.2238868763172528,0.08468962959824669,0.9991035922863016,0.04233216130328735
1769099763.1634972,8.730974109934689,0.2249005551979151,0.07943278750842925,0.9992114077016837,0.039705953191173406
1769099763.2135909,8.738717359722626,0.2255458249602554,0.07714894194813765,0.9992560973446962,0.03856490528248391
1769099763.2636056,8.746437692938157,0.22616211216076454,0.07333540933305992,0.9993278150361831,0.03665948847172251
1769099763.3132222,8.757944410978277,0.2270553703276841,0.07142596462065771,0.9993623592230693,0.035705391303008906
1769099763.3634968,8.76548846546449,0.2276525313966978,0.0747062801692977,0.9993024525733986,0.03734445448511219
1769099763.4136052,8.773033633506172,0.22823786937570836,0.07322095890119082,0.9993299112470637,0.036602301661724
1769099763.4638302,8.784340338215157,0.2290946761749552,0.07166220297921168,0.9993581347599406,0.035823434915322826
1769099763.5137098,8.792037024049451,0.22969064126263442,0.07515596265847845,0.9992940307406835,0.03756913794642988
1769099763.5632365,8.799203836788244,0.23024525725699582,0.07442216555311544,0.9993077475429559,0.037202495892397464
1769099763.6135368,8.8109382450118,0.23115324043419042,0.07323563125768563,0.9993296426991627,0.036609632923095846
1769099763.6636045,8.818482865174037,0.23174699510771452,0.07712377195035447,0.9992565826048543,0.03855232964255274
1769099763.7135909,8.826229626933852,0.2323525435248084,0.07792603458496859,0.9992410376651387,0.03895315963945438
1769099763.7632248,8.837430972182903,0.23325983622532986,0.07686581396774658,0.9992615467338237,0.03842344621616171
1769099763.8135483,8.845250748143695,0.23390627110758036,0.08007771254896685,0.9991985520701315,0.04002815935004453
1769099763.8635123,8.852691723061703,0.23452596004628523,0.08137634946207661,0.9991723504110395,0.04067694892785107
1769099763.913544,8.863989488276335,0.23549663955169783,0.08333935271670305,0.9991319446518555,0.04165761846531365
1769099763.9635432,8.871779334974777,0.2361971667880461,0.08953186587248337,0.9989981729451182,0.044750982696649
1769099764.0135393,8.882820283405765,0.2371970036360989,0.09291718405050119,0.9989209937117962,0.04644188111863784
1769099764.063398,8.890407580729795,0.23788506105452706,0.09383432050297072,0.9988995919125371,0.04689994964780744
1769099764.1133463,8.89763979115505,0.2385656893959746,0.09532266458207875,0.9988644136932732,0.04764328973941173
1769099764.163545,8.909234811705375,0.23961955406208105,0.09244971345987277,0.9989318215318758,0.046208396758692205
1769099764.213246,8.916823996126315,0.24028769790981944,0.09159550110004785,0.9989514663106805,0.04578174260271568
1769099764.2635262,8.924714365254925,0.24099768575171748,0.09114157523887322,0.9989618313399802,0.04555501647319533
1769099764.3135643,8.936461924626785,0.24205215452200066,0.09140291987092665,0.9989558700317243,0.04568555274001559
1769099764.3636494,8.944202142753646,0.2427364882514209,0.08997021931045529,0.998988340576484,0.04496993876183146
1769099764.4138596,8.951941639910068,0.24342865261034372,0.09005210436363587,0.9989864985562736,0.045010839830826134
1769099764.463516,8.963333761603257,0.2444790075149923,0.09230433219766404,0.9989351778102536,0.04613578365213786
1769099764.5136552,8.970818460824521,0.24517815419061384,0.09425431452851635,0.998889721038175,0.04710971454251286
1769099764.563473,8.978326855903692,0.24589568748183807,0.09523872698551294,0.9988664123451994,0.0476013685583748
1769099764.6136844,8.989639852729807,0.24697639235609362,0.09598681704739466,0.9988485374146975,0.04797498623782784
1769099764.6635528,8.99724812502988,0.24771287275119308,0.09881340390903463,0.9987797371553453,0.04938660393162647
1769099764.713566,9.005006986955829,0.2484694750841879,0.09608161737622495,0.9988462622703685,0.04802233176881489
1769099764.7634296,9.01669661887856,0.24959988532313296,0.09448977137787969,0.9988841679634107,0.04722731192905984
1769099764.8144844,9.02453067177034,0.2503683569451441,0.09856838338930812,0.998785780025787,0.049264242796171566
1769099764.8635974,9.032264773493308,0.25111816561708944,0.09685569246921902,0.9988276010127513,0.048408919169013895
1769099764.9135826,9.043850714754436,0.2522689553529526,0.09601752571136478,0.9988478006730898,0.04799032288421831
1769099764.9635425,9.051579831530136,0.2530705895863658,0.0994630110092482,0.9987636435270373,0.04971100852524743
1769099765.0135388,9.059110323464676,0.25382207474462465,0.10121881366531532,0.9987196172933314,0.05058780518525998
1769099765.0633075,9.07063916860231,0.2550347850000467,0.101781002188967,0.998705357895355,0.050868537536585046
1769099765.1135368,9.078340564940824,0.25585754440325126,0.10579243460563492,0.998601321269557,0.05287155339778642
1769099765.1635876,9.08541177325928,0.2566215865254502,0.10854612212525604,0.9985275789007064,0.05424642084684934
1769099765.21367,9.09676036388669,0.25785199197003095,0.10628773886341253,0.9985881968940375,0.05311885751703419
1769099765.2632637,9.104460812286993,0.2586823806210076,0.1061822817279968,0.998590996387123,0.053066203317863166
1769099765.3135962,9.111960329581215,0.259487349055569,0.10657277722203749,0.9985806162965637,0.05326117494737728
1769099765.363504,9.123637779536296,0.26073732620526185,0.10632839647166238,0.9985871168448494,0.05313915760991296
1769099765.413654,9.131539196806111,0.26159261640473713,0.10582944298730577,0.9986003427532801,0.0528900316981509
1769099765.4633381,9.13936678084976,0.2624241117979888,0.10498346280667757,0.9986226253768046,0.05246762893001949
1769099765.5135477,9.150969267151135,0.2636610127799728,0.10539184768529422,0.9986118910651816,0.05267153902461952
1769099765.5633223,9.158595602355232,0.2644701454237855,0.10477379959216487,0.9986281201553997,0.052362941427049566
1769099765.613686,9.166220265440426,0.26529511288580004,0.107947595179591,0.9985437681593767,0.053947595591211386
1769099765.6666481,9.177265959708407,0.2665017788409192,0.11216730520986376,0.9984277241366414,0.05605425653174537
1769099765.7132492,9.184814345054564,0.26732517744400053,0.10977696522818003,0.998494005393333,0.05486092592709901
1769099765.7634122,9.192563251983803,0.2681779525562736,0.11101757838522952,0.9984597827018779,0.05548028773284154
1769099765.8135054,9.20396855701417,0.2693556714688913,0.1029650882347866,0.9986750665038105,0.051459805126036796
1769099765.863418,9.211722960735173,0.27015693796048484,0.09760026260488777,0.9988095098785709,0.048780764406976915
1769099765.913256,9.219530836193764,0.2709321293721092,0.09220796705728392,0.9989373995913429,0.046087652334282816
1769099765.9667335,9.231025694136065,0.2719724150105887,0.0825185149496308,0.9991489575759172,0.041247552351115636
1769099766.0135484,9.238614472677007,0.27264145833304,0.07921309407033236,0.9992157632419665,0.03959619285707033
1769099766.0631788,9.246433862934028,0.2732883915294803,0.07621473298758606,0.9992740021719391,0.03809814409227203
1769099766.1136687,9.257942031226383,0.27416718570868215,0.0723460756487869,0.9993458270034405,0.036165149672157705
1769099766.1633692,9.265711379501843,0.2748044724029691,0.07213046061020531,0.9993497200710748,0.036057412467679524
1769099766.2138069,9.273331706205116,0.27540145919785064,0.07355201688286064,0.9993238388142919,0.03676771923123973
1769099766.2636669,9.284665907443854,0.27623101718859633,0.06814110624617023,0.9994196548470483,0.03406396197459588
1769099766.313775,9.292241491787575,0.2767480263281106,0.06286191738392369,0.9995060880813719,0.031425783813181174
1769099766.3636837,9.299689521362877,0.2772721395672302,0.06513755277223429,0.9994696842814454,0.03256301893786374
1769099766.413633,9.311106081742478,0.27801112781329107,0.05769253033459169,0.9995839753422356,0.02884226480380661
1769099766.4635448,9.318533096938463,0.2784703069573886,0.05711044198472764,0.9995923273795445,0.028551340492968345
1769099766.5133717,9.326442633850752,0.27891918043960795,0.05700768496142465,0.9995937929855865,0.0284999828892677
1769099766.5633178,9.338194738921446,0.27956081978245056,0.05353321243401869,0.9996417957828982,0.02676341017027402
1769099766.613507,9.345726678356328,0.27996165785131216,0.05435904658086739,0.9996306594944934,0.027176177041744295
1769099766.663579,9.353485581566357,0.2803838403507886,0.055264918303693254,0.9996182478921957,0.027628942812507763
1769099766.7136252,9.364833416681298,0.28099948511812795,0.05912174804136061,0.9995631091795384,0.02955656893711266
1769099766.7633226,9.372390053208056,0.2814129549942694,0.05694490430801607,0.999594687116884,0.02846860529949819
1769099766.813492,9.379969557864683,0.28186923140991904,0.061005755056147824,0.9995348233006217,0.030498147638749907
1769099766.863285,9.391414533430373,0.2825587785921107,0.06423203875663049,0.9994843249758633,0.03211049871215112
1769099766.9136546,9.399069718520037,0.2830206537006846,0.06192581183425935,0.9995206875235534,0.030957958789997662
1769099766.963661,9.406876457946257,0.28349273932032437,0.06448181937079875,0.9994803068910562,0.03223532436567546
1769099767.013499,9.41841940279786,0.2842380827140616,0.06739889127807538,0.9994322274175645,0.033693067523833886
1769099767.063523,9.426126600315275,0.2846808174055781,0.06053835055240826,0.99954192349067,0.03026455326899391
1769099767.1133387,9.433933343980698,0.285152897950632,0.05684645307167536,0.9995960872904882,0.02841939959863292
1769099767.163591,9.445605381733397,0.2858606256132353,0.062128025801503804,0.9995175523488652,0.031059017153373242
1769099767.2132604,9.452956764989532,0.2863149585549398,0.06536940512697985,0.9994659026592689,0.03267888341869772
1769099767.2635763,9.464599030497023,0.28709351519570714,0.06464355116008184,0.9994776968847678,0.032316148129382605
1769099767.3136039,9.472375449700955,0.2876439965859432,0.06958072269114515,0.9993948764176639,0.034783343573072494
1769099767.3633516,9.479797443313002,0.28818170482863986,0.06750841651127801,0.9994303807984057,0.03374779899717378
1769099767.4135664,9.487423859313058,0.2886973356441577,0.06478305010945903,0.9994754404191896,0.03238586109503791
1769099767.4632773,9.498757154993456,0.28954514886887067,0.072962514855893,0.999334632726934,0.03647316592405981
1769099767.5133474,9.506353813332254,0.2901234887944062,0.07446178496658742,0.9993070103763461,0.03722229187851442
1769099767.5634785,9.514127580049598,0.29070799994502383,0.07054997044674699,0.999377902220389,0.03526767008996483
1769099767.613568,9.525863949900709,0.29159200251868056,0.07177306610459763,0.9993561474756203,0.03587883084335755
1769099767.663579,9.533765589064778,0.29216307359880395,0.06872069641836379,0.9994097413121666,0.03435358744509917
1769099767.7135298,9.54154389322784,0.29268384544796083,0.06598658880137208,0.9994557706337274,0.03298730887693161
1769099767.763592,9.55316556654535,0.2933911781426216,0.06225133033163656,0.9995156355905241,0.031120639615382424
1769099767.8136003,9.560895634503312,0.29387300771725444,0.06022901489252687,0.9995465924878398,0.030109955927372836
1769099767.8636894,9.568503849697228,0.2942765951162608,0.054494758009015466,0.9996288131342471,0.027244007631337577
1769099767.9132948,9.579878714535413,0.29486418781132684,0.05028429205059054,0.9996839528956533,0.02513949726866734
1769099767.963582,9.587614842723292,0.295238526827239,0.04662764936609982,0.9997282450986704,0.023311712762744363
1769099768.0132847,9.595199847191406,0.29559149593323475,0.04347725807063157,0.999763725308707,0.02173691691239112
1769099768.063297,9.606705045191363,0.29609767971034234,0.04273321324848998,0.9997717427447734,0.021364980905178025
1769099768.1135752,9.614444993619413,0.29638786075616125,0.037929943230357054,0.9998201703158621,0.018963834779930577
1769099768.1633072,9.621982153161838,0.2966738819672696,0.03438398412358359,0.9998522213443722,0.017191145183623396
1769099768.2134662,9.633616691259283,0.2971107798548168,0.03544359946811947,0.999842973016844,0.01772087212409938
1769099768.2637265,9.64155931908548,0.2973908033868946,0.03261459523906641,0.9998670389687178,0.016306574868090232
1769099768.3137207,9.649350253877058,0.29766127494352634,0.030186089561052818,0.9998861021618117,0.01509247175445117
1769099768.3635874,9.66111218386534,0.29807871930573043,0.03500420430859733,0.999846842119806,0.01750120861688664
1769099768.413524,9.668952829071975,0.298377182131633,0.0380439238031873,0.9998190879378327,0.019020814786973404
1769099768.4634998,9.676489890593073,0.2986658280575574,0.03719426747038908,0.9998270782923003,0.01859606177346187
1769099768.513711,9.687768427031706,0.2991453033767995,0.04109297033844682,0.9997889283992168,0.020545039555709098
1769099768.5635698,9.695405801456312,0.2994593225516928,0.043268419935701616,0.9997659896069138,0.021632522398196265
1769099768.6133027,9.703068554071981,0.29977139030894095,0.04195580739619275,0.9997799718474215,0.020976365099061298
1769099768.663568,9.714676158652273,0.3002531864594686,0.037626910402285295,0.9998230321715457,0.018812345395944705
1769099768.713469,9.722414914644668,0.3005658961636708,0.03916492854454294,0.9998082696735788,0.019581212738851467
1769099768.763691,9.730382367994999,0.30086017114087044,0.03663912692650174,0.9998322014901913,0.0183185387866381
1769099768.8134825,9.74204303880425,0.3012803318405622,0.031189252000949227,0.9998784062842045,0.015593993925843474
1769099768.8634756,9.749732756185331,0.3015484262218219,0.034046353452341374,0.9998551092260993,0.017022354551145417
1769099768.91355,9.757094795575776,0.30177365140979695,0.032609661632139124,0.999867079190791,0.016304108392565714
1769099768.9636385,9.768656505157347,0.30212509517612074,0.029262001031094144,0.9998929688212904,0.014630478520745397
1769099769.0136223,9.776346814474607,0.3023763905384434,0.03404032504560619,0.9998551605303957,0.01701934078443076
1769099769.0636022,9.783986213606736,0.30263653865748447,0.038029472786679584,0.9998192253467877,0.019013590585404687
1769099769.1134758,9.795471382430902,0.30300483634195735,0.03454771650622381,0.9998508106202518,0.017272999219168222
1769099769.163483,9.802909298079083,0.3032324161484527,0.030782769787882115,0.9998815549738012,0.015390777211480163
1769099769.2133558,9.810448227683992,0.30346703455725965,0.03308937707762193,0.9998631397624782,0.01654393376192316
1769099769.26376,9.821984912541172,0.30380883412126897,0.028189888721813598,0.9999006679162522,0.014094477664418325
1769099769.3132892,9.829550248087243,0.3040076834591409,0.023853559714657392,0.9999288768042183,0.011926497099088355
1769099769.3635604,9.837469584181223,0.3042195760255042,0.025475908971447834,0.9999188733547056,0.012737610021355763
1769099769.413594,9.849311941632106,0.3044923303899171,0.021354621850172548,0.9999429980572496,0.010677108048493282
1769099769.4637,9.857156465477797,0.3046598726985516,0.018048604864241414,0.9999592812591458,0.00902417994571083
1769099769.5137393,9.864848598580831,0.30484497975808195,0.01822155693634135,0.9999584971449363,0.00911065242671584
1769099769.5633488,9.876336782562442,0.3050989206751884,0.021651048857637977,0.9999414045826667,0.01082531298595242
1769099769.6135263,9.883472335410266,0.30527080846041205,0.018170062434901706,0.9999587313877418,0.009084906241563455
1769099769.663509,9.891012576727112,0.3054603148117717,0.020454355835641546,0.9999477028717566,0.01022699963318747
1769099769.713614,9.902171377072838,0.3057299891838887,0.024586523859687178,0.9999244388071636,0.012292952297105399
1769099769.7632911,9.90981283033236,0.3059206956561557,0.022873975028246802,0.9999345983712088,0.011436738180498972
1769099769.8135793,9.921021863182556,0.30620653636193657,0.02317324994169391,0.9999328758118486,0.011586365722088625
1769099769.8635502,9.92830938375915,0.3063754421329012,0.022641460016558326,0.9999359212203999,0.011320488201058467
1769099769.9136229,9.936103477040312,0.30653424124747847,0.022079443936685317,0.9999390628883295,0.011039497724508199
1769099769.9637494,9.9475676221292,0.3067332142516082,0.02031488013347224,0.9999484136491767,0.010157265404379851
1769099770.0132897,9.955336399543706,0.30689105774787157,0.020103997073114027,0.99994947908811,0.01005182925727607
1769099770.0636454,9.963232770284208,0.3070003793102412,0.021136294881982726,0.9999441576495685,0.010567950723528076
1769099770.1133106,9.974925481395564,0.3071619659403046,0.012871490318173721,0.9999792906636035,0.006435700732355036
1769099770.1636033,9.982543274312814,0.3072653786993764,0.01490224338377451,0.9999722405211987,0.007451052745341442
1769099770.2136838,9.990338406405076,0.30736353177091696,0.0168574625902256,0.9999644784546761,0.00842863149435622
1769099770.263789,10.00162618278231,0.3075062086074733,0.011616074985833856,0.9999831333976543,0.005808004838927277
1769099770.313867,10.009066811810571,0.3076068996740543,0.016041712929161865,0.9999678331032403,0.008020770462375896
1769099770.363783,10.016659613859556,0.30769212425524467,0.015107069324534294,0.9999714721926933,0.0075534628335367626
1769099770.41359,10.028302020027123,0.30781400879112175,0.008896610356514675,0.9999901063068348,0.004448290508192149
1769099770.4632947,10.036046931285528,0.3078708782870509,0.011073610231984152,0.9999846719337122,0.005536776826457887
1769099770.5135403,10.043943381298316,0.3079583240710799,0.013640232039679994,0.9999767430988857,0.006820063148170069
1769099770.563614,10.055738304503988,0.30802205239322683,0.007393969705754405,0.9999931661592824,0.003696976431338159
1769099770.613379,10.063483607048028,0.3080354392067206,0.0022280316950929616,0.9999993794844099,0.001114015617125071
1769099770.6635807,10.07112739604677,0.3080550550206017,0.00412387079758748,0.9999978742119587,0.002061933937714329
1769099770.7133024,10.082745102853151,0.30807230095078375,0.0026785899959623732,0.9999991031445883,0.0013392945975965072
1769099770.7636023,10.090363649814696,0.30808197380676366,-0.0009594238497177445,0.9999998849382368,-0.0004797119064600388
1769099770.8133185,10.098108630487303,0.30810016181669436,0.001102795708871155,0.9999998479802069,0.000551397826494448
1769099770.863336,10.10965027082622,0.3081216817382089,0.003641691816548415,0.9999983422605472,0.0018208449021113965
1769099770.9135468,10.11734468556283,0.3081450677790549,-7.730260400262096e-05,0.9999999992530384,-3.86513019916868e-05
1769099770.963572,10.124988472250557,0.3081628404090526,-0.00232504940636401,0.9999993242682333,-0.0011625244413303695
1769099771.0135756,10.136049203602292,0.30815717344685084,-0.00791535874623664,0.9999921683972122,-0.003957669041455322
1769099771.0634115,10.143743411259774,0.3080962697610376,-0.01406746367782555,0.9999752634101929,-0.007033673841970694
1769099771.1135657,10.151488226609288,0.30806464914611725,-0.01762939635358707,0.999961150799572,-0.008814584028505833
1769099771.163434,10.16282675843086,0.30796991202005924,-0.013322459375435807,0.99997781409156,-0.006661180425834393
1769099771.213656,10.170799435092281,0.3079139206106148,-0.014444675292027354,0.9999739190328337,-0.0072222748573875
1769099771.2635002,10.182467192643715,0.30780957090204736,-0.016177595202354705,0.9999672858550543,-0.008088709394952591
1769099771.3133664,10.190035203618754,0.30777196463261935,-0.012260980460965396,0.99998120860362,-0.006130451830277283
1769099771.3635144,10.197653563692077,0.30771243395494585,-0.010847716940507781,0.999985290915707,-0.005423831876897336
1769099771.4135568,10.20886578412225,0.3076120429684986,-0.013010441227633332,0.9999788411269995,-0.006505174732706343
1769099771.4633765,10.216357679384059,0.3075603723916865,-0.012049176386195275,0.9999818522234424,-0.006024551748760086
1769099771.5133078,10.224051569536586,0.3074676628654943,-0.012474271379449325,0.9999805491322503,-0.006237095250438411
1769099771.5633812,10.23182150581989,0.30738372526554336,-0.013702315894246048,0.999976530909192,-0.006851104350223167
1769099771.6135447,10.243539425381497,0.3072364046393522,-0.015614321739098993,0.9999695242743747,-0.007807081559757502
1769099771.6634743,10.251334127187356,0.30711190428257906,-0.01628233632515602,0.9999668608735095,-0.008141078231978821
1769099771.7135231,10.259103050468763,0.3069566599186143,-0.02457761012935767,0.9999244935852634,-0.012288495768584618
1769099771.7632465,10.270641168253988,0.3066694304834205,-0.03166471891132867,0.9998746708150216,-0.015831698031235544
1769099771.8134196,10.27848417002148,0.30644703411385865,-0.030194526223976958,0.9998860384878672,-0.015096689605320112
1769099771.8636642,10.286124084863587,0.3061993281060047,-0.03478553166652847,0.9998487496612659,-0.017391888937180685
1769099771.9137287,10.297785243375342,0.30579320849436364,-0.03948305612701243,0.9998051423634375,-0.019740245784348003
1769099771.9634278,10.30539883390285,0.30552350696319414,-0.03855003056839538,0.9998142426441478,-0.019273821777459305
1769099772.0135431,10.312961121773286,0.3052322860929852,-0.04280253082612929,0.9997710016599335,-0.02139963177003859
1769099772.0632548,10.323910488176901,0.304760048962666,-0.05009346082600557,0.9996863470455434,-0.02504411169791082
1769099772.1133275,10.331192385589853,0.3044322655746039,-0.04973787267819405,0.9996907839397571,-0.02486637299474667
1769099772.1661615,10.342718205486413,0.3038231535215517,-0.05383720973371804,0.9996377162330459,-0.026915354063815827
1769099772.2137184,10.350449859310526,0.30336061810886167,-0.06513056728801692,0.9994697980095766,-0.032559528047812474
1769099772.2634542,10.35843223337942,0.3028614537723154,-0.0662676238706902,0.9994511254712084,-0.03312774961168952
1769099772.3136027,10.370249967781662,0.3020485616658254,-0.07107563349189203,0.9993685982463514,-0.035530336884454006
1769099772.3633704,10.377948807791666,0.3014775320416047,-0.07387440584223647,0.9993178990779011,-0.03692880423909956
1769099772.4134662,10.385671893614463,0.30089283267401573,-0.07870492932132427,0.9992257916829487,-0.039342308467913034
1769099772.4670274,10.39705037060007,0.2999769281848146,-0.08322273565463745,0.9991343719479263,-0.041599360478530516
1769099772.5135427,10.404440488779494,0.29935717107265264,-0.08738195393496571,0.9990457010855202,-0.04367707799912259
1769099772.5635078,10.41197935280894,0.2986947190969685,-0.09116740686955939,0.9989612428764769,-0.04556791887594365
1769099772.6134992,10.42346693771501,0.2975705125410465,-0.09813836992729952,0.9987963490836228,-0.04904949599359807
1769099772.6634195,10.431124362985175,0.29681660341704086,-0.1029727635685105,0.9986748690108675,-0.05146363770786641
1769099772.7136586,10.43890443390257,0.2960179946604791,-0.10483473509703842,0.9986265243107585,-0.05239336735708231
1769099772.7661347,10.45005090309598,0.29479755935477303,-0.11178476325887898,0.9984384274253709,-0.05586328526279465
1769099772.8136306,10.457745561452867,0.2939134239421583,-0.11972177290333799,0.9982088720820133,-0.05982514268060708
1769099772.8634338,10.465510733633655,0.2929807317210861,-0.1232816807549735,0.9981008048604515,-0.061601812772993814
1769099772.913591,10.47698542897133,0.29151895424612484,-0.12819751301499718,0.997946377986174,-0.06405487229146858
1769099772.963263,10.48468963647507,0.2905052625214604,-0.1353087203190536,0.9977123165574644,-0.06760276170052529
1769099773.0134366,10.49236791338641,0.28949271163582163,-0.13205826129003878,0.9978208688487873,-0.06598116162853739
1769099773.0656152,10.503784002461549,0.2879762973857758,-0.12972606466715195,0.9978971309415284,-0.06481755980184696
1769099773.113554,10.511259128771199,0.28696839696195436,-0.12692471168726,0.9979869404596414,-0.06341976562558524
1769099773.1632648,10.518859106471831,0.2859386345607303,-0.13219489876231774,0.99781635877058,-0.06604933133515584
1769099773.2133892,10.530224682402425,0.2844263572610108,-0.13040769686193363,0.9978749821185066,-0.06515765543656626
1769099773.2632635,10.537719149045458,0.28337142071634425,-0.13398288378053286,0.9977569124323312,-0.06694134517248097
1769099773.31332,10.5456268282571,0.28216010952419157,-0.14229881218275034,0.9974699485868233,-0.07108939207927001
1769099773.363581,10.556864055850207,0.2804578220388869,-0.15142741876635468,0.9971350861070387,-0.07564139114472027
1769099773.4135811,10.564462963880892,0.2792446972929181,-0.15792572919132583,0.9968840525414495,-0.07888083283369005
1769099773.4715874,10.572194517261902,0.27789551489799574,-0.1717103528524855,0.9963167076709906,-0.08574974061557278
1769099773.5134497,10.583566458046255,0.2759234146338743,-0.17892742139131057,0.9960007906932127,-0.089344417500452
1769099773.5645568,10.591022029672258,0.2746276075701959,-0.18252660410916619,0.9958383945499776,-0.0911366662772082
1769099773.6133254,10.598519674975382,0.2732778999947436,-0.18373654794330005,0.9957830771956784,-0.09173910382549894
1769099773.664575,10.609592556282871,0.2712155777641684,-0.18828652740704976,0.9955717949809709,-0.09400426074581751
1769099773.7133334,10.61715281640033,0.26978531363246927,-0.19327179568441166,0.9953343841399434,-0.0964855623850519
1769099773.7716053,10.62473124174516,0.2683155189746341,-0.19372595389629998,0.9953124486227197,-0.09671157953754028
1769099773.8133287,10.635926044958632,0.2660820757653596,-0.19815307929090287,0.9950959332079434,-0.09891452731025986
1769099773.8645585,10.643637000232301,0.2644981161791711,-0.20896641719935985,0.9945465933884012,-0.10429320965204804
1769099773.9133182,10.651263103055465,0.2628809084654253,-0.21825473978666934,0.9940515153544458,-0.1089109031343048
1769099773.9633324,10.66263066316689,0.26048849645681116,-0.21835437014060194,0.9940460887051397,-0.1089604218513013
1769099774.013334,10.67024513345503,0.25881817039235455,-0.22219323474870278,0.9938351155381342,-0.11086822413705127
1769099774.063325,10.677850849613943,0.2571080011317821,-0.2299437407067751,0.9933980117049847,-0.11471874450403988
1769099774.113323,10.688558252579508,0.25465700928915985,-0.22958443165967826,0.9934186054149279,-0.11454027420719648
1769099774.1633322,10.695610558828282,0.2530247455707071,-0.22865158097616492,0.9934719218391348,-0.11407690615219211
1769099774.2176116,10.706852838735006,0.25041307869388085,-0.23245545931680098,0.9932531577551873,-0.11596622184648887
1769099774.2633805,10.714244811889769,0.2486768755692824,-0.23386798882550114,0.9931710071845655,-0.11666769256309037
1769099774.3135803,10.721689065964764,0.24683033295268303,-0.2392999131356279,0.9928504795003033,-0.11936467381942571
1769099774.3635864,10.732951028090644,0.24408269780121575,-0.24254612249491236,0.9926554304081915,-0.12097601614009319
1769099774.4156356,10.740531098989072,0.2421544506703856,-0.2509245247797409,0.9921399287815404,-0.12513337571311572
1769099774.4633503,10.748058333543703,0.24022586652107242,-0.25267515672645413,0.9920300174750702,-0.12600176359246695
1769099774.5135963,10.759523538340163,0.23724834095548336,-0.25316101387918194,0.9919993787743474,-0.1262427523119996
1769099774.563341,10.767207774626991,0.235218229066434,-0.2577274509036824,0.99170855354737,-0.12850737263279216
1769099774.6134498,10.774648424685102,0.23325835005559037,-0.2589648158813493,0.9916288584941534,-0.12912090071550125
1769099774.6633356,10.782108508768,0.23127271978271702,-0.2587788538050415,0.9916408600029815,-0.12902869747675233
1769099774.713346,10.79306199842612,0.22833981029779557,-0.261059222934384,0.9914930989287718,-0.1301592669640573
1769099774.7635744,10.800324111058696,0.226397842214403,-0.26186292299005576,0.9914407143702674,-0.13055768797345432
1769099774.813346,10.810914765475555,0.223578573261372,-0.25920697208067844,0.9916132175123129,-0.12924096430651677
1769099774.8634243,10.818348047024589,0.22159076539351807,-0.25836543846236304,0.9916675100389372,-0.12882371494866293
1769099774.9133406,10.825832027436045,0.21959665887062085,-0.26183642825846354,0.9914424438287222,-0.13054455398419032
1769099774.9633415,10.837078998174263,0.21658617890252999,-0.26317372559700536,0.9913549337604145,-0.1312074514228677
1769099775.0135274,10.844627858310076,0.21454087231603444,-0.26388087600680354,0.9913084800925311,-0.13155796173791878
1769099775.0633442,10.852145329237214,0.21247630010059182,-0.2716755579196426,0.9907882265432656,-0.1354204199640903
1769099775.1133404,10.863408427853987,0.20933270619680083,-0.27737680666422293,0.9903981687172096,-0.1382442309884848
1769099775.163343,10.870866115298854,0.20724309121761858,-0.2736908059882699,0.9906512707197938,-0.13641869307854335
1769099775.2133427,10.878274613362604,0.20516496225632008,-0.275502022477516,0.9905273226139586,-0.1373157789739505
1769099775.2633386,10.889392473342227,0.2020662474009648,-0.2757206377874837,0.9905123070307054,-0.13742405037223157
1769099775.3133602,10.896764397680196,0.20004531414515161,-0.2702726161194376,0.990882976255037,-0.13472537759442293
1769099775.363508,10.904182632109308,0.19800210572314128,-0.2716701617692587,0.9907885919141349,-0.13541774674246287
1769099775.4133441,10.915114327249743,0.19498943073801997,-0.27352531352141035,0.9906625554613381,-0.13633671995031715
1769099775.4633465,10.92246285008775,0.19297878997178522,-0.2710725894776237,0.990829008634743,-0.13512170679758442
1769099775.5133529,10.929951043784367,0.19090372953778856,-0.27387049791731544,0.9906390100523359,-0.136507698546741
1769099775.5633454,10.937393510344194,0.18885307356840725,-0.27261954574734515,0.9907241985685707,-0.1358880508752085
1769099775.6135125,10.948833302315654,0.18568359049645358,-0.2725596202578024,0.9907282697028367,-0.1358583659979146
1769099775.6633465,10.956536784386516,0.18353249716459982,-0.272284931933845,0.9907469197119426,-0.13572229397301483
1769099775.7133577,10.963995067406714,0.18144440270084794,-0.27554063912288157,0.990524671091949,-0.13733490436952403
1769099775.763362,10.975027003679802,0.17832033668748115,-0.2798824534130262,0.9902241959108119,-0.13948491614789726
1769099775.8133717,10.982057584838904,0.1763011831042921,-0.27898312450573554,0.9902868172065755,-0.13903963343906833
1769099775.8634436,10.992879480636756,0.1731788737562355,-0.28076689662480664,0.9901624158451111,-0.13992280102890042
1769099775.913349,11.000057783796823,0.17112399062841252,-0.2803247432288913,0.990193325318632,-0.13970389577398984
1769099775.963362,11.007431538561331,0.16901608388796346,-0.27438851050923313,0.9906036204712179,-0.13676427570573915
1769099776.013353,11.018532218960516,0.16585624380411718,-0.27403095993873533,0.9906280547133445,-0.13658717807632986
1769099776.063356,11.02553187860433,0.16382064045103947,-0.2760344136924874,0.9904907346627558,-0.13757944812810594
1769099776.1133504,11.032959397161488,0.16171667918552504,-0.2760344136924874,0.9904907346627558,-0.13757944812810594
1769099776.1633513,11.044117055797713,0.15847938255942687,-0.27818620251066467,0.990342140461651,-0.13864503173873735
1769099776.213354,11.051155417586815,0.1563950471797073,-0.28652901591811575,0.9897551810460665,-0.14277493334779773
1769099776.2633486,11.061932430861866,0.15320935575735703,-0.2870224396835372,0.9897199266522217,-0.1430191133643359
1769099776.3133662,11.069503270667893,0.15096329477402914,-0.2830314628305229,0.9900033489294215,-0.1410438552668286
1769099776.363519,11.076540998706493,0.14887781542237163,-0.2856774149455258,0.9898158849559778,-0.1423534821801505
1769099776.4133697,11.087203445120192,0.14575130657694285,-0.2862769589708624,0.9897731668927129,-0.14265019487953692
1769099776.4633615,11.094491694154371,0.14362104935004502,-0.2814202366408757,0.9901166544316417,-0.14024624992167573
1769099776.5133898,11.10503551015239,0.1405397159982337,-0.2810530765316914,0.9901423841614383,-0.14006448188995949
1769099776.5633633,11.112251193756698,0.13843177241793847,-0.2840605116712233,0.9899306473802953,-0.14155321747395727
1769099776.6135402,11.119662041728823,0.1362698292371561,-0.2795773569228996,0.9902454625681633,-0.1393338575622033
1769099776.663355,11.12709735825166,0.13410137181760698,-0.283540946468453,0.9899673870392269,-0.14129604594158154
1769099776.7133594,11.138349978880498,0.130828780088151,-0.286716483794654,0.9897417938412775,-0.14286770637148966
1769099776.7633495,11.1459326890194,0.12862335566454117,-0.2845591316149292,0.9898953259871985,-0.14180001265408257
1769099776.8133662,11.156858304041045,0.1254047720941468,-0.2851784327619908,0.9898513700753524,-0.14210652750647246
1769099776.8633637,11.164353406223192,0.12317026038545599,-0.2922496732570644,0.9893427495393955,-0.14560537055283723
1769099776.9133615,11.171701748222379,0.1209755651527646,-0.2932066082320298,0.9892729688605634,-0.14607872220760595
1769099776.9633899,11.182606065046585,0.11768566330417222,-0.2878754948261261,0.9896588350312213,-0.14344124317868193
1769099777.0133646,11.189948317061125,0.11547014936955383,-0.29104215083574336,0.9894304800874948,-0.1450080172743202
1769099777.063353,11.197202619453089,0.11331424324616757,-0.2874409468493966,0.9896899777220775,-0.14322621267238
1769099777.1133573,11.20819644440648,0.11005863559675315,-0.2842945445709874,0.9899140765478692,-0.14166905467454532
1769099777.1633766,11.21554483920049,0.10786380333174128,-0.28844746016884976,0.9896177728517107,-0.143724262586454
1769099777.2133827,11.222870991444724,0.10568304282009208,-0.29035978894496145,0.9894798964719093,-0.14467043401448623
1769099777.2634037,11.233899861987096,0.10236768293275561,-0.29282587577582625,0.9893007593904677,-0.145890395398203
1769099777.3134067,11.241427057672961,0.100064200376479,-0.2959384981870856,0.9890725105302697,-0.1474298779533833
1769099777.3633587,11.248832050697779,0.09779418251258537,-0.30050622902789487,0.9887332213024029,-0.14968839999470074
1769099777.4133596,11.25640206089703,0.09545833330416537,-0.2983371966546488,0.9888949793015548,-0.14861601499225274
1769099777.463358,11.267620702666763,0.09198426874990354,-0.2975158945664883,0.9889559252407679,-0.14820991171705314
1769099777.5133557,11.274992748150462,0.08969317767719956,-0.301120768700954,0.9886871798974292,-0.14999220081880446
1769099777.5633667,11.2823424496507,0.08741585309302978,-0.29830217566689216,0.9888975814897693,-0.14859869892998812
1769099777.613508,11.293222756972666,0.08404725534473867,-0.3016108150683268,0.9886503986526343,-0.15023444759437599
1769099777.663361,11.30042486341005,0.08180666502836915,-0.3042634978712098,0.9884502669356655,-0.151545603020383
1769099777.713355,11.307690967638612,0.07960167192964372,-0.2965390268099812,0.9890281980134202,-0.14772685447922715
1769099777.763371,11.318815354493378,0.07625194428081268,-0.28927563304390647,0.9895581737418506,-0.14413403755079263
1769099777.813369,11.326360732198532,0.07400918646799884,-0.2871700774497448,0.9897093664444158,-0.14309217299416874
1769099777.8633592,11.33377005240077,0.07184156672946738,-0.282622641916442,0.9900321590851694,-0.14084148528454918
1769099777.9133594,11.344955880668694,0.06861089359620286,-0.28017420809013344,0.9902038376864647,-0.1396293659335225
1769099777.9637067,11.352669581494078,0.06640266633392769,-0.2757803569864044,0.9905082031620374,-0.13745362661171234
1769099778.0133612,11.360044880326125,0.06430044846034147,-0.2751711652033941,0.9905500250223183,-0.1371519155108109
1769099778.063386,11.371245528833219,0.06121382340595024,-0.2679421540306318,0.9910392897197171,-0.13357067878781873
1769099778.1134818,11.378738644900862,0.05915663389541169,-0.2627708952338125,0.9913813408242101,-0.131007774828791
1769099778.1633744,11.386167766002224,0.05715360438450009,-0.2563819207387386,0.9917947843839837,-0.12784015671426296
1769099778.213537,11.397113426764157,0.054290459850500995,-0.2493754338130374,0.9922365526601965,-0.12436488075421098
1769099778.2633848,11.40454499575484,0.052396456815493035,-0.24490557192015128,0.9925120212812066,-0.12214699182662492
1769099778.3133504,11.41193416871048,0.05054155058275834,-0.23781429224367703,0.9929388709075123,-0.11862714124901863
1769099778.3633769,11.42314238719136,0.047788664444658305,-0.23242198615697102,0.9932550984940149,-0.11594959816939725
1769099778.4133744,11.430668050634065,0.045959850277403305,-0.23194272441094443,0.9932828550793624,-0.11571158025621386
1769099778.4633834,11.438202623818906,0.04416688582585581,-0.22521524952384409,0.9936664583623733,-0.11236978920322795
1769099778.5133789,11.449591532971676,0.0415165396606648,-0.22124728058298157,0.9938874425013199,-0.11039815051976917
1769099778.563366,11.45723389542464,0.03974061573368267,-0.2235425623221978,0.9937600905853173,-0.11153870341662539
1769099778.6133606,11.464758143929163,0.038014555657358416,-0.22103210257053887,0.9938993143762805,-0.11029121851878981
1769099778.6633832,11.476113411775337,0.0354428954251756,-0.2172248380004383,0.994107467320291,-0.10839900100110086
1769099778.7134838,11.483843659066183,0.03370983773156135,-0.21352978413809065,0.9943060406592777,-0.1065621767254719
1769099778.7633784,11.491286211022375,0.03208224989300986,-0.2111879813159694,0.9944301328321189,-0.10539786959656464
1769099778.8133588,11.502058563999865,0.029805266637474986,-0.20351211871719507,0.9948273177936235,-0.10158054819474378
1769099778.8633845,11.509599868302159,0.028276409833130376,-0.19241904380300515,0.9953754327869991,-0.09606116699319271
1769099778.9133632,11.516922533340104,0.026818833542254603,-0.18827823315460995,0.9955721848199441,-0.09400013198311438
1769099778.9634452,11.52810870873236,0.024675365199092615,-0.185267078381416,0.995712580876512,-0.09250111504320084
1769099779.0133336,11.535797912725915,0.023245009495645935,-0.1796372477412822,0.9959690184531927,-0.08969790566888255
1769099779.063389,11.543388380271065,0.02183938170493844,-0.1776058665706235,0.996059610021437,-0.08868626322008862
1769099779.1133876,11.554995570360168,0.019744631572653076,-0.17467827260830127,0.996188361530378,-0.08722813967648733
1769099779.1633956,11.562797322934331,0.018368163796960314,-0.17195348935585353,0.9963062758627647,-0.08587086046190874
1769099779.2135105,11.57045461599004,0.017046910111814445,-0.16443754545811895,0.9966219403017917,-0.08212617188869689
1769099779.263383,11.581886761961414,0.015127711307164246,-0.1606037868338809,0.9967775351588881,-0.08021561819603137
1769099779.3133566,11.589428602528692,0.013884200270696557,-0.1585904245714704,0.9968577816239418,-0.07921214058333229
1769099779.3633804,11.596976442123827,0.012676654233827985,-0.15125613453841005,0.9971415605388928,-0.07555599411073588
1769099779.4134004,11.608358386788462,0.010923241851071262,-0.1433200444046762,0.9974335191649115,-0.07159870701556102
1769099779.4636226,11.615915990505652,0.009781034258512874,-0.14246004538701953,0.9974642143602954,-0.07116980448616307
1769099779.5133855,11.623504134211679,0.008670519614724181,-0.13743002989023698,0.9976400521707661,-0.06866095181914625
1769099779.5633733,11.634782896302786,0.007085279243592787,-0.13581594315023424,0.9976951396397511,-0.06785579075670432
1769099779.613378,11.642404563418387,0.006030109439637334,-0.13324545441240235,0.9977815268659243,-0.06657345300572005
1769099779.663376,11.650000293235282,0.004972852534655042,-0.1365437177250773,0.9976703817262813,-0.0682188348342025
1769099779.713467,11.661531101156848,0.0033614225117610287,-0.1403010889254304,0.9975404594408802,-0.07009302232375005
1769099779.76338,11.669425239489028,0.002243761623223573,-0.14038359876443138,0.9975375669099963,-0.07013417571544305
1769099779.8133998,11.67709268059806,0.00114990805249038,-0.14240612237416364,0.9974661328428965,-0.07114291132247173
1769099779.8633761,11.68877044731105,-0.0005073522613857219,-0.14128842454193108,0.9975057352193362,-0.07058546737488916
1769099779.9133942,11.696541375627225,-0.0015925466492392655,-0.1381399053206125,0.9976156189681803,-0.06901504756742843
1769099779.963779,11.703937342750006,-0.002617565856826454,-0.1355739746699945,0.9977033418192887,-0.06773508487204925
1769099780.013401,11.715247825823887,-0.0041596341783484685,-0.1372937192658075,0.9976447294622786,-0.06859295719049519
1769099780.0634358,11.722822902677786,-0.005182951998662206,-0.133293580955736,0.9977799246019607,-0.06659746287438849
1769099780.1134098,11.7302965292502,-0.006200295828722015,-0.13414272700147245,0.9977515591856557,-0.06702108729790232
1769099780.163383,11.7418594977383,-0.0077639946453719215,-0.13471375481244863,0.9977323830660807,-0.06730595650668302
1769099780.213582,11.749585576209702,-0.00880355437599544,-0.13448687197681092,0.9977400119293115,-0.0671927718977083
1769099780.2633867,11.757361553924445,-0.009851820115586834,-0.13394373762343673,0.9977582224894154,-0.0669218159852405
1769099780.3134372,11.768800844233409,-0.011385785386946425,-0.1310149080278675,0.9978551539006104,-0.06546061284458878
1769099780.3633819,11.776576508256086,-0.01243622714887096,-0.1351851318731812,0.9977164921126941,-0.06754110871417754
1769099780.4134023,11.784373683497863,-0.013516559657127654,-0.14015941474119448,0.9975454221239792,-0.07002235928253268
1769099780.4635403,11.79196896481578,-0.014578139522690256,-0.14154930208063035,0.9974965196519467,-0.07071558019456123
1769099780.5133998,11.803496984139713,-0.01620957983014367,-0.13968445221446044,0.99756202299271,-0.06978545896310967
1769099780.5634155,11.811268814419533,-0.01728808603652217,-0.1353184862033729,0.9977119864451949,-0.06760763347125305
1769099780.6134007,11.822102649372917,-0.01876626954356168,-0.13301400430341517,0.9977892244010951,-0.0664579842386231
1769099780.6633954,11.8294765729985,-0.019765538989818268,-0.131052031898827,0.9978539386530352,-0.06547913495629545
1769099780.7133882,11.837028510822513,-0.020770377290291672,-0.13028326917200198,0.9978790338956088,-0.06509557367107513
1769099780.7633932,11.848442296096083,-0.022303788980437514,-0.13232642566076813,0.9978120129810418,-0.06611495103772849
1769099780.8134468,11.855965065617378,-0.023335900862654066,-0.1354923137159957,0.9977061066434633,-0.06769434811224868
1769099780.8634224,11.863813396826082,-0.02441569132076491,-0.13638302433580587,0.99767585966389,-0.06813867509658464
1769099780.9134293,11.875572295337898,-0.026041296029162664,-0.1360789201410425,0.9976862087592582,-0.06798697560252256
1769099780.9634025,11.883216909784775,-0.027116311833419216,-0.1391517004900181,0.9975805767627369,-0.0695197300464064
1769099781.0134041,11.89096288474734,-0.028196961716815336,-0.13699959483691018,0.9976548061062438,-0.06844624060613622
1769099781.0633826,11.90239676352039,-0.029770685747147783,-0.13458620925156967,0.9977366733251918,-0.06724232820165794
1769099781.1134048,11.909894370233015,-0.030799732053677944,-0.13228503503146025,0.9978133810370773,-0.06609430098999745
1769099781.163385,11.917444728089464,-0.03181642509736684,-0.13218119160812844,0.9978168114213298,-0.06604249272226352
1769099781.2134068,11.925168770023456,-0.03287094930783284,-0.13433998033796177,0.9977449442664498,-0.06711949188379676
1769099781.26339,11.9365074056077,-0.03439372972334157,-0.13373922149654252,0.9977650605680735,-0.06681978681190705
1769099781.313414,11.944160092704063,-0.035409262579391615,-0.13405636551981748,0.9977544522756634,-0.06697800358394533
1769099781.3633916,11.951985983389168,-0.03646614762708506,-0.1341015542488409,0.9977529386955568,-0.06700054719463498
1769099781.4134102,11.963373797384834,-0.038003014976217685,-0.1349149823291465,0.9977256061107622,-0.06740634177072695
1769099781.4634488,11.970944873708001,-0.039055453607113114,-0.13635238999560173,0.9976769032385318,-0.06812339351774283
1769099781.513402,11.978818663289054,-0.04013576700075137,-0.13704347286131116,0.9976533042232405,-0.06846812815062521
1769099781.563387,11.990471487951263,-0.04178960175353716,-0.14268683848898597,0.9974561375368645,-0.07128291302997995
1769099781.6134005,11.998139401150938,-0.04287987375754738,-0.14166163471448584,0.9974925462448812,-0.07077160578864722
1769099781.6633806,12.00585706779339,-0.043980060245674524,-0.1420724734233258,0.9974779873417592,-0.07097650856891588
1769099781.713409,12.01728660545419,-0.045584897553860054,-0.1385204267448749,0.9976024700597487,-0.06920485337523877
1769099781.7633936,12.024633794774365,-0.04659320852247091,-0.1353335599299532,0.9977114768673668,-0.06761515308817756
1769099781.8134143,12.032132774811759,-0.04761223399193517,-0.1361208481520311,0.9976847832606919,-0.06800789108674325
1769099781.8633862,12.043443579171782,-0.049152033159063704,-0.1358525956381849,0.997693895930436,-0.06787407474985062
1769099781.9134183,12.050965030355915,-0.05019343076520662,-0.13827398478799133,0.9976109899759694,-0.06908192729771032
1769099781.9633946,12.058812071469397,-0.051282415531339845,-0.13876539568500357,0.99759398605674,-0.06932704366569237
1769099782.0134156,12.070470656429507,-0.05289417924842063,-0.1399502018006751,0.9975527414579825,-0.06991800919408059
1769099782.0634086,12.07814402885293,-0.05394573211354481,-0.13705645238060238,0.9976528598605363,-0.06847460267933739
1769099782.1134112,12.085866744185221,-0.055009915341663905,-0.1395284275011269,0.9975674640852741,-0.06970763658649905
1769099782.163393,12.097297375407708,-0.0566070424451447,-0.14062624245635122,0.9975290507609816,-0.07025519829802593
1769099782.2134128,12.105093329154442,-0.05769585465079208,-0.13875100539852417,0.9975944848489268,-0.06931986583227315
1769099782.2633932,12.112614413469384,-0.058739946260113085,-0.13967556789600916,0.9975623329809881,-0.06978102763307759
1769099782.3134284,12.124099558978225,-0.06031282985539085,-0.137425263210097,0.9976402158103304,-0.0686585741034395
1769099782.3634028,12.131823988035938,-0.06136472470779286,-0.13582141804587433,0.9976949538843264,-0.06785852189483517
1769099782.4134314,12.139298125573994,-0.06237867046684523,-0.1355883492468563,0.9977028549619276,-0.06774225565198583
1769099782.4633892,12.150610970046351,-0.0639035683860684,-0.13654916275478185,0.9976701959957929,-0.0682215510063816
1769099782.513428,12.158286393245811,-0.06494010843987784,-0.13648581991611167,0.9976723561687711,-0.06818995334103559
1769099782.5634017,12.165834408667502,-0.06597416820789587,-0.13917066383166682,0.9975799175546985,-0.06952918877393091
1769099782.6134143,12.177063961967233,-0.06754716122375,-0.14193828052655613,0.9974827473681096,-0.07090958117890767
1769099782.6633706,12.184937340413402,-0.06863054001998858,-0.1415864348706334,0.9974952065466282,-0.07073410009676846
1769099782.7134414,12.192709138620348,-0.06970937748628474,-0.14256531565701117,0.9974604669463143,-0.07122230605112873
1769099782.7634115,12.204164669655519,-0.07131126726876397,-0.1402636370251851,0.9975417718244207,-0.07007434241857288
1769099782.8134441,12.211785864411318,-0.07237060792609076,-0.13940043028123653,0.9975719232341858,-0.0696437935127596
1769099782.8634071,12.219332190007416,-0.07341703530427396,-0.13795686596104675,0.9976219310252848,-0.06892374581653161
1769099782.913429,12.230539330641841,-0.07496751035235526,-0.13780060781906778,0.9976273129286913,-0.06884580233158068
1769099782.9634275,12.238011507561575,-0.0759957737256784,-0.13777451833474205,0.9976282109195509,-0.06883278853465168
1769099783.0134287,12.245683857258085,-0.07705465880554961,-0.13735597612574424,0.9976425937878661,-0.06862401227135197
1769099783.063414,12.257142309023592,-0.078635497845594,-0.13758925873258443,0.9976345826070867,-0.06874037813675345
1769099783.1134267,12.264914669464845,-0.07971023006907772,-0.13727966535574232,0.9976452114372734,-0.06858594678414932
1769099783.1634207,12.272613846543369,-0.08075988521961369,-0.13530497754539905,0.9977124430666351,-0.06760089459472031
1769099783.2134335,12.284021655267875,-0.0823373136993203,-0.1369023615814103,0.9976581325526261,-0.06839773791293495
1769099783.2633774,12.291691324454561,-0.0834155777321952,-0.13962091377658103,0.9975642395188229,-0.06975376716158398
1769099783.3134398,12.299562063404565,-0.0845178643396175,-0.13833104550177763,0.9976090186379107,-0.0691103894671753
1769099783.3634162,12.311115605091375,-0.08614999015581208,-0.13841174665808703,0.9976062291816019,-0.06915064351157704
1769099783.4134495,12.318735983843576,-0.08721506982894597,-0.13670655577981883,0.9976648241082994,-0.06830006396011623
1769099783.4633994,12.326309903143638,-0.08824660576708367,-0.13250510264580317,0.9978061023890396,-0.0662040937948217
1769099783.5134194,12.337673432694205,-0.08977394975284231,-0.12940789352310678,0.9979074298525635,-0.06465880794641254
1769099783.5633824,12.345047146777423,-0.09077457635622252,-0.13218888660753322,0.9978165573154733,-0.06604633182165967
1769099783.613418,12.352722558845265,-0.09181096980423636,-0.13295005312329317,0.997791348924266,-0.06642607930544722
1769099783.663403,12.364184435893568,-0.09336684424147068,-0.13296762992412797,0.9977907651067502,-0.06643484829278921
1769099783.7134156,12.371906496635154,-0.09443626509062464,-0.13507197285234399,0.9977203119585908,-0.06748465829543966
1769099783.7634096,12.379653925109059,-0.09550677287654603,-0.1365224819230425,0.9976711060108785,-0.06820824166499605
1769099783.8134322,12.391437750176001,-0.09713689636992243,-0.1379578458905677,0.9976218972549584,-0.06892423461611384
1769099783.863403,12.39916030097143,-0.0982021978093838,-0.1377541117836598,0.9976289131875286,-0.06882260945554527
1769099783.9134204,12.406755846457784,-0.09926217151202234,-0.13961954603789015,0.9975642872210527,-0.06975308495796415
1769099783.9634175,12.41818331420387,-0.1008820280902845,-0.14102406890035848,0.9975150563388663,-0.07045361862437144
1769099784.0134249,12.425850557152007,-0.10197736330526593,-0.14032292673972674,0.997539694042213,-0.0701039143712247
1769099784.0634205,12.433293516111346,-0.10303179803892158,-0.13887669349125847,0.9975901265381302,-0.0693825585694083
1769099784.113416,12.444727814158849,-0.1046026777735732,-0.13703287326927258,0.9976536670763425,-0.06846284079065332
1769099784.1633875,12.452450426285777,-0.10566760359065955,-0.13596927819549887,0.997689934372202,-0.0679322813719028
1769099784.2134316,12.459873698417464,-0.10667983779281517,-0.13186840752490991,0.9978271277390209,-0.06588644130696023
1769099784.263414,12.4713125813158,-0.10821645665985448,-0.13358977635762173,0.9977700507287384,-0.0667452310563901
1769099784.3134224,12.47911378758756,-0.10926697847822718,-0.13482301043857928,0.9977287048001569,-0.06736046034434012
1769099784.3634126,12.486611023282657,-0.11029878612250962,-0.1378858416479682,0.9976243780270779,-0.06888831806689714
1769099784.4134362,12.497842534596623,-0.11185774098963756,-0.14029271733708965,0.9975407528271055,-0.07008884682409618
1769099784.46339,12.505716595082266,-0.11293600500220242,-0.14110355490275306,0.9975122555128271,-0.07049326281079844
1769099784.5134342,12.513384689996302,-0.11402523902804093,-0.1429142890301918,0.9974480244180401,-0.07139634853792481
1769099784.5634255,12.52484282860619,-0.11560840059486788,-0.13896917844731582,0.9975869170500843,-0.06942868953471723
1769099784.6134393,12.532370299052927,-0.1166068506429468,-0.13384590001571361,0.997761495030762,-0.06687300676639915
1769099784.6634276,12.539871458045711,-0.11760986395182217,-0.13341736985604324,0.9977758006774081,-0.06665921978659174
1769099784.7134454,12.55105918289013,-0.11911530234993066,-0.13544358357496122,0.997707755724881,-0.06767003891251365
1769099784.7634265,12.558334947586408,-0.12008534398052227,-0.13437210465029917,0.9977438660539837,-0.06713551781024923
1769099784.8134494,12.565584602975516,-0.1210593912991948,-0.1353536406083013,0.9977107979380077,-0.0676251704463949
1769099784.8642104,12.577172311233223,-0.12262908982126701,-0.13754456005482926,0.9976361186599364,-0.06871808164622495
1769099784.913442,12.584972665988907,-0.12368601848497063,-0.13754511030865713,0.9976360997537049,-0.0687183561227689
1769099784.9634192,12.59272316558992,-0.12473394583814953,-0.1375200210998227,0.9976369617198011,-0.06870584116713847
1769099785.0134401,12.603755963397541,-0.1262516720185785,-0.14066454837071526,0.9975277049832122,-0.07027430391633574
1769099785.0634122,12.610975745934061,-0.12725716067412102,-0.1423851275612043,0.9974668796039967,-0.07113244051110595
1769099785.1134346,12.622476925420143,-0.12889766541989817,-0.14305895275588484,0.9974428575778811,-0.07146849562479143
1769099785.1634011,12.629670040683319,-0.12991108224016118,-0.1405711332101582,0.9975309862378005,-0.07022771173433699
1769099785.213435,12.63729136077629,-0.13096955045969086,-0.139257045036936,0.9975769136166788,-0.06957227478688201
1769099785.2651885,12.648574266291188,-0.13252667403705276,-0.13646778542200924,0.9976729710138661,-0.06818095708015168
1769099785.3134427,12.65609955515654,-0.13354043967435694,-0.13284644270113385,0.9977947888023979,-0.06637438842488938
1769099785.3634322,12.663573421130216,-0.1345559581324242,-0.13512903558505004,0.9977183861229905,-0.0675131245917066
1769099785.413458,12.675108257553106,-0.13613861893761936,-0.13841604933679708,0.9976060804127925,-0.06915278970095867
1769099785.464249,12.682804465473815,-0.137209688303627,-0.13957327233327627,0.9975659008208722,-0.06973000444171619
1769099785.5134232,12.690448412740677,-0.13828898651490654,-0.14162589417785132,0.9974938107931929,-0.07075378031790198
1769099785.5641985,12.70180110876444,-0.13989494772867056,-0.14326262786514998,0.9974355742288821,-0.07157007239552145
1769099785.6134174,12.70971990898551,-0.14101882211761188,-0.14229662489081316,0.9974700263328538,-0.07108830120023944
1769099785.6692154,12.717213126960736,-0.14207931913545382,-0.14082373517561192,0.997522108452541,-0.07035370031773029
1769099785.7134264,12.72818862536689,-0.14364125856430457,-0.1433969832545749,0.9974307640657769,-0.0716370776564797
1769099785.765286,12.735779379540036,-0.14473491556204274,-0.14404321044644286,0.9974075650853356,-0.07195935735220309
1769099785.8135102,12.74704423974193,-0.1464184317422278,-0.15200233071187688,0.997113301340563,-0.07592802045176447
1769099785.865259,12.754526616770024,-0.1475525757192899,-0.1530220999986218,0.9970744571946839,-0.07643642331981836
1769099785.9136832,12.761829148526422,-0.1486913260279559,-0.15732808878822774,0.9969075792198253,-0.07858294022284854
1769099785.9682727,12.773372837168415,-0.15055882685532748,-0.16608144537378397,0.9965541000461356,-0.08294531741597327
1769099786.0137134,12.780990420702159,-0.15180957326879008,-0.16965539784055073,0.9964042876743912,-0.0847260025263154
1769099786.0752716,12.788648524363744,-0.15312595976326834,-0.17464309223325442,0.9961898957355946,-0.08721061652290543
1769099786.1134639,12.800154793919841,-0.1552135944027431,-0.18345308853473755,0.9957960693503899,-0.09159797086351633
1769099786.1636965,12.807839787187765,-0.15666767163110093,-0.1939064761936335,0.9953037152700306,-0.09680141718835504
1769099786.2134688,12.815414993385655,-0.15815454253983702,-0.19971145215337843,0.9950185582811846,-0.09968986245367639
1769099786.2637208,12.826379858879449,-0.16037447001145272,-0.20309567263391456,0.9948484476379055,-0.10137340002411731
1769099786.3134751,12.833969157785544,-0.1619190698558289,-0.2068411849839992,0.9946568555144649,-0.10323632973947106
1769099786.3634741,12.841332551917553,-0.1634308566362547,-0.20421142855808933,0.9947917388427706,-0.10192838824477178
1769099786.413775,12.852531897172689,-0.16576766846306143,-0.2057236771967259,0.994714383943798,-0.1026805452620431
1769099786.4634748,12.859884258857711,-0.16733474997465853,-0.21389939699594093,0.9942863303045768,-0.10674592905332769
1769099786.513455,12.867451909089771,-0.16898320698061134,-0.2179774034658125,0.9940666082717476,-0.10877305879262511
1769099786.563462,12.878686720602738,-0.17151602632908963,-0.22274170430797832,0.9938046742449574,-0.11114076411863451
1769099786.613454,12.886403929542306,-0.17330887830956246,-0.23049973184231215,0.9933660820172217,-0.11499490031194656
1769099786.6636004,12.894189171547477,-0.1751424512005718,-0.23656969362920052,0.9930125002295926,-0.11800921314784353
1769099786.7134466,12.905500665753078,-0.1779021768228241,-0.24654536814945904,0.9924115396045102,-0.12296070941486002
1769099786.7634728,12.912990821020244,-0.17977011438604196,-0.25286352577678806,0.992018145658801,-0.1260951969096126
1769099786.813459,12.920539399665158,-0.1817171820020414,-0.2603135504876849,0.9915415581050112,-0.12978959338362517
1769099786.8634691,12.931514266604717,-0.18466894272611045,-0.2716428493146432,0.9907904411172785,-0.13540421629561097
1769099786.9136317,12.938833838892874,-0.18668795729048274,-0.27971619609764525,0.9902357876832364,-0.13940259965782692
1769099786.9634814,12.94611225324679,-0.18876002839509795,-0.2851981126324835,0.9898499717084028,-0.14211626757297768
1769099787.0136034,12.957130794071233,-0.19202298578785848,-0.29468535406856755,0.98916469181521,-0.14681012385431916
1769099787.0634735,12.964522391559427,-0.19424901700675765,-0.30075861032006973,0.9887143241542129,-0.14981316768654887
1769099787.113451,12.97187146191355,-0.19652842426013425,-0.30852267982164255,0.988125295642995,-0.15365025255574324
1769099787.1637614,12.983139582529622,-0.20018450769422372,-0.32324661599826615,0.9869673602347392,-0.16092056994452467
1769099787.2134197,12.990548556075838,-0.20269095974796902,-0.33361292205608134,0.9861200305832423,-0.1660339883352361
1769099787.2635446,12.997845815858602,-0.20537294149934263,-0.3520362897536675,0.9845487612341828,-0.17511064145915312
1769099787.313464,13.008703425700837,-0.20936135235271588,-0.36590170409854506,0.9833111203511271,-0.18193196693767463
1769099787.3634717,13.015903949649434,-0.2120709778310448,-0.37275534227051926,0.9826819000852999,-0.18530052143678605
1769099787.4136605,13.022987827806729,-0.21480313515015773,-0.38159260758681685,0.9818535347343809,-0.18964080871374192
1769099787.4634812,13.030114525036652,-0.21763469405954225,-0.3876545660420574,0.9812742282027601,-0.19261591072670348
1769099787.5138159,13.040776352829637,-0.2219880869963265,-0.39461816941747174,0.9805976311949992,-0.19603133855268207
1769099787.5634842,13.047767671884547,-0.22488484279991947,-0.4031302489833031,0.9797544353403319,-0.20020301304163068
1769099787.613451,13.054941145585843,-0.22793642448758214,-0.4157747979768021,0.9784691244760767,-0.20639324709645873
1769099787.663751,13.065492327983737,-0.23261519752185766,-0.4307534326702958,0.9768959534235627,-0.2137154561202078
1769099787.7134244,13.072430924977766,-0.23575935544972407,-0.44181525456448634,0.9756989762321716,-0.21911528422155352
1769099787.7637632,13.079537474139142,-0.23908357830579838,-0.45186686501611684,0.974585427700824,-0.2240161693119537
1769099787.8143857,13.090081949136538,-0.24419663767886832,-0.46074148504074786,0.9735818071304168,-0.22833848739244966
1769099787.8637993,13.09716886110234,-0.2476791764364728,-0.46974579759092094,0.972543928101144,-0.23271937588777808
1769099787.9136674,13.104047470658688,-0.2511256076788565,-0.4743296058036908,0.9720080037747258,-0.23494774014208455
1769099787.9635036,13.114215608186113,-0.25636971217116394,-0.4839960482547173,0.9708611007465695,-0.23964290737920751
1769099788.0136495,13.120976804534665,-0.25993583317386326,-0.4909265819930975,0.9700248467007936,-0.2430057546296012
1769099788.0634975,13.127635588144589,-0.2635335517893406,-0.5056154880331245,0.9682139564646699,-0.2501234385399144
1769099788.115468,13.137638630093194,-0.2690858760335984,-0.5156043981178646,0.966952655568709,-0.254955999907085
1769099788.1634943,13.14434341240098,-0.27286000742861083,-0.5212630724548273,0.9662274297469023,-0.2576908108658416
1769099788.2136674,13.151119147009965,-0.276766612056817,-0.5351455107590011,0.9644154791403451,-0.2643913455363066
1769099788.263503,13.161088107907345,-0.28268299083566045,-0.5500973091276202,0.9624119844913132,-0.2715937630128728
1769099788.313667,13.16769592234353,-0.2866724397628696,-0.5564387589257516,0.9615459990287724,-0.2746439363098338
1769099788.3634877,13.174244553625169,-0.29071118427472953,-0.5643211609610048,0.9604561070009288,-0.2784314395405454
1769099788.4139378,13.184008362369863,-0.2969136981101713,-0.575650250329802,0.9588635190363727,-0.2838674899687949
1769099788.4635124,13.190345744443249,-0.30109889747586344,-0.5886754090924672,0.9569944881443281,-0.29010610069658205
1769099788.5134661,13.196618737807349,-0.3052869920730803,-0.5999454833906843,0.955344544150516,-0.29549416569848347
1769099788.5637314,13.20568365772721,-0.3114452092610459,-0.6053179437072838,0.9545473329646127,-0.298059371820691
1769099788.6134734,13.212009468781028,-0.3158257839438524,-0.6144523922806548,0.9531760780047233,-0.3024158797410176
1769099788.6634817,13.221407449875942,-0.3224826152486836,-0.6244654858801526,0.9516500791772023,-0.30718419035169203
1769099788.713434,13.227699842899055,-0.32699787616462744,-0.6312825857547111,0.9505975003207712,-0.3104261464243976
1769099788.7637553,13.233955180259391,-0.3315646515604367,-0.6409245438841804,0.9490899013691324,-0.3150053318900023
1769099788.8173916,13.243328181695516,-0.33859978859429285,-0.6533682251900579,0.9471116308411773,-0.32090428280932215
1769099788.863938,13.249199546430583,-0.34308849057942825,-0.6626860270665175,0.9456062963054903,-0.3253132834475304
1769099788.9134374,13.255319487283192,-0.3478345867951542,-0.6708511759854967,0.9442703038975594,-0.32917106977559685
1769099788.9637585,13.26401883973228,-0.3548306982469073,-0.6797882715534534,0.9427899645974255,-0.3333872862818635
1769099789.0136855,13.269963488840752,-0.359635825000806,-0.6865892068630239,0.9416508432788095,-0.3365912793764968
1769099789.0635104,13.275900935647861,-0.36448967467262644,-0.6973069094104154,0.9398335885093035,-0.34163258906276056
1769099789.1154816,13.284761127170746,-0.3718855920826172,-0.7066854045906631,0.9382212615837577,-0.34603592922149284
1769099789.1635096,13.290539351346952,-0.3767719568365183,-0.7111829388280516,0.9374407357504139,-0.3481448936229322
1769099789.2136636,13.296310183197196,-0.38174585303540925,-0.7227013107014264,0.9354201690804467,-0.35353798562178357
1769099789.2635047,13.305135481248309,-0.38957175526533794,-0.7340702258321778,0.9333953951242147,-0.3588496013107875
1769099789.3136132,13.310895746004357,-0.3947873361758372,-0.7476454169922663,0.9309381865004777,-0.3651767967919126
1769099789.363494,13.316639662502064,-0.40005683214552507,-0.7515156469915996,0.9302297848168752,-0.3669775843829566
1769099789.4165277,13.325177153630694,-0.40808543521682994,-0.7596242647228411,0.9287343031405291,-0.3707459968362111
1769099789.463508,13.330789903612972,-0.4134599332129145,-0.7717719516984419,0.926465332644926,-0.3763801102703575
1769099789.5136628,13.336436242226927,-0.4189073156632812,-0.7740891666755901,0.9260286340980066,-0.3774532670816087
1769099789.5635154,13.34450912829104,-0.4268713020466457,-0.7836203659909459,0.9242193342757945,-0.38186204596792195
1769099789.6134725,13.349810885175337,-0.4322014077777091,-0.7936706168482912,0.9222887685584579,-0.3865015231417896
1769099789.663779,13.35511980936579,-0.4376308458307882,-0.8060486564761857,0.9198790546419636,-0.39220214791738117
1769099789.7175157,13.363003757586792,-0.44588678631725837,-0.8202788238340984,0.9170652430137824,-0.3987371816824612
1769099789.7637746,13.368298176320282,-0.45150388398886554,-0.826366888500312,0.9158472271939151,-0.4015269062481582
1769099789.8255055,13.373636168873034,-0.45728889673007495,-0.8396362977624291,0.9131630769086373,-0.40759440007285463
1769099789.8637087,13.381475605914298,-0.46603361530366677,-0.8492486927343996,0.9111935584690202,-0.41197851764936044
1769099789.9134758,13.386669790408833,-0.47191413216574934,-0.8581632278218151,0.9093482146411355,-0.41603584524530973
1769099789.9635208,13.391311927124555,-0.4774050460981511,-0.8704775608516439,0.906769391892116,-0.4216269321658687
1769099790.0166206,13.398701948716461,-0.4862724261709591,-0.8823626843831627,0.904247851754076,-0.42700798891606073
1769099790.063835,13.403526127760363,-0.4921362195806517,-0.8912058796385113,0.9023509611493892,-0.4310020219358298
1769099790.123526,13.408411403048397,-0.49811255602229715,-0.9031512349709887,0.8997606456236534,-0.43638375380724975
1769099790.163784,13.41557105118939,-0.5070992110255741,-0.9079199943913959,0.8987175843527744,-0.43852788232347767
1769099790.2134237,13.42033458931746,-0.5131736709720001,-0.9145083611039401,0.8972681194370355,-0.44148603810531273
1769099790.2636101,13.425062445023194,-0.5193082298693931,-0.9269822776401291,0.8944971556426548,-0.44707363884174633
1769099790.313752,13.431812655905356,-0.5282928643472643,-0.9420766871157196,0.8910975560975577,-0.45381179525984117
1769099790.3638067,13.43641013324063,-0.5345245374923958,-0.9481515325159982,0.8897150293669323,-0.45651633762506133
1769099790.4135342,13.441015482593675,-0.540907927745306,-0.9604421441332375,0.8868928146284687,-0.4619752540563106
1769099790.4636018,13.44766976393189,-0.550431154197049,-0.9707216145502543,0.8845066801600361,-0.4665275262535659
1769099790.5137832,13.45185124256367,-0.5565250114093006,-0.9842594299885284,0.8813285593654582,-0.47250393696434534
1769099790.563522,13.45610285045493,-0.5628766475324166,-0.9945734351057947,0.8788801468566118,-0.4770426474240018
1769099790.6138654,13.46243932655393,-0.5725526793654857,-1.0013710215852945,0.8772537043361239,-0.4800270182276707
1769099790.6638136,13.466489772975581,-0.5789158940557568,-1.0143243607482524,0.8741263505589244,-0.4856985930168384
1769099790.7136478,13.47050045692728,-0.5853634665321744,-1.0266281585619388,0.8711218597828484,-0.49106690522623425
1769099790.7635334,13.476583014391272,-0.595109969204744,-1.0281751132649541,0.8707417701096435,-0.4917405512933877
1769099790.8135493,13.480571880492457,-0.6015699642479237,-1.0382339916947472,0.8682575885280143,-0.4961136562961329
1769099790.863977,13.484549202064995,-0.6082445581485357,-1.0509275347717306,0.8650914023293179,-0.5016142597812527
1769099790.9135287,13.490437720593503,-0.6184045738789531,-1.0623362034129424,0.8622159676570209,-0.5065408424967004
1769099790.963758,13.49430423321656,-0.6252309987158448,-1.0652385588832247,0.8614799792450586,-0.5077915373063373
1769099791.013513,13.49810416727727,-0.6320957729965517,-1.069686306447453,0.8603485856161781,-0.509706102796741
1769099791.0638978,13.503630964053176,-0.642257541782667,-1.0816048680841164,0.8572958450466858,-0.5148240806971727
1769099791.1135323,13.507255425258446,-0.649044687363303,-1.0910816825082224,0.8548467838376541,-0.5188805027772957
1769099791.163812,13.510711772128577,-0.65572057063059,-1.098227542626827,0.8529874076283551,-0.5219314920824938
1769099791.2139494,13.51568309119076,-0.6655167605108787,-1.1080704619497928,0.8504084232301631,-0.5261230974773754
1769099791.2638285,13.51889539380546,-0.6720043027469245,-1.1204568238808816,0.8471337596427657,-0.5313797072466286
1769099791.3135264,13.523842458711199,-0.6823206432250277,-1.131062918039707,0.8443039295954882,-0.5358646046060674
1769099791.3639264,13.526973788272375,-0.6889591429257909,-1.1407615356679823,0.84169543960974,-0.5399525784179259
1769099791.4135785,13.530335313730282,-0.6962722216753513,-1.147742563243774,0.8398056040456053,-0.5428872326861223
1769099791.4638836,13.534939145897882,-0.7066359804003395,-1.1605604245398773,0.8363090540468173,-0.5482583023715352
1769099791.5138462,13.53803527034189,-0.713818645754309,-1.1762111670824833,0.83199316690335,-0.5547858778178608
1769099791.5638068,13.542306619898447,-0.7240762610437271,-1.1878596086305473,0.8287478785284232,-0.5596221527375751
1769099791.6138544,13.545178680299964,-0.7311320401918185,-1.1919321139881303,0.82760662907986,-0.5613085314718376
1769099791.6635623,13.547826493075947,-0.7377601776381789,-1.2012895272777506,0.8249713824447763,-0.5651745023859044
1769099791.7135427,13.551942711723513,-0.748407461910092,-1.210852042840203,0.8222597181725821,-0.5691124281464479
1769099791.763634,13.554474025846401,-0.7550807792508628,-1.220137101074068,0.8196087455476359,-0.5729236460662369
1769099791.813901,13.557171527630146,-0.7623673250428198,-1.2254818651725539,0.8180747498349434,-0.5751119053562487
1769099791.8635297,13.561060273643447,-0.7732615421754828,-1.2340186292057231,0.8156125076992136,-0.5785985113052057
1769099791.913565,13.56359360050863,-0.7805811176181231,-1.2492390075417532,0.811185688101313,-0.5847886621845532
1769099791.9638817,13.566062010212454,-0.7879218462399833,-1.2559383133423456,0.8092223019077975,-0.5875025668837927
1769099792.0138202,13.569604085180467,-0.7989072347752073,-1.2624461574000325,0.8073063337143508,-0.5901325982732128
1769099792.0638864,13.57192865719899,-0.8063491674196286,-1.27617719176854,0.803235773799526,-0.5956612222469049
1769099792.113549,13.57410238872792,-0.8135188941389118,-1.286382733493413,0.8001858068489212,-0.5997521775846595
1769099792.1639578,13.577353537674826,-0.8246459807776128,-1.295496684661275,0.7974444519529212,-0.6033923649247686
1769099792.2135386,13.579477630061488,-0.83206727758345,-1.3005967743851818,0.7959031832395066,-0.6054239200008704
1769099792.2636092,13.581535065805156,-0.8394814866955312,-1.309803457385275,0.793107787147466,-0.6090813065314431
1769099792.313907,13.584366698397293,-0.8500951397200565,-1.3205968400015238,0.7898092299924676,-0.6133525741518538
1769099792.3635488,13.586311382695932,-0.857539114560829,-1.3234078057276075,0.7889463936569391,-0.6144620313214725
1769099792.4138513,13.588181507270656,-0.8649768764944925,-1.3303570472744595,0.7868066129484633,-0.6171996061409688
1769099792.4637463,13.590952611508458,-0.8763375296446781,-1.3414311213257486,0.783377112105306,-0.6215466999587005
1769099792.5136197,13.592809749968376,-0.8841426403672726,-1.3454018504047351,0.7821415722307914,-0.6231007631100653
1769099792.5637467,13.594554322206447,-0.8916884755318235,-1.348485411245444,0.7811799584458807,-0.6243059126121521
1769099792.613532,13.59716604668275,-0.9032423678106747,-1.3519821964779348,0.7800872331689859,-0.6256707669747374
1769099792.6635237,13.598832417348417,-0.9107282633803705,-1.3564543213490128,0.7786862452281952,-0.6274135251111623
1769099792.7135317,13.600470246011946,-0.9181944416181361,-1.3613972425414296,0.7771332408496018,-0.6293360993670988
1769099792.7637198,13.602815914878844,-0.9292106939999363,-1.3679466373664189,0.7750681923907281,-0.6318775966468263
1769099792.813535,13.604367839895918,-0.9366692948281534,-1.3698619904938434,0.7744627026930846,-0.6326195714150195
1769099792.8634994,13.605886992635028,-0.9441348273490622,-1.3776162040906563,0.7720041543590598,-0.6356174837528881
1769099792.9135346,13.608127152091066,-0.9555084643935243,-1.3833657858956039,0.7701736994340531,-0.6378342047115887
1769099792.9635277,13.609604432456926,-0.9631626663962778,-1.3840488155166446,0.7699558246971321,-0.63809719323545
1769099793.0138192,13.611026510643963,-0.9707504208924488,-1.391843823791299,0.7674629965285227,-0.6410932451363536
1769099793.0635192,13.613101965228438,-0.9822583621824001,-1.4019077547449115,0.7642273347448253,-0.6449469597019748
1769099793.113556,13.614456923034489,-0.989960679272604,-1.4032377140220926,0.7637982892103982,-0.6454550126842838
1769099793.1635275,13.615744222783073,-0.9975723526462704,-1.4093055219173976,0.7618365284876008,-0.6477693292075205
1769099793.213551,13.617640180456513,-1.0090853248935356,-1.4152273907754322,0.7599151892227234,-0.650022234380173
1769099793.2637827,13.618921032721447,-1.0168002737850175,-1.4104618716808317,0.7614618772174595,-0.648209695657557
1769099793.3135428,13.620149112430564,-1.0243447639475625,-1.4117523313259785,0.7610434745130815,-0.64870087860358
1769099793.363523,13.621956317453208,-1.0355389672963873,-1.4154630234554466,0.759838600708249,-0.6501117602948974
1769099793.4135406,13.623185373520043,-1.043211434125121,-1.416716127470792,0.7594311227623413,-0.650587711058186
1769099793.463516,13.62433599149454,-1.05064014281265,-1.421015669115584,0.7580307545006543,-0.6522188093202839
1769099793.5137098,13.625984003950867,-1.061731168851076,-1.4287010000583649,0.7555189054065097,-0.6551268454073221
1769099793.5635138,13.627107183836545,-1.0695733797556901,-1.434704823587355,0.7535488712087328,-0.6573918912642934
1769099793.6135306,13.628160754359978,-1.0772720097514885,-1.4439339242795484,0.7505072909467233,-0.6608621688641365
1769099793.6635191,13.629669093584857,-1.0889442268442162,-1.4479541615140261,0.7491773642515676,-0.6623694413943582
1769099793.7135491,13.63064039325115,-1.0967300902742112,-1.4501585331160216,0.7484468551507043,-0.6631947715528378
1769099793.7636805,13.631579503377115,-1.104443476828378,-1.4563289165657098,0.7463972133670232,-0.6655007136569745
1769099793.8135407,13.63290339884213,-1.1158324024373825,-1.4615406263827069,0.7446604828322357,-0.6674434547645677
1769099793.8635645,13.633764706678141,-1.1234018287603187,-1.461727800549894,0.7445980154848618,-0.6675131424444057
1769099793.913545,13.634539155295089,-1.130497323131186,-1.467765333453218,0.7425795595249418,-0.6697578650346283
1769099793.9635344,13.635726526718704,-1.1419013521379497,-1.4736446482014398,0.7406074951837414,-0.6719378974858201
1769099794.0138068,13.63650668008742,-1.1495813560935546,-1.47455485946319,0.7403016157758223,-0.6722748825292425
1769099794.0635138,13.637247333944465,-1.1571891711501894,-1.4795433590591351,0.7386224932131695,-0.674119286565487
1769099794.1135707,13.638326946882865,-1.168908967423971,-1.4871157139663906,0.7360648699453367,-0.6769110039232296
1769099794.1635273,13.639023157339853,-1.1766986204010634,-1.488116432910097,0.7357260789866032,-0.6772792162018546
1769099794.2135441,13.639649565702861,-1.1843676051859078,-1.493776781720527,0.7338063167031685,-0.6793587340768712
1769099794.263661,13.640553588519776,-1.1959753070673038,-1.5005287629005992,0.7315086306603349,-0.6818321811629616
1769099794.3135583,13.641139378385198,-1.2036725013235117,-1.5024989677891025,0.7308366012829665,-0.6825524611523734
1769099794.3635294,13.641697107502864,-1.2113972674531794,-1.5033925924985527,0.7305315554681469,-0.6828789398314241
1769099794.4135523,13.64249939535731,-1.2228093753881901,-1.5058847070039434,0.7296800822996458,-0.6837886935999908
1769099794.463523,13.64303692855211,-1.2305610085579803,-1.5067864350087057,0.7293717124388315,-0.6841176105714912
1769099794.5138655,13.643523094830233,-1.238087890576522,-1.512830809159716,0.7273008532878055,-0.6863187807475692
1769099794.563519,13.644193397763784,-1.2496861603266953,-1.5204660573909954,0.724675452596546,-0.6890903339940209
1769099794.6136355,13.644573473437008,-1.2569656142221421,-1.524750215686653,0.7231977051028287,-0.6906410640368861
1769099794.6635306,13.64494461983255,-1.2647777089763987,-1.5318314642436257,0.720747876687019,-0.6931973010991558
1769099794.7135668,13.645401145965668,-1.2760822262572094,-1.5389334305369955,0.7182818058029274,-0.6957522888589628
1769099794.7635972,13.64567857150521,-1.2839740389197607,-1.5409717643324723,0.7175723451838095,-0.6964839764326295
1769099794.8135614,13.6459209455967,-1.2918418607148827,-1.5483893320074928,0.7149843074647648,-0.699140500957519
1769099794.8635154,13.646200691193837,-1.3031013920082428,-1.5530195922272236,0.713363791590481,-0.7007939075417627
1769099794.9135528,13.646362241489483,-1.3106926510393162,-1.554819335401713,0.7127328783198026,-0.7014355595220202
1769099794.9635289,13.646518923072483,-1.3220056560559856,-1.5614052883514467,0.7104192073729905,-0.7037787648086093
1769099795.013719,13.646589754733071,-1.329547908039115,-1.5673340671086093,0.7083298146940922,-0.7058816286144817
1769099795.063501,13.646674176958065,-1.337064303177328,-1.5654750171042924,0.7089856432175855,-0.705222913490016
1769099795.1137395,13.646735962328266,-1.3485551848299704,-1.5691992007418059,0.7076712249957943,-0.7065418864532745
1769099795.1635132,13.646756707570033,-1.3563507977498634,-1.5749904267703976,0.7056223892141331,-0.7085880635741322
1769099795.2135704,13.646750490972137,-1.3642222365738934,-1.575657503607362,0.7053860086269395,-0.7088233763310542
1769099795.2636933,13.646702079224074,-1.3720431650264764,-1.5813736272223617,0.7033572693878857,-0.710836515381151
1769099795.3135695,13.646562777276275,-1.3838119261592203,-1.5882207929935006,0.7009195444203687,-0.7132403467622557
1769099795.363659,13.646432823117026,-1.391682414910338,-1.5947747330879023,0.6985785179303555,-0.7155334054299827
1769099795.4135733,13.646285880680459,-1.3992232763039842,-1.5976426440125602,0.6975517570284652,-0.7165343999184555
1769099795.4635038,13.64600044731733,-1.4107612316541867,-1.5999712190482935,0.6967170323705303,-0.7173460648841683
1769099795.5138314,13.645790220772552,-1.4185033404072713,-1.5999796700936555,0.6967140012022431,-0.7173490088713866
1769099795.5635083,13.645575619930401,-1.4261187918175984,-1.6022751961467974,0.6958901958019714,-0.7181481987631062
1769099795.6137793,13.645223136675378,-1.4375537538653624,-1.6053196241749408,0.6947962147360219,-0.7192066601391395
1769099795.6635492,13.644944231628962,-1.4453698354803142,-1.6071789439515591,0.6941272970041217,-0.7198522734240351
1769099795.7135723,13.644634345417847,-1.4529822861916655,-1.6171001822782975,0.6905478582317381,-0.7232867035218878
1769099795.7636306,13.64409716796724,-1.4644861494188366,-1.6236114683271405,0.6881894394523619,-0.7255310437370988
1769099795.813576,13.643709660275016,-1.471917343233301,-1.6270631967252263,0.6869362470975345,-0.7267176841274438
1769099795.8635304,13.64325875474821,-1.4798267987199911,-1.6348875965936078,0.6840879325950151,-0.7293995479007909
1769099795.913545,13.642495196560985,-1.4917490005903047,-1.643358318536678,0.6809925357810634,-0.7322903564915196
1769099795.963538,13.641973284391383,-1.4995014359797507,-1.6436072628860514,0.6809013807327059,-0.7323751154403696
1769099796.0135465,13.641419111642831,-1.5071504913140346,-1.6482804477482036,0.6791882613928152,-0.7339641037450026
1769099796.0635185,13.640592848880841,-1.518104021638025,-1.6534298798047937,0.6772962631151423,-0.7357103859333942
1769099796.113553,13.640025178269969,-1.5254979976000684,-1.6536569751187828,0.6772127205585583,-0.735787286594214
1769099796.1658337,13.63910160473802,-1.5367740370222,-1.6549589812892962,0.6767335772956574,-0.736227998218366
1769099796.2135673,13.638488149883942,-1.5440630480363715,-1.660096146607539,0.674840284492483,-0.7379638137646755
1769099796.263538,13.637780566875424,-1.5519790336228374,-1.6657489260453557,0.6727518184614839,-0.7398682252649904
1769099796.313599,13.636683477044128,-1.5635700948055733,-1.6698697114450622,0.6712259724612907,-0.7412527867693953
1769099796.3635209,13.635867400688637,-1.571425105457407,-1.678624288833059,0.6679748748252371,-0.7441838258133596
1769099796.413594,13.635031159047061,-1.5791503573628403,-1.68635102627331,0.6650948404998972,-0.7467588989362071
1769099796.4648514,13.633715874922547,-1.5906930181557568,-1.6960144550965683,0.6614789653459974,-0.7499637180589397
1769099796.5135577,13.632886848041956,-1.5979345125489617,-1.6985730452443433,0.6605189994307858,-0.750809330916281
1769099796.5635202,13.631944824535688,-1.6056726210935492,-1.7027655109886624,0.6589436781600393,-0.7521922819418706
1769099796.613543,13.630489497234787,-1.6170451886530137,-1.7059727532960924,0.6577365999521823,-0.7532480103414433
1769099796.6635332,13.629528802423986,-1.6246790594636489,-1.7046315948996638,0.6582415644768295,-0.7528067765337237
1769099796.7135358,13.628526701882175,-1.6323588838856904,-1.7050857261017391,0.6580706109860512,-0.7529562211420032
1769099796.7635372,13.626991115382582,-1.6437468575558964,-1.7084075343541993,0.6568191157890519,-0.7540481742793944
1769099796.8135512,13.625949959470233,-1.6513449434522216,-1.7152627081297822,0.6542306969475896,-0.756295045052836
1769099796.8635397,13.62493371195897,-1.658537488970603,-1.7168704846559497,0.6536225089091119,-0.756820729002158
1769099796.9135425,13.623219041595286,-1.6701047141736154,-1.7209092913232604,0.652092850912218,-0.7581391124254017
1769099796.9635534,13.622023588053015,-1.6779874696448247,-1.721003733716179,0.6520570499492282,-0.7581699041847478
1769099797.0135453,13.620822927632368,-1.6859206132935116,-1.721003733716179,0.6520570499492282,-0.7581699041847478
1769099797.0635397,13.619050936803614,-1.697479205451737,-1.7210056925377284,0.6520563073891422,-0.7581705428160846
1769099797.113544,13.617930592514806,-1.7047845690021737,-1.7234622434219824,0.6511245734988562,-0.7589708754530259
1769099797.1635396,13.616794712695196,-1.712343480199105,-1.7176300734041265,0.6533350255204678,-0.7570689165645157
1769099797.213542,13.615157193669075,-1.7233591326874982,-1.7145139258724558,0.6545138012451561,-0.7560500538850693
1769099797.2635324,13.614055072625293,-1.7307951616055217,-1.7175807755368628,0.6533536862634717,-0.7570528123228478
1769099797.3135543,13.612928801734382,-1.7384323207393926,-1.7148301512986925,0.6543942519390799,-0.7561535313870406
1769099797.3635375,13.611312591838416,-1.7493999498874584,-1.7130639203298375,0.6550617675657358,-0.755575330905962
1769099797.413585,13.610148099437417,-1.757261744160909,-1.7162383313597585,0.6538616896144636,-0.756614096388984
1769099797.4635599,13.60902010151906,-1.765000974782531,-1.7115438069768087,0.6556358583752616,-0.755077228641239
1769099797.513564,13.607414882750989,-1.7760725112961206,-1.7109963327766724,0.6558425264595231,-0.7548977284951848
1769099797.5635464,13.606193549059691,-1.7837727677625188,-1.7192404097865264,0.6527252459989968,-0.7575947156861306
1769099797.6135497,13.604527719131092,-1.7949121544125253,-1.7234442764032147,0.6511313916945638,-0.7589650260386841
1769099797.6635494,13.6033683790865,-1.8026466744130907,-1.7191860150357368,0.6527458503454645,-0.7575769629923923
1769099797.713556,13.60221633753155,-1.8102544161303789,-1.719954241118646,0.6524548070072453,-0.7578276352925765
1769099797.7635489,13.600517809781811,-1.8216192364982517,-1.7194821637767785,0.6526336654578991,-0.7576736096176155
1769099797.8135736,13.599388479787468,-1.8293583116403687,-1.7148294128545951,0.6543945311275912,-0.7561532897702027
1769099797.8635488,13.59831348428888,-1.8367215822029086,-1.7124395866573967,0.6552976012052072,-0.7553708055350705
1769099797.9135482,13.596741792773695,-1.847618936326681,-1.712734699490143,0.6551861342626507,-0.7554674906771064
1769099797.9635556,13.595643934472662,-1.855336947351803,-1.7109872692069408,0.6558459474868898,-0.7548947563501973
1769099798.0135574,13.594541492696885,-1.8629775561149393,-1.7098244379261769,0.656284744227907,-0.7545133096862577
1769099798.0635457,13.592927746105033,-1.874226865294252,-1.71345794228341,0.6549128982201589,-0.7557043706006151
1769099798.1135485,13.591790983110393,-1.8821949872306738,-1.7128018201881237,0.6551607801410504,-0.7554894785269815
1769099798.1635497,13.59068019132256,-1.8899367061588617,-1.7110618537434317,0.6558177952930986,-0.754919213808272
1769099798.2135627,13.589033080904263,-1.9014625190818444,-1.7111399194543861,0.6557883281409463,-0.7549448116744047
1769099798.2635465,13.587939797491593,-1.909130035880181,-1.7127687357546233,0.6551732775221153,-0.7554786406119827
1769099798.3135643,13.586873815295851,-1.9166480463546849,-1.709947325560336,0.6562383828113019,-0.7545536329017357
1769099798.3635466,13.58531185603437,-1.9277257854333458,-1.7073218715533527,0.6572283400242753,-0.7536915211603057
1769099798.4135852,13.584238171355295,-1.935370494406351,-1.7053122756206702,0.6579853158294874,-0.7530307591013595
1769099798.463556,13.583213052717474,-1.9429452701734717,-1.7026001468163228,0.6590058687346629,-0.7521377965328376
1769099798.513561,13.581635078629844,-1.9544296008267474,-1.699890966216334,0.6600241023767801,-0.7512444237940976
1769099798.5635633,13.580573983679018,-1.9619994952206175,-1.7048382150124746,0.6581637884537263,-0.7528747754894161
1769099798.6135511,13.579507010810643,-1.9697729439212122,-1.703549471210064,0.6586487831308232,-0.7524505169645948
1769099798.663561,13.577924550129714,-1.9812567775881536,-1.7030583515598685,0.6588335348881686,-0.7522887565999908
1769099798.7135694,13.576812358876237,-1.9889986375457904,-1.7082969055089543,0.6568608245235905,-0.7540118415556806
1769099798.763561,13.575711454781084,-1.9967929807816824,-1.7086060359247477,0.6567442726806729,-0.7541133603783544
1769099798.8135896,13.574080565166756,-2.008448940039303,-1.7062906015663484,0.6576168823579183,-0.7533525310489452
1769099798.8635616,13.573001632993169,-2.0160930201280367,-1.7064703911956407,0.657549157214741,-0.7534116443526632
1769099798.9135716,13.572017162753678,-2.023315713543894,-1.703283130868139,0.6587489812541764,-0.7523627979217107
1769099798.9635751,13.570519261074182,-2.034555529596566,-1.700143519264055,0.6599292325803326,-0.7513277633536066
1769099799.0135887,13.569552813695061,-2.04162742728142,-1.7003559888575328,0.6598494117043334,-0.7513978665616805
1769099799.0635617,13.568110876169056,-2.0524406023181387,-1.7017227442206515,0.6593357691358213,-0.7518486174344374
1769099799.1135821,13.567089793895937,-2.0602457259509745,-1.6968940693252423,0.6611490620028982,-0.7502545686716527
1769099799.163562,13.566072710888934,-2.067898170294527,-1.6972160175079565,0.6610282818898766,-0.7503609868201556
1769099799.2135751,13.564537645442037,-2.079694709299158,-1.699276500610428,0.6602548781526784,-0.7510416072865683
1769099799.2635689,13.563530123348896,-2.0875526338621166,-1.699052859080944,0.6603388560715082,-0.7509677723858541
1769099799.313575,13.562537609954564,-2.095208323646926,-1.697189235502591,0.6610383299165965,-0.7503521349213828
1769099799.3635573,13.561036669043348,-2.106728567527385,-1.6995584975707339,0.6601489758647481,-0.7511346947550248
1769099799.4135914,13.560028225328375,-2.1144332417773124,-1.7024880103589337,0.659048038732786,-0.7521008460588702
1769099799.4635608,13.559047111150333,-2.1219627818887004,-1.6989556730924982,0.6603753470644966,-0.7509356836570263
1769099799.5135722,13.558073975334688,-2.1295188925385724,-1.6995755832051977,0.6601425590342456,-0.7511403342596625
1769099799.5635633,13.55662490560703,-2.140892720308863,-1.698884257281354,0.6604021609839665,-0.7509121025577542
1769099799.6135705,13.55566224582368,-2.148475704782681,-1.6968619648422576,0.6611611051852342,-0.7502439556505868
1769099799.663568,13.554703092473165,-2.1559570464335467,-1.6972100937147083,0.661030504378651,-0.7503590289194276
1769099799.7135813,13.553246950920697,-2.167406494032724,-1.6999537852687734,0.6600005058197812,-0.7512651544678702
1769099799.7635677,13.552257052051983,-2.1751390826873007,-1.6995192612687116,0.6601637116115822,-0.751121743708182
1769099799.8136032,13.551243611317652,-2.1828431128756534,-1.7014105672169662,0.6594531160277494,-0.7517456935435625
1769099799.8635738,13.549691170513665,-2.1945863582329266,-1.7035497944263847,0.6586486615286707,-0.752450623407603
1769099799.913575,13.548664413471588,-2.202416242497665,-1.7029919395937667,0.6588585150126379,-0.7522668789700512
1769099799.963579,13.54765014788299,-2.2100946079749466,-1.7024119218357734,0.6590766513771593,-0.7520757725186142
1769099800.013579,13.546207801310807,-2.2210864606601373,-1.703003626115222,0.6588541193098795,-0.7522707288392944
1769099800.06357,13.545221924694003,-2.2286664585026004,-1.702336163725807,0.6591051388238622,-0.7520508067783568
1769099800.1135807,13.544235776250728,-2.2361698295231154,-1.701810268214597,0.6593028661075605,-0.7518774705644239
1769099800.163573,13.542747169261201,-2.2474619415630714,-1.702467692001313,0.6590556794257546,-0.7520941506331884
1769099800.2135763,13.54180942429087,-2.25471640156654,-1.7037863432699443,0.658559661259612,-0.7525285194340645
1769099800.2635708,13.540381326601416,-2.2658378106214183,-1.6979929486850605,0.6607367425984308,-0.7506177169374667
1769099800.3136034,13.539390642577839,-2.273544768561106,-1.6981440922755642,0.6606800151833025,-0.7506676478558212
1769099800.3635757,13.538389940401695,-2.2813525227957157,-1.6991319701505894,0.6603091506230482,-0.7509938918549662
1769099800.4135852,13.536919138933017,-2.2929787577044847,-1.6976080006374308,0.6608812047709552,-0.750490528374936
1769099800.4635785,13.535920096117298,-2.3006846425606797,-1.700387451985422,0.6598375909590978,-0.7514082469319154
1769099800.5136118,13.534887697826306,-2.30846277175339,-1.703732470198212,0.6585799315321457,-0.7525107798451224
1769099800.563579,13.533353797718087,-2.3200552430363444,-1.7046032409856147,0.6582522369199991,-0.7527974445957009
1769099800.6135802,13.532365919951788,-2.327660493519864,-1.6993344889964848,0.6602331020298213,-0.7510607505282642
1769099800.6635776,13.531395861224025,-2.335242538065932,-1.6965261813544918,0.6612870556324095,-0.7501329415863688
1769099800.71359,13.529983035475237,-2.3464423510142294,-1.6976703599393632,0.6608578044169863,-0.7505111340554251
1769099800.7635784,13.529045643875838,-2.35390098080128,-1.6950119603868181,0.6618547995622522,-0.7496320592773571
1769099800.8136027,13.528085420742368,-2.361458717629534,-1.6980884256380864,0.6607009084992972,-0.7506492586476079
1769099800.8635712,13.526622123774258,-2.3729072541268152,-1.7009576587521504,0.6596233351114129,-0.7515963383203093
1769099800.9135804,13.52561129562632,-2.3807647413406,-1.6977665312087058,0.6608217148487642,-0.7505429109546893
1769099800.963572,13.524601336272612,-2.388494747293585,-1.6980060658381584,0.6607318196004645,-0.7506220504138279
1769099801.0135815,13.523129477931382,-2.399891147676179,-1.7004342250057571,0.6598200179620504,-0.7514236780249605
1769099801.0635784,13.522123948845717,-2.4076982810645604,-1.6998557568054569,0.6600373277112934,-0.7512328041477786
1769099801.1135895,13.521169707764717,-2.415205792477516,-1.6949197184678337,0.6618893726081501,-0.7496015331016803
1769099801.163579,13.51970830255254,-2.426629021601454,-1.7001549643315976,0.6599249330710282,-0.7513315398086248
1769099801.213597,13.51872900893209,-2.434286416044972,-1.6986397696518052,0.6604939504093383,-0.750831366867865
1769099801.263574,13.51778938444156,-2.441668202881085,-1.6943069306056568,0.6621190148968595,-0.7493986990327727
1769099801.3138802,13.516344917932832,-2.4531190969365952,-1.6949643206156575,0.661872655524366,-0.7496162937590964
1769099801.3636081,13.51540046183795,-2.460882935216103,-1.6899413066074302,0.663753232682135,-0.7479516335325537
1769099801.413889,13.514477561350546,-2.468572813436806,-1.6869638567765601,0.664865990964578,-0.7469626590792138
1769099801.4635992,13.513163977852136,-2.479555211141871,-1.6867262514146135,0.66495472743887,-0.7468836659458407
1769099801.5138392,13.512247078076452,-2.487373232102077,-1.6863334452037797,0.6651014048842623,-0.7467530523680374
1769099801.5636094,13.51133340862183,-2.4950387009714583,-1.685867965018656,0.665275186243632,-0.746598236381858
1769099801.6136646,13.509918341606603,-2.506773789401386,-1.6916892200021807,0.6630993019384638,-0.7485314393989888
1769099801.6636226,13.508957946851876,-2.514586628678696,-1.6936715769496125,0.6623570480844373,-0.7491883213537638
1769099801.7136245,13.507997901509137,-2.5225269579141956,-1.6910192759984517,0.6633500018065487,-0.7483092777075878
1769099801.7641728,13.506682703540324,-2.5334837666359267,-1.685828447721427,0.665289937885977,-0.7465850912974842
1769099801.8136466,13.505802602168593,-2.5409493159064036,-1.6854635313287887,0.6654261473802966,-0.7464636912687822
1769099801.8636162,13.505013334840504,-2.548043270367861,-1.6813326958820702,0.6669664862849535,-0.7450877170996063
1769099801.9136407,13.503766987007204,-2.5592882945942157,-1.6775557952341043,0.6683723573069152,-0.7438268561889906
1769099801.9636722,13.502939871722171,-2.5668871903867982,-1.677680564463815,0.6683259526544035,-0.7438685508936266
1769099802.0136423,13.502136573409805,-2.5747179262430917,-1.6738597172382916,0.6697458362339977,-0.7425904085343569
1769099802.0636861,13.500984488655904,-2.586278521291908,-1.6651515654976867,0.6729727724942588,-0.7396672545688301
1769099802.113635,13.500221981558461,-2.5941893198932027,-1.6649287987971395,0.6730551549364555,-0.7395922920186931
1769099802.1691701,13.499193393479066,-2.6053548376754105,-1.663738455183419,0.6734952201832635,-0.7391915775969702
1769099802.2136343,13.498520069199962,-2.613096359444677,-1.6571528526132802,0.6759255755651772,-0.7369698883244036
1769099802.263695,13.497838698426731,-2.6209638413955747,-1.6557226753930592,0.6764524014755533,-0.7364863532598258
1769099802.3136463,13.497211111742455,-2.6286582695415075,-1.6521409089956038,0.6777702770266915,-0.7352737256145917
1769099802.3635871,13.496319811711137,-2.640216655554613,-1.6434936590345859,0.6809429799511493,-0.7323364377492416
1769099802.4136493,13.495800469733386,-2.6479701939437903,-1.632586033841721,0.6849268588570825,-0.7286118294511627
1769099802.470198,13.495305160135063,-2.6555215411528668,-1.6292610854482887,0.6861372101577856,-0.7274721498702825
1769099802.5136352,13.494627151948906,-2.66686565627378,-1.627263726974777,0.6868633792054634,-0.7267865562229752
1769099802.5635824,13.49420772165553,-2.674447357806451,-1.6234766260834084,0.6882383540051228,-0.7254846435840798
1769099802.6136413,13.493812687900213,-2.682182473581093,-1.6167853531169376,0.6906617055487507,-0.7231779922595065
1769099802.6641934,13.493260573746648,-2.6937614457156447,-1.6132507844542252,0.6919386874484913,-0.7219562679359873
1769099802.7138746,13.492925992631466,-2.701625950919484,-1.6119439844209242,0.6924102659471819,-0.7215040011052973
1769099802.7711687,13.49262768773931,-2.709669528082224,-1.6059877228479746,0.6945559254670594,-0.7194387162216089
1769099802.8139088,13.492249748120214,-2.721458598603803,-1.6014361777521204,0.6961914043334185,-0.7178562032414727
1769099802.8635833,13.492023901069942,-2.729149821794883,-1.5952204112433468,0.6984190517827841,-0.7156890582556343
1769099802.9138901,13.49185506489644,-2.736842632732136,-1.5871848892227491,0.7012888745668852,-0.7128772085069852
1769099802.9651937,13.491670069806304,-2.7481296829754185,-1.579595862178154,0.7039888415937361,-0.7102110326596663
1769099803.013903,13.491558774915559,-2.7557469755596213,-1.5725508203830203,0.7064862020280381,-0.7077268161826271
1769099803.072234,13.491487392727283,-2.7633139713706134,-1.569962232359967,0.7074016166005753,-0.7068118227865835
1769099803.1136782,13.491496303419291,-2.774906254614148,-1.5672492847120942,0.708359737225709,-0.7058516010306448
1769099803.1662204,13.491523955006917,-2.7827018970154236,-1.5637825288531033,0.709582180031514,-0.704622686110605
1769099803.2136357,13.491562310399138,-2.790294886821504,-1.5645539464329927,0.7093103480919049,-0.7048963257740395
1769099803.2636447,13.491657046996353,-2.801836318301717,-1.5596530198147953,0.7110355393244012,-0.7031560721615493
1769099803.3136625,13.49173814988409,-2.809530308987087,-1.555691802891314,0.7124268206521513,-0.7017464109031605
1769099803.3636713,13.491851333953221,-2.8172998348157594,-1.552041601901801,0.7137063911192272,-0.7004449923267129
1769099803.413646,13.492079720271938,-2.829143078792153,-1.5459633681586336,0.7158318260599729,-0.6982727237975466
1769099803.4638052,13.492290607198235,-2.8370373344894726,-1.5375742879016783,0.7187544532088082,-0.6952640045281413
1769099803.5136487,13.492592119574915,-2.8448277847219536,-1.5264561533936563,0.7226083467743392,-0.6912576778394989
1769099803.5638494,13.493114724068688,-2.8562818097519687,-1.5123720767561204,0.7274582524871556,-0.6861519444615266
1769099803.6136491,13.493516030783411,-2.863737130804669,-1.5070570559652448,0.7292791374810288,-0.6842162959437073
1769099803.6638677,13.49402497604856,-2.8712123822757167,-1.4984138600890113,0.7322292259367411,-0.6810582652637591
1769099803.7136257,13.494891398568148,-2.8825952796029166,-1.482720564237491,0.7375506540043962,-0.6752918130539474
1769099803.7636046,13.49551608085807,-2.8898829865394466,-1.475106739855143,0.7401160799309516,-0.6724791359050787
1769099803.8136992,13.496267182149815,-2.897591778752079,-1.468568996901078,0.7423103696229719,-0.6700562029786806
1769099803.8636172,13.497586074226687,-2.909086365973843,-1.4499903624192583,0.7485026174681604,-0.6631318357938433
1769099803.9136574,13.498476747219076,-2.916423221602036,-1.4353990868396393,0.7533206242956317,-0.657653432296099
1769099803.9636693,13.49949203879469,-2.92389708935541,-1.41728916846098,0.7592446848794504,-0.6508052769318209
1769099804.013599,13.501094132297021,-2.9346606255381533,-1.4049994257687126,0.7632294401268148,-0.646127558399817
1769099804.0636578,13.502296652374044,-2.941901313081395,-1.384606574137973,0.7697778426529075,-0.6383118931687201
1769099804.1136863,13.503684455872508,-2.9490588510401747,-1.361260044626451,0.7771764108213715,-0.6292827873562178
1769099804.1636703,13.505903299448608,-2.9594297829909464,-1.335600277177368,0.7851858512801737,-0.6192601867950409
1769099804.2138102,13.50748180983568,-2.9661813932752294,-1.3158022483067158,0.7912773466365359,-0.6114574071019528
1769099804.26367,13.509262713299776,-2.9728337270525236,-1.292626801647384,0.7983094634134918,-0.6022474579643012
1769099804.3136709,13.512017376439625,-2.9823668403625243,-1.2682849591209795,0.8055800622527233,-0.5924869309114746
1769099804.3636792,13.51402546671409,-2.988819300082812,-1.2406328639894726,0.8136945578042395,-0.5812926686272271
1769099804.4193258,13.51740271021914,-2.9985270057916242,-1.2081722992679151,0.8230215175466393,-0.5680101950275426
1769099804.4636717,13.519692979414863,-3.0046939642036428,-1.1863601189511501,0.8291672193835518,-0.5590006460638028
1769099804.513599,13.522214315651347,-3.0105622637475005,-1.1557442886530995,0.8376268712238579,-0.5462428256771255
1769099804.5636718,13.52622535980997,-3.019664808396077,-1.1298998077342646,0.844615421625401,-0.5353735047166099
1769099804.6136029,13.529017351946178,-3.025704887447365,-1.1034679485988594,0.8516169146637724,-0.524164698027783
1769099804.663986,13.53187146259136,-3.0315455534973377,-1.0796494025522192,0.8577987955680649,-0.5139856285169627
1769099804.7163167,13.536371330173095,-3.0399320458064016,-1.0532789790000632,0.8645010455696032,-0.5026310199431218
1769099804.7639601,13.539665392923759,-3.0456883693020145,-1.0239085512396005,0.8717888087718861,-0.4898818968895419
1769099804.8233247,13.543084165338508,-3.0513684178976552,-0.9891203161337084,0.8801775635494884,-0.4746445581949575
1769099804.863937,13.548440508361685,-3.059538274138917,-0.966355738612729,0.8855229725689338,-0.46459559301900333
1769099804.9136841,13.55207750685755,-3.064778997525007,-0.9377369231087316,0.8920801755566701,-0.4518771518662796
1769099804.9637573,13.555679096681423,-3.0697014821672366,-0.9056583941573036,0.8992128970287234,-0.4375113322157615
1769099805.0136783,13.561482355387497,-3.077053757365446,-0.8705038218074889,0.9067638556508241,-0.42163883844500316
1769099805.0636728,13.565647221648744,-3.082047839086237,-0.83970330997793,0.913149419494167,-0.4076249963845027
1769099805.1136687,13.5699024090947,-3.0868631315148614,-0.8106893450428562,0.9189665351345468,-0.39433552630064367
1769099805.163664,13.576535593381928,-3.093795459853053,-0.7798684427683856,0.9249340661240273,-0.38012757506299577
1769099805.2136743,13.58108958237533,-3.098297498084917,-0.7450668886618241,0.9314082220245302,-0.3639762683817495
1769099805.2636566,13.585729994726067,-3.102667601078507,-0.7185814801271774,0.9361464422560003,-0.3516103506033817
1769099805.3137305,13.59297788123184,-3.1089551145669487,-0.6864407795557385,0.941675820354264,-0.33652139510010926
1769099805.3636591,13.59795623984027,-3.1130236881036635,-0.6568128862281297,0.9465575231082248,-0.3225350453008517
1769099805.4139705,13.60540415821294,-3.1186669349583016,-0.6235582891294968,0.9517893195203867,-0.306752491834898
1769099805.463657,13.610714581606137,-3.1224687911038296,-0.5923682195565252,0.9564572037283003,-0.29187260480600186
1769099805.5138607,13.616092994272014,-3.1261241612833666,-0.5653728399555783,0.960309563972979,-0.27893644677959717
1769099805.563677,13.621392905948158,-3.1295303598602198,-0.5381718326907357,0.9640143085395497,-0.26585035815475955
1769099805.6138203,13.629496850006337,-3.1343279439887124,-0.5096850868462077,0.9677030013915611,-0.25209304055797405
1769099805.6637025,13.635265627255436,-3.1375474040099833,-0.47767455863636715,0.97161369996438,-0.23657307125183952
1769099805.718608,13.644150965510205,-3.142082255369267,-0.4399833088688131,0.9758992705462545,-0.21822147865709388
1769099805.763697,13.650102280566824,-3.1449427000043544,-0.4186894033610033,0.9781673081454244,-0.20781895311913748
1769099805.8136466,13.65619455408603,-3.1476836842360885,-0.39433556987501167,0.980625320589076,-0.19589277837524244
1769099805.8636997,13.665380797503449,-3.151441242607464,-0.3659507216751564,0.9833066611237359,-0.18195606664711803
1769099805.9136152,13.67169334824564,-3.1538548209121195,-0.33687406309874607,0.9858479896482246,-0.16764170515284701
1769099805.9636848,13.677987459680985,-3.1560931138861332,-0.3091091932919543,0.9880801941830738,-0.15394002034279164
1769099806.013647,13.687603542767114,-3.1591049820682993,-0.27990996432237814,0.9902222771386885,-0.1394985371187466
1769099806.0638032,13.69412790330963,-3.160964319748027,-0.2519872354256694,0.9920732984397675,-0.12566053685560893
1769099806.1136208,13.700271012951854,-3.162577095227599,-0.22473183024121318,0.9936935901967906,-0.11212960715980765
1769099806.1648438,13.709750151670248,-3.1647281400139278,-0.19564608664248054,0.9952191403982181,-0.09766710083253094
1769099806.2266872,13.71579713456624,-3.1659713763670974,-0.16498436709303269,0.9965994488678044,-0.082398656035087
1769099806.2638135,13.725648807902537,-3.1676595644911,-0.14995593053856074,0.9971904689260478,-0.07490773446747011
1769099806.313677,13.73263299394445,-3.168705820165443,-0.12640789843031877,0.9980032952274901,-0.06316187707051814
1769099806.3638813,13.73932992500922,-3.169597535656173,-0.1054641788700625,0.998609985514704,-0.05270765438076799
1769099806.4137058,13.749799744807369,-3.170712079822839,-0.0844027226009966,0.9991096547026945,-0.04218883596240181
1769099806.46365,13.756653141030602,-3.1713434743676516,-0.07243699048750632,0.9993441819965536,-0.036210577317120116
1769099806.513921,13.764119811315465,-3.171935815561847,-0.05962648118439787,0.9995556182591185,-0.02980882430810267
1769099806.5636733,13.775181424273223,-3.172648077543638,-0.051811387425886805,0.9996644662821174,-0.025902796236884334
1769099806.6136541,13.782886009605937,-3.173107839967843,-0.04379154107959757,0.9997602971930857,-0.02189402101928732
1769099806.6636777,13.794361059254593,-3.173685380798712,-0.04117849125386588,0.9997880489698866,-0.020587790969104482
1769099806.7138531,13.802298302573798,-3.174072146188606,-0.04421771697384013,0.9997556091433333,-0.022107057389952212
1769099806.763629,13.809780331606346,-3.1744492721485353,-0.045200025363576,0.999744630583055,-0.022598088865013802
1769099806.8140092,13.821380408470025,-3.175080080702208,-0.05233521472212534,0.9996576476984652,-0.026164621112700164
1769099806.8636289,13.828579451686222,-3.1755415424179803,-0.0669669806802182,0.9994394803088709,-0.033477234054414086
1769099806.9139595,13.83617889426146,-3.176084473030001,-0.07547102093149101,0.999288100107893,-0.03772655540541014
1769099806.9636283,13.8471502406431,-3.1770257743658306,-0.09440478764341519,0.9988861738383062,-0.04718486743299128
1769099807.0137825,13.854755082973673,-3.177809615485665,-0.10954983293948961,0.9985002292982295,-0.05474753045922035
1769099807.0636714,13.862096371805487,-3.178675564112548,-0.12990072683669981,0.9978914665483856,-0.06490470699350147
1769099807.113629,13.873129901790238,-3.180206346146251,-0.1534743849481031,0.9970571461774987,-0.07666190224865184
1769099807.1636949,13.880257701345649,-3.1813169008664137,-0.16789369376397678,0.9964785321815868,-0.083848285022595
1769099807.219577,13.890672761122508,-3.18319937153319,-0.19581525428114321,0.9952108757817074,-0.09775127991902124
1769099807.2637098,13.897795883463356,-3.1846266382514425,-0.21485486593864403,0.9942352206334371,-0.10722092170831592
1769099807.3136523,13.904889544794429,-3.1861950774685095,-0.24006368693008134,0.9928048232990221,-0.11974382169530744
1769099807.3637753,13.91537927417981,-3.188804112429696,-0.26469414450492934,0.9912549021638983,-0.13196105082955478
1769099807.415428,13.92207710309167,-3.1905995859976772,-0.2835860551421331,0.9899641999488156,-0.1413183739635491
1769099807.463951,13.928862611566947,-3.1925512956481397,-0.3020108259590528,0.98862033117115,-0.15043218005149595
1769099807.520444,13.935635732386245,-3.19463314005891,-0.32920792285154066,0.9864833282454685,-0.16386165840044217
1769099807.563986,13.94555752207807,-3.198000809559311,-0.3492578792897716,0.9847910757393912,-0.17374273263665654
1769099807.613701,13.951722337664481,-3.200227839773475,-0.3725409813248414,0.982701755038412,-0.18519519606195223
1769099807.6637414,13.961279520823357,-3.2040091565428703,-0.39749508583273235,0.9803146338968397,-0.1974416839669503
1769099807.7137063,13.967570446389157,-3.206682236419045,-0.42479584194065667,0.9775282329881311,-0.2108045391140859
1769099807.7636647,13.973462463971858,-3.209313069707323,-0.44995405721680054,0.9747992318753638,-0.2230839696957199
1769099807.8136945,13.982218057958441,-3.2135961834387983,-0.4814822525374405,0.9711615404450757,-0.23842244516896388
1769099807.8636634,13.987656232133885,-3.2164121283977614,-0.504718761711754,0.968326005276584,-0.24968930194362174
1769099807.9205403,13.993421440265067,-3.2195840076917444,-0.5397668564098662,0.9638019831798623,-0.26661908637335846
1769099807.9637086,14.001590283703756,-3.224519698571749,-0.5697430841978807,0.9596977616354665,-0.2810341728542549
1769099808.013903,14.006828263446565,-3.2278871011650763,-0.6057893392596128,0.9544770545199653,-0.29828434822311944
1769099808.068495,14.011732655056676,-3.231249194476717,-0.6416326370571042,0.948978315325262,-0.3153413341800083
1769099808.113876,14.018456681331742,-3.236337004640403,-0.6789656213433407,0.9429270153995786,-0.33299946490894367
1769099808.1636448,14.022948978601503,-3.2400033360688445,-0.7207317888105221,0.9357678658614061,-0.35261664909812374
1769099808.2138722,14.028965527322235,-3.2454389871367466,-0.7702373192437966,0.9267538624434124,-0.37566910765488387
1769099808.2636905,14.032962341876818,-3.2493558292225084,-0.816695221746335,0.9177782281878913,-0.3970933440191297
1769099808.3143022,14.036629025109878,-3.2532367806322675,-0.8626777280957696,0.9084068018253383,-0.41808740999635546
1769099808.3637228,14.04147377576335,-3.2590284129970817,-0.9128546892576906,0.897632849199219,-0.44074399376337753
1769099808.4137168,14.044527537903086,-3.2630384615112678,-0.9657579956308702,0.8856617873951304,-0.46433091470207216
1769099808.463721,14.04729733448419,-3.266997280871584,-1.0149242868297883,0.8739806196082572,-0.4859607767599838
1769099808.5137079,14.051043903778142,-3.2731708047656682,-1.0692929072293462,0.8604488279629238,-0.5095368627069398
1769099808.563722,14.053309996569832,-3.2773582274595943,-1.1232623065564573,0.8463875381604747,-0.5325674936068207
1769099808.6137044,14.055405526013216,-3.2816845591703014,-1.1776897276558058,0.831582797321096,-0.5554008023037247
1769099808.6639833,14.05795436052974,-3.2880061174627992,-1.2384968993987882,0.81431490392039,-0.5804233259037114
1769099808.7137055,14.059498748289789,-3.2924522338450393,-1.2931116342964197,0.798163445343115,-0.6024409635126153
1769099808.7638035,14.060796016274645,-3.2968405834924166,-1.3450691591150314,0.7822452115072903,-0.622970648645596
1769099808.8137202,14.062292655611087,-3.303645553650059,-1.4044569598719034,0.7634046631330071,-0.6459205216640665
1769099808.863865,14.06283398812351,-3.308147182161864,-1.4727989541092208,0.7408915559202253,-0.6716246737323665
1769099808.9137275,14.063274789572326,-3.3126308683650896,-1.5300547981752128,0.7213633822839398,-0.6925567635218607
1769099808.9655776,14.063548878930835,-3.319256148929477,-1.589943576913389,0.7003049049563667,-0.7138438485369571
1769099809.0137098,14.063520237793423,-3.3236033278302335,-1.6420989664121963,0.6814535064546627,-0.7318614066479014
1769099809.0636754,14.063269437550787,-3.3279678621243787,-1.6982929452851152,0.6606241437842222,-0.7507168178809925
1769099809.113707,14.062453918079985,-3.3341182470126753,-1.7604159083651285,0.6369908520494213,-0.770871360478097
1769099809.1636777,14.06166332142237,-3.3383957515599882,-1.8175197083630223,0.614724377040647,-0.7887419985470461
1769099809.2137127,14.060659407921548,-3.3425993380906953,-1.8736394009777033,0.5923533146881882,-0.8056783170583134
1769099809.26463,14.058662234012404,-3.3487970560686375,-1.9370422866587156,0.5665188002956454,-0.8240488146412096
1769099809.313707,14.0570401830681,-3.3530272979520235,-1.9987523509422336,0.5408271309435393,-0.8411337672661702
1769099809.363688,14.055267499494867,-3.3570251144266794,-2.0568424442899906,0.5161716874639114,-0.8564851365088937
1769099809.4156113,14.052315677583852,-3.3624865431127757,-2.1234081212036777,0.4873848261729976,-0.8731872830133962
1769099809.4637136,14.050009990234344,-3.3658509052034153,-2.1958371971612207,0.4554500978089954,-0.8902613146743918
1769099809.5137825,14.047655191880237,-3.36911444825633,-2.259777128352037,0.42676058919837245,-0.9043646385761984
1769099809.5636556,14.043811706964808,-3.373844835674016,-2.3203264029164874,0.39918990048451597,-0.9168682693556159
1769099809.6140401,14.041133534213136,-3.3768364588330195,-2.375219233865467,0.3738779657877036,-0.9274779063128398
1769099809.6637335,14.036611925328765,-3.381157598017015,-2.434643006833379,0.3461598850099913,-0.9381755347534222
1769099809.7137187,14.033332576088597,-3.383979452253111,-2.49240472173561,0.3189239810622243,-0.9477802985415038
1769099809.7637188,14.02980220580517,-3.386727203807739,-2.5469986065995833,0.29293687817454866,-0.9561317824470378
1769099809.8178003,14.02598696270849,-3.389423522299999,-2.5993915542720276,0.267791952672135,-0.9634767615692892
1769099809.8637366,14.019968370877521,-3.393065877634665,-2.6459919091547293,0.24527211577680996,-0.969454273920316
1769099809.9137516,14.01546855575114,-3.3955390759493715,-2.6936581522286303,0.22209952538065808,-0.9750240001280411
1769099809.9639204,14.008578434075977,-3.3987994348473585,-2.742516553148599,0.1982165680739509,-0.9801582485195871
1769099810.0137382,14.003712229453459,-3.4008700869541757,-2.788201073194231,0.17577777606370623,-0.9844298722824788
1769099810.0639942,13.998752478070061,-3.402766211064708,-2.826461619243003,0.15691434900503776,-0.9876122149286759
1769099810.1137362,13.991033670791957,-3.4052325681126767,-2.8698595073626554,0.135448948816474,-0.9907843268161403
1769099810.1640167,13.985961359242669,-3.406643258422549,-2.9134747702816743,0.11381179526974977,-0.993502327756446
1769099810.2137427,13.980572125061059,-3.407928262203623,-2.9570328972638307,0.09214896453102811,-0.9957452326453083
1769099810.263742,13.972455351143022,-3.4094215046813283,-3.000771494259256,0.07035241558646695,-0.9975221990618299
1769099810.313722,13.966799348831028,-3.410258156513265,-3.036988840532288,0.05227806457124126,-0.9986325670459005
1769099810.3637245,13.961042352172125,-3.4109033189261293,-3.074520246824396,0.03352991750376977,-0.9994377142334535
1769099810.4139922,13.95227323867209,-3.411448131690724,-3.1155887780258293,0.013001571454644699,-0.9999154759977014
1769099810.4637227,13.946682385165158,-3.4116026459566,3.127013835017231,0.007289344732066238,0.9999734323737691
1769099810.5140262,13.937898922715231,-3.411446153603868,3.0886695097736703,0.026458483885517473,0.9996499130347983
1769099810.563722,13.93231332806799,-3.411161216829352,3.0520397868884235,0.04476147258902564,0.998997702986179
1769099810.6139634,13.92759878477553,-3.41078968880786,3.0242145245912004,0.05865537880401059,0.998278291127959
1769099810.6637177,13.924178504285281,-3.4104409765858765,3.0127439602211177,0.06437979042821709,0.9979254694537157
1769099810.7139678,13.923272452946154,-3.410385694754951,3.0123993507088365,0.06455173677634349,0.9979143616960113
1769099810.763727,13.922844018234613,-3.4103711518494975,3.0142940884600984,0.06360631494310277,0.997975068175232
1769099810.813835,13.922717413923074,-3.4103796635548456,3.017121319317134,0.062195498906795536,0.9980639858825359
1769099810.8637123,13.922641448310268,-3.410384143240699,3.0197651118630264,0.06087610788742973,0.9981453298435444
1769099810.9137008,13.922641125270083,-3.4103913803101897,3.0216819777763235,0.059919424694042336,0.9982032170576967
1769099810.963732,13.922615828367444,-3.410392069707541,3.0227609755487097,0.05938088647632418,0.9982353982509766
1769099811.013731,13.922615738289204,-3.410394063371799,3.0235539008201058,0.058985118782832725,0.998258862100495
1769099811.0637429,13.922615663391937,-3.4103957210418625,3.0244572349411087,0.05853423213572399,0.9982854019108369
1769099811.1137178,13.922615663391937,-3.4103957210418625,3.0244572349411087,0.05853423213572399,0.9982854019108369
1769099811.1640432,13.922615648342218,-3.410396054131042,3.0248094293923073,0.0583584359394197,0.998295694148134
1769099811.2137175,13.922615640692772,-3.410396223433042,3.0250497199745743,0.05823849499169871,0.9983026984342483
1769099811.2639892,13.92261563664746,-3.410396312966259,3.0252219080483957,0.05815254686660061,0.9983077087215784
1769099811.31374,13.922615634394017,-3.4103963628407796,3.025352547705797,0.05808733745406363,0.9983115051062458
1769099811.364031,13.922615633059056,-3.4103963923869167,3.025458248854512,0.05803457603653128,0.9983145736611582
1769099811.4137352,13.922615632474095,-3.410396405333625,3.025521601916146,0.05800295286506287,0.9983164114943385
1769099811.464015,13.922615632199166,-3.4103964114185086,3.0255623620375904,0.05798260710393245,0.998317593390716
1769099811.513725,13.922615632052537,-3.4103964146637935,3.025592133180345,0.05796774656971547,0.9983184563843489
1769099811.5637617,13.922615631925467,-3.4103964174761985,3.025627474141595,0.05795010579372522,0.9983194805464312
1769099811.6136966,13.922615631925467,-3.4103964174761985,3.025627474141595,0.05795010579372522,0.9983194805464312
1769099811.6637185,13.922615631883595,-3.4103964184029483,3.025650065904947,0.0579388288913012,0.9983201350802781
1769099811.7137213,13.922615631879642,-3.410396418490419,3.0256529280262705,0.057937400234568726,0.9983202179932346
1769099811.7637286,13.922615631887387,-3.410396418319023,3.0256453289455654,0.05794119339210356,0.9983199978505384
1769099811.8137286,13.922615631887158,-3.410396418324111,3.025645636171737,0.05794104003708738,0.998320006751052
1769099811.8637228,13.922615631876237,-3.4103964185658384,3.0256655721791703,0.05793108877667129,0.9983205842579574
1769099811.9137294,13.922615631868712,-3.41039641873237,3.025684358272799,0.05792171150213215,0.9983211283633457
1769099811.9637387,13.922615631871684,-3.4103964186665907,3.025674200380192,0.05792678192078969,0.998320834169207
1769099812.0139856,13.922615631871684,-3.4103964186665907,3.025674200380192,0.05792678192078969,0.998320834169207
1769099812.0637228,13.922615631871967,-3.410396418660346,3.0256723305598046,0.05792771526108883,0.9983207800124317
1769099812.1140177,13.92261563187168,-3.4103964186666587,3.0256748673683624,0.05792644898669311,0.9983208534873906
1769099812.1637263,13.922615631870876,-3.4103964186844777,3.0256845697119226,0.05792160596005962,0.998321134486798
1769099812.2139711,13.92261563187124,-3.410396418676421,3.0256785950885017,0.05792458825621701,0.9983209614524517
1769099812.263734,13.922615631871436,-3.4103964186720788,3.0256741971483794,0.05792678353398262,0.9983208340756027
1769099812.314146,13.922615631871736,-3.4103964186654316,3.025664988694394,0.05793138002910031,0.9983205673569607
1769099812.3637364,13.922615631871937,-3.4103964186609756,3.02565653857241,0.05793559799386984,0.9983203225844361
1769099812.4138043,13.922615631871965,-3.4103964186603495,3.0256549119606233,0.057936409933652434,0.9983202754647427
1769099812.463731,13.922615631871903,-3.4103964186617355,3.025659842665198,0.05793394872230167,0.9983204182953695
1769099812.513735,13.922615631871837,-3.41039641866319,3.0256669317311173,0.057930410142310866,0.998320623637889
1769099812.5637176,13.9226156318719,-3.4103964186617968,3.0256576284296233,0.05793505398055883,0.9983203541550526
1769099812.6137328,13.922615631871883,-3.410396418662158,3.0256609307647175,0.057933405586309425,0.9983204498141728
1769099812.6637304,13.922590491035566,-3.4103934913432945,3.0256777466407963,0.05792501176777631,0.99832093687937
1769099812.7137384,13.922489924313236,-3.410381811102816,3.0275716161415644,0.05697964115163384,0.9983753404878503
1769099812.763732,13.922288719616423,-3.4103590712715985,3.0309464096424694,0.05529490552654909,0.9984700663629381
1769099812.8137462,13.9221880959752,-3.410347891985222,3.0332883173295118,0.05412570552355219,0.9985341296127929
1769099812.863901,13.922062283240919,-3.4103342197536977,3.0361912976719214,0.052676286541081765,0.9986116406472748
1769099812.9137378,13.921961595901811,-3.4103236279764992,3.0395381777529686,0.05100509685929531,0.9986983929567395
1769099812.9639328,13.921886054199888,-3.4103159366638027,3.044101563498995,0.04872624306168398,0.9988121711498582
1769099813.0137384,13.92181048095089,-3.4103085626211755,3.0487646055200472,0.046397361171292964,0.998923062541025
1769099813.0638301,13.9216844613384,-3.4102969432122583,3.0533873486131315,0.044088356945726555,0.9990276356446933
1769099813.1137395,13.921659248114173,-3.4102947232262486,3.0576163316464253,0.04197582449827763,0.9991186266693709
1769099813.163864,13.921608809919633,-3.410290426303226,3.0616909379894803,0.039940231247042456,0.9992020706183173
1769099813.2137408,13.921659268666284,-3.410294478180958,3.066070703148846,0.03775200201954734,0.999287139086417
1769099813.2637064,13.921709745644137,-3.410298298413057,3.071191064006845,0.03519352571477594,0.9993805159936646
1769099813.313739,13.92173499439077,-3.4103000755569854,3.075956773597443,0.03281204939916911,0.999461539737386
1769099813.3636847,13.92173499372533,-3.4103000783377944,3.081176602081025,0.03020343170178783,0.9995437722848537
1769099813.4137483,13.92173499390343,-3.4103000775935364,3.0854439147174126,0.02807068168453651,0.9996059407735457
1769099813.463712,13.921709722698838,-3.4102986617810975,3.0895821058423465,0.02600234285656945,0.9996618819210671
1769099813.513762,13.921734999171395,-3.410299977672199,3.0939817744658202,0.023803191206082947,0.9997166639045318
1769099813.5636845,13.921810844663568,-3.410303604570854,3.0987018713608117,0.021443747345904672,0.9997700564128559
1769099813.6140876,13.921886707755737,-3.410306838511684,3.103801177086208,0.01889461382136447,0.9998214808497272
1769099813.6636856,13.921911999953425,-3.4103078060858,3.108617678166968,0.01648674073600944,0.9998640844534339
1769099813.7141418,13.921836109588003,-3.4103052950553834,3.1147211868239966,0.013435329152507799,0.9999097418920189
1769099813.7636864,13.921810808052065,-3.4103046161772577,3.119700006631385,0.010946104878789234,0.9999400895993632
1769099813.8141131,13.92181080800017,-3.410304613456478,3.123968795157291,0.008811815175501433,0.999961175202974
1769099813.86484,13.921861421716205,-3.4103054972867537,3.1285368884241556,0.006527836220534438,0.9999786934501544
1769099813.9140813,13.921912038710031,-3.4103061623691238,3.1334111913296554,0.004090719720973998,0.9999916329710786
1769099813.9637296,13.921962658059762,-3.410306607753957,3.1371430313904956,0.0022248092642600747,0.9999975251088062
1769099814.0137632,13.921937348685459,-3.410306399773559,-3.138719165563201,0.0014367435190003682,-0.9999989678834976
1769099814.0637434,13.921912038103457,-3.4103064725034136,-3.133134332159044,0.0042291481083985664,-0.999991057113151
1769099814.113766,13.921861417978304,-3.410306876771756,-3.128281342318442,0.006655606497354111,-0.9999778512057916
1769099814.1636918,13.921912034812397,-3.4103062071910086,-3.1241390146685544,0.00872670869242664,-0.9999619215527147
1769099814.2137685,13.921962648628494,-3.4103053354460804,-3.1193629352049057,0.011114630338730887,-0.9999382305884866
1769099814.2678685,13.922038561950856,-3.4103036487982368,-3.1148240312580175,0.01338391155902884,-0.9999104314444269
1769099814.3137624,13.92208916595574,-3.4103023255167075,-3.1110430366849857,0.015274214473525708,-0.9998833423816084
1769099814.3639355,13.922063867127747,-3.4103031006403954,-3.1056226488665124,0.01798403280491482,-0.9998382742044194
1769099814.4137654,13.921987984695628,-3.4103058378938016,-3.0998140129096496,0.020887801149684276,-0.9997818260816363
1769099814.4637842,13.921962696308304,-3.4103068984385514,-3.09461683234816,0.023485751037683796,-0.9997241717084747
1769099814.5137703,13.921962695843817,-3.4103068913892955,-3.089650649926613,0.025968082387169023,-0.999662772487369
1769099814.5649188,13.922013248093894,-3.410304243323508,-3.084681761593849,0.028451606032160483,-0.9995951711138819
1769099814.6137455,13.922063787511517,-3.410301363970902,-3.0805768134946447,0.03050318781219991,-0.9995346695004099
1769099814.6640198,13.922089054401363,-3.4102998766065644,-3.0773816785111205,0.032099972302397896,-0.999484663103034
1769099814.7137773,13.922038537294604,-3.4103031231876377,-3.072099798997024,0.03473943607585858,-0.9993964036262745
1769099814.7637405,13.921937537919455,-3.41031013971201,-3.0667650302797123,0.037405083665435636,-0.999300184987465
1769099814.8137689,13.921937539777007,-3.4103101630325545,-3.0613724287576036,0.04009935828188823,-0.9991956972812587
1769099814.8658774,13.92196276871011,-3.410308130271043,-3.057998355750911,0.04178498003436735,-0.9991266263309809
1769099814.9141266,13.921987991110095,-3.410306017811668,-3.0539300785018573,0.04381725424698036,-0.9990395628954118
1769099814.96386,13.922013204590055,-3.4103038016820415,-3.0501666067005058,0.04569710417233485,-0.9989553416796282
1769099815.0137644,13.922088820496104,-3.4102968796695157,-3.0461849399250958,0.04768576594734393,-0.9988623867810896
1769099815.0637004,13.922088821513809,-3.410296890277824,-3.0413388078134616,0.050105933135375993,-0.9987439088498279
1769099815.1138875,13.92203845438209,-3.4103019558628107,-3.035139267837863,0.0532015638486123,-0.9985837939822887
1769099815.163752,13.921937786455274,-3.4103127284805343,-3.029943998394057,0.05579533737322376,-0.9984422268350874
1769099815.2139258,13.921988091854994,-3.4103070821261983,-3.0256871387628133,0.05792032359111197,-0.9983212088877511
1769099815.2709315,13.92203837290217,-3.4103012221284885,-3.020359072396523,0.0605796757409231,-0.998163364829187
1769099815.3137956,13.922088625178331,-3.410295120146205,-3.0169764148091156,0.06226781072891255,-0.9980594770588717
1769099815.3643,13.922088617914259,-3.4102950620499723,-3.010164358771423,0.0656668615145397,-0.9978416023091191
1769099815.4139242,13.922038433113821,-3.410301695993692,-3.0045136804220327,0.06848583663885331,-0.9976520887463105
1769099815.4649045,13.921963206511945,-3.4103120239928453,-2.999220463245459,0.07112598828694669,-0.9974673397110329
1769099815.513782,13.921913085562378,-3.4103191258095276,-2.994732687908111,0.07336401201145752,-0.9973052299780558
1769099815.5642204,13.92196316117502,-3.4103117125029008,-2.9904487095246175,0.0755000591001109,-0.9971457973014176
1769099815.614186,13.922013206916949,-3.4103040995151477,-2.9862317246307524,0.07760236409760003,-0.9969843895901598
1769099815.6642003,13.922013208215512,-3.410304107034763,-2.982592033429786,0.07941659224807578,-0.9968415144222791
1769099815.7138257,13.922038198417697,-3.4103000921775775,-2.977172329514036,0.08211759028190042,-0.996622647427949
1769099815.7639532,13.921963290176699,-3.4103125192755335,-2.9716564447961846,0.08486590230955074,-0.9963923818582646
1769099815.8141406,13.921913394291153,-3.4103210589495494,-2.966676958908759,0.08734639761440001,-0.9961779995682434
1769099815.8641696,13.921938319626907,-3.4103166591799505,-2.9620692444009036,0.08964121568796708,-0.9959741223796849
1769099815.9138174,13.921988128002925,-3.4103076230130283,-2.9579108144727138,0.09171186472951795,-0.9957855862924682
1769099815.9638596,13.922013014627918,-3.410303008928126,-2.953544371973303,0.09388566468444824,-0.9955829859769397
1769099816.014142,13.922087606278737,-3.4102888046558166,-2.949174227527914,0.09606085955101784,-0.9953754624574185
1769099816.0638113,13.922062762986226,-3.4102936463145666,-2.9444442889968823,0.09841462109510413,-0.9951454980829221
1769099816.1137948,13.922013122027955,-3.410303560967575,-2.9388689753496045,0.10118835924911594,-0.994867285597668
1769099816.163773,13.921889164470322,-3.410329061584816,-2.933607561177912,0.10380521050515804,-0.9945976464239094
1769099816.2141242,13.921913928545662,-3.4103238298909946,-2.929180555194051,0.10600649927183797,-0.9943654369054316
1769099816.2638001,13.921913932308852,-3.410323847592605,-2.9246668208927646,0.10825037808779517,-0.9941236621486531
1769099816.313913,13.921938649854502,-3.410318400251336,-2.920862663240841,0.11014108269610128,-0.9939159631993696
1769099816.3638813,13.921963346997272,-3.4103128608988413,-2.916918278545062,0.11210106068330888,-0.9936968110010603
1769099816.4139342,13.921889329408913,-3.4103298046603525,-2.9113255609965094,0.11487935156458663,-0.9933794514605686
1769099816.4637823,13.921840047587896,-3.410341373065022,-2.9058665562753654,0.1175903518196781,-0.9930621879615216
1769099816.5139806,13.921815431143342,-3.4103472601898877,-2.901742584977052,0.11963778036457832,-0.9928176073727928
1769099816.5638132,13.921815432097778,-3.4103472641984913,-2.8976007996594175,0.12169354105067347,-0.9925677216525571
1769099816.613882,13.921839992360853,-3.4103411463724744,-2.893787444414441,0.12358582536420439,-0.9923338872421159
1769099816.6637864,13.921913608430321,-3.410322535319053,-2.8899406420370193,0.12549425176459938,-0.9920943467100513
1769099816.713791,13.921938119193367,-3.410316222639793,-2.8853656206692886,0.12776334786583077,-0.991804681851278
1769099816.7638035,13.92191363467703,-3.410322636650432,-2.880019308443777,0.13041413697318094,-0.9914596072849062
1769099816.8138049,13.921889184758365,-3.410329181310725,-2.8745204848621877,0.13313957135599636,-0.9910972982200796
1769099816.8637848,13.921840359063564,-3.410342544475348,-2.8696647731245957,0.1355454179897515,-0.9907711338457452
1769099816.9137914,13.921864739074403,-3.4103357440722775,-2.8654989980247914,0.1376087873306604,-0.990486658996165
1769099816.9638028,13.921913441359347,-3.4103219379396825,-2.8606875539981256,0.13999122238655126,-0.9901527446079817
1769099817.0138056,13.921962080098243,-3.410307909497615,-2.8566571746566978,0.14198628236806216,-0.9898686254343537
1769099817.0639732,13.921962083959427,-3.410307922688143,-2.852677762096326,0.143955547832237,-0.9895841552128453
1769099817.1138077,13.921937819892086,-3.4103151255454884,-2.8465847405986806,0.14696965389288952,-0.9891410014930148
1769099817.1639671,13.921840953827905,-3.410344571291322,-2.8413464962109494,0.14955982798983106,-0.9887526777974622
1769099817.213816,13.92184095081727,-3.4103445617117543,-2.836514482917072,0.15194822221086227,-0.9883884548936003
1769099817.263932,13.921840950466807,-3.4103445605966396,-2.8321657925958426,0.15409695898265469,-0.9880557308331843
1769099817.313802,13.92186505874222,-3.410336851960606,-2.8276313599236005,0.15633669710763604,-0.9877038205542567
1769099817.363808,13.92188913464606,-3.410329042564863,-2.8239478632473065,0.15815553279946234,-0.9874142127014975
1769099817.413803,13.921865091430357,-3.410336951932585,-2.8174135152075244,0.1613807370136748,-0.986892221937595
1769099817.4638135,13.921817104322736,-3.410353069001444,-2.8124892193099833,0.16381012005983597,-0.9864918877345025
1769099817.514023,13.921769192402358,-3.4103694082042786,-2.8072260323713163,0.16640559545726755,-0.986057390723538
1769099817.5637884,13.921721370052627,-3.410386007715006,-2.802945369854894,0.1685157021482988,-0.9856989693255572
1769099817.6140056,13.921769113619748,-3.410369182607803,-2.7991196333431403,0.17040090496184696,-0.9853748178171511
1769099817.663783,13.921769114227965,-3.4103691844259862,-2.795021332264731,0.17241972712989687,-0.9850235721526932
1769099817.7138953,13.921792920067498,-3.4103605871379,-2.7904034830122164,0.1746936106962403,-0.9846228427077601
1769099817.7639925,13.921792920409205,-3.4103605878585443,-2.785520842503119,0.17709686740686684,-0.9841934258847062
1769099817.8140965,13.921721763096807,-3.410387089446628,-2.779719496605006,0.17995094161314454,-0.9836755860610462
1769099817.8638055,13.92169808819917,-3.4103960409250154,-2.775295144645492,0.1821265630268486,-0.9832750963184349
1769099817.913833,13.921650814969642,-3.410414145001047,-2.7716186080920036,0.18393377770200764,-0.9829386376678192
1769099817.9638195,13.921674430672402,-3.410405039316131,-2.7663796147807678,0.18650794817683153,-0.982453451959363
1769099818.0138178,13.921697980483575,-3.4103957636897384,-2.7620697527521547,0.1886246329061245,-0.9820492593862233
1769099818.0638194,13.921674472694454,-3.4104051455220525,-2.756436446538378,0.19138997311666933,-0.9815140743720391
1769099818.11381,13.921674471060033,-3.4104051412844623,-2.7520424126140317,0.19354591254352355,-0.9810912188668772
1769099818.1638148,13.921627633495167,-3.4104243442165805,-2.7471121874833946,0.19596382231776419,-0.9806111259528987
1769099818.21381,13.921580893653504,-3.410443783991086,-2.743286857596796,0.19783904325195428,-0.9802345193703145
1769099818.2639194,13.921604216262448,-3.4104339506593644,-2.739809845043947,0.19954288728312272,-0.9798890937931266
1769099818.3137975,13.921604210771822,-3.410433937234796,-2.7366060068707214,0.20111233362597364,-0.9795681851017392
1769099818.3638957,13.921627473905485,-3.4104239657172517,-2.730391553075877,0.2041550984859385,-0.9789385556623035
1769099818.413797,13.921650662460742,-3.4104138218975324,-2.723676025464547,0.20744098587925508,-0.9782475337957376
1769099818.464089,13.921604397741548,-3.4104343669495663,-2.718109866034892,0.2101627198621042,-0.9776664212195092
1769099818.5138302,13.921581304870488,-3.410444727696647,-2.7142143771417464,0.21206656435269586,-0.9772552237177573
1769099818.5638978,13.921558266982325,-3.4104552103142276,-2.71052144286843,0.21387067146794148,-0.9768619840519192
1769099818.613819,13.921512276519765,-3.4104763621642125,-2.7066963734618703,0.21573856162701732,-0.9764511626431225
1769099818.6638122,13.921512259775309,-3.4104763257226445,-2.702888620740867,0.2175972117911264,-0.9760386536509339
1769099818.7138066,13.921489328796964,-3.4104870397943543,-2.6987208845714337,0.21963067366040745,-0.9755830908679566
1769099818.7638035,13.92151220005833,-3.41047619857855,-2.69295922719343,0.22244024615368133,-0.9749463251333838
1769099818.8138108,13.92153500608725,-3.4104652204902655,-2.6876134166543024,0.22504538761759924,-0.9743482814230466
1769099818.8638055,13.921489517399584,-3.410487431207405,-2.6825828405370293,0.22749543973658826,-0.9737791458534406
1769099818.9139736,13.921489516001838,-3.4104874283009976,-2.6783463818727573,0.22955761536990513,-0.9732950740786078
1769099818.9638228,13.92146687982416,-3.4104987526393122,-2.6741713497579216,0.23158888281590054,-0.9728137485439251
1769099819.014024,13.921421688444926,-3.4105215619060236,-2.6702713909349782,0.23348540809565446,-0.9723603057542023
1769099819.0638046,13.921421691727037,-3.4105215684373382,-2.664649766838446,0.23621760421509705,-0.9717001818765291
1769099819.113871,13.921421689955203,-3.410521564911433,-2.6588700795768205,0.23902467553921442,-0.9710134934610195
1769099819.1638045,13.92146652944446,-3.4104980710085084,-2.653668252325535,0.2415493864467865,-0.9703885272957327
1769099819.213818,13.921444178022409,-3.4105099483566867,-2.6483418652479633,0.24413285924179234,-0.9697417940041706
1769099819.2638083,13.921377297193933,-3.410545901554635,-2.6439263028896596,0.24627324019605865,-0.9692004391060367
1769099819.3138142,13.921377278426869,-3.4105458666190436,-2.640597346805809,0.24788611115193232,-0.9687891803163224
1769099819.3638108,13.92131067670019,-3.410582334225641,-2.635990953749353,0.25011676357367485,-0.9682156808167437
1769099819.4138007,13.921288521022104,-3.410594571568293,-2.6315716347533478,0.2522555781987211,-0.9676606446826433
1769099819.463845,13.92133269769398,-3.4105698540858507,-2.62579930371231,0.25504735247198845,-0.9669285640609803
1769099819.5137882,13.921332700441814,-3.410569859312951,-2.620735380884071,0.25749475813854794,-0.9662796952907428
1769099819.5639105,13.921332701031808,-3.4105698604352708,-2.615334615884303,0.2601031409127083,-0.9655808387117797
1769099819.613815,13.921310806403863,-3.41058255858025,-2.6122282987046224,0.2616025267600348,-0.965175692810778
1769099819.664101,13.921310807491242,-3.410582560509266,-2.6082978745675174,0.2634987952969459,-0.9646597249170602
1769099819.713822,13.921289009530451,-3.4105954243322216,-2.604521629167653,0.2653197204516285,-0.9641604876468801
1769099819.76397,13.921267257274206,-3.4106083652436103,-2.600047252351305,0.26747606335499097,-0.9635645051225771
1769099819.8138108,13.921332315379678,-3.410569210558108,-2.594111830030745,0.2703344624215823,-0.9627664713871346
1769099819.8638155,13.92135392247544,-3.410556028729549,-2.5886844619807188,0.272946107826358,-0.9620293250324764
1769099819.91381,13.921353926308669,-3.410556034849051,-2.5846288458783713,0.2748963561224119,-0.9614738651625535
1769099819.963843,13.921353925293753,-3.410556033228813,-2.5806158878871983,0.27682497858280103,-0.9609203563421017
1769099820.0138364,13.92135392645995,-3.410556035090562,-2.577006322835712,0.2785587790665096,-0.9604191827556213
1769099820.0638223,13.921332541869578,-3.4105695750749345,-2.573907493037949,0.28004653189595013,-0.9599864269733456
1769099820.113984,13.921311211553313,-3.410583200280824,-2.56778562938019,0.2829836683975502,-0.9591247277702026
1769099820.1638112,13.921311213917635,-3.4105832039311648,-2.561987396087473,0.28576308974596737,-0.9583002955957168
1769099820.2139068,13.921353568343287,-3.4105554798203768,-2.55652908395342,0.2883773733421499,-0.957516835645349
1769099820.2638083,13.921395762219484,-3.410527512023025,-2.5517151428910005,0.29068125056550703,-0.9568199467871021
1769099820.3140118,13.921395765237238,-3.41052751652878,-2.547701008353424,0.29260106579528644,-0.9562346031677909
1769099820.3638213,13.921353810297651,-3.410555841604972,-2.543701530221072,0.2945126991639427,-0.9556475658061234
1769099820.4138558,13.92133291411437,-3.4105701233019965,-2.5371774975404606,0.29762846469400783,-0.9546817778735948
1769099820.4638336,13.921291261097469,-3.4105988904636124,-2.531912048650844,0.30014084437785116,-0.9538948964829147
1769099820.513799,13.921312004367543,-3.4105843870958905,-2.525735648725763,0.30308522666174303,-0.9529634543776586
1769099820.5638437,13.921332665135026,-3.4105697663947616,-2.520568708978265,0.3055461648554553,-0.9521772635082834
1769099820.613845,13.921353255607178,-3.4105550467395154,-2.51645294063821,0.30750498701351486,-0.9515464691552473
1769099820.66383,13.92135326183323,-3.410555055191899,-2.512932234930067,0.3091795672365632,-0.9510036778075106
1769099820.713812,13.921312319117778,-3.4105848246014516,-2.508805137444228,0.3111413500085101,-0.9503636463558998
1769099820.764138,13.921291906386527,-3.4105997895996385,-2.5041254277443845,0.313364209229794,-0.9496330198417628
1769099820.8137722,13.92129190617476,-3.4105997893120152,-2.49784924417674,0.3163426969713974,-0.9486449799966595
1769099820.8639197,13.92131215270886,-3.410584600893747,-2.4911561782837524,0.31951559132180796,-0.9475810186481551
1769099820.913827,13.921352438188345,-3.410553947940432,-2.4860043870488546,0.3219553983851828,-0.9467548370357757
1769099820.9640834,13.921332372926956,-3.410569375799524,-2.4817050859194,0.323989845010572,-0.9460605584897964
1769099821.013819,13.921352369917312,-3.4105538596393044,-2.477682514911143,0.32589198630212335,-0.9454070093161234
1769099821.0639095,13.921332435460588,-3.41056945606094,-2.4715384113930305,0.3287947831979061,-0.9444013927043108
1769099821.1138303,13.921332435460588,-3.41056945606094,-2.465588331472537,0.3316029558774263,-0.94341903714805
1769099821.163842,13.921352187757188,-3.4105536296395043,-2.4601814749803927,0.3341522066802561,-0.9425191259442512
1769099821.2138271,13.921352194390426,-3.4105536378716845,-2.455201353050631,0.3364980984003664,-0.9416841454399333
1769099821.2638245,13.92137179183117,-3.4105376201531925,-2.451373899085032,0.33829960747188675,-0.9410384559540419
1769099821.3138065,13.92137179676943,-3.410537626186524,-2.4478124004563004,0.3399748237860556,-0.9404345374302459
1769099821.3638241,13.921371802785362,-3.4105376335364914,-2.4446386397076885,0.3414667522100879,-0.9398938541851917
1769099821.4138582,13.921371806576401,-3.410537638168181,-2.440816195968138,0.3432624731564684,-0.9392395192508164
1769099821.4638474,13.921371804835719,-3.410537636041514,-2.4351486611553708,0.34592267769200863,-0.9382630233886395
1769099821.513917,13.921371805276417,-3.410537636579936,-2.430063753200013,0.3483070476439508,-0.9373804993499463
1769099821.5638332,13.921390982017801,-3.4105211174802776,-2.4259613481756577,0.35022907079196464,-0.9366640795782643
1769099821.613831,13.921429177210715,-3.410487896209242,-2.421385094303537,0.3523713584162472,-0.9358602597438832
1769099821.6638346,13.92141015481297,-3.4105045929329627,-2.4174946484463473,0.3541911474359787,-0.9351730487337543
1769099821.7138572,13.921410140664232,-3.4105045764934787,-2.4119751639184996,0.35677063195619113,-0.9341920124757972
1769099821.7638624,13.921391273333565,-3.4105214482060293,-2.4075050591166973,0.35885770720198196,-0.9333922787240831
1769099821.8137856,13.921391271282014,-3.410521446062408,-2.402221891693456,0.36132208612705186,-0.9324410705652102
1769099821.8641348,13.921391272423264,-3.410521447254877,-2.3964428093109946,0.36401490084050103,-0.9313931242853795
1769099821.9137828,13.921391272380912,-3.4105214472106247,-2.390961004807273,0.3665663878174804,-0.930391897708941
1769099821.9639494,13.921446754552635,-3.410469606957853,-2.3854844622904867,0.36911267574597084,-0.9293846526619911
1769099822.0137835,13.921465168372315,-3.4104522414145078,-2.380923593445951,0.37123111489959504,-0.9285404995639144
1769099822.0638702,13.921465166018896,-3.410452238925581,-2.375532991097512,0.37373245973723,-0.9275365483574002
1769099822.1138127,13.921465166018901,-3.4104522389255756,-2.370218110802043,0.37619601005185427,-0.9265401027592196
1769099822.164077,13.921447018226752,-3.4104698820527455,-2.3642577339869044,0.37895559944236445,-0.9254148548901072
1769099822.2138293,13.9214289771413,-3.4104876345198023,-2.3587513156445192,0.38150202061787003,-0.9243680047819063
1769099822.2638385,13.921446924739326,-3.41046978793022,-2.3542752421583515,0.38356983301481573,-0.9235118749647924
1769099822.313831,13.921482681255426,-3.410433955258809,-2.3500875430644146,0.3855026856986181,-0.9227067135981792
1769099822.363843,13.921500487250693,-3.410415967074287,-2.3465302868970914,0.38714322713494986,-0.9220195885573889
1769099822.4138346,13.921535964339698,-3.4103798576426567,-2.3424276410750786,0.38903377118022525,-0.9212234934484097
1769099822.4638712,13.921553645493677,-3.410361746811229,-2.3376605767542165,0.39122842983091893,-0.9202936029833271
1769099822.5138092,13.921536079733468,-3.4103799696702466,-2.3323579901432496,0.39366702019983385,-0.919253108347741
1769099822.5638583,13.921518614145565,-3.410398288641411,-2.326731220675793,0.39625167148707635,-0.9181419350207778
1769099822.613813,13.921535969455203,-3.4103798649173473,-2.321531456731248,0.3986373902544481,-0.9171086255679437
1769099822.6638458,13.921553240836474,-3.4103613628393274,-2.317467846267558,0.40049995224233365,-0.9162967795719291
1769099822.7137995,13.921553248153522,-3.41036136976956,-2.313818014944964,0.4021714487618822,-0.9155643755633837
1769099822.764137,13.921621716608474,-3.4102867897110065,-2.308901430729931,0.4044209559726688,-0.9145729551928335
1769099822.813851,13.921621715322186,-3.4102867885312778,-2.304015294018087,0.4066541110865991,-0.9135821987847442
1769099822.8639,13.921570897122022,-3.410343208223177,-2.297499975213029,0.40962808768757714,-0.9122526129189319
1769099822.913846,13.921554085639988,-3.410362129019377,-2.2921273978350136,0.4120771806485536,-0.9111489434712303
1769099822.9638665,13.921587504845009,-3.4103241065636425,-2.287895032025023,0.4140044143396399,-0.9102748732703171
1769099823.013839,13.921587492587989,-3.410324095530181,-2.2831930014224766,0.41614333836643214,-0.909299027786372
1769099823.0638528,13.921637125536455,-3.410266630339962,-2.2793608256849693,0.41788487022395604,-0.9084999918755682
1769099823.1139424,13.921670118221247,-3.4102282376895943,-2.2763537186842893,0.4192503757016683,-0.9078706529423726
1769099823.1638565,13.921670140144242,-3.410228256509519,-2.2716817290682805,0.42137001100723265,-0.9068888100664627
1769099823.2138271,13.92162117463373,-3.410286291193172,-2.26578922401174,0.4240401017615568,-0.9056434133244986
1769099823.2638552,13.921604968269037,-3.4103057329422453,-2.259849387616456,0.42672791455806863,-0.904380056689068
1769099823.3137963,13.92163716187187,-3.410266667928262,-2.2560487467272594,0.42844575493161474,-0.9035675044406359
1769099823.3640888,13.921653181056596,-3.4102470715967046,-2.2520055563458055,0.43027152591303375,-0.9026995147824494
1769099823.4138339,13.921669122447469,-3.4102274119381333,-2.247347659864563,0.43237269756344987,-0.9016949874551291
1769099823.46387,13.921732527147011,-3.4101484820389714,-2.241738283929968,0.4348999667492713,-0.9004787720548901
1769099823.5138478,13.921701016860089,-3.410188100080978,-2.2324428832309198,0.43908041003115433,-0.898447768947574
1769099823.5638607,13.92165443869893,-3.410248064463953,-2.2210186870503086,0.44420524075594153,-0.8959250549487697
1769099823.614008,13.921654438698924,-3.410248064463959,-2.2121598063353978,0.4481693167414393,-0.8939486917779518
1769099823.6638584,13.921684714727343,-3.4102074946579104,-2.202579555926668,0.4524462848458126,-0.8917916569071622
1769099823.7138348,13.92163988011282,-3.410268776990253,-2.1913408069713083,0.4574504262351169,-0.8892351250019929
1769099823.7639081,13.92166931966539,-3.4102275966979967,-2.1818257528680625,0.46167579346719056,-0.8870487369510426
1769099823.8138049,13.921669325485638,-3.4102276008143657,-2.1730681207988076,0.46555557820170385,-0.8850186459082527
1769099823.8641427,13.921683658603774,-3.410206739520903,-2.162186625550322,0.4703638269313165,-0.8824725889876277
1769099823.9138453,13.921669547069998,-3.4102277513473096,-2.1522216981540425,0.4747548580126195,-0.8801180743476511
1769099823.963882,13.921683460390556,-3.410206607971374,-2.1427265812017358,0.4789279040263381,-0.8778542377552999
1769099824.013862,13.921697157488042,-3.4101853236817097,-2.132924183457522,0.4832246726688034,-0.8754963824734673
1769099824.0638711,13.921656681992902,-3.410249568654754,-2.1224020783281285,0.4878239964153942,-0.8729420075361899
1769099824.1139965,13.92165666201015,-3.4102495567131736,-2.113939373809814,0.49151334345151565,-0.8708700438119986
1769099824.1638744,13.921656663468474,-3.410249557584668,-2.105163020538051,0.49533013046001956,-0.8687048185997704
1769099824.2138374,13.921656698224972,-3.410249578354956,-2.0940640654421396,0.500143336354857,-0.8659426326840782
1769099824.2639031,13.9216693463113,-3.4102276544692716,-2.085272868994433,0.5039448282979597,-0.863735845054343
1769099824.31386,13.921694260853304,-3.4101835887115537,-2.0760599339002916,0.5079182386360865,-0.8614052837432653
1769099824.3639932,13.921706538657194,-3.410161455271676,-2.066671154200325,0.5119563994425058,-0.8590114347724747
1769099824.4138606,13.921706509007837,-3.410161439050912,-2.0558866147378883,0.5165809554030759,-0.8562383526301804
1769099824.4642005,13.92169470628168,-3.4101838293335245,-2.045917637939733,0.5208424306200201,-0.8536528348607703
1769099824.5138566,13.921694709400354,-3.4101838312468615,-2.0361564505983174,0.5250025434306599,-0.8511006576142085
1769099824.5638685,13.921694705719728,-3.410183828988753,-2.0253164036873055,0.5296077949820549,-0.8482426442323244
1769099824.613812,13.921694705901157,-3.4101838291000703,-2.016588608410955,0.5333043844928709,-0.845923420576993
1769099824.6638749,13.921694706603104,-3.4101838295307214,-2.007114342221133,0.5373056375582007,-0.8433876047513239
1769099824.7140195,13.921673292213656,-3.4102296985034966,-1.997202526409688,0.5414787733717675,-0.8407144211846291
1769099824.7638721,13.921683763809169,-3.410206655484716,-1.9876811788322788,0.5454749893323086,-0.8381271001542175
1769099824.8139982,13.921694013865723,-3.4101835131541063,-1.9785899766402302,0.54927913225156,-0.8356389381024398
1769099824.86386,13.921694018581288,-3.410183515151771,-1.9692640376480344,0.5531697054536269,-0.8330685907945081
1769099824.9138188,13.921674395332222,-3.4102301783088595,-1.959584291576844,0.5571951571085092,-0.830381573070371
1769099824.9638877,13.921664800155241,-3.4102535997411705,-1.9505936723547985,0.5609223369656998,-0.8278684266795889
1769099825.0138676,13.921674178536808,-3.410230090609746,-1.9415483484667106,0.5646607565544901,-0.8253231064300277
1769099825.0639067,13.921655867472357,-3.4102772843370017,-1.931547186506855,0.5687807744974713,-0.8224891674435941
1769099825.1138916,13.921646935343837,-3.4103009665762705,-1.9219956052940042,0.57270230919171,-0.8197634201685771
1769099825.1638784,13.92164691578557,-3.410300959164825,-1.9128284686187649,0.5764537217228646,-0.8171297979585974
1769099825.2155614,13.921655411793104,-3.410277117492316,-1.901496895538212,0.5810741275789243,-0.81385063633224
1769099825.263868,13.92165541058653,-3.410277116941822,-1.8920848220854958,0.5848976899771764,-0.811107078171164
1769099825.3138437,13.921655407930004,-3.410277115729793,-1.8827508927868035,0.588676714608694,-0.8083685580708309
1769099825.363867,13.92166316704955,-3.410253023947142,-1.8719575772051458,0.5930306096454553,-0.8051799153130558
1769099825.4138727,13.921663167502354,-3.41025302407355,-1.8616116553715871,0.5971878207111541,-0.8021014317368237
1769099825.46387,13.921648629484038,-3.4103015127982164,-1.852805560257589,0.6007137112698926,-0.7994642187692655
1769099825.5144193,13.921655673791262,-3.41027720214703,-1.8424902852344442,0.604829049790294,-0.7963553355944633
1769099825.5639124,13.921642074171887,-3.410325962436226,-1.8332962315441506,0.6084835129415245,-0.7935665154719809
1769099825.6138444,13.921628894958083,-3.410374838013338,-1.8238595850087933,0.612221029210779,-0.79068667080715
1769099825.6638784,13.921635234620917,-3.4103503341754315,-1.8141545486259119,0.6160506276574829,-0.7877065596799493
1769099825.7138178,13.921641332485851,-3.4103257687795465,-1.8046778222939075,0.619776137640921,-0.7847786561896941
1769099825.7640483,13.921635445530239,-3.4103503847215837,-1.796632883805281,0.6229278630738126,-0.7822792835083218
1769099825.8155165,13.921624109661684,-3.410399720519414,-1.7879333481202504,0.6263246925769844,-0.7795622999275593
1769099825.8639975,13.921629555574304,-3.410375002503353,-1.7790675928115698,0.6297742318022076,-0.776778228941787
1769099825.9226592,13.921634791159326,-3.4103502389649534,-1.7678150071313807,0.6341346227533062,-0.773222658892975
1769099825.964012,13.921629834816297,-3.4103750595671807,-1.760248750255596,0.6370552785241649,-0.770818118692405
1769099826.0164688,13.921629834639045,-3.4103750595273405,-1.7503796467982566,0.6408511488991316,-0.7676651646093257
1769099826.0639584,13.921634344084886,-3.410350154185813,-1.739396437008108,0.645057178203666,-0.7641343055038976
1769099826.1164513,13.921630099331184,-3.41037510647048,-1.7290633716215296,0.6489964762555871,-0.7607914128115743
1769099826.16397,13.921630092404758,-3.41037510521179,-1.7214133024042702,0.6519017749512731,-0.7583034193615242
1769099826.2137992,13.921633875859452,-3.4103500791009433,-1.7099707815255143,0.6562295333743015,-0.7545613292021707
1769099826.2638943,13.92163738219657,-3.410325012491594,-1.6994447885304311,0.6601916802004196,-0.7510971610877962
1769099826.3142319,13.921637395462724,-3.4103250141710193,-1.6904456804557495,0.6635645879554836,-0.7481189996327251
1769099826.3639123,13.921643413410536,-3.41027475173507,-1.6804231359452344,0.6673052682691137,-0.7447843170611785
1769099826.4142115,13.92164064471012,-3.410299910538093,-1.6703243953785984,0.6710574372503801,-0.7414053654452145
1769099826.4639065,13.921638126496235,-3.4103250959372593,-1.6618681372000619,0.674186187239586,-0.7385614293580122
1769099826.5140002,13.92164501255279,-3.4102494766152542,-1.6526891976596785,0.6775686804358918,-0.7354595048623441
1769099826.5638995,13.921640871621548,-3.410299928327842,-1.6427900370218098,0.6812005818245226,-0.7320968291981136
1769099826.6139169,13.92164270609042,-3.410274684542361,-1.634798727738734,0.6841203423709504,-0.7293691501251295
1769099826.663913,13.921641088481051,-3.4102999433885657,-1.6259753995682678,0.6873314061867161,-0.7263439530066947
1769099826.7140322,13.921641087717168,-3.4102999434274643,-1.6172947348500633,0.6904774963204869,-0.7233538740305412
1769099826.7638977,13.921639977048637,-3.4103252290274426,-1.6059643263146812,0.6945643416054726,-0.7194305910719646
1769099826.8139637,13.921641756934115,-3.4102746389551757,-1.5969066870448259,0.6978153790375343,-0.7162776673739747
1769099826.8639042,13.921643098495577,-3.4102240353627176,-1.5881938260427648,0.7009291613153005,-0.7132308958660089
1769099826.9139366,13.921643122090428,-3.4102240358417935,-1.5787700926029709,0.704282016910927,-0.7099203058483937
1769099826.9639091,13.92164291182271,-3.4102493453784755,-1.5684936067257944,0.7079204468137879,-0.7062921781974985
1769099827.013901,13.92164285357097,-3.4102240347595885,-1.5588118279767709,0.7113312209986392,-0.7028569513297745
1769099827.06389,13.921642575083323,-3.410198725870535,-1.5502973676594969,0.7143169896936852,-0.6998222904673383
1769099827.1138875,13.921642551294871,-3.4101987259908584,-1.5398836010097248,0.7179511831145092,-0.696093455409887
1769099827.1639528,13.92164333341684,-3.410224024540973,-1.5302248634481135,0.7213044897485903,-0.6926181004482382
1769099827.2138913,13.921643334563024,-3.4102240249349367,-1.5228623749837833,0.723849292982545,-0.6899581154306903
1769099827.264128,13.921643334078354,-3.410224024768347,-1.5139556139637445,0.726914750955973,-0.6867277079327844
1769099827.3138907,13.921644765184782,-3.410249295076356,-1.5072982482510233,0.729196618331926,-0.6843042392191382
1769099827.3638892,13.921644752875778,-3.4102492960662367,-1.5028322520765247,0.7307228491306498,-0.6826742398526443
1769099827.413904,13.921644749197407,-3.4102492963620463,-1.4988588463352641,0.7320776770336807,-0.6812211643724598
1769099827.4639103,13.921641128850624,-3.410198804651641,-1.4954677474389928,0.7332316683291666,-0.6799789118489095
1769099827.5139358,13.921641139168894,-3.4101988038846365,-1.4910208370068772,0.734741757284362,-0.6783469245914568
1769099827.5639036,13.921649225290935,-3.410299723171234,-1.4852629198460625,0.7366916423700179,-0.6762288252227685
1769099827.614033,13.921651373426682,-3.4103249425707634,-1.480418774098845,0.7383273553860275,-0.6744425225982379
1769099827.6638896,13.921653627347261,-3.4103501526926734,-1.476423811609825,0.7396730678423233,-0.6729663830450416
1769099827.7139192,13.921648856744708,-3.4102997566058537,-1.4724656625533759,0.7410034690483521,-0.671501197957463
1769099827.763922,13.9216513364197,-3.4103249454806273,-1.4687850218926466,0.7422379908501572,-0.6701363778655222
1769099827.8139236,13.921664186020097,-3.4104508448124413,-1.4649391380710832,0.743525251094568,-0.6687078592216181
1769099827.864147,13.921715370008318,-3.4109290164869774,-1.45837404380765,0.7457163064361053,-0.6662636042253042
1769099827.9139252,13.921749537045619,-3.411230816950591,-1.452631419651644,0.7476262805394134,-0.6641196764490587
1769099827.9639025,13.921788116265333,-3.4115575858565013,-1.447877546515723,0.7492027374186799,-0.662340741797118
1769099828.0139189,13.921859885780952,-3.4121352919521657,-1.441483615051344,0.7513163858225548,-0.6599421856454807
1769099828.0638509,13.921912098754287,-3.412536882877633,-1.4358049901114578,0.7531871369422027,-0.6578063064039502
1769099828.1139426,13.92197848009471,-3.4130131942084194,-1.4288710010098395,0.7554632165837063,-0.6551910625069607
1769099828.163883,13.92203576297442,-3.4134140934096817,-1.4231311769412571,0.7573404435729248,-0.6530202543020893
1769099828.2139056,13.922094238894282,-3.413814812731127,-1.4184216410612545,0.758876053611164,-0.651235084478367
1769099828.264025,13.922174630032815,-3.4143402203795175,-1.413748121497333,0.7603957602802236,-0.6494599970343522
1769099828.3138952,13.922237649843527,-3.4147402553828097,-1.4080067453028957,0.7622570216510214,-0.6472744649248217
1769099828.363944,13.922306878853506,-3.415164926941886,-1.4026288435576721,0.7639947530593086,-0.6452224556676914
1769099828.4139025,13.92241301846504,-3.4157887307414896,-1.3968643127019895,0.7658512794382135,-0.6430177429767016
1769099828.4639158,13.922515932654072,-3.416361730156942,-1.39049062614236,0.767896583764573,-0.6405738338729565
1769099828.5139086,13.922638484943416,-3.4170340402244137,-1.3852767969185862,0.7695638938480538,-0.6385698186458717
1769099828.5639,13.922844333995096,-3.4181285237371206,-1.3797915487854953,0.7713123542823284,-0.636456795180515
1769099828.6141975,13.923002734256135,-3.4189486178723785,-1.374232939228999,0.7730782804042516,-0.6343106276637696
1769099828.6639144,13.92317008162645,-3.419792747585636,-1.368876431167505,0.7747743507077011,-0.632237855150623
1769099828.7181203,13.923419269806873,-3.421007683190759,-1.363430414283951,0.7764930652099973,-0.6301257967110876
1769099828.7639153,13.923609864748407,-3.421898740589257,-1.358189692524061,0.7781415544953877,-0.6280889436755765
1769099828.8138676,13.923774047060467,-3.4226401453312967,-1.3514487460893658,0.7802540875752754,-0.625462675802541
1769099828.864316,13.924071448022886,-3.4239741739027236,-1.345972650928891,0.7819637072581034,-0.6233239611399222
1769099828.9138994,13.924323073088113,-3.42508499466086,-1.341620396827763,0.7833182868154821,-0.6216208342232894
1769099828.9638848,13.924631425563451,-3.4264165186074726,-1.336283283278131,0.784974326255626,-0.6195282940427547
1769099829.0156887,13.925207734011641,-3.428829086728943,-1.3312243488354454,0.7865388898852586,-0.6175407473989593
1769099829.063948,13.925687135853245,-3.430796365239697,-1.3260094189349774,0.7881464301271546,-0.6154877778460123
1769099829.1139593,13.926206411681218,-3.432884151851158,-1.320640228559599,0.789795923564718,-0.6133697083493398
1769099829.1639462,13.927183181640006,-3.4367098911587353,-1.315933410721446,0.7912372448199544,-0.6115092987107618
1769099829.2139158,13.9279198859253,-3.4395519830628265,-1.3120111579905818,0.7924349695043326,-0.6099564075462012
1769099829.2639155,13.929236918729423,-3.444518399865882,-1.3087915951317515,0.7934158388215902,-0.608679970680022
1769099829.313898,13.930136266316387,-3.447867312567292,-1.3051273241100274,0.7945296907494849,-0.6072253045760921
1769099829.3639736,13.931052273251046,-3.4512641230185164,-1.3065676556563812,0.7940921818693923,-0.6077973401504057
1769099829.413918,13.932502786921809,-3.456614020305642,-1.30471711133459,0.7946542198249769,-0.6070623286898614
1769099829.4639304,13.933593611851327,-3.4606452925548554,-1.306877863249046,0.7939979006431,-0.6079204995510102
1769099829.5139205,13.934660992220417,-3.4646042575595963,-1.3080448766188535,0.7936430398176323,-0.6083836991151457
1769099829.5639415,13.936324771791876,-3.47078794399741,-1.3080139552569077,0.7936524457490598,-0.6083714287805894
1769099829.6141548,13.937410819964919,-3.4748467309418016,-1.3108034920079763,0.7928031368175343,-0.6094777979978252
1769099829.6639233,13.939159124233495,-3.4814270168481,-1.3114415864813291,0.7926086442633996,-0.6097307086238446
1769099829.7139213,13.940349945097935,-3.4859293719029134,-1.3131817534205295,0.7920778276995726,-0.6104201134192141
1769099829.7639146,13.941502140686872,-3.49031103154048,-1.3138864129064207,0.7918627093795881,-0.6106991481032358
1769099829.81392,13.943304071611484,-3.4971389349741933,-1.313179009139715,0.7920786652809299,-0.6104190265766465
1769099829.864209,13.944580491698575,-3.50198517551727,-1.314858940399499,0.7915656549165965,-0.6110841300152211
1769099829.913903,13.945874468868558,-3.5069053062655406,-1.3128979397758058,0.792164442502631,-0.6103077060258176
1769099829.963938,13.947807770968405,-3.514248271206432,-1.3146532805932103,0.7916284884533851,-0.6110027301649387
1769099830.0139487,13.949131459004796,-3.5192914488957636,-1.313403058761978,0.792010278234791,-0.6105077552090956
1769099830.063924,13.950411325285636,-3.524162954785132,-1.313519722466396,0.7919746648392129,-0.610553953596909
1769099830.1140957,13.952443748903804,-3.531924764710379,-1.3136105006730179,0.791946951526944,-0.6105898999878561
1769099830.1639237,13.953785859523547,-3.537041614349407,-1.3125519814323572,0.7922700011720993,-0.6101706689466168
1769099830.2138953,13.95590602920203,-3.545068226961174,-1.3113288470044382,0.7926430133646729,-0.6096860285131773
1769099830.2639234,13.957366034254688,-3.5505989791321206,-1.3098552583507344,0.7930920113815848,-0.609101848201688
1769099830.313914,13.958861971859843,-3.5562773144353796,-1.310326893798997,0.7929483523193861,-0.6092888564170288
1769099830.3640318,13.960394838113219,-3.5620506035532613,-1.3092911367650384,0.7932637835810135,-0.6088781238135716
1769099830.4139104,13.962686532388165,-3.5706601771763835,-1.308218484581995,0.7935902267002698,-0.6084525881987966
1769099830.46396,13.964285456987222,-3.5766778060616833,-1.3108987814017066,0.7927740975327754,-0.6095155701711757
1769099830.513938,13.965873662354618,-3.582698290971748,-1.31208862202596,0.7924113440675785,-0.609987099693931
1769099830.563939,13.968343982412025,-3.5920984463861196,-1.3171090705329611,0.7908776446835886,-0.611974305947349
1769099830.6139712,13.969875019551964,-3.5979507153645995,-1.3153268664482523,0.7914226621620578,-0.6112693103831741
1769099830.6639342,13.972342832512421,-3.6074823304865116,-1.3184397583615817,0.790470296279604,-0.6125003760812194
1769099830.7139223,13.97400650420093,-3.6139016337056096,-1.3165504950510696,0.791048530757914,-0.6117533996519722
1769099830.7639356,13.975643804508424,-3.620249362639195,-1.3152897000129316,0.7914340213760478,-0.611254603098036
1769099830.8139374,13.978115652349159,-3.629701421398331,-1.315728959495534,0.7912997525984898,-0.611428410803398
1769099830.8641355,13.979722806544693,-3.635769281440607,-1.310209390752064,0.7929841475993847,-0.6092422684417728
1769099830.9139314,13.981344337902149,-3.6418856350137325,-1.3123529360329778,0.7923307230806189,-0.6100918170755477
1769099830.963913,13.98294672024341,-3.647928540546851,-1.3113168284696897,0.7926466771167209,-0.6096812652983694
1769099831.0139375,13.985361733090832,-3.6571338405320843,-1.3162378263280485,0.7911441591678768,-0.6116297241097371
1769099831.063932,13.986986211197388,-3.6633802882463407,-1.3185034602396928,0.790450787166498,-0.6125255529917618
1769099831.1140072,13.988537422593676,-3.669488863164283,-1.3251320903128085,0.7884163468104651,-0.6151419869282541
1769099831.1639185,13.990919290172625,-3.678990093761072,-1.331146343777461,0.7865629749379162,-0.6175100699234103
1769099831.2139404,13.992447488077607,-3.685208620765101,-1.3326471679516867,0.7860993664970296,-0.6181001423660802
1769099831.263923,13.99402282975818,-3.6917022936689614,-1.337525287498621,0.7845894465422313,-0.6200156452659523
1769099831.3139427,13.996264097061369,-3.701107578003358,-1.3406583978935402,0.7836171954795108,-0.6212439866500329
1769099831.3641577,13.997726747490368,-3.707393960552753,-1.348443767133662,0.7811929576091419,-0.6242896467040611
1769099831.4139423,13.999162886851499,-3.7137902846979967,-1.3581328465205367,0.7781594063542207,-0.6280668263030987
1769099831.4639206,14.001186488003443,-3.7231412211501844,-1.365322678904633,0.7758965353778916,-0.6308601797455473
1769099831.513971,14.002460688288293,-3.7291580608235946,-1.3689686041757678,0.7747452122523909,-0.6322735611204994
1769099831.5639186,14.003750097667302,-3.7353527463015253,-1.3754891409282746,0.7726797168924648,-0.6347960736354473
1769099831.6139727,14.005645578735615,-3.7447301690520782,-1.375338727234426,0.7727274557183927,-0.6347379610350867
1769099831.6639245,14.006826325793615,-3.750637174446078,-1.3789705983745335,0.7715735390296058,-0.6361401369740235
1769099831.713942,14.008642092821033,-3.7599016879574387,-1.383419735409482,0.7701564937312121,-0.6378549797278732
1769099831.7639315,14.009846753367844,-3.76616506711597,-1.3871208579460264,0.7689747859549415,-0.6392791085007798
1769099831.81395,14.011035363632585,-3.772483038648323,-1.393489451647859,0.7669352363416763,-0.6417245072907355
1769099831.8639278,14.012727121791135,-3.781925434838408,-1.398549327004183,0.7653092606479535,-0.6436627498671046
1769099831.9139395,14.013847684423364,-3.788435915109508,-1.409355738881509,0.7618202637428793,-0.6477884575621349
1769099831.9639256,14.014914370523899,-3.794775347100677,-1.412185530833281,0.7609029482113318,-0.6488657052143405
1769099832.013948,14.016428366680138,-3.804427599832551,-1.415590944531045,0.7597970176562283,-0.6501603586506187
1769099832.0639179,14.017453468471784,-3.8109792889628213,-1.4179839537098,0.7590185541174198,-0.6510689936600432
1769099832.113929,14.018415521877573,-3.817233408161941,-1.4212739637901919,0.7579465158567145,-0.6523167015343599
1769099832.1639385,14.019855515883728,-3.8267430093438715,-1.4240044827725586,0.7570552281845182,-0.6533508869501036
1769099832.213887,14.02080217717507,-3.8331530262607747,-1.427976468291006,0.7557561859310378,-0.6548531037011054
1769099832.2639468,14.021732014120708,-3.839488641450566,-1.426916017468747,0.756103299434646,-0.6544522905331159
1769099832.3138888,14.022612438004117,-3.8457037761478774,-1.4330975035246758,0.7540769473927149,-0.6567860819253745
1769099832.3641548,14.023910920423605,-3.8550037700877846,-1.4357544371809134,0.7532037637198551,-0.6577872682853058
1769099832.4139473,14.024782825588321,-3.8614499433171474,-1.439500357027652,0.7519704341375048,-0.6591968341725046
1769099832.4639432,14.025630660681925,-3.86769489176646,-1.440700185060785,0.7515748374248467,-0.659647833127507
1769099832.5138788,14.026922337533856,-3.8773789514000345,-1.4353375309122256,0.7533408651722956,-0.6576302463097764
1769099832.5639472,14.02776150271625,-3.8837274168629117,-1.4409660010132321,0.7514871583284753,-0.6597477175916511
1769099832.6139524,14.028646211358428,-3.8904271743872356,-1.4383630939238172,0.7523451526643898,-0.6587691335076318
1769099832.6639705,14.029899404514953,-3.900142050667374,-1.4419270336730832,0.7511700520310749,-0.6601087432625267
1769099832.7139308,14.030721680294214,-3.9066203032384372,-1.445940352091205,0.7498439272707423,-0.6616147555301269
1769099832.76394,14.03187586549713,-3.915888397080675,-1.4439001836761258,0.7505184397841012,-0.6608495074856593
1769099832.8138924,14.03263580790862,-3.9221449643227575,-1.4503054674008944,0.7483981301061621,-0.663249756014731
1769099832.8641527,14.033396302700025,-3.928426769953717,-1.4480623368883148,0.749141537124614,-0.6624099616963581
1769099832.9139323,14.034550225900714,-3.937873406256744,-1.4469139123226353,0.7495217775366181,-0.6619796862429757
1769099832.9639585,14.03533154974119,-3.9441016345996496,-1.4451611847281536,0.7501016246724863,-0.6613225783713245
1769099833.0139434,14.036072695560746,-3.9500543147771996,-1.443971953365974,0.7504947248187824,-0.6608764392979826
1769099833.0639515,14.037280283020936,-3.9595962638520685,-1.4474800865176436,0.7493343495984336,-0.662191839659696
1769099833.1139324,14.038083302029397,-3.966000333361313,-1.4469311849693112,0.7495160604380526,-0.661986159330708
1769099833.1639588,14.03884999518905,-3.9723579355753356,-1.4478661582120904,0.7492065088752721,-0.6623364757122523
1769099833.2193305,14.040026265755323,-3.9818782950033182,-1.4478661582120904,0.7492065088752721,-0.6623364757122523
1769099833.2639594,14.040773672459832,-3.9883147782420214,-1.4532599955075955,0.747417518821707,-0.6643546135599596
1769099833.3138983,14.041516034400951,-3.9947262373736967,-1.4535388401613194,0.7473248856915535,-0.6644588137921766
1769099833.364088,14.042619078963913,-4.004408381348056,-1.45389138554155,0.7472077481391198,-0.664590536436433
1769099833.413899,14.043347846334783,-4.010872407823325,-1.4576117552676722,0.7459701948195503,-0.6659793303405761
1769099833.4639673,14.044087670531383,-4.0174369665266445,-1.455979210105182,0.7465135669059118,-0.6653701935204287
1769099833.5178962,14.045146461090885,-4.026818358876644,-1.4583681470591783,0.745718270827309,-0.6662614055716631
1769099833.5639555,14.045863948610199,-4.03310520577816,-1.4560838842951178,0.7464787423405063,-0.6654092629605753
1769099833.614036,14.046575652408897,-4.0394437049338,-1.4591755330212375,0.745449245017539,-0.6665623925055937
1769099833.663952,14.047621626046789,-4.048775532735741,-1.4615659618161252,0.7446520277878834,-0.6674528878590558
1769099833.713904,14.048332434374315,-4.054782948534701,-1.4603895702700802,0.7450444919173597,-0.6670147712484359
1769099833.7639527,14.049024056027841,-4.061021780104357,-1.4611352377651194,0.7447957545238503,-0.6672925026127962
1769099833.8148963,14.050074152830192,-4.070251266873787,-1.455013979481986,0.7468345977986702,-0.6650098371685177
1769099833.8640661,14.050800880643225,-4.076664432947944,-1.4591012136983648,0.7454740137356918,-0.666534691403829
1769099833.9199202,14.051499047037629,-4.0828770652801865,-1.4570303050406372,0.7461637802081291,-0.6657624299294117
1769099833.9640403,14.052559203410027,-4.092538438797181,-1.4619358547905459,0.7445285719861123,-0.6675905972198233
1769099834.0139267,14.053196903352665,-4.098732325024912,-1.4624378490430727,0.744360985213964,-0.6677774507208947
1769099834.0639522,14.054258961586536,-4.108495273511727,-1.4615328184187577,0.7446630885137775,-0.6674405476183792
1769099834.1139753,14.054887716423258,-4.114868355715277,-1.4689631885688883,0.7421782899195584,-0.6702024962442918
1769099834.1639621,14.055517834471074,-4.121266475526059,-1.4688637181974045,0.7422116216472582,-0.6701655830403016
1769099834.2170405,14.05645318585791,-4.130788282528287,-1.4724667744619349,0.7410030957242729,-0.671501609921409
1769099834.2639623,14.057043261961534,-4.136732371863062,-1.4697878942631222,0.741901866921825,-0.6705084785876392
1769099834.3242347,14.05767980119039,-4.143129728538573,-1.4702271825779127,0.7417545757572116,-0.6706714168229023
1769099834.3641229,14.058656032208638,-4.152698106990216,-1.4707125046902492,0.7415918080855786,-0.6708513920238688
1769099834.4149241,14.059319609610604,-4.1591181291070045,-1.4684693285051664,0.7423437604146744,-0.6700192097047669
1769099834.4639814,14.059960632929503,-4.165362362322706,-1.4715558780600315,0.7413088530596045,-0.6711640517604125
1769099834.513877,14.060893076869009,-4.174579015772781,-1.4706187572061384,0.7416232525859809,-0.6708166301037791
1769099834.5639818,14.061536398605362,-4.181051980383364,-1.4733363523385627,0.74071106422128,-0.6718237263897271
1769099834.6144023,14.062158123042662,-4.187349024612811,-1.4712829845121078,0.7414004243282412,-0.6710628963114441
1769099834.6639698,14.063108006452198,-4.197021816457085,-1.4716176689040228,0.7412881168092006,-0.6711869544899312
1769099834.7139742,14.063750314033461,-4.203545747758429,-1.4727687560736815,0.7409016967086538,-0.67161348692104
1769099834.7639601,14.064388232765614,-4.210070108078704,-1.4734916696182632,0.7406588890709579,-0.6718812469775999
1769099834.8139853,14.065338027288476,-4.219819188629864,-1.4752045113590275,0.7400832043983696,-0.6725153162326053
1769099834.8641517,14.065969321282589,-4.226267888705598,-1.4726595377076501,0.7409383718677139,-0.6715730258832775
1769099834.913966,14.066557742219802,-4.23239018597715,-1.4751593990281335,0.7400983735768368,-0.6724986226223224
1769099834.9639766,14.06748573104791,-4.241937937608467,-1.4771921062531532,0.739414495038597,-0.673250476811429
1769099835.0139744,14.068064126640037,-4.2479340379278,-1.476943137263509,0.7394982985547479,-0.6731584259553118
1769099835.0639656,14.068679892740805,-4.254129980458898,-1.4768690950842074,0.7395232191064147,-0.6731310484612084
1769099835.1141956,14.06958659715709,-4.26340010122405,-1.4696002896903935,0.7419647588861025,-0.6704388835465078
1769099835.163969,14.070208077259283,-4.269671715238177,-1.4723915356503043,0.741028356691495,-0.671473733350086
1769099835.2141433,14.071179940561763,-4.279418628775601,-1.4726543817220699,0.7409401031756705,-0.6715711157472652
1769099835.2639725,14.071773787518918,-4.285565824613079,-1.4757683677807418,0.7398935739487943,-0.672723939836602
1769099835.3140042,14.072393128995387,-4.2920156871592345,-1.4770353934937035,0.7394672462386542,-0.6731925369017555
1769099835.3639755,14.073290666672156,-4.301769766045995,-1.4774396026217431,0.7393311758531748,-0.6733419728574492
1769099835.414,14.0738587448191,-4.308199076832999,-1.484189090303099,0.7370546134119378,-0.6758331871461914
1769099835.4639604,14.074430021785176,-4.314831253054617,-1.4828688196434725,0.7375005941471025,-0.6753464841343819
1769099835.5139766,14.075210027169375,-4.3240368010564545,-1.4862430444306793,0.7363601596727514,-0.6765897688013913
1769099835.563975,14.07574916218153,-4.330443085234511,-1.4854771824686865,0.736619192861815,-0.6763077440837183
1769099835.6139786,14.076255181549625,-4.3365982101866924,-1.4893908436236034,0.7352943637075565,-0.6777478872707016
1769099835.6639674,14.077046431500882,-4.346132833652312,-1.4906298574496937,0.7348743531340756,-0.6782032771269791
1769099835.7139726,14.077580837598278,-4.352539458777495,-1.4894873496977952,0.7352616594576097,-0.6777833666678772
1769099835.7641106,14.078077195699095,-4.358415913273514,-1.4897745296361617,0.7351643289853698,-0.6778889358792419
1769099835.813987,14.078844015790294,-4.367597026221435,-1.4872671896529406,0.7360136000547441,-0.6769667499474809
1769099835.8640602,14.079361713326849,-4.373903490905268,-1.49106009505724,0.7347284418539508,-0.6783613467252284
1769099835.9139705,14.080137273081368,-4.383439427755963,-1.4934639246207522,0.7339125788262799,-0.6792439375074021
1769099835.9640515,14.080621727630822,-4.389570797074947,-1.4946695834126849,0.7335029772854034,-0.6796862381374578
1769099836.013985,14.081141255080883,-4.396004060189438,-1.4935836298280405,0.7338719229935747,-0.6792878628694264
1769099836.0639782,14.081877892125396,-4.405517712159408,-1.4919136513032736,0.734438865168898,-0.6786748509628313
1769099836.1139765,14.082365666742,-4.412055071656252,-1.4974290721570074,0.7325644861383501,-0.6806976374638412
1769099836.1639779,14.08282027880346,-4.418315658326417,-1.4972122144552866,0.7326382890945062,-0.6806182023371654
1769099836.213976,14.08349871536825,-4.427986007895533,-1.5005251625024085,0.7315098580928253,-0.6818308643006816
1769099836.2639916,14.0839474464317,-4.434424631150653,-1.5016445407560282,0.7311281302182461,-0.6822401756006248
1769099836.314002,14.084358185257726,-4.440536082298425,-1.5037177797340677,0.7304205140549025,-0.6829977105728627
1769099836.3639834,14.085001663887386,-4.449904237690117,-1.506362432678225,0.7295167297777265,-0.6839629675460592
1769099836.4141502,14.08542268542621,-4.455913408776726,-1.501068793926851,0.7313244987297561,-0.6820296749831865
1769099836.4639757,14.08611185088404,-4.465557512303631,-1.5012261917047574,0.7312708214874225,-0.6820872272965608
1769099836.5140839,14.086566413125787,-4.471615129393889,-1.4950341212269467,0.733379079434071,-0.6798199216325119
1769099836.563994,14.087024536450562,-4.478002278432877,-1.49960025504351,0.7318250950860254,-0.6814925019413858
1769099836.6140275,14.087709687359897,-4.487646654151051,-1.5030461154786887,0.730649845435352,-0.6827523733867911
1769099836.6639867,14.088147811395473,-4.494060618130089,-1.5049611058506673,0.7299957784957224,-0.6834516540168911
1769099836.7140014,14.088585299832008,-4.500550720151879,-1.508966089919927,0.728625709285494,-0.6849120934603292
1769099836.7639728,14.089204545161989,-4.510326320878785,-1.5052956386837482,0.7298814497752787,-0.6835737482334567
1769099836.8140004,14.089572152319944,-4.516465948109406,-1.511681789312625,0.7276950301893129,-0.6859008259491856
1769099836.8639762,14.08996629204423,-4.523009529747059,-1.5083394828927061,0.7288402588867603,-0.6846837788540635
1769099836.9139845,14.090519420772141,-4.532459667804074,-1.5111909996033328,0.7278633248107085,-0.6857222326828123
1769099836.9640214,14.090895804272886,-4.538953652076449,-1.5128192162985958,0.727304831474742,-0.6863145649871472
1769099837.0139797,14.091245386737342,-4.54532244363115,-1.5169777204819366,0.7258762393341687,-0.6878253304219645
1769099837.0640354,14.091759183161875,-4.554774669061963,-1.5200145133105023,0.7248310114563984,-0.6889267049774559
1769099837.1139834,14.092111512304243,-4.561117801851896,-1.5159460845308008,0.7262309354216339,-0.6874508189220656
1769099837.164185,14.092446437659977,-4.567335226794577,-1.5188627882695616,0.7252276183198468,-0.6885091877572315
1769099837.214005,14.092953031364663,-4.576509004327791,-1.5175490025004585,0.7256797386028571,-0.6880326423806424
1769099837.2640295,14.093300406310577,-4.582953871497457,-1.5182047554622256,0.725454109879013,-0.6882705387125392
1769099837.313994,14.093651270306866,-4.589297158831132,-1.5175573273101255,0.7256768747261746,-0.6880356629475336
1769099837.363987,14.094160973307424,-4.59910448245897,-1.5166205137317277,0.7259990756815882,-0.6876956755058735
1769099837.4139993,14.094487813648517,-4.605626503794775,-1.5213695312575657,0.7243640911119962,-0.6894176263394285
1769099837.4640014,14.094795003990063,-4.612174834433769,-1.5219951768745,0.7241483901149852,-0.6896441902125147
1769099837.514008,14.095210045044217,-4.621885555691398,-1.529447984681291,0.7215734754726332,-0.6923378651311405
1769099837.5639849,14.09545535495646,-4.6280312136797965,-1.531741229972735,0.7207791510299711,-0.6931647823140714
1769099837.6141317,14.095806474122556,-4.637389665302588,-1.529887752415043,0.7214212241032428,-0.6924965107589919
1769099837.6639812,14.096043024864239,-4.643713014282928,-1.5335530161181978,0.7201509221904011,-0.6938174466445154
1769099837.7140913,14.096274669318001,-4.649808471609614,-1.530288699429281,0.7212823824031684,-0.692641122685341
1769099837.7639852,14.0966607729195,-4.659444116980426,-1.53171607863781,0.7207878679827754,-0.6931557179803433
1769099837.8142374,14.096918857896776,-4.665513195222053,-1.5272082141860048,0.7223483617940112,-0.6915293516644889
1769099837.8639972,14.097189370374691,-4.671885743160887,-1.527915124206865,0.7221038921632449,-0.6917846261103906
1769099837.9141705,14.097602729814513,-4.681418917776235,-1.5308082451156444,0.721102428714684,-0.6928284688880676
1769099837.9639986,14.097861224947144,-4.687817299804957,-1.5338984697057187,0.7200310705852953,-0.6939418256538465
1769099838.0139966,14.098096516892399,-4.694191251426114,-1.5370909447358125,0.7189224577702209,-0.6950902816998846
1769099838.0639908,14.09844867283745,-4.7036001817032185,-1.5329334700440422,0.7203658135719869,-0.693594330020632
1769099838.114004,14.098677215185376,-4.709974396347467,-1.5378739714704515,0.7186502655412008,-0.6953716961723144
1769099838.1639943,14.099014591586283,-4.719459864118781,-1.5385250915279964,0.7184238422311559,-0.6956056231183179
1769099838.2139971,14.099228383686288,-4.726163795040708,-1.5414905042576013,0.7173916740263988,-0.6966700697156447
1769099838.264,14.099437312503765,-4.732715891552295,-1.5433248950457064,0.7167523897849558,-0.6973277649266195
1769099838.3140125,14.099619334736317,-4.739167532935758,-1.5468187047184694,0.7155331315115001,-0.6985787984968813
1769099838.3640416,14.09986871665222,-4.748832936916254,-1.5504197183841675,0.7142741764748833,-0.6998659877584616
1769099838.4140065,14.100032333223346,-4.75520904128884,-1.5469663416268726,0.715481561554975,-0.6986316161431964
1769099838.4641666,14.100184951313965,-4.761458911726384,-1.5491232538248858,0.7147277020969818,-0.6994028251695642
1769099838.514012,14.100420901633358,-4.770643638088925,-1.546767373719159,0.7155510606497429,-0.69856043375146
1769099838.5641468,14.100583665605006,-4.776969217917417,-1.5463712280403155,0.7156894124609053,-0.6984186888187944
1769099838.6139927,14.100830041440208,-4.786280304593928,-1.5495408549674967,0.7145816508083406,-0.6995520454748358
1769099838.6639996,14.101003337939487,-4.792732232604241,-1.5469587449484574,0.7154842151896731,-0.698628898496489
1769099838.714005,14.101157709973817,-4.798830161725745,-1.5501827766806822,0.7143570851818234,-0.6997813621771654
1769099838.7639885,14.101366467844148,-4.808496579339705,-1.550493107248666,0.7142484948089393,-0.6998921971726536
1769099838.8140175,14.101477969345826,-4.8146460975006935,-1.5556161637900956,0.7124533598765485,-0.7017194667391075
1769099838.8639984,14.1015842665987,-4.8211247338871575,-1.5557934188011258,0.7123911654326198,-0.7017826069471612
1769099838.9140158,14.101703148810252,-4.830843417929277,-1.5583739451440177,0.7114850884448909,-0.7027011946201357
1769099838.9640217,14.10177075741106,-4.836942952244145,-1.5628247170007006,0.7099195466270799,-0.7042827822095336
1769099839.0140035,14.101826781676705,-4.84347284946944,-1.5634190427728871,0.7097102285809732,-0.7044937128516782
1769099839.0640192,14.10189975159591,-4.852938753531556,-1.5675148192853912,0.7082660169809565,-0.7059456418095741
1769099839.114299,14.10194942133264,-4.859418015708452,-1.5650887643608056,0.7091218271374908,-0.7050859765143445
1769099839.1639986,14.101973158927558,-4.868960224765363,-1.5705703577150503,0.7071866688074384,-0.7070268845390806
1769099839.2142575,14.101972694761189,-4.8749082446206415,-1.576519434208484,0.7050804648509151,-0.7091273073895952
1769099839.264032,14.101935920895158,-4.881337053681,-1.5820805486647993,0.7031059726689347,-0.7110850801396914
1769099839.3140988,14.101827446248715,-4.890853261807729,-1.5888849135072527,0.7006826670088601,-0.7134730549595766
1769099839.3640125,14.10173946787223,-4.896876400277075,-1.590394706575533,0.7001438690750459,-0.7140017945331966
1769099839.4140236,14.101627755961097,-4.903025817334297,-1.5955895675757057,0.6982869393123528,-0.7158179589712643
1769099839.4640667,14.101356460914335,-4.912918811590387,-1.6038396289771353,0.6953282356551065,-0.7186923157379357
1769099839.5140188,14.101133951672493,-4.9193692992870295,-1.6110533587582052,0.6927314922724377,-0.7211955904011073
1769099839.5640044,14.10074176837366,-4.9291060184554505,-1.6179154786439651,0.6902529543529466,-0.723568143996838
1769099839.6140254,14.100516353156472,-4.935175997015473,-1.6197194353700985,0.6896000308485596,-0.7241904428074605
1769099839.6640244,14.10022559839343,-4.94177544470818,-1.6261527893628096,0.687266980480961,-0.7264049129380818
1769099839.7140124,14.099729234083036,-4.951177710145968,-1.631924363158487,0.6851678719128731,-0.7283851915699445
1769099839.7642534,14.099377433561736,-4.957444626010264,-1.6341704299588449,0.6843494391182976,-0.7291541984919729
1769099839.814024,14.098982787611382,-4.963759922726335,-1.6414128900582927,0.6817045227573715,-0.7316275990229896
1769099839.864294,14.098363231491522,-4.972850465324686,-1.64547156252927,0.6802184016796579,-0.7330094992674867
1769099839.9140286,14.097907366589297,-4.979262997426651,-1.64836488948961,0.6791572721839382,-0.7339927790105786
1769099839.9641027,14.097465235629507,-4.985270506651238,-1.6531211270532973,0.6774098313469875,-0.735605818624653
1769099840.0140388,14.096657535511685,-4.995032404301198,-1.6559615685926727,0.6763644258594225,-0.7365671479450152
1769099840.0640736,14.096082276857116,-5.001486592387875,-1.6656772632380932,0.6727783285466221,-0.7398441191480901
1769099840.1140163,14.09547484711981,-5.007886727021768,-1.6706114046357603,0.6709510352394122,-0.7415016576590784
1769099840.1640189,14.094505911431844,-5.017125625316274,-1.6792581886701186,0.6677389722747639,-0.7443955030126405
1769099840.2140326,14.093802242025559,-5.023490590344972,-1.6850193325022778,0.6655919201146608,-0.7463158821022631
1769099840.264019,14.092695460456067,-5.03281589157742,-1.6912184937739345,0.6632754602609766,-0.7483753495510055
1769099840.3140185,14.09191879014613,-5.039045024748264,-1.6996486294931343,0.6601151245873877,-0.7511644442403923
1769099840.364017,14.091146798619437,-5.045044741529353,-1.7023713533968567,0.659091906511589,-0.7520624035084581
1769099840.414549,14.089850684273072,-5.054753974645389,-1.70791731139109,0.6570039219216349,-0.7538871577229513
1769099840.4640362,14.088989914145841,-5.061099313042709,-1.709754590384402,0.6563110942776353,-0.7544903892880895
1769099840.51424,14.088116637176492,-5.067391927397993,-1.712277938979275,0.6553586510331949,-0.7553178394000443
1769099840.564043,14.086786751164311,-5.0767897424438555,-1.7157956825742227,0.6540291307539997,-0.7564693623175809
1769099840.6142864,14.085911168370686,-5.082851956233139,-1.720042286945587,0.6524214445946077,-0.7578563575197381
1769099840.6640236,14.084961522602283,-5.089210294725274,-1.7253050682288529,0.6504249720166945,-0.7595705074429117
1769099840.7140253,14.083464026363673,-5.098685639142816,-1.7335543330239573,0.6472864990770981,-0.7622468026253136
1769099840.7640293,14.082422034914297,-5.105080762738037,-1.7359219053643151,0.6463837085273189,-0.7630125171650004
1769099840.8140283,14.081315668882203,-5.111593773015986,-1.7448410816894062,0.6429745706115146,-0.7658875253892952
1769099840.8640244,14.079585886145086,-5.121389396549839,-1.7535514930919531,0.6396328855369688,-0.768680539456835
1769099840.9140208,14.078409346222871,-5.127812566307907,-1.7566382597832217,0.6384457554523547,-0.7696668222970717
1769099840.9640481,14.077208282043076,-5.134231257669353,-1.7635635924771491,0.6357768338771236,-0.7718729283406566
1769099841.0140228,14.075384982139294,-5.143648980295873,-1.7648701675463465,0.6352724432807355,-0.7722881086797366
1769099841.0642343,14.074158655605707,-5.149805244480946,-1.7725033852193366,0.6323203019733079,-0.7747070644523546
1769099841.1140149,14.072885469613391,-5.156106666894312,-1.7747445892868507,0.6314517668252846,-0.7754151573017041
1769099841.1640742,14.07096705077357,-5.165299044692396,-1.7779403803368732,0.630211928809381,-0.7764231609028415
1769099841.2140136,14.069649105131106,-5.17156556403035,-1.779888698051441,0.6294552703988553,-0.7770367189310322
1769099841.2642145,14.068314145106278,-5.177751020107862,-1.7863851598912888,0.6269279594512988,-0.7790772321523911
1769099841.3140252,14.06624728805267,-5.1870927367583946,-1.7934618787286039,0.6241673853802877,-0.7812906469602304
1769099841.3640685,14.064825075741304,-5.1934141782052174,-1.795695747097157,0.6232943459928221,-0.7819873133583308
1769099841.4140267,14.06344450884666,-5.199433731241744,-1.8002908129542021,0.6214960608933551,-0.7834172874618246
1769099841.464031,14.06120338536004,-5.208787649726457,-1.8096348358816785,0.6178291567611233,-0.7863123635399861
1769099841.514022,14.059760311802913,-5.214714370503707,-1.8170829141615645,0.614896621344639,-0.788607725715991
1769099841.5640287,14.058168525769682,-5.221099578568438,-1.8264290128908243,0.6112047180690012,-0.791472546971904
1769099841.6140316,14.055725767357542,-5.230506711125014,-1.836014226465245,0.6074044964980514,-0.7943927099577064
1769099841.6640353,14.054048322395934,-5.236843414604444,-1.8378087550432332,0.6066914718780476,-0.794937392472167
1769099841.7140424,14.052367493449726,-5.24310083227533,-1.8426693773320388,0.6047577368917387,-0.7964094924532118
1769099841.7640338,14.04982370082643,-5.25237602981243,-1.8443301461949797,0.6040962024223319,-0.7969113992276162
1769099841.814293,14.04814276855183,-5.258449916546724,-1.8464689997452823,0.603243618752607,-0.7975569800548794
1769099841.864043,14.046444627383824,-5.264571541319977,-1.846954222773503,0.6030501044944205,-0.7977033104289266
1769099841.9140418,14.043852846574717,-5.273702359283442,-1.84847432543736,0.6024436349048302,-0.7981614290121113
1769099841.96405,14.042039028292988,-5.279870609660951,-1.853340609552865,0.6004998133926472,-0.7996248958826856
1769099842.014232,14.040281930389604,-5.28592307695595,-1.8562778043944226,0.5993248391826984,-0.8005059257361139
1769099842.0640452,14.037529055598743,-5.295112807433284,-1.8666825839059404,0.5951522038377716,-0.8036130003098778
1769099842.1140308,14.035589367305128,-5.301480634881855,-1.8702503482761144,0.5937177067261015,-0.8046734025180023
1769099842.1640375,14.033786475131183,-5.307308026630137,-1.8773027833263196,0.590876567950895,-0.8067619732278979
1769099842.2140179,14.03074650269731,-5.316912044120496,-1.8815738102336104,0.5891523708911931,-0.8080219575440298
1769099842.2640517,14.028792890325064,-5.322983818566449,-1.8889320648733965,0.5861755745665567,-0.810184050559851
1769099842.3140352,14.025854462299744,-5.331929058892376,-1.893111459409398,0.5844812565362818,-0.8114072101958234
1769099842.3640428,14.023808370802662,-5.338050395741347,-1.8992387207946455,0.5819926654719464,-0.8131940342481978
1769099842.414028,14.02178658515883,-5.344046161402898,-1.9011991606219751,0.5811952770152528,-0.8137641242861249
1769099842.4642777,14.019709603976255,-5.350076904468497,-1.9081412864684413,0.5783671550095968,-0.8157765833891685
1769099842.5140252,14.01660807017575,-5.358940103298852,-1.915630050258476,0.5753085286146336,-0.8179364870839699
1769099842.5642421,14.014495649455888,-5.364877693294267,-1.9193072404709253,0.5738037030441617,-0.8189928634443694
1769099842.6140234,14.01234939800411,-5.370856918090519,-1.9236597860953155,0.5720199937354852,-0.8202396764158971
1769099842.6640587,14.009062385937352,-5.379841799569907,-1.9254971824749092,0.5712661997413222,-0.8207648439310177
1769099842.714043,14.006827796111274,-5.385869879617629,-1.9325341672805496,0.5683748147581514,-0.8227697551251122
1769099842.7640657,14.004536345037709,-5.391984602002293,-1.9348873387103362,0.5674063624250679,-0.8234379271563537
1769099842.8140385,14.001031343826178,-5.4011044367263406,-1.9415289668616504,0.564668754571224,-0.8253176343753857
1769099842.864057,13.998797944718525,-5.4068351617240085,-1.9477956603178397,0.562079980575815,-0.8270828830509621
1769099842.9140363,13.995176000598534,-5.415909232362484,-1.952696713520365,0.5600515063309982,-0.8284577902683877
1769099842.9640615,13.992723409859291,-5.421961569791004,-1.9587920299123391,0.5575240531261035,-0.8301607857432448
1769099843.0140283,13.990437298169795,-5.427562177099775,-1.9615615780340452,0.5563739338173226,-0.8309320343858682
1769099843.0640428,13.986754383219555,-5.436474678839947,-1.9657031909098925,0.5546520427089753,-0.8320823946693987
1769099843.1140378,13.984287491691791,-5.442384078918262,-1.9692896801819757,0.5531590244133534,-0.8330756830625097
1769099843.164044,13.981803457988907,-5.448231529997869,-1.971921841731324,0.5520621507849106,-0.8338029633377052
1769099843.2140768,13.978186397801608,-5.456759907445641,-1.9737854153671717,0.5512849846298263,-0.8343170055330841
1769099843.264044,13.975657421616473,-5.462588250796618,-1.9835321522918246,0.5472125201224897,-0.836993702378455
1769099843.3141618,13.97306043858832,-5.468497055352263,-1.9880225802958742,0.5453319124764407,-0.8382202009226379
1769099843.3640342,13.969273955698423,-5.476924435637045,-1.9983965442367593,0.5409767629015652,-0.8410375389960568
1769099843.414153,13.966610384606005,-5.482775581086556,-2.002620901581838,0.5391991359407222,-0.8421783016682266
1769099843.4640934,13.963876100202697,-5.488594876797713,-2.012490689428253,0.5350365266334705,-0.8448289265691555
1769099843.514077,13.959656454063463,-5.497518695426088,-2.020575940299244,0.5316168370319712,-0.8469849695148802
1769099843.5640588,13.956843121764798,-5.503467219202129,-2.0207036905972573,0.531562734656366,-0.8470189248916731
1769099843.6140428,13.95399322748131,-5.509426717228357,-2.026637367694848,0.5290474305043263,-0.84859225560735
1769099843.6640396,13.94972852948008,-5.518216331762104,-2.0273203250639296,0.5287576234973022,-0.8487728645482755
1769099843.714043,13.946956478616325,-5.5238762628230536,-2.032078370492065,0.5267368791611691,-0.8500283878386369
1769099843.7640429,13.944159662584049,-5.529580239398125,-2.0328859254733747,0.5263936139024631,-0.8502410030354363
1769099843.814057,13.93999086123142,-5.537966098852353,-2.0352009993302795,0.5254090761079603,-0.8508497533309741
1769099843.864057,13.937119626114887,-5.543718167109198,-2.038488968804652,0.5240095827222554,-0.8517123676542732
1769099843.9140317,13.934385643352295,-5.549142674254934,-2.045260814189242,0.5211227522557226,-0.8534817379894082
1769099843.9641352,13.930148025508824,-5.557408720937434,-2.0485370318414886,0.5197239577226848,-0.8543342482711722
1769099844.0140822,13.927285535306824,-5.562909759452593,-2.057407758754252,0.5159295751292914,-0.8566310019529464
1769099844.0640585,13.922782326440576,-5.571437033574034,-2.062961328103435,0.5135489093033396,-0.8580603229105459
1769099844.1140916,13.919683314888095,-5.577213753412281,-2.0705755182860095,0.5102784782737118,-0.8600092293752812
1769099844.1640747,13.91660671062628,-5.582915919257898,-2.074744873507566,0.5084845287824455,-0.8610711259756039
1769099844.2140918,13.913506992368184,-5.5885768570254495,-2.0784790786652505,0.5068759352900758,-0.8620190173214342
1769099844.2640371,13.90878023741181,-5.597126999794258,-2.0811343179199153,0.5057310555566623,-0.8626911958780755
1769099844.3140802,13.905722456271636,-5.602695407982209,-2.0766839012207905,0.5076494695482587,-0.8615637040099655
1769099844.3640316,13.902620003159763,-5.608326142582299,-2.0778280013239216,0.5071565289519092,-0.8618539639297665
1769099844.4140635,13.897965962373645,-5.616800948413824,-2.075255471990888,0.5082646814084293,-0.8612009136274693
1769099844.464028,13.894887176962454,-5.622415863275748,-2.0735163717997707,0.5090133464969339,-0.8607586264964135
1769099844.5140684,13.891830274735595,-5.628013927478077,-2.072124409704559,0.5096122948587893,-0.8604041544116104
1769099844.5640118,13.88720700870688,-5.636476809229211,-2.068864435488113,0.5110140649337298,-0.8595723503230579
1769099844.614194,13.884326772849123,-5.641738713638842,-2.0720908120729558,0.5096267485577871,-0.8603955934071362
1769099844.6640122,13.879722534860184,-5.650125426929211,-2.0737215022652804,0.5089250599109011,-0.860810829041251
1769099844.714163,13.876809041415553,-5.655397969670638,-2.076859195912612,0.5075739538264695,-0.8616081948292768
1769099844.7640812,13.87372986867018,-5.660983758420176,-2.076844943688046,0.5075800937303224,-0.8616045777784129
1769099844.8140955,13.869028585054203,-5.669461466108622,-2.075447818724751,0.5081818544665384,-0.8612497911703375
1769099844.8640196,13.86598011902003,-5.6749485926233705,-2.0807915017512926,0.5058789203718018,-0.8626044968138412
1769099844.9140983,13.862728596871879,-5.680786107420373,-2.079384187845286,0.5064857727348919,-0.8622483180715051
1769099844.964047,13.857933242181122,-5.689385265033539,-2.0804851423324737,0.506011047942465,-0.8625269963080393
1769099845.0140636,13.85481034095173,-5.695004721549561,-2.0787999230341883,0.5067376417945602,-0.8621003203737301
1769099845.064047,13.851717432134647,-5.700553984850697,-2.0802414069193977,0.5061161583715001,-0.8624653234972839
1769099845.1140728,13.84716897271919,-5.70874018564443,-2.0798690884806197,0.506276705472153,-0.8623710903643876
1769099845.1640537,13.844290102144432,-5.713945113963276,-2.0758826271389563,0.5079946031305435,-0.8613602516892928
1769099845.214071,13.841293161365828,-5.719373956287608,-2.075720325656678,0.5080645014805943,-0.8613190247145799
1769099845.264072,13.836812685221759,-5.727511021835389,-2.0712552939801343,0.5099861421192726,-0.8601826171495801
1769099845.3140824,13.833730637908282,-5.7330952078704405,-2.0752024183954787,0.5082875261320199,-0.8611874306900857
1769099845.3642077,13.829057968462228,-5.741588728499289,-2.0753100613303914,0.5082411750245764,-0.8612147862232962
1769099845.4140823,13.825893360176016,-5.7473297598279,-2.074714604339974,0.50849756067732,-0.8610634301752776
1769099845.4640887,13.82280104624715,-5.7529661403364925,-2.0748979891585804,0.5084186055593588,-0.8611100519219812
1769099845.5140743,13.818145534949757,-5.761440215102408,-2.0702829133001894,0.5104042943063388,-0.8599345651580986
1769099845.564087,13.81509010944493,-5.767010178601959,-2.0722879525433475,0.5095419366861308,-0.8604458232556813
1769099845.6140823,13.812013537503919,-5.772655179931618,-2.0652498445602903,0.5125667307309585,-0.8586473936068152
1769099845.664109,13.807543652448839,-5.780942099724565,-2.061058500586993,0.5143650471476057,-0.857571337133443
1769099845.7140846,13.804476592781949,-5.786707234150146,-2.055794776057607,0.5166202727585902,-0.8562146306708616
1769099845.764077,13.801422223789706,-5.792478963913472,-2.0505792210897638,0.5188513308251788,-0.8548644901391921
1769099845.8140867,13.796973192960243,-5.801034728090318,-2.0480979997026236,0.5199114852952923,-0.854220139927667
1769099845.8640752,13.794062785989574,-5.806681921569293,-2.043672126166578,0.5218005458821431,-0.8530675180295505
1769099845.9140782,13.791359852700399,-5.812008927419717,-2.0349829865874933,0.5255018210304304,-0.8507924753391402
1769099845.9640772,13.787144012157754,-5.820427932038276,-2.0300021946998266,0.5276189993706792,-0.849481130751639
1769099846.0143318,13.784302533141174,-5.8261949225507035,-2.0237876119218905,0.5302560333785082,-0.8478375664392858
1769099846.0640848,13.781530843773513,-5.831854920777023,-2.020654881090908,0.5315834057858629,-0.8470059519820995
1769099846.1140933,13.777315696707989,-5.840640985260107,-2.016497343844591,0.5333429853546844,-0.8458990837995706
1769099846.1640775,13.774541291460691,-5.8464685747064715,-2.0118137219827217,0.5353224568182788,-0.8446477770207188
1769099846.2143044,13.77188490645334,-5.852099935753195,-2.00998954938031,0.5360926257104875,-0.844159165477006
1769099846.2640798,13.767675460776388,-5.861112650229514,-2.0042964741711904,0.5384933813563308,-0.8426297397050647
1769099846.3142567,13.764948632290233,-5.866962421092812,-2.003963201766542,0.5386337864991302,-0.8425399955145212
1769099846.3640726,13.762217825844777,-5.872894261938347,-1.9979751343257786,0.5411539616687152,-0.8409235338425574
1769099846.4141216,13.75819767168717,-5.881715331020608,-1.992955317010042,0.5432628961737905,-0.8395626394980098
1769099846.4640846,13.755740936101224,-5.887159970476472,-1.9909367320749716,0.5441099835748628,-0.8390139008229616
1769099846.5140977,13.753123380426635,-5.89303192688367,-1.984246365985244,0.5469135890553503,-0.8371890623429068
1769099846.5640786,13.74931238507913,-5.901752507525559,-1.9790326486234977,0.5490941618255691,-0.8357604928740504
1769099846.614093,13.746740105126742,-5.907754957170658,-1.9705144600271407,0.5526487535689473,-0.8334142758428662
1769099846.664082,13.744289021993751,-5.91350594519172,-1.9687668771472602,0.5533767727596134,-0.8329310579934903
1769099846.7140968,13.740631347567946,-5.922237063206409,-1.9651050444024039,0.5549008714890492,-0.8319164758680366
1769099846.7640781,13.738171247593069,-5.928176770773179,-1.9594008144619006,0.5572713327713998,-0.8303304532962691
1769099846.8141053,13.735757799719886,-5.934025943237393,-1.956224075784609,0.5585895006752372,-0.8294442535429305
1769099846.8640852,13.732118671820775,-5.942983592171742,-1.9561663931856985,0.5586134226930085,-0.8294281427508968
1769099846.914099,13.729756347917084,-5.948853903389044,-1.950520996267979,0.5609524197141835,-0.8278480433127824
1769099846.9641294,13.727313579298933,-5.9549918187821955,-1.9478332110822156,0.5620644516795146,-0.8270934361716374
1769099847.0140948,13.723777603343736,-5.9640455210648,-1.9416394250216367,0.5646231721764077,-0.8253488192524726
1769099847.064245,13.721420905367328,-5.970135691576225,-1.9372555613868132,0.5664309226812789,-0.824109222027296
1769099847.1141083,13.71906870177539,-5.976281790840545,-1.935273637559318,0.5672473052802932,-0.8235475060081512
1769099847.1641047,13.715619735777308,-5.98539586204988,-1.9281487747624257,0.5701775311277493,-0.8215215048902035
1769099847.2141156,13.71338244528288,-5.991341728343771,-1.9277711243599858,0.5703326449254672,-0.8214138263581402
1769099847.2640893,13.711163903154942,-5.997321845099671,-1.9194334979929428,0.573751999896079,-0.819029085329239
1769099847.3141105,13.707988145593953,-6.0060240887036995,-1.915428443170821,0.5753909765880608,-0.8178784897899184
1769099847.3640814,13.705867888525853,-6.01195919149405,-1.9080569036601074,0.5784015732543464,-0.815752180540694
1769099847.4141092,13.703744405593255,-6.0179734802513405,-1.9026159067637953,0.5806186826520627,-0.8141756231645499
1769099847.4640827,13.70066340577953,-6.026897418422544,-1.9004799510125416,0.5814878729191331,-0.8135550710603322
1769099847.5143065,13.698651253372775,-6.032789795013984,-1.8962765176625527,0.583196449641785,-0.812331152378891
1769099847.5640862,13.696639738641062,-6.038735772889692,-1.8917910397385604,0.5850168281370949,-0.8110211531127982
1769099847.614142,13.69360827628871,-6.047836887474808,-1.8911710547097356,0.5852682105108625,-0.8108397633104908
1769099847.664076,13.691565878713542,-6.05411972966817,-1.888329469813389,0.5864196544095771,-0.8100074005354223
1769099847.714282,13.689566520098632,-6.060203207725745,-1.8869403114193701,0.586982127197955,-0.8095998902854199
1769099847.7640893,13.686509494587243,-6.069775839602164,-1.8818065915978979,0.5890583206740179,-0.8080905239171574
1769099847.8143196,13.68470459878592,-6.075576725933716,-1.8708815281964355,0.5934637303170162,-0.8048607337907671
1769099847.8640912,13.68186336711091,-6.084845304519421,-1.8651084514357243,0.5957845160906788,-0.8031443272454806
1769099847.9141276,13.680004198133101,-6.091052666635935,-1.8575976116220327,0.598796451972951,-0.8009012480353651
1769099847.964111,13.67820268492006,-6.097091830006741,-1.8576229101625519,0.5987863211087088,-0.8009088223094426
1769099848.0141017,13.675535634801912,-6.106227566874415,-1.8556056791801874,0.599593825442754,-0.8003044698681399
1769099848.0641022,13.673774620075696,-6.112358282070812,-1.8490658680907444,0.6022075352924103,-0.7983395796508153
1769099848.1141157,13.672073242823384,-6.118374249066734,-1.8473240063197802,0.602902605408133,-0.7978147957966718
1769099848.1641018,13.669526093311454,-6.1275180539915475,-1.8379125499923874,0.6066502158179343,-0.7949688771568694
1769099848.214114,13.667803382006644,-6.133737937328721,-1.8394319255181795,0.6060461126915201,-0.7954295124594619
1769099848.2641003,13.666206353589594,-6.139572646091304,-1.833932710421579,0.6082309379708297,-0.7937601187355817
1769099848.3141203,13.663683141584656,-6.148932488082219,-1.8301082869569687,0.6097476624432957,-0.7925956018960342
1769099848.3641136,13.662083031868452,-6.154949773123937,-1.8261470258010986,0.6113163045135666,-0.7913863631854395
1769099848.4141164,13.660434729980159,-6.161242274478783,-1.8219374912737167,0.6129806333149475,-0.7900979326518998
1769099848.4642243,13.658020713817042,-6.170630847061605,-1.8162492258606608,0.6152252944306608,-0.7883513411498118
1769099848.5141375,13.65640039712755,-6.176982718980517,-1.8183329168324684,0.6144036203975018,-0.7889918828748763
1769099848.5641243,13.654802671587957,-6.183366698763218,-1.8109580629659852,0.6173087866690573,-0.786720955549791
1769099848.6141033,13.65248055907688,-6.19288277114165,-1.8040893612238085,0.6200070166539873,-0.7845962651579615
1769099848.6640842,13.650980159542192,-6.199212246199259,-1.7988042393692603,0.6220781928819111,-0.7829551212814025
1769099848.714111,13.649537885010242,-6.205399284906943,-1.7918581166096688,0.624793686810949,-0.7807898878194963
1769099848.7640858,13.647470121111063,-6.214584967941531,-1.7889421684445594,0.6259313937697704,-0.7798781252820421
1769099848.8141193,13.646127107322354,-6.220742814099188,-1.7786269870032052,0.6299453430180321,-0.7766394690008318
1769099848.86408,13.644815661205712,-6.226855191979894,-1.7767006235253755,0.6306930956505028,-0.7760323569921461
1769099848.9142287,13.642884052456122,-6.236199985488193,-1.772276433035978,0.6324082086318512,-0.7746353062280682
1769099848.9640915,13.64156868339406,-6.242622097172553,-1.7692223896735626,0.6335903557567087,-0.7736687024121418
1769099849.0143898,13.640320348359971,-6.248902994120903,-1.7629551840822733,0.6360116114407366,-0.7716794866475054
1769099849.0640907,13.638455251672983,-6.258544911442534,-1.7565078559458562,0.6384959378487701,-0.7696251927728324
1769099849.1141496,13.637247293072992,-6.264884935667007,-1.7549731758022133,0.6390863140648748,-0.7691350227203103
1769099849.1641476,13.636053825790974,-6.271253552334427,-1.7524133720370694,0.6400702077004591,-0.7683164251884058
1769099849.214168,13.634912150521366,-6.277554703071193,-1.745863837880626,0.6425828284530473,-0.7662162283437238
1769099849.2641442,13.633240536348477,-6.287077904184205,-1.739837140399812,0.6448887842546185,-0.7642764263946652
1769099849.3141367,13.632197279373537,-6.29319063530225,-1.734250921656885,0.6470209735925524,-0.762472202595836
1769099849.3641274,13.630585144843723,-6.302775060888831,-1.728930572530396,0.6490469910289516,-0.7607483180633816
1769099849.4141493,13.629548477451577,-6.309119643618596,-1.7232044268774929,0.651222405712844,-0.758886933803433
1769099849.4643342,13.628562434061012,-6.31542108418754,-1.71649514144081,0.6537645311606333,-0.756698049288035
1769099849.5141442,13.627125752838811,-6.32495649566656,-1.71393229366017,0.6547336450973495,-0.7558596787615661
1769099849.5643406,13.62621666191601,-6.331116027613667,-1.7081739343379536,0.6569071841414899,-0.7539714526580557
1769099849.6141388,13.6253814657845,-6.336979321756779,-1.7047550254168615,0.6581951035584238,-0.7528473986484351
1769099849.664172,13.624166023829414,-6.345907467935266,-1.7007119980505863,0.6597156489770972,-0.7515153108850993
1769099849.7141495,13.623311788039654,-6.3522536539640635,-1.6979102728544953,0.6607677710054732,-0.7505904028166483
1769099849.764127,13.622125664593627,-6.361517656638898,-1.6968137696181245,0.6611791840810646,-0.7502280230289307
1769099849.8141575,13.621313868838106,-6.36799722266579,-1.6902592357633337,0.6636343264804483,-0.7480571373343361
1769099849.8641272,13.62052568439454,-6.374454039241433,-1.6894176229332243,0.663949054955844,-0.7477778095285
1769099849.9141157,13.619371673777245,-6.3842066006648235,-1.6840295292015919,0.6659611915503842,-0.7459863881792967
1769099849.9641383,13.618620435252861,-6.390744305321098,-1.6799934221328294,0.6674652749194645,-0.744640924725927
1769099850.0141404,13.617904422973785,-6.397107629805108,-1.6785457476313894,0.668004098856132,-0.7441575934648568
1769099850.064129,13.617192839353539,-6.403675274655559,-1.6759303424891048,0.668976664204931,-0.7432834067495675
1769099850.1141238,13.616215239462377,-6.413014562435138,-1.6690038282408652,0.6715468287135588,-0.7409621156609576
1769099850.1641257,13.615582077896422,-6.419386746044924,-1.664303854189771,0.6732862241817731,-0.7393819448208423
1769099850.2141697,13.614982015396778,-6.425736711032428,-1.6589380532344857,0.6752674868344352,-0.7375729260380331
1769099850.2641473,13.614105833796918,-6.435289135450319,-1.65887804861883,0.6752896154204873,-0.7375526661230711
1769099850.3141851,13.613543386512305,-6.441718844289751,-1.6526660484563662,0.6775771930413071,-0.7354516622255083
1769099850.3641243,13.613002110312673,-6.448048572919453,-1.6477009770214472,0.679400888238379,-0.7337672880831508
1769099850.4141312,13.612213561110664,-6.457608553309366,-1.6502400178101706,0.6784688084626359,-0.7346292098353366
1769099850.464134,13.611662281179912,-6.464013705132027,-1.6491862353947289,0.678855783939989,-0.734271628630184
1769099850.5140743,13.611101298682366,-6.470443484643689,-1.6544780213503145,0.6769106058125411,-0.7360652360616541
1769099850.5641448,13.610285440427832,-6.480103084647066,-1.6525932431705945,0.6776039649765745,-0.7354269961376351
1769099850.614072,13.609734242460966,-6.486457548463802,-1.6569812239726316,0.6759888156463747,-0.7369118815170588
1769099850.664124,13.609184356128026,-6.493116908630034,-1.655235430640787,0.6766318059547966,-0.7363215324641474
1769099850.7141423,13.608366247657916,-6.502877920997506,-1.6526727729222586,0.6775747202776683,-0.7354539403937133
1769099850.7641368,13.607820564661003,-6.509436031761035,-1.6550155026418267,0.6767127707243031,-0.7362471228729093
1769099850.8141465,13.60728605855111,-6.515791888560722,-1.6549394102583663,0.6767407816337188,-0.7362213759962307
1769099850.8641589,13.606460665066958,-6.525298285114388,-1.66154849134588,0.6743042176780669,-0.7384536695159488
1769099850.914131,13.605892481246226,-6.531651191602991,-1.6642745037363882,0.6732970747069242,-0.7393720641132572
1769099850.9642587,13.605324384831446,-6.537775372006108,-1.6640454431690999,0.6733817507830792,-0.7392949463592423
1769099851.014139,13.604433835699059,-6.547199615644319,-1.6674433861505993,0.6721247384908534,-0.7404379352171268
1769099851.0641577,13.60383056363792,-6.553422180261507,-1.6705307258292477,0.6709809464278793,-0.7414745912913991
1769099851.1141374,13.603180184470903,-6.559996145456151,-1.6743954603731086,0.6695468933508348,-0.7427697877567758
1769099851.1641104,13.60212089607165,-6.5696833980778,-1.6807432751854519,0.6671860423779857,-0.7448911228199734
1769099851.2141347,13.60141825700916,-6.576048336293994,-1.685321556673517,0.6654791351662646,-0.7464164525640901
1769099851.264118,13.600585073882261,-6.5825263751397145,-1.6978526654890511,0.6607893904991834,-0.7505713699600576
1769099851.314145,13.599359909105178,-6.592117120031797,-1.7071162295242246,0.657305831876851,-0.7536239402916292
1769099851.3641405,13.598519459312511,-6.598515988922534,-1.7123451962347704,0.6553332503601798,-0.7553398777850683
1769099851.4141676,13.597631580199966,-6.604857546275824,-1.7188030053568408,0.6528909180298107,-0.7574519451121576
1769099851.4641533,13.59625406268981,-6.614529259390939,-1.7199821290242898,0.6524442398310224,-0.7578367330179498
1769099851.5141625,13.595302275685206,-6.620861734550469,-1.723281759243489,0.6511930619649812,-0.7589121135208425
1769099851.5641382,13.594377068692156,-6.627325696203273,-1.7178166945646014,0.6532643801364363,-0.7571298763388998
1769099851.614117,13.593056628106204,-6.63644360290164,-1.7140490196177007,0.6546895297599044,-0.7558978896800514
1769099851.664157,13.592171125335508,-6.642709017579075,-1.7129806422168983,0.6550932284417208,-0.7555480540970266
1769099851.714135,13.59128939030532,-6.648949403395562,-1.7098957814642783,0.6562578289858308,-0.7545367200440307
1769099851.764159,13.589953713285311,-6.658397575348755,-1.7126745956581038,0.6552088372123774,-0.7554478007372873
1769099851.8141549,13.58907564484054,-6.664664045056828,-1.7100983318339724,0.6561814097746574,-0.7546031788073405
1769099851.864168,13.58819346042441,-6.6709299153209844,-1.7123098741188425,0.6553465903593397,-0.7553283037887484
1769099851.9141512,13.586833284917663,-6.6805535757143435,-1.7141214722495077,0.6546621459345785,-0.7559216061737704
1769099851.9641767,13.585915836647642,-6.686993395423398,-1.713696973415883,0.6548225751072358,-0.7557826374890657
1769099852.0141382,13.584986949041141,-6.693559424734525,-1.7108810796682938,0.6558860275253902,-0.7548599332968754
1769099852.0642107,13.583598064962194,-6.703409084390422,-1.7086430221477569,0.6567303266659115,-0.7541255054944669
1769099852.1141407,13.582667696532553,-6.709795961259585,-1.7138326940290831,0.6547712859580362,-0.7558270722095495
1769099852.1641648,13.581753133301167,-6.716133922550293,-1.7127792791665313,0.6551692948517636,-0.7554820944823529
1769099852.2141635,13.580406149592562,-6.725427102799988,-1.712180106329114,0.6553955976220781,-0.7552857807595739
1769099852.2641609,13.579526445403832,-6.731539943259595,-1.7106082107733418,0.6559890103185431,-0.7547704408237637
1769099852.314136,13.578633342559824,-6.7377275794087,-1.7105881616073026,0.6559965765445268,-0.7547638647695456
1769099852.3641453,13.577304959843584,-6.747100106067184,-1.7109162333348111,0.6558727593768933,-0.7548714615796122
1769099852.4141383,13.576405956962844,-6.753491414946737,-1.707050721380363,0.6573305157770071,-0.7536024104448803
1769099852.4641485,13.575520761472735,-6.759833520876178,-1.7086468498733738,0.6567288833719508,-0.7541267623848331
1769099852.5142806,13.574204456934929,-6.769437755555989,-1.7053241744959329,0.6579808357083068,-0.7530346737306313
1769099852.5641513,13.57332041805813,-6.775907781853077,-1.705834711517299,0.6577885882330609,-0.7532026109821691
1769099852.6141512,13.572480917073571,-6.782179547731209,-1.7039278073635293,0.6585064317298126,-0.752575098824343
1769099852.66418,13.571206268782705,-6.791789405523395,-1.69786395491575,0.6607851537284246,-0.7505750999147935
1769099852.714243,13.570392429852987,-6.7980389454777255,-1.6975670967222698,0.6608965536331876,-0.7504770119036127
1769099852.764175,13.569569786987659,-6.804517090480486,-1.690918499715578,0.6633877068781454,-0.7482758517839233
1769099852.8141348,13.568379192255673,-6.8142651269134875,-1.687405209610176,0.6647011377339721,-0.7471093611347425
1769099852.8641448,13.567624222178734,-6.820700522376186,-1.6827087562776653,0.666453685609884,-0.7455464337900101
1769099852.9141262,13.566878394599557,-6.827162351756036,-1.679766251680787,0.667549850821336,-0.744565105728446
1769099852.964176,13.565850706473949,-6.836598089983701,-1.6780105825134808,0.6682031985321915,-0.7439788205798258
1769099853.0141075,13.565180543158949,-6.842992109288737,-1.6725805403117056,0.6702206514722674,-0.742161894966381
1769099853.0641792,13.564571494133016,-6.849163443896101,-1.6646376977214647,0.6731627958626363,-0.7394943206451275
1769099853.1141431,13.563705725845965,-6.858539298072598,-1.6594328373852956,0.6750849964752179,-0.7377399592905721
1769099853.1644492,13.563173081165505,-6.86489570342812,-1.649743977753084,0.6786509903507171,-0.7344609133888548
1769099853.214157,13.56267051898541,-6.871203340584508,-1.6456469518522252,0.6801541180442822,-0.7330691479713253
1769099853.2641895,13.561971901135195,-6.880974047847838,-1.6400000149909162,0.6822212018073406,-0.7311458348404564
1769099853.3141022,13.561536565294078,-6.887464486301882,-1.633100856026227,0.6847392834005185,-0.7287881130809862
1769099853.364446,13.56112563184743,-6.893956268992677,-1.6333232111580704,0.6846582542803572,-0.7288642362235739
1769099853.414136,13.560538413039811,-6.903734117188134,-1.6275540821112353,0.6867578588626329,-0.7268862657186557
1769099853.4642222,13.560154078161059,-6.910202111014213,-1.6277314019359983,0.6866934104909298,-0.7269471507532961
1769099853.514138,13.559798744452957,-6.916646639744929,-1.6227161229704452,0.688514170906781,-0.725222887435682
1769099853.5641406,13.55930480909935,-6.926201339426042,-1.6167738849386326,0.690665852304477,-0.7231740319318237
1769099853.6141045,13.559009309469122,-6.932572763929486,-1.613243230743089,0.6919414141681066,-0.7219536545783537
1769099853.664178,13.558734488741592,-6.938995784675177,-1.6071377074133517,0.6941421389644676,-0.719837961567625
1769099853.7141597,13.558389935766412,-6.9484810389241956,-1.603403774064252,0.6954848419308047,-0.7185407675591438
1769099853.764158,13.558193330923315,-6.954881740865818,-1.5964163502784094,0.6979909667014319,-0.7161065635805893
1769099853.8141372,13.558027639365848,-6.961105901126206,-1.5913330837237583,0.6998087905393405,-0.7143302154353163
1769099853.864169,13.557821925802648,-6.970620400051323,-1.587165774723841,0.7012956876801686,-0.7128705060817142
1769099853.9141216,13.557709603415281,-6.977073586814515,-1.582625073499719,0.7029123448688819,-0.7112764831139367
1769099853.9641807,13.557637085452138,-6.9834008664164084,-1.5791804066177721,0.7041363569651049,-0.7100647792982767
1769099854.0143967,13.557555811193788,-6.993094518638976,-1.5758136976537953,0.7053306494801922,-0.7088784627168824
1769099854.064141,13.557537182388026,-6.999498215393808,-1.5665317263799896,0.7086129364781363,-0.705597410890823
1769099854.1141644,13.55753313291926,-7.006053392071588,-1.5667099113246987,0.7085500702480997,-0.705660540168864
1769099854.1641426,13.55757269298718,-7.015848544361034,-1.5636940181760388,0.7096133626521444,-0.7045912826210073
1769099854.2141645,13.557592260770287,-7.022378527679591,-1.5655463918148946,0.708960475225433,-0.705248214863482
1769099854.264155,13.557619776172954,-7.028857978819384,-1.5661578220222447,0.7087448370673337,-0.705464921828434
1769099854.314178,13.557653710500995,-7.038602509340126,-1.5653668835054033,0.7090237713271342,-0.7051845798746933
1769099854.3641493,13.557674739006536,-7.045006058132708,-1.5683029843187162,0.7079877611557858,-0.7062247022397461
1769099854.4141812,13.557704374981892,-7.051358987915768,-1.5651799109430615,0.7090896933126276,-0.7051182927976013
1769099854.4642398,13.557770047664686,-7.060799675005498,-1.5626132981896108,0.7099939919746938,-0.7042077331014184
1769099854.5141926,13.557847505647223,-7.067202923193768,-1.5568676707751141,0.712014117011369,-0.7021651495029646
1769099854.5642118,13.557921958502384,-7.073555408402228,-1.5576635083293202,0.7117346559512011,-0.7024484176920219
1769099854.6141584,13.558010203259583,-7.079907796811729,-1.5582733847624781,0.7115204194956438,-0.7026654201259253
1769099854.6641464,13.558140319350095,-7.089626249976975,-1.5564886149286943,0.7121471841250375,-0.7020301903357005
1769099854.7141778,13.558217618883774,-7.096054679142711,-1.5604358087983947,0.7107602734562668,-0.7034343136898944
1769099854.7641432,13.558284178294203,-7.102457936821689,-1.5598958536071301,0.7109501590557427,-0.7032423987066012
1769099854.8141847,13.55836089408323,-7.112176976673464,-1.5642094882764148,0.709431741215697,-0.7047741514525518
1769099854.864136,13.558408447430919,-7.118782887049853,-1.5625751268504489,0.7100074321214911,-0.7041941822624255
1769099854.914169,13.558450538142948,-7.125262303077687,-1.5597460418546671,0.7110028340492399,-0.7031891423891221
1769099854.9641366,13.55852907378014,-7.135006611786181,-1.5622322864122127,0.7101281348101793,-0.7040724622870971
1769099855.0141616,13.558576448968882,-7.141536606931843,-1.5609953044056495,0.7105634614429478,-0.7036331197877317
1769099855.0641217,13.558620478906557,-7.147889455657912,-1.5637522073475436,0.7095928625603125,-0.7046119282296187
1769099855.114192,13.55869915162621,-7.157405940963473,-1.5618056020352904,0.7102783270082778,-0.703920945974988
1769099855.1641247,13.558753129327338,-7.163758694439345,-1.5626636515603816,0.7099762621331331,-0.7042256081735914
1769099855.214255,13.558813589738053,-7.169984832748332,-1.5631437971030484,0.7098071762816409,-0.7043960338467867
1769099855.2641237,13.558897797203748,-7.179551901354294,-1.5621248033593564,0.7101659717135216,-0.7040342979004571
1769099855.3142147,13.558967459092539,-7.185955142391872,-1.5611824891747643,0.710497603629407,-0.7036996200346212
1769099855.364173,13.559044127738089,-7.192333001639405,-1.558633369115327,0.7113939336924313,-0.702793476851919
1769099855.4143257,13.559148346678029,-7.20164673948211,-1.55980481124121,0.7109821707450206,-0.7032100346857248
1769099855.4641502,13.559224145447425,-7.208125836660285,-1.5588948669175302,0.7113020381371558,-0.7028864848195107
1769099855.5141625,13.559275952467399,-7.214579872719091,-1.5606937327478247,0.7106695512679476,-0.7035259688885791
1769099855.5641246,13.559348718997569,-7.224298938425748,-1.56438880512496,0.7093685494244636,-0.7048377551518026
1769099855.6141777,13.55937541217629,-7.2307025308486015,-1.5649090820089748,0.7091851700288411,-0.7050222653300844
1769099855.6641579,13.559393186886021,-7.237232732520447,-1.5671741712004934,0.7083862462223398,-0.7058249968391759
1769099855.7141714,13.559437250887765,-7.2469772299768485,-1.5628287526188995,0.7099181255174282,-0.704284214690221
1769099855.7641525,13.55946643258294,-7.253254236626061,-1.562732974604776,0.7099518521750982,-0.7042502166085202
1769099855.814181,13.55953523451015,-7.259708121585138,-1.5615168740614171,0.7103799404407326,-0.7038184000290282
1769099855.8642538,13.559644470851312,-7.269199039754578,-1.5568411961128266,0.7120234117415883,-0.7021557242747998
1769099855.9141786,13.559737707074717,-7.2754754173416005,-1.5576444782920904,0.7117413397287528,-0.7024416454917235
1769099855.9641988,13.559831599569224,-7.281777108540863,-1.5552027241095405,0.7125984039889317,-0.7015721735020761
1769099856.014183,13.559966510975979,-7.291368883471186,-1.5589574095888779,0.7112800575901621,-0.702908727840632
1769099856.064229,13.560054208265722,-7.297797209404065,-1.5566175486008542,0.7121019249800332,-0.7020760987526432
1769099856.1142266,13.560157238337421,-7.307085664910629,-1.558873004455664,0.7113097215091435,-0.7028787093706742
1769099856.1641295,13.560229056857104,-7.313640743776846,-1.5601621299805122,0.7108565243371792,-0.7033370470885671
1769099856.2142265,13.560288636433189,-7.320120020660029,-1.561681985000217,0.7103218339616482,-0.7038770433799931
1769099856.2641337,13.560381435327024,-7.329889500318899,-1.564316016494641,0.7093942010420594,-0.7048119377024613
1769099856.3142028,13.56044346327361,-7.336419343306021,-1.562652317423334,0.7099802530165101,-0.7042215846781553
1769099856.364133,13.560485243982003,-7.342898762652729,-1.5660364461657692,0.7087876489666953,-0.7054219082735272
1769099856.4142177,13.560541167375227,-7.352440708461393,-1.5656763723804628,0.7089146394473171,-0.7052942889158258
1769099856.4641323,13.560574289149471,-7.358793603508688,-1.5675140200614077,0.7082662990852439,-0.705945358777924
1769099856.5142176,13.560619036591463,-7.365095793739463,-1.5668185067240248,0.7085117534595565,-0.7056990117675273
1769099856.5641344,13.56068285177846,-7.374637709843332,-1.5632666588970365,0.7097639032621507,-0.7044396366091821
1769099856.614401,13.560776234674734,-7.3809902022368385,-1.558021527024228,0.7116088997154658,-0.7025758135929133
1769099856.6641457,13.560857067214132,-7.387317357545059,-1.5544746669397869,0.7128537490931667,-0.701312720834163
1769099856.7142062,13.560987188433181,-7.396807897014412,-1.5553470231868949,0.7125477840255733,-0.7016235853221049
1769099856.7641356,13.561076976124722,-7.403210851785898,-1.5537656431085187,0.7131023280088151,-0.701059961621264
1769099856.8142428,13.561141767923054,-7.409664762774828,-1.5565157000817287,0.7121376767621634,-0.702039834579056
1769099856.8701777,13.561214211660262,-7.4193839555943155,-1.558534619137166,0.7114286332455126,-0.7027583509275588
1769099856.914178,13.561293349497985,-7.425837695463224,-1.5583473193119164,0.7114944433838537,-0.7026917226166111
1769099856.9641373,13.56132164752343,-7.4323933217823015,-1.5642803742482567,0.7094067614697788,-0.7047992953890919
1769099857.0141869,13.56138331908083,-7.442188370409241,-1.5611571547552892,0.7105065174830834,-0.703690619956001
1769099857.064139,13.561414927070956,-7.448541365093891,-1.563746870071294,0.7095947429120407,-0.7046100345805436
1769099857.1141906,13.56148735246927,-7.455071113329408,-1.5611285949675364,0.7105165660380162,-0.7036804739265865
1769099857.1702302,13.561592414235548,-7.464637981754325,-1.5578407178753588,0.7116724128748301,-0.7025114780221868
1769099857.2141886,13.56166924372616,-7.470965180575139,-1.560410789360033,0.7107690731663785,-0.7034254222234275
1769099857.2641952,13.561762396916864,-7.477292214980519,-1.556138198904459,0.7122701745078107,-0.7019054056684653
1769099857.3141942,13.561850511792354,-7.4836192642206125,-1.5588182827717505,0.7113289525961743,-0.702859247074711
1769099857.3642576,13.561989142194996,-7.493109792099771,-1.5551150830534304,0.712629146567854,-0.7015409463901392
1769099857.4142075,13.562082170768646,-7.499563335264801,-1.5551504405215562,0.7126167441006673,-0.7015535446616772
1769099857.4712336,13.562185817038111,-7.506042045739707,-1.555610223136736,0.7124554442094594,-0.7017173505167889
1769099857.5142002,13.562339962836718,-7.515633567109494,-1.5526637678709203,0.713488460070389,-0.7006669803454312
1769099857.5652494,13.562440203657898,-7.522238882490948,-1.5564678927060713,0.7121544578997582,-0.7020228116617733
1769099857.6142063,13.562535706926333,-7.528743026750859,-1.5561210372896672,0.7122761973966846,-0.7018992937894433
1769099857.6652055,13.562656511362949,-7.538512233411417,-1.5622662410424533,0.7101161814477803,-0.7040845182547498
1769099857.714214,13.562727029004844,-7.545117913690531,-1.5624892747587877,0.7100376597390773,-0.7041637038020735
1769099857.7722254,13.562778699916608,-7.551496000996969,-1.5634643714600203,0.7096942615111466,-0.7045097977871906
1769099857.8142183,13.562853602976586,-7.5611137611249,-1.5647887129205724,0.709227600188108,-0.7049795820670391
1769099857.8661923,13.562918303816327,-7.567466401873077,-1.5586844773933635,0.7113759741779495,-0.7028116556819283
1769099857.9144044,13.56299247491821,-7.573844258995743,-1.5576717495949095,0.7117317614131723,-0.7024513504832226
1769099857.966246,13.563126104462587,-7.583360157057996,-1.5522939788633159,0.7136179973476623,-0.7005350482748968
1769099858.0144472,13.563227262037469,-7.589712287506581,-1.5524806753261255,0.7135526005307685,-0.7006016602005576
1769099858.073255,13.56333470251368,-7.596013713579155,-1.5531594954305163,0.713314768188939,-0.7008438067669287
1769099858.1141958,13.56347618916809,-7.605554782833086,-1.554527147801984,0.7128353460996179,-0.7013314261823992
1769099858.1672356,13.563563850227032,-7.61195779738786,-1.5557510528164193,0.7124060311283835,-0.7017675162131009
1769099858.2142859,13.563634792073994,-7.618386376364877,-1.5555251811724335,0.712485281276315,-0.7016870555772069
1769099858.2642035,13.563744173111992,-7.628181077536311,-1.5602013185275623,0.7108427428222376,-0.7033509756707231
1769099858.314206,13.563803763026607,-7.634710992741094,-1.558471823511713,0.7114506979699321,-0.70273601327817
1769099858.3642051,13.563853952222836,-7.6411651101770355,-1.559943391844907,0.7109334434027288,-0.7032592971667982
1769099858.4142036,13.5639563302699,-7.65090919159216,-1.558675499032316,0.711379129219178,-0.7028084621796782
1769099858.4642403,13.56401740555653,-7.657489718275826,-1.5598241016041041,0.7109753881235695,-0.7032168922050576
1769099858.51421,13.564080051916944,-7.663867714460828,-1.5579180305457816,0.711645255823922,-0.702538988144647
1769099858.5642033,13.564193355858707,-7.673510422100584,-1.5611818846901018,0.7104978163171881,-0.7036994052921369
1769099858.6142194,13.564281452065115,-7.67986281093384,-1.5574798793662927,0.7117991478884454,-0.7023830671829175
1769099858.6642292,13.564366716480997,-7.686164596653148,-1.5574259969003865,0.7118180706959559,-0.7023638901813555
1769099858.7142098,13.56451263878618,-7.695680325777406,-1.5547258082740694,0.712765679167032,-0.7014022288256286
1769099858.764218,13.56462583356165,-7.701981703347446,-1.5500148588962188,0.7144158355319414,-0.6997213830812933
1769099858.814223,13.564748952629557,-7.708485345678285,-1.551123614506296,0.7140278157649164,-0.7001173318194477
1769099858.8644695,13.56494064325799,-7.718228074382678,-1.5517652821370227,0.7138031577050107,-0.7003463800508686
1769099858.9142332,13.565055706480209,-7.7246812677713335,-1.5520346119085207,0.713708839167763,-0.7004424979209959
1769099858.9643123,13.565147711974245,-7.731185503105756,-1.5558617286768794,0.7123671956757576,-0.7018069382138202
1769099859.0142248,13.565285434972726,-7.740979786100457,-1.5564030505895758,0.7121772178479406,-0.7019997224916595
1769099859.0642183,13.565349450479987,-7.747433795685846,-1.5598859414771002,0.7109536443620605,-0.7032388751827539
1769099859.1142268,13.565412062134532,-7.753887746277134,-1.5625589932469186,0.7100131126932623,-0.7041884547503068
1769099859.1642082,13.565516831800544,-7.763581113196717,-1.5606181326799153,0.710696144065736,-0.703499105052803
1769099859.214213,13.56557865883232,-7.769655363310235,-1.5595006171359174,0.7110891186945176,-0.7031018882596279
1769099859.2642083,13.565674666200497,-7.776007647846007,-1.5539066558414272,0.7130528970458272,-0.701110238132744
1769099859.3142145,13.565821373100517,-7.785244864819288,-1.5544934698777881,0.7128471556918584,-0.7013194226755932
1769099859.364235,13.56593451692595,-7.791495607909603,-1.5503087116749377,0.7143130202847604,-0.6998263420675614
1769099859.4142604,13.566037427625572,-7.7977970833335295,-1.55246335562147,0.7135586676109307,-0.7005954809141388
1769099859.4641926,13.566200518190858,-7.807287180086879,-1.5542742084790155,0.7129240375466896,-0.7012412685289752
1769099859.5142288,13.566300577039613,-7.813639375589704,-1.5536001059460742,0.713160351304521,-0.7010009367520218
1769099859.564198,13.566406603516967,-7.820092729106978,-1.5550628136399258,0.7126474808913895,-0.7015223217967883
1769099859.6142175,13.566580596006004,-7.829430775264254,-1.5489051842743584,0.7148039570781424,-0.6993248908378917
1769099859.664209,13.566721028498279,-7.835554372857669,-1.545106288221143,0.7161309980920404,-0.6979658971408976
1769099859.7142222,13.566983911413583,-7.845320813531353,-1.5414030575536395,0.7174221340913317,-0.69663870228106
1769099859.764202,13.567166124211308,-7.8517977513106,-1.5404725850108443,0.7177461580308608,-0.6963048561025109
1769099859.8142242,13.56739620318426,-7.858298746168632,-1.5330793417875288,0.7203152237488916,-0.6936468686843358
1769099859.8642058,13.56775888143836,-7.867909966662563,-1.5269092538388502,0.7224517236509546,-0.6914213671805094
1769099859.9142294,13.567979753221344,-7.874258888846298,-1.5301286997221053,0.7213377912834179,-0.6925834179839713
1769099859.9642057,13.56826472329832,-7.8806816264365205,-1.521594070854206,0.7242866857691648,-0.6894989462047924
1769099860.0142162,13.568715018579352,-7.890390327540764,-1.5192315216697747,0.725100667827991,-0.6886428838777043
1769099860.0642402,13.569038450701775,-7.896583032741089,-1.5112159989354053,0.7278547534549453,-0.685731330677723
1769099860.1142166,13.569422260608805,-7.9029751495198655,-1.5029320909896378,0.7306887694931422,-0.6827107162895554
1769099860.31423,13.571342530794183,-7.931612994401685,-1.4698419995545469,0.7418837276220301,-0.6705285487506415
1769099860.3641691,13.57208437843463,-7.941252183887344,-1.4700371839941078,0.7418182857196954,-0.6706009476371864
1769099860.4142349,13.572573545549576,-7.947713102622993,-1.4690740073682589,0.7421411532622744,-0.6702436188689463
1769099860.4642024,13.57312317507721,-7.95424517561436,-1.4693482983648494,0.7420492253880487,-0.6703453938836283
1769099860.5142379,13.574034624824286,-7.964073833191442,-1.465820449774453,0.7432305088849052,-0.6690354330397493
1769099860.5642054,13.574650497916183,-7.970472940946275,-1.4637290109410463,0.7439297257281305,-0.6682578568023488
1769099860.6144414,13.5753075723035,-7.976842581325174,-1.4583309089514565,0.7457306758550454,-0.6662475208875281
1769099860.6641717,13.576333070598176,-7.986380046043234,-1.4569429312659947,0.7461928645843356,-0.6657298317211144
1769099860.7144537,13.577035483433802,-7.992617600200338,-1.4566149279652594,0.7463020353399439,-0.6656074459074637
1769099860.7642074,13.57812873649616,-8.002071467796721,-1.4511869502831247,0.7481057357730444,-0.6635795416553105
1769099860.8142388,13.578921499489928,-8.008400606197236,-1.443802151978608,0.7505508309820192,-0.6608127193934756
1769099860.8642108,13.579735741423207,-8.014777748979371,-1.4375268807919128,0.7526205225966375,-0.6584545154878689
1769099860.9142458,13.580936152561568,-8.023886588786869,-1.432486469585582,0.7542775714899796,-0.6565556679727764
1769099860.964177,13.581818569118433,-8.030229097965503,-1.4282515335357324,0.755666115119059,-0.65495703863755
1769099861.0142436,13.582739068521947,-8.036642916196945,-1.42398905433733,0.7570602682529128,-0.6533450468418871
1769099861.064209,13.58411167974936,-8.046008965499652,-1.4194115793168283,0.7585536194023734,-0.6516106249068988
1769099861.1142502,13.585088534936455,-8.052337737534506,-1.41331289382316,0.760537073756529,-0.6492945090187163
1769099861.1642532,13.586104741787297,-8.05873708961844,-1.4076190763797167,0.7623824714279617,-0.6471267010867294
1769099861.2142508,13.587649585201508,-8.068460584959324,-1.4034257290430436,0.763737608216621,-0.6455268126077763
1769099861.2642128,13.588758528398671,-8.075024276018885,-1.3973643937364746,0.7656904750102282,-0.6432092167239296
1769099861.3142598,13.589811091616191,-8.081442994854667,-1.3974516173790583,0.765662422756656,-0.6432426092683909
1769099861.3643918,13.59094009065887,-8.087900497589308,-1.392179259906181,0.7673554628211975,-0.6412219535219188
1769099861.414251,13.592637863159931,-8.0973931220141,-1.3872985637265094,0.7689179811230901,-0.639347431609443
1769099861.464231,13.593813294758817,-8.1035080812472,-1.3761436073444788,0.7724719491706266,-0.6350488861060484
1769099861.5142455,13.595047021340926,-8.109765919555183,-1.3664033545302818,0.7755555445174626,-0.6312793338675218
1769099861.5641801,13.596855747394152,-8.118927881653638,-1.368263084687946,0.7749682047028391,-0.6320002228636146
1769099861.614255,13.598106082858514,-8.125207963248029,-1.3654352553625995,0.7758610241464947,-0.6309038525879773
1769099861.6641846,13.599401587189064,-8.13142745300039,-1.3612375824281613,0.7771834783097307,-0.6292740587712069
1769099861.7142618,13.601397092192139,-8.140991173152083,-1.3588508751650104,0.7779338712241182,-0.6283461561927925
1769099861.7642236,13.60276082905979,-8.147428970868337,-1.3551257564517685,0.779102853184413,-0.6268961191137707
1769099861.8142598,13.604099359823707,-8.153639204990995,-1.3533021343400848,0.7796741400446786,-0.6261854640165252
1769099861.864467,13.60617996072729,-8.163158990270787,-1.3529917459523235,0.7797713110032778,-0.6260644555764442
1769099861.9144635,13.607568857293456,-8.169410187805687,-1.3436001442559418,0.7827025770248734,-0.6223959157309936
1769099861.9641888,13.60901076495197,-8.175753024185543,-1.3408264834131802,0.7835649816529958,-0.6213098418077251
1769099862.0142655,13.611232926128281,-8.185266840876476,-1.3356127492646528,0.7851819895313557,-0.6192650832362359
1769099862.0642056,13.612720513906035,-8.191573140687723,-1.331749322932308,0.7863767663430004,-0.617747182394162
1769099862.1142647,13.614261162327427,-8.197892909882007,-1.327736701191837,0.787614575704506,-0.6161682238949124
1769099862.165496,13.616599842549254,-8.20730061881105,-1.3203990306890894,0.7898698895548465,-0.613274455341664
1769099862.2142572,13.618165937380796,-8.213509581747449,-1.3180999656317265,0.7905743464581427,-0.6123660692121017
1769099862.2641907,13.61974168308717,-8.219559614577587,-1.312771772506765,0.7922029413546504,-0.6102577321993063
1769099862.3142588,13.622158761060883,-8.228738156700492,-1.3080439792301646,0.7936433127958775,-0.6083833430119409
1769099862.3642194,13.623760587839682,-8.234702591905796,-1.3011650934729198,0.7957311141236109,-0.6056500590403645
1769099862.4142635,13.62545513754112,-8.240877795088714,-1.2943099484807965,0.7978023453227657,-0.6029190806381023
1769099862.4665089,13.628006165968879,-8.250019675962076,-1.2959748551287895,0.7973001669580206,-0.6035830048706744
1769099862.5142634,13.6297854564901,-8.256355301577194,-1.2897681639251368,0.7991694513171461,-0.6011058043984033
1769099862.5642,13.631568569935858,-8.262584536587289,-1.2864868491192638,0.8001545839780149,-0.5997938326950103
1769099862.6142464,13.63431899249965,-8.272064649532131,-1.2857021222642147,0.800389859544459,-0.599479835139099
1769099862.664196,13.636168109644993,-8.278301304490661,-1.2785899194073327,0.8025166053467563,-0.596629783150924
1769099862.7142572,13.638027236996827,-8.284508332237964,-1.2726976654350795,0.8042708671240365,-0.5942628814721229
1769099862.7674906,13.640847850711873,-8.293756275476142,-1.2698672300620752,0.8051110727703525,-0.5931240683892133
1769099862.8142633,13.642706728407619,-8.29977818552546,-1.2619019805595946,0.8074668720754586,-0.58991291772657
1769099862.8641908,13.644670046229892,-8.305953041117958,-1.257693820063867,0.8087063078884472,-0.588212638066742
1769099862.9142492,13.647645157165627,-8.315099536780224,-1.2478091515573841,0.8116035625423751,-0.5842085734294945
1769099862.9641938,13.649645386801977,-8.321182376460204,-1.246325907026702,0.8120366013958935,-0.5836065095536604
1769099863.0143101,13.651679843171385,-8.327200906497335,-1.2431389786876124,0.8129655261321923,-0.5823118179468864
1769099863.0685177,13.654757966540311,-8.33623299728005,-1.2380877078851706,0.8144336390258181,-0.5802567083827325
1769099863.1142864,13.656814662341185,-8.342190308260209,-1.2383960388281965,0.814344173798807,-0.5803822590327331
1769099863.1645484,13.6589117723554,-8.348214131731439,-1.2320405761733997,0.8161843579705954,-0.5777915660548594
1769099863.214281,13.662091674686081,-8.357291191834408,-1.2315267835033696,0.816332763572345,-0.5775818722210193
1769099863.264522,13.664279097537918,-8.363363849965657,-1.2245019521439584,0.818356431455708,-0.5747110152894923
1769099863.3142676,13.66647834590851,-8.369458740453787,-1.2190492120566088,0.8199202629523439,-0.5724777396547043
1769099863.369547,13.669905473160409,-8.378743051391924,-1.2145286693423745,0.8212121224737714,-0.5706230366030831
1769099863.414273,13.672191880700092,-8.384886869316091,-1.2113872311042733,0.8221073975885401,-0.5693324396433054
1769099863.4655306,13.67449188492695,-8.390971649451656,-1.2043619158906018,0.8241021915116755,-0.5664411513525952
1769099863.5142639,13.677945107127332,-8.400056551820947,-1.2050384184741765,0.8239105449197753,-0.5667198725737426
1769099863.564453,13.680263480733842,-8.406080105529004,-1.1997517193868288,0.8254057034397092,-0.5645400116282271
1769099863.6142704,13.68253078778646,-8.411879149678684,-1.1939643234306623,0.8270358536901125,-0.5621491765635408
1769099863.664392,13.684891936306613,-8.417831609505024,-1.188383118755408,0.8286013662074432,-0.5598390625163259
1769099863.7142699,13.688316198852275,-8.42635739037283,-1.1823331688455558,0.8302910717231039,-0.5573300065642434
1769099863.7642798,13.690726027093612,-8.432181155866175,-1.1766419730160307,0.8318736450786763,-0.5549650787423623
1769099863.8142676,13.694418515409325,-8.440980264878398,-1.1665671334037668,0.834658670711347,-0.550767558418583
1769099863.8642604,13.696849725720218,-8.446712182985687,-1.1665684312506226,0.8346583133051992,-0.5507681000480328
1769099863.9142697,13.699292253960463,-8.452357215389545,-1.161131898221316,0.8361523623132784,-0.5484972442938287
1769099863.9642556,13.70318184564489,-8.461319478489212,-1.1562516143266122,0.8374882827721438,-0.5464552829091927
1769099864.014271,13.705730462494794,-8.46711119501769,-1.1513015553043413,0.8388382092135743,-0.5443808030812288
1769099864.0642567,13.708360006397905,-8.473143421845194,-1.1505333888787683,0.8390472348635907,-0.5440585792612432
1769099864.1143415,13.71229724739712,-8.48202934446712,-1.1463081582327224,0.8401947481063697,-0.5422847824293744
1769099864.1642668,13.714967857303447,-8.487932940036679,-1.1410730002028082,0.8416113413641217,-0.5400836510090671
1769099864.2143364,13.717540817902453,-8.493547249620866,-1.1359044486522736,0.8430042545652577,-0.5379068941600156
1769099864.264263,13.72138558553449,-8.501947254806005,-1.1346988957747643,0.8433283389993261,-0.5373986533669746
1769099864.3143258,13.72409225087771,-8.507778557431886,-1.129083064029868,0.8448339826618337,-0.5350285429206038
1769099864.3642519,13.72801040310501,-8.516116799343926,-1.124304210081573,0.8461099813476812,-0.5330083483997473
1769099864.4142666,13.730700330279948,-8.521788099302633,-1.1225475656990451,0.8465778079823197,-0.5322649857278333
1769099864.4642713,13.733262038010736,-8.527128093437218,-1.1157879233290915,0.8483719297266296,-0.529400669485707
1769099864.5142686,13.737489764319813,-8.535767166959676,-1.1121896937107865,0.8493230087865177,-0.5278734950211241
1769099864.56427,13.740352462747031,-8.541523751936289,-1.1030642548815102,0.8517226983124252,-0.5239927911521317
1769099864.6142862,13.74309782166679,-8.546999019352826,-1.0999176405706548,0.8525460454476077,-0.5226521217709209
1769099864.66429,13.747463550904566,-8.555540935056614,-1.0966171219887875,0.8534073956831845,-0.5212444886934006
1769099864.714285,13.750409911450154,-8.561255080474913,-1.0922380429155738,0.8545466345352246,-0.5193746715084605
1769099864.7644763,13.753395694812102,-8.56700571114036,-1.0921553901774428,0.8545680976748498,-0.5193393557553562
1769099864.8142905,13.757862733053411,-8.575580739307908,-1.0880661939528171,0.8556281509917754,-0.5175910231354439
1769099864.8642929,13.760869211966511,-8.581349013999048,-1.089448003550686,0.8552703406816544,-0.5181820571481481
1769099864.9142864,13.763961439431998,-8.587243989401228,-1.0835883290646522,0.8567848568046424,-0.5156740338142384
1769099864.9642816,13.768645955704862,-8.596076332113437,-1.0801913134920114,0.8576594968638246,-0.5142180349222412
1769099865.014283,13.771607761725065,-8.60161072198081,-1.0750678981607298,0.8589739575772432,-0.512019277180155
1769099865.064261,13.7747223133444,-8.607379024760348,-1.0704369368369313,0.860157224580445,-0.5100289687871328
1769099865.1143005,13.779191181902869,-8.615551299307127,-1.06419067822879,0.8617459134531756,-0.5073401035269653
1769099865.164253,13.782237008903282,-8.621097458745247,-1.066160091136383,0.861245914665149,-0.5081884241820064
1769099865.2142832,13.785264102568872,-8.626567499264754,-1.0620276064020113,0.8622941158878341,-0.5064077978321607
1769099865.2642636,13.789844987370584,-8.634822430532259,-1.0632686703901797,0.8619797076499307,-0.5069427813863611
1769099865.31503,13.793011767595178,-8.640504408676941,-1.060670378609063,0.8626375726798846,-0.5058225165025344
1769099865.3642933,13.796098356213518,-8.646057123207756,-1.0611326057837627,0.8625206471863325,-0.5060218702558914
1769099865.4145498,13.800879495822633,-8.654635195758035,-1.0650618998104928,0.8615248288753816,-0.507715441198359
1769099865.4642842,13.804055627367848,-8.660311992297805,-1.0598551328794166,0.862843685831068,-0.5054708436907686
1769099865.5143397,13.80725462786213,-8.666033906402294,-1.0633338983057665,0.8619631737810268,-0.5069708936865501
1769099865.5642674,13.811948873877272,-8.674428652736433,-1.062858520927659,0.8620836506783028,-0.506766000470799
1769099865.614298,13.815087256856879,-8.680068472631318,-1.063796647659812,0.8618458504830147,-0.5071703165655588
1769099865.6642625,13.818255905486405,-8.68574938747005,-1.0623510766336393,0.8622122006863081,-0.5065472544468813
1769099865.714267,13.822903003833312,-8.694112422999648,-1.063084221278248,0.8620264565570502,-0.5068632835348166
1769099865.7642648,13.826040230499196,-8.699752886595203,-1.0621547318894922,0.862261925476844,-0.5064626065890409
1769099865.8143024,13.829203801926214,-8.705436620098606,-1.0609515639715623,0.86256644921071,-0.5059437920323043
1769099865.864273,13.833863057892913,-8.71376390137892,-1.0566597968330365,0.8636501588685067,-0.5040916613934445
1769099865.9142947,13.837032361829166,-8.719357367597844,-1.052082690677986,0.8648015367123643,-0.5021138338065716
1769099865.9643533,13.840099643726324,-8.724775788466498,-1.0511223034219965,0.8650425488610928,-0.5016985037449324
1769099866.014295,13.844865379187969,-8.733130074952319,-1.054944458496475,0.8640821850425109,-0.5033507499668198
1769099866.0643206,13.847989756252781,-8.738603514685279,-1.0520016426408478,0.8648218836725968,-0.5020787881607641
1769099866.1142757,13.851192810805834,-8.744235973206662,-1.051307558597603,0.8649960740279765,-0.501778628397212
1769099866.1643128,13.856030392207098,-8.752695010627695,-1.0501893184148277,0.8652764933204348,-0.5012949133066199
1769099866.2143123,13.859246016794625,-8.758378587436448,-1.0525592381704043,0.8646818716200072,-0.5023198790529013
1769099866.2642937,13.862572863666871,-8.76420271192298,-1.0509382420096915,0.8650887168652986,-0.5016188911438155
1769099866.3143194,13.867408035044944,-8.772663122453052,-1.0464136627838505,0.8662213093630845,-0.4996605279640402
1769099866.3643067,13.8706447462824,-8.778334673706775,-1.0509352699135117,0.8650894622941385,-0.5016176055798264
1769099866.414305,13.873797813772704,-8.783791636230745,-1.048710401301414,0.8656469435335998,-0.5006549402042654
1769099866.4642718,13.878532168221133,-8.791959717809132,-1.0432112350939855,0.8670202619303381,-0.498272882467276
1769099866.5144353,13.88175605141271,-8.79749259385286,-1.0387803627123384,0.8681220250689128,-0.49635083317170936
1769099866.5642972,13.884894137219385,-8.8028995867835,-1.0406089418324669,0.8676678539046395,-0.49714434050939077
1769099866.6143842,13.889613307886796,-8.810900657467812,-1.0359608829837315,0.8688208877551807,-0.49512651413583136
1769099866.6642792,13.892830579876899,-8.81634934096451,-1.032307431155376,0.8697238980905476,-0.49353859128763455
1769099866.7143762,13.896167989422418,-8.821962170365287,-1.0293878315548255,0.8704434386742791,-0.49226844309674833
1769099866.7643015,13.901124595150133,-8.830204691494101,-1.0259874775688587,0.8712791237000067,-0.4907878244257373
1769099866.8143063,13.904345504591914,-8.83562173574191,-1.0298099523311586,0.8703395209187695,-0.492452148261013
1769099866.8646019,13.907639492822007,-8.841113154846228,-1.027188164860337,0.8709843253559696,-0.4913108028368668
1769099866.9142992,13.91262115711039,-8.849429150581342,-1.0268721709213937,0.8710619401023542,-0.4911731838212696
1769099866.964321,13.916017342872921,-8.855095383956783,-1.0287526759271257,0.8705997283130603,-0.49199198475302974
1769099867.024162,13.919273529641217,-8.86058000428397,-1.0337274140980628,0.8693732707207611,-0.49415596339241546
1769099867.0643227,13.924116623023851,-8.868713473864405,-1.0360780575015585,0.8687918781588193,-0.4951774151203499
1769099867.1142356,13.927403079724664,-8.874179915826966,-1.0318468490087263,0.8698375325589988,-0.4933382885522599
1769099867.1643074,13.930739471018375,-8.879734470965225,-1.0328708179913577,0.8695848370128867,-0.4937835672005208
1769099867.2157416,13.935661012149776,-8.887939022595003,-1.031604914165605,0.8698972040553593,-0.4932330629394877
1769099867.2642894,13.938808114471119,-8.893193893829446,-1.030118968902954,0.8702634225930327,-0.49258661704989576
1769099867.3240175,13.942088054061939,-8.898664229698099,-1.032223425416058,0.8697446273604618,-0.493502059952754
1769099867.3642893,13.946896260449519,-8.90675959109234,-1.0346167992617759,0.8691534372768734,-0.4945425183639886
1769099867.4259222,13.949989014206263,-8.912017399031575,-1.0426341333183051,0.8671640029162122,-0.49802268226089
1769099867.4643302,13.954665536007713,-8.920072786909268,-1.0480263456348966,0.8658181308216651,-0.5003588355775064
1769099867.5172408,13.957861708508482,-8.925651052996995,-1.0552974519605416,0.8639933318219827,-0.5035032498079325
1769099867.5643218,13.960970222620292,-8.931162696727315,-1.0634841135153503,0.8619250939803059,-0.5070356322459407
1769099867.6144693,13.965701802491477,-8.939681516377968,-1.0704728148287956,0.8601480750344465,-0.5100443990620191
1769099867.6643178,13.968710933455567,-8.945161280226024,-1.0728099491513619,0.85955146674736,-0.5110491913822602
1769099867.7143497,13.971749641829454,-8.950798290748109,-1.0803303611827033,0.8576237443759428,-0.5142776614656595
1769099867.7643309,13.976112672815146,-8.958970219861568,-1.0850317866833494,0.856412456884134,-0.5162922657697684
1769099867.8143163,13.979102021250341,-8.964633257717487,-1.0923359185472312,0.8545212164499333,-0.519416490532334
1769099867.8643208,13.983340618989233,-8.972756123042949,-1.0970875487286909,0.8532847684040381,-0.5214452071020186
1769099867.9143262,13.98623811574543,-8.978352669290933,-1.0985079406528717,0.8529142249654804,-0.522051074945291
1769099867.9643195,13.989127416153924,-8.983953504829458,-1.09920796081626,0.8527314495858158,-0.5223495715392837
1769099868.0143154,13.993307319532802,-8.99213537047525,-1.0989751828010585,0.8527922395582095,-0.5222503194343623
1769099868.0643938,13.996216404997572,-8.997868544698333,-1.1063313701549642,0.8508655898522925,-0.5253834295115428
1769099868.1143215,13.998903372533348,-9.003174880498342,-1.1046038048270224,0.8513190894701026,-0.5246482706573953
1769099868.164403,14.003227339294048,-9.011822967611744,-1.1122385274171027,0.8493101195237291,-0.527894232658957
1769099868.214324,14.00594384779092,-9.01731277607092,-1.1161677115323787,0.848271384366644,-0.5295617607651607
1769099868.264357,14.010197451832832,-9.026080269969109,-1.122569021442683,0.8465720978630641,-0.5322740676754134
1769099868.3143225,14.01303768129465,-9.03201671448532,-1.1289884379734771,0.8448592955367709,-0.5349885706677399
1769099868.3643334,14.015710246520392,-9.037809077773334,-1.1349235360666716,0.8432679729846343,-0.5374933727390376
1769099868.4143405,14.019835125933689,-9.046665533278583,-1.138595547804628,0.8422797112591692,-0.5390407108940571
1769099868.464322,14.022536045644832,-9.052611449764019,-1.1461347548039034,0.8402417619686949,-0.5422119340661389
1769099868.5143301,14.02513206073153,-9.058326396601537,-1.146904797688688,0.8400329364735629,-0.5425354049641397
1769099868.5643194,14.029032263589077,-9.067035329510666,-1.150164847740242,0.8391474746019423,-0.5439039583135818
1769099868.6144116,14.031574755438083,-9.072774656661498,-1.1579093399184235,0.8370350586875003,-0.5471492579982293
1769099868.6643302,14.03411820998679,-9.07859634995951,-1.1617027202436538,0.8359957811060328,-0.5487358690416675
1769099868.7143574,14.036587325281566,-9.084367799236729,-1.171822448431237,0.833208562379767,-0.552958851612886
1769099868.7643237,14.04035841645275,-9.093270537666093,-1.1753411158825855,0.832234434228861,-0.554423887006835
1769099868.8143854,14.04283241135816,-9.099204397509633,-1.1832233306513886,0.8300429325496617,-0.5576994980492253
1769099868.8643305,14.045340078948072,-9.10531587519854,-1.1884091895618658,0.8285940684091214,-0.5598498636216858
1769099868.9143581,14.048989570868127,-9.114351127406074,-1.1889745220326127,0.8284357846554886,-0.5600840568184787
1769099868.9643383,14.05145667041839,-9.120479191846457,-1.1933847212300708,0.8271987304085611,-0.5619094770605536
1769099869.0143266,14.053863136486475,-9.126577091312848,-1.1993450347773138,0.8255204812415347,-0.5643721600599599
1769099869.0643475,14.057391389864668,-9.135660630424644,-1.2041368217669035,0.8241659375794503,-0.5663483974849629
1769099869.1143293,14.059680571002293,-9.141641155867642,-1.2104518179156298,0.8223735881974421,-0.5689478723356507
1769099869.1644435,14.061915506006663,-9.147588107875048,-1.2151371129672532,0.8210384885000692,-0.5708728408336848
1769099869.2143338,14.065211301958186,-9.15646204115209,-1.2202493602238347,0.8195765862958578,-0.5729696494541646
1769099869.264417,14.06735080694012,-9.162282277055564,-1.2270012329941238,0.8176376105520746,-0.5757332175675587
1769099869.3143344,14.069499492936197,-9.168206776946803,-1.2246280820458748,0.8183201857063589,-0.5747626237548074
1769099869.3643844,14.072721607740371,-9.177215533961954,-1.2314337903353378,0.816359618273955,-0.5775439149117602
1769099869.4143262,14.0748897727198,-9.183348377299803,-1.2327074787098173,0.8159916472680383,-0.5780636916368243
1769099869.4643333,14.077005142440372,-9.189446361770841,-1.2413894238199346,0.8134746082499779,-0.5816004313379978
1769099869.5143478,14.080136937354874,-9.198620572080195,-1.2474980633409145,0.81169442292563,-0.5840823262104654
1769099869.5643375,14.082211186493815,-9.204839325885978,-1.2523933953184525,0.8102623544512843,-0.5860673314211102
1769099869.6143284,14.084244105285295,-9.211018385154153,-1.25880628733095,0.8083789991471653,-0.5886623766963771
1769099869.6643252,14.08720859264065,-9.220248106822103,-1.2621869108754025,0.8073828218444661,-0.5900279476350822
1769099869.7143843,14.089145495593403,-9.226378494991211,-1.2690183676103421,0.8053627406211276,-0.5927823006966608
1769099869.7643142,14.09107132117788,-9.232485412296178,-1.2681289189713318,0.8056262856755221,-0.5924240776915317
1769099869.814407,14.093954369385123,-9.241740815962006,-1.272997869050419,0.804181658131298,-0.5943835972881454
1769099869.8643122,14.095882107190516,-9.248006399870514,-1.2753335923939075,0.8034869520555303,-0.5953223646701961
1769099869.914347,14.09770528860521,-9.253986366020627,-1.281400442373282,0.801677392380196,-0.597756939354525
1769099869.9643369,14.100420887025733,-9.263133988949551,-1.2838517063493289,0.800944160408383,-0.5987390515973636
1769099870.0143282,14.10216111360859,-9.269138953076034,-1.2936369452504792,0.7980051833944709,-0.602650584730121
1769099870.064325,14.103912300736523,-9.275298468997132,-1.2960706381208122,0.7972712595506193,-0.603621188076238
1769099870.1143258,14.10644600827593,-9.284498747045005,-1.3058257513955775,0.7943175909466844,-0.6075027281524387
1769099870.1643243,14.10810738083801,-9.290656989437213,-1.3118066886662116,0.7924973240502612,-0.6098753900373217
1769099870.214332,14.109779846885052,-9.296995611838486,-1.3194549034871823,0.7901593060829571,-0.6129015181988862
1769099870.2643886,14.112154407045795,-9.306263759469282,-1.327620612036493,0.7876503396020119,-0.6161225061015344
1769099870.3143256,14.113776989743439,-9.31269327137271,-1.329209030650369,0.7871607610124262,-0.6167478709507946
1769099870.3643446,14.115380766651464,-9.319179915759417,-1.3376351502208297,0.7845553870552164,-0.6200587428967029
1769099870.414339,14.117628041241286,-9.328505387561025,-1.3411242995471813,0.7834724549185527,-0.6214265140657393
1769099870.4643974,14.119083663788825,-9.334663203894015,-1.3442391559956968,0.782503677929088,-0.6226459620261341
1769099870.5143254,14.120533259956657,-9.34084839635199,-1.346552937947021,0.7817828209451463,-0.6235508165940041
1769099870.5643175,14.122603618573812,-9.349877708883726,-1.3457010341201567,0.7820483526791703,-0.6232177581486235
1769099870.6143253,14.124003022737494,-9.35604878800276,-1.3514040839838635,0.7802680546207345,-0.6254452517514019
1769099870.6643152,14.12537404519359,-9.362174242916446,-1.352435068633407,0.7799455387369465,-0.6258473908264972
1769099870.7143486,14.12745080578284,-9.37164333220769,-1.3598127818390215,0.7776315760808358,-0.6287202333964093
1769099870.7643056,14.128800061012646,-9.378006829011207,-1.3676867837441575,0.7751502836897004,-0.6317768891751082
1769099870.814349,14.130120020700693,-9.384350364092711,-1.3719281811548538,0.7738087331975763,-0.6334193274815367
1769099870.8643546,14.132049998681529,-9.394057099281126,-1.3777026617499686,0.7719766766378026,-0.635650855995061
1769099870.9144263,14.133245817995153,-9.400270967781005,-1.3874409622789556,0.7688724580997907,-0.6394021763925939
1769099870.9643402,14.134435093502114,-9.406666129252764,-1.3910883754944132,0.7677050981737609,-0.6408033101022623
1769099871.014381,14.136153075107016,-9.416232623865746,-1.3992687158173014,0.7650776892542273,-0.6439379856829476
1769099871.0643346,14.137268798703793,-9.422563773003548,-1.4007743743974208,0.7645926971187923,-0.6445137760456411
1769099871.1143415,14.138338004494432,-9.42890337680441,-1.4045692436715551,0.763368398724711,-0.6459633796342257
1769099871.164327,14.139933636340418,-9.438439524495173,-1.4082787143367954,0.762168995298098,-0.6473781140927517
1769099871.2143366,14.1409560066173,-9.444709755470237,-1.4100264676129637,0.7616029757410763,-0.648043908498751
1769099871.264333,14.141970710674066,-9.451083888025106,-1.4174346522512633,0.7591973420615526,-0.6508605041071964
1769099871.314353,14.1434461205113,-9.460459821309152,-1.4161692076700678,0.7596090040155168,-0.6503800127760344
1769099871.364372,14.14440038453145,-9.466664003175858,-1.4239233329884302,0.7570817372030507,-0.6533201689781288
1769099871.4143417,14.145349208751695,-9.472971201490337,-1.4268952354233135,0.7561100998224444,-0.6544444338112237
1769099871.4643767,14.14671121534316,-9.482466884197141,-1.4352544552850774,0.7533681810449562,-0.6575989536100358
1769099871.5143363,14.147616530405813,-9.488984947090447,-1.440780559509738,0.7515483274024068,-0.6596780363015314
1769099871.56435,14.14837124571264,-9.494936214241086,-1.4513557274989142,0.748049734555569,-0.6636426708940156
1769099871.6143558,14.149562553265811,-9.504760579859596,-1.4563635486370283,0.7463856894210331,-0.6655136381979629
1769099871.6643221,14.150332584986238,-9.511321461013123,-1.462598720020135,0.7443072698005845,-0.6678373216001033
1769099871.7143416,14.151053646110709,-9.517735011951276,-1.4644582301462228,0.7436860230528651,-0.6685290562988369
1769099871.7643304,14.152083026026164,-9.527297750238878,-1.4684719559283237,0.7423428802020402,-0.6700201849297821
1769099871.8143566,14.152746773365315,-9.5335394328294,-1.4708942428339569,0.7415308453805858,-0.6709187770133981
1769099871.8643303,14.153371656795162,-9.539785312140967,-1.4731723129476157,0.7407661645072015,-0.6717629712341174
1769099871.91439,14.154247354718564,-9.548829628906955,-1.479545675375984,0.7386217124757435,-0.6741201420068978
1769099871.9643602,14.15482040583996,-9.555055020622763,-1.4843123955745419,0.7370129451138787,-0.6758786272213131
1769099872.0143907,14.155333050609407,-9.561108041488428,-1.4917045759364918,0.7345098082524435,-0.6785980707170916
1769099872.0643451,14.156091780786515,-9.570416624529814,-1.4946826891701885,0.7334985233681472,-0.679691044678939
1769099872.1143637,14.156581206290669,-9.576826876894406,-1.4999312123150264,0.7317123126171907,-0.6816135940284661
1769099872.164357,14.157286874226019,-9.586571169530535,-1.5059482395388966,0.7296583605169525,-0.6838118724676495
1769099872.2143621,14.157730121773188,-9.592959192959507,-1.506581083211113,0.7294419509846134,-0.6840427180693913
1769099872.2643633,14.158160519373908,-9.599525822799622,-1.5131437450382026,0.7271934574999879,-0.6864325716115264
1769099872.3143413,14.158725898725438,-9.609177892516396,-1.5162652751010692,0.7261212122638492,-0.6875667131998742
1769099872.364384,14.159078629125062,-9.615622464074717,-1.5230478225581852,0.7237853143414442,-0.6900252305123754
1769099872.4143808,14.159396133293663,-9.622094137103405,-1.527848032122874,0.7221270983930547,-0.6917604019936582
1769099872.464419,14.159836585176759,-9.63165119812645,-1.5317271634133938,0.7207840262339157,-0.6931597128555771
1769099872.5143654,14.16013650618566,-9.638072842415388,-1.5281551410090748,0.7220208669966797,-0.691871279662166
1769099872.5643744,14.160434904182265,-9.644368056755082,-1.5297463621110954,0.7214701784465105,-0.6924455080454781
1769099872.614341,14.160884879933972,-9.653924828665083,-1.525155770025897,0.7230576439951667,-0.690787697820509
1769099872.6643493,14.16118753869666,-9.660245261845946,-1.52571069790096,0.7228659474902471,-0.6909882936483275
1769099872.714349,14.161495386739539,-9.666666809032487,-1.5244937852881681,0.7232862498398432,-0.6905483334225171
1769099872.7643545,14.161775407992595,-9.673064306767223,-1.5261957686727676,0.7226983371187139,-0.691163593894995
1769099872.8143642,14.16218518103635,-9.682775013354458,-1.532346167963918,0.7205694572065434,-0.6933827639486486
1769099872.8643405,14.162438938464508,-9.689401560683267,-1.534462652026763,0.7198352870845697,-0.6941449124411092
1769099872.9143326,14.16265710073975,-9.69577618968506,-1.5403492625468458,0.717789091681634,-0.6962605976664591
1769099872.9643636,14.162973416966945,-9.705591556435184,-1.5424142064625217,0.7170698396859574,-0.6970013235373053
1769099873.0144553,14.163158731789794,-9.71211908356183,-1.5450795882045945,0.7161403158787265,-0.6979563367239513
1769099873.0643458,14.16337424221484,-9.718594939877343,-1.543546125877519,0.7166752501993641,-0.6974070445239846
1769099873.114362,14.163671118145869,-9.728208373054482,-1.543634688221827,0.7166443674953377,-0.6974387790603612
1769099873.1643603,14.163878634335468,-9.734507332852123,-1.5443008594319816,0.7164120209274858,-0.6976774442896916
1769099873.2143104,14.164084924105282,-9.740932954711992,-1.5410508955659232,0.7175447878040925,-0.6965123670798531
1769099873.2643588,14.164368714695268,-9.750293610338687,-1.5416686325542943,0.7173296228547162,-0.6967339608308976
1769099873.3143399,14.164566172763399,-9.75661821139153,-1.539754818090801,0.717996004099588,-0.6960472240423236
1769099873.3643568,14.164748434335865,-9.762993902151907,-1.5443920694726794,0.7163802025884497,-0.6977101155489519
1769099873.4143493,14.16502402888232,-9.772633319928692,-1.5445725848666854,0.7163172259623516,-0.6977747715341973
1769099873.464359,14.16520148582355,-9.77916105964057,-1.545039515996611,0.7161543000607244,-0.6979419879220149
1769099873.5143442,14.16537910602204,-9.78553687460169,-1.544909814554288,0.7161995605960032,-0.6978955433315877
1769099873.5644732,14.165622673104128,-9.795278454893618,-1.5449934154261773,0.7161703876323573,-0.697925480175727
1769099873.614353,14.165752840099437,-9.801706169027158,-1.5518024317788712,0.7137901487732775,-0.7003596386958791
1769099873.6644344,14.165875695754849,-9.808235175679728,-1.5512599039306743,0.7139801048130118,-0.7001659874138423
1769099873.7143593,14.166034291582719,-9.81802926434542,-1.5533335045620267,0.713253788878123,-0.7009058657558817
1769099873.7644336,14.166136452126262,-9.824406774406325,-1.556223216789071,0.7122403366078862,-0.7019356828860355
1769099873.814368,14.166228203179738,-9.830936301608316,-1.556084758748143,0.7122889292208404,-0.701886373503168
1769099873.8643384,14.166382962477593,-9.840502461294836,-1.5567204325397936,0.7120658078606025,-0.7021127297491675
1769099873.914352,14.166508358558703,-9.846879531255675,-1.5489381963065432,0.7147924139128672,-0.6993366893082447
1769099873.9643705,14.166626675141275,-9.85315544106372,-1.5518876705752098,0.7137602992187143,-0.7003900593663587
1769099874.0143497,14.166811311683302,-9.862670470576116,-1.552469300533673,0.7135565851184664,-0.700597601932859
1769099874.064355,14.166920418812577,-9.868718740924828,-1.5529064892050033,0.7134034214042133,-0.7007535646208034
1769099874.1143415,14.167029836672212,-9.875070783446617,-1.5551430898346743,0.7126193225460733,-0.7015509255456625
1769099874.1643574,14.16716891486445,-9.884814431054293,-1.5543326019739978,0.7129035632785788,-0.7012620832931903
1769099874.2143445,14.167233481720832,-9.890888772133025,-1.561172892974257,0.7105009800425538,-0.7036962109877888
1769099874.2643633,14.16729393459683,-9.89751991211914,-1.5619390025607285,0.7102313737162951,-0.7039683201601222
1769099874.3143775,14.167368731360476,-9.907238971253514,-1.564936420402989,0.7091755328743476,-0.705031959256022
1769099874.3643692,14.16741495123858,-9.913363948698109,-1.5636003130626108,0.7096463737763032,-0.7045580346473549
1769099874.4143136,14.167451246306342,-9.92313392945716,-1.5657558942138445,0.708886595739488,-0.7053224754542278
1769099874.464368,14.167454732844764,-9.929107380384924,-1.5713001788807193,0.706928620136254,-0.7072848973590854
1769099874.51434,14.167450821210762,-9.935561607838256,-1.5727608147126286,0.7064118888247247,-0.7078009913295437
1769099874.5643613,14.16743527068344,-9.945002468439586,-1.574946061855818,0.7056381072649833,-0.7085724109612876
1769099874.614342,14.167434028438901,-9.951406005989123,-1.57125829983355,0.7069434301900609,-0.7072700944555131
1769099874.66439,14.167424475453538,-9.957733681982637,-1.5731607032668893,0.706270353947738,-0.7079422201949371
1769099874.7143602,14.167421652491152,-9.96727579292833,-1.572794330039505,0.7064000276347443,-0.7078128290428427
1769099874.7644153,14.167419433587336,-9.97337566365437,-1.572426708780521,0.7065301192223422,-0.7076829732526161
1769099874.814356,14.16741928910685,-9.979652714466285,-1.5724648388886384,0.7065166270797981,-0.7076964431589193
1769099874.8643894,14.167390406662681,-9.989270745794427,-1.5731791456240307,0.7062638258560808,-0.7079487328098918
1769099874.914356,14.167350903297024,-9.995750220929759,-1.5783118272817773,0.7044446643499659,-0.7097589132014221
1769099874.9643626,14.167256742530517,-10.002280003399271,-1.5835775895974455,0.7025735140137425,-0.711611170096691
1769099875.014385,14.167132197445234,-10.0120238217692,-1.5871442541909948,0.7013033583161399,-0.7128629599120043
1769099875.0643942,14.167038186597726,-10.018553244166721,-1.5894497566271855,0.7004811388944596,-0.7136709143948076
1769099875.1143844,14.166919352025031,-10.025158241794351,-1.590405453343753,0.7001400324590409,-0.7140055566648296
1769099875.1643956,14.166752639206795,-10.03474947496072,-1.5926642270846287,0.6993331976099453,-0.7147958300946147
1769099875.2143292,14.166660903181295,-10.04117769515878,-1.5859359844789858,0.7017338956711112,-0.7124391480444109
1769099875.2643776,14.166565588188357,-10.047555276798661,-1.5879670332687164,0.7010100346152993,-0.7131514084461006
1769099875.314368,14.166434432005325,-10.056919335195728,-1.588491690641186,0.7008229304249086,-0.7133352789471749
1769099875.3643718,14.166331696441118,-10.063322114818707,-1.5910363393167763,0.699914769584132,-0.7142263754006789
1769099875.4143286,14.166233977270563,-10.069573093302463,-1.5907448156468955,0.7000188690954307,-0.7141243469525138
1769099875.4643824,14.166052491343477,-10.079240063948662,-1.5891270734863796,0.7005962745628913,-0.7135578883794907
1769099875.514317,14.165925502345939,-10.085212062568385,-1.5964147691121624,0.6979915328429777,-0.7161060117604868
1769099875.564374,14.165777985741572,-10.091841759470823,-1.5950895822481104,0.6984658667286601,-0.7156433699930306
1769099875.6143186,14.165538699822072,-10.101482174273857,-1.598293415209388,0.6973185701311574,-0.7167613352785139
1769099875.6643758,14.165376410223674,-10.107959642529764,-1.5977187192204352,0.6975245012721305,-0.7165609325975465
1769099875.7143762,14.165187951557623,-10.114411163820185,-1.6024758238037768,0.695818152105527,-0.7182180025594247
1769099875.7644384,14.164881434312814,-10.12384710463924,-1.6097677915028044,0.6931949218501902,-0.720750164981673
1769099875.8143826,14.164643461142765,-10.130296863293049,-1.6117219905396256,0.692490346418448,-0.7214271412396804
1769099875.8644776,14.164274661413598,-10.13985708951557,-1.611330866673321,0.6926314168619552,-0.7212917026944096
1769099875.9143217,14.164056263726975,-10.145851690807163,-1.6070421464357643,0.6941765323817559,-0.7198047942952596
1769099875.964423,14.163825061239857,-10.152251118874155,-1.6083963807165007,0.6936889811193956,-0.720274668077071
1769099876.0143514,14.163466361215532,-10.161786503319924,-1.6097778603753627,0.6931912932706266,-0.7207536548182022
1769099876.0643706,14.163241502883526,-10.168262150326035,-1.6082355470707754,0.6937469010767318,-0.720218881484255
1769099876.1143496,14.163033447318035,-10.17443448735452,-1.6073659752698255,0.6940599765092584,-0.7199171820480239
1769099876.164408,14.162689354158307,-10.18389442895114,-1.6111325930552174,0.6927029200160109,-0.7212230338815393
1769099876.214336,14.162429085408116,-10.190343404162014,-1.6149581922396623,0.6913220985010287,-0.7225467155306528
1769099876.2644086,14.162172094102429,-10.196792470548639,-1.615553787983987,0.6911068949753296,-0.7227525577385103
1769099876.3182845,14.161742293175468,-10.206603586147923,-1.618267853058109,0.6901254601897967,-0.7236897465059329
1769099876.364391,14.161459546910052,-10.213026240060255,-1.6202742312500817,0.6893991153819107,-0.7243817085698941
1769099876.4143412,14.161144138237598,-10.219650098528897,-1.6217820260468074,0.6888528100342542,-0.7249012388649309
1769099876.4643888,14.160671353799145,-10.229332505819398,-1.6236235436960862,0.6881850589123012,-0.7255351987945675
1769099876.514332,14.160369561503257,-10.23585566901106,-1.6173709528060034,0.6904499295422554,-0.7233801868969696
1769099876.5643904,14.160057362573385,-10.242251658339892,-1.6210872504480616,0.6891045903105346,-0.7246618960680562
1769099876.6202457,14.159597569684765,-10.25180803773309,-1.6229805349992117,0.6884182860624996,-0.72531390681192
1769099876.6644025,14.159278030996585,-10.258254336381416,-1.6233054528389124,0.688300443264487,-0.7254257369310181
1769099876.7143292,14.158983043821676,-10.264448454278465,-1.6226871584159108,0.6885246737135139,-0.7252129161065041
1769099876.76439,14.158497806676202,-10.273978234034844,-1.6194215432652082,0.6897078885064725,-0.7240877215724234
1769099876.8143296,14.158175946643228,-10.280297714661359,-1.622494316859973,0.6885945961063742,-0.7251465246507767
1769099876.8644216,14.157851209106735,-10.286845134653845,-1.6172218959088414,0.6905038400277206,-0.7233287267259417
1769099876.9202888,14.157523594822074,-10.293189669653785,-1.623371548572914,0.6882764691153507,-0.7254484833963786
1769099876.9644449,14.157019620395209,-10.302921233148504,-1.6253893930818173,0.687544197813589,-0.726142531499752
1769099877.0142815,14.156652041184056,-10.309441070697579,-1.6286652869638032,0.6863538931115135,-0.7272677178389463
1769099877.0644186,14.15628395205594,-10.315834078728017,-1.6328473989729284,0.6848316361455842,-0.7287013312284822
1769099877.114271,14.15564943130839,-10.325710307117829,-1.6344651523215181,0.6842419826641873,-0.729255037116496
1769099877.1644187,14.15521098094316,-10.332124441863256,-1.6415591483709637,0.6816510176255162,-0.7316774495432385
1769099877.222632,14.154758057583127,-10.33861345304986,-1.6402437183942338,0.6821321053786704,-0.7312289592266313
1769099877.2643883,14.154082558932938,-10.348283894554314,-1.6399849193532055,0.6822267203442259,-0.7311406855375793
1769099877.315285,14.153659577010158,-10.35457201757324,-1.6376274093035181,0.6830880819371121,-0.7303359996025646
1769099877.3644142,14.153048730951665,-10.363815563354144,-1.6338587793935184,0.684463051468401,-0.7290475506951278
1769099877.4144104,14.152647457808321,-10.37000367947441,-1.6350894200167785,0.6840143241552388,-0.7294685766710256
1769099877.4643922,14.152239226611924,-10.376343532102037,-1.636102294289072,0.6836448064766453,-0.7298148933650985
1769099877.514459,14.151596855430466,-10.385787945290327,-1.6409535078672053,0.68187255311796,-0.7314709982660931
1769099877.5644295,14.151137614598209,-10.392149728608317,-1.644534117698513,0.6805619049278401,-0.7326905851455917
1769099877.6144447,14.15063946304374,-10.398559461190578,-1.6519041484125996,0.6778573141953601,-0.7351934858197894
1769099877.6644027,14.15010695141603,-10.405017137561853,-1.6554407488168035,0.6765562122924523,-0.7363909909881369
1769099877.7144575,14.14924319935637,-10.414799896409457,-1.6606622232905521,0.6746313854103675,-0.7381547898776301
1769099877.764389,14.14864305686739,-10.42125174777534,-1.6680405056695136,0.6719036435664024,-0.7406385716138424
1769099877.814413,14.148001226530043,-10.427750369579938,-1.67227568562196,0.6703337694529595,-0.7420597263906636
1769099877.8643997,14.147019501199388,-10.437140330759934,-1.6802869823124178,0.6673559692679936,-0.7447388873171434
1769099877.9143896,14.146315736960467,-10.443632353762617,-1.681951013179241,0.666736104102909,-0.7452938799464779
1769099877.9644108,14.145225567529197,-10.453112315043155,-1.6852086777674982,0.6655212614426296,-0.7463788920969102
1769099878.0144024,14.144524740069073,-10.459044567334715,-1.6898870979855258,0.6637735051519741,-0.7479336426838027
1769099878.0643964,14.143769878676249,-10.465225225126762,-1.6904632084684457,0.6635580314103383,-0.7481248150882556
1769099878.1143887,14.142613942335261,-10.47467172716656,-1.6965827214801577,0.6612658490627714,-0.7501516359132279
1769099878.1644254,14.141841973663018,-10.480875533073426,-1.696126540157486,0.6614369344427319,-0.7500007878362537
1769099878.2144065,14.141029898155551,-10.487278499578217,-1.7012219951625276,0.6595239922113465,-0.7516835129877519
1769099878.2644396,14.139762746159562,-10.496914867475807,-1.705056967608775,0.6580814378611126,-0.7529467585046439
1769099878.314414,14.138901528642132,-10.503209290115535,-1.7124741981670233,0.6552845288451268,-0.7553821458415735
1769099878.3644297,14.137920514960419,-10.509691700685183,-1.7240472569619594,0.6509025415275503,-0.7591613013273105
1769099878.4144151,14.13644070985052,-10.51927208041429,-1.7335158729482882,0.6473011569922695,-0.7622343551405101
1769099878.4643886,14.13547154313906,-10.525422179816845,-1.7357734848135624,0.6464403301164103,-0.762964546751018
1769099878.5144267,14.134426087156436,-10.531714185234858,-1.7457069136319574,0.6426429454279929,-0.766165807571464
1769099878.5643892,14.132781108269555,-10.54121582682114,-1.7469015111223998,0.6421852009432043,-0.7665495207026982
1769099878.6144044,14.131682663011118,-10.547447323494623,-1.7523876008479304,0.6400801078612767,-0.7683081774394285
1769099878.6643913,14.1305562291997,-10.553699433665281,-1.7555323520068176,0.638871248087729,-0.7693136735862866
1769099878.7144823,14.128880450204747,-10.56278439342279,-1.755851147631711,0.6387486130554808,-0.7694154984920044
1769099878.7644188,14.127720020649763,-10.569030435953694,-1.7603179004890686,0.6370286270169537,-0.7708401444922902
1769099878.8145106,14.126005870346727,-10.57797957666009,-1.7628453856199817,0.6360539750927774,-0.7716445689361628
1769099878.8643975,14.12484238682094,-10.583864460082436,-1.7711285984841934,0.632852681040572,-0.7742722286765553
1769099878.9144545,14.123575836745937,-10.590167255558013,-1.7757484565133208,0.6310624803668241,-0.7757320064772832
1769099878.9644198,14.121692009624327,-10.599159980019776,-1.77981104175865,0.6294854408198338,-0.7770122777639099
1769099879.0144482,14.120347296062391,-10.60549844651262,-1.7845049793443606,0.6276600852416894,-0.7784875190999501
1769099879.0643961,14.118336855101445,-10.614697012294746,-1.7875817742988915,0.6264617197476235,-0.779452188200694
1769099879.1144042,14.11690993516054,-10.621069594124133,-1.7951059441879604,0.6235249280826878,-0.7818034689482255
1769099879.164387,14.115500212066136,-10.627212360588151,-1.8022164748690837,0.6207414745160323,-0.7840153198858183
1769099879.2144177,14.113281026930123,-10.636596999914952,-1.8087058213842604,0.6181943378870368,-0.786025292598405
1769099879.264421,14.111817339155333,-10.642596958653828,-1.815878283153139,0.6153715004385456,-0.7882372209227455
1769099879.3144178,14.109624048906952,-10.651388667617159,-1.8234594754540623,0.6123791976044894,-0.7905641772438728
1769099879.3643987,14.1080850002547,-10.657473769495516,-1.8236617712676846,0.6122992305603028,-0.7906261140736885
1769099879.4144301,14.106563599292667,-10.663432964694408,-1.828731168418209,0.6102932669038208,-0.7921755666339765
1769099879.4645047,14.104217233235435,-10.67239444622974,-1.8286587295709675,0.6103219586459389,-0.792153461644008
1769099879.5144157,14.102578696816073,-10.678584914451548,-1.8353490958627452,0.6076686503547085,-0.7941906643722823
1769099879.5643735,14.100993941204646,-10.684527549352598,-1.836275478682738,0.6073007228877019,-0.7944720460658604
1769099879.61442,14.098446625033931,-10.693828536972358,-1.841530456799599,0.6052111623718924,-0.7960649778381554
1769099879.6643836,14.096762164141037,-10.699875401307086,-1.8478107994642066,0.6027084021649471,-0.797961516590729
1769099879.7144141,14.094088345639358,-10.709219837504968,-1.8499607921684638,0.6018502483606374,-0.7986089647306992
1769099879.7643805,14.09224369026076,-10.715510852153448,-1.860254880209427,0.5977318189036631,-0.8016961223993281
1769099879.8144286,14.090431075658078,-10.721652384005802,-1.860573548514633,0.5976040737444759,-0.8017913513152951
1769099879.8643858,14.087634407276296,-10.730908122778812,-1.8695946636704022,0.5939814807961441,-0.8044787134978898
1769099879.914417,14.085710114135624,-10.737121946377401,-1.8768162917363542,0.5910727919258544,-0.8066182211213528
1769099879.9644122,14.083811168191685,-10.743184300465431,-1.8819761296620292,0.5889898175061417,-0.8081404549173875
1769099880.0144541,14.081851814706809,-10.749333726902552,-1.88619754034547,0.5872827604006062,-0.8093818377850124
1769099880.0643938,14.078923152784476,-10.758308875555896,-1.896459057341135,0.5831223058790923,-0.8123843772416173
1769099880.1144853,14.07691694403566,-10.764363040810933,-1.8961357846810072,0.5832536090904441,-0.8122901128802267
1769099880.1643877,14.074926258215676,-10.770262672568613,-1.9063004911353152,0.5791177487907693,-0.8152439101492949
1769099880.2144475,14.071832896442451,-10.77920890528111,-1.9097500173535695,0.5777107854849709,-0.8162415379863597
1769099880.264393,14.06969986275388,-10.78524685838741,-1.9170214699983137,0.5747393429453324,-0.8183365369276674
1769099880.3144417,14.067530376786902,-10.791325289765203,-1.920499715002442,0.5733152870142355,-0.8193348409995664
1769099880.3643985,14.064125762280046,-10.800591017103546,-1.9260552919323428,0.5710371391907416,-0.8209242265062309
1769099880.41454,14.061814868460035,-10.806779898686672,-1.9351461291458079,0.567299808745412,-0.8235113399324985
1769099880.4644053,14.05949475370123,-10.812910853715875,-1.9367983143706626,0.5666193186177084,-0.8239797010662361
1769099880.514425,14.055969404093846,-10.822049939064335,-1.9412427512647705,0.5647868581783264,-0.8252368174221597
1769099880.564442,14.053624847164308,-10.828090408699433,-1.943750243651721,0.5637517770424331,-0.8259442680238775
1769099880.6144223,14.05131070959375,-10.833952743321674,-1.946696454877573,0.5625344626634083,-0.8267738374646301
1769099880.6644423,14.047835574515018,-10.842757987049893,-1.9489321679785356,0.5616098968335007,-0.827402153598034
1769099880.7144284,14.045543452953273,-10.848547119059337,-1.9498945805206402,0.5612116807208278,-0.8276723079954431
1769099880.7644734,14.043163929890786,-10.85454664141279,-1.949262982422983,0.5614730308595394,-0.8274950366119441
1769099880.8144443,14.039680467662286,-10.86329414884276,-1.9492143549827043,0.561493150176315,-0.8274813848692176
1769099880.8645377,14.037285412162415,-10.869314791510863,-1.9509126989599481,0.5607902738032302,-0.8279578907213204
1769099880.9144502,14.034858881405432,-10.87540461085248,-1.9515336598234292,0.5605331820544285,-0.8281319652180665
1769099880.9644775,14.031240159454194,-10.884506858916104,-1.9510250429286644,0.5607437648808395,-0.8279893901175678
1769099881.0144515,14.028760241800331,-10.89071164869726,-1.95129095438336,0.5606336739933676,-0.828063936894186
1769099881.0644467,14.026465432708733,-10.896472521065393,-1.949043920604798,0.5615636637749862,-0.8274335329968289
1769099881.1144469,14.022829472902488,-10.90559518294579,-1.9517239906191282,0.5604543700083844,-0.8281853048312949
1769099881.1644433,14.020431188516294,-10.911587280599264,-1.9529522261952834,0.5599456610277707,-0.8285293336365183
1769099881.214446,14.01801100301561,-10.917625131005062,-1.954007596078451,0.559508380636216,-0.8288246931636625
1769099881.264438,14.014338370131785,-10.926733090370021,-1.9528101334030317,0.5600045236377725,-0.828489549424271
1769099881.314443,14.012006537938715,-10.932533678143844,-1.9519534092218445,0.5603593657635884,-0.828249588711657
1769099881.3644288,14.009580206676626,-10.938596340805528,-1.9493394367171943,0.5614413976748089,-0.82751649951947
1769099881.414502,14.006133840675398,-10.94724962105913,-1.94869199744129,0.561709251593796,-0.827334706557109
1769099881.464453,14.00383684461135,-10.95303686843315,-1.947137031533012,0.5623523203897838,-0.8268977371792875
1769099881.5145059,14.001533209159344,-10.9588487004116,-1.948874198272889,0.5616338787272347,-0.8273858750702733
1769099881.5644522,13.998018691590957,-10.967692793478452,-1.9496225430942666,0.5613242544512405,-0.8275959650486214
1769099881.6146283,13.995545414976895,-10.973872991558533,-1.9508690734585556,0.5608083337088752,-0.8279456581459165
1769099881.6644585,13.99319792457355,-10.979749105665666,-1.9516645128796468,0.5604789990554494,-0.8281686371855684
1769099881.7144349,13.989525409303397,-10.98893892826456,-1.952441565525674,0.560157191445194,-0.8283863355175726
1769099881.7644563,13.987201624333991,-10.994742739707087,-1.9536981843856414,0.5596365979657733,-0.8287381240279076
1769099881.81445,13.984769822477404,-11.000803200634111,-1.9540728938784864,0.5594813201234774,-0.8288429600550945
1769099881.864552,13.98120959463086,-11.009656271314169,-1.9544135998647025,0.5593401161269846,-0.8289382573455344
1769099881.9144523,13.978898888870122,-11.015410788220244,-1.9534316640793117,0.5597470307656993,-0.8286635394108898
1769099881.9644697,13.97663940883077,-11.021049505685712,-1.9522830536140308,0.5602228442366207,-0.8283419371222436
1769099882.0144656,13.973120748131892,-11.029810175802918,-1.9531711388740027,0.559854969885772,-0.8285906182755156
1769099882.0645103,13.970754342287089,-11.035705980849107,-1.95061466571094,0.560913647066439,-0.8278743144551752
1769099882.1144488,13.967345100248851,-11.0441832848522,-1.9508847324727063,0.5608018512852978,-0.8279500489733561
1769099882.1644447,13.965097374693599,-11.04977217281038,-1.95139198108827,0.5605918449926295,-0.8280922553241031
1769099882.214439,13.962711907496665,-11.055687608505536,-1.9530632829302765,0.5598996532832063,-0.8285604252276024
1769099882.2644374,13.959080895927613,-11.064730463530825,-1.953394171268813,0.5597625651298683,-0.8286530460206069
1769099882.314447,13.956775923860858,-11.07048728512878,-1.9520374773477684,0.5603245505731996,-0.8282731421608103
1769099882.3644397,13.953374330088014,-11.078967662865715,-1.952108133866139,0.5602952887752967,-0.8282929369348787
1769099882.4144523,13.950966556681081,-11.084955957496154,-1.9551058572996467,0.5590531632909392,-0.8291318113631839
1769099882.4644449,13.948514222857208,-11.091008157134794,-1.9586210897919203,0.557595004981965,-0.8301131310966973
1769099882.5144362,13.944819475408949,-11.100052507613645,-1.9619727411887788,0.556203097742978,-0.831046397056816
1769099882.5644433,13.94225280727364,-11.106358713333249,-1.9613216807202654,0.5564735989961098,-0.830865292102346
1769099882.6144764,13.939925060607296,-11.112133708992255,-1.9581885401406929,0.5577745245125355,-0.8299925179209839
1769099882.664439,13.936387213613319,-11.120804695220073,-1.956752947019928,0.5583701465442743,-0.8295919355008977
1769099882.7145026,13.934012413975008,-11.126642508539188,-1.9559905953491439,0.5586863263714663,-0.8293790380311981
1769099882.7644384,13.931770918844375,-11.132179323698894,-1.954596882358259,0.5592641488429836,-0.8289895124903168
1769099882.8144453,13.928293635226606,-11.140820255355447,-1.9526647980634024,0.5600647265641646,-0.8284488530130315
1769099882.864455,13.92598649827846,-11.146548919558786,-1.9533139841508504,0.5597957883297277,-0.8286306024811652
1769099882.9144397,13.92373080876199,-11.152134588760449,-1.9556326260028187,0.5588347635578221,-0.8292790284574144
1769099882.9644835,13.92012860762302,-11.16099801019423,-1.956027937727832,0.5586708407810272,-0.8293894692248148
1769099883.0144384,13.917722301239602,-11.166932302884788,-1.956027937727832,0.5586708407810272,-0.8293894692248148
1769099883.064499,13.914101149576306,-11.17584265929883,-1.95543114996834,0.5589183006471767,-0.8292227283436412
1769099883.1144369,13.911638170207704,-11.181890539251043,-1.9570847411280075,0.5582325120030662,-0.829684556046903
1769099883.164459,13.909289428681902,-11.187656983194367,-1.9578394476163052,0.5579193881067618,-0.8298951478196367
1769099883.2144277,13.90565925518238,-11.196563662229675,-1.9563438535688111,0.558539825176122,-0.8294777053617699
1769099883.2644706,13.90330893229895,-11.202329465313708,-1.9578551750183173,0.5579128620422027,-0.8298995351052307
1769099883.3144395,13.90091196536326,-11.208185587024163,-1.9598997950856956,0.5570641560259854,-0.8304694612513194
1769099883.3644638,13.897417135957282,-11.216710091980621,-1.960263433619454,0.5569131514704251,-0.8305707325202829
1769099883.4144657,13.8950127258172,-11.222563149341568,-1.9603355294406801,0.556883210769067,-0.8305908075361387
1769099883.4644477,13.891388491990122,-11.23141756742779,-1.9600015256904433,0.5570219132251045,-0.8304977954137169
1769099883.5144515,13.888895497768317,-11.237507855417986,-1.9588859584718472,0.5574850646078857,-0.8301869685433164
1769099883.5644505,13.886525249356767,-11.243320197781063,-1.9577750459375824,0.5579461111378471,-0.8298771819167902
1769099883.6144671,13.88294705717752,-11.252111404976132,-1.9564616445053031,0.5584909717295964,-0.8295105993876939
1769099883.6644495,13.880554575366235,-11.257996672913194,-1.956565275489494,0.558447989479979,-0.8295395367586582
1769099883.714466,13.878115343788043,-11.263999548912068,-1.9577836200706014,0.5579425533940463,-0.8298795738612511
1769099883.7644558,13.875687439508196,-11.269952382252749,-1.9589157545670564,0.5574726963810407,-0.8301952738902167
1769099883.8144248,13.871963462223949,-11.279039476030363,-1.9622790191656294,0.5560758256169834,-0.8311315636915676
1769099883.8644748,13.869424734088192,-11.285193061945156,-1.9639363437776232,0.5553869073742491,-0.8315920773535947
1769099883.9144552,13.866945656761231,-11.29120695601261,-1.9637330350155513,0.5554714394824246,-0.831535615544712
1769099883.964489,13.863174374172205,-11.300356679250246,-1.9626926416136494,0.5559039263902815,-0.8312465486387709
1769099884.0144525,13.86072857121982,-11.306274802944982,-1.9623204437011226,0.5560586108782272,-0.8311430811046774
1769099884.064454,13.858291448142662,-11.312196507947196,-1.9616291194319413,0.5563458723444872,-0.8309508230486636
1769099884.1144447,13.854727853551333,-11.320884321402959,-1.9598950061946776,0.5570661445382602,-0.8304681273891721
1769099884.1644547,13.852397003989992,-11.326576051373324,-1.9598021066380884,0.5571047189976864,-0.8304422508943706
1769099884.214409,13.85000898653297,-11.332408474338592,-1.9593375312577028,0.5572976054782418,-0.8303128199228397
1769099884.2644587,13.846381731289016,-11.34123429988187,-1.9637386964820585,0.5554690856246807,-0.8315371879328556
1769099884.3144054,13.843884561238202,-11.347268123657042,-1.9633980597929341,0.5556107036046688,-0.8314425692974379
1769099884.3645282,13.841442101828026,-11.353187624050898,-1.9616527190997155,0.5563360672240754,-0.8309573877796917
1769099884.4144595,13.837827978063993,-11.361936739611725,-1.9623121686879277,0.5560620497334491,-0.8311407804013922
1769099884.464533,13.835371962178403,-11.367905411154068,-1.9612973162758796,0.5564837207404181,-0.8308585129556658
1769099884.5144722,13.832921639620913,-11.373849050701233,-1.9620631610575856,0.5561655256214715,-0.8310715421130677
1769099884.56448,13.829185495100804,-11.382903765923222,-1.9646411907955568,0.5550938002922124,-0.831787757109438
1769099884.614464,13.826725383492292,-11.38884335431353,-1.9646897840374007,0.5550735904965494,-0.8318012437675656
1769099884.6644793,13.824185882294449,-11.39494183208708,-1.9656032205722915,0.5546936337950076,-0.8320546692539439
1769099884.7144704,13.820486488068568,-11.403819983767495,-1.966348028446838,0.5543837349035555,-0.8322611816457526
1769099884.7644684,13.817996405870675,-11.409801940467588,-1.9647058127411077,0.5550669241308834,-0.8318056922959112
1769099884.8144097,13.815548448052468,-11.415691772730927,-1.9636943982265513,0.5554875033118344,-0.8315248845731465
1769099884.8644674,13.811915590319536,-11.424487931616442,-1.9610585141348162,0.5565829221693024,-0.8307920622812186
1769099884.91441,13.809489165603704,-11.430386667626438,-1.9591953934888215,0.5573566134766452,-0.8302732113068839
1769099884.9645076,13.807168630704926,-11.436027888887857,-1.9604744777920358,0.556825504813491,-0.8306294945336343
1769099885.0144587,13.803530219909632,-11.44487649337762,-1.9613083622982723,0.5564791318910611,-0.8308615864088139
1769099885.0644705,13.801065649254953,-11.450841637271266,-1.9640044533509946,0.5553585873614018,-0.8316109904540393
1769099885.1144447,13.798591485529693,-11.456830194778806,-1.9653615374827227,0.5547941765163341,-0.8319876331434035
1769099885.1644764,13.794710163152446,-11.466126119090074,-1.9659022308350729,0.5545692311536238,-0.8321375894992838
1769099885.2144198,13.792257831538294,-11.471986720633868,-1.968141535137116,0.5536371790964985,-0.8327579924096026
1769099885.2644672,13.78961541895268,-11.478261645427164,-1.9693533379675532,0.55313250825656,-0.8330932890798044
1769099885.3144464,13.785887742169859,-11.487100510194205,-1.9713930839252578,0.5522825714016112,-0.8336569806137439
1769099885.3644688,13.783371037216494,-11.493071297445322,-1.9706283932851152,0.5526012758704013,-0.8334457570270573
1769099885.4144688,13.780911835547935,-11.498874077323487,-1.9733697829760102,0.5514583573102466,-0.8342024215696597
1769099885.464482,13.777326717696855,-11.507306013443037,-1.9747914125858304,0.5508652546143552,-0.8345941955577343
1769099885.514461,13.774962193938407,-11.5128739773445,-1.972815219086653,0.551689645377477,-0.834049480056953
1769099885.56452,13.771285332972086,-11.521514452801757,-1.974406463771059,0.5510258824327743,-0.8344881526356035
1769099885.6144173,13.768931730784493,-11.527059575260777,-1.971900073025884,0.5520712261577612,-0.8337969544491429
1769099885.6645272,13.766437389268559,-11.532929914239817,-1.9734534839266862,0.5514234450594568,-0.8342254996334985
1769099885.714464,13.762679710079837,-11.541756050972973,-1.9718602824331217,0.5520878146860294,-0.8337859706634578
1769099885.7645,13.760187776146383,-11.547627412009152,-1.9716678977372566,0.5521680159618716,-0.8337328601828827
1769099885.8144658,13.757694118630841,-11.553498041565858,-1.9721280852340255,0.5519761646278613,-0.8338598885200775
1769099885.8644617,13.753873200970567,-11.562489817714546,-1.9739935629752159,0.5511981510998748,-0.8343743753400387
1769099885.9144194,13.751350306732217,-11.568403019086553,-1.9745956153621393,0.5509469575876398,-0.8345402626146466
1769099885.9644814,13.748757638775901,-11.574451562399862,-1.977330323478829,0.5498053308874118,-0.8352928217863383
1769099886.0144553,13.744872948172254,-11.583471117380912,-1.9789766014858117,0.5491175826016671,-0.8357451049678373
1769099886.0644758,13.742288385149037,-11.589468015815775,-1.978683739451449,0.5492399557199531,-0.835664688161911
1769099886.114465,13.739708625601843,-11.595439435724462,-1.9791413128888433,0.5490487523651524,-0.8357903250973114
1769099886.1644742,13.735927208050912,-11.604227872062179,-1.9767771056181382,0.5500363593049349,-0.8351407087686318
1769099886.2144275,13.733446675740538,-11.610021559419533,-1.9748512628623944,0.5508402790209938,-0.8346106799029556
1769099886.2644799,13.731032017582145,-11.6156507038826,-1.9758678942034589,0.5504159621874936,-0.8348905728113211
1769099886.3145022,13.727281586716717,-11.62439736584754,-1.9766131674097596,0.550104813192799,-0.8350956199754108
1769099886.3644881,13.724795892299037,-11.63018883186887,-1.9765212586790555,0.550143188901153,-0.8350703393760733
1769099886.4145372,13.722243375067787,-11.636144422759477,-1.9770151677684735,0.5499369477121218,-0.8352061742714041
1769099886.464475,13.71966638800726,-11.642144596699639,-1.9775675950032885,0.5497062314179444,-0.8353580424825521
1769099886.5144439,13.715787263002339,-11.651166542011067,-1.9802016956522173,0.5486055463890525,-0.8360813085287634
1769099886.5644805,13.71310279992036,-11.657396005278336,-1.9791124346867,0.5490608203688957,-0.8357823972397571
1769099886.6144412,13.710608330627789,-11.663183697013661,-1.9778314384502194,0.5495960247622266,-0.8354305534067796
1769099886.6644902,13.706766867865415,-11.672084071188738,-1.9804732542190309,0.5484920188114096,-0.8361557900894929
1769099886.7144384,13.704177914439644,-11.678051509321081,-1.9823082243137955,0.5477246276298865,-0.83665867131567
1769099886.7644782,13.701607512691963,-11.683971803698364,-1.9828622257523905,0.5474928515657989,-0.836810359331402
1769099886.8148086,13.697708054705492,-11.692902180794341,-1.9825255544294824,0.5476337088333595,-0.836718184904224
1769099886.8645015,13.695202379148672,-11.698629824993734,-1.9841547224203955,0.5469519499762397,-0.8371640009085369
1769099886.9144707,13.692581261894281,-11.704638465678428,-1.980522235549098,0.5484715406355499,-0.8361692227730378
1769099886.964509,13.688849833238878,-11.713200320361837,-1.9816800371250307,0.5479873897370826,-0.8364865932512838
1769099887.014427,13.686334894591177,-11.71897914726409,-1.9799396264921103,0.5487150972420971,-0.8360094150537994
1769099887.0645208,13.683828955676658,-11.724734284274177,-1.9821169802334089,0.5478046281347807,-0.8366062929443662
1769099887.1158004,13.680046220792875,-11.733411828988373,-1.9820391759097287,0.5478371735136593,-0.8365849815270202
1769099887.1645339,13.677407520694773,-11.739440428881755,-1.984018082850184,0.547009143564361,-0.8371266313151101
1769099887.2178085,13.675023776691281,-11.744862262425777,-1.9865132933715777,0.5459643145312256,-0.8378084311216073
1769099887.2645679,13.671192007068287,-11.753545936493207,-1.986760533124019,0.5458607405852586,-0.8378759167607773
1769099887.31443,13.66853289805935,-11.759565553159831,-1.987078912910607,0.5457273522915955,-0.8379628016569738
1769099887.364517,13.664528665567476,-11.768615773329358,-1.9884491512945976,0.5451531198599011,-0.8383364932454129
1769099887.4144328,13.661844287362442,-11.774679557203878,-1.9882420970037962,0.5452399075223369,-0.8382800506066177
1769099887.4645057,13.659309975630588,-11.780422254703609,-1.984996172270641,0.5465996858171982,-0.8373940431269739
1769099887.5188522,13.65547651444727,-11.789160502386027,-1.9842236988303121,0.5469230773673162,-0.8371828638016098
1769099887.5644782,13.652946997879962,-11.7949329665835,-1.9835451879080404,0.5472070647465269,-0.8369972689868769
1769099887.614847,13.650401428949015,-11.800753664098998,-1.981394537452461,0.5481067924776073,-0.836408359618619
1769099887.6644819,13.646555606181314,-11.809514099659598,-1.982401170138407,0.5476857450733695,-0.8366841247707693
1769099887.7148957,13.644030944791774,-11.815261052659924,-1.9841629078228344,0.5469485237095316,-0.8371662394124383
1769099887.7644901,13.641438255543934,-11.821143999426164,-1.9837916658022512,0.5471039099291818,-0.8370646998531247
1769099887.8209105,13.63883190547712,-11.827076230106053,-1.9854156704604289,0.5464240311521309,-0.83750867349506
1769099887.8645031,13.634886472729706,-11.836041730318199,-1.984468982606632,0.5468203995672778,-0.8372499331842808
1769099887.915874,13.632309428030453,-11.84190389685611,-1.9837670757915855,0.547114201602778,-0.8370579731443664
1769099887.9645183,13.628390981854665,-11.850770686150712,-1.9861420712174989,0.5461198116509487,-0.8377070796658772
1769099888.0158608,13.625766235322224,-11.856722470145849,-1.9875626768026637,0.5455246482560067,-0.8380947787363672
1769099888.0645142,13.623143627309577,-11.862647527369202,-1.9902409441210174,0.5444018385247965,-0.8388245574676635
1769099888.1218865,13.620478485125359,-11.868636769426871,-1.9923099840028307,0.5435337666299872,-0.83938730305683
1769099888.1644902,13.616519008774045,-11.877485254410887,-1.994686881822371,0.542535814093185,-0.840032672237363
1769099888.2168853,13.613833109744665,-11.883492921512534,-1.9922552797003332,0.5435567254751341,-0.8393724359250485
1769099888.2644901,13.609946444315673,-11.892179898075925,-1.9920149272838148,0.5436575941464478,-0.8393071072777213
1769099888.3145807,13.607383906273554,-11.897937783993354,-1.9892207546978273,0.544829647651205,-0.8385467518512393
1769099888.3645377,13.604874081060313,-11.903580599677223,-1.9887611795402014,0.545022320893201,-0.8384215346281301
1769099888.4145582,13.602353904885652,-11.90924651016328,-1.9886813115464845,0.5450558019815418,-0.83839976903996
1769099888.4644997,13.598430860333247,-11.918055839084108,-1.9901795333638987,0.5444275946937377,-0.8388078410076955
1769099888.5145059,13.59587486311999,-11.923788921859718,-1.9912970808772545,0.5439588059168798,-0.8391119218945005
1769099888.5647132,13.593127863436568,-11.929935665418142,-1.9919341920721634,0.543691474521955,-0.8392851604384188
1769099888.6144946,13.589220665408096,-11.938668915163827,-1.9913098110347027,0.5439534648924196,-0.8391153842181248
1769099888.6645312,13.586512319169932,-11.944722040953167,-1.9927410269314239,0.5433528480272848,-0.839504426754641
1769099888.7145097,13.583822442036128,-11.950727967796356,-1.9930135266192266,0.5432384606371323,-0.8395784507028505
1769099888.7644928,13.579835291622524,-11.959619540651063,-1.9923139429959382,0.5435321050646487,-0.8393883789784033
1769099888.8145921,13.577183840061968,-11.965531747501633,-1.9930216101259381,0.5432350672636747,-0.8395806463318642
1769099888.8644977,13.574596377924191,-11.971306213108795,-1.9921591768184659,0.5435970579026245,-0.8393463162721396
1769099888.9145515,13.5706945019549,-11.980014116828347,-1.9938301900541222,0.5428955888475764,-0.839800202196834
1769099888.9645276,13.568100639641898,-11.985785709099606,-1.993678861124753,0.5429591303261881,-0.8397591218887887
1769099889.0145164,13.565495838553073,-11.991607883666669,-1.9908114778900694,0.5441625275089219,-0.8389798231513687
1769099889.06452,13.561480951212161,-12.000597966016644,-1.9884700725786482,0.5451443502921219,-0.8383421958511812
1769099889.114503,13.559088425633922,-12.005932802989898,-1.9897942492191718,0.5445891742714272,-0.838702945783765
1769099889.164493,13.556393667523032,-12.011964276663832,-1.9875314605497074,0.5455377292788648,-0.8380862640165749
1769099889.2145112,13.552570617276,-12.020568757749247,-1.9865919836164783,0.5459313504333347,-0.8378299115059306
1769099889.2645187,13.549976210044406,-12.026395557867573,-1.9901784978115005,0.5444280290084005,-0.8388075591159323
1769099889.314531,13.547329889859151,-12.03231007627323,-1.9926821062908484,0.5433775798607855,-0.8394884190414038
1769099889.3645003,13.54349511340241,-12.040853895854813,-1.994862372350967,0.5424621031158807,-0.8400802739518978
1769099889.4145527,13.540768165670263,-12.046926398498854,-1.996513302297745,0.5417684615388785,-0.8405277711544079
1769099889.4645,13.53810956910622,-12.052835366144595,-1.9970886974866167,0.5415266213033346,-0.8406836018501818
1769099889.5145836,13.533997183771241,-12.061948115014413,-1.9951236388521476,0.5423523560706794,-0.8401511303715439
1769099889.5644882,13.531388728291748,-12.06774089818507,-1.994848380707067,0.5424679801546266,-0.8400764789630523
1769099889.6145718,13.52872313121806,-12.073674505928121,-1.9937716914133041,0.5429201522005367,-0.8397843225105753
1769099889.6645045,13.52489370022591,-12.082248500038274,-1.9904972347728611,0.5442943426089102,-0.8388943131312396
1769099889.7145712,13.52238895621841,-12.087865875888237,-1.9897980267644795,0.544587590151267,-0.838703974387409
1769099889.7644992,13.519843056741747,-12.09360347435885,-1.987716516481833,0.5454601805262907,-0.8381367379253974
1769099889.8145106,13.515983256813183,-12.102274699465957,-1.991102317750889,0.5440405173681634,-0.839058946357037
1769099889.8645093,13.513345062773661,-12.108165113132033,-1.991286347223051,0.5439633092776498,-0.8391090025495543
1769099889.914522,13.51087416842915,-12.11368672158101,-1.9913510622717774,0.5439361575028939,-0.8391266034163063
1769099889.9645336,13.506848691917748,-12.122672069853866,-1.9915686733279436,0.5438448526701277,-0.83918578170999
1769099890.0145192,13.504169427331659,-12.12865502112806,-1.9916313660379614,0.5438185469875109,-0.8392028288515193
1769099890.0645616,13.501521462321548,-12.13456879047079,-1.9910836656961692,0.5440483424311947,-0.8390538725837987
1769099890.1145062,13.497563477680721,-12.143390236276966,-1.9932181785679308,0.5431525471102512,-0.8396340337120967
1769099890.1645246,13.494877896480594,-12.149342614073472,-1.9957854871279013,0.5420743000905336,-0.8403305618513218
1769099890.214527,13.492205387857979,-12.15524533473714,-1.9971537215682706,0.5414992886775477,-0.8407012075414843
1769099890.2645416,13.488222095452528,-12.163972032785566,-2.0007426217416886,0.5399898213049449,-0.8416715469154543
1769099890.314519,13.48554169529722,-12.169843326930229,-1.999447510945917,0.5405347370038857,-0.8413216971480886
1769099890.364499,13.482876145391101,-12.175665792680439,-2.000513775801422,0.5400861243280698,-0.8416097541665524
1769099890.4145296,13.4789227789333,-12.184322606361537,-2.0000782228094804,0.5402693943426333,-0.8414921161464581
1769099890.4645116,13.476206362398454,-12.190288777774644,-1.997257926944447,0.5414554851497743,-0.8407294199688878
1769099890.514538,13.473683130738193,-12.195842315600753,-1.9972581984176645,0.5414553710320089,-0.8407294934642114
1769099890.564512,13.46975046529363,-12.204508573653486,-1.997105663072979,0.5415194899387257,-0.8406881954782655
1769099890.6145442,13.467094774709077,-12.21036333872964,-1.9969953197195676,0.5415658712918642,-0.8406583176605605
1769099890.6645122,13.46444691253322,-12.216193858712979,-1.999729367346465,0.540416165683933,-0.8413978653808648
1769099890.714576,13.46027301908983,-12.225334302075407,-1.9993205339324434,0.540588150172696,-0.8412873777092241
1769099890.7645068,13.45761706264302,-12.231133319424647,-2.00092337805175,0.539913750378121,-0.8417203467616974
1769099890.8146014,13.454769949546144,-12.23734587850596,-2.000821006014994,0.5399568339839513,-0.8416927096239029
1769099890.8645191,13.450908916456209,-12.245766612050758,-2.000466472563219,0.5401060296103437,-0.8415969800198612
1769099890.91454,13.448211814055249,-12.25165813240776,-1.999265788778699,0.540611178173591,-0.8412725801033586
1769099890.9645681,13.445592947152521,-12.257390609017564,-1.9983759620150159,0.5409854180834794,-0.841031971699675
1769099891.0145223,13.441642448834868,-12.266048746853524,-1.9983219127390737,0.5410081464704848,-0.8410173514574896
1769099891.0645137,13.438979848197866,-12.271900373154542,-1.9966076127296475,0.5417288256679893,-0.8405533174286931
1769099891.1145205,13.43646085026522,-12.277428022767634,-1.9976598408720563,0.541286523786305,-0.8408382122426037
1769099891.164524,13.432499269771245,-12.28613674107516,-1.9973593639731737,0.5414128439062189,-0.8407568807053442
1769099891.2145288,13.429843507249613,-12.291963667329696,-1.9995288834695832,0.5405005063216461,-0.841343688789572
1769099891.2645397,13.427172344856519,-12.29781138614034,-2.0006922913827054,0.5400110019495097,-0.8416579577081694
1769099891.3145323,13.423077511135107,-12.30676532922655,-2.0003639617396485,0.5401491653006321,-0.8415692955574309
1769099891.364543,13.420487050623288,-12.312427299885712,-1.9992442734174058,0.5406202282840623,-0.8412667643322707
1769099891.414529,13.417780657067938,-12.318342405388234,-1.9996715085025973,0.540440506611651,-0.8413822311015023
1769099891.4645932,13.413749428355917,-12.327158452914688,-1.9999378994976202,0.5403284334931251,-0.8414542078799448
1769099891.5145333,13.411051931029167,-12.333021961640117,-2.0023827787406403,0.5392994030637379,-0.842114097884067
1769099891.5645144,13.408304107473585,-12.33897375034639,-2.004737952573047,0.5383073668231615,-0.8427485857739034
1769099891.6145513,13.404213526144426,-12.347818205047618,-2.0042289944040017,0.5385218112791513,-0.8426115705214486
1769099891.6645143,13.401418063888961,-12.353859494655902,-2.004218169381309,0.5385263719159493,-0.8426086557536925
1769099891.714537,13.398940871929153,-12.359267132471132,-2.0011251837815887,0.5398288156352802,-0.8417748213208867
1769099891.7645378,13.394949626068058,-12.36796229520711,-1.9988903231968347,0.5407691030955186,-0.8411710748339296
1769099891.814625,13.392388381965123,-12.37355412151439,-1.9992110366001958,0.5406342087242454,-0.8412577799682504
1769099891.8645287,13.389737028905554,-12.379355235637309,-1.9975254057931604,0.5413430416391435,-0.8408018263948293
1769099891.9145508,13.385802653110785,-12.387965072758675,-1.9978759891436033,0.5411956477622499,-0.8408967064052508
1769099891.964534,13.383160193737195,-12.393742421919267,-1.9997993169606043,0.5403867376253999,-0.8414167658173786
1769099892.014594,13.380453577343024,-12.399629594947978,-2.002342879792861,0.5393162026896291,-0.8421033389771346
1769099892.0645235,13.376344598552464,-12.408549206313698,-2.003400276376527,0.5388709087381677,-0.8423883568258178
1769099892.114535,13.373557590286822,-12.41459439489066,-2.002828809392361,0.5391115853040902,-0.8422343489735565
1769099892.164532,13.370842964519253,-12.42047786440936,-2.0035828451597975,0.5387940095844385,-0.8424375438190799
1769099892.2145655,13.36675392520801,-12.42932305047457,-2.0039818050680833,0.5386259494630301,-0.842545005661448
1769099892.2645516,13.364046478483301,-12.43515407821822,-2.0066698872634086,0.5374930481903321,-0.8432681798497234
1769099892.3145514,13.361304255565454,-12.441052647765504,-2.008256277928686,0.5368240027918094,-0.8436942515073689
1769099892.3645914,13.357227660095623,-12.449764052293089,-2.007852407017163,0.5369943636285678,-0.8435858305063864
1769099892.414553,13.354564377290005,-12.455420189681684,-2.0120973320367814,0.535202676135519,-0.8447236799435534
1769099892.4646513,13.351781442387065,-12.461327637390276,-2.009761431876666,0.5361889059639109,-0.8440980139303873
1769099892.514554,13.347782247591274,-12.469795796361813,-2.0125624906617365,0.5350061964091798,-0.8448481341660063
1769099892.5644794,13.345061580283938,-12.475564714721703,-2.01029021154724,0.5359657162913074,-0.8442397473232031
1769099892.6145496,13.342346238213626,-12.48130819516735,-2.0137347843297158,0.5345108994729609,-0.845161581204805
1769099892.6682248,13.338279781281665,-12.489912459896109,-2.0126291764860795,0.5349780264146528,-0.8448659723609911
1769099892.7145607,13.335488582287079,-12.495788044260909,-2.014944215713566,0.5339997193034877,-0.8454846537837315
1769099892.7644806,13.332746004159919,-12.501518595845447,-2.0185072328929228,0.5324926345303908,-0.8464346366795747
1769099892.8145661,13.32850599715555,-12.510264486662622,-2.0257711868598722,0.5294148980510944,-0.8483630506578828
1769099892.8644807,13.325593688570855,-12.51616596322058,-2.0335479810592973,0.5261121316639354,-0.850415207364044
1769099892.91456,13.322836153827666,-12.52169196309375,-2.0375694737123955,0.5244011000001203,-0.85147136553067
1769099892.9644814,13.318330456027175,-12.530532199471427,-2.044547309033617,0.5214272008971357,-0.8532957717957931
1769099893.0145693,13.315544457185977,-12.535930418797117,-2.0543121963179125,0.5172548339884224,-0.8558314300816543
1769099893.072472,13.312591688104304,-12.54158387708921,-2.058095272393615,0.5156350719028425,-0.8568083056458722
1769099893.1145494,13.308134714733079,-12.550021008554008,-2.061783244168078,0.5140542537219625,-0.8577576722072244
1769099893.165164,13.305368933633547,-12.555229452448014,-2.0650404000414744,0.5126566474152914,-0.8585937117524876
1769099893.2145324,13.300870443335848,-12.563558560386355,-2.0699237751377444,0.5105587037362787,-0.859842898464092
1769099893.265137,13.297873326291903,-12.569073787923841,-2.0737635207510965,0.5089069748147804,-0.8608215209814799
1769099893.3145535,13.294761959407849,-12.57472856039404,-2.0792436416183873,0.5065463643581274,-0.8622127236103415
1769099893.3701644,13.291570780033934,-12.580454860062803,-2.087876894643666,0.5028198063153619,-0.864391255379751
1769099893.414548,13.286827553678181,-12.588879703228537,-2.0869394237541683,0.5032249218820503,-0.8641554709638796
1769099893.4665306,13.283544892127727,-12.594670698471296,-2.0874389377650475,0.5030090773064085,-0.8642811279597371
1769099893.5145447,13.278681395793026,-12.603231498925803,-2.088001001191889,0.5027661670398055,-0.8644224553307847
1769099893.564611,13.275492941989288,-12.608756001730885,-2.097627107228298,0.49859984859713574,-0.8668322738447809
1769099893.6145504,13.272151321049252,-12.614396615304857,-2.106660193274134,0.4946796911487732,-0.8690753725454164
1769099893.6645408,13.268881743425073,-12.619902612245244,-2.1137889665741585,0.49157883463950885,-0.8708330777677559
1769099893.7145743,13.263908925352524,-12.628194127740185,-2.1181907764785626,0.48966102475427215,-0.8719128860365559
1769099893.764546,13.260679745855725,-12.633547018149532,-2.1242883046824117,0.4870004964767019,-0.873401692482586
1769099893.8145711,13.25730194095087,-12.639076094644473,-2.12903371436609,0.4849268031569274,-0.8745547413284103
1769099893.8645515,13.25232799294891,-12.64704082390856,-2.134990898588175,0.48231971401920865,-0.8759952588161815
1769099893.914585,13.249047109413809,-12.652362005980088,-2.132333253419012,0.48348333012789013,-0.8753535682730982
1769099893.9645665,13.24560059101091,-12.657819081253722,-2.1380765045973185,0.48096765241956896,-0.876738340285178
1769099894.0146441,13.24047389592001,-12.665867006746954,-2.144977526907606,0.47793959979513617,-0.8783927020118423
1769099894.0645497,13.236977924493331,-12.671262351026582,-2.151949415826098,0.47487467391167193,-0.880053432512642
1769099894.1145802,13.23340958807019,-12.676670997739325,-2.1621825383041218,0.47036563037170237,-0.8824716277394028
1769099894.1645868,13.227991725256526,-12.684800612423079,-2.1636179836368665,0.4697321393876841,-0.8828089924928662
1769099894.2145743,13.224354161671782,-12.690193358655794,-2.172695030260768,0.4657206661416685,-0.8849317833192345
1769099894.26458,13.220640534409323,-12.695656391206319,-2.1742739987491646,0.4650218813756913,-0.8852991866266525
1769099894.3145647,13.215160221652773,-12.703652356551224,-2.1731439961840087,0.46552200230134794,-0.885036307375773
1769099894.3645718,13.211531029233159,-12.708958836195558,-2.1738468458463442,0.46521094982700645,-0.8851998487127382
1769099894.4145646,13.207881656679264,-12.714251596491547,-2.1739895293080718,0.4651477969538138,-0.885233035414412
1769099894.4646354,13.202465487528395,-12.722076997680867,-2.178182083186282,0.4632910826980259,-0.8862061682771628
1769099894.5145607,13.198877809094903,-12.727227761937286,-2.1809095646719125,0.46208209680270196,-0.8868371529285511
1769099894.5645773,13.195225981157748,-12.732395622701144,-2.186964878905475,0.45939494420325044,-0.8882321122547261
1769099894.6145527,13.189660580594508,-12.740209150470582,-2.193622587066363,0.4564356092355887,-0.8897564467997616
1769099894.664608,13.185990864393885,-12.745301862083526,-2.199631780135985,0.45376019386346306,-0.8911238334064422
1769099894.7145574,13.182165869244708,-12.750532182022317,-2.2012253039510568,0.4530500363830509,-0.8914850893499656
1769099894.764589,13.176559442892914,-12.758128746994192,-2.2108138004185354,0.4487708453149465,-0.8936468700752599
1769099894.8145878,13.172778175911382,-12.763202389282888,-2.21187675480013,0.4482958290275328,-0.89388525531889
1769099894.8645427,13.168846519123294,-12.768385378875431,-2.2184422408319753,0.4453590232131669,-0.8953520762485637
1769099894.9145627,13.162866267078114,-12.776239225868693,-2.2251472150119582,0.44235486982875766,-0.89684010232526
1769099894.964575,13.158882867194327,-12.781318913164887,-2.236146549098437,0.43741588294851774,-0.8992593315303259
1769099895.0145729,13.154914075329646,-12.786376544144346,-2.2446597752493473,0.4335841327692517,-0.9011130893571216
1769099895.0645585,13.149128665555995,-12.793739786954143,-2.2420683284218326,0.43475136179889473,-0.9005505279627604
1769099895.114669,13.145182479659915,-12.7987505546546,-2.247184078511307,0.43244644636027857,-0.9016596203836382
1769099895.164551,13.141335487819548,-12.803645954115126,-2.2439685918057535,0.4338955240948724,-0.90096319246151
1769099895.214725,13.135433994407059,-12.8110796256681,-2.247424000602066,0.4323382792183071,-0.9017114906235548
1769099895.264576,13.13133609112123,-12.816228651002934,-2.249722281441371,0.4313018008691779,-0.902207712540191
1769099895.314578,13.127372692762092,-12.82112883542227,-2.256704567929084,0.42814944253918635,-0.903707947764865
1769099895.3645675,13.121217471160483,-12.828650668485604,-2.2624700933617907,0.42554249154080975,-0.9049384442564256
1769099895.414571,13.117145993381286,-12.833560471320823,-2.2715603464375116,0.42142505050594453,-0.9068632348960135
1769099895.4645734,13.112894326107886,-12.838616382569638,-2.2753268659598485,0.4197164451493082,-0.9076552790962149
1769099895.5145767,13.10666433147242,-12.845878125515393,-2.2850666545721356,0.41529130038449436,-0.9096884828472633
1769099895.5645936,13.102450978722091,-12.8507339493567,-2.290430185028006,0.4128502390085832,-0.9107989241048519
1769099895.6145883,13.098104321683524,-12.855641845296734,-2.2975546564826064,0.40960314596895486,-0.912263812069916
1769099895.6646185,13.091612689889269,-12.86294322536755,-2.3034112955607244,0.4069299936576292,-0.9134593478977605
1769099895.714561,13.087292107376069,-12.86780542036681,-2.3029286333412973,0.4071504279636511,-0.9133611164315107
1769099895.764747,13.083005726171224,-12.87259670590451,-2.3087918962247915,0.4044710440141536,-0.9145508047965956
1769099895.8145807,13.076666569478345,-12.879626543514343,-2.3096642110775174,0.4040721174295721,-0.9147271308515901
1769099895.8645737,13.072372733094904,-12.884343045202574,-2.3142143902940093,0.401989987290285,-0.9156440630061206
1769099895.9145722,13.06813522817544,-12.888973766611095,-2.317232883110643,0.40060759747025126,-0.9162497218821478
1769099895.9645975,13.061721411099272,-12.895901528504774,-2.3179144820849538,0.4002953167768297,-0.916386195534687
1769099896.014582,13.05726421338903,-12.900674270708292,-2.3263287720836265,0.3964364159280523,-0.9180621809693068
1769099896.064586,13.052821150009464,-12.90539058325268,-2.329372129419949,0.3950389618549957,-0.9186643666848776
1769099896.1145792,13.046063217345084,-12.912481547146635,-2.3384413090168366,0.39086914857776517,-0.9204462551882608
1769099896.164603,13.041436233668023,-12.917267325379191,-2.3448798290395847,0.38790397246314434,-0.9216997928541115
1769099896.214637,13.03686035794866,-12.921961381685282,-2.3509216425837947,0.38511783757126544,-0.9228674071525294
1769099896.2645967,13.02990598149287,-12.928967106924661,-2.3544840829781424,0.3834733974353136,-0.9235519224490943
1769099896.314602,13.025460340333138,-12.933398886795267,-2.362085686522137,0.3799603982604095,-0.9250027544574075
1769099896.3645802,13.020983190656603,-12.93783439666487,-2.363446091605365,0.3793311211851663,-0.9252609904780406
1769099896.4146237,13.014176308696479,-12.944521802787998,-2.368553471376015,0.3769670572492054,-0.9262266665071106
1769099896.4646034,13.009711566833303,-12.948861843502879,-2.374229100736535,0.37433708325260073,-0.9272926981821519
1769099896.514595,13.005175483537089,-12.953237195114912,-2.3794960065153883,0.3718938064128225,-0.9282752806962933
1769099896.564602,12.998251919430489,-12.959876581037246,-2.3857284311160663,0.36899930255890656,-0.9294296717401702
1769099896.6145835,12.993596979626993,-12.964310430584995,-2.3863777449121795,0.3686975373633676,-0.9295494209250997
1769099896.66463,12.988830709921022,-12.968811078828862,-2.3925038778518704,0.3658485405242807,-0.9306744035355511
1769099896.7146037,12.98172490622152,-12.97544205123149,-2.3953821232374715,0.3645088074832036,-0.9311999405429389
1769099896.7646155,12.977077084834267,-12.979735934795382,-2.4032374687589666,0.3608485566809932,-0.9326244255547053
1769099896.8145893,12.972326911849539,-12.98410505331086,-2.404840874195692,0.360100753260314,-0.9329134190809748
1769099896.8646488,12.965078180316544,-12.990655668394545,-2.4102672033558297,0.3575682833236088,-0.9338869967833408
1769099896.914595,12.960454575649276,-12.99478817960861,-2.4170835334268457,0.3543833717947319,-0.9351002223266749
1769099896.9646478,12.955715466271478,-12.998981082544097,-2.4263430793599396,0.35005028746949873,-0.9367309091956565
1769099897.0145762,12.948687034870792,-13.00509310885456,-2.428086294855891,0.3492336926880484,-0.93703565988252
1769099897.0645814,12.943817402618658,-13.009290674367751,-2.434272353724887,0.3463337479035378,-0.9381113660238259
1769099897.1146126,12.938998655611258,-13.013430488469512,-2.4321401725487504,0.34733366259932646,-0.937741609840012
1769099897.164575,12.93175108633059,-13.01959888779595,-2.436761850874532,0.34516576711464797,-0.9385417375972986
1769099897.2145898,12.926925807284293,-13.023614923457364,-2.44535040559986,0.34113223839947543,-0.9400153168563603
1769099897.2645798,12.921993173925795,-13.027738037346197,-2.451468324195523,0.33825517826477414,-0.941054426894144
1769099897.3146071,12.91455003707176,-13.033869622654878,-2.459114830946658,0.33465482533576,-0.9423407811824192
1769099897.3645868,12.909584931549547,-13.037913500541315,-2.4642512930127816,0.3322335754989587,-0.9431971433964258
1769099897.4146547,12.904451576807649,-13.041991530715231,-2.471254042653894,0.32892905899057223,-0.9443546336793062
1769099897.4645896,12.89669253985713,-13.048094550124661,-2.476100160809616,0.3266398685556385,-0.9451488751884304
1769099897.5145988,12.89149610560223,-13.052173457483558,-2.4796126703977963,0.3249794434168563,-0.9457210801057944
1769099897.564586,12.886326323095592,-13.056204250553144,-2.4841804619145704,0.32281866935590603,-0.9464608321083774
1769099897.6145737,12.878749773631846,-13.062046573200224,-2.4866931860932815,0.32162931738436945,-0.9468656621711786
1769099897.664589,12.873662180088704,-13.06593556947814,-2.4928354465956084,0.3187198573996001,-0.9478489608050318
1769099897.7145815,12.868687390057955,-13.069721649582098,-2.493705804781268,0.31830734318199955,-0.9479875712668477
1769099897.7645805,12.861111016623143,-13.07543910887541,-2.4996422109529557,0.31549212550000233,-0.9489281947268143
1769099897.8146207,12.856043512515264,-13.079228533080652,-2.503552569104377,0.31363619911172635,-0.9495432241908472
1769099897.864682,12.851007046338307,-13.082974781724717,-2.5089545863418636,0.31107033374025916,-0.9503868935684686
1769099897.914609,12.843183888028555,-13.088699575292841,-2.511485890182166,0.3098672259168374,-0.9507798390282598
1769099897.964697,12.83802237313518,-13.092404471936831,-2.5153484998890874,0.3080304034480048,-0.9513765135589901
1769099898.014609,12.832715664294376,-13.096167705548082,-2.525943636135545,0.3029861228227887,-0.9529949681802177
1769099898.064576,12.824677518230368,-13.101853574775655,-2.5341325371027574,0.29908160331131173,-0.954227538148389
1769099898.114905,12.81947975916097,-13.105505934414534,-2.5396140689162654,0.2964651689621979,-0.9550436658039335
1769099898.1646051,12.814045134625141,-13.109261285960653,-2.547907162782502,0.2925024982416904,-0.9562647585906164
1769099898.2146,12.806254885261763,-13.114548974115179,-2.5561178739512007,0.28857423749546984,-0.9574575235768468
1769099898.2646122,12.800963600512137,-13.118109702489082,-2.558086451677404,0.2876316830813989,-0.9577411001349799
1769099898.3146791,12.7958495349104,-13.121525986639307,-2.561694799704494,0.2859032842875001,-0.958258478717314
1769099898.3646243,12.787951064635738,-13.126743005458225,-2.5604519167653392,0.28649873059999825,-0.9580806215369297
1769099898.41471,12.782646359491816,-13.130238674294754,-2.5648472474079407,0.28439249988201337,-0.9587079357191423
1769099898.4646158,12.777346835555292,-13.133696085899501,-2.5693135008284713,0.28225087625105,-0.9593406292112904
1769099898.5146415,12.769285579805926,-13.138895722289035,-2.570930134092474,0.2814753331412094,-0.9595684638591689
1769099898.5648785,12.763854551852889,-13.14238296777648,-2.575870138289869,0.2791043408041781,-0.9602607806967153
1769099898.614579,12.758555502717128,-13.145747700987496,-2.581632057296813,0.276336713937019,-0.9610608828427522
1769099898.6648748,12.750355910484803,-13.150871421754696,-2.5874691283802647,0.27353065067815363,-0.9618632871357478
1769099898.7146146,12.744726919617678,-13.154329444289683,-2.5975037351785324,0.2687012681537531,-0.9632235610140384
1769099898.7645948,12.739253278411622,-13.15765267251813,-2.6004267949739006,0.2672932016401036,-0.9636152470550593
1769099898.8146677,12.730835421738727,-13.162662291393609,-2.608063280261828,0.263611945323193,-0.9646288106224704
1769099898.864657,12.725163669541871,-13.165999897982454,-2.6149394456959105,0.26029392021524156,-0.9655294273604412
1769099898.9145536,12.719497223346874,-13.169296155691143,-2.6181266900124283,0.25875490125137235,-0.9659430112995241
1769099898.9646585,12.711004719903537,-13.174177525539648,-2.6255481360727613,0.25516878104297946,-0.9668965266154596
1769099899.0146108,12.70550948758921,-13.177314347631008,-2.628613994570473,0.2536862978502651,-0.9672865461087663
1769099899.0646272,12.700023280391138,-13.180415967125578,-2.634256305357007,0.2509564262801571,-0.967998384352315
1769099899.1146119,12.6918945088885,-13.184963023100005,-2.6361540984154956,0.2500377831296178,-0.9682360802033904
1769099899.1646106,12.686426945157075,-13.18799443632808,-2.6378849782414537,0.2491997394478015,-0.9684521102559217
1769099899.2145543,12.680835272173525,-13.191063157447237,-2.640551035546328,0.24790854400903017,-0.968783440097591
1769099899.2646139,12.672443836434558,-13.195658775443494,-2.642788517618424,0.24682457130677204,-0.9690601792454523
1769099899.3145485,12.666725436925006,-13.198759430408275,-2.646973427235048,0.24479631781074868,-0.9695745266797694
1769099899.3646116,12.660971187506036,-13.201846987678042,-2.6511713086139914,0.24276070064824154,-0.9700862034998616
1769099899.4146514,12.652270667281137,-13.206456429434988,-2.6586328800874695,0.23913983581029688,-0.9709851383665068
1769099899.4646142,12.646436499685901,-13.209501230094531,-2.6659982531982624,0.23556238835147508,-0.971859229103757
1769099899.5145397,12.640723095498055,-13.212448660370717,-2.6739142359362953,0.23171394283214466,-0.9727839681538659
1769099899.5645983,12.632024372068024,-13.216840695200629,-2.674697544390054,0.231332930117265,-0.972874645287542
1769099899.6145947,12.62642631927771,-13.219624771059753,-2.6834602836706676,0.22706819994391303,-0.9738788592911498
1769099899.6649587,12.620595449677774,-13.222507982547063,-2.6834657298616094,0.2270655479779602,-0.9738794776159259
1769099899.7146342,12.612110248316217,-13.22664794624101,-2.6882147579031686,0.2247524195434533,-0.97441590191733
1769099899.7647896,12.60634628764998,-13.229438107483654,-2.6904620118713733,0.22365739789353314,-0.9746678246292394
1769099899.814589,12.600547455706028,-13.232214499304407,-2.6955490620210467,0.22117758503744778,-0.9752335494008615
1769099899.8646536,12.594784551702025,-13.234948391390342,-2.70297324742999,0.21755591213648634,-0.9760478600429702
1769099899.914594,12.586075895108365,-13.239030896621982,-2.707469824155618,0.21536092708930005,-0.9765345211938169
1769099899.9646158,12.580216731333886,-13.241737986904221,-2.7175761762255375,0.2104235976795399,-0.9776103055612697
1769099900.014891,12.574526727830973,-13.244327447050752,-2.720320613074722,0.20908190511513933,-0.9778981321965105
1769099900.0645993,12.565655527941976,-13.24829827420768,-2.7268065434480926,0.20590952163719542,-0.9785710341611085
1769099900.114557,12.55955134734579,-13.251015831669358,-2.728908612546767,0.20488089612927476,-0.978786911641786
1769099900.1645966,12.553586687599742,-13.253611565371132,-2.733868777798374,0.2024527961124423,-0.9792920225072059
1769099900.2146482,12.544449594301687,-13.257543588046907,-2.740234701231921,0.19933472680991937,-0.979931460198934
1769099900.264599,12.538466458957457,-13.260095784365342,-2.744113398719251,0.19743392429881326,-0.9803161967120458
1769099900.3146837,12.532537379854663,-13.26258122353346,-2.747812798091909,0.1956202970222217,-0.9806797129506339
1769099900.3647437,12.523799108052723,-13.26622129767892,-2.750068295482065,0.19451421259347385,-0.9808996998160112
1769099900.414625,12.518039368321482,-13.26858668436418,-2.755849223634708,0.19167814863525845,-0.9814578377779454
1769099900.4646223,12.512295607727832,-13.270923902698943,-2.7600977045500175,0.18959286529287622,-0.9818627935867807
1769099900.5145485,12.503583839552672,-13.274428301481473,-2.7668487380968445,0.1862774971375512,-0.9824971725456362
1769099900.5645993,12.498003511729003,-13.276628964200249,-2.7695788232007885,0.18493617355710001,-0.9827505338131637
1769099900.6145964,12.491960926016572,-13.2789685813605,-2.780068939105093,0.17977906983925773,-0.9837070122997656
1769099900.6647143,12.482762511076684,-13.282479164753767,-2.782703365480067,0.1784831624018649,-0.9839429662023249
1769099900.7145982,12.476623856010868,-13.284779465580865,-2.786558117910035,0.17658640379338503,-0.9842851426265254
1769099900.7646623,12.470431441310161,-13.287080298750407,-2.7909638053976633,0.17441775073397678,-0.9846717464357857
1769099900.814552,12.461326598801131,-13.290408310419913,-2.795434942644432,0.17221601545744591,-0.9850592083829077
1769099900.864653,12.455183252907924,-13.292622454794099,-2.801995043254036,0.16898405108241735,-0.985618785575729
1769099900.9145515,12.449273763983996,-13.294738210769811,-2.801001867461769,0.16947347658572587,-0.9855347486182044
1769099900.9646266,12.440208224102157,-13.29795116397942,-2.8054213495383644,0.1672952880138161,-0.9859068346493873
1769099901.014562,12.434207610926267,-13.300037791568238,-2.8089592585954732,0.1655510028133473,-0.9862012297028914
1769099901.064636,12.428155480781724,-13.30213009322598,-2.8127968220723054,0.16365839430814327,-0.9865170702894503
1769099901.115609,12.418977256415399,-13.305250230347445,-2.818318070280575,0.1609343713403225,-0.986965109880433
1769099901.1646187,12.413068170673736,-13.3072131378538,-2.8292259386246643,0.15554916176416303,-0.9878281521977729
1769099901.2146595,12.4072029650787,-13.30914586624171,-2.830218655986085,0.15505882554442907,-0.9879052386847548
1769099901.2646153,12.398098225044981,-13.31208495220403,-2.8402405897314034,0.15010653909398916,-0.9886698270510862
1769099901.314641,12.392015473808993,-13.314003122413077,-2.8441220870708257,0.14818749795840283,-0.9889592840197358
1769099901.3646226,12.383084178948344,-13.316734807273672,-2.8529997154335685,0.14379624600710328,-0.9896073158754762
1769099901.4147367,12.377146031171549,-13.318520665592883,-2.857535094254378,0.14155175616995416,-0.9899308563355331
1769099901.4646144,12.370873942737965,-13.32033889937242,-2.862140757708525,0.1392717386744942,-0.9902542011052432
1769099901.5147307,12.361991735044011,-13.322879763069844,-2.868968352745189,0.1358904063697851,-0.9907238754853214
1769099901.5646076,12.355825046768445,-13.324605415670204,-2.870984321183252,0.134891703472478,-0.990860347543635
1769099901.61764,12.346846740621537,-13.32708507256233,-2.8787412149942067,0.1310476993155405,-0.9913760641169947
1769099901.6646209,12.340722971629038,-13.328774957546985,-2.87652344795491,0.13214693909991992,-0.9912301380035425
1769099901.7206345,12.335006526555082,-13.330324419743246,-2.8782776334488487,0.1312774876170026,-0.9913456618379725
1769099901.764689,12.32608845650923,-13.332735924311047,-2.8798999116526165,0.13047332528859198,-0.9914518200034419
1769099901.8148699,12.320163771418638,-13.334291195727264,-2.8851498513470135,0.12787034763411415,-0.9917908923739575
1769099901.8649547,12.311243705945325,-13.336597293602145,-2.893184688607904,0.12388488725339022,-0.9922965961395891
1769099901.9148638,12.305058863045716,-13.338156613103589,-2.8993085229208275,0.12084598129812091,-0.9926712692548799
1769099901.96463,12.299070218446618,-13.33956329354936,-2.9105075899840926,0.11528561974318766,-0.9933323843912616
1769099902.0146532,12.289880285750465,-13.34172557630677,-2.9190251599077044,0.1110541980299568,-0.99381435142582
1769099902.0649827,12.283597907129804,-13.343202710157147,-2.9177814817890253,0.11167216910014778,-0.9937451014462753
1769099902.1146252,12.277151592842726,-13.344647918925313,-2.9235535023212558,0.10880374945519063,-0.994063249549289
1769099902.1646545,12.267561394012988,-13.346762880865654,-2.931865025134135,0.1046717321198186,-0.9945068267714591
1769099902.2146828,12.261251659849448,-13.348120228471783,-2.936107820145776,0.1025617538719646,-0.9947266391540475
1769099902.2649212,12.255007071528908,-13.349419483721748,-2.942659715021156,0.0993025371785655,-0.9950572878532671
1769099902.3149784,12.24585876695424,-13.3512986989165,-2.942547813036002,0.0993582114660289,-0.9950517302202292
1769099902.3649886,12.23975513263006,-13.352529201742831,-2.9507686911516493,0.0952672841245445,-0.9954517289027798
1769099902.4146304,12.233550121719675,-13.35376740413482,-2.952307957343984,0.09450112338890164,-0.9955247549298991
1769099902.4650016,12.224233540355296,-13.355580232737712,-2.9524780528526375,0.09441645590245114,-0.9955327884378397
1769099902.5146477,12.217722236209626,-13.35683627874113,-2.9576781062208646,0.0918277278699473,-0.9957749084980214
1769099902.5649908,12.211530723513054,-13.358012323300146,-2.9581674228078945,0.09158410053424226,-0.9957973451106072
1769099902.614642,12.2019996381081,-13.359781997903886,-2.9651421269222427,0.08811085474802512,-0.9961106752141413
1769099902.664726,12.195593775072737,-13.360913003640443,-2.972309264315452,0.08454066559651492,-0.9964200298370653
1769099902.7146437,12.1891801540964,-13.36199922131423,-2.981815227322161,0.07980376253643799,-0.9968105935858766
1769099902.7647343,12.179483981184347,-13.36355752774283,-2.9918731323031564,0.07478986141803443,-0.9971993164002225
1769099902.814642,12.17312514512286,-13.364505310733305,-3.0038049671153915,0.06883935698696461,-0.997627757698041
1769099902.8649921,12.166787747510215,-13.365420031147185,-3.00627612534397,0.06760665673236252,-0.9977120526311549
1769099902.914638,12.157212281307746,-13.366756669508181,-3.010545152387142,0.06547687446961552,-0.997854086983508
1769099902.9646776,12.150844612238854,-13.367639143546953,-3.013046538935368,0.06422881418928311,-0.997935198010291
1769099903.01464,12.144443638934343,-13.368466526075002,-3.0170874674577894,0.06221239205871912,-0.9980629330229293
1769099903.0649493,12.135057562766907,-13.36969290884826,-3.0187762344683096,0.06136962210280397,-0.9981151083331817
1769099903.114682,12.128705400249304,-13.37050178398584,-3.0229704044701013,0.05927635646958066,-0.9982416108155837
1769099903.164646,12.122472619595124,-13.371245876674083,-3.0316438184796617,0.05494673124784265,-0.9984892872360611
1769099903.214713,12.113017249804285,-13.372323081458541,-3.0338088368287273,0.053865825450832155,-0.9985481825372777
1769099903.2649498,12.106651850129586,-13.373020847239165,-3.0408103009414096,0.05036985289248238,-0.998730633313903
1769099903.314627,12.10030820554134,-13.373682922136249,-3.0428973453427166,0.04932762806845913,-0.9987826515859893
1769099903.3646286,12.090509997092894,-13.37465061218578,-3.0496868444074483,0.04593673340795637,-0.9989443510645657
1769099903.4146383,12.083884585663876,-13.375292917170013,-3.051224190601021,0.0451688582646724,-0.9989793662749326
1769099903.4646418,12.077429878006319,-13.375861378372564,-3.0575781616764766,0.04199489265460952,-0.9991178253794333
1769099903.514939,12.067643773040471,-13.376683358159354,-3.0623605777770178,0.03960567628341832,-0.9992153873945963
1769099903.5647132,12.061310406986276,-13.377182645960213,-3.069903968175697,0.03583666763054705,-0.9993576603264407
1769099903.6147707,12.054874035974011,-13.377660249239755,-3.0724208211801405,0.034579021421391735,-0.9994019668169254
1769099903.6646588,12.04545518158759,-13.378305805592374,-3.077917727277713,0.03183208489217908,-0.9994932307781864
1769099903.7146373,12.039268129706391,-13.378720732411105,-3.078183215690535,0.03169940767637898,-0.9994974474969742
1769099903.765007,12.032926547517288,-13.379104055688721,-3.080684943862698,0.03044914774179763,-0.9995363172000296
1769099903.8146503,12.023349988913766,-13.379664218541219,-3.086001737231394,0.027791879246884605,-0.9996137311221402
1769099903.8647292,12.016854537905148,-13.380015306034997,-3.0895755889454146,0.026005600203157002,-0.9996617971884659
1769099903.91464,12.01035660921708,-13.380322021658468,-3.096870073660931,0.02235942646848883,-0.9997499967731934
1769099903.9649384,12.003856033753443,-13.380571881039058,-3.106481958368985,0.01755444589319705,-0.999845908842649
1769099904.0147164,11.994041539962502,-13.380916616409706,-3.114428018083171,0.01358190014762537,-0.9999077617402417
1769099904.0646663,11.98751571531313,-13.381142476203543,-3.112067257596369,0.014762161778916066,-0.9998910333529415
1769099904.1146636,11.977901846406098,-13.381426412001764,-3.111481978833881,0.015054768635951848,-0.9998866705488767
1769099904.1649797,11.971424687335402,-13.381605525925833,-3.1150976442057012,0.013247117213925238,-0.9999122530930005
1769099904.214654,11.965048593303743,-13.381773280745342,-3.1145602964317884,0.013515767044221014,-0.9999086578489089
1769099904.2650042,11.958596410181338,-13.381937622182596,-3.116061632838256,0.012765163671043947,-0.9999185219788918
1769099904.3146803,11.94893113324125,-13.382193148470794,-3.11476157678747,0.013415135990793635,-0.9999100130143455
1769099904.364985,11.94296027825509,-13.382364315259746,-3.1109926247274085,0.015299417506990048,-0.9998829570624488
1769099904.41505,11.93334679519494,-13.382661080521476,-3.109043904820925,0.01627365600166668,-0.9998675752920181
1769099904.464683,11.927123396458967,-13.382855092689528,-3.1068694015061733,0.017360753847203113,-0.9998492907562904
1769099904.514655,11.920697873342307,-13.383063288168898,-3.1088636498763402,0.016363771472637765,-0.9998661045275968
1769099904.5646899,11.91123696274614,-13.383379779030912,-3.1077269978849977,0.016932018698737575,-0.9998566430957918
1769099904.6146898,11.904912358380589,-13.38357690914809,-3.1121265356911167,0.014732525954729975,-0.999891470450165
1769099904.6650176,11.898411051264947,-13.38379137544167,-3.1112687238273944,0.015161383969374683,-0.9998850596124202
1769099904.714668,11.88859528685055,-13.384097706941251,-3.110182673210078,0.015704344600441227,-0.9998766791763225
1769099904.7647164,11.881916757941541,-13.38431379595726,-3.1104392413412376,0.015576076226088177,-0.9998786855661036
1769099904.8147404,11.875415176706223,-13.384519884495893,-3.1084471163598466,0.016572009988513558,-0.9998626748133669
1769099904.8650477,11.865675242511333,-13.384821897968274,-3.111728200235766,0.014931671773301573,-0.9998885163747279
1769099904.9147377,11.859274944147561,-13.385027654982913,-3.1090909925198815,0.016250115265467675,-0.9998679581594057
1769099904.965061,11.85300134166984,-13.385235813264888,-3.1066846546297793,0.017453113289669395,-0.999847682817987
1769099905.0146663,11.846677691828068,-13.38546171618472,-3.1040597120441347,0.01876536926161641,-0.9998239149552661
1769099905.0650458,11.837293466550845,-13.385797587791227,-3.1059317556808153,0.017829504178861224,-0.9998410417565063
1769099905.1146717,11.830767792820788,-13.386039978222142,-3.1052088369697044,0.018190904904864805,-0.9998345317995084
1769099905.1646693,11.824419736582373,-13.386291527170417,-3.099849876091616,0.02086987346754937,-0.9997822004724072
1769099905.2147112,11.814733801406254,-13.386685941916399,-3.101426832255121,0.020081560710256366,-0.9997983451273763
1769099905.264999,11.80826000154124,-13.386959416878867,-3.0994978768326824,0.021045834440240347,-0.9997785118978673
1769099905.3146138,11.8018109871114,-13.387218201454228,-3.1028332692206226,0.019378479127557482,-0.9998122196426201
1769099905.3647313,11.792023727313305,-13.38761369462523,-3.103139541343998,0.01922537159519352,-0.9998151754634587
1769099905.4146643,11.785751242808274,-13.387853079716155,-3.1016685487710483,0.019960726677580587,-0.9998007648479286
1769099905.465039,11.779098823053435,-13.388092836856442,-3.1075704579959216,0.017010277370794476,-0.9998553147649757
1769099905.5146108,11.769460037105045,-13.388393494549247,-3.1130460138081255,0.01427283525075864,-0.9998981378990085
1769099905.564655,11.76293206215497,-13.388565472118504,-3.1176650628919242,0.011963509949855124,-0.9999284346540405
1769099905.6146483,11.756833096285579,-13.38868366529649,-3.1239834603069485,0.008804482885121681,-0.9999612397893859
1769099905.664648,11.747165657028187,-13.388843676059507,-3.127423502615246,0.007084516223519789,-0.9999749045000473
1769099905.7146568,11.741167123301912,-13.388905444115508,-3.133069810501526,0.004261408646446108,-0.9999909201569522
1769099905.7646513,11.73213123794307,-13.388964535641056,-3.1392779075962594,0.0011573727383810744,-0.9999993302439479
1769099905.8146098,11.725828961951944,-13.388984819093025,-3.140558243350574,0.0005172050965508559,-0.9999998662494352
1769099905.864657,11.719677910064291,-13.388928092720931,3.1353636117030588,0.0031145159081025354,0.9999951498835673
1769099905.9146645,11.71008534598416,-13.388868339464645,3.130520767495308,0.005535914770920249,0.9999846767064229
1769099905.9646804,11.703884677195298,-13.38876465885736,3.1205970722796574,0.010497597840394862,0.9999448987017141
1769099906.0146155,11.69740648462837,-13.388638995211684,3.1170022439238054,0.012294895053424432,0.9999244149212606
1769099906.064666,11.687589317347905,-13.388369142849076,3.112894165117795,0.014348751820899812,0.99989705136138
1769099906.1146104,11.680935953563957,-13.388146025171451,3.10335935996036,0.019115482485049042,0.9998172824718343
1769099906.164666,11.674461060703658,-13.387902034644501,3.1013109914093575,0.020139469419485592,0.999797180317839
1769099906.2146552,11.664750813416768,-13.38747237237417,3.0954948124008883,0.023046879848288657,0.9997343853890686
1769099906.2646794,11.658379212720932,-13.387180804228649,3.093396299571898,0.02409584468586913,0.9997096529837423
1769099906.3146536,11.652084721605629,-13.386863001096403,3.086696676071947,0.027444542372494166,0.999623327605936
1769099906.3646686,11.642505930162281,-13.386347554733787,3.084676104121433,0.02845443362310068,0.9995950906277944
1769099906.414627,11.636315453784169,-13.38598240646065,3.0777910172766685,0.03189540772240994,0.9994912120505218
1769099906.4647582,11.629747190587029,-13.385579223171497,3.075953893866721,0.03281348848918598,0.9994614924914166
1769099906.5146494,11.620328070974754,-13.384935168099117,3.0680313401130794,0.03677236438477112,0.9993236678962195
1769099906.564713,11.613840212180861,-13.384466617437223,3.0659799310430307,0.03779735567961379,0.9992854246428439
1769099906.6146615,11.607355288114299,-13.383955275535492,3.058743672648082,0.041412644163046027,0.99914212847994
1769099906.664723,11.597796468187349,-13.383147455365574,3.047872044961121,0.04684315619961754,0.9989022568386049
1769099906.714633,11.591344462111183,-13.38255227553177,3.0411077379819518,0.050221322594074025,0.9987381131993021
1769099906.7646766,11.584795360279863,-13.381909586593146,3.031217986439178,0.05515932436607227,0.9984775655644339
1769099906.814711,11.575358404040191,-13.380897387141944,3.028323664918313,0.0566042236554064,0.9983966956397485
1769099906.8646688,11.568919724458873,-13.380171597337394,3.020747201139657,0.06038596665527722,0.9981751023899103
1769099906.9146872,11.562357358236483,-13.379416713396196,3.0211867411829663,0.060166596234889014,0.998188349309642
1769099906.964699,11.552857822624153,-13.37827972271081,3.0224599746161593,0.05953112069614608,0.9982264500946971
1769099907.0147634,11.546547851799156,-13.377542475604262,3.0251338489303126,0.058196501858421915,0.9983051473229229
1769099907.0646765,11.540313441448305,-13.376812043149307,3.027908483457397,0.05681148033360399,0.9983849236152881
1769099907.1147504,11.530984287207023,-13.375742450089117,3.0253039653457536,0.05811158760141194,0.9983100938017423
1769099907.1646988,11.52477445776549,-13.375019810833425,3.024660884354387,0.05843258171425859,0.9982913569665954
1769099907.2147107,11.5184896908763,-13.374284230312615,3.022527112557999,0.05949761122793559,0.9982284479307176
1769099907.2646759,11.50893749058515,-13.373160821717759,3.0227702832011283,0.05937624086162174,0.9982356745884925
1769099907.3146827,11.502428101373093,-13.372384944531097,3.0230280719279174,0.059247573416952956,0.9982433195590155
1769099907.3646815,11.49596774948972,-13.371625448081943,3.0243624006544896,0.05858156791186876,0.998282625262499
1769099907.414692,11.48619010946181,-13.370468431332062,3.0266769864656276,0.05742622353985867,0.9983497527670101
1769099907.4647095,11.47970614505866,-13.369692904490426,3.0223039099040467,0.05960901447660169,0.9982218017019706
1769099907.514671,11.473145726099625,-13.368917540660414,3.0247278569781453,0.058399152585777984,0.9982933130985417
1769099907.5646825,11.463596512005196,-13.36776852660694,3.0234079039965205,0.05905798993710027,0.9982545536207633
1769099907.6146812,11.45718916059945,-13.366991850527743,3.021777136246741,0.059871930880587364,0.9982060668482385
1769099907.6647153,11.451209764866105,-13.366260383542082,3.0226179457493276,0.05945227502878906,0.9982311490801623
1769099907.7146852,11.441761586365846,-13.365119338908336,3.018972730437385,0.061271559009041104,0.9981211329576193
1769099907.7646806,11.435528209983179,-13.364380189678629,3.024712457299872,0.058406839281968874,0.9982928634048679
1769099907.814694,11.429369687544453,-13.363654638437438,3.0219049071997013,0.05980815988824558,0.9982098897580519
1769099907.8646762,11.41981526554452,-13.36254941804603,3.0277313823900784,0.05689988762853688,0.9983798890141267
1769099907.9146821,11.413553825417738,-13.361832418105038,3.0283878826344743,0.05657216624842461,0.9983985126220695
1769099907.9646914,11.40708933261575,-13.361108659101895,3.0288096770192747,0.05636160554867913,0.9984104213298132
1769099908.0146813,11.397607827441611,-13.360034749483328,3.0288096770192747,0.05636160554867913,0.9984104213298132
1769099908.0646696,11.391095357807488,-13.359285204199097,3.0248660179050635,0.05833018988175226,0.9982973449570818
1769099908.1146927,11.38465903807974,-13.35853814072795,3.0274913281816165,0.05701971986538568,0.9983730522938171
1769099908.1646667,11.374881230679676,-13.35738222700199,3.0239667798395904,0.058779037457316156,0.9982710176878778
1769099908.214715,11.368293936813892,-13.356618714163549,3.027151052677587,0.05718957998608473,0.9983633366370258
1769099908.2646968,11.361909016724796,-13.355867824530511,3.0254678613515935,0.05802977788789817,0.998314852578224
1769099908.314693,11.352277477862875,-13.35476903688459,3.0260313648041217,0.0577484986552317,0.9983311629429719
1769099908.3646817,11.346014691750273,-13.354063555455081,3.030945177116046,0.055295520846908565,0.9984700322865324
1769099908.4147782,11.339725445829338,-13.353367202633068,3.0325801438402222,0.05447926982246455,0.9985149018215057
1769099908.4646764,11.330365761134294,-13.352342818863091,3.0341200905180705,0.053710423896251115,0.9985565534134183
1769099908.514705,11.324128204241067,-13.35163996774225,3.0306312178793138,0.05545225960957036,0.9984613397143591
1769099908.5646691,11.317865967558658,-13.35092985300537,3.0294766521779186,0.05602864494617284,0.9984291617062754
1769099908.6150184,11.308637106326772,-13.349874181210136,3.0306198987905093,0.055457910444968284,0.9984610258638431
1769099908.6646557,11.302123175079217,-13.349137337249422,3.0302264442567304,0.055654333879259714,0.9984500964597359
1769099908.7146685,11.295685004270874,-13.348406267254859,3.0278990797921987,0.05681617457175625,0.998384656486182
1769099908.764668,11.285953008158941,-13.347295009581847,3.0259835399695336,0.05777237115008496,0.9983297817513493
1769099908.814708,11.279487195095026,-13.346583134620268,3.0282824460679096,0.05662480002540414,0.9983955288472014
1769099908.8646767,11.27337604564123,-13.345888538830328,3.022676738748083,0.05942293050175267,0.9982328963376151
1769099908.9146893,11.263972922185616,-13.34479800546153,3.0223565609779395,0.05958273573102781,0.9982233705953826
1769099908.9647014,11.25766349228226,-13.344055557563614,3.022090714310089,0.05971542238268667,0.998215441840917
1769099909.0146759,11.248336975426836,-13.342963362638667,3.027214550647364,0.0571578829347785,0.9983651518449621
1769099909.0646782,11.242050649106664,-13.342241192582392,3.0314183370869356,0.05505930127595895,0.9984830861576991
1769099909.1146798,11.235917039132556,-13.341520562474841,3.0280214794458886,0.056755073497292606,0.9983881317565413
1769099909.1647587,11.226435046930211,-13.340450845291963,3.03226083580238,0.054638686044493553,0.9985061912613918
1769099909.214675,11.220222754499718,-13.339749857243582,3.0333852179504164,0.054077326171465934,0.9985367508480321
1769099909.2646744,11.213806510184385,-13.339050742208792,3.036606240577793,0.05246910200085468,0.998622547980579
1769099909.31468,11.204396744841501,-13.33801923420094,3.0358809579668318,0.05283124032732726,0.998603454853565
1769099909.364662,11.197982239160757,-13.33730422463936,3.0318301424951493,0.05485370974282191,0.9984944018508317
1769099909.4147012,11.191593637516917,-13.336585170168119,3.0328163573731555,0.05436133807644451,0.9985213292276427
1769099909.4646745,11.181860883911545,-13.335479881682126,3.027867715125327,0.056831831565849304,0.9983837653532187
1769099909.5146866,11.175220921645817,-13.334731499159044,3.029340021106761,0.056096853038295987,0.9984253317495504
1769099909.5646708,11.168758628615558,-13.333988407453866,3.028216717723593,0.05665761143736144,0.9983936673808649
1769099909.6147046,11.158848309561547,-13.332877378147348,3.027521437440221,0.05700468972271704,0.998373910591426
1769099909.6646845,11.15255544222883,-13.33221305988635,3.0266601147263663,0.057434645486175336,0.9983492682913517
1769099909.7147615,11.14609351137307,-13.331467086227443,3.0237823519313483,0.058871091725099925,0.9982655931960667
1769099909.7646828,11.1366591858999,-13.330426039202173,3.0282440139595783,0.0566439852375095,0.9983944405576449
1769099909.8147137,11.130796688237208,-13.329784859891907,3.027330594511647,0.057099955763505884,0.9983684665752448
1769099909.8646896,11.124530766410215,-13.329107029267426,3.030153007205764,0.05569099545704412,0.9984480522415793
1769099909.9146938,11.115070524112877,-13.328070394260726,3.031811897439448,0.05486281853352894,0.9984939014047893
1769099909.9647174,11.10880471312365,-13.327392303682554,3.032478127578423,0.054530202130386826,0.9985121216367977
1769099910.0147095,11.102387891898362,-13.326698253119051,3.0365355007821244,0.05250442314552429,0.998620691529149
1769099910.0646725,11.092723561454322,-13.325666305088365,3.0352447903954465,0.053148877216635554,0.9985865995749247
1769099910.1146982,11.086330000137421,-13.324992805944708,3.0373785370189266,0.052083481778671815,0.998642734377921
1769099910.164691,11.079862994988089,-13.324292383237909,3.0316965598894865,0.05492040036238844,0.9984907358729148
1769099910.2147195,11.070176311524175,-13.323231461272604,3.028611269858633,0.056460651159605135,0.9984048251439059
1769099910.2646856,11.063737384558568,-13.322507278636385,3.0280955852377005,0.05671808028682136,0.9983902340110192
1769099910.3147104,11.057248999050953,-13.32176988532911,3.0263136614921344,0.057607585290022766,0.9983393041030953
1769099910.3646824,11.047843656704199,-13.320698479785527,3.029310526525851,0.056111577100560375,0.998424504364395
1769099910.414724,11.041430618124606,-13.319970471770942,3.0275902390963005,0.05697034479977604,0.998375871009208
1769099910.4646895,11.035137726031074,-13.319306355965937,3.032841064104993,0.05434900297293916,0.9985220006969538
1769099910.514702,11.026004224815518,-13.318309138755849,3.0359812445606527,0.05278116699139761,0.9986061027307145
1769099910.5646784,11.019661210659944,-13.317639146183348,3.038037599355503,0.051754395049772375,0.9986598432865077
1769099910.6146984,11.013445547718064,-13.316968864169672,3.0390903149126958,0.05122873552801656,0.9986869462730553
1769099910.6646888,11.004182291589265,-13.315995139044261,3.0342721204156673,0.05363451851586747,0.9985606333235709
1769099910.7146957,10.997864418238958,-13.315328066008226,3.036679253630508,0.0524326457255303,0.9986244627797884
1769099910.7646785,10.991446316921392,-13.314646202482237,3.0334745886790153,0.05403270613901242,0.9985391663161216
1769099910.8147187,10.981881467879143,-13.313635758090623,3.0361812645069777,0.0526812961580716,0.9986113763797735
1769099910.864671,10.975463520200918,-13.312952424915412,3.0354422972713193,0.053050263097850235,0.9985918433400349
1769099910.9147012,10.965973261636472,-13.31195868072563,3.0332037685793667,0.05416791788149296,0.9985318405901655
1769099910.9646747,10.959552984943905,-13.31129698805886,3.038442476543681,0.05155222669602193,0.9986702999101765
1769099911.0147016,10.953007833179182,-13.310613257503169,3.0340629545336713,0.0537389506301587,0.9985550186069716
1769099911.064682,10.94336620127357,-13.30960678093528,3.036814346926222,0.05236519187103953,0.9986280021511059
1769099911.1147053,10.937123820453506,-13.308947978062692,3.0348677194762677,0.053337145254406006,0.9985765613793017
1769099911.164693,10.930728327042152,-13.308292800972135,3.0393877696843066,0.051080202863221374,0.9986945543435451
1769099911.2147052,10.921638158512081,-13.307367180435037,3.043771400939559,0.04889112758840683,0.9988041137496051
1769099911.2646928,10.915290665723083,-13.30674122712216,3.046107365894013,0.04772450880238399,0.9988605364411847
1769099911.3147516,10.908993323849003,-13.30612291214418,3.0483017926074005,0.04662851717300729,0.99891229914655
1769099911.364691,10.899847238874013,-13.305249193216776,3.04681946069207,0.04736886408889399,0.9988774653154049
1769099911.4148254,10.893522364033595,-13.30465213372655,3.0491071358564112,0.04622627976536427,0.9989309941427658
1769099911.4646919,10.887072622374284,-13.30403181002567,3.0453485164982386,0.04810349771527705,0.9988423566847555
1769099911.5147002,10.877347687543065,-13.30309528015729,3.044151815060739,0.048701147110561366,0.9988133951194865
1769099911.564663,10.870874878336535,-13.302450309634409,3.043125140576829,0.049213868784776856,0.9987882634068318
1769099911.6147394,10.864754796409915,-13.30183930724993,3.0418163994909815,0.049867435819615794,0.9987558454621313
1769099911.664696,10.855160660598028,-13.300865833211732,3.043121556750009,0.04921565852678089,0.9987881752182368
1769099911.7147112,10.848588987598085,-13.300191881423576,3.039144282416052,0.05120178718880693,0.9986883282529501
1769099911.7646997,10.839370700712262,-13.299275868524747,3.0427688921340827,0.049391776384837424,0.9987794813799241
1769099911.814729,10.83335063576066,-13.298682312629749,3.044272911423473,0.04864067068672771,0.9988163420545066
1769099911.8646986,10.826976577503077,-13.298067759785148,3.045520579055978,0.04801756585203203,0.9988464913937706
1769099911.914699,10.81763017895531,-13.29716123179826,3.0479260175333875,0.04681619952044159,0.9989035205976913
1769099911.964667,10.811257291658409,-13.296534832832064,3.0502678920998445,0.04564651431840539,0.9989576546233477
1769099912.014714,10.804880373125858,-13.295950837817182,3.0536232679267865,0.043970511682204734,0.9990328293416614
1769099912.0646992,10.795355935949562,-13.29504517977871,3.049097340205685,0.046231172354368855,0.9989307677225387
1769099912.1147063,10.78880434709263,-13.294426004843297,3.0509760896344438,0.04529278178999539,0.9989737553698415
1769099912.1646774,10.782732132734031,-13.293845531229955,3.046764910374634,0.0473961086126773,0.9988761729505692
1769099912.214712,10.772927947583883,-13.29294060533618,3.0471661276237976,0.047195724485137924,0.9988856609193681
1769099912.2646794,10.766828162112832,-13.292383168843102,3.0512456121739295,0.04515815840741737,0.9989798500116259
1769099912.3147314,10.760300963590083,-13.291775147052894,3.047108950693344,0.04722428107383012,0.9988843112578453
1769099912.364669,10.750548830178806,-13.290857286564675,3.0473229172484375,0.047117416886274764,0.9988893577498786
1769099912.4147308,10.744074078807108,-13.290232090425244,3.0430768091763922,0.049238005188159725,0.9987870738275956
1769099912.464671,10.73800116781902,-13.289659405340917,3.045864841651171,0.0478456323988572,0.9988547419221443
1769099912.5147133,10.728477062456744,-13.288749851330634,3.0483257052843133,0.04661657383613784,0.9989128565814838
1769099912.5646706,10.722050346318563,-13.288154505413239,3.0517250969442773,0.04491865929996475,0.9989906476272407
1769099912.614716,10.715747600213655,-13.28759318471619,3.05698082358439,0.04229329634492469,0.9991052382428391
1769099912.6646712,10.706317106234664,-13.286772633354461,3.0554659100663955,0.04305006315552237,0.9990729162890493
1769099912.7147589,10.700391662092443,-13.286255142849472,3.056900651389643,0.042333346540800086,0.9991035420669153
1769099912.764675,10.694088591486022,-13.285698020998485,3.05451585259664,0.04352464662397642,0.999052353551233
1769099912.8149624,10.684481803043749,-13.284858840547695,3.0551930602866664,0.04318636116705244,0.9990670338916948
1769099912.8646739,10.678053651426685,-13.284279080341227,3.0509167124590717,0.045322439889962575,0.9989724102508641
1769099912.9147317,10.671575011493161,-13.283695858813935,3.0492724406624094,0.04614371556046654,0.9989348114438072
1769099912.9646764,10.66174513594765,-13.282794065030874,3.051043540736491,0.04525909082388546,0.9989752823257416
1769099913.014738,10.655519597978236,-13.282222209583896,3.0492069375595725,0.046176432200553036,0.998933299629774
1769099913.0646784,10.645763593352049,-13.28134645096259,3.0505157070142404,0.045522735665482546,0.998963302898325
1769099913.114727,10.63963858812108,-13.280787056605076,3.0508885389856846,0.045336512146772645,0.998971771706471
1769099913.164707,10.633513142747395,-13.280232499334616,3.0480609458224865,0.046748809242448223,0.9989066767393304
1769099913.2147274,10.62469115658645,-13.279426479746277,3.05121135810173,0.045175267964747405,0.9989790764396986
1769099913.264701,10.618641418982808,-13.278877836024165,3.0496555683777467,0.045952354908935976,0.9989436325831018
1769099913.3147366,10.609541392141828,-13.278054884077367,3.053135427561722,0.04421419464181898,0.9990220743267765
1769099913.36473,10.60349129219753,-13.277510323690562,3.0499710650378793,0.045794772647967656,0.9989508690611971
1769099913.4147344,10.597137027457075,-13.276956695936205,3.054837932558888,0.043363758688132616,0.9990593498048238
1769099913.4647024,10.587504227441741,-13.27612434320311,3.0576310847621166,0.041968454440791364,0.9991189362792856
1769099913.5147243,10.581021829079704,-13.275584185982558,3.0604875505227773,0.04054143760512103,0.9991778579596878
1769099913.5646868,10.574691474949816,-13.275049034629319,3.06098916864997,0.04029083346969391,0.9991879946928492
1769099913.6147218,10.564880134041195,-13.274225857735484,3.0546186986846076,0.04347327225333346,0.999054590400138
1769099913.6646922,10.558474375786215,-13.273680710864873,3.05552523568936,0.04302042782501437,0.9990741928354234
1769099913.714732,10.551818147267767,-13.273094008207178,3.049847749094437,0.04585636584531495,0.9989480435495435
1769099913.765291,10.542035932554226,-13.272227748534744,3.051471750886047,0.045045204110635326,0.9989849496296884
1769099913.8147442,10.535582078726893,-13.27165149784297,3.0526139329683875,0.044474685441016126,0.9990105116338479
1769099913.8646817,10.529076479798722,-13.271085598884572,3.055966007461008,0.04280024493105497,0.9990836496679554
1769099913.9147227,10.519644494720753,-13.27028141762615,3.0604651099425486,0.04055264866801096,0.9991774030101005
1769099913.9646857,10.513262921819294,-13.26975104854941,3.058561808291027,0.04150349816210845,0.999138358607209
1769099914.0147364,10.50715793693944,-13.269253687894329,3.0615772048782888,0.039997052362532606,0.9991997977393254
1769099914.0672626,10.497672836091441,-13.268477701373573,3.0589743326649783,0.04129741281776791,0.9991468979557304
1769099914.1148312,10.491366968249924,-13.26795287294813,3.0588772242567663,0.0413459255514845,0.9991448916149704
1769099914.1646886,10.485112671705481,-13.267418755015637,3.056108096940096,0.04272926518542733,0.9990866878788414
1769099914.2147472,10.475277588173597,-13.266575490692912,3.0533220353020902,0.04412098182356445,0.9990261953336983
1769099914.2646835,10.468847343280846,-13.266019837855296,3.0544972653450233,0.04353393144083341,0.9990519490063091
1769099914.3148708,10.462291038612923,-13.265452855678474,3.051443868549695,0.04505913112344543,0.9989843215498431
1769099914.3682783,10.452582931887603,-13.264610391835596,3.054513948078848,0.04352559798044788,0.9990523121040481
1769099914.414733,10.44617892041922,-13.264045038035075,3.0526570819812733,0.044453132271947436,0.999011470920736
1769099914.4647648,10.439648971222908,-13.263467221903067,3.051864427861235,0.04484906404953667,0.9989937744820437
1769099914.5147617,10.430145880043336,-13.262604843548253,3.052569534934937,0.04449686248111232,0.9990095240934077
1769099914.5647614,10.423617410444427,-13.262010320052365,3.050550700783262,0.045505256912973906,0.9989640992514617
1769099914.6147466,10.41736511085565,-13.26145353162857,3.055703630827916,0.042931312664463483,0.9990780261785893
1769099914.6647599,10.407832610090114,-13.260636553657092,3.0587609335724175,0.04140402110316371,0.9991424858529883
1769099914.714754,10.401348418580753,-13.260117581414205,3.067386119001214,0.0370947548296463,0.9993117527399187
1769099914.764749,10.395085769520708,-13.25968752760436,3.0727160101396267,0.034431514831943746,0.9994070596040322
1769099914.8147266,10.385515764308371,-13.259027333451945,3.0767049675869105,0.032438151553522955,0.9994737446895695
1769099914.8647654,10.379124795153853,-13.25862371095263,3.083840634045925,0.02887199702119255,0.9995831169982856
1769099914.914739,10.37273302687105,-13.258237008954742,3.083200269980337,0.029192044090142772,0.9995738214668485
1769099914.9647605,10.363180414539144,-13.25770151822561,3.089518146927078,0.02603431148806933,0.9996610498690754
1769099915.0147202,10.356610291071176,-13.257330265180443,3.0882814953977507,0.026652422654940375,0.9996447610859682
1769099915.064745,10.350038970189404,-13.256977761807867,3.0929516224093794,0.0243181181143712,0.9997042708378191
1769099915.114726,10.343416432115884,-13.256636983011616,3.0943321034404287,0.023628075984924217,0.9997208180413423
1769099915.1647255,10.333581608185257,-13.256171082415406,3.096381433970929,0.022603684562968684,0.9997445040830071
1769099915.2147264,10.326932205796554,-13.255860158035054,3.0994797205251543,0.021054910582434003,0.9997783207993488
1769099915.264717,10.32071070186936,-13.255610506667066,3.102981178178418,0.019304538482932655,0.9998136500338255
1769099915.3147192,10.311149890701412,-13.25525257345507,3.106886021131697,0.017352445286207503,0.9998494349863829
1769099915.3647454,10.305204468841852,-13.255070379029323,3.1133155821831204,0.014138064663424047,0.9999000525690419
1769099915.414749,10.296045975485061,-13.254802683703097,3.115730888437278,0.012930522222029046,0.9999163973028273
1769099915.4647453,10.289745634307906,-13.25464235895549,3.1222121540495427,0.009690098116909285,0.9999530498970862
1769099915.5147338,10.28331833219365,-13.254503682046458,3.127424727085288,0.007083904003861903,0.9999749088372488
1769099915.5647283,10.273676138453764,-13.25435795050429,3.1290253357699642,0.006283617558944655,0.9999802578803109
1769099915.614752,10.267171898261108,-13.254271611291825,3.1327985119731947,0.004397056639315337,0.9999903328997289
1769099915.6647604,10.260743858629839,-13.25417799872426,3.130818902248624,0.005386849617510493,0.999985490820341
1769099915.7147808,10.251202283609164,-13.254075196189994,3.130233352761496,0.0056796198780980685,0.9999838708289451
1769099915.7647543,10.244824843284658,-13.253972150876061,3.1254436877875023,0.00807439516238566,0.999967401540051
1769099915.8147366,10.23832102557147,-13.253855565413733,3.12139678701813,0.010097761675264388,0.9999490163049062
1769099915.8647356,10.22855299431228,-13.25366382870647,3.1211059130928844,0.010243191115667285,0.9999475371417083
1769099915.9147265,10.221872547600299,-13.253517640129916,3.11774586100037,0.011923113777052862,0.9999289171525442
1769099915.9647903,10.215723128034782,-13.253404265241443,3.1207925199777966,0.010399879326065998,0.9999459197926672
1769099916.0147462,10.206005926849755,-13.253202117004774,3.12260006224422,0.00949615294468953,0.999954910523095
1769099916.0647469,10.199603411656815,-13.25308394573495,3.1240546454456255,0.00876889168978929,0.9999615525301624
1769099916.1147568,10.193302107620832,-13.252968721210328,3.125902595271922,0.007844948689473304,0.9999692279165692
1769099916.164779,10.183912926562067,-13.252825547429739,3.128120591273022,0.0067359802182582005,0.9999773130279003
1769099916.2147403,10.177585829153397,-13.252740303221929,3.130194176169987,0.005699207856818751,0.9999837593830235
1769099916.2647793,10.17136016084762,-13.2526449016925,3.1281453140593936,0.006723619105000733,0.9999773962176
1769099916.3147542,10.161894864744955,-13.25251451819607,3.128517544761697,0.006537507845384854,0.999978630267253
1769099916.3649046,10.15571980277998,-13.25241835709541,3.1263587452001866,0.007616880541620045,0.9999709911446505
1769099916.4147534,10.149215682886481,-13.252321188100128,3.122133445242866,0.009729450665040332,0.9999526677747085
1769099916.4647546,10.139573771866754,-13.252155233668017,3.123885258761566,0.008853581744023628,0.999960806277077
1769099916.5147479,10.133348286167305,-13.252046961544819,3.1187960960933387,0.011398031937660598,0.9999350403240943
1769099916.5647366,10.123934511122522,-13.251865936514026,3.121154806517802,0.010218745682694427,0.9999477872552508
1769099916.6147516,10.117861315862282,-13.251736506016059,3.1187815488926236,0.011405305065225874,0.9999349573929142
1769099916.6647515,10.111383289232933,-13.251597405401327,3.119107202693622,0.011242488604940112,0.9999368012279415
1769099916.7147593,10.102223305817798,-13.251383367519296,3.1190396243367973,0.011276275641493623,0.9999364207826701
1769099916.7647493,10.095770726759,-13.251237600795651,3.1199360903998063,0.010828069990528424,0.9999413747316791
1769099916.8147647,10.086585109483641,-13.251038291518912,3.121999947093602,0.009796196558566042,0.9999520161152664
1769099916.864752,10.080562529115689,-13.2509101704132,3.119980795597373,0.010805718699469077,0.9999416165173785
1769099916.9147644,10.07448922976294,-13.25078618591704,3.1230819344188916,0.00925522744773997,0.999957169465218
1769099916.964781,10.065151550396141,-13.250594965168574,3.122753308663953,0.00941953316192188,0.9999556352133886
1769099917.0147524,10.058875614039408,-13.250476716648862,3.1230723856870046,0.009260001609089304,0.9999571252659785
1769099917.0647388,10.049563534983047,-13.250270367565834,3.121040008509865,0.0102761416728383,0.9999471990621903
1769099917.1147306,10.043161835601708,-13.25011134765429,3.1160087908177436,0.01279158252411005,0.999918184361365
1769099917.16474,10.03698835037621,-13.249939828326468,3.1142769293910884,0.013657437486760307,0.9999067328512671
1769099917.2147367,10.027348985981785,-13.249659553205108,3.110399835609573,0.015595776698653965,0.9998783784786857
1769099917.2647626,10.02074581280179,-13.249464648023263,3.111436122408687,0.015077694246147895,0.9998863251071192
1769099917.314745,10.014497236189458,-13.249264471657266,3.108339520214058,0.01662580064956988,0.9998617818242483
1769099917.3647506,10.005111593625672,-13.2489714455624,3.1083643709843978,0.01661337698053096,0.9998619883290407
1769099917.4147475,9.998786257796471,-13.248799262625818,3.1082082687391455,0.016691417280507864,0.9998606885907496
1769099917.4647577,9.989654191256648,-13.248494280891093,3.10666486378878,0.017463007202071845,0.9998475100631398
1769099917.5147424,9.983708194621338,-13.24833624323063,3.110366041232281,0.015612671830010794,0.9998781148111646
1769099917.5647545,9.977332183082279,-13.248163312675684,3.109332812493798,0.016129221125199288,0.9998699156519784
1769099917.61474,9.96802125521398,-13.247908206240727,3.113935072157329,0.013828349961271054,0.9999043837974452
1769099917.6648467,9.961872905002247,-13.247744999069786,3.114186671034123,0.013702562442250179,0.9999061154841069
1769099917.7147489,9.952156711845412,-13.247497288522677,3.1119983701060705,0.014796601762082291,0.9998905242956823
1769099917.764754,9.945628665028933,-13.247329339812435,3.1136909172189897,0.01395041565451223,0.9999026882167416
1769099917.8148026,9.939126136176814,-13.247155263899232,3.109542637601906,0.01602432213005441,0.9998716023071523
1769099917.8647928,9.929436183600533,-13.246875377676353,3.1105846208399073,0.01550339525398271,0.9998798151455998
1769099917.9147427,9.922934582977174,-13.246669811404521,3.10725631310892,0.017167326877749328,0.999852630585064
1769099917.9647667,9.9163826594421,-13.246454767423478,3.106455257185754,0.01756779442603966,0.9998456743913055
1769099918.0147562,9.909983008412734,-13.246229807759644,3.1052848838651728,0.018152887735661212,0.9998352227576585
1769099918.0647438,9.900295062870292,-13.245887888425486,3.1052095742040553,0.018190536348682538,0.9998345385049204
1769099918.114758,9.893870187883,-13.245660222729745,3.1076689192838836,0.016961053829167128,0.9998561509802318
1769099918.1647475,9.887445061494299,-13.245439565720663,3.1070929546936603,0.017248993991005546,0.9998512250361542
1769099918.2148328,9.877908136289014,-13.245124265232604,3.1101780539873705,0.015706653926929885,0.9998766429027232
1769099918.2647543,9.87171038558529,-13.244920153332792,3.1098396846645104,0.015875817492634843,0.9998739712678496
1769099918.3147614,9.865512284720912,-13.24472660214669,3.108528675622089,0.01653123594369461,0.999863349782446
1769099918.3647587,9.856000407209029,-13.244419903890135,3.108537439654277,0.016526854526245374,0.9998634222129882
1769099918.4147651,9.849549470141152,-13.244213799557368,3.106724235344075,0.01743332594351635,0.9998480280255331
1769099918.4647589,9.843099185977369,-13.243988271755338,3.107236465729694,0.017177249104068686,0.9998524601726081
1769099918.5147476,9.833183802065644,-13.243631288459142,3.1031193685194274,0.019235456142284314,0.999814981497576
1769099918.5647547,9.826607605067716,-13.243386168792716,3.103991251544975,0.018799593472760848,0.9998232720262411
1769099918.6147418,9.82041135583766,-13.243139683010545,3.1011476663648563,0.02022111531172593,0.9997955323442638
1769099918.6647608,9.810649306591234,-13.242747637803161,3.1001856407512327,0.02070202740911835,0.9997856900662022
1769099918.7147474,9.804327163385034,-13.242483028132026,3.0995568034731855,0.02101637763663313,0.9997791315440798
1769099918.7647514,9.795046194470226,-13.242096475749648,3.09793000982391,0.021829587765528898,0.9997617061570158
1769099918.8147585,9.788622763855457,-13.241831441950655,3.099605987637017,0.020991790979979986,0.9997796480782417
1769099918.8647625,9.782199387326875,-13.241564699430558,3.09855125644294,0.02151903742749614,0.9997684387037801
1769099918.9147515,9.775851131487252,-13.241319072002936,3.103984248789115,0.01880309423178399,0.9998232061956307
1769099918.9647975,9.76626549341796,-13.24095008265125,3.1032133447143977,0.019188476717249072,0.9998158842313276
1769099919.0147538,9.760144240489279,-13.240729702465881,3.1028536461918104,0.019368292554155467,0.9998124170280827
1769099919.06478,9.75035570685311,-13.240366839561485,3.104692009267807,0.018449275386289488,0.9998297976344378
1769099919.1147583,9.744032198084385,-13.240137178673166,3.10264735118633,0.019471420604964117,0.9998104139183711
1769099919.1647859,9.737936424147057,-13.239913198757648,3.104490772817515,0.018549876392415274,0.9998279362399443
1769099919.2147691,9.728528091615573,-13.239543903165703,3.1007597604192303,0.020415028245877,0.9997915915938281
1769099919.2647781,9.72202860321947,-13.239279983857593,3.0996479561032473,0.020970811366160736,0.9997800883547566
1769099919.3147647,9.715479740526431,-13.238984358581598,3.0988672050901775,0.02136109941676001,0.9997718256840944
1769099919.3647604,9.705568354812206,-13.238528066404402,3.0994602417778796,0.021064647796056053,0.9997781156902906
1769099919.4147677,9.699094569259453,-13.23825514869734,3.101163211776114,0.020213344194753173,0.9997956894868393
1769099919.464781,9.692622085344336,-13.237950423979292,3.097895730485246,0.021846723347376,0.9997613318582507
1769099919.5147696,9.683038770800792,-13.237524800090513,3.0999054182857586,0.020842108410965683,0.999782779666156
1769099919.564797,9.67681861156331,-13.237244708106257,3.098580011995964,0.02150466297809696,0.9997687479963546
1769099919.614855,9.670673722016394,-13.236982167659118,3.0983328439174715,0.021628218273751408,0.9997660827285065
1769099919.664785,9.661317499461296,-13.236577872736659,3.0986761065809194,0.021456626771848123,0.9997697800831817
1769099919.7147834,9.65489447242313,-13.236302807649965,3.0980119265412256,0.021788639148696713,0.9997625994225069
1769099919.7647865,9.648547731604243,-13.23602115532725,3.0995836482438612,0.02100295821398404,0.9997794135439385
1769099919.814762,9.638610455770676,-13.235578769028969,3.0951244368304924,0.023232018048656083,0.9997301002457548
1769099919.8647857,9.632390505814916,-13.23529498844552,3.0967061273090155,0.022441379075673142,0.9997481605410344
1769099919.9147658,9.625868010008636,-13.234977580280441,3.093397239491474,0.02409537486252992,0.99970966430771
1769099919.9648044,9.616211812678582,-13.234484618934157,3.090387418542643,0.025599820554782025,0.999672270890597
1769099920.014769,9.609791324696102,-13.234155568700332,3.0883136951118058,0.02663632851375502,0.9996451900566057
1769099920.0647829,9.60364933781234,-13.233832403952574,3.085128665888525,0.02822824363625868,0.9996015037309678
1769099920.1147697,9.594045513950475,-13.233310440027346,3.0862728001215882,0.02765639989853019,0.9996174886148465
1769099920.1647913,9.587601039659063,-13.232955894002394,3.084120329588214,0.02873220726833173,0.9995871449080813
1769099920.2147763,9.581509340019771,-13.232640495000313,3.089641618863452,0.02597259639572343,0.9996626552174813
1769099920.2647803,9.57190459501423,-13.2321346128057,3.088249074373,0.026668627405208305,0.9996443289051973
1769099920.3147867,9.565761161297218,-13.231838425547314,3.091218709047628,0.025184309321976846,0.9996828249819915
1769099920.3647876,9.556179761908682,-13.231371196236449,3.094094028310912,0.02374708014885685,0.9997179983297309
1769099920.414773,9.549935206115112,-13.231071713025035,3.0925627302286913,0.024512506240385597,0.9996995233758067
1769099920.4647985,9.543589377674508,-13.230769940937295,3.094519440828859,0.02353443333780114,0.999723026866676
1769099920.5147762,9.5339826873253,-13.230302716891286,3.091516184689471,0.02503561839894914,0.9996865597833063
1769099920.5647905,9.527865063193998,-13.229998448668567,3.090430510798679,0.025578281482116896,0.9996728222355661
1769099920.6147459,9.52164769967739,-13.229661842936233,3.0897355555179415,0.025925643884367928,0.9996638740042479
1769099920.6647983,9.512321386143268,-13.229162569811411,3.0852072191642854,0.02818898262820894,0.9996026116704511
1769099920.7147949,9.506028927775182,-13.22880951976802,3.086137040241736,0.027724253809838305,0.9996156089971223
1769099920.7648015,9.496527337921144,-13.228270950530826,3.0829376013933167,0.029323322159656547,0.9995699789297
1769099920.8147786,9.490437069273813,-13.227929208499445,3.0849512075226664,0.02831693734970457,0.9995989951271124
1769099920.8647885,9.481339883697776,-13.22741249950261,3.0849210948303707,0.028331987654974043,0.9995985686642005
1769099920.9147847,9.475072347689183,-13.22706701813261,3.0872552593978835,0.02716535484422522,0.9996309536504896
1769099920.9648714,9.469057864324938,-13.226729555496334,3.0855281020151604,0.028028604598196914,0.9996071214853753
1769099921.0147893,9.459757515326045,-13.226219310065751,3.08482473672472,0.028380147334316756,0.9995972024957265
1769099921.0647843,9.453338073085117,-13.225870295290438,3.0877997988314445,0.02689318460405773,0.9996383129021477
1769099921.1147718,9.446817310878394,-13.225520112396865,3.0851218715008337,0.028231639476172278,0.999601407828384
1769099921.1647873,9.437390212676593,-13.225009833403119,3.0872943199560656,0.027145831767532724,0.9996314840068058
1769099921.2147837,9.43087004087803,-13.2246488751687,3.0845012702999046,0.02854181502910666,0.9995925994098017
1769099921.2647922,9.424450741098967,-13.224297390386567,3.0852951012829033,0.028145059003364416,0.9996038493591834
1769099921.3147788,9.41517732806674,-13.223758818512321,3.084206462686133,0.028689158472984387,0.999588381378111
1769099921.3648007,9.40878513750112,-13.223376166423874,3.080394731562889,0.030594186287401747,0.9995318883184326
1769099921.4147685,9.402570858504316,-13.222986911466505,3.079166964316669,0.031207776741120526,0.9995129187113473
1769099921.4648,9.393124413485607,-13.222374516473996,3.0748329169548407,0.033373669934419405,0.9994429439218171
1769099921.5147545,9.38663305546997,-13.221956569098065,3.0777581958317097,0.03191181009101583,0.9994906884892499
1769099921.564794,9.376908830489008,-13.221326300238442,3.0798627101797074,0.03086007137069653,0.999523714573594
1769099921.6147883,9.37046702011466,-13.220926173831716,3.081335789832516,0.030123874043386328,0.9995461731268938
1769099921.664837,9.364126010770015,-13.220536370049821,3.0837296138515535,0.02892748393265119,0.9995815127708826
1769099921.714792,9.354979814266711,-13.219990846519575,3.0811646902458922,0.030209384901563895,0.9995435923779759
1769099921.764796,9.34868825401331,-13.219621838311639,3.084250916177716,0.028666940869050618,0.9995890187978309
1769099921.814794,9.342699890816935,-13.219271142978785,3.08196198670456,0.02981091622843056,0.9995555558715191
1769099921.8647974,9.33340166457208,-13.218723561335493,3.081909094117132,0.029837350757816607,0.9995547671337249
1769099921.9147692,9.327236930488363,-13.21835389553257,3.0801058922670816,0.0307385380112274,0.9995274594932009
1769099921.9648187,9.317762766507544,-13.217780442274353,3.077300814461261,0.0321403834649648,0.9994833644192008
1769099922.0147638,9.311143760520183,-13.217375412623925,3.079439660680783,0.03107149468204495,0.999517164544073
1769099922.0648084,9.304853276425492,-13.216988680309546,3.075996094401229,0.03279239957728116,0.9994621846423025
1769099922.11476,9.295355202578255,-13.216391992951122,3.0788493683391702,0.031366496988193715,0.9995079503769291
1769099922.1648097,9.288964750863135,-13.215981689234708,3.076399082575553,0.03259101319241293,0.9994687718278605
1769099922.2147882,9.282523697610996,-13.215569670419509,3.0788990244135563,0.0313416811579619,0.9995087288374187
1769099922.2648106,9.273405920532833,-13.214974573520493,3.078902154846084,0.03134011671060519,0.9995087778927034
1769099922.314808,9.267419863846383,-13.214586195682797,3.079443352608839,0.031069649609260817,0.9995172218992315
1769099922.3648064,9.258149670649171,-13.213994997711966,3.081927711171306,0.029828046373899117,0.9995550448322076
1769099922.4147747,9.252087229087518,-13.213611399655832,3.0811384521374334,0.030222497965556917,0.9995431959734016
1769099922.4647994,9.245670348746527,-13.213218257959667,3.084737824857557,0.02842358573714627,0.9995959682661005
1769099922.5147634,9.236676269738478,-13.21267318897019,3.081541442450395,0.030021094240716542,0.9995492653694414
1769099922.5648127,9.230309530602328,-13.212289452974103,3.082252072834605,0.02966593731388158,0.9995598692240945
1769099922.6147907,9.220684497170469,-13.21169480723312,3.0821127660852836,0.02973555995992862,0.9995578004667212
1769099922.6648204,9.214293779081169,-13.21128809988738,3.076648128763144,0.0324665559964363,0.9994728224127609
1769099922.7147655,9.207778110903382,-13.210852670460238,3.0748315584796226,0.03337434879364731,0.9994429212529348
1769099922.7648158,9.198233366962944,-13.210192834216047,3.070574000528941,0.03550186464329014,0.9993696101077166
1769099922.8147652,9.191971350111297,-13.209759274569945,3.071696391501897,0.03494101736772798,0.9993893762219549
1769099922.8648255,9.18540720351017,-13.209291311521001,3.069943730747752,0.03581679910797716,0.9993583726079743
1769099922.9147675,9.17601480511077,-13.208631489228122,3.0693209070660985,0.03612800939669768,0.9993471703752566
1769099922.9648173,9.169626634986793,-13.208187443617673,3.072813097293224,0.034382999998043146,0.9994087298553753
1769099923.0147727,9.163666928258909,-13.207784278912435,3.073362045822821,0.03410868672998629,0.999418129458114
1769099923.0648038,9.154575159951161,-13.207179402160712,3.0777784249544506,0.031901700679475724,0.9994910112120855
1769099923.1147923,9.148589542709365,-13.206784768528324,3.0748209831253805,0.033379633524649226,0.9994427447661822
1769099923.1648033,9.139370449292294,-13.20618746248,3.0777790093598796,0.0319014086254878,0.9994910205338063
1769099923.2147918,9.133207868465004,-13.20578363454422,3.0762382831530264,0.03267137008766197,0.9994661482894731
1769099923.264805,9.12386213660267,-13.205183748065615,3.0748322014764713,0.0333740274743212,0.9994429319826836
1769099923.3147829,9.117698796148828,-13.204791212373344,3.076766774472805,0.03240726435819193,0.9994747466628751
1769099923.364817,9.111106198036769,-13.20436912520452,3.073845837545754,0.03386693062504229,0.9994263509684136
1769099923.414776,9.101685670848784,-13.203749458536741,3.0753180913633753,0.033131216885210674,0.9994510105391385
1769099923.4648378,9.09567559233385,-13.203340881648586,3.0714454727182097,0.03506639987576799,0.9993849846779532
1769099923.5147722,9.086004280313077,-13.20267844595643,3.0688357695224355,0.036370418747192684,0.9993383774478762
1769099923.5648127,9.079869012770242,-13.202246266117799,3.068417878584735,0.03657922517755561,0.9993307561990723
1769099923.6147733,9.07343051342028,-13.201796261106324,3.0706760704449763,0.03545086181098286,0.9993714206424249
1769099923.6648326,9.063836296179796,-13.201119456086943,3.073075793459284,0.034251729280997574,0.9994132373754419
1769099923.714774,9.057473217367775,-13.200679202922483,3.073689981745874,0.0339448137188064,0.9994237087549982
1769099923.7648492,9.051084396445358,-13.200244343508983,3.076500319798812,0.03254042142908442,0.9994704202592579
1769099923.8158298,9.042245347975738,-13.199654304203342,3.0760099591681382,0.03278547092138091,0.9994624119477747
1769099923.8648155,9.035981619865309,-13.199245499592156,3.0775131737380774,0.03203425850175786,0.9994867714393435
1769099923.9148076,9.029592016782457,-13.19882247232234,3.075949667013934,0.03281560077741016,0.999461423140292
1769099923.9648275,9.02004672556684,-13.198171644515979,3.074708141328085,0.03343602292929702,0.9994408598664913
1769099924.0147796,9.013884726766594,-13.197758886551883,3.0742828697422024,0.03364853907154335,0.9994337275769468
1769099924.0648222,9.007496803506788,-13.197310594065236,3.0704574241977562,0.03556011600427014,0.9993675390714684
1769099924.114846,8.997575183996414,-13.196598917315303,3.070030277484069,0.035773553471675455,0.9993599215858164
1769099924.1648247,8.991012347244249,-13.196112660970114,3.0664910628068895,0.037541971187199,0.9992950517236536
1769099924.2209883,8.981496607039906,-13.195403766720334,3.0635578824919554,0.039007486574832446,0.9992389183729357
1769099924.2648242,8.975085504619738,-13.19492624873212,3.0663952732923287,0.0375898321380756,0.9992932525139111
1769099924.314782,8.969052996718014,-13.194476509859475,3.0648699342264916,0.03835195164999413,0.9992642932701221
1769099924.3648124,8.95956184457823,-13.193778155290993,3.069772040103086,0.035902589217519904,0.9993552942209682
1769099924.4147823,8.953579560975339,-13.193335618657564,3.067201169545703,0.03718716575318282,0.9993083181397248
1769099924.464824,8.947242909383139,-13.192880238338487,3.0713566048025904,0.035110806471380984,0.99938342555244
1769099924.5147824,8.938078578488476,-13.192224430647343,3.0721898273301083,0.0346944490445234,0.999397966380509
1769099924.5648232,8.931942770056407,-13.191799572012428,3.074754718440756,0.03341274738546289,0.999441638272168
1769099924.6158595,8.922573975922818,-13.191165167439841,3.077708666108705,0.03193656232970093,0.9994898978911999
1769099924.6648295,8.916412671473767,-13.190742722820833,3.074643125357177,0.03346851272055885,0.9994397724006554
1769099924.7218616,8.90999870187116,-13.190304652149623,3.0759179952318974,0.032831428135468646,0.9994609033506942
1769099924.7648158,8.900706814660767,-13.189658177205269,3.0721689711377933,0.03470487086072979,0.9993976045291184
1769099924.8147864,8.894192804927219,-13.189199109647923,3.0719462464356986,0.034816165912173715,0.9993937335160632
1769099924.8648326,8.888008837016221,-13.188736900610744,3.0673634875953257,0.03710606274221382,0.9993113329227138
1769099924.9147859,8.878543414813613,-13.188033724897773,3.0635613341244805,0.03900576207199884,0.9992389856912022
1769099924.964857,8.87236033281033,-13.187561608609206,3.064511718698971,0.038530927026852874,0.9992574081098681
1769099925.0148768,8.86259325342373,-13.186819737757418,3.0634422169126587,0.039065275283742075,0.9992366607901281
1769099925.06484,8.856560175553527,-13.186377642993072,3.0673027435838387,0.03713641381463784,0.9993102054762515
1769099925.117887,8.847396961284177,-13.185706098070527,3.0686738091959547,0.036451345212787666,0.9993354288887081
1769099925.1648095,8.841539537771252,-13.185291097719714,3.070442630594361,0.0355675081268068,0.9993672760130029
1769099925.2239456,8.835278215477876,-13.184846961658415,3.0705229935006404,0.035527352068734426,0.9993687043603998
1769099925.2648351,8.826163696208532,-13.18420402724169,3.0684693706357367,0.036553496370302134,0.9993316976375293
1769099925.3158934,8.82007916761331,-13.183771424763057,3.069665149520735,0.0359560000009059,0.9993533739693556
1769099925.3648305,8.810562030643327,-13.183081283690285,3.065920123610906,0.03782723801031321,0.9992842939146552
1769099925.4159005,8.80404905834089,-13.18260784849413,3.067630593868517,0.036972601248743193,0.9993162796416866
1769099925.464834,8.797511929529714,-13.182117802987579,3.0642953289529387,0.038639041329498816,0.9992532334124005
1769099925.5189388,8.788048140402216,-13.181393102982652,3.0612402049216207,0.040165416938203316,0.9991930440521393
1769099925.5648324,8.781613294836882,-13.18089369966048,3.062698148275727,0.03943702290174639,0.9992220580154579
1769099925.6269312,8.775178825108867,-13.180389157739885,3.059417327767104,0.041076103215478714,0.9991560207218046
1769099925.664838,8.765565780401682,-13.179625425142268,3.0587633782475714,0.04140279981372761,0.9991425364619326
1769099925.7179177,8.75925798478479,-13.179124457563933,3.0638098679886285,0.03888158940798907,0.9992438251023164
1769099925.7648425,8.75287374275457,-13.178626869533863,3.067505235691491,0.03703523740961977,0.9993139602697508
1769099925.8148675,8.743638253760032,-13.177904710231788,3.069571419903725,0.03600283446590341,0.9993516878008566
1769099925.8648362,8.737253313749138,-13.177416538955763,3.07001918956451,0.03577909388233615,0.9993597232433169
1769099925.9148467,8.731145621423277,-13.176954181945252,3.0710231251623097,0.03527744299515846,0.9993775572903983
1769099925.964906,8.721855770860959,-13.176279657044113,3.069929923289328,0.03582369840671387,0.9993581253146766
1769099926.0148497,8.71569610330772,-13.175833507907784,3.07180529516207,0.03488659873545054,0.9993912773426991
1769099926.0648592,8.706532702489147,-13.175164826061168,3.068983486693892,0.03629660892883553,0.999341060989824
1769099926.1148727,8.700449213679702,-13.174717985663422,3.0678678503159076,0.03685405387370616,0.999320658604171
1769099926.1648686,8.694266139736483,-13.17424484139496,3.064316675895405,0.0386283758266567,0.9992536457681777
1769099926.214877,8.684676918232348,-13.1735005237221,3.059197813424877,0.04118576750617954,0.9991515063066897
1769099926.264855,8.678066634078732,-13.172972428220364,3.0604771005060956,0.04054665831720946,0.999177646116699
1769099926.314886,8.668555155108367,-13.172208448588686,3.0590832465101285,0.04124300229129676,0.9991491454042285
1769099926.3648527,8.662398597270101,-13.171721445729743,3.0610440802842955,0.04026339993161787,0.9991891005340013
1769099926.4148514,8.656368458912713,-13.17124094004218,3.0603761608212223,0.04059708660391343,0.9991755984606882
1769099926.4648602,8.647284472999528,-13.170528767075876,3.0625563502881614,0.039507866641047475,0.9992192594588403
1769099926.5148575,8.64102629123851,-13.170042295714456,3.063587299322488,0.0389927893496518,0.9992394920031602
1769099926.564866,8.632016868821555,-13.169350627035673,3.063703202228212,0.038934881903889614,0.9992417500140445
1769099926.614843,8.625631505526753,-13.168867278071541,3.06696237331009,0.03730648102012512,0.9993038709391128
1769099926.664843,8.619170493210051,-13.168377848284095,3.064275546900595,0.0386489249674926,0.9992528511837517
1769099926.7148445,8.609806942719572,-13.167669788640708,3.0671663100100073,0.03720458345952693,0.9993076698242654
1769099926.7648416,8.603270988143898,-13.167164454684452,3.0633749186892074,0.03909889868765895,0.9992353457126165
1769099926.814865,8.596734558470814,-13.166665205126542,3.0646624177308928,0.03845563335552209,0.9992603085598996
1769099926.8648467,8.587095726859099,-13.165905887331862,3.0641028342892347,0.038735216607943414,0.9992495098794574
1769099926.9148915,8.580990325266326,-13.165413599434835,3.059710559702142,0.0409296105478321,0.9991620323953482
1769099926.964867,8.57458428905451,-13.164870909476056,3.0563041930850092,0.04263130645623342,0.9990908725986014
1769099927.0148435,8.565102063199493,-13.164060218388329,3.0535385818329788,0.044012813736725304,0.9990309666006236
1769099927.064846,8.559048528945942,-13.163555820767577,3.0556617230353837,0.04295224723235941,0.9990771263809868
1769099927.1148655,8.549692178198674,-13.162758597304244,3.058992533039462,0.04128832039220462,0.9991472737285483
1769099927.164849,8.543284694225637,-13.162234043599517,3.0609040440801465,0.040333361157297284,0.9991862789178778
1769099927.2148502,8.536826748988863,-13.161705607308239,3.063070145594491,0.03925116825743046,0.9992293759645114
1769099927.2648504,8.527566776247232,-13.160971679809913,3.06235641636294,0.03960775535782251,0.9992153049846239
1769099927.3148634,8.521333576328233,-13.160490173460202,3.066088455176141,0.03774313233177613,0.9992874741343384
1769099927.3648415,8.515075590377501,-13.160001719136918,3.0634993075353547,0.0390367517462375,0.9992377755134674
1769099927.4148633,8.505537238354759,-13.159256230167106,3.0618805402757294,0.03984550556920076,0.9992058525078478
1769099927.4648612,8.499052897512204,-13.15874014011998,3.06056539815783,0.04050254575779994,0.9991794352302981
1769099927.5148733,8.492568487640979,-13.158224931287327,3.0592873589464897,0.041141032693512776,0.9991533493057566
1769099927.5648654,8.482932620629725,-13.15742899793872,3.060421677704401,0.04057434691390683,0.9991765221283524
1769099927.6148894,8.476324018469697,-13.156879419207918,3.056000986070884,0.04278277164590241,0.9990843980616926
1769099927.6648617,8.469766241946035,-13.156329979514167,3.0577667225974396,0.041900695179454765,0.9991217802367629
1769099927.7148757,8.460056320226446,-13.155508353023519,3.0573581824570444,0.04210478498004071,0.9991132003340685
1769099927.764845,8.453775914701716,-13.154982784451551,3.05848455785217,0.04154209006947973,0.9991367547801748
1769099927.8148763,8.447470992883737,-13.154446580347932,3.0576461292466357,0.04196093882491929,0.9991192519479001
1769099927.864853,8.438063482178794,-13.153653429302759,3.0565284352742332,0.04251928702625345,0.9990956461874805
1769099927.9148526,8.431682374308789,-13.153117178391959,3.059101916174364,0.04123367539996703,0.9991495303571984
1769099927.9648771,8.425426788325383,-13.152598534215265,3.058035797379969,0.04176627556278372,0.9991274084047608
1769099928.0148568,8.415739865569247,-13.151805640397654,3.061914322945527,0.03982862764282971,0.9992065254090812
1769099928.0648906,8.40928261139728,-13.151268854644997,3.0589656230283584,0.04130176392058186,0.9991467181035268
1769099928.114868,8.402824382497993,-13.150743761437836,3.060873033349455,0.04034885390075127,0.999185653414267
1769099928.164906,8.393592318200335,-13.149978676767573,3.0607713769404854,0.040399640661318736,0.9991836012637699
1769099928.2148705,8.387236653967175,-13.149441595082559,3.0562892857615322,0.042638753340459475,0.9990905548115103
1769099928.2648487,8.38110959525211,-13.148904689237744,3.0545704090491568,0.043497394231642186,0.9990535404546931
1769099928.3148994,8.37135402686457,-13.148022788676542,3.0482864487911145,0.04663618073503693,0.9989119413874523
1769099928.3648934,8.364826108065767,-13.147422921889207,3.0486833501694086,0.04643794505484377,0.998921176699685
1769099928.4148989,8.358601942715275,-13.146836100723956,3.046082758929714,0.04773679826155149,0.998859949187941
1769099928.4648957,8.34882427389246,-13.145920008741866,3.044979535041869,0.048287774049312934,0.9988334650367711
1769099928.5149007,8.342372734147151,-13.145318744613999,3.0481294555702054,0.046714591792818415,0.9989082775278371
1769099928.5648913,8.335995570816825,-13.144737342300543,3.0484223742187293,0.04656829186099327,0.9989151086019018
1769099928.6148665,8.326643385928291,-13.14389220241492,3.052818786904012,0.04437235959037754,0.9990150618005628
1769099928.6648693,8.320291508889712,-13.143312456909436,3.048784291321865,0.04638752886832549,0.9989235191772643
1769099928.7148855,8.314342074942028,-13.142778614927298,3.0517294724564246,0.044916473752000405,0.9989907458959196
1769099928.7648733,8.304813771784595,-13.141914172500444,3.0517367654468672,0.04491283093672072,0.9989909096769848
1769099928.8148904,8.29836068602411,-13.141329325358349,3.050493710248561,0.045533722643576975,0.9989628021614307
1769099928.864902,8.291782294904104,-13.140725005721894,3.049355928226394,0.04610201620328164,0.9989367367866657
1769099928.9148839,8.282306262137928,-13.139844841587276,3.045187981881872,0.04818367194749984,0.9988384923287927
1769099928.9648764,8.275728811887353,-13.13923063630508,3.047463703048527,0.04704710205087982,0.9988926720066647
1769099929.0148752,8.266280381771432,-13.138327236534098,3.0466028847653197,0.04747703021733257,0.9988723299810354
1769099929.0648541,8.260208019279728,-13.137748534579588,3.0454806223902624,0.04803752113012693,0.9988455318835203
1769099929.1149616,8.253784604447782,-13.137118403420223,3.043636538209323,0.04895847820207758,0.9988008146833566
1769099929.1648748,8.244187049123367,-13.136179569570206,3.0415001144472096,0.05002538096353838,0.9987479468111325
1769099929.2149072,8.23794034591367,-13.135563271715071,3.0434431656518286,0.049055048307070866,0.9987960764017803
1769099929.2648907,8.231592155484085,-13.134944342353535,3.043674274833607,0.04893963250782459,0.9988017382694121
1769099929.3148623,8.222244685138788,-13.134048715993156,3.047967227865969,0.046795616937354255,0.9989044850412138
1769099929.3648734,8.21594610143461,-13.133442810841283,3.046641036075511,0.047457976064644344,0.9988732354547536
1769099929.4148853,8.209570290536938,-13.132846669563998,3.0494550545408172,0.04605250568814703,0.9989390205211943
1769099929.46488,8.20012057372891,-13.131957162457573,3.0506963893178907,0.04543248798442297,0.9989674113981624
1769099929.5148706,8.193745594928227,-13.131352443286382,3.0469090445587494,0.0473241223885495,0.9988795860563743
1769099929.5648816,8.187371643157979,-13.130736763076353,3.046092040186195,0.04773216292334891,0.9988601707059196
1769099929.6148825,8.177624358204342,-13.1297678818228,3.039299263477945,0.05112439814635028,0.9986922929081677
1769099929.664857,8.171103182742781,-13.129098223727548,3.0357271095179317,0.05290805696723914,0.9985993878968439
1769099929.714912,8.164483739953607,-13.12839482305891,3.0321581159821096,0.05468996916065964,0.998503383706438
1769099929.7648604,8.158013823908638,-13.127722715007227,3.031309974840903,0.05511340013003747,0.9984801015173544
1769099929.8148909,8.148223913966435,-13.126675474326376,3.0329932406903852,0.054273026981435206,0.99852613312936
1769099929.86487,8.141779354944351,-13.126003185376286,3.0338065143701174,0.053866984994207785,0.9985481199860294
1769099929.914892,8.135560760455157,-13.125360022831043,3.03837021651872,0.05158830863276615,0.998668436675762
1769099929.9648843,8.126120500939779,-13.124375103790353,3.0362689783193004,0.05263750010199572,0.9986136858580561
1769099930.0148842,8.119750280748212,-13.123721789100179,3.0397585478266325,0.0508950549306862,0.9987040068927342
1769099930.0648816,8.113456504618881,-13.12306784820369,3.0398328596165918,0.05085794715436701,0.9987058972546641
1769099930.1148725,8.103963618978105,-13.122099665933826,3.0410431613070212,0.05025357016112804,0.9987364911156799
1769099930.165037,8.097467473418074,-13.121434146249547,3.0418532441663024,0.04984903639372929,0.998756763967392
1769099930.2148802,8.090920754527685,-13.120765582873622,3.0382245820805474,0.05166102875428027,0.9986646775109498
1769099930.264877,8.081226747542528,-13.119773752082585,3.0400237259734926,0.05076263724480535,0.9987107462423503
1769099930.3149025,8.074681166573717,-13.119093975529472,3.0358467484947864,0.05284832116808456,0.9986025510430638
1769099930.3648834,8.068588474429163,-13.118464027725285,3.0348787124465773,0.05333165659235479,0.9985768545310446
1769099930.4148939,8.059251178283366,-13.117468120160684,3.033590868469796,0.05397465108505046,0.9985423060843477
1769099930.464861,8.052783601574939,-13.116772889428901,3.034180383162376,0.053680321064302636,0.9985581721314154
1769099930.5148807,8.04337195997114,-13.11575805779248,3.034553000228697,0.05349428022540849,0.9985681559028234
1769099930.5648654,8.036955641637512,-13.115059460796948,3.032629447287889,0.05445465469231011,0.9985162445260174
1769099930.6148958,8.030613941930623,-13.114377294964036,3.0357703494887387,0.0528864672506853,0.9986005315348787
1769099930.6648686,8.021075049488866,-13.113362222571416,3.036718265493117,0.05241316661538684,0.998625485337395
1769099930.7148893,8.014882179652762,-13.11271655651071,3.037950284710803,0.05179799381513406,0.998657582876497
1769099930.7648625,8.00871453765909,-13.112073105813629,3.038623088061353,0.05146204080667641,0.9986749513009786
1769099930.8149068,7.99932349296747,-13.11110426611556,3.0367602963114417,0.052392180080639915,0.9986265866010167
1769099930.8648853,7.992928648505707,-13.110443176406175,3.0386739540604064,0.051436641490471675,0.9986762598120478
1769099930.9149387,7.986535875630597,-13.10976237704777,3.032844612001052,0.05434723164671824,0.9985220971076895
1769099930.964913,7.977173631782077,-13.108761892338016,3.0341244774230156,0.05370823360978085,0.9985566712222783
1769099931.0149236,7.970530894520699,-13.108038298099466,3.0306817866578624,0.05542701410665905,0.9984627414717188
1769099931.0648847,7.964064048656711,-13.107336448746006,3.030566585585811,0.05548452600378931,0.9984595471896369
1769099931.1148942,7.954631087991972,-13.106283831556265,3.0314906860212463,0.0550231816463364,0.9984850772452808
1769099931.1648717,7.948116247623906,-13.10555500188862,3.029000968781979,0.05626611144632371,0.9984158075184456
1769099931.2148995,7.9422299675724854,-13.104899317364746,3.030121549942153,0.05570669967194534,0.998447176174914
1769099931.2648697,7.932949309572976,-13.103851196057121,3.028467346771287,0.05653249776578139,0.9984007595631936
1769099931.3148978,7.926886919728774,-13.103176047984375,3.0316859738585595,0.05492568538852421,0.9984904451643996
1769099931.364878,7.9175044598852855,-13.102127344775454,3.033091066874295,0.05422418591596162,0.9985287865964362
1769099931.4149103,7.91144084029985,-13.101463298538258,3.0343997236605147,0.05357080861825262,0.9985640532604739
1769099931.464875,7.905300209938723,-13.100805031654867,3.0383764893242513,0.05158517640606559,0.998668598472564
1769099931.5148973,7.896037484079011,-13.099826311430855,3.037435222234396,0.05205517761846854,0.9986442101585077
1769099931.5648715,7.889920855946625,-13.099181816906723,3.040118584788905,0.05071526892856252,0.9987131527608434
1769099931.614894,7.880632758814823,-13.098202283942847,3.037306751708441,0.05211932568449079,0.9986408643201989
1769099931.6648774,7.874617089796637,-13.097565736677371,3.037266418552969,0.05213946484251182,0.998639813048697
1769099931.7148943,7.868175224284593,-13.096867794732434,3.0332931244219044,0.05412330550048675,0.9985342597035421
1769099931.7648668,7.858413700664781,-13.095792425123161,3.0269619846674636,0.05728395901512085,0.998357925815964
1769099931.8149266,7.851823229725088,-13.095057384728893,3.0245076023902406,0.05850909157256493,0.9982868757042502
1769099931.8648508,7.845287507374679,-13.09428863321321,3.021213588121098,0.06015319707903986,0.9981891568641538
1769099931.9149013,7.835530834984568,-13.093171438468392,3.025277805397289,0.058124645466743396,0.9983093336182756
1769099931.9648967,7.829167741582186,-13.092452239679206,3.0252843380159353,0.05812138467934947,0.9983095234660215
1769099932.0148957,7.822828551978276,-13.091746614961098,3.028801381648464,0.056365746640527424,0.9984101875510165
1769099932.0648756,7.813571907539125,-13.090711370299804,3.031858866976898,0.05483936912005387,0.9984951895700422
1769099932.1149068,7.807357546906822,-13.090028704076943,3.0317181243532856,0.054909634400532495,0.998491327979367
1769099932.1648567,7.801093158073924,-13.089337912979179,3.032792086546624,0.054373455541426294,0.9985206694568143
1769099932.2149122,7.791508947573092,-13.08827150846984,3.0293006600615064,0.056116502559764136,0.9984242275408084
1769099932.26489,7.7849932317701915,-13.087550606848758,3.0325093179791747,0.054514630127141764,0.9985129719248023
1769099932.3149307,7.778478797010849,-13.086818308361869,3.0289346795705043,0.056299203513713786,0.9984139420519534
1769099932.3648865,7.7691224246257855,-13.085764123489382,3.0267452259277783,0.05739216008135517,0.9983517115531961
1769099932.4149425,7.762936420908599,-13.085055826341563,3.0265109754080592,0.057509091891072485,0.9983449826336906
1769099932.4648967,7.756775921887572,-13.084347260669496,3.0240935770391153,0.05871574835452598,0.9982747421903291
1769099932.5149302,7.747198518364792,-13.08322130310787,3.02531687601815,0.05810514317291559,0.9983104689107768
1769099932.5649025,7.741066310895835,-13.08248842560308,3.0212524377723176,0.0601338074173948,0.9981903251411965
1769099932.6149158,7.731818760937729,-13.081375156048257,3.020570721238307,0.0604740453418715,0.9981697700491582
1769099932.6649022,7.725487425643824,-13.080602559156416,3.020264449623805,0.06062690016570858,0.9981604976036155
1769099932.7149124,7.719405505077757,-13.079875947387697,3.0244472716287074,0.058539205249660116,0.9982851103010293
1769099932.7649019,7.709778940645997,-13.078734586666737,3.028412138850744,0.05656005755914149,0.9983991986619914
1769099932.8149295,7.70344306567086,-13.078000394502713,3.0284906590428227,0.056520860267136985,0.9984014184458387
1769099932.8648896,7.6970807843816775,-13.077274145006777,3.0333007969855474,0.0541194748412598,0.9985344673284474
1769099932.9149075,7.687621483530699,-13.076229854815086,3.0345088080010574,0.053516344687977335,0.9985669736433493
1769099932.9648604,7.681352799399729,-13.07557809870468,3.0375983873084986,0.05197370551705054,0.9986484536286164
1769099933.0149112,7.674933443500476,-13.074908105472161,3.0398887390822504,0.050830043558575684,0.9987073178223104
1769099933.064894,7.665338442158874,-13.07394280150119,3.0399471720388935,0.05080086482618478,0.9987088024709263
1769099933.1149085,7.658688152417679,-13.073291030557073,3.0457866707629853,0.04788467304347328,0.9988528710913933
1769099933.1648612,7.652212592883389,-13.072674116119531,3.044761385695962,0.04839672119538413,0.9988281921219165
1769099933.2149258,7.642308302254935,-13.071750209457702,3.051039558013019,0.04526108014494811,0.9989751921965393
1769099933.2648635,7.635831083411252,-13.071151880498212,3.0512136470297895,0.04517412466909835,0.9989791281405136
1769099933.314941,7.629427400414101,-13.070582223768625,3.056721044800681,0.04242306915958325,0.9990997363642337
1769099933.3648846,7.619894754275631,-13.069767283511103,3.0615837091819937,0.03999380281284788,0.9991999278105294
1769099933.4149435,7.613739091962676,-13.069269241395402,3.0675486119250213,0.03701356416305586,0.9993147632592783
1769099933.4648836,7.607505690108195,-13.068792255602279,3.0735352526093207,0.03402213360089791,0.9994210796382287
1769099933.514943,7.598238373960026,-13.06815795114469,3.081488090813012,0.030047758025008135,0.9995484641765353
1769099933.5648663,7.592125763650151,-13.067768838430995,3.084473482034906,0.028555703498372893,0.9995922027495577
1769099933.614952,7.5831549268808045,-13.06725884442868,3.0911329353395813,0.02522718255018791,0.9996817439868448
1769099933.6648793,7.576609093184348,-13.066907112136013,3.095252714291106,0.023167896581635067,0.9997315882615606
1769099933.7149658,7.570567590777798,-13.066604833366913,3.0973915939749146,0.022098730745157932,0.9997557932312535
1769099933.7648954,7.560833495963449,-13.066155136677331,3.1020405556794257,0.019774759937597183,0.9998044603168214
1769099933.814938,7.554537739565599,-13.065871236876868,3.1011953941870396,0.02019725627427667,0.9997960146144769
1769099933.8648942,7.5480638894526875,-13.0656009557184,3.106664462361567,0.017463207885071087,0.9998475065580564
1769099933.9149036,7.538250449605236,-13.065231295335252,3.108619571847134,0.016485794024609333,0.9998641000632926
1769099933.9649372,7.531699029950342,-13.065002795879051,3.1107827187229953,0.01540435814073374,0.9998813458357306
1769099934.0149226,7.525450257388535,-13.064810210662262,3.1133892479265173,0.014101235463494578,0.9999005726363012
1769099934.064922,7.515710148253431,-13.064516603268927,3.1116716325216576,0.014959952471192611,0.9998880936495141
1769099934.1149046,7.5092330944455,-13.064335447150068,3.1161685880197516,0.012711690419316761,0.9999192031992802
1769099934.1649806,7.502908022671676,-13.064156405342981,3.1137881652308357,0.013901796363805691,0.9999033653598028
1769099934.2149277,7.493799413063282,-13.063912585901551,3.1153395375502013,0.01312618105777638,0.9999138479743335
1769099934.2649462,7.487549986597551,-13.063742960757564,3.1147655881628507,0.013413130483562066,0.9999100399189074
1769099934.3149261,7.481553285605282,-13.063590042886961,3.1150725225370506,0.013259676945030843,0.9999120866192754
1769099934.3649476,7.471837471997844,-13.063329709122826,3.1149817850833115,0.01330504166972034,0.9999114840155438
1769099934.4149177,7.465461511829365,-13.063157285022648,3.11525487911309,0.01316850661781194,0.9999132914575427
1769099934.4649136,7.455947872794855,-13.062911153746336,3.1141834951947587,0.013704150212834021,0.9999060937242777
1769099934.5149179,7.449419893773102,-13.062742221203475,3.1148604221568985,0.01336571773711395,0.9999106748051907
1769099934.5649383,7.442892157403783,-13.062564449420934,3.1114937701370313,0.015048873652266035,0.9998867592891698
1769099934.6149328,7.433278116360074,-13.062286770178302,3.110724710000689,0.01543335905391501,0.9998808986215874
1769099934.6649556,7.427003923780008,-13.062097559849773,3.1095571334963794,0.016017075113016664,0.9998717184243306
1769099934.7149146,7.420527470864408,-13.06189803264077,3.1082625392794747,0.01666428578445416,0.9998611411487567
1769099934.7649374,7.4109648994711765,-13.061593411801294,3.108485660835307,0.016552740394270685,0.999862994007399
1769099934.8149688,7.404564470118876,-13.061391993550215,3.109400412411973,0.016095425553750462,0.9998704602478481
1769099934.8649328,7.398138457053715,-13.06119863882919,3.1129421373801183,0.01432476815495227,0.9998973952447855
1769099934.9149516,7.388498760233299,-13.060931793681346,3.11443721863637,0.013577300295203747,0.9999078242101588
1769099934.9649532,7.382375332560736,-13.060782710596724,3.1179415786633244,0.011825261844726187,0.999930079146689
1769099935.014919,7.376125548447184,-13.060627259713975,3.1176511162830103,0.011970482754974227,0.9999283512045315
1769099935.0649292,7.366889703087235,-13.060409630749293,3.1162855276609487,0.012653225301197123,0.9999199447403163
1769099935.1149147,7.36089246179442,-13.060278011428698,3.1203396082063444,0.01062632269641074,0.9999435390390559
1769099935.1649263,7.351656396397333,-13.060071373976728,3.1186500162253274,0.011471067096547573,0.9999342051453518
1769099935.2149074,7.345178514924843,-13.059924833343059,3.1190990431013033,0.01124656814316778,0.9999367553525579
1769099935.2649314,7.338827375008463,-13.059772047808199,3.116700848287181,0.01244558134105224,0.9999225507533487
1769099935.314952,7.328832609022037,-13.059529012489076,3.1163136531475706,0.01263916368243205,0.9999201225805032
1769099935.3654404,7.322734719300223,-13.0593733443627,3.115614748207339,0.01298858746034592,0.9999156447399875
1769099935.4149473,7.313322073851219,-13.059138566674081,3.1155785586974796,0.013006680686760568,0.9999154095509843
1769099935.4649515,7.307224197405517,-13.058982452287921,3.115990307610768,0.012800823370943789,0.9999180661039313
1769099935.5149353,7.301202094599828,-13.058833503660185,3.117361725238826,0.012115167783989784,0.9999266086616386
1769099935.5649347,7.291662941892572,-13.058595271236863,3.1182864033642743,0.011652861374565069,0.9999321031058984
1769099935.6149592,7.285387569886688,-13.058450082545619,3.1173151311964125,0.012138463092107197,0.9999263261429622
1769099935.664964,7.279213643978845,-13.058297638362076,3.1167922843270923,0.012399866848932316,0.9999231186956969
1769099935.714915,7.269952573512079,-13.058076379203774,3.115816104745487,0.012887917618356646,0.9999169473408591
1769099935.764949,7.2633988529656035,-13.057924590232366,3.1176196118798427,0.011986233826445963,0.9999281625190171
1769099935.815018,7.256946397696336,-13.057773335384503,3.1183373133290657,0.01162740811671109,0.9999323994053235
1769099935.8649502,7.247229985833819,-13.057536364718167,3.115194656759305,0.013198615177833856,0.9999128944850083
1769099935.9149308,7.241081619599099,-13.057374507638048,3.112925314188745,0.014333178887062334,0.9998972747152537
1769099935.9649515,7.234655200666188,-13.057195740089268,3.1110586231680895,0.015266422140651081,0.9998834613868876
1769099936.0149136,7.224838975140576,-13.056905047917908,3.1113730263435233,0.01510923868500206,0.9998858489379473
1769099936.064946,7.218388735771612,-13.056673897074548,3.110277993477339,0.01565669032647953,0.9998774265118804
1769099936.1149328,7.211735288767015,-13.056465478512937,3.1104907774457042,0.01555031129472319,0.9998790865992934
1769099936.164942,7.202097677234181,-13.056129309590672,3.1080650072213105,0.016763038017560575,0.999859490406738
1769099936.2149446,7.196052318337013,-13.055910784721652,3.108345688968967,0.01662271669835327,0.999861833099737
1769099936.2649574,7.186591393014617,-13.055594864726627,3.1102196345285025,0.01568586621759832,0.9998769692322169
1769099936.3149362,7.180798561073469,-13.055398314530327,3.1088363923491245,0.016377398409895758,0.9998658814167646
1769099936.3649514,7.174347890581096,-13.055184046682303,3.11005892814228,0.01576620947406914,0.9998757055948603
1769099936.4149554,7.165367114651491,-13.054899147724072,3.1120779657781212,0.014756808271245626,0.9998911123765656
1769099936.464986,7.159371444783159,-13.054710712429378,3.111226626057349,0.015182430431670203,0.99988474026069
1769099936.5149324,7.152895231439898,-13.054503089702841,3.1095861453899927,0.01600257102537108,0.9998719506619725
1769099936.564935,7.143079825780768,-13.054185293684938,3.1083995729250438,0.016595778436774837,0.9998622805857202
1769099936.6149292,7.13683149321602,-13.05397895924171,3.108228581823428,0.016681262152428017,0.9998608580662621
1769099936.6649356,7.127345560421659,-13.053653380496826,3.108668935788197,0.016461115403337098,0.9998645066606165
1769099936.7149217,7.120768899569467,-13.053419855132178,3.105566157485112,0.01801227392038041,0.9998377658341463
1769099936.7649405,7.114395486369214,-13.05316834107903,3.1023595791865546,0.01961527912401232,0.9998076019039298
1769099936.815013,7.1047343663925675,-13.052785736859292,3.101285228592177,0.020152348213801397,0.9997969208101561
1769099936.8649614,7.098412041557462,-13.052525218689116,3.101085204830656,0.020252339683277887,0.9997949003357405
1769099936.9149113,7.0920892523230155,-13.052277050189808,3.103622445022554,0.01898396382407564,0.9998197883206384
1769099936.9649749,7.082276721978086,-13.05187949220446,3.106556318827572,0.017517271380923256,0.9998465608298941
1769099937.0149481,7.076333901294623,-13.05162898057587,3.1031469537855108,0.01922166605930573,0.9998152467100632
1769099937.0649776,7.069733373824625,-13.051356946430332,3.1041130299527215,0.01873871499490102,0.9998244148651001
1769099937.114952,7.0603758923695725,-13.05098210821432,3.101364300963653,0.020112820041300165,0.9997977167757417
1769099937.1649694,7.054255886035178,-13.05072997326595,3.0993935453272075,0.021097988610224945,0.9997774126657407
1769099937.2149365,7.0481870645672045,-13.050465297917425,3.0985359890096764,0.021526669375827458,0.9997682744044161
1769099937.2649674,7.038856513704894,-13.050052670865183,3.0962423466029008,0.02267321042414008,0.9997429297219674
1769099937.314955,7.032662151670839,-13.049762629253323,3.0945259976026502,0.023531155858804255,0.9997231040162814
1769099937.3650455,7.023535741793543,-13.04931856516818,3.0906732494124354,0.02545695169648449,0.9996759192910084
1769099937.4149463,7.017191726310582,-13.048979588688633,3.085798474722908,0.027893471100432256,0.9996109014361385
1769099937.4649909,7.007714988526746,-13.048450292540355,3.081484625658829,0.030049489819733984,0.9995484121149779
1769099937.5149493,7.001497815286859,-13.048113249258408,3.083417456788058,0.0290834967945492,0.9995769856365249
1769099937.5649543,6.992400371207213,-13.047601904133527,3.0843609767135227,0.028611933174174126,0.9995905948337233
1769099937.6149004,6.9865379062091035,-13.047266018623894,3.0846798923674363,0.028452540266996017,0.9995951445221986
1769099937.6649554,6.980043113485187,-13.04690461470231,3.0865503079043055,0.027517698816330396,0.9996213164253019
1769099937.714947,6.970818191615059,-13.046405669283573,3.088946186543774,0.02632019367819727,0.9996535636933138
1769099937.7649548,6.964777083557707,-13.046091702213744,3.0897435045494435,0.025921670704350273,0.9996639770382322
1769099937.8149598,6.95873561055268,-13.0457847224736,3.0922275280545644,0.024680056622176136,0.9996954010122915
1769099937.8649697,6.9493316079633605,-13.0453181249966,3.0915194985108707,0.025033962007557472,0.9996866012637181
1769099937.9149668,6.943138393194173,-13.045005203497038,3.090042387229721,0.025772279291038584,0.9996678396448215
1769099937.96498,6.934038606185638,-13.04453654791362,3.0909767514257402,0.025305249576872097,0.9996797708985874
1769099938.0149152,6.9277197411478495,-13.04420271842501,3.0880865163745774,0.026749877407649347,0.9996421580038908
1769099938.064969,6.918444604639362,-13.043694668199938,3.0852516879373058,0.028166757070418453,0.9996032381881004
1769099938.1149082,6.912253587414548,-13.043340639997849,3.083375692748371,0.029104369974655812,0.9995763780964306
1769099938.1649778,6.903259169729138,-13.0427998305186,3.0817422671336323,0.02992072700724037,0.9995522748187602
1769099938.2149048,6.897195339869887,-13.042438967769376,3.079814205406448,0.030884312197189852,0.9995229658492628
1769099938.2649882,6.89095566740157,-13.042050583762089,3.0797222695551345,0.03093025816193005,0.9995215451054751
1769099938.314912,6.881633721214863,-13.041476006841572,3.076052181017282,0.03276437133848574,0.9994631038566626
1769099938.3649838,6.875343308128005,-13.041088845970174,3.07977005747887,0.03090637562341821,0.9995222838665601
1769099938.4149206,6.866602528064424,-13.040547990346528,3.0779174655880066,0.031832215670723835,0.9994932266131135
1769099938.464993,6.860589695922453,-13.040182292763014,3.0790546497553626,0.031263906619374573,0.9995111645914192
1769099938.5149643,6.851243983294843,-13.039582021347334,3.07694068777844,0.032320353257232995,0.9994775609113632
1769099938.5649865,6.84535892217594,-13.039200883566458,3.0757116646700795,0.03293453762542373,0.9994575109685251
1769099938.6149676,6.839297560424174,-13.038800584308625,3.075005036675174,0.03328765789093944,0.9994458123540945
1769099938.6649842,6.829549759281763,-13.038143261228445,3.06980092753388,0.035888154810325354,0.9993558126835057
1769099938.714963,6.823160910810564,-13.037709526058732,3.072709330452583,0.034434852694945305,0.9994069446025865
1769099938.7649608,6.813365855394056,-13.037001268126408,3.0679483272560155,0.03681384270948563,0.9993221407458964
1769099938.814913,6.8067779037497695,-13.036511922394045,3.0652803579735988,0.03814688994609918,0.9992721425054539
1769099938.865009,6.800292501818783,-13.036008922548591,3.0620334715591264,0.03976910053608609,0.9992088963988215
1769099938.9149687,6.793858768884659,-13.035494950349687,3.0585918223396904,0.04148850406377718,0.9991389813387074
1769099938.9649904,6.784574624730187,-13.034746813047155,3.0613556365038046,0.04010774765434655,0.9991953605667389
1769099939.014928,6.77844391567558,-13.034253844879439,3.0632688105941877,0.039151912112112615,0.9992332699514991
1769099939.064969,6.768931102596089,-13.033506436018511,3.0646789987889185,0.038447348957621086,0.9992606273431026
1769099939.1149628,6.762951110381517,-13.033033798453694,3.0646776294990397,0.03844803309634374,0.9992606010200855
1769099939.164991,6.756793702050633,-13.032557437076823,3.06407641304571,0.038748417311884165,0.9992489980759671
1769099939.2149205,6.747759686054446,-13.031855748127873,3.0635450620648954,0.039013891908865214,0.9992386683060877
1769099939.2650037,6.741400705969584,-13.031359775899045,3.063114839190667,0.03922883867052344,0.9992302528529459
1769099939.3157048,6.732065145720688,-13.03061829348656,3.0605469533613388,0.04051176058674782,0.9991790616571997
1769099939.3649752,6.725984710139304,-13.030131799394312,3.0593947798463135,0.04108736765827433,0.9991555575679464
1769099939.4149609,6.719829733817598,-13.029624987379103,3.05775532307877,0.04190638993246756,0.9991215413966551
1769099939.4649758,6.710220106095598,-13.028819006093656,3.0560520348630846,0.04275727060605508,0.999085489740653
1769099939.514919,6.703688032756098,-13.028265844364803,3.054227897367634,0.04366848734698404,0.9990460766215071
1769099939.564972,6.694031517065421,-13.027414054019985,3.0494482994594496,0.0460558796450668,0.9989388649712849
1769099939.6149154,6.688033128981765,-13.026859766795129,3.044877415071831,0.04833877440810594,0.9988309981617122
1769099939.6649818,6.681376846955507,-13.026275095175874,3.050453934440536,0.04555358991089219,0.9989618963935663
1769099939.7186449,6.671999624568249,-13.025426200440647,3.048615996737781,0.04647158541309236,0.9989196122557579
1769099939.7650106,6.665747212788057,-13.02487055808379,3.0500846561856956,0.045738036586222844,0.9989534683904138
1769099939.8149178,6.659446079006049,-13.024291638996633,3.0470313425283906,0.04726304182746509,0.9988824780109096
1769099939.864975,6.650322415612158,-13.02344948803519,3.045647878362395,0.04795398952202297,0.9988495456718803
1769099939.9149213,6.644148252086133,-13.022872113510987,3.0458901060649026,0.047833014655311194,0.9988553462383754
1769099939.9649887,6.637847660084173,-13.022287356663249,3.0463849629437436,0.047585867974117874,0.9988671509110457
1769099940.0149198,6.628371867366959,-13.021404594394127,3.0476316455788166,0.04696322360369748,0.9988966190896579
1769099940.0649724,6.621870604796205,-13.0207909677465,3.044614049815432,0.04847030267958623,0.9988246241248507
1769099940.122711,6.6151681570843675,-13.020154150050868,3.043827895034883,0.048862914301499465,0.9988054943811454
1769099940.1649857,6.605318949801047,-13.019188020973749,3.0415735860922966,0.04998869110245177,0.9987497838607344
1769099940.2170827,6.59899786858488,-13.018552124321673,3.039466808640313,0.05104073493587112,0.9986965722266229
1769099940.26498,6.592451529268813,-13.017879703721498,3.036606527374714,0.052468958799918204,0.9986225555045573
1769099940.3149376,6.58343890922411,-13.01694277991809,3.0358793857708695,0.05283202532747077,0.9986034133227252
1769099940.3649824,6.577095077616376,-13.016280888371787,3.036608202388392,0.05246812244668,0.9986225994473188
1769099940.4196978,6.567805101210719,-13.015319124823847,3.040276388877973,0.05063646826112369,0.9987171511904861
1769099940.4649982,6.561484100462206,-13.014682405726694,3.041548758052812,0.05000108959813396,0.9987491632231785
1769099940.5257633,6.555389237687661,-13.01407363140491,3.043926146422449,0.048813847229692064,0.9988078936004843
1769099940.565001,6.545918118026952,-13.01314218301758,3.0445153988259652,0.04851957013933884,0.9988222320881197
1769099940.6166954,6.539722126944372,-13.012527391494311,3.0425028826415677,0.04952461835905719,0.9987729032049226
1769099940.6650546,6.530654173950989,-13.011634039206058,3.0422678710307345,0.04964197963129805,0.9987670768794322
1769099940.715056,6.52465993729163,-13.011036527083593,3.0407185035843733,0.05041569325567416,0.9987283203522116
1769099940.764986,6.518640465649116,-13.010437010072227,3.0404029674324016,0.050573260073112476,0.9987203539357639
1769099940.8149984,6.509147556838319,-13.009469033935442,3.038237024156411,0.051654816022440576,0.9986649988768445
1769099940.8649833,6.502450394795819,-13.008778804167603,3.0371208856650025,0.05221213217242526,0.9986360164013759
1769099940.9149942,6.496358091046657,-13.00814504833528,3.034651387563026,0.053445156931197224,0.9985707862743631
1769099940.965002,6.486542031645329,-13.007103676963633,3.031936618140393,0.05480055199725733,0.9984973207279005
1769099941.0150537,6.480151730626243,-13.006400119663112,3.0287939826410915,0.056369440262310964,0.9984099790188967
1769099941.06499,6.473758552583985,-13.005723552791103,3.0305986555487894,0.05546851571629991,0.998460436754622
1769099941.1149843,6.464599399366687,-13.00472826286058,3.031959308282358,0.05478922397075143,0.9984979423797942
1769099941.164993,6.458432984418321,-13.004072917152643,3.0316373534160737,0.054949958895922545,0.9984891096137887
1769099941.2149992,6.449147926400351,-13.003064620199481,3.0303938050195476,0.05557078299961089,0.9984547501398399
1769099941.2649949,6.442909644615799,-13.002368057034577,3.0285848221023417,0.05647385393841579,0.998404078427839
1769099941.314996,6.436341513254733,-13.001660639977109,3.0320783093694867,0.0547298127034814,0.9985012006009015
1769099941.3650115,6.426755915604416,-13.000606632201288,3.030586945471442,0.055474361739820434,0.998460111967203
1769099941.4149938,6.4202400154020935,-12.999887457842727,3.028868363427767,0.0563323089635044,0.9984120747300887
1769099941.4649997,6.414128034234837,-12.999200259819602,3.0262212625814695,0.0576537079606144,0.9983366415986104
1769099941.5150027,6.404421717552904,-12.998087402616084,3.026358062856321,0.057585421462316363,0.9983405827847566
1769099941.5650036,6.398186791278198,-12.997361341912905,3.0228494181616514,0.059336743144802084,0.9982380231753185
1769099941.6150496,6.391903677206931,-12.996611738176782,3.0194941062734233,0.06101135880995444,0.9981370717973373
1769099941.664986,6.38227831555778,-12.995460884784958,3.0211193373034746,0.060200237084316835,0.9981863210117599
1769099941.7149987,6.375819902152764,-12.994685133705827,3.0208033225996638,0.06035795710946253,0.9981767964712325
1769099941.7649758,6.369436583441298,-12.99392090779353,3.021829115237848,0.05984598798823416,0.9982076225523987
1769099941.8149936,6.35996185835875,-12.99278876046222,3.0243889087912326,0.05856833660055433,0.9982834016189212
1769099941.8649836,6.3542061743469285,-12.992105092655578,3.0241720267249272,0.05867659113942693,0.9982770445383669
1769099941.9149795,6.345030942454349,-12.99102657115972,3.0253658483813934,0.05808069834404234,0.9983118913845854
1769099941.9650111,6.3387695619740265,-12.990308801295932,3.025149989696318,0.05818844515163427,0.9983056169584719
1769099942.0149941,6.332786411468411,-12.989608941340691,3.0244584945273894,0.05853360342241419,0.9982854387750968
1769099942.0649722,6.32328121836021,-12.988519011564374,3.0242344360173505,0.058645440228868376,0.9982788750346079
1769099942.1149943,6.316792888581397,-12.987780659072037,3.024443970455787,0.05854085300546683,0.9982850136756498
1769099942.1649785,6.310180141362395,-12.987016739986231,3.0235326358206205,0.05899573276659277,0.9982582348848081
1769099942.214988,6.301130239792887,-12.985956039336155,3.024393983082989,0.05856580380974805,0.9982835502121219
1769099942.2650054,6.29479488563898,-12.985217143794015,3.023635025490415,0.05894462702378396,0.9982612538534325
1769099942.3149912,6.285546347173853,-12.984111948653812,3.021783678480757,0.059868665631424366,0.9982062626909894
1769099942.3649983,6.279138369540266,-12.983340689200608,3.02125747219264,0.060131294762375026,0.9981904765074652
1769099942.4150147,6.273083157132297,-12.982603821352837,3.0204439320594387,0.06053732378306819,0.9981659343161255
1769099942.4650095,6.263935862338624,-12.981504788987756,3.0200464267851834,0.0607357106978072,0.9981538826483781
1769099942.5150044,6.25790489803343,-12.980778320024411,3.0224440375506996,0.05953907509439537,0.998225975687321
1769099942.56501,6.25164599969359,-12.980039328704594,3.0220394501579433,0.05974100869720952,0.9982139108827526
1769099942.6149905,6.2423209616897655,-12.978934350294802,3.026667473110259,0.05743097236719898,0.9983494795976797
1769099942.6649864,6.236313604963531,-12.97822378660543,3.025446462820192,0.05804045912043724,0.9983142316450712
1769099942.7150033,6.227037175696275,-12.977139003512484,3.0240300463533547,0.05874745886437188,0.9982728765608023
1769099942.764972,6.220576335779574,-12.976383598768642,3.0243062825043623,0.05860957877592109,0.998280981124908
1769099942.8150377,6.214166803860833,-12.975625362721784,3.0214761607858054,0.0600221479676131,0.9981970455543103
1769099942.8649979,6.204441196027306,-12.974459579783396,3.021750778578781,0.05988508606742059,0.9982052777193164
1769099942.9150157,6.198536561237883,-12.973742486452453,3.0195603935626285,0.06097827687607763,0.9981390933879027
1769099942.965022,6.191903466655649,-12.972935431379566,3.0213974127635614,0.06006145094264997,0.9981946814678305
1769099943.0150075,6.182509758038273,-12.971765620219065,3.0175245861887072,0.06199425457323937,0.9980765062859202
1769099943.0650065,6.1763065141584015,-12.97098836251764,3.0182961771054706,0.061609196585993994,0.9981003491112647
1769099943.1150079,6.1671902426496805,-12.969844082778442,3.0178005316570986,0.061856546639091486,0.9980850503027715
1769099943.1650183,6.161364526562116,-12.969107443243397,3.0178495027380268,0.061832107968665354,0.9980865645945503
1769099943.215002,6.151895124284156,-12.967931595547464,3.0185003621743522,0.061507297670831164,0.9981066337487352
1769099943.26498,6.146042160571855,-12.96720908489802,3.0203138404237864,0.06060225017448078,0.9981619945047946
1769099943.3150377,6.139986560451378,-12.966475427746678,3.021493041852866,0.060013722649842255,0.9981975521377058
1769099943.3650246,6.130637373095868,-12.965359117310872,3.0239853125141485,0.058769787138846966,0.9982715623114057
1769099943.4150825,6.124680548977206,-12.96465217530068,3.0221111744878466,0.05970521054687177,0.9982160526827615
1769099943.4650147,6.115055104421841,-12.963501356983272,3.021794337061606,0.05986334589949677,0.9982065817343208
1769099943.5150971,6.108998579114742,-12.962775409638752,3.022706249398555,0.05940820124423761,0.9982337730336137
1769099943.5650232,6.102715959933627,-12.962021682317433,3.0213078069306687,0.06010617291526531,0.9981919895378244
1769099943.6150103,6.093519627266197,-12.960906406565268,3.0211778016000355,0.060171057928052565,0.9981880803675323
1769099943.6649995,6.087365338022632,-12.960145562210194,3.0180825933712496,0.06171578523432549,0.9980937640587234
1769099943.7149966,6.077594902525652,-12.958929165502827,3.0173273659422932,0.06209267471892002,0.9980703881722223
1769099943.7649856,6.071742646011315,-12.958200982154981,3.0152479743941116,0.06313033053672391,0.9980052912516667
1769099943.815015,6.065615151440164,-12.957430123995174,3.0164355014036985,0.06253774032354771,0.9980425998098601
1769099943.8650048,6.056021583771703,-12.956227293753003,3.013121628079045,0.06419134709429167,0.9979376087502766
1769099943.9150171,6.049616516096194,-12.95543227879344,3.019560482707627,0.060978232386523584,0.9981390961058559
1769099943.9650173,6.043312348893991,-12.954646326868371,3.01785555882096,0.06182908572087696,0.9980867518201614
1769099944.0150194,6.0341183116419534,-12.953512235665583,3.019299698614913,0.06110838126706628,0.9981311365441511
1769099944.0649903,6.027838511925281,-12.952735380951495,3.0174673746844776,0.06202280527700132,0.998074732485284
1769099944.115005,6.021483655357726,-12.95194674994624,3.01592473550695,0.06279262134314986,0.9980265961911314
1769099944.164986,6.011789003431877,-12.950736349730303,3.0179068968948504,0.06180346577480329,0.9980883385844275
1769099944.2150295,6.005937591318706,-12.950001357111113,3.01539285125882,0.06305803643237487,0.998009861695411
1769099944.2650099,5.999308253247124,-12.949163959300547,3.017233768499545,0.06213938306891561,0.9980674812214927
1769099944.3150382,5.989919523349704,-12.947954959035009,3.0126044216710235,0.064449414808023,0.9979209752935868
1769099944.365019,5.983644711783049,-12.947138722867845,3.010870495348972,0.06531455120193977,0.9978647250009839
1769099944.4150193,5.973785474916631,-12.94581892575533,3.0083847989824224,0.06655469479851933,0.9977827782640247
1769099944.4650197,5.96756516156475,-12.944976618754602,3.0069043174176704,0.06729327600095424,0.9977332383984505
1769099944.5150352,5.961145127240543,-12.944100350779943,3.0056616318214493,0.06791319733332737,0.997691233612867
1769099944.5650067,5.952267207720074,-12.94289054603032,3.006826596417994,0.0673320483624828,0.9977306225947524
1769099944.6150155,5.946046351614784,-12.942052556502192,3.008995607278517,0.06624996470008994,0.9978030578111278
1769099944.6650147,5.939824769266727,-12.941219922722254,3.0098470505455555,0.06582517236168377,0.997831171433101
1769099944.7150257,5.930313719304957,-12.939970529421517,3.0116627426964784,0.06491926824711867,0.9978905193508247
1769099944.7649958,5.924139239901796,-12.939167845549724,3.013248753896184,0.06412791514767703,0.9979416869230447
1769099944.8150258,5.914875140543544,-12.937982181734936,3.0154490401750937,0.06302999786121324,0.9980116328829116
1769099944.8650072,5.908672723191508,-12.93719837161161,3.0155485797602095,0.06298032695123114,0.9980147686367753
1769099944.9150188,5.902643619779148,-12.936455949841234,3.022007726558099,0.059756842159027504,0.9982129631572518
1769099944.9650333,5.893269027242929,-12.935338713671854,3.0259471092273107,0.05779055608796575,0.9983287292405462
1769099945.015005,5.887209895894628,-12.934634861580285,3.029563349731444,0.05598536421070015,0.9984315895414143
1769099945.0650206,5.877577319187917,-12.93354564067778,3.0362926558865166,0.05262567772697228,0.9986143089520483
1769099945.1150095,5.871361814703729,-12.932874400136226,3.0423783614297446,0.04958680246915037,0.9987698178363649
1769099945.1650643,5.864842153488907,-12.932192404983102,3.0474525657378306,0.047052664539170556,0.9988924100020804
1769099945.215033,5.855444422987577,-12.931291900138069,3.0520573765249965,0.0447526865840282,0.998998096616561
1769099945.2650826,5.848940849667266,-12.930703701422829,3.0598925787832525,0.04083867710094444,0.9991657532424962
1769099945.3150322,5.842612300497216,-12.930150685111991,3.060619399837861,0.04047556705896158,0.9991805284688325
1769099945.3650596,5.833554207257191,-12.929430573470624,3.062523285346409,0.039524386198953564,0.9992186061596311
1769099945.4150317,5.827144054400872,-12.928938065416363,3.067657423034517,0.036959195834240496,0.9993167755238007
1769099945.4650085,5.820857730825241,-12.928486801986207,3.0692129242926782,0.036181965483547046,0.9993452183173477
1769099945.5150373,5.811160357971773,-12.927828575369581,3.08093082820152,0.03032626234874939,0.9995400531304159
1769099945.565023,5.804821571598217,-12.927408516798506,3.078272768669964,0.03165465365743885,0.9994988658832122
1769099945.6150398,5.798531143697445,-12.927019650926017,3.084080044404265,0.028752341538504617,0.9995865659641756
1769099945.665055,5.789082101686911,-12.926452485645425,3.084393009608825,0.028595923280070327,0.9995910529670423
1769099945.7150455,5.782638849286424,-12.926076910009044,3.0860668735214865,0.027759323667165846,0.9996146357219574
1769099945.7650592,5.773111338039152,-12.925548810099727,3.0871809591516732,0.027202491238458602,0.9996299437644021
1769099945.8150406,5.766716485227689,-12.92521290916242,3.093740594013288,0.023923747091420068,0.9997137862033842
1769099945.8650289,5.760143976909947,-12.92488473789134,3.094839676926005,0.02337435933662447,0.999726782338856
1769099945.9150238,5.750813150479299,-12.92447493160469,3.10262357481461,0.01948330653561328,0.9998101823678529
1769099945.965046,5.744818995791511,-12.92424283912399,3.107740026204725,0.01692550547236464,0.9998567533724543
1769099946.0150266,5.738317559789571,-12.924030017499295,3.1163165027896476,0.012637738975191761,0.9999201405880346
1769099946.065019,5.729107542349976,-12.923793566004282,3.122467492386851,0.00956243486371097,0.999954278874528
1769099946.1150243,5.722806780141766,-12.92365843082819,3.1237366957399924,0.008927860318947286,0.9999601458608864
1769099946.1650305,5.71356961874739,-12.923502391811514,3.1306431259431355,0.0054747364741516424,0.999985013517972
1769099946.2150204,5.7072176183087695,-12.923404404671244,3.1298755073672937,0.005858539597458049,0.9999828386096359
1769099946.265049,5.700814462216699,-12.923328950457162,3.1361951005975945,0.002698773220058192,0.9999963583049224
1769099946.315055,5.6913994748540215,-12.923245080558102,3.1380784341236727,0.0017571088289001684,0.9999984562830901
1769099946.365035,5.685299781423587,-12.923210268661636,3.1401906587602864,0.0007009973573420603,0.9999997543013223
1769099946.4150589,5.6787698739000625,-12.923171458707202,3.1413518070107824,0.00012042328921434753,0.9999999927491157
1769099946.465025,5.669075931868178,-12.923159572839946,3.1395322413176205,0.0010302059538558244,0.9999994693377056
1769099946.514983,5.66279878445003,-12.923169237601703,-3.138733272403631,0.0014296901060296301,-0.9999989779925781
1769099946.5650492,5.656344569011094,-12.923195385982073,-3.1352985305731362,0.0031470563135835715,-0.9999950480060185
1769099946.6171017,5.646650792720683,-12.923275347542384,-3.1312656054528,0.005163501123564009,-0.9999866690392162
1769099946.6650577,5.640146382092082,-12.923362481290772,-3.125593446626444,0.007999518161302184,-0.9999680033427004
1769099946.7221122,5.634174195676423,-12.92350301250651,-3.122599069937038,0.009496649075907934,-0.9999549058114217
1769099946.7650342,5.624456645157341,-12.923687605813456,-3.1216398400118712,0.00997624129999743,-0.9999502360665375
1769099946.8149846,5.618434679788304,-12.923861321726672,-3.1114079158857613,0.015091795902924095,-0.9998861123630153
1769099946.8650587,5.6089223408102376,-12.924155387314297,-3.1106431379357296,0.015474140215874128,-0.9998802683244526
1769099946.9149904,5.602775313289827,-12.924368033046244,-3.106443355601759,0.01757374429936636,-0.9998455698313118
1769099946.965057,5.596475967705277,-12.924556662777567,-3.109160456416156,0.01621538789360639,-0.9998685219544917
1769099947.015083,5.58726772277696,-12.92485541114595,-3.110651116497583,0.01547015141246759,-0.9998803300471889
1769099947.065059,5.581119787175981,-12.92503223996066,-3.113435779140783,0.014077972165785402,-0.9999009004394882
1769099947.1180696,5.571606274993642,-12.925283444789246,-3.1198103182282426,0.010890952368144524,-0.9999406918195273
1769099947.1650367,5.565432823693096,-12.925453382399809,-3.1157993998781777,0.012896269357869885,-0.9999168396605036
1769099947.215074,5.55877828766183,-12.925623527397732,-3.1201688898062843,0.010711677038161966,-0.9999426283417615
1769099947.2650583,5.5488851747628765,-12.925881245122879,-3.1176806932355006,0.011955695336997167,-0.9999285281203897
1769099947.3150866,5.542736961429036,-12.926049767849854,-3.11489046599246,0.013350697159661407,-0.9999108754710847
1769099947.3650608,5.536285490405842,-12.926239872546526,-3.112421041528282,0.014585288858246611,-0.9998936290170678
1769099947.4160657,5.5270762504568465,-12.926506007123729,-3.1106652539979986,0.015463083507790312,-0.9998804393768442
1769099947.4651105,5.521029591281232,-12.926682530393096,-3.1122543489101573,0.014668626250924542,-0.9998924099141421
1769099947.5190814,5.511871248953563,-12.92695774567882,-3.1099066453158595,0.01584234137755172,-0.9998745022349941
1769099947.565039,5.5055969985376585,-12.927144782581975,-3.1111696288665915,0.015210925736138995,-0.9998843071767102
1769099947.6271303,5.499120810136408,-12.927353613582172,-3.1073564530543574,0.017117264262314955,-0.9998534888993357
1769099947.6650534,5.489583809289193,-12.927665623125948,-3.104997400060401,0.018296605764622918,-0.9998326030978856
1769099947.7163467,5.483133185962125,-12.927880251100131,-3.1066527317487496,0.01746907229675869,-0.999847404113793
1769099947.7650456,5.476986147173333,-12.928086283098123,-3.1045533176781857,0.01851860933386646,-0.999828515850763
1769099947.8150978,5.467601327290615,-12.928405468654562,-3.112212168831538,0.014689714017891223,-0.9998921003298669
1769099947.8650546,5.461150363258417,-12.928610000367557,-3.1112393817743853,0.015176053307953566,-0.999884837071747
1769099947.915043,5.454572533459375,-12.928807103902388,-3.1170302500278337,0.012280893058627097,-0.9999245869892802
1769099947.9650517,5.44513543553767,-12.929071948146145,-3.115564572494396,0.013013673196434716,-0.9999153185694959
1769099948.015048,5.438936657764795,-12.929241841018403,-3.1126446100609675,0.01447351639161209,-0.9998952531756823
1769099948.0650325,5.429120788633488,-12.929545499938484,-3.1142774813742506,0.013657161520919591,-0.9999067366205668
1769099948.1150548,5.422771694881315,-12.929772624715248,-3.1063473171171987,0.0176217561057473,-0.999844724800681
1769099948.165035,5.4167012133797545,-12.929996643847545,-3.106928820235562,0.017331048952327288,-0.999849806092001
1769099948.215064,5.407874515060731,-12.930346759709758,-3.102279895382799,0.019655113344805183,-0.999806819600368
1769099948.2650537,5.401627573919203,-12.930591554743623,-3.1040163885368734,0.018787027196531813,-0.999823508229886
1769099948.3151326,5.395178780954571,-12.930858759377731,-3.1007739263683924,0.020407946746935333,-0.9997917361678752
1769099948.365057,5.385719800993651,-12.931227265026003,-3.1009741356892517,0.020307862832599603,-0.999793774089023
1769099948.4150517,5.379270250429709,-12.931472387126274,-3.1040451027391254,0.018772672627380287,-0.9998237778540903
1769099948.4650524,5.37309860013312,-12.931699010874759,-3.1034470225200876,0.019071659195580185,-0.9998181193674816
1769099948.5150435,5.3631833237891255,-12.932058729230192,-3.108188949333437,0.01670107563687643,-0.99986052730997
1769099948.565075,5.356708359088268,-12.932301919146584,-3.1049280957249668,0.018331252120682453,-0.9998319684805482
1769099948.615057,5.350157022844344,-12.932534686305988,-3.1076040201292767,0.016993498729695182,-0.9998556000747927
1769099948.6650364,5.340368267160843,-12.932890843727394,-3.109360952389369,0.016115153006097716,-0.9998701424903086
1769099948.7150612,5.333867738828851,-12.93312797229862,-3.106829857289447,0.01738052297233209,-0.9998489473021454
1769099948.7650442,5.327468534990993,-12.933365820531515,-3.106683558970137,0.017453661036043944,-0.999847673256501
1769099948.8150876,5.317856782911945,-12.933714390535794,-3.1044305577095805,0.01857997875755164,-0.9998273772953854
1769099948.8650558,5.311912699341756,-12.933930390943187,-3.106049759574984,0.01777051157962272,-0.9998420919916297
1769099948.9150503,5.30260528298886,-12.934290331661085,-3.102609455864387,0.019490364670226475,-0.999810044801022
1769099948.9650862,5.2962827303822,-12.934545314500456,-3.0992709926346333,0.021159251277525822,-0.9997761179811081
1769099949.0150757,5.2899354801939165,-12.93481521788298,-3.0981117359691925,0.021738746255009777,-0.9997636855333666
1769099949.0652418,5.280731288079771,-12.935220358478404,-3.095171878724638,0.023208303497327144,-0.9997306510499595
1769099949.1151047,5.274611696185846,-12.935481019585218,-3.100450961340626,0.020569395363064694,-0.9997884276057599
1769099949.1650658,5.268213878918499,-12.93575326967803,-3.09814346596882,0.021722885001589958,-0.9997640302927525
1769099949.2150824,5.25880620171499,-12.936138906730756,-3.1025304264163074,0.019529871873012403,-0.9998092738640824
1769099949.2650735,5.2525345501325855,-12.936399059355042,-3.100857422255102,0.02036620748039495,-0.9997925872864158
1769099949.3151543,5.2430505939741,-12.936777695609583,-3.097983298499455,0.021802949769192503,-0.9997622874370498
1769099949.3651013,5.23647523010338,-12.937044622615764,-3.0986991714275725,0.021445097002088565,-0.9997700274636018
1769099949.4150767,5.2299507710880135,-12.937317343435033,-3.09343943186476,0.024074284795502703,-0.9997101724057753
1769099949.4650793,5.220342698132112,-12.937754476491877,-3.0936314884461815,0.023978284225588262,-0.9997124796088108
1769099949.515088,5.214275295517132,-12.938049579129768,-3.0908824398838237,0.025352390219027507,-0.9996785764985574
1769099949.5650463,5.207980285136527,-12.93835315402503,-3.0914865849432442,0.02505041363044479,-0.999686189149847
1769099949.6150725,5.198829864253618,-12.938823426315144,-3.08932853441122,0.026129085494261798,-0.9996585771608393
1769099949.6650696,5.19243441467161,-12.939146068387517,-3.087266728298369,0.027159622509813873,-0.9996311094124294
1769099949.71508,5.186343000598899,-12.939466766007156,-3.085491626919096,0.028046834976426058,-0.999606610146114
1769099949.7650616,5.176713509031794,-12.939983109519007,-3.083527953326905,0.029028271851578403,-0.9995785909238507
1769099949.8150787,5.1700913378555935,-12.940332335639942,-3.0874881146016513,0.02704897002566727,-0.9996341096724094
1769099949.8650706,5.1640508403307175,-12.940657701440406,-3.084629855609163,0.02847754850839767,-0.9995944323729259
1769099949.9150608,5.154269751602921,-12.941183860080828,-3.086362417181148,0.0276116084807737,-0.9996187268539463
1769099949.9650826,5.147698276163722,-12.94153380914392,-3.0870583668402825,0.027263764659988133,-0.9996282744783507
1769099950.015064,5.138649285759535,-12.942005087193834,-3.085067796094221,0.028258666392139174,-0.9996006441443192
1769099950.0650558,5.132076678330178,-12.94233468517988,-3.0910503671596516,0.025268453479732847,-0.9996807016536543
1769099950.1150835,5.125984428737278,-12.942639789610219,-3.0896756586109397,0.025955582259784123,-0.9996630971230035
1769099950.1651118,5.11632875487529,-12.94314117440197,-3.0896880492183,0.025949389042821618,-0.9996632579065334
1769099950.2150755,5.110162383388002,-12.943482716618378,-3.0852981101670207,0.028143555157259543,-0.9996038917006628
1769099950.2650616,5.103845142046676,-12.943846202555553,-3.079268667319464,0.031156949968210057,-0.9995145043813414
1769099950.3150954,5.094446931385417,-12.944416838255554,-3.0782780752862187,0.03165200167886322,-0.9994989498692438
1769099950.365058,5.088535114385824,-12.94477502544952,-3.0756005782757727,0.03299005064017106,-0.999455680137323
1769099950.4150765,5.079314039762669,-12.945339175626525,-3.0797771732900996,0.030902819417276718,-0.9995223938222011
1769099950.4650576,5.072921966735682,-12.945723270752785,-3.079505737284054,0.031038472315521076,-0.9995181905479853
1769099950.5150905,5.066402703936721,-12.946100854557884,-3.084913441135523,0.02833581296597394,-0.9995984602346871
1769099950.5650718,5.0568510617245614,-12.946650195025157,-3.084977944120693,0.028303574408914407,-0.9995993735870782
1769099950.6150825,5.050204616463474,-12.947020002652014,-3.0845866352618647,0.028499149911008853,-0.9995938167347524
1769099950.6650753,5.043584192736322,-12.947401338864704,-3.0829130376700364,0.029335598737625476,-0.9995696187093248
1769099950.7150764,5.034462660255838,-12.947935470025046,-3.0795676136008865,0.03100754904855236,-0.9995191503428044
1769099950.7651055,5.027943749367652,-12.948318447928543,-3.083182525093753,0.02920091275104085,-0.9995735624227494
1769099950.8150856,5.021576982220657,-12.94870174387981,-3.0801086599196568,0.030737154838824384,-0.9995275020290408
1769099950.8650584,5.011951226403312,-12.949284252289774,-3.0782220311132744,0.03168000971243442,-0.9994980625216939
1769099950.9150794,5.005888749819967,-12.949667239803077,-3.077113651163278,0.03223391662547491,-0.9994803522926211
1769099950.9650888,4.999598926388448,-12.950064378471277,-3.0785207901484,0.03153070482114748,-0.9995027837147237
1769099951.0150726,4.9902525933835316,-12.950654652032437,-3.0795846440217156,0.03099903793154975,-0.999519414342372
1769099951.065063,4.98426750685569,-12.951058776506075,-3.07373488989803,0.033922372574260465,-0.9994244707024804
1769099951.115066,4.974595865459712,-12.951716719624967,-3.0752032807235303,0.03318859063559619,-0.999449106984254
1769099951.16508,4.968485958748828,-12.952150539351681,-3.0711292494790072,0.035224413815324734,-0.9993794277807437
1769099951.2150917,4.962426097787846,-12.952572681247224,-3.0742123050093038,0.03368380143761062,-0.9994325397547908
1769099951.265215,4.952805307673648,-12.953232443235303,-3.076944974885521,0.03231821082349445,-0.9994776301894747
1769099951.3150983,4.946289548297054,-12.953665856440038,-3.0760508361609027,0.032765043405643804,-0.9994630818247496
1769099951.3650665,4.939798939612543,-12.954096019177484,-3.0795124883970337,0.03103509838522939,-0.9995182953144075
1769099951.4150996,4.929948363337636,-12.954733026187869,-3.0754275168603606,0.03307653412387868,-0.9994528217431535
1769099951.4650722,4.923406311576968,-12.955152278559575,-3.079124734502378,0.031228881356631575,-0.9995122595392282
1769099951.5151002,4.917168459058716,-12.95556889479499,-3.074676754098747,0.03345170776491801,-0.9994403350113555
1769099951.5650806,4.907521323775943,-12.956214004445995,-3.071426981889376,0.03507563960261457,-0.9993846604318417
1769099951.6151257,4.901209465055981,-12.956661216194448,-3.067941452216222,0.036817277899010174,-0.9993220141916754
1769099951.6650746,4.8921220123377935,-12.957327314288346,-3.065753070016814,0.037910704894670126,-0.9992811308407605
1769099951.7150865,4.885861478978113,-12.957781680203901,-3.067959982483057,0.03680801904564166,-0.999322355265775
1769099951.7650952,4.879904164486204,-12.958218639897762,-3.0660325328355116,0.037771073564275774,-0.9992864184015522
1769099951.815097,4.8706901025974,-12.95888847267416,-3.0689237907215823,0.03632643723081519,-0.9993399771639858
1769099951.8651068,4.864202249445598,-12.959358353952991,-3.06965107725348,0.03596303158389616,-0.9993531209533973
1769099951.9151015,4.8577639827337755,-12.959812091875852,-3.0727530912419057,0.03441298526832911,-0.9994076978115196
1769099951.9650862,4.8482965439392345,-12.960487382417318,-3.0729269945072266,0.034326085007329275,-0.9994106862987155
1769099952.0151074,4.841833857774307,-12.96095442966585,-3.0684319569163137,0.03657219072177812,-0.9993310136615444
1769099952.0650702,4.8356998122115815,-12.961403980254506,-3.0704001319941217,0.03558874397395307,-0.9993665200027247
1769099952.1150844,4.825803998667041,-12.962121546492144,-3.068980886046432,0.03629790839570084,-0.9993410137916372
1769099952.1650684,4.819744885084788,-12.962554521107766,-3.07171191834741,0.03493325868444897,-0.9993896474537273
1769099952.2150745,4.810128288850659,-12.963273361666282,-3.0661758846170053,0.03769944872316375,-0.9992891231100084
1769099952.2650607,4.803742887389579,-12.963755843094885,-3.062186242112079,0.03969277557233077,-0.9992119312575108
1769099952.3150983,4.797332450627949,-12.964242239831828,-3.06110772992884,0.04023160089569269,-0.999190381403549
1769099952.3650742,4.788073249536325,-12.964985839778832,-3.0566451038922504,0.0424610053997884,-0.9990981248208002
1769099952.4151058,4.7816402133042075,-12.965507467252047,-3.0588047335449504,0.04138213988651818,-0.9991433923608827
1769099952.465073,4.775284590860609,-12.96604514526565,-3.053742836144184,0.04391078531639903,-0.9990354562941683
1769099952.5151052,4.76587799268567,-12.96684813477738,-3.054349972235375,0.043607508056841535,-0.9990487401729069
1769099952.565078,4.759371411848623,-12.9674022099321,-3.055951801494706,0.04280734140430524,-0.9990833456333337
1769099952.6151025,4.752964439045122,-12.967932936396094,-3.057736313902905,0.04191588616912021,-0.9991211430485581
1769099952.665074,4.743604976383525,-12.968693310374173,-3.064014554847458,0.03877932316465879,-0.9992477991443819
1769099952.7150955,4.737473815309173,-12.969180294915727,-3.064912345474752,0.03833076161836286,-0.9992651063225195
1769099952.765069,4.7308120408388845,-12.969699828789242,-3.068505645447211,0.03653537107982473,-0.9993323604587512
1769099952.815094,4.720921503799566,-12.970485917557399,-3.0628323931798698,0.03936995257825866,-0.9992247028741762
1769099952.8650634,4.714412411806748,-12.971010107240556,-3.063841353798595,0.038865858402577905,-0.9992444370876581
1769099952.9150956,4.708309064655432,-12.971528232836855,-3.061013836240505,0.04027850968646954,-0.999188491555741
1769099952.9650977,4.69872445338818,-12.972330477046166,-3.0573810969722715,0.04209333787995613,-0.9991136826738606
1769099953.0151055,4.692798034355442,-12.97283707155161,-3.0586912773797397,0.041438819308798815,-0.9991410432237746
1769099953.0650415,4.686569122088435,-12.973371325175501,-3.0561393226255547,0.042713666596889285,-0.9990873548823695
1769099953.1150994,4.6773889581305825,-12.974149363755394,-3.05787268806048,0.041847758919630176,-0.9991239988476929
1769099953.1650748,4.671059265504108,-12.974693096846487,-3.054854891564815,0.0433552871598563,-0.999059717472027
1769099953.215102,4.66180402743765,-12.975484385518774,-3.0526045943692215,0.04447935011989665,-0.9990103039573274
1769099953.2650945,4.655650905676582,-12.976012950351146,-3.0533502012858285,0.044106912541403726,-0.9990268165900578
1769099953.3151107,4.6492212933885595,-12.976575989592655,-3.0510676144645292,0.04524706629097528,-0.9989758270308947
1769099953.3650784,4.639514169832767,-12.977429640617526,-3.0552555662394516,0.04315513732754156,-0.999068383106102
1769099953.415108,4.633361399387401,-12.97796256874803,-3.054602385199339,0.0434814212830586,-0.99905423576661
1769099953.4650817,4.62687965777985,-12.978510577600423,-3.0545079195085707,0.04352860940878721,-0.9990521809009464
1769099953.515119,4.617523876901887,-12.979314664030408,-3.054363851697213,0.04360057492635972,-0.9990490427732218
1769099953.5650816,4.611067740136877,-12.979864977553435,-3.0501503918839896,0.0457052031096195,-0.9989549711617178
1769099953.6150942,4.601637914049784,-12.980693747776623,-3.0530137280228122,0.04427498482282885,-0.9990193820536908
1769099953.6650772,4.595310292149618,-12.981260870011056,-3.046765518328037,0.04739580497759076,-0.9988761873578358
1769099953.7151034,4.589185132486707,-12.981818023357755,-3.0487324593104517,0.046413416960368166,-0.9989223166623433
1769099953.7650828,4.579963724202416,-12.982703109020118,-3.0424975009984387,0.049527305878543836,-0.9987727699393958
1769099953.815116,4.57379101238726,-12.98329533879411,-3.043818952929497,0.04886738001300646,-0.9988052759024977
1769099953.8650854,4.567771071756356,-12.983890277030875,-3.0459866390014794,0.04778480337971889,-0.9988576538055668
1769099953.9150972,4.558600582586708,-12.98477529127888,-3.045309637924071,0.048122914489510074,-0.9988414213983295
1769099953.965095,4.552226412977189,-12.985388545850768,-3.0475790493831547,0.04698949266846662,-0.9988953837007958
1769099954.0150983,4.542902110472479,-12.98626025582088,-3.047836472341085,0.046860922977424856,-0.9989014235137038
1769099954.0650516,4.536600819462392,-12.986837735980837,-3.0529532591052972,0.04430518961289251,-0.9990180429668754
1769099954.1151104,4.527401252182366,-12.987683378159069,-3.0522123482767194,0.0446752782072565,-0.9990015613186519
1769099954.1650894,4.520872747831635,-12.98827720832842,-3.050517434826346,0.04552187265502154,-0.9989633422253191
1769099954.2151117,4.514673707584246,-12.988860720311258,-3.048589996486729,0.046484571489514855,-0.9989190080349037
1769099954.2650816,4.505374179005565,-12.989725405078376,-3.0471412393413564,0.047208154755711024,-0.9988850735317656
1769099954.315128,4.498948162633024,-12.990328126094223,-3.0487449387180017,0.046407183980114466,-0.9989226062488704
1769099954.3650897,4.4898013962926955,-12.991195404221692,-3.0459811806356933,0.04778752944476225,-0.998857523388379
1769099954.41513,4.483803921654874,-12.991759417230762,-3.0479319879016575,0.04681321760929092,-0.9989036603482165
1769099954.4650915,4.4778582171111765,-12.99233334334214,-3.0449476671670355,0.048303689393104095,-0.9988326954956043
1769099954.5151122,4.468662825252645,-12.99322372776549,-3.041898421284767,0.049826475904692205,-0.9987578897304987
1769099954.5650575,4.4622904947627715,-12.993855695539086,-3.041673607908615,0.04993874265624483,-0.9987522825915911
1769099954.6151168,4.455968639327641,-12.994483707764536,-3.03960350659021,0.050972474929707544,-0.998700058475787
1769099954.665091,4.446625687610753,-12.99542488682441,-3.0422039139179287,0.04967391873521133,-0.9987654888899034
1769099954.7151217,4.4402036812257455,-12.996069011369187,-3.0407891535057776,0.05038041318555726,-0.9987301006614613
1769099954.7650902,4.433730348677457,-12.996708512072734,-3.046470306012569,0.04754324473680347,-0.9988691805636494
1769099954.8151217,4.424031713350617,-12.997653792076594,-3.045785362680177,0.04788532633459739,-0.998852839772621
1769099954.8650572,4.417908617327651,-12.998233873842288,-3.0460901719673643,0.04773309596801819,-0.998860126118421
1769099954.9150813,4.408032137365054,-12.999180987590993,-3.049623354326063,0.0459684449138789,-0.9989428922977528
1769099954.9651043,4.401583817062531,-12.999816410061058,-3.043291664799261,0.04913070739481451,-0.9987923575953538
1769099955.0151076,4.3950354328839865,-13.000468713531967,-3.0445435251913233,0.04850552351502761,-0.998822914328928
1769099955.065095,4.388740929361243,-13.001116859253871,-3.0376675347263866,0.05193917850502113,-0.9986502499555205
1769099955.1151168,4.379275198600073,-13.002101532818408,-3.0357886066941973,0.05287735142094424,-0.9986010142728206
1769099955.1650932,4.3729331928436945,-13.002781184217008,-3.0333314475907223,0.05410417199204925,-0.9985352966085148
1769099955.2151177,4.36661492068795,-13.00344376794842,-3.034617559027706,0.053462047017107835,-0.9985698821458319
1769099955.2650905,4.357076156756432,-13.00445990757151,-3.0391017300366663,0.05122303545953245,-0.998687238647972
1769099955.315119,4.351060272374942,-13.005094528566998,-3.0367073040849966,0.052418639785351676,-0.9986251980613415
1769099955.3651268,4.341695340112424,-13.006069734101333,-3.0398914649742044,0.05082868237440748,-0.9987073870999862
1769099955.4151406,4.335100328254913,-13.006763580364154,-3.037499830465679,0.052022917273263365,-0.9986458912339145
1769099955.4650862,4.329032497955066,-13.007388019167715,-3.04099168366536,0.05027927644408092,-0.9987351973172166
1769099955.5151327,4.319616677676996,-13.00836327178442,-3.043436362454011,0.049058445810430625,-0.998795909530403
1769099955.5651886,4.313146200822892,-13.009031047796839,-3.0407309812499093,0.05040946235572173,-0.9987286348678539
1769099955.6151423,4.30662473096758,-13.009697843811493,-3.0434011824147635,0.04907601464248893,-0.9987950464368605
1769099955.6650636,4.296904337920943,-13.01068030796985,-3.040745661248481,0.05040213168689712,-0.9987290048463681
1769099955.7151377,4.29086028916596,-13.011288430282445,-3.0440692648447705,0.04874237319980495,-0.9988113841235746
1769099955.765102,4.284515565822184,-13.011942173112274,-3.0393670803170165,0.05109053403971077,-0.9986940258815695
1769099955.8151436,4.275002166408799,-13.012958792638605,-3.035778334016712,0.052882480573324675,-0.9986007426636593
1769099955.865068,4.268961577378985,-13.013600369755025,-3.033600023669376,0.05397008015743422,-0.9985425531482373
1769099955.9151304,4.2602313238074565,-13.014560191827726,-3.0291879763657903,0.056172755536592074,-0.9984210642486597
1769099955.9650695,4.254218368246151,-13.015221352130839,-3.0311617965632616,0.05518737650955654,-0.9984760154725764
1769099956.015239,4.247928812508285,-13.015914756875254,-3.0293371843172094,0.05609826919951419,-0.9984252521810628
1769099956.0650704,4.238644067385203,-13.01692563359774,-3.0337067640044877,0.0539167876972229,-0.9985454321183451
1769099956.1151676,4.232479367002979,-13.017596703289986,-3.0326230386064927,0.0544578542782706,-0.9985160700296248
1769099956.1665761,4.2230912317322975,-13.018593620419825,-3.032934937399382,0.054302135638226987,-0.9985245505570344
1769099956.215342,4.216547247324344,-13.019288754830411,-3.034482303105468,0.05352957813996521,-0.9985662643330974
1769099956.2651227,4.209977387334987,-13.019979935097977,-3.0316513804182446,0.05494295599011704,-0.9984894949808275
1769099956.3151355,4.200214146538309,-13.021039291875052,-3.0331737954666425,0.0541828824291178,-0.9985310286874777
1769099956.3650792,4.193725106905659,-13.021771346903696,-3.02737336813907,0.05707860383003874,-0.9983696875330368
1769099956.4151416,4.187764108006244,-13.022441957599188,-3.0286680525949037,0.056432305057914536,-0.998406427736646
1769099956.4650743,4.178611423936002,-13.023495558396979,-3.027221350037514,0.0571544887973584,-0.9983653461585656
1769099956.5151556,4.17232573418521,-13.02422336814999,-3.0233867803307852,0.05906853333156074,-0.9982539298044653
1769099956.5651019,4.166042222694252,-13.024969634451388,-3.021737541986535,0.05989169248422841,-0.9982048813602219
1769099956.6151252,4.1568678210150765,-13.026054772839233,-3.0250915578125253,0.05821761156569606,-0.9983039165021771
1769099956.665082,4.150733876717983,-13.026772634741903,-3.027749759135436,0.05689071413963989,-0.9983804117893549
1769099956.7151372,4.141133197488609,-13.027917902938864,-3.0241469053064334,0.05868913020250219,-0.9982763074400162
1769099956.765127,4.135076139792194,-13.028639486514546,-3.0249093362131054,0.0583085675921189,-0.9982986081054883
1769099956.8151484,4.128592625971882,-13.02941889530578,-3.023926758978167,0.05879901327857775,-0.9982698412941591
1769099956.8650792,4.119291029892417,-13.030506375321167,-3.0246570979750613,0.05843447166903135,-0.9982912463408468
1769099956.9151268,4.1131301770285384,-13.031212068547738,-3.030526785382444,0.05550439543931751,-0.9984584428442257
1769099956.965131,4.10369919892167,-13.03228195788768,-3.028323189817712,0.05660446082483991,-0.9983966821933701
1769099957.0151112,4.097586086491178,-13.032959459605374,-3.033537445541717,0.0540013235926927,-0.9985408639861653
1769099957.0651112,4.091071676482656,-13.033691531549556,-3.030308841146446,0.055613199240797676,-0.9984523884844001
1769099957.1151133,4.081813874783392,-13.03471630586367,-3.0296326664005027,0.05595076020104719,-0.9984335293012374
1769099957.1651301,4.075399084561829,-13.03542876959745,-3.030693415541537,0.05542120860218512,-0.9984630637319906
1769099957.215141,4.069133657761786,-13.036110391058441,-3.0302868112111465,0.05562419715818268,-0.9984517758462387
1769099957.2651265,4.060049113263347,-13.03709023388793,-3.039082394494709,0.051232690536641055,-0.9986867433887249
1769099957.3150864,4.0541074968150035,-13.037704715459569,-3.0412471112575257,0.050151723771048734,-0.9987416105293663
1769099957.3651457,4.044584322805235,-13.03862636020601,-3.0485398487268722,0.04650961825016542,-0.9989178421723299
1769099957.4151096,4.038107818626377,-13.039232774330987,-3.0537847445208137,0.043889851329675954,-0.9990363761897055
1769099957.465133,4.031678048167379,-13.039794519596212,-3.059268571005116,0.04115041870897244,-0.9991529627840154
1769099957.515119,4.022142977167829,-13.040580890921968,-3.0641753254691024,0.03869899819453058,-0.9992509132038557
1769099957.565141,4.015731754311429,-13.041060032057588,-3.07590448448126,0.032838179868237956,-0.9994606815392696
1769099957.6150947,4.009041324566704,-13.04153094851076,-3.076089437503506,0.03274575309112184,-0.9994637140259246
1769099957.6651387,3.999290625190666,-13.042147315282609,-3.0836428220399004,0.028970861650593586,-0.9995802564953062
1769099957.715122,3.9932270142669717,-13.042510086763839,-3.087499335466499,0.027043361645620795,-0.9996342614130951
1769099957.7651384,3.9867565496227177,-13.042854140282337,-3.0933782015762548,0.02410489105535468,-0.999709434899566
1769099957.8151371,3.977554181155724,-13.043298428140272,-3.1002863677414307,0.020651674681182768,-0.9997867314246887
1769099957.8651948,3.9712584710050574,-13.043582785206302,-3.100676570267827,0.020456614635142607,-0.9997907415642882
1769099957.9151204,3.9648602394477916,-13.0438449764651,-3.1066175256531325,0.017486672655707067,-0.9998470964499683
1769099957.965141,3.9552992148054402,-13.04419234594109,-3.107661283280558,0.016964871281490528,-0.9998560862156126
1769099958.0151277,3.948974900039855,-13.044400100696182,-3.1135003356475814,0.01404569710381867,-0.9999013543309498
1769099958.0651453,3.9423469667183926,-13.044609269203006,-3.1148193382761846,0.01338625783973665,-0.9999104000364473
1769099958.1151416,3.9330859058318306,-13.0448371895522,-3.118127699412797,0.011732207925780325,-0.9999311752801721
1769099958.165157,3.9263799140086966,-13.044977772868856,-3.123313611565664,0.009139393773944937,-0.9999582348685593
1769099958.215127,3.919976601873144,-13.04506518138966,-3.130067045012226,0.005762772391798207,-0.9999833950893187
1769099958.2651424,3.9100545234396678,-13.045132132255207,-3.138444943654147,0.0015738543180782742,-0.9999987614905258
1769099958.315124,3.903853062204457,-13.045125182329013,3.137185071904061,0.0022037890590102093,0.9999975716539432
1769099958.3651466,3.8974241350319847,-13.04508787677081,3.133067725308219,0.0042624512336308555,0.9999909157134783
1769099958.415092,3.888186030116683,-13.044990746132623,3.1291834715560536,0.0062045512073084196,0.9999807515869072
1769099958.4651725,3.881782969173805,-13.04488889521285,3.1293224327970877,0.006135071909262559,0.999981180269243
1769099958.5151165,3.8724440289269806,-13.044774298602837,3.1302791385855984,0.005656727333804306,0.999984000589945
1769099958.5650876,3.8665222030742337,-13.044634548259927,3.121209756752653,0.0101912719959668,0.9999480676390671
1769099958.615155,3.8600949071469968,-13.044478885680547,3.117406166894398,0.012092948584030856,0.999926877623831
1769099958.6676857,3.850581899753389,-13.0441865815895,3.109011995134708,0.016289608729887734,0.9998673155211281
1769099958.7151556,3.8441821842594095,-13.043955885460056,3.1039228133426477,0.01883380651543862,0.9998226281356803
1769099958.772729,3.8377079168627657,-13.043686840650984,3.096924334856083,0.022332302645424185,0.9997506030298522
1769099958.8151574,3.828428456516166,-13.043263265929898,3.0987422960608275,0.021423539639218076,0.9997704896371601
1769099958.8650901,3.821980156024857,-13.042986784707052,3.1012398008826705,0.02017505745064301,0.9997964628147388
1769099958.9151602,3.815735264371804,-13.042686282688253,3.095442285856917,0.023073136136414096,0.9997337797578065
1769099958.9650962,3.8058249175407743,-13.042206929815153,3.095395614764443,0.023096465463972118,0.9997332410613701
1769099959.0151632,3.7997074565415936,-13.04189564625851,3.092506926586985,0.02454039966784851,0.9996988390431102
1769099959.0677133,3.789999473293272,-13.04142743132654,3.0912852238208117,0.0251510624698758,0.999683661993451
1769099959.115155,3.783982480458338,-13.041139068036012,3.0942781735442404,0.023655033396298018,0.9997201805480471
1769099959.1738017,3.777939790648287,-13.040857437828656,3.0963192893650175,0.02263474891616109,0.9997438012518519
1769099959.2151594,3.7684828035884403,-13.040439825823679,3.1000829069314237,0.020753383283249424,0.9997846253480289
1769099959.2650926,3.7621610253588944,-13.040167086584912,3.0981180008505373,0.021735614554471774,0.9997637536237945
1769099959.3151686,3.75583835143425,-13.039914488937875,3.1037123853994784,0.018939001720586008,0.9998206410220923
1769099959.365713,3.7465060055973316,-13.039546249952288,3.1039562063242916,0.018817112983480003,0.9998229424547963
1769099959.4151902,3.7399300185263447,-13.03929536685522,3.105574686204542,0.018008010252326588,0.9998378426358707
1769099959.4738338,3.7334558067742725,-13.039033269997887,3.102616108061928,0.019487039203157797,0.9998101096223695
1769099959.5152009,3.7235928219192207,-13.038631252329065,3.097706788657922,0.02194117161621167,0.9997592635170268
1769099959.577308,3.717523692518175,-13.03837467899618,3.099391398930509,0.021099061569681735,0.9997773900228384
1769099959.615233,3.708041961823397,-13.037942501360009,3.096094147748072,0.02274729074048013,0.999741246905402
1769099959.6652358,3.7018726163061095,-13.037659974055748,3.09640757838501,0.022590615693892906,0.9997447994776321
1769099959.715178,3.695577279604574,-13.0373617808722,3.0945686014944527,0.02350985980598901,0.9997236050488668
1769099959.7651732,3.685842446934489,-13.036925729669486,3.0947937824411236,0.02339730030331703,0.9997262456985494
1769099959.8151698,3.6794446942490855,-13.03665173830155,3.099870320477731,0.020859653499790416,0.9997824137560476
1769099959.8651614,3.6730211271993065,-13.036389256711646,3.100296466526162,0.02064662636543067,0.9997868356903516
1769099959.9151545,3.663739390377016,-13.036020602584378,3.10421883282696,0.018685822820291596,0.9998254047710173
1769099959.9651935,3.6574926422836556,-13.035771620003898,3.102534462125548,0.019527854403209977,0.9998093132704892
1769099960.015157,3.6514479678971576,-13.035536243866176,3.103364358831208,0.019112983506256034,0.9998173302466254
1769099960.0651813,3.6423181834872413,-13.035169487073695,3.10401588361349,0.01878727961366558,0.9998235034868493
1769099960.1151867,3.635894626434254,-13.03490702134196,3.10222542347269,0.019682344031113463,0.9998062839037575
1769099960.16515,3.6265876663719427,-13.034536483499723,3.10495996502305,0.018315320146837552,0.9998322604556821
1769099960.215175,3.6203412755918905,-13.034277322086512,3.098798717733191,0.021395335269194328,0.9997710936152929
1769099960.265159,3.613816563582587,-13.034011201726175,3.101266898917233,0.020161511189239204,0.9997967360751715
1769099960.315161,3.6042578861498074,-13.033600935129002,3.0986609556530365,0.021464200491151178,0.9997696175105921
1769099960.3651626,3.597658074465943,-13.03331280260494,3.0975898842773453,0.021999609697409373,0.9997579792995711
1769099960.4151733,3.588352901557814,-13.032899684470214,3.100881048406312,0.020354396853551202,0.9997928278042048
1769099960.4651694,3.582208406449049,-13.032627415952804,3.0970557950320807,0.022266588902114637,0.9997520687743858
1769099960.5151675,3.575962586751574,-13.032355633523633,3.1015071663017864,0.020041401770610687,0.9997991509373615
1769099960.565163,3.566807863130176,-13.031979106152816,3.1014448918025233,0.020072532756634454,0.9997985264185649
1769099960.61515,3.560661543332302,-13.031751329181791,3.106835190354007,0.017377856842777102,0.9998489936443162
1769099960.6651568,3.5514291926961543,-13.03141797485696,3.1097614293649056,0.015914940199066446,0.9998733493190326
1769099960.7151814,3.5450799605073806,-13.031201010197373,3.110819802256355,0.015385818571464831,0.999881631287867
1769099960.7651699,3.5385539355096105,-13.030970039618099,3.110538904481993,0.015526250681680773,0.9998794605049999
1769099960.8151882,3.5320285788128687,-13.030718568723616,3.1097225525939898,0.015934376119631655,0.999873039769389
1769099960.8651836,3.5227442739133843,-13.030422576768668,3.1107866551178454,0.015402390176813685,0.999881376152612
1769099960.9151611,3.516193802695873,-13.030162793150902,3.103798352430006,0.018896025897319146,0.999821454163336
1769099960.9651859,3.5065320033687475,-13.029798073902715,3.104244926040129,0.018672778489992527,0.9998256484725042
1769099961.0151768,3.4999817057146707,-13.02953652907255,3.10477350342628,0.018408535226997633,0.9998305485585027
1769099961.0652313,3.4933800938041264,-13.029293353435358,3.1058921325695756,0.017849312581770634,0.999840688330075
1769099961.1151907,3.4839960842482642,-13.028950567087703,3.110150421782465,0.01572046832356884,0.9998764258025526
1769099961.1651776,3.4774955614743046,-13.028713214399973,3.106329423237637,0.01763070165558485,0.9998445670998727
1769099961.215191,3.471095730133589,-13.028493473092357,3.1104886435602253,0.015551378108446154,0.9998790700074325
1769099961.265164,3.4615840726714677,-13.028180593377135,3.1108206081211827,0.015385415686744295,0.9998816374872308
1769099961.3151684,3.4556134546934154,-13.028000644273641,3.113087957045032,0.014251865765381478,0.9998984370035816
1769099961.3651938,3.4493393316766667,-13.027809612967673,3.1128959539694274,0.014347857487157691,0.9998970641948741
1769099961.4152029,3.4398770016242946,-13.027539016123509,3.1115474654931483,0.015022029009037315,0.9998871629561266
1769099961.465197,3.4334504513992976,-13.027363497374727,3.109315787814591,0.016137732356896094,0.9998697783183454
1769099961.5152066,3.426847803022917,-13.027150310541778,3.1064419024459005,0.01757447076508555,0.9998455570623531
1769099961.565207,3.417385618944731,-13.026873510880124,3.1096180303927228,0.015986630563399815,0.9998722056559175
1769099961.615262,3.4108584574291054,-13.026675430724074,3.1073382008844916,0.017126389009462135,0.9998533326440916
1769099961.6652026,3.4043058890241196,-13.026479692871147,3.1074430220317213,0.01707398609926959,0.9998542288747305
1769099961.7151802,3.394642535553287,-13.02615883260514,3.109724029010137,0.015933638005276824,0.9998730515320017
1769099961.7652197,3.388040201542245,-13.025936008664473,3.106039107935672,0.01777583655803705,0.9998419973349099
1769099961.8151858,3.3817160287371477,-13.025725887942697,3.1106290554984737,0.015481180591061506,0.9998801593428619
1769099961.8651881,3.3721280310594133,-13.025424115927477,3.110465433895289,0.015562981536494514,0.999878889468967
1769099961.9151976,3.3656507945641074,-13.025248802232095,3.115668336909826,0.012961795364687567,0.9999159924018237
1769099961.9652047,3.3593253928917597,-13.025079930431763,3.116391203620442,0.012600391533770286,0.9999206119153639
1769099962.015176,3.349633595448737,-13.024867340457254,3.117265162527152,0.012163445582254056,0.999926022559453
1769099962.0651927,3.3432059248409427,-13.024735480288692,3.121024457493398,0.010283916770206953,0.9999471191297385
1769099962.115191,3.3368540732536647,-13.02461343586925,3.1216678856116675,0.009962219196948561,0.9999503758630585
1769099962.1651938,3.327490958949003,-13.024427683946747,3.1221224576491546,0.009734944201715508,0.9999526143079929
1769099962.2151928,3.3211395161350645,-13.024288890112127,3.117526045618032,0.012033013583435167,0.999927600671219
1769099962.2652066,3.314610631614073,-13.02415829786956,3.120764021910808,0.01041412758791329,0.9999457715029264
1769099962.3151991,3.3049696129684967,-13.023945631140721,3.1211007499670136,0.0102457725431324,0.9999475106949336
1769099962.365184,3.2982891897989544,-13.023799682217383,3.1207761780756873,0.010408049834886662,0.9999458347823819
1769099962.4151995,3.292013683497622,-13.023660464149945,3.1243928758647366,0.008599782857696806,0.9999630211836839
1769099962.4652076,3.2821954329767586,-13.023448763930448,3.1194158459466745,0.01108817659809276,0.9999385242802327
1769099962.5152156,3.2760970950002775,-13.023311742708874,3.1220127248314644,0.00978980799599768,0.9999520786814744
1769099962.5652156,3.269695361476925,-13.023155225387638,3.118971522658164,0.01131032430934076,0.9999360362363272
1769099962.6151495,3.260535128501893,-13.022952995702259,3.120423311018139,0.010584473644190039,0.9999439828898794
1769099962.6652167,3.2542596228782137,-13.022813616344722,3.119703028601107,0.010944593984439439,0.9999401061376205
1769099962.7151864,3.245123887781249,-13.022649531386374,3.1239781506524853,0.008807137609420597,0.999961216411481
1769099962.7652042,3.2387970251996094,-13.022546904654765,3.127121481803559,0.007235522758329601,0.9999738232625961
1769099962.8151946,3.232293045896121,-13.022442343817437,3.1250254201780994,0.008283521971548018,0.9999656910433212
1769099962.8652089,3.222827903646995,-13.022299377570082,3.1272096426953713,0.00719144345929042,0.999974141236148
1769099962.9151804,3.2163999272429042,-13.022190336386895,3.12293635374133,0.009328014644288169,0.9999564931249739
1769099962.9652133,3.209921339530848,-13.02207962713782,3.1212433063131533,0.010174498085437456,0.9999482384547259
1769099963.0152056,3.2005582425024817,-13.021893423286368,3.121075722298503,0.010258285719742655,0.9999473824027403
1769099963.0651863,3.1940546858023606,-13.0217640893807,3.1193108048902323,0.011140693882259628,0.9999379405442229
1769099963.1151924,3.187677722099316,-13.021634511432204,3.1232441991947146,0.009174098504399915,0.9999579170728294
1769099963.1652653,3.1779603271761756,-13.021441923475935,3.121100410199504,0.010245942417970014,0.9999475089543289
1769099963.2152038,3.1713805753196636,-13.021324963606322,3.126368651280028,0.007611927645288001,0.9999710288590979
1769099963.2652173,3.1649272162118267,-13.021220105482211,3.127984233707398,0.006804157438591721,0.9999768514528478
1769099963.3152034,3.155284578090764,-13.021098768602984,3.131196278002452,0.005198164383528165,0.9999864894522534
1769099963.365189,3.1488561192825872,-13.02102423816847,3.134269676431055,0.003661480398084382,0.9999932967581805
1769099963.415221,3.1429336739189,-13.020972818227202,3.1306605580857596,0.00546602053325501,0.9999850611981811
1769099963.4652193,3.133366503989537,-13.020893386711018,3.1360085126561414,0.002792066839156469,0.9999961021737863
1769099963.5152116,3.127368110455342,-13.020844340901998,3.131812786475421,0.004889914069642386,0.9999880442987263
1769099963.5651832,3.1209898420960718,-13.020810020349458,3.1349122738636512,0.003340183652064722,0.9999944215710258
1769099963.61519,3.1116757516852926,-13.020743754832846,3.1312570722132267,0.005167767686425443,0.9999866469994183
1769099963.6652062,3.1049684558394746,-13.020707660453356,3.134121598902869,0.0037355186557743135,0.9999930229258464
1769099963.7151406,3.095502478362521,-13.020642175239884,3.136903373070329,0.002344638111519362,0.9999972513322855
1769099963.765198,3.0887953608980747,-13.020590835099718,3.131137134280367,0.005227735842761284,0.9999863352956171
1769099963.8151755,3.08267034270492,-13.020545837818753,3.133233239965509,0.004179694642275274,0.9999912650381989
1769099963.865196,3.07297685245501,-13.020445447308656,3.131931145938964,0.0048307350368777995,0.9999883319314298
1769099963.915221,3.0669025631516154,-13.020387655506232,3.1326559840570103,0.004468319897266054,0.9999900170088178
1769099963.9652207,3.0606258552852648,-13.020321252619206,3.1316780525073415,0.004957280237115561,0.9999877126108354
1769099964.015187,3.051083900202741,-13.02025882751293,3.1334904643550794,0.004051083536698862,0.9999917943274228
1769099964.06521,3.044781491296803,-13.020237816418394,3.140236102326705,0.0006782755795363827,0.9999997699710926
1769099964.1151743,3.038681575712711,-13.0202376032103,3.1402804388127183,0.0006561073414642684,0.999999784761555
1769099964.1651971,3.02934182702172,-13.020253066952254,-3.1383589403907384,0.001616855895056297,-0.9999986928876531
1769099964.215177,3.0229382770901707,-13.020259293192579,3.141312722199354,0.00013996569476252123,0.9999999902048021
1769099964.2651975,3.0136745516437977,-13.020266321638038,3.1397812103235574,0.0009057215092859039,0.9999995898341897
1769099964.3151739,3.007220333217595,-13.020256620035685,3.1408105519014646,0.0003910508341976715,0.9999999235396196
1769099964.3652678,3.000816741184493,-13.020245359914796,3.1386027884226686,0.0014949320267439881,0.9999988825884935
1769099964.4151945,2.9911480969982467,-13.020218644422744,3.141016045388492,0.0002883040966566292,0.999999958440373
1769099964.4652174,2.9845673434336306,-13.020197846018286,3.1385409861345055,0.0015258331355775874,0.9999988359159436
1769099964.5151746,2.9779612612707744,-13.020188763350285,3.141558000247464,1.7326671163691325e-05,0.9999999998498932
1769099964.5651999,2.968520397962011,-13.020167889222172,-3.1405241733951934,0.0005342400718867836,-0.9999998572937626
1769099964.6151972,2.9622939723927426,-13.020175545591526,-3.137880449486641,0.001856100985828954,-0.9999982774430816
1769099964.6652143,2.955865096724619,-13.020194530889823,-3.133593742791145,0.003999444737022248,-0.9999920021889153
1769099964.7151985,2.946348452769556,-13.020237517507512,-3.138945595471323,0.0013235286728244028,-0.9999991241355425
1769099964.765221,2.940096788369365,-13.020275281299835,-3.1332706542419544,0.004160987666728428,-0.9999913430533474
1769099964.8151522,2.9340729968537014,-13.020313435689493,-3.1328821477429,0.004355239154887875,-0.9999905159009778
1769099964.8652217,2.924961558787302,-13.020403056335104,-3.1297990645726577,0.005896760334555141,-0.9999826139576412
1769099964.9151742,2.918532962424451,-13.020463078751973,-3.131609021403005,0.004991795362218204,-0.9999875409119164
1769099964.9652185,2.9119273427077124,-13.020545652813665,-3.130975444117976,0.00530857980206058,-0.99998590939097
1769099965.0152292,2.9025883202748637,-13.020655010980127,-3.1276902444022014,0.006951148614437818,-0.9999758404746286
1769099965.0652046,2.8959321571294945,-13.020738931898695,-3.131088981191228,0.0052518120568144835,-0.999986209139966
1769099965.1151829,2.8864156482009813,-13.020817892615794,-3.1375970103087902,0.001997820311520409,-0.9999980043550102
1769099965.1652203,2.880315821447173,-13.020842265477283,3.1397840704681936,0.0009042914375534246,0.9999995911284144
1769099965.2151825,2.8737859703357405,-13.020898463723055,3.1408732602006975,0.0003596966867915275,0.9999999353091447
1769099965.2653,2.8645224039784027,-13.020940033328946,-3.138670645360339,0.0014610035949670218,-0.9999989327336782
1769099965.3152146,2.8584479956674795,-13.020992250818525,-3.1353417599411992,0.003125441735854395,-0.9999951157950502
1769099965.3651876,2.8488808847664493,-13.021079642079728,-3.129732835381735,0.005929874351045498,-0.9999824181405295
1769099965.4152093,2.842351201636815,-13.021158936190306,-3.1308917790765176,0.005350411728686986,-0.9999856864447279
1769099965.4652367,2.835998777932297,-13.021249838047655,-3.1253585140405247,0.00811698064027306,-0.9999670567700145
1769099965.515211,2.8267361919600016,-13.021392097152376,-3.1253194898654977,0.008136492083448976,-0.9999668982004234
1769099965.5652037,2.820409345593086,-13.021494084850618,-3.1253550844169635,0.00811869539555026,-0.9999670428494503
1769099965.6151898,2.8140063839061566,-13.021583172935257,-3.1262895882730617,0.007651457997540342,-0.9999707271668066
1769099965.665219,2.8043891703189696,-13.02171033619619,-3.1310274112631977,0.005282596593784978,-0.9999860469892704
1769099965.7151666,2.7980873312926042,-13.02179099118592,-3.1288135431777047,0.006389511729026844,-0.9999795868615842
1769099965.7652118,2.791836024145561,-13.021864672630917,-3.132990944570336,0.004300841250672647,-0.9999907513394994
1769099965.8151689,2.7822692092251295,-13.021972139138892,-3.130839244413906,0.0053766786821650885,-0.9999855455587089
1769099965.8652139,2.7757899336172365,-13.022031540863205,-3.1343023945353874,0.0036451214550876168,-0.9999933565227209
1769099965.9152024,2.769108375741748,-13.022109602833162,-3.1298525994570476,0.005869993355630734,-0.9999827714405908
1769099965.9652197,2.759465533671061,-13.022210526479595,-3.133221869509502,0.004185379820550929,-0.9999912412595211
1769099966.0151548,2.7529356053368677,-13.022265188376467,-3.1361446210521824,0.0027240128999864105,-0.9999962898699778
1769099966.0652657,2.746684259382694,-13.022336102104124,-3.1316030007501863,0.004994805651098918,-0.999987525880452
1769099966.1152089,2.737547617971736,-13.022433816977845,-3.131381132355789,0.0051057384335294635,-0.9999869656325768
1769099966.1652148,2.731170030452031,-13.022537135622539,-3.1256497843800304,0.007971350182648922,-0.9999682282834118
1769099966.215218,2.72190765858237,-13.02269774031945,-3.1209063283799505,0.01034297818557288,-0.9999465099705348
1769099966.2652786,2.715505460511922,-13.022832492414368,-3.1184811176337317,0.011555510795011922,-0.9999332328562074
1769099966.4652092,2.6868860479242063,-13.023460381576706,-3.1080996905360148,0.016745698794357944,-0.9998597809552541
1769099966.5152287,2.677166590945806,-13.02358018212594,-3.1132872197291803,0.014152244471594792,-0.9998998519733945
1769099966.5652218,2.6707108857691515,-13.02360993603145,-3.1159522664545816,0.012819842388290236,-0.9999178224439943
1769099966.6151989,2.6642058105021715,-13.023685959794326,-3.1171176249353953,0.012237208887742991,-0.9999251225560031
1769099966.6652205,2.6545380950459263,-13.02384655723837,-3.11600207236014,0.012794941478002211,-0.9999181413858709
1769099966.7152066,2.648033501618002,-13.023939880902518,-3.12149454462379,0.010048885352413472,-0.9999495086769001
1769099966.765235,2.641656223947242,-13.024056580876003,-3.1174035737621186,0.01209424505535248,-0.9999268619436829
1769099966.8181734,2.6323689906039145,-13.024243099307515,-3.118341911844871,0.01162510901420882,-0.9999324261370904
1769099966.8652189,2.626068079520578,-13.02437905166258,-3.1167522332953688,0.01241989082271867,-0.9999228701814714
1769099966.9151597,2.619792318307733,-13.024508395513093,-3.117717108411016,0.011937489048589217,-0.9999287456390155
1769099966.9652352,2.610303162216068,-13.024720284366369,-3.120505657211033,0.01054330284518111,-0.999944417837869
1769099967.0151658,2.604078267729563,-13.024858158374576,-3.1181434075577363,0.011724354393503158,-0.9999312673949423
1769099967.0652463,2.597524358477491,-13.025001399317254,-3.120185286345393,0.010703479238596063,-0.9999427161253733
1769099967.11616,2.5880352145767738,-13.025212992566972,-3.1186496239267876,0.011471263232911677,-0.9999342028952911
1769099967.1652384,2.581582248780401,-13.025341794752688,-3.122113661480425,0.00973934207757999,-0.9999525714832158
1769099967.2151642,2.5748763423728303,-13.025479569462565,-3.1215830227989563,0.010004648488701424,-0.9999499522519202
1769099967.265224,2.5652344706534356,-13.025651949992431,-3.121379741577539,0.010106283960673278,-0.9999489302081913
1769099967.3151662,2.5586545043454243,-13.025759375776701,-3.1256964946560366,0.007947995784506723,-0.9999684141826728
1769099967.3652418,2.552327675663568,-13.025862251859275,-3.122626378091608,0.009482995613457605,-0.9999550353861894
1769099967.4181435,2.542736340555905,-13.026028147331123,-3.1245848204813385,0.008503814058880609,-0.9999638419195226
1769099967.46524,2.5364102918155145,-13.026173926244335,-3.1219973431032786,0.009797498491244639,-0.9999520033598183
1769099967.5231748,2.5304128107442323,-13.026291463792322,-3.120517642913991,0.010537310326608398,-0.999944481004361
1769099967.5652232,2.520721913207937,-13.026542167443733,-3.11691667660189,0.012337675469310234,-0.9999238879854876
1769099967.6151667,2.5143460624380585,-13.026722141323907,-3.112110562093995,0.014740511886017306,-0.9998913527525569
1769099967.6652312,2.507995979022893,-13.026915006622035,-3.110675604494587,0.015457908878045039,-0.9998805193887508
1769099967.7151666,2.4986607096271514,-13.027200390076864,-3.1100465416572383,0.015772401946502163,-0.9998756079317257
1769099967.7652242,2.492234501185142,-13.02738561741074,-3.1144110525975544,0.01359038210751158,-0.9999076464925007
1769099967.8206887,2.48573237718558,-13.027574154908109,-3.112731354997317,0.014430148452965648,-0.9998958799873242
1769099967.865249,2.4764720120760053,-13.027823122066328,-3.112184263564715,0.01470366514438789,-0.9998918952723448
1769099967.915182,2.4698685220734307,-13.028008315921246,-3.111608890844656,0.01499131979173084,-0.9998876238512516
1769099967.9652436,2.4604056395311407,-13.028259519530682,-3.1170779418517176,0.012257048941487811,-0.9999248795540823
1769099968.0171912,2.453700322964003,-13.028423931370344,-3.121611117638678,0.009990601770895623,-0.999950092692758
1769099968.0652313,2.4475525393028907,-13.028607542507393,-3.116302930566539,0.012644524544520086,-0.9999200548039043
1769099968.1151872,2.4383426888541058,-13.028852042511362,-3.117712241457056,0.011939922352137944,-0.9999287165864499
1769099968.1652439,2.4319670642239286,-13.029038557992958,-3.1154135233529163,0.013089191334459278,-0.999914332865676
1769099968.2232332,2.4256419124094384,-13.02921797365086,-3.114897232416139,0.01334731424927282,-0.9999109206335988
1769099968.265228,2.4162312317761048,-13.029527917285366,-3.10983381186689,0.0158787535213061,-0.9998739246458074
1769099968.3162258,2.4102862198500503,-13.029716787482108,-3.1061433304008665,0.01772373353504111,-0.9998429222980872
1769099968.3698502,2.400698782696694,-13.030033954731286,-3.108241250380518,0.016674928754912156,-0.9998609637099644
1769099968.4152415,2.3945012882828824,-13.030246328030751,-3.1067361013137273,0.01742739386003088,-0.9998481314395938
1769099968.465178,2.38802546465156,-13.0304652274816,-3.108373358294799,0.016608883945339492,-0.9998620629737335
1769099968.5152485,2.3782358781681725,-13.03079810740074,-3.1110493734994833,0.015271046435819101,-0.9998833907715214
1769099968.5651762,2.3717847072570275,-13.030996609626005,-3.110999664621158,0.015295897972005335,-0.9998830109093914
1769099968.6152694,2.3653077501721236,-13.031180224636293,-3.1168161052512287,0.012387957301676774,-0.9999232663129165
1769099968.668313,2.355893606529077,-13.031361154078137,-3.1252702840280633,0.008161094185300284,-0.9999666977163283
1769099968.7152526,2.3494655485339377,-13.03146608453498,-3.1311647539942142,0.005213926174047276,-0.9999864073945464
1769099968.7651782,2.3433922721664793,-13.031578987456975,-3.1298960727242653,0.005848257095127771,-0.9999828987982491
1769099968.8152463,2.333648664051004,-13.031713009627161,-3.1338431315777195,0.0038747513102471917,-0.9999924931229652
1769099968.8651793,2.3270937057482,-13.031786488730159,-3.135797683187129,0.0028974811470661413,-0.9999958022926908
1769099968.9153574,2.320867662497383,-13.031846775066498,-3.1400214631993193,0.0007855951144306768,-0.9999996914201105
1769099968.9652534,2.311553478294615,-13.031879092024994,-3.1404726582880103,0.0005599976216225273,-0.9999998432013196
1769099969.0154588,2.3053015779124655,-13.031858314157443,3.131120542073936,0.005236031832433001,0.9999862918913688
1769099969.0682511,2.29601306042504,-13.031766088459586,3.124607129583194,0.008492659910751134,0.9999639367135399
1769099969.115252,2.289939376697415,-13.031662136272722,3.1189267645201664,0.011332701944056,0.9999357828714038
1769099969.1651807,2.283537187996437,-13.031537915488528,3.1175915682019912,0.012000254656899335,0.9999279943516781
1769099969.2152557,2.2740491537007888,-13.031263408773492,3.110267532727323,0.01566192006016803,0.9998773446078418
1769099969.2651803,2.2674721582277644,-13.031031227533333,3.097953178371904,0.021818006250528668,0.99976195896986
1769099969.315248,2.2612005898883716,-13.030774627203305,3.0939703222375625,0.02380891569740672,0.9997165275883528
1769099969.3651838,2.2516445431491086,-13.030303898658822,3.0852566786723004,0.02816426269289999,0.9996033084713982
1769099969.4152534,2.245477015695041,-13.029991924648641,3.0841733029578853,0.028705731508583444,0.9995879055783724
1769099969.4672418,2.235951117873979,-13.029433718210658,3.082097291861819,0.029743293649423727,0.999557570369453
1769099969.5152426,2.229988724886269,-13.029071443277116,3.0790797983705875,0.031251338456057605,0.9995115576343802
1769099969.5726702,2.224153958744064,-13.028695396681401,3.0781122986394083,0.03173484836223614,0.9994963228543794
1769099969.615239,2.2147580476952617,-13.028085895145587,3.0726973632489045,0.0344408327475608,0.9994067385402474
1769099969.6663167,2.2087735548326797,-13.027674428433315,3.0713942194170305,0.03509201075405751,0.9993840857154156
1769099969.715248,2.1990546866835863,-13.02696392999394,3.0635938033542147,0.03898953980676642,0.9992396188030459
1769099969.766319,2.192545253660486,-13.026442630635461,3.055861881977096,0.04285225990727095,0.9990814200158262
1769099969.8152874,2.186466982633424,-13.0259309933982,3.051681037294378,0.04494066687815666,0.9989896578346277
1769099969.8672857,2.176893326683981,-13.024998802130932,3.0362958816270775,0.052624067091563295,0.998614393829141
1769099969.9152553,2.170600701405332,-13.024333749278624,3.024299313686272,0.05861305719484544,0.9982807768991016
1769099969.9727497,2.164534367945106,-13.023704559355055,3.0212349891518038,0.06014251593719814,0.9981898004772158
1769099970.015254,2.154780130841767,-13.022569760168969,3.016211982634966,0.06264928055928837,0.9980356043976606
1769099970.0652688,2.1487729091645043,-13.02186180732729,3.013465256594038,0.06401988623839129,0.9979486230092326
1769099970.1152527,2.139182437482086,-13.02063520686803,3.0108378492145595,0.06533083940620678,0.9978636587342383
1769099970.165249,2.1331326520702905,-13.019856150752059,3.0073803790599207,0.06705578283482322,0.9977492280069221
1769099970.2152524,2.126784765127433,-13.019014193100666,3.007514556986584,0.06698884472259485,0.9977537244644753
1769099970.2652636,2.11750498162357,-13.017753607669194,2.9993345907317006,0.07106906895113023,0.9974713968021437
1769099970.315264,2.1113112602309467,-13.016905617721696,2.992606252732228,0.07442432280624396,0.9972266643922193
1769099970.3652554,2.1049535651139517,-13.015951336427271,2.984466527804867,0.07848227059799742,0.9969155095602549
1769099970.4153063,2.0954099604779572,-13.01457238191896,2.9827169117256296,0.07935435015853397,0.99684647118346
1769099970.4652674,2.0891869728960533,-13.013575296689611,2.9763898493548715,0.08250750271102578,0.9965904434602963
1769099970.5152428,2.0826812678204587,-13.012586531287477,2.9749992018886857,0.08320043569753921,0.9965328331268065
1769099970.565267,2.0730393558156623,-13.011011780874513,2.971221462363561,0.08508260689171475,0.9963739007042035
1769099970.615316,2.0663717717658234,-13.009911631348281,2.9701142721743414,0.0856341815298401,0.9963266467146779
1769099970.6652577,2.0599877595524414,-13.008803010308021,2.9605453569151887,0.09040006584416038,0.9959055317124067
1769099970.715268,2.050695673752768,-13.007134905186959,2.956151544162552,0.0925877571437917,0.9957045280740077
1769099970.765281,2.044372328965434,-13.005975766129758,2.9525740452996607,0.09436867397949186,0.9955373189244853
1769099970.8152726,2.0382261469626375,-13.004833043858888,2.9479861137789185,0.0966521522023082,0.9953182212110164
1769099970.8652847,2.0289836802986985,-13.003036508288487,2.9461178570660738,0.09758186487206127,0.9952275014528541
1769099970.915289,2.0228755588044427,-13.001828564091994,2.940157728355762,0.1005472691831902,0.9949322824493148
1769099970.9652631,2.0167042114595604,-13.0005491940559,2.9331685868006523,0.10402350944424814,0.9945748385530887
1769099971.0152724,2.0073685913113755,-12.998574752695664,2.926888645043126,0.10714592753717286,0.9942433053393918
1769099971.0654054,2.0012762199178935,-12.997291209969964,2.925528449458366,0.10782208538283355,0.9941702057010645
1769099971.1152642,1.9949440189032632,-12.995917884302148,2.919715231603259,0.1107112898489967,0.9938526099477585
1769099971.1652682,1.9856528597857688,-12.993858939563648,2.9162195235409705,0.11244822914407664,0.9936575847656783
1769099971.2152562,1.9793815151208696,-12.992445043212074,2.915248712192745,0.11293054290745551,0.9936028846972151
1769099971.265254,1.9729491213473616,-12.990939222865814,2.91133089298702,0.11487670321927414,0.9933797577248445
1769099971.3152785,1.9638806248201446,-12.988813390531067,2.9082964362037407,0.11638375439109697,0.9932043202251151
1769099971.3652601,1.9575835011521516,-12.987285604469294,2.901279073949802,0.11986786810414177,0.9927898539953801
1769099971.4152687,1.9484217133002968,-12.985005635386006,2.8933347954085806,0.12381041167085304,0.9923058913268095
1769099971.4652715,1.9423693421082657,-12.983437701092809,2.8881365926123426,0.1263890942068417,0.9919807442010021
1769099971.5152674,1.936145821305451,-12.981825643771659,2.884092964455485,0.1283944351523097,0.9917231816499599
1769099971.5652668,1.926994760515082,-12.979402975249657,2.8763253359935486,0.13224512572484104,0.9912170431958991
1769099971.6152558,1.920732460129947,-12.97774050688069,2.878611947013406,0.13111177563277773,0.9913675919104983
1769099971.665266,1.9146760740452378,-12.976090152273505,2.871037894105007,0.13486516178215316,0.990863960459494
1769099971.715278,1.905386878489274,-12.973500200980027,2.8618676795731877,0.13940694576123222,0.9902351758413376
1769099971.7652903,1.899158595032653,-12.971713434493891,2.8551886432110813,0.14271307062881378,0.989764102941552
1769099971.8153741,1.893229840082257,-12.969984830226796,2.8485117314588884,0.14601655298799407,0.9892821469396404
1769099971.8652816,1.8839233582260941,-12.967182524077334,2.8457909924360663,0.14736220673431077,0.9890825951488552
1769099971.9152553,1.8774865194441057,-12.965208333275774,2.8356822448454584,0.15235949629454473,0.9883251407754802
1769099971.9653106,1.871321360262576,-12.963299790510018,2.8366202411217776,0.15189595690417718,0.9883964883973255
1769099972.0152748,1.8620533234489465,-12.960372324159072,2.8320966741295965,0.15413110533896615,0.9880504047704188
1769099972.065266,1.856095338915336,-12.958478778577046,2.8297307381490833,0.15529982922141233,0.987867381303685
1769099972.115263,1.8500230474335408,-12.956527026965553,2.8255768684044384,0.15735122900469958,0.9875427032441233
1769099972.165269,1.841167290614506,-12.953640651680105,2.8228486542026885,0.15869819620219885,0.9873271405781209
1769099972.2152767,1.8353042511864681,-12.951700058283565,2.81785561015525,0.16116258304012554,0.9869278706307947
1769099972.265326,1.8292678717574196,-12.949638612984174,2.8081373411579236,0.1659562768160406,0.9861331117984822
1769099972.315252,1.820729681730945,-12.946681067986413,2.7997425966174205,0.1700939705391428,0.9854278467682093
1769099972.365266,1.8147543410872284,-12.94460024806151,2.7984697628127395,0.17072107898824881,0.9853193965355032
1769099972.415279,1.8059617360035904,-12.941450575831974,2.79377892926437,0.17303159194364137,0.9849162747104189
1769099972.4652774,1.800225848884683,-12.939375088286,2.7873196191315577,0.17621162383326563,0.984352306659584
1769099972.5152822,1.7940046791121638,-12.937079038257908,2.7827053200898697,0.17848220078949603,0.9839431406343244
1769099972.5664358,1.784720504557618,-12.933579140720346,2.773781856164959,0.18287050025940216,0.983137009849022
1769099972.6153376,1.7789258362425895,-12.931371732357142,2.7714627699851215,0.184010366791802,0.982924302738083
1769099972.6653273,1.772815602567913,-12.928996921955553,2.7628136504181495,0.18825934779084674,0.9821193501654293
1769099972.7152739,1.7641520908724067,-12.925577079261124,2.7601574708368055,0.18956352406157315,0.9818684587791571
1769099972.7652771,1.7582520776974422,-12.923221443082298,2.7589764017288703,0.19014331822688924,0.9817563437705243
1769099972.8152769,1.7523756588374133,-12.920875051296917,2.7590436849501723,0.19011029025462609,0.9817627399424476
1769099972.8652725,1.7436847759823626,-12.917386478056587,2.76085844507003,0.1892193801805017,0.9819348380438016
1769099972.9152734,1.7376951732574288,-12.914981895985997,2.7574760513944296,0.19087975388437994,0.981613426740404
1769099972.9652805,1.7317707150911843,-12.912619159209553,2.763334935516826,0.18800335930790754,0.9821683852013064
1769099973.0152824,1.72283922246293,-12.909050427197917,2.762443469614546,0.1884411254302108,0.982084488344356
1769099973.065289,1.716747580619198,-12.906628434753204,2.7635722898335384,0.1878867970312534,0.9821906899891368
1769099973.1152802,1.7108965899361983,-12.90428623788853,2.761001541885808,0.1891491238219253,0.9819483738758357
1769099973.165268,1.7017068533535913,-12.900613506497722,2.7574070437144145,0.19091362320337618,0.9816068400716039
1769099973.2153044,1.6957838360057236,-12.898247024821304,2.762233047506987,0.1885444505309776,0.9820646568194844
1769099973.2652726,1.6896944063995922,-12.895819473303249,2.762237335126168,0.18854234517091453,0.982065061020629
1769099973.3152943,1.6805439098622594,-12.892184974562582,2.764526915504236,0.18741796342306966,0.9822802588805035
1769099973.365279,1.6745212061077406,-12.889795131142392,2.7641554313773717,0.1876004109512031,0.9822454305370627
1769099973.4152865,1.668421996119289,-12.887392183470855,2.7666438722424744,0.18637813622145136,0.982478086441941
1769099973.4652762,1.659799198375025,-12.884006328602297,2.773012635302606,0.18324861147376734,0.9830666032334413
1769099973.5152838,1.6538310343324254,-12.881685454567881,2.7751914507535806,0.18217754259281635,0.983265652290795
1769099973.5652697,1.648027545448585,-12.879430024878237,2.7777452607278788,0.1809218575999254,0.983497474039762
1769099973.615278,1.6395475471757701,-12.876166137776266,2.7746300367170518,0.18245354498113803,0.9832144750377793
1769099973.6652837,1.634016307526043,-12.874048587692169,2.778494469289144,0.18055342255054124,0.9835651791341974
1769099973.7153187,1.6254593753293283,-12.870773104457518,2.778123959440006,0.18073562974432672,0.9835317138460364
1769099973.7653165,1.6193093317743512,-12.868431407711508,2.7789461367133765,0.18033129577272664,0.983605929102163
1769099973.8153007,1.6133056961886614,-12.86613204040375,2.7781885699976394,0.18070385638378073,0.9835375520477243
1769099973.8652802,1.6041543195599424,-12.862639360959056,2.772522508069779,0.18348951982571426,0.9830216661468499
1769099973.9152715,1.5980746652555595,-12.860326115784655,2.776737282633446,0.18141750655629837,0.9834061665023742
1769099973.9653003,1.5919775470581072,-12.857987725435787,2.7709732697475036,0.18425093211792398,0.9828792367395275
1769099974.0152745,1.582763540501892,-12.854446317891451,2.772898478631003,0.1833047229809254,0.9830561421062819
1769099974.0652936,1.5768812198676156,-12.852184006795031,2.774897701209537,0.18232195754582925,0.9832388844002544
1769099974.1152866,1.570896649444122,-12.849905515159836,2.77905510222494,0.1802777059434873,0.9836157525882521
1769099974.1652882,1.5619997833896866,-12.846526841968531,2.783340438823223,0.17816973143473688,0.9839997697156609
1769099974.215283,1.5559637313802026,-12.84424159266725,2.781896960437071,0.1788798761678918,0.9838709213622281
1769099974.265364,1.5500146642667387,-12.842012409796306,2.7873491187222377,0.1761971048190325,0.9843549056378958
1769099974.3152914,1.5410284014493028,-12.838655889127073,2.786279516788864,0.17672351355178703,0.9842605344917124
1769099974.3653066,1.5350247822226892,-12.836428178120247,2.786279516788864,0.17672351355178703,0.9842605344917124
1769099974.4152865,1.529122323218206,-12.834218977253439,2.7855951859795693,0.1770602831041345,0.9842000082031517
1769099974.4652922,1.520086581653099,-12.830850018198035,2.781682749779716,0.17898525296008413,0.9838517567310711
1769099974.5152912,1.514131563115521,-12.828636791945,2.786125288117648,0.17679941362344043,0.98424690364888
1769099974.5652711,1.507986396582289,-12.826354017710692,2.7850638734019144,0.17732173577484137,0.9841529362968935
1769099974.6152885,1.4987792108386535,-12.822937714515957,2.787121790649665,0.17630898943231432,0.9843348720051303
1769099974.6652942,1.4925623616592762,-12.820629866743795,2.7857728117691227,0.17697287275417975,0.9842157295578713
1769099974.715315,1.4862927964178443,-12.81831851897333,2.787797186230546,0.1759765716741819,0.9843943550334904
1769099974.7652776,1.4802860582660546,-12.816099234385641,2.7884073928943254,0.1756762214905702,0.984448000253338
1769099974.8152914,1.4712094546930514,-12.812767691653956,2.7877064215768512,0.17602124559931664,0.9843863677934925
1769099974.8652778,1.4656200757518214,-12.810733318746696,2.7936603010545076,0.17309001106649705,0.9849060097638759
1769099974.9152927,1.4567672448291766,-12.807526959382631,2.7934311415312036,0.1732028602258905,0.984886170686527
1769099974.9652905,1.4511315123676785,-12.805545921466118,2.7930462161231695,0.17339241087239873,0.9848528173548864
1769099975.0152938,1.445231900245293,-12.80340210788477,2.7904387544800553,0.17467624612260968,0.9846259234046774
1769099975.0652976,1.436117074063615,-12.80017520119582,2.797065458989684,0.17141288074492156,0.9851992815236557
1769099975.115298,1.4301472263332784,-12.798076712032508,2.8001029973634775,0.16991639331286304,0.985458481765492
1769099975.1653109,1.4238912075252927,-12.795876846787204,2.799597760497247,0.17016533286608063,0.9854155263088643
1769099975.2152991,1.4150851986177126,-12.792764836668866,2.8011856164664812,0.16938293035601287,0.9855503147500944
1769099975.2653167,1.4090541236992673,-12.790612642082388,2.8013863425794083,0.16928401666121662,0.9855673095750715
1769099975.3153036,1.4029220970557026,-12.78844209461066,2.8021310865152405,0.16891700729458237,0.9856302778662199
1769099975.3652968,1.393745015681805,-12.7851651310049,2.8026018815091676,0.16868498771637086,0.9856700131987012
1769099975.4153154,1.3878834044217179,-12.78306508137598,2.803552157030687,0.16821663965025846,0.9857500505426185
1769099975.4652896,1.381866082469239,-12.78094978988579,2.805626276272588,0.1671942678018611,0.9859239711124786
1769099975.5152848,1.3726947088714099,-12.777732595743224,2.8038797728514857,0.16805516373814391,0.9857775925333998
1769099975.5652912,1.3666000315794826,-12.77560837610015,2.8081933220783384,0.16592867443140868,0.9861377566047431
1769099975.6152837,1.360506379470222,-12.773481403143736,2.8064499651812103,0.16678820631406566,0.9859927455283516
1769099975.665343,1.3514858362150801,-12.770369585528925,2.808893482494589,0.16558343695959804,0.9861957845198117
1769099975.7152896,1.3455290021778015,-12.768311458333718,2.811877418883682,0.16411188046959801,0.986441732029182
1769099975.7653127,1.3395436811638721,-12.76625836869682,2.8124507483472416,0.16382909567585863,0.986488736585487
1769099975.8152854,1.3306112644427197,-12.763201895801805,2.815357264894272,0.16239530026212579,0.9867257807784157
1769099975.865291,1.3244558757859484,-12.761098641079418,2.8124662630801,0.16382144311632135,0.9864900074381321
1769099975.915286,1.3183698867305838,-12.759026974230142,2.815906962352955,0.1621240938046662,0.9867703776502494
1769099975.9652917,1.308999903262204,-12.755842149299449,2.8138624922687003,0.16313272018060324,0.9866041331792995
1769099976.015321,1.3026244847478916,-12.753678226145162,2.8145179622058314,0.16280936675075774,0.9866575444895849
1769099976.0652905,1.2964448263770705,-12.75156759303206,2.814289940783354,0.1629218552207763,0.98663897606542
1769099976.1153061,1.2872186726794437,-12.748431421840513,2.81012394244173,0.16497666845410824,0.9862974697654776
1769099976.1653082,1.281201352263358,-12.746393658347865,2.814335728372079,0.16289926726825443,0.9866427057063087
1769099976.21531,1.2751604647369517,-12.744346621235673,2.814144664442024,0.16299352244122892,0.9866271391170023
1769099976.2652996,1.2661624803598925,-12.741325623883116,2.8195030963139,0.16034955345019486,0.987060292336959
1769099976.315278,1.2602545692822051,-12.739359601397668,2.821608514396685,0.15931037749858618,0.9872285468022377
1769099976.365306,1.254097434761089,-12.737340825166648,2.827544563392977,0.1563795615928533,0.9876970348826745
1769099976.4153647,1.2451452162660246,-12.73442363912549,2.831117905663819,0.15461462315209656,0.9879748571231635
1769099976.4652967,1.2388887239084632,-12.732383689464216,2.8274425107766343,0.15642995992253186,0.9876890541251508
1769099976.5152826,1.2328961267908072,-12.73043217250801,2.829462743438589,0.15543219944321907,0.987846562668638
1769099976.5652974,1.2237572289401293,-12.72743431006379,2.82513616796956,0.15756883043229597,0.9875080068921964
1769099976.6152823,1.217624955229563,-12.72542128467872,2.824965620996134,0.1576530381102126,0.9874945668582789
1769099976.6653,1.2115701171391395,-12.723415788644514,2.8226990887373837,0.1587720307799679,0.9873152699325606
1769099976.7152934,1.2022897016164937,-12.720362076213043,2.820056754544788,0.1600763002819247,0.9871046439400694
1769099976.7652967,1.196109685465632,-12.71833222371219,2.823804704466388,0.15822621090171446,0.9874028894953094
1769099976.8152988,1.1897337594428337,-12.716249885057831,2.824064975953815,0.15809771315290264,0.9874234720198941
1769099976.865297,1.1804694739524966,-12.713228111771727,2.826773684292759,0.15676024746803738,0.9876366866483645
1769099976.9153137,1.1744041468466107,-12.711254671382001,2.828163397951491,0.15607394358265086,0.9877453741397929
1769099976.965317,1.1683331568657886,-12.709298625294029,2.8300148195539334,0.15515951027851038,0.9878894302350506
1769099977.015291,1.1623558865604404,-12.707381876914583,2.8354284141724726,0.15248492868494842,0.988305796059067
1769099977.0653336,1.1533138125694606,-12.704496052551635,2.833113910535396,0.1536285450031065,0.9881286708522471
1769099977.1152823,1.1474291246811645,-12.702622263568276,2.838159263440011,0.15113532987938896,0.9885130813814496
1769099977.1653576,1.1412766539337584,-12.700672071132992,2.8367524505743926,0.1518306188929958,0.9884065272784118
1769099977.2152941,1.1320784594867506,-12.697775909698212,2.8384404933009244,0.15099632868748683,0.9885343234925636
1769099977.265352,1.1259225771765806,-12.695836362714422,2.834595056944844,0.15289672132486068,0.9882421730568414
1769099977.3153133,1.1195718283406588,-12.693841363218715,2.8350381429540077,0.15267777943419308,0.9882760220034906
1769099977.3653266,1.1102821082422214,-12.690898811854211,2.8359291380160188,0.1522374897701716,0.9883439415044122
1769099977.415326,1.103936329897952,-12.688888116231526,2.8335186572131077,0.1534285709602058,0.9881597409392416
1769099977.4653232,1.0978575015804375,-12.686956681589102,2.8346320754549836,0.1528784296722193,0.9882450028919733
1769099977.5153153,1.0886914453726941,-12.684042821271571,2.8326547567484077,0.15385539246320204,0.9880933752485106
1769099977.5653198,1.0826122126008768,-12.682112665071655,2.836247742473289,0.15208004244661733,0.9883681807350109
1769099977.6153235,1.0764826694363363,-12.680173702847242,2.837489937468022,0.15146614014919677,0.9884624466252139
1769099977.6653183,1.0671804394121305,-12.677270825724955,2.842977923710472,0.1487532391671585,0.9888743468395154
1769099977.7152717,1.0615970409625861,-12.675535929413712,2.846978475736489,0.14677492126184039,0.9891699158833029
1769099977.7653208,1.0553518308603222,-12.673628159176369,2.8435878257502925,0.14845167401453768,0.9889196633105651
1769099977.8152664,1.046320642141424,-12.67087694844042,2.8472693585476203,0.1466310534470584,0.989191252572022
1769099977.8653128,1.040536093352002,-12.669107185295005,2.8406190240741394,0.14991946309987142,0.9886982120869069
1769099977.9153216,1.0313626587315168,-12.666301925334226,2.841729791934774,0.1493703329077468,0.9887813224606484
1769099977.9653249,1.0253568489285303,-12.664476456839438,2.843667932414492,0.14841206436777554,0.9889256085015168
1769099978.01532,1.0191627515184103,-12.662574473471556,2.8445192103739756,0.14799112564964367,0.9889886888781647
1769099978.0653074,1.0098907715141605,-12.659745316941201,2.8489235187080277,0.14581286300749738,0.9893121898478543
1769099978.1152997,1.0035003774151758,-12.65779291624004,2.8438618369013993,0.14831618511405545,0.9889399927362698
1769099978.1653173,0.9972288365958701,-12.655884508120211,2.8476157230680306,0.1464597408721329,0.9892166316351882
1769099978.2153206,0.9909109852564477,-12.653954465161618,2.8472606137338157,0.1466353785923172,0.9891906114319362
1769099978.2653093,0.9816581518925831,-12.651149382716275,2.848158139327637,0.14619145189644683,0.9892563163267692
1769099978.3152559,0.9756049833649886,-12.649305865640528,2.8500482523658017,0.14525648362071,0.9893940337227359
1769099978.3653085,0.9695220980356812,-12.647473173893605,2.8478695361819364,0.14633420161628136,0.9892352103707821
1769099978.4153175,0.9609381334910422,-12.644904594486851,2.8542370528878482,0.14318397942860098,0.9896960887237001
1769099978.4653978,0.9547510353950117,-12.643067064152792,2.8529590695194824,0.14381635772437634,0.9896043933061808
1769099978.515304,0.9455701186548795,-12.64037473164166,2.85697967602503,0.1418266635297197,0.9898915079502539
1769099978.5652952,0.9394000051235551,-12.6385690147574,2.8573308486639757,0.14165284993775706,0.9899163955125257
1769099978.615294,0.9330537663796821,-12.636734165330505,2.8606805694351096,0.13999468027781767,0.9901522557131865
1769099978.665329,0.9238652736633304,-12.634068322130007,2.862171782640967,0.1392563773728929,0.9902563614342391
1769099978.7152658,0.9178631413852738,-12.63231956648992,2.8581636311825025,0.1412406451351708,0.9899752927027021
1769099978.765343,0.9116692801565991,-12.630504860232833,2.859858731408451,0.14040154083496947,0.9900946456431154
1769099978.8153257,0.902366461471963,-12.627778816645279,2.861465652306406,0.13960599371402688,0.9902071331388798
1769099978.8653193,0.896066523620214,-12.625966375973992,2.8641790104086615,0.13826247237447953,0.9903956223312461
1769099978.915306,0.8898700523294469,-12.624160598197337,2.8615586817682805,0.13955993434464628,0.9902136258028962
1769099978.9653265,0.8804333032716227,-12.621441982716076,2.862257605586085,0.13921388388601305,0.9902623362187273
1769099979.015326,0.874352282950723,-12.61969252695868,2.863728911609397,0.13848535681149643,0.9903644813647108
1769099979.0653183,0.8683616355381348,-12.617995212505322,2.8669062504977205,0.13691182092367227,0.9905832389513586
1769099979.1152751,0.8593493168167988,-12.61544958415015,2.8692636312019397,0.13574413518078188,0.9907439274424151
1769099979.1653135,0.8533103015568633,-12.613737504245137,2.8649064022690065,0.13790226038100248,0.9904458423264798
1769099979.215347,0.8475840744874626,-12.612128343014437,2.867980649011211,0.13637966061434328,0.9906566449435024
1769099979.265321,0.8384739510331837,-12.609556515541149,2.8694390839633983,0.13565722027957144,0.9907558319717426
1769099979.3153012,0.8325290447659104,-12.607883632584262,2.8693720288878777,0.13569043780688705,0.9907512831623159
1769099979.365355,0.8263151272678898,-12.60613888013746,2.8729935905897563,0.13389618287623156,0.9909953643742108
1769099979.41588,0.8168813378416783,-12.603502689906682,2.8665653907671222,0.13708064390244346,0.9905598907018653
1769099979.4654114,0.8105935389173206,-12.601740166882573,2.869716252120682,0.13551991599319255,0.9907746223885622
1769099979.515327,0.8014576357984577,-12.599166420741412,2.86432855006532,0.13818842027740874,0.9904059574241435
1769099979.5653276,0.7950239977669546,-12.597361542789884,2.866651859156506,0.13703781771517295,0.9905658163473354
1769099979.615273,0.7889600460528797,-12.59564448056892,2.863070802776598,0.13881123311467744,0.9903188585305153
1769099979.6653457,0.7827446738807305,-12.593904843955201,2.8644568599053994,0.13812488057806524,0.9904148208530077
1769099979.715276,0.773656014707456,-12.59135006149902,2.8689939231990085,0.13587773972912592,0.9907256127940288
1769099979.7653546,0.7675111325126429,-12.589640304267276,2.8689608234092354,0.1358941361152699,0.9907233638960395
1769099979.8152735,0.7613575509477911,-12.587961548125369,2.8690596393835763,0.13584518630216805,0.9907300769425188
1769099979.8653476,0.7520944718264174,-12.585372637140008,2.867620840192986,0.13655788190471946,0.9906320936097804
1769099979.9153254,0.7458378748423906,-12.583686261997608,2.8694159200710554,0.1356686951511875,0.9907542607306689
1769099979.9653447,0.7369460084479854,-12.581273618670558,2.870391762910441,0.13518526879576528,0.990820338457289
1769099980.015277,0.7306301437386995,-12.579517483397627,2.869116453480069,0.13581704253026616,0.9907339355035396
1769099980.0653656,0.7245035203676615,-12.577836479516403,2.8699077919388367,0.13542502897634942,0.9907875965749445
1769099980.11528,0.718158740143662,-12.57608978537612,2.8679511828888913,0.13639425600447974,0.9906546355461041
1769099980.1653578,0.7088144222321359,-12.573509429187391,2.8716870287931444,0.1345435526002049,0.9909076810953258
1769099980.215282,0.7027861345734442,-12.571852834855193,2.8717019210276575,0.13453617418169123,0.9909086828949243
1769099980.2653615,0.6931928071337267,-12.569223418442608,2.8724798487834833,0.1341507363302699,0.9909609376469117
1769099980.3152807,0.6868934974185479,-12.567502336076238,2.8737703793191733,0.13351127577180166,0.9910472941498735
1769099980.3653603,0.6809577544496118,-12.565891066277388,2.8730098624107905,0.1338881202221928,0.9909964537087748
1769099980.4152856,0.6721619056358509,-12.563511821853327,2.8792335525267174,0.13080364952472276,0.9914082939289006
1769099980.4653673,0.666417292174123,-12.561969654665361,2.8769611972843783,0.13192998077219892,0.9912590378773084
1769099980.5198808,0.6603511887982592,-12.560355617931625,2.8817788344984265,0.12954183711096529,0.9915739571196472
1769099980.565343,0.65162041630224,-12.558027323833821,2.8825860305469577,0.12914162928120015,0.991626159188329
1769099980.615286,0.645429453772162,-12.556390777594224,2.8850081712990816,0.12794060580379393,0.9917818315469175
1769099980.6653504,0.636448215416753,-12.554019581718634,2.886537047996195,0.1271824124301302,0.9918793444610349
1769099980.7152762,0.6300871200619278,-12.552333580810608,2.8825488287850254,0.12916007437900806,0.9916237568687073
1769099980.7653387,0.6241409343204262,-12.550761477522682,2.885558708275773,0.12766759467449776,0.9918170119886168
1769099980.8169322,0.6147233880358892,-12.548258016801075,2.8816496996865375,0.12960586019910744,0.9915655908723585
1769099980.8653593,0.6084124151829611,-12.546580349591807,2.881420024208471,0.12971972849481406,0.9915507006902026
1769099980.9226906,0.6024973799343089,-12.5449895571956,2.8772266585994255,0.13179840914657812,0.9912765402986349
1769099980.9653451,0.5929893349437775,-12.542432724938164,2.8772017235769667,0.13181076788773213,0.9912748970234475
1769099981.0158637,0.586876516249218,-12.540797872032215,2.882205952336082,0.12933007469632082,0.9916015993225525
1769099981.0653343,0.580613682256162,-12.539136156716639,2.8834248745037434,0.1287257081289199,0.9916802368035315
1769099981.1158757,0.57126361787432,-12.536674456380021,2.8861951064325604,0.12735199295745997,0.9918575854878376
1769099981.1653516,0.5650945461273621,-12.535054286829512,2.8868122022305456,0.12704595132614388,0.9918968324637574
1769099981.2221472,0.5588702249221277,-12.533445175218153,2.8911158746892074,0.12491125929685687,0.99216791789539
1769099981.265354,0.5499749895840053,-12.531145406454726,2.894121193510297,0.12342022837539149,0.9923544967539404
1769099981.3158982,0.5437507821834346,-12.529536265823873,2.8924443897460224,0.12425217677861707,0.9922506722425414
1769099981.3653386,0.5349037718229965,-12.527252034924887,2.8913354247956087,0.12480234325847922,0.9921816240574065
1769099981.417946,0.5287061672659398,-12.525640786752081,2.886971315505843,0.12696703894728847,0.9919069366734753
1769099981.4653394,0.5228005672891215,-12.524113614989568,2.888747838445367,0.12608591626068494,0.9920193252758253
1769099981.519409,0.5132198718234509,-12.521633574866467,2.8876727785602636,0.12661913811039813,0.9919514070075106
1769099981.5653374,0.5067254057077516,-12.519957210086888,2.8884278727984833,0.12624462069902112,0.9919991409999105
1769099981.6155374,0.5006738399689219,-12.518387873606738,2.8880261780902203,0.12644385855411963,0.9919737650935865
1769099981.6653378,0.4911662487643566,-12.515928436077541,2.884621003030103,0.12813259663278165,0.9917570456922102
1769099981.7153928,0.48498839839520896,-12.514341898693496,2.888144972379239,0.1263849379220313,0.9919812737478688
1769099981.7653475,0.47910580972784395,-12.5128267712203,2.8869716380974317,0.12696687895686962,0.9919069571527118
1769099981.8153527,0.4701789779448746,-12.510547698198138,2.8917269843602287,0.12460809176553057,0.9922060388178219
1769099981.8653557,0.4642400910518905,-12.509048296391626,2.8925771822869253,0.12418629476079494,0.9922589199365178
1769099981.9153624,0.4580498910709709,-12.507510058153084,2.8987052662000505,0.12114539360366729,0.9926347735237833
1769099981.9653401,0.44881156100918024,-12.505224582525345,2.9025506653205917,0.11923663241353198,0.9928658648028345
1769099982.015349,0.4427647171318986,-12.503740169019077,2.9026416209990087,0.11919147889608782,0.9928712864004898
1769099982.065334,0.43339826146252053,-12.501445963032571,2.9041433145491578,0.11844595116433702,0.9929605010536802
1769099982.1153493,0.4275282521765583,-12.499984391017252,2.8979046849240526,0.12154272629412961,0.9925862006319603
1769099982.165353,0.4212873043793479,-12.498441186333638,2.898215305054419,0.12138856620135006,0.9926050654694345
1769099982.215352,0.412201394207698,-12.496172079034515,2.899422277550219,0.1207895206265103,0.992678141044124
1769099982.2653463,0.4058401015884594,-12.494588347546161,2.898772511025495,0.12111201875916035,0.9926388461631354
1769099982.3153858,0.3996294131735418,-12.493028235692806,2.89797771106637,0.12150648384254231,0.9925906378685132
1769099982.365349,0.39007624207005176,-12.490645388133956,2.8949335863834804,0.1230171273441651,0.9924045477424968
1769099982.4153686,0.383665455214898,-12.48905099619433,2.896578571264297,0.12220084058769035,0.9925053927106199
1769099982.465349,0.3773760063811826,-12.487493012556591,2.8966813872283295,0.12214981772685837,0.9925116734977455
1769099982.5153468,0.36806565569577093,-12.48518252239244,2.896535977430037,0.1222219778650758,0.9925027899843651
1769099982.5653536,0.3619485294271057,-12.48366574183978,2.899654087179588,0.12067446363945021,0.9926921344633144
1769099982.6153429,0.3558054519474814,-12.482148506441495,2.8996066339462687,0.12069801683121645,0.9926892709871561
1769099982.6653678,0.34668892376812976,-12.479897734666803,2.9004911690631876,0.12025897078103898,0.9927425547173271
1769099982.7153633,0.340866635560405,-12.478453953136329,2.897339179654339,0.1218233777953282,0.9925517944281481
1769099982.7653453,0.33467576680994227,-12.476919112620502,2.8976411760643175,0.12167350286776588,0.9925701782241333
1769099982.8153691,0.3255394330561708,-12.474643044952604,2.8968292168021783,0.12207645610438218,0.9925206994642454
1769099982.8653622,0.31905447046797164,-12.473032252281035,2.8975719363408876,0.12170786543715653,0.9925659653094755
1769099982.9153395,0.3098454180836524,-12.470733969391594,2.8980329099257287,0.12147908886075798,0.9925939910001269
1769099982.9653656,0.3034133732501468,-12.469120139061491,2.8945703945376415,0.12319734193455859,0.9923821919705429
1769099983.0153494,0.29712799908241927,-12.467545877142186,2.893519202792383,0.12371891687801874,0.9923173028857906
1769099983.0653503,0.28809880370089014,-12.465258865305392,2.8920825067287934,0.12443171407719913,0.9922281736232902
1769099983.1153615,0.2818588706328917,-12.463711393480573,2.8953438611391884,0.12281354549053565,0.9924297622723959
1769099983.1653392,0.2760852011534637,-12.462281684440272,2.8968258983876636,0.12207810290176178,0.9925204969127372
1769099983.2153583,0.26664475379646324,-12.459969666913633,2.9017607600693873,0.11962875808379542,0.9928186945456501
1769099983.2653708,0.2605688883444982,-12.458496987288605,2.9062655904500967,0.117392216605214,0.9930856294804162
1769099983.315402,0.2543163978756557,-12.457001150861236,2.9089954598419525,0.11603661064082581,0.9932449370578182
1769099983.3653848,0.2450349695388596,-12.454786187242416,2.909831399163829,0.11562145426762388,0.9932933500799448
1769099983.4153752,0.2388597429292166,-12.453294123974512,2.9039785813913226,0.11852773752193296,0.9929507416976593
1769099983.4653456,0.23265891172326023,-12.451800021610364,2.9038343791186025,0.11859933009060926,0.9929421931321373
1769099983.5153744,0.22336323508379918,-12.449535853664246,2.903450187655135,0.11879006785839201,0.9929193923870148
1769099983.5653794,0.21709116220141547,-12.44801331537216,2.903450187655135,0.11879006785839201,0.9929193923870148
1769099983.6153567,0.21089495813664705,-12.446500112732664,2.9050277810376937,0.11800681945258776,0.9930127846924652
1769099983.665355,0.20130459375278043,-12.444162352932095,2.899174860691568,0.12091232235558357,0.9926631907664247
1769099983.7153668,0.1949121369358364,-12.442599390724181,2.899998157163298,0.12050368407128263,0.9927128800037041
1769099983.765359,0.18847549932065283,-12.441003956012757,2.893653044337057,0.12365250996072488,0.9923255800292627
1769099983.815367,0.17895225881005755,-12.438606012113308,2.8897061523898695,0.1256105688284387,0.9920796263398397
1769099983.865377,0.1728676409523681,-12.437064016162509,2.8892520109592827,0.12583583781857363,0.9920510782820094
1769099983.9153423,0.16664106477804158,-12.435463882064314,2.8842315644840735,0.12832570841339389,0.9917320770047728
1769099983.9653687,0.15773184530770243,-12.433117178890736,2.8784743341743786,0.1311799877767825,0.9913585682319406
1769099984.0153477,0.15166702936164744,-12.431499091805275,2.8774272392555384,0.13169899303449947,0.9912897534190994
1769099984.0653706,0.1455386665618076,-12.429824245305097,2.869397007820852,0.13567806384135617,0.9907529777862194
1769099984.1153572,0.13615358460806926,-12.427201610052487,2.8606782335585645,0.13999583671443727,0.9901520922073662
1769099984.1653743,0.12992537310444177,-12.425414857479167,2.854332033767871,0.14313697816442317,0.9897028874778316
1769099984.215383,0.12365514362186597,-12.42359177920629,2.8463926271122415,0.14706466687789477,0.98912687950338
1769099984.2653556,0.11415622303012114,-12.420726887446452,2.8427994030760213,0.1488415058123476,0.9888610651388359
1769099984.3153799,0.10791691517052647,-12.418799513761584,2.833079753625289,0.15364542069179318,0.9881260469699409
1769099984.3653831,0.10173296703231147,-12.416866132677121,2.8302527857279114,0.1550419670464799,0.9879078845997527
1769099984.415373,0.09563513678257907,-12.41491125194656,2.830311806918534,0.15501281322918586,0.9879124595503255
1769099984.4653633,0.08640789872215551,-12.411939377060014,2.826751000441271,0.15677144915991653,0.9876349086217536
1769099984.5153537,0.08041905412198404,-12.409975994343561,2.825074764025335,0.15759914880131676,0.9875031687529415
1769099984.5653605,0.07423981407899116,-12.40794355309962,2.820402727314893,0.15990554222366798,0.9871323201912471
1769099984.6153574,0.0652752570985186,-12.404983036503612,2.822835520478033,0.15870467984018155,0.9873260984076262
1769099984.665361,0.05919509718009023,-12.402973571131586,2.819114627747948,0.16054127137237512,0.9870291283372246
1769099984.7153685,0.053206243623869,-12.400929720117736,2.8121981899550788,0.1639536673738819,0.9864680405135559
1769099984.7653491,0.04420106496515669,-12.397851313950586,2.8068260608496223,0.16660278956583774,0.9860240922558035
1769099984.815377,0.03812278180181275,-12.395757565311916,2.8022723669495,0.16884738173635078,0.9856422077411149
1769099984.865351,0.03218687714678352,-12.393639160079418,2.7895358632708533,0.17512073335302542,0.9845469662488928
1769099984.915373,0.02300932105531908,-12.390289633648042,2.786564427987385,0.17658329833481395,0.98428569975856
1769099984.9653723,0.016982278121128715,-12.388052202954247,2.776780472113931,0.1813962701132811,0.9834100839370062
1769099985.0153518,0.01078141303706615,-12.38570234398347,2.773847013602231,0.18283847081833648,0.9831429670138582
1769099985.0653841,0.0019511875911160485,-12.38229090866282,2.7682232083865,0.1856022466153356,0.9826249569654437
1769099985.1153562,-0.0041116297389903935,-12.379934427666845,2.766131536268275,0.18662980953721575,0.9824303100943611
1769099985.1653745,-0.01013752859570314,-12.377552460060693,2.7644053844503382,0.1874776518545596,0.9822688685156934
1769099985.2153506,-0.018956554592257036,-12.37404307847713,2.7581071881575987,0.1905699782248754,0.9816736134782122
1769099985.2654011,-0.02475773394719235,-12.371712936903677,2.7572330404342917,0.19099902388571027,0.9815902265582649
1769099985.315392,-0.0306593779078925,-12.369292814096639,2.750967236963976,0.1940733072451753,0.9809870291777154
1769099985.365366,-0.03938812704557343,-12.365695638449754,2.7465162863318757,0.19625598726471546,0.9805526948934218
1769099985.4153674,-0.045200651104878954,-12.363259311372177,2.7394952342143593,0.19969702667399442,0.9798576924929283
1769099985.4653697,-0.0540316710692286,-12.359513324166207,2.734578667578854,0.202105188667203,0.9793638204027114
1769099985.5153441,-0.0598897145634147,-12.356990292518336,2.7277933485314647,0.20542666715737926,0.9786725113236865
1769099985.5653667,-0.06610046949732237,-12.354262804039822,2.7209261554130975,0.20878581617552253,0.9779613913462643
1769099985.6153572,-0.07485054052593783,-12.350394341212063,2.7167861484113667,0.21080975091907725,0.9775271090447756
1769099985.6653683,-0.08074686612376508,-12.347770124853039,2.713548547059041,0.21239189555797655,0.9771845694142379
1769099985.7154095,-0.08666718382175352,-12.34507528638261,2.705346083706974,0.21639775840843217,0.9763052853261657
1769099985.7653842,-0.09541775177231858,-12.341023439081106,2.6993851372085076,0.21930664473246936,0.9756559821864398
1769099985.8153882,-0.10124024840750641,-12.338298369073593,2.6968400711926166,0.22054802127310275,0.9753761173580779
1769099985.8654065,-0.1069632313806185,-12.335599451901006,2.6899769145967025,0.22389379566506912,0.9746135481629056
1769099985.9154031,-0.1127221000425779,-12.332858451100474,2.690455949640124,0.22366035222337785,0.9746671466933287
1769099985.965403,-0.12136428245265918,-12.328695417970627,2.686946216983382,0.22537041751541279,0.9742731521031094
1769099986.0153983,-0.12706470548437188,-12.325949079814029,2.6861397036619192,0.2257632813183118,0.9741821907674092
1769099986.0654073,-0.13274943496649907,-12.323170065312663,2.6842478334958217,0.22668469328669788,0.9739681975452359
1769099986.115389,-0.14142073492534735,-12.318893048429906,2.6777824975162012,0.22983201917563545,0.9732303134210578
1769099986.16541,-0.14714756754694075,-12.3160278114936,2.6746203574985725,0.23137047652981124,0.9728657166281316
1769099986.2153797,-0.1555435631606475,-12.311765874718903,2.662094599905914,0.23745883918445101,0.9713976012391492
1769099986.2653928,-0.161282894157559,-12.308813996283973,2.6603037959430846,0.23832853521443942,0.971184590746033
1769099986.3153615,-0.16705344911092282,-12.305811912036948,2.653666564993277,0.24155020513063294,0.9703883235083516
1769099986.3653946,-0.17550040110456497,-12.30131895706515,2.6462844858920542,0.2451302932686443,0.9694901440045837
1769099986.4154735,-0.18112114033860546,-12.298304420049947,2.6418121343929086,0.24729762892676613,0.9689395660861412
1769099986.465417,-0.1868374833171374,-12.295200481340562,2.638181390769882,0.24905620604214737,0.968489032582141
1769099986.515374,-0.19519762649328018,-12.290600529079631,2.63086855445193,0.2525957341736491,0.967571906928511
1769099986.5654068,-0.20044799536468022,-12.28769990335184,2.6300611208648137,0.2529863386058985,0.9674698509404733
1769099986.6153958,-0.20592653550205142,-12.284636262614237,2.623860294547138,0.25598467413453807,0.9666808400957548
1769099986.6654058,-0.21427098360010755,-12.279904650770664,2.618855992732192,0.2584026516231408,0.9660373024030333
1769099986.7153919,-0.2195175327348891,-12.276893657485614,2.611637153220967,0.26188779495452763,0.96509832807536
1769099986.765409,-0.2250264898721631,-12.273679240075493,2.609993271251802,0.26268096027121857,0.9648827457836473
1769099986.8153906,-0.23338268682720492,-12.26876523240703,2.6079188452563264,0.26368160771950044,0.9646097707106535
1769099986.8654137,-0.23901520189259748,-12.265410895319595,2.6006490746852537,0.2671861039300268,0.9636449480315314
1769099986.9154475,-0.24461163708505226,-12.262045896995652,2.5986318824734296,0.26815789640763615,0.9633749750716133
1769099986.9654157,-0.2528651799753453,-12.257008877870787,2.5895531073253344,0.27252825094845207,0.9621477809749277
1769099987.0154011,-0.25840898009200014,-12.253606228266355,2.586453932532155,0.2740188552266035,0.9617243196365067
1769099987.0654128,-0.2663299972808152,-12.248657247639247,2.5824416487852746,0.27594765795211135,0.9611726640259515
1769099987.1153998,-0.2719408316923333,-12.245122165940815,2.576674956360509,0.2787179006020855,0.9603730170532521
1769099987.1654112,-0.27710871410918153,-12.241833950285786,2.5729774313987717,0.2804929248742457,0.9598560929095
1769099987.2153592,-0.2825948269475271,-12.23833902562544,2.571145227249843,0.28137213320829746,0.9595987300188616
1769099987.2654104,-0.29031778309385486,-12.233361658645583,2.565474895590175,0.2840916202361008,0.9587971377260297
1769099987.3153465,-0.29567263646796227,-12.22989654422566,2.5667993842902765,0.283456599998524,0.9589850655340137
1769099987.3654275,-0.30103013810913243,-12.226388463362818,2.558552392393384,0.2874085499908251,0.9578080837997617
1769099987.415389,-0.3090738903511152,-12.221069193869079,2.551067194666754,0.29099122019796725,0.9567257233751469
1769099987.4653988,-0.31449487403375426,-12.217428219402397,2.5447293965001805,0.29402152133734405,0.9557987994292908
1769099987.515401,-0.31979415155115215,-12.213833349766585,2.5359306174611107,0.29822359366018697,0.9544960388521283
1769099987.5654252,-0.32780600577448843,-12.20828650656088,2.5306414450735284,0.3007467949013377,0.9537040239804867
1769099987.6153948,-0.33312740351207754,-12.204545154205611,2.5214359425121162,0.305133256116922,0.952309663928433
1769099987.6654198,-0.3407584364434727,-12.199116915707794,2.5183520401995185,0.3066013077781013,0.9518380314259134
1769099987.7154353,-0.3457314078003131,-12.195540937800407,2.5159174973705225,0.3077597255656818,0.9514641093177063
1769099987.7654262,-0.3510454875388627,-12.191702368319037,2.5124339508314235,0.30941649264365356,0.9509266186620815
1769099987.8154294,-0.35875366214155907,-12.186077571776387,2.5112305437289506,0.30998861252086196,0.9507402695307435
1769099987.8655128,-0.3639722778127257,-12.182236526329993,2.5041872077229193,0.3133348749265031,0.9496426992057553
1769099987.9154131,-0.3690230008671711,-12.178509546344726,2.504586757786211,0.3131451537748717,0.949705276739743
1769099987.965426,-0.376553118484485,-12.172856046392498,2.4983569395409635,0.31610187545231716,0.9487252522914775
1769099988.0154052,-0.38161991762612163,-12.169023100408774,2.4911611735543926,0.3195132246089905,0.9475818166786258
1769099988.0654054,-0.38667576451811714,-12.165176180022945,2.4850420002883635,0.322410933253985,0.9465998046261653
1769099988.1153471,-0.39431598515568345,-12.159292207299083,2.481366014336052,0.3241502314794384,0.9460056170191732
1769099988.1654081,-0.3994426147099173,-12.155288053304044,2.4695170691776944,0.3297490943123586,0.944068607040918
1769099988.2153497,-0.4046457451193887,-12.151177189079217,2.4655055358353164,0.33164201108344127,0.9434053087006298
1769099988.265404,-0.41233449622112944,-12.14498627937732,2.457240999745981,0.33553757210350976,0.9420268243032583
1769099988.3154109,-0.41742486451163313,-12.14081526568705,2.449573575983211,0.3391465569329435,0.9407335504384489
1769099988.365399,-0.42249179562322225,-12.13661611641073,2.4423919456002623,0.34252236353003684,0.9395096755658227
1769099988.4154358,-0.4298368836043878,-12.130486049438415,2.4373222596890125,0.34490277003657516,0.938638417720635
1769099988.4654207,-0.43463060959809335,-12.126473691675104,2.4377888173604525,0.34468379617667866,0.938718850696647
1769099988.5154052,-0.43948583904225064,-12.122376717332642,2.4330962112524683,0.3468853642965464,0.937907534907814
1769099988.5654101,-0.4441944961544875,-12.11838093482368,2.4334900505890382,0.3467006651314355,0.9379758252734557
1769099988.6153994,-0.4514202934077063,-12.112187526259971,2.4274676455617583,0.34952352420056476,0.9369275884669088
1769099988.6654058,-0.4562977184347176,-12.107999518085355,2.4266396327793958,0.3499113882447918,0.9367828032028569
1769099988.7154148,-0.4611406569951139,-12.10381009746977,2.420792087905086,0.35264882848400986,0.9357557393726503
1769099988.765405,-0.4686024870674161,-12.097270877830821,2.4160938268551724,0.35484606580279177,0.9349247400642903
1769099988.815361,-0.4732995784812981,-12.09310691684697,2.410502618802644,0.3574583551344781,0.9339290788622835
1769099988.8654077,-0.4782739894697119,-12.088645454853786,2.4048570926596486,0.36009318803714296,0.9329163391908445
1769099988.9153893,-0.48526490070043277,-12.082300542949236,2.3966336537483315,0.36392602358501347,0.9314278551544399
1769099988.9654226,-0.4900236312516399,-12.07794062228336,2.392971717757958,0.36563082720414214,0.930759957345617
1769099989.0153766,-0.49480529350445157,-12.073493242610429,2.385656990692882,0.36903250174802477,0.929416490414063
1769099989.0654094,-0.5019192039821824,-12.066796810757797,2.376482273638095,0.3732921705301723,0.927713832720453
1769099989.115356,-0.5063438336022643,-12.062598414157,2.3743306320666564,0.3742900081397298,0.9273117004582445
1769099989.1654105,-0.5109991196375809,-12.058165028271361,2.3710970257534663,0.3757887987642294,0.9267053354348067
1769099989.2153544,-0.5179043755761975,-12.05150668201181,2.3704291549515837,0.3760982375235806,0.9265797945841774
1769099989.2654126,-0.522443719123772,-12.047098331675935,2.364288991755979,0.3789411361941667,0.9254207774303935
1769099989.3153775,-0.5288853497338528,-12.040798098599726,2.3613349704690387,0.3803075786937189,0.9248600681119933
1769099989.3654168,-0.5334223520437246,-12.036315051962209,2.3579077914936546,0.3818918500430629,0.9242070194878887
1769099989.4153953,-0.5379820249623165,-12.0317829991535,2.3538663454553754,0.38375863547747424,0.9234334354443027
1769099989.4654338,-0.5447692944464326,-12.024932360156903,2.350647761520604,0.3852442119131966,0.9228146602581583
1769099989.5153813,-0.549392949667333,-12.020213666399048,2.341682635201438,0.3893769026382077,0.9210785133157084
1769099989.5654306,-0.5540000752350942,-12.01547932311674,2.3397183492830944,0.39028134547207194,0.9206956453554612
1769099989.615371,-0.5608848444721051,-12.008334711797444,2.3353655523613077,0.3922842201512094,0.9198440577730322
1769099989.6654356,-0.5654725057686095,-12.003546259770951,2.332511292157297,0.39359655736696736,0.9192832806207625
1769099989.7154024,-0.5696718966720656,-11.99915711623607,2.3336718878274083,0.393063033028412,0.9195115290557838
1769099989.765435,-0.5762220931832422,-11.992287992959994,2.3344369947334926,0.39271124196461366,0.9196618293887219
1769099989.815475,-0.5805805271973383,-11.987735652205625,2.335608551427759,0.3921724566323479,0.9198917133331234
1769099989.8654442,-0.5849659329109785,-11.983138983722004,2.334893894323392,0.3925011351624302,0.9197515201923853
1769099989.9154377,-0.5914583724388808,-11.976354772243361,2.3362707885510403,0.3918678419181337,0.9200215184822714
1769099989.9654543,-0.595868232519513,-11.971746517869736,2.335153670784882,0.3923816669541493,0.9198024937117115
1769099990.015375,-0.6003117049486734,-11.967100373000871,2.335170981797681,0.3923737055830805,0.9198058899392861
1769099990.0654266,-0.6069827228619339,-11.960136738425234,2.333749162150358,0.3930275054196065,0.9195267152093196
1769099990.1153631,-0.6115889791499667,-11.955331103737254,2.3350594914109704,0.39242497973058216,0.9197840155620515
1769099990.1654208,-0.6156539059088161,-11.951093452916231,2.3354536774666133,0.39224368909318297,0.9198613419241893
1769099990.2153807,-0.6223801464883116,-11.944077574126698,2.3323114152741824,0.3936884271396687,0.9192439406035232
1769099990.265425,-0.6266056723787958,-11.939643291383359,2.3292798776011714,0.39508133566407483,0.9186461441762496
1769099990.3154156,-0.6311231488242637,-11.934892897571565,2.3282334444084984,0.3955619324730741,0.9184393053316954
1769099990.3654232,-0.6379441942582005,-11.927652778714902,2.3269180840633883,0.3961658862015297,0.9181789534781096
1769099990.4153686,-0.6422588596489643,-11.923058870133689,2.3287344117474813,0.3953318660188882,0.9185383583226254
1769099990.465416,-0.6468696501894645,-11.918187637013606,2.331024610778746,0.39427978922955004,0.9189904503340073
1769099990.5154116,-0.6533237985284994,-11.911332091795762,2.326733674221865,0.39625054513500907,0.9181424211309529
1769099990.5654209,-0.6577221559317862,-11.906678010715535,2.331058989078232,0.3942639925068394,0.9189972275325791
1769099990.6154423,-0.6619504530313155,-11.902176576423772,2.325433284373321,0.39684743287678764,0.9178845869819928
1769099990.6658416,-0.6684586205425354,-11.895232917124126,2.3207264301085893,0.3990065063811964,0.9169480944227281
1769099990.7154002,-0.6728942202519317,-11.890474939995393,2.3194526284628423,0.3995904304105564,0.9166937808910379
1769099990.7654684,-0.6770971245280888,-11.88594987205688,2.314887984275725,0.4016815783316911,0.9157794000898696
1769099990.8175902,-0.6836666348301822,-11.878821438014544,2.31412032663684,0.40203305126028543,0.9156251556692535
1769099990.8654592,-0.68788255548388,-11.87423948665032,2.313162514756174,0.4024715034663721,0.9154325146604297
1769099990.9153934,-0.6924065121298478,-11.869321880317512,2.3135032902337396,0.402315519148673,0.9155010775810882
1769099990.965442,-0.6991623417899923,-11.861952105433588,2.3126117815158773,0.4027235677616642,0.9153216527370672
1769099991.0153847,-0.7032104738003659,-11.857525319634549,2.310465962366203,0.40370539314396225,0.9148890400187768
1769099991.0654352,-0.7076291469576815,-11.852682852737237,2.308548467845822,0.4045823548278406,0.9145015681571897
1769099991.116456,-0.7140486385740413,-11.845622947493194,2.3057819642445616,0.4058469533043195,0.9139410541679378
1769099991.16543,-0.7183673999276918,-11.840860715192681,2.3050089901987554,0.40620014934153054,0.9137841313324052
1769099991.21537,-0.7226108865632975,-11.836166883210604,2.3028150792448834,0.4072022852555094,0.9133379981598766
1769099991.2654285,-0.7289556631348614,-11.829141806856716,2.3045447211993966,0.4064122592174302,0.9136898136445346
1769099991.315372,-0.7332710932495692,-11.82437652721596,2.3062115920208823,0.4056506167105291,0.9140282146423968
1769099991.365428,-0.7375065294064337,-11.819709527264065,2.307642438416488,0.40499659596596554,0.9143181925653566
1769099991.4153748,-0.744003753233825,-11.812549254698057,2.309516687451426,0.4041395882618859,0.9146973232712083
1769099991.465462,-0.7479121861665847,-11.8082349183639,2.3071357332318874,0.40522822784989443,0.9142155562850777
1769099991.5204587,-0.7523293122713495,-11.803356838099768,2.3081836235581235,0.40474917343171907,0.9144277481607501
1769099991.5654447,-0.7585324769648143,-11.796476579826162,2.303870725068877,0.4067201478333962,0.9135528016192498
1769099991.6164439,-0.7628260356860713,-11.791691529650818,2.3015554544112966,0.40777743606827493,0.9130813559774309
1769099991.6654313,-0.7694968905915704,-11.784210706907473,2.300706151631757,0.4081651405564023,0.9129081104002594
1769099991.716473,-0.7737612063232459,-11.77939943462569,2.2948552034977725,0.41083407913073555,0.9117101290568185
1769099991.7654474,-0.7781767002483804,-11.774417997067662,2.2969686898358552,0.4098704064685778,0.9121437660266515
1769099991.8215048,-0.7845319695019449,-11.767232410950141,2.296312814062954,0.41016951092258713,0.9120093049467892
1769099991.8654344,-0.7887651059148787,-11.762461337541668,2.2969217546900955,0.40989181215601844,0.9121341471118463
1769099991.9176097,-0.7929195711114005,-11.757755768375329,2.2941408037118665,0.4111597156747915,0.9115633210075011
1769099991.965445,-0.7991873831295689,-11.750661877169255,2.2909326899729847,0.4126213854982043,0.910902624998711
1769099992.0154366,-0.8034590609915132,-11.745823563583896,2.2924135284948974,0.4119468226076406,0.9112078881042839
1769099992.0654292,-0.8075363608243294,-11.741184996441598,2.287395295112169,0.41423185039075483,0.9101713982112661
1769099992.115436,-0.8118512194037069,-11.736249854189364,2.287012855226448,0.4144058857392458,0.9100921721807474
1769099992.1654358,-0.8181529605729965,-11.729017382041423,2.2853266154506344,0.41517305516809117,0.9097424549081972
1769099992.215434,-0.8224064987768767,-11.72412949055947,2.284746723285219,0.415436813973933,0.9096220388684455
1769099992.2654238,-0.826651712826427,-11.719234345405992,2.282040788541042,0.41666712230519987,0.909059134044592
1769099992.3154519,-0.8330251477659213,-11.711863044609904,2.2819675780672917,0.41670039835097256,0.9090438812368415
1769099992.3654346,-0.8373464538050698,-11.706866397998072,2.281669651434731,0.4168358079183597,0.9089817980779639
1769099992.415463,-0.8415400517440816,-11.701993542447418,2.277189181900033,0.4188710928655736,0.9080457078592465
1769099992.4654515,-0.847851870143403,-11.694602633068376,2.27653020973062,0.4191702585486284,0.9079076463761476
1769099992.5154524,-0.8520009783490947,-11.689725001253544,2.2744138942370267,0.42013073320674343,0.9074635899115535
1769099992.5654354,-0.8561636939883556,-11.684825761125506,2.2760146737166975,0.4194042741648014,0.9077995675325562
1769099992.6154282,-0.8625115948763883,-11.677365811051441,2.2768042221246456,0.4190458656410896,0.9079650667779625
1769099992.6654525,-0.8665374689685539,-11.672649225311286,2.278418075278727,0.4183130681504268,0.9083029103853936
1769099992.7154386,-0.8707331419234167,-11.667744803735406,2.2801855878992794,0.4175101864697055,0.9086722424472048
1769099992.765445,-0.8767519779230195,-11.660736116702061,2.2815718782872803,0.41688024442593147,0.9089614193173303
1769099992.8154612,-0.8806974753860983,-11.656150650852968,2.2819405979034326,0.41671266138949153,0.9090382598316129
1769099992.86543,-0.8848164463461115,-11.651313807935377,2.276658798367394,0.4191118843790122,0.9079345947656546
1769099992.9154382,-0.8910884282464429,-11.643955434517421,2.272773842306843,0.42087473557255756,0.907118766731639
1769099992.965454,-0.8953474480568003,-11.638938760353572,2.271373466269996,0.42150978604270534,0.9068238529451201
1769099993.0154486,-0.8995245390934927,-11.633985348001572,2.2695113223747545,0.42235392146928286,0.9064310040039003
1769099993.0654426,-0.9059388229691071,-11.626382658034881,2.2725103220010183,0.4209942540262779,0.907063304338158
1769099993.1154375,-0.9101195180912527,-11.621399124128772,2.268262014675431,0.4229200446489159,0.9061670021768388
1769099993.1654477,-0.9142914645618138,-11.616441415527744,2.2716235257477675,0.42139640279883933,0.9068765471155368
1769099993.2154548,-0.9204603670221764,-11.609095253416536,2.2717314950265126,0.4213474447814652,0.9068992947268898
1769099993.2654517,-0.9245448800680284,-11.604229305501768,2.269013602908392,0.4225794825663227,0.9063258690526156
1769099993.3154595,-0.9286344680080856,-11.599334574018467,2.267431198799895,0.4232964371134024,0.9059912396525142
1769099993.3654613,-0.9346169117114501,-11.592162407446231,2.2621291086992508,0.4256967704203225,0.9048658793731297
1769099993.4154565,-0.9387648426873081,-11.587184628790615,2.2651000939625,0.4243521296282991,0.9054972501780043
1769099993.46544,-0.9427942980435009,-11.582338667789639,2.262021713856158,0.42574535877113695,0.9048430192496574
1769099993.5154476,-0.9489667715892062,-11.574896657029226,2.2620461331999957,0.42573431090299996,0.9048482173933636
1769099993.5654705,-0.9531461024416344,-11.5698461773949,2.2608318714009927,0.4262835937168695,0.9045895741870071
1769099993.6154475,-0.9571796630493398,-11.564970763218238,2.2611049290343272,0.4261600872001317,0.9046477657506131
1769099993.6654446,-0.9634156257598215,-11.557416991882224,2.259393265686533,0.42693415724725686,0.9042827131907225
1769099993.7154672,-0.9672728012385973,-11.55272416363194,2.256379676261785,0.42829624048034826,0.9036383847482353
1769099993.765445,-0.9715566842074859,-11.54749749840624,2.255730059581963,0.4285897271660928,0.9034992228926897
1769099993.8154693,-0.9774659150010503,-11.540232195927814,2.2524920700936946,0.43005192532269865,0.9028041545796297
1769099993.8655536,-0.9815663599929826,-11.535182514544552,2.253742935011058,0.429487198226612,0.9030729464220788
1769099993.9154596,-0.9856682842802522,-11.530134013289233,2.254386229948461,0.4291967048876025,0.9032110431751952
1769099993.965454,-0.9917574256789091,-11.522656245555705,2.254642307712406,0.42908105523764933,0.9032659896376843
1769099994.015458,-0.995609725748288,-11.517959405227774,2.257829782918946,0.4276409419408982,0.9039486848134143
1769099994.065445,-1.0012444035282528,-11.511090870609502,2.260329994733453,0.4265105764934303,0.904482574812385
1769099994.1154685,-1.0052727618853763,-11.506178386359144,2.2591124550270614,0.4270611191511429,0.9042227604464362
1769099994.165451,-1.0092516392412036,-11.50132350521765,2.258482850167331,0.4273457495075694,0.904088275766152
1769099994.215454,-1.0153159996998309,-11.493923541289506,2.254004228978449,0.42936921080506046,0.9031290499217925
1769099994.265453,-1.0195227804670772,-11.488764600901009,2.2535199802808243,0.42958786775031654,0.903025062709633
1769099994.3154588,-1.0235846585144133,-11.483781432859155,2.2508185754716785,0.43080719363368714,0.9024439937821442
1769099994.3654554,-1.0297669346982465,-11.476151085247286,2.252508097372314,0.43004469056202804,0.9028076008316553
1769099994.4154615,-1.0338532808893346,-11.471089930870196,2.249326306138276,0.43148041840090134,0.9021223024272169
1769099994.4654384,-1.0377202849526994,-11.466307183646256,2.250498437816814,0.4309516412659011,0.9023750234188811
1769099994.515442,-1.043808993863439,-11.458731318479693,2.2479991937725528,0.43207893219656635,0.9018357923435258
1769099994.5654454,-1.0477693405536468,-11.453796210972332,2.245812936033469,0.4330644965882614,0.9013629356672903
1769099994.6154573,-1.0518609289930914,-11.44867436080159,2.2450408876704926,0.43341241220260374,0.9011956951454664
1769099994.6654599,-1.0577440120719521,-11.441290562988735,2.240246257444211,0.43557161475715894,0.9001540803761549
1769099994.7154534,-1.0616096528720984,-11.436441856163738,2.245694889403862,0.43311769726219,0.9013373731951305
1769099994.7654505,-1.0655124277605728,-11.431525525130317,2.239274769776586,0.4360088076480657,0.8999423979640653
1769099994.815463,-1.0714717579526005,-11.42400845170147,2.240793950953977,0.43532509415423115,0.9002733264956869
1769099994.8654487,-1.075381263458598,-11.41906520725627,2.2388968029161433,0.4361788740624523,0.8998599834538767
1769099994.9154537,-1.0793152720673418,-11.414076817763924,2.2371674845986513,0.43695678309039576,0.899482501058966
1769099994.9654768,-1.0852449110620666,-11.406536245008802,2.235517213291428,0.43769882933684645,0.8991216462732694
1769099995.0154586,-1.0891805276518702,-11.40151693310634,2.2336601444544852,0.43853350592510115,0.8987148403031071
1769099995.065454,-1.093075098479914,-11.39652977828793,2.2319895945619206,0.43928402684882145,0.8983482307855256
1769099995.115454,-1.0990514159615108,-11.388800774439131,2.22610060003093,0.4419273026265448,0.8970508676731919
1769099995.1654634,-1.1029036289674403,-11.383812845955054,2.227530165235505,0.44128599343410907,0.8973665204356976
1769099995.2154613,-1.1069480573611294,-11.378557532645008,2.2258940464368693,0.442019944809947,0.8970052220529217
1769099995.265449,-1.1128462738934166,-11.370896332700848,2.226916231906536,0.44156143424651556,0.8972310180695717
1769099995.3154695,-1.1168047214567212,-11.365766521507965,2.2274364741141066,0.4413280305876937,0.8973458471612757
1769099995.365449,-1.122279891450138,-11.358674008814086,2.2288415898136593,0.44069748435366674,0.8976556841486326
1769099995.4154768,-1.1261802331999136,-11.353627232031767,2.2291410420609137,0.4405630769084707,0.8977216580126275
1769099995.465459,-1.1299753670396442,-11.348723067255326,2.230848971755057,0.43979629362163547,0.8980975560130827
1769099995.5154681,-1.13578625152298,-11.341218253347089,2.2280632937659077,0.44104677191168506,0.8974841196290227
1769099995.5654454,-1.139805630447614,-11.336007566869199,2.227796415568345,0.4411665274567856,0.8974252587551351
1769099995.615457,-1.1436704947017204,-11.330997352329678,2.2256806605938615,0.4421156464016701,0.896958056548261
1769099995.6654534,-1.149635975509829,-11.323228201875379,2.226564412090178,0.4417192592398016,0.8971533291565277
1769099995.7154796,-1.1533290087633692,-11.31840511699977,2.223286140175637,0.44318922146413775,0.8964280863393401
1769099995.7654598,-1.1572509757677638,-11.313279194296946,2.223437836930902,0.44312122757336125,0.8964616989441754
1769099995.815433,-1.1631815167201836,-11.305483267637676,2.2195739190538277,0.4448523267212455,0.8956039344546752
1769099995.865454,-1.1670794037526382,-11.300338989540528,2.2159770036373643,0.4464623122262583,0.8948024383972045
1769099995.915444,-1.1710040115784404,-11.295119738799025,2.2126790730421657,0.4479372027420176,0.8940650213489266
1769099995.965477,-1.1767499355262254,-11.287438272712647,2.2087487387622993,0.4496933238720502,0.8931830240577278
1769099996.0154405,-1.180496877749267,-11.282433933199284,2.2122196933936724,0.4481425485618261,0.8939621111481802
1769099996.065469,-1.1842971702589136,-11.277311301623724,2.203846393806977,0.4518813163922838,0.8920780660321028
1769099996.1154516,-1.1897622730654054,-11.2698942925103,2.202887679554452,0.45230888843666334,0.8918613510188621
1769099996.16548,-1.1935385653864605,-11.26472260064947,2.1973955986911005,0.45475626731767194,0.890615931440314
1769099996.21546,-1.1970160777797783,-11.259896942199436,2.186951040289649,0.4594010901437362,0.8882289335383906
1769099996.2654781,-1.2025266874844773,-11.252138036431083,2.1810349260653457,0.46202650832438846,0.8868661148141662
1769099996.3154695,-1.2062151299344845,-11.24690364180704,2.172949157331258,0.46560821982156886,0.8849909522896772
1769099996.3654788,-1.211518096534979,-11.23921570613721,2.168857862135922,0.46741762396544906,0.8840366309189309
1769099996.4154518,-1.215044803439799,-11.234022918576516,2.1590579186077714,0.4717437498886641,0.8817356942082937
1769099996.465465,-1.218697934874553,-11.228610686522545,2.15853764915991,0.4719731039960025,0.8816129474459745
1769099996.515455,-1.2241833926367351,-11.220342939623958,2.155218252969203,0.4734356646060779,0.8808284006995922
1769099996.5654619,-1.227804843741663,-11.21484810789805,2.1504015129448835,0.4755556502404227,0.8796856390349957
1769099996.6154466,-1.2311667985413424,-11.209697682153918,2.1482395991971326,0.4765062744579076,0.8791710700439621
1769099996.6654544,-1.2364020291218503,-11.2015987233211,2.139168841122313,0.48048873405112885,0.8770008987737375
1769099996.715458,-1.239783680011768,-11.196340734785744,2.139092379574853,0.4805222621229034,0.8769825286767621
1769099996.765469,-1.2431822705478388,-11.191003139827933,2.131699818272712,0.4837605457319355,0.8752003967053146
1769099996.8154674,-1.2482520622064752,-11.182949221852793,2.1276917746210002,0.48551349383906295,0.8742291732150022
1769099996.865462,-1.251534702628196,-11.177688281017911,2.1236009428007994,0.4873006392247483,0.8732342681154649
1769099996.9154525,-1.2549718022009184,-11.172135965507465,2.119077156861241,0.4892745534391209,0.8721298133632107
1769099996.9654868,-1.2599088968293206,-11.164029434507677,2.110623943774034,0.49295632179670673,0.8700540585507671
1769099997.015471,-1.2632694587183175,-11.158460124988872,2.1098136709211777,0.49330877192332306,0.8698542725902442
1769099997.0654702,-1.2665583991467655,-11.152936050922557,2.100814782316744,0.4972176260585036,0.8676258596519274
1769099997.1154609,-1.2715055468708412,-11.144481848999137,2.0921627227951416,0.5009663370507965,0.8654667695191467
1769099997.1654754,-1.274755636548681,-11.138817900421234,2.083175586493025,0.5048503000877395,0.8632069129133058
1769099997.2154279,-1.2778137029739447,-11.133452861963237,2.0787625146198274,0.5067537666089214,0.8620908420970906
1769099997.2654655,-1.2825377420433506,-11.124987953942858,2.076132941929092,0.5078867935467999,0.8614238242240286
1769099997.3154316,-1.285688248354431,-11.119296987041196,2.068857143305433,0.5110171990096358,0.8595704871133875
1769099997.365483,-1.288781805082286,-11.113690620741028,2.071405210393729,0.5099216629400952,0.860220842379681
1769099997.415435,-1.2933222885544355,-11.105384397994587,2.069854598702772,0.5105884438640466,0.859825238634277
1769099997.4654717,-1.2962671423452798,-11.100013661464093,2.0697763514362153,0.5106220829605895,0.8598052619011987
1769099997.5154483,-1.299273057948827,-11.094474255082915,2.064608323243038,0.5128421246614077,0.8584829381954968
1769099997.5654826,-1.3037716909870418,-11.086145397258836,2.0601800181258527,0.5147416782059587,0.8573453240775931
1769099997.6154354,-1.306701202285837,-11.08065120555056,2.056514030137802,0.5163123214242463,0.8564003659185964
1769099997.6654756,-1.309770694980069,-11.074858839883198,2.0526471793761627,0.5179671415743207,0.8554005145248205
1769099997.7154598,-1.3140380070783302,-11.066693584614645,2.051814038917782,0.5183234310107858,0.8551846706210344
1769099997.7654884,-1.316879719647552,-11.061181631012763,2.0455510076899523,0.5209989093438713,0.8535573422228272
1769099997.8154802,-1.3212860112627451,-11.052489556198461,2.0377442301707824,0.5243266979381965,0.851517183519644
1769099997.865509,-1.3240700536573335,-11.046919954776845,2.029577024067822,0.5277995746617227,0.8493689475056788
1769099997.915457,-1.3269911335472881,-11.040994710623988,2.0249253471832582,0.5297736402587202,0.848139074731865
1769099997.9654815,-1.3312899745743056,-11.032164915906039,2.0190906082770237,0.5322457173155555,0.8465899222169195
1769099998.0154371,-1.3339187416671578,-11.026660318003778,2.0137477906185715,0.534505403253831,0.8451650571885112
1769099998.0654733,-1.3378566968545575,-11.018359246051261,2.009008672759616,0.5365065692155635,0.8438961436033143
1769099998.1154618,-1.3405314256755332,-11.012708804448854,2.0057493183480477,0.5378811344763514,0.8430206908341178
1769099998.1654716,-1.3431771647911028,-11.00704462709823,2.002872345993504,0.5390932511659002,0.842246084317036
1769099998.2154617,-1.347143201807541,-10.998449332135651,1.9975218941051265,0.5413445179551652,0.8408008758795924
1769099998.2654836,-1.349658915761574,-10.992976039836037,1.9984250101462784,0.540964792397527,0.8410452386086615
1769099998.3154573,-1.3523665305882964,-10.987005768935505,1.9905762570887582,0.544261196498353,0.8389158181761631
1769099998.3654847,-1.3562068395036695,-10.978436811887006,1.988843602044799,0.5449877680289903,0.8384439949685247
1769099998.415438,-1.3588735749363938,-10.972392741700386,1.9812245486891966,0.5481778805090655,0.8363617705996543
1769099998.4654872,-1.3614778422881617,-10.966459788443395,1.978911562323136,0.5491447603922286,0.8357272474520391
1769099998.5154727,-1.3652083146638392,-10.957759358440832,1.9695074635919392,0.5530683061025102,0.8331359125526279
1769099998.5654871,-1.3677698751582321,-10.951697669939879,1.9658322724775217,0.5545983383038571,0.8321181906139298
1769099998.6154702,-1.3712402857307182,-10.943299631636332,1.9549566719232845,0.5591150089062428,0.8290901077782632
1769099998.6654916,-1.3736546834582932,-10.937396273425374,1.9558912951986682,0.558727504414471,0.8293512981908072
1769099998.7154536,-1.375912334448206,-10.931783916113503,1.949010889378499,0.5615773292705359,0.8274242583157518
1769099998.7655056,-1.379487482353475,-10.922827899646524,1.9457082300941888,0.5629429131744382,0.8264957812999876
1769099998.8155131,-1.3818434857915307,-10.916846264258023,1.9409890727804526,0.5648915260473693,0.8251651736469944
1769099998.8654828,-1.3841785929697674,-10.91082926371298,1.9362030772581973,0.5668645251684201,0.8238110281524408
1769099998.9154847,-1.387558129670058,-10.902095629415506,1.936339452202375,0.5668083502591479,0.8238496792962312
1769099998.965512,-1.3898688111197488,-10.896069232786695,1.931207743218093,0.568920360518796,0.8223926211896379
1769099999.0154903,-1.3921423728776348,-10.890110079844435,1.9321768848481446,0.5685217862778968,0.8226682068290894
1769099999.0654912,-1.3955395785070166,-10.881111944106435,1.9296042816258117,0.5695795150959827,0.8219362359593505
1769099999.1154811,-1.3978523664236928,-10.874978060671449,1.9291653086241431,0.5697599052833199,0.8218112011475278
1769099999.165488,-1.4001628057875106,-10.868789141892975,1.9280519145812351,0.5702173168199733,0.8214938901772978
1769099999.2154818,-1.403500902794272,-10.859849944374302,1.924264014998416,0.5717721613742437,0.8204124544870256
1769099999.2655373,-1.405646799113403,-10.854113027886918,1.9276024392280442,0.5704019230466454,0.8213657201178345
1769099999.3155413,-1.4079164699661542,-10.848044017404934,1.9278626826144087,0.5702950407197992,0.8214399348281057
1769099999.3654957,-1.4112745380797878,-10.839112291693533,1.931044214476487,0.568987601032212,0.822346101025358
1769099999.415514,-1.4133627597975156,-10.83356993492671,1.931061311338672,0.5689805712424438,0.8223509649466111
1769099999.465491,-1.4156446170652166,-10.827586611403742,1.9328579695749204,0.5682415999423942,0.822861764876038
1769099999.51551,-1.4188236849377336,-10.819236611168396,1.9355357633784973,0.5671393638763381,0.8236218440169873
1769099999.565485,-1.4211003795736163,-10.813278479151684,1.933788124305534,0.5678588441201068,0.8231259521814241
1769099999.6154954,-1.4244492090150866,-10.80450563131411,1.9360302831895189,0.5669356978823548,0.8237620496640079
1769099999.6654766,-1.426783855886427,-10.79837999131172,1.9325779567441428,0.5683568002988004,0.8227821993420309
1769099999.7154982,-1.4289894737447637,-10.792611447888424,1.9327393648832676,0.5682903965761266,0.822828065369278
1769099999.7654808,-1.4323487195642168,-10.783761343467539,1.9310977479219902,0.568965589318295,0.8223613306641341
1769099999.8155122,-1.4345081926241872,-10.778029451871632,1.9291809841297274,0.5697534641127833,0.8218156667595742
1769099999.8654943,-1.4379146358366193,-10.768980736201012,1.9315945462867778,0.5687612978850254,0.8225026358791451
1769099999.9154928,-1.4401866384780084,-10.762939620565886,1.9275176252916404,0.5704367541637188,0.8213415303630769
1769099999.965515,-1.4423110985466827,-10.757302745250875,1.931224496786514,0.5689134714933114,0.822397386883877
1769100000.0155122,-1.4457578830112516,-10.748215115952805,1.9363325531065063,0.566811192164735,0.8238477240587558
1769100000.065481,-1.4479563789904273,-10.74247096879624,1.940746220138674,0.5649917186538054,0.8250965748641909
1769100000.1155035,-1.450212447727759,-10.736532135821772,1.9400326932294232,0.5652860469958905,0.8248949539618726
1769100000.16696,-1.4536879232770037,-10.727563945993719,1.940463778312225,0.5651082339113062,0.8250167779903901
1769100000.2155046,-1.4560068874809218,-10.721594963826252,1.9441285610793444,0.5635955324021388,0.8260508918077323
1769100000.2719333,-1.4581715022271753,-10.716027692302063,1.9416413853171381,0.5646223632123476,0.8253493726662084
1769100000.315493,-1.4616283945546038,-10.707133757035196,1.9422457183559778,0.564372944492588,0.8255199449587916
1769100000.3654573,-1.4639232844703092,-10.7011826090535,1.9364071437181423,0.5667804661177258,0.8238688628825425
1769100000.4155104,-1.4662725259892349,-10.695062553997454,1.9348183308338855,0.5674347739386785,0.8234183489121194
1769100000.4659543,-1.469675424783765,-10.686012293212071,1.9283209894324922,0.5701067899865951,0.8215705983122694
1769100000.5155034,-1.472017101239214,-10.679672830748402,1.9221059315128655,0.5726570876211213,0.819795010961457
1769100000.5709398,-1.4752372657635038,-10.67079783223764,1.9180723635613097,0.5743092713244756,0.8186384188826895
1769100000.6154988,-1.4774289199670814,-10.664619119139031,1.9096208470755587,0.5777635013532418,0.8162042247526304
1769100000.6654584,-1.479578201079745,-10.658533312145435,1.907439529907919,0.5786533576853804,0.8155735967032253
1769100000.7155106,-1.4816391006242697,-10.652604082241352,1.9016024370578473,0.5810311792534131,0.8138812989222619
1769100000.76546,-1.4846430137228122,-10.643894570222196,1.899214868617713,0.5820023636545499,0.8131870932943519
1769100000.8155215,-1.4866427658605286,-10.638051556729353,1.8954729425754748,0.5835227870976153,0.8120967657476732
1769100000.868186,-1.4895828099685713,-10.629320175889207,1.892933339847239,0.5845535179667438,0.8113551532052432
1769100000.9155014,-1.4915845704885822,-10.623263972342803,1.88379586455213,0.5882542731164628,0.8086760229908031
1769100000.9654684,-1.4935988581725037,-10.617078979223807,1.881482980513724,0.5891890664876471,0.8079952004383534
1769100001.015523,-1.4965513819966367,-10.607765493284914,1.8720930793967574,0.592976056462846,0.805220091938702
1769100001.0654595,-1.498378572736768,-10.601919298063335,1.867780944244612,0.5947107857877545,0.8039397248971539
1769100001.1155121,-1.5002000609669486,-10.595938690761148,1.8586182461556215,0.5983876602844252,0.8012067199040028
1769100001.1654613,-1.5029225377583497,-10.586766861007872,1.8507268457736454,0.6015443155812522,0.7988394309195577
1769100001.2155094,-1.5047346084045443,-10.580546140707728,1.8484165084713877,0.6024667082891867,0.7981440129470321
1769100001.2681432,-1.507288370964184,-10.571509564392615,1.8393682049585975,0.606071454990745,0.7954102032570373
1769100001.3155217,-1.5089600245784403,-10.56553831187518,1.837428139584343,0.6068427436210647,0.7948219200012407
1769100001.3760164,-1.5106715423721127,-10.559315268412155,1.8305801017382446,0.6095606663178267,0.7927394238198118
1769100001.4155362,-1.5132303699934202,-10.54988682441945,1.831403042886893,0.6092344257792643,0.792990172981614
1769100001.4669945,-1.514868125808521,-10.54382732974949,1.829485150543499,0.609994580434099,0.792405585442851
1769100001.5155401,-1.5165391535232857,-10.537593292721418,1.8284544374139244,0.6104028708314972,0.7920911155168113
1769100001.5680933,-1.518912141732068,-10.528612519786662,1.8254827547001355,0.6115791183357336,0.7911832796613479
1769100001.6155221,-1.5204364858333033,-10.522758475888809,1.8204967052010437,0.6135496552563371,0.7896561406934223
1769100001.673016,-1.5219352983326655,-10.51681936408739,1.8090742918884901,0.6180495138283353,0.7861391724475753
1769100001.715506,-1.524227740789976,-10.507426492060771,1.8032086073728204,0.6203524746142751,0.7843231523039117
1769100001.7655504,-1.5257467981432165,-10.500971320224002,1.7956531194402747,0.6233110129946859,0.7819740283919527
1769100001.8155336,-1.5271315126607465,-10.494978891827765,1.7889440085881307,0.6259306762256461,0.7798787011835272
1769100001.8655672,-1.5292124741165984,-10.485536653442852,1.7858162139521883,0.6271495604950171,0.7788988565731155
1769100001.9155142,-1.5305910832983352,-10.479127529171757,1.7777322152913415,0.6302927374769589,0.7763575626499696
1769100001.96554,-1.5325070386227517,-10.470012408357228,1.775413566030471,0.6311923641524866,0.7756263271934462
1769100002.0155218,-1.5337732644887812,-10.463760681137408,1.772882571418255,0.6321734114961169,0.7748269340939054
1769100002.065531,-1.534982351584689,-10.45785932516404,1.7714456355844863,0.6327299365787751,0.7743725378375832
1769100002.1155248,-1.536813604106853,-10.448623123010501,1.76768285471717,0.6341857129894801,0.7731807559943695
1769100002.1655347,-1.5379516495533094,-10.442733060231069,1.7617194597635197,0.6364882815644947,0.77128637186915
1769100002.2155294,-1.5396479827939522,-10.433780172025113,1.757910753072909,0.637955928327517,0.7700728754551585
1769100002.2655199,-1.5408253064624713,-10.427356593400514,1.7493077929727558,0.6412624692692525,0.7673216050045124
1769100002.3155084,-1.5419017001290614,-10.421378129090922,1.74576404443095,0.6426210593334297,0.7661841646113423
1769100002.3655126,-1.5435837189538435,-10.411779630123895,1.7420720957272828,0.644034319942522,0.7649965978592148
1769100002.415521,-1.5446970696698799,-10.40529363225085,1.7367675654349315,0.6460610261454269,0.7632857593954692
1769100002.4655335,-1.5457608914517478,-10.398927657468759,1.7299140782777924,0.6486728123959019,0.7610673967911062
1769100002.5155175,-1.5472964246944412,-10.389304694918996,1.7261099933244095,0.6501192206666541,0.7598322176110871
1769100002.5655434,-1.548281030519962,-10.382874546857684,1.718030367711046,0.6531834872469207,0.7571996645455886
1769100002.6155376,-1.5492503916658424,-10.376468137072209,1.7191653414208308,0.6527536812377889,0.7575702156437483
1769100002.6655223,-1.5506630406560766,-10.366954308588216,1.7180505297004338,0.6531758538879299,0.7572062492463818
1769100002.715503,-1.5516152410495125,-10.360596353437236,1.7170466127708774,0.6535558576705173,0.7568782867175902
1769100002.76552,-1.552551826811549,-10.354287234462092,1.718593082537381,0.6529704176572101,0.757383412588742
1769100002.815517,-1.5539587783846496,-10.344951809354912,1.7179540920111172,0.653212364739087,0.7571747529810869
1769100002.8655236,-1.554940263159568,-10.338572644165254,1.7246192229094848,0.650685407706548,0.7593474173247469
1769100002.9155214,-1.5558844847041398,-10.332341424111423,1.7207658879813392,0.652147209077106,0.7580923543295641
1769100002.9655383,-1.5573174137393897,-10.322881900833679,1.718226460040664,0.6531092435843932,0.7572637030418279
1769100003.0155041,-1.5582601720937084,-10.316445699154787,1.7140350961643847,0.6546947920985287,0.7558933318921819
1769100003.0655277,-1.559183420494053,-10.31013461622737,1.713510344344698,0.6548930977619923,0.7557215297341353
1769100003.1154783,-1.5605653709486145,-10.30038615797913,1.7122341247368895,0.6553751977153799,0.7553034821974056
1769100003.1655805,-1.5614614430308758,-10.293943234368559,1.7060360579477167,0.6577127575712622,0.7532688288572719
1769100003.2155674,-1.5623785092584408,-10.287324517400606,1.7101515778269136,0.6561613197443483,0.7546206480552696
1769100003.2655656,-1.5632519157866844,-10.28095514062662,1.7048175507484897,0.6581715672201498,0.7528679752140954
1769100003.3155458,-1.564575836674881,-10.271300945697742,1.704359826603237,0.658343852907062,0.7527173249895904
1769100003.3655376,-1.5654444581886777,-10.26490546198226,1.7028333370761715,0.658918168651351,0.7522146282951094
1769100003.4155164,-1.5662944936531944,-10.258686271525374,1.7026756853924367,0.6589774605555315,0.7521626861788497
1769100003.4655306,-1.5675575760201208,-10.24925366571088,1.7046814132309156,0.658222812483942,0.7528231725483278
1769100003.5155144,-1.5683794703264688,-10.24308170677401,1.7002958018465073,0.6598720236013835,0.7513780090395347
1769100003.5655222,-1.5692134277991456,-10.236809263885455,1.7025404262680024,0.6590283274816735,0.7521181181016104
1769100003.6155198,-1.5704557220671218,-10.227373866000061,1.6999220207641064,0.6600124375192921,0.7512546720785452
1769100003.6655343,-1.5712572150239628,-10.221352420205633,1.7036774155013743,0.6586006459090477,0.7524926506007784
1769100003.7155201,-1.572484451745453,-10.211966092387277,1.7034363884810453,0.6586913266569299,0.7524132748609196
1769100003.7655392,-1.5733036868686987,-10.205615059032608,1.6986491342980257,0.6604904347670371,0.7508344595057225
1769100003.8155167,-1.5740926326436047,-10.199081429819065,1.6915487883270524,0.6631518590657539,0.7484848774809245
1769100003.8655128,-1.5752512167888812,-10.189533405014046,1.6863346109924977,0.6651009696060074,0.7467534400517676
1769100003.9155147,-1.5760266919945778,-10.183075069950535,1.6872688829863804,0.6647520616381579,0.7470640511681838
1769100003.9655633,-1.5767160099902982,-10.17691216425418,1.6832140165251246,0.6662653168568763,0.7457147762741504
1769100004.0155692,-1.5778034923453303,-10.167279361907795,1.6803403366737304,0.6673361014966878,0.7447566902278907
1769100004.0655775,-1.5785351086701103,-10.160841346569114,1.6822440635641622,0.6666268926168114,0.7453915655815098
1769100004.1155167,-1.5792280934019978,-10.154857422141031,1.6813000179044368,0.6669786601758027,0.745076819442191
1769100004.1655447,-1.5803190372549591,-10.145301465315534,1.6864334598910582,0.6650640609161533,0.7467863113888169
1769100004.2154896,-1.5809968792103202,-10.139366726370781,1.684425123507636,0.6658136245401339,0.7461180988132707
1769100004.265545,-1.5817247111270778,-10.133055574368049,1.6878519707793593,0.664534231425593,0.7472578238222712
1769100004.315493,-1.5827993330592423,-10.123548648615577,1.6839237046258886,0.6660006624646214,0.7459511496047749
1769100004.3655589,-1.5834695630017728,-10.117562088827883,1.682336259989607,0.6665925306895658,0.7454222950978058
1769100004.4154892,-1.5845237415421756,-10.107849101154978,1.680568283076468,0.667251214858334,0.7448327438224486
1769100004.4655685,-1.5852093206509952,-10.101405842290605,1.6758629223013006,0.6690017199782611,0.7432608550610804
1769100004.5154922,-1.585905473827098,-10.094836549797453,1.6766777970129714,0.6686988322202765,0.743533369652794
1769100004.5655477,-1.5869264274872745,-10.085120080762092,1.6746330109855143,0.6694586659192223,0.7428493081545241
1769100004.6155276,-1.5876120692312516,-10.07857512737051,1.6724723946841888,0.6702607812743542,0.7421256531649424
1769100004.665543,-1.5882753305786537,-10.07205329139389,1.6699451705866248,0.6711980048340601,0.7412781113096333
1769100004.7155328,-1.5892228385465457,-10.062507442451848,1.666151282663699,0.6726029594098739,0.740003553365171
1769100004.7655623,-1.5898478830789364,-10.056134472793037,1.667770249301842,0.6720037185768042,0.7405477717331593
1769100004.8154924,-1.5904520638919073,-10.049911993187152,1.6636893958102674,0.6735133521183566,0.7391750567479226
1769100004.8655288,-1.5910696468165448,-10.04351287137136,1.6660067173310196,0.672656447082663,0.7399549338967398
1769100004.915541,-1.5919793731760055,-10.034166793809334,1.6675705016757245,0.6720776765548522,0.740480652466107
1769100004.965539,-1.5925752726002174,-10.028223251723153,1.6714712133575977,0.6706321984511426,0.7417900339048693
1769100005.015523,-1.5935327854984358,-10.018602112983993,1.670979057408368,0.6708147163335784,0.7416249836341146
1769100005.0655432,-1.5941274338126181,-10.01258215935271,1.667083602809983,0.6722579262317421,0.7403170135952555
1769100005.1155264,-1.5947581398758126,-10.006031670970504,1.6653602541088213,0.6728955887647958,0.7397374714186641
1769100005.1655402,-1.5956632423864723,-9.996379999926907,1.661333467075004,0.6743836065117519,0.73838116936187
1769100005.215496,-1.5962413353142648,-9.990027963328565,1.6611721733800826,0.6744431524321542,0.7383267800489008
1769100005.2655635,-1.5968046512993483,-9.983522027296445,1.6548087782888854,0.6767888672142965,0.73617717243527
1769100005.3155277,-1.597634966515239,-9.973736674644844,1.6518856074865524,0.6778641297502574,0.7351872017370312
1769100005.3655574,-1.5981752656406258,-9.967254364658844,1.6521554812810055,0.6777649196994119,0.7352786639260314
1769100005.415522,-1.5987199463703863,-9.96084861597468,1.6516588771456917,0.6779474700166618,0.7351103508304093
1769100005.4655612,-1.5995285438704607,-9.95123924897502,1.6551285409296546,0.6766711575863812,0.7362853689234269
1769100005.515497,-1.6000644726716062,-9.944908912414052,1.6544668308570705,0.6769147242684709,0.7360614485683515
1769100005.5655499,-1.6006036866397158,-9.938655059044049,1.6587501608152952,0.6753367760351162,0.7375094839624066
1769100005.6155002,-1.6014144974901008,-9.9291220482322,1.6564987524218573,0.6761665654842973,0.7367487873903624
1769100005.6655483,-1.6019492151086014,-9.922893218166655,1.6532878021640498,0.677348525404058,0.7356622697494742
1769100005.7155056,-1.6024786842245782,-9.916460742600824,1.6512315373191135,0.6781045255045975,0.734965477073709
1769100005.7655644,-1.6032679105764052,-9.906849743223637,1.649653566508718,0.6786841914198366,0.7344302337981481
1769100005.815502,-1.6038130156027561,-9.900342385174927,1.6547005725030162,0.6768286955384961,0.7361405551222251
1769100005.8655791,-1.6043415228035236,-9.893909836678912,1.6504496156124968,0.678391816403077,0.7347003085866604
1769100005.9155061,-1.6048768126752408,-9.887350874306001,1.651855918627087,0.6778750431103275,0.7351771391495873
1769100005.965577,-1.6056541814340481,-9.877535727886663,1.6493530761012882,0.678794528379333,0.7343282564645588
1769100006.0155072,-1.6061322855293152,-9.871403832918801,1.6458371935168636,0.6800843848198767,0.7331338414806466
1769100006.0655587,-1.6068732728221153,-9.86161129387533,1.6482877257231063,0.6791855905021549,0.7339665752977033
1769100006.1155047,-1.6073257057594577,-9.85537584036302,1.6424233760395135,0.6813347860474364,0.7319719320586645
1769100006.1655781,-1.6077948446366044,-9.848913331134405,1.6458766473675481,0.6800699222109928,0.7331472573118815
1769100006.2155018,-1.6084890682300286,-9.839421828633474,1.6449877780682063,0.6803956910802887,0.732844938277789
1769100006.2655547,-1.6089606970696682,-9.833187909547954,1.6466728145140355,0.6797780144532766,0.7334179238783035
1769100006.315503,-1.6094302539252165,-9.826801526371833,1.6457530337350437,0.6801152344098208,0.7331052229548459
1769100006.3655503,-1.610100908930007,-9.817714381511866,1.642251263441169,0.6813977743200536,0.7319132961981749
1769100006.415504,-1.6105308609378466,-9.811655042312422,1.638124546954524,0.6829065220745404,0.73050577144062
1769100006.4655719,-1.6109616785152245,-9.805265947199402,1.6341283773726138,0.6843647703769232,0.7291398089988923
1769100006.5155067,-1.611612465235401,-9.795619300817789,1.6349710390749437,0.68405750054556,0.7294280882632374
1769100006.565557,-1.6120104533311923,-9.78945633618586,1.6314199754629501,0.6853515443861122,0.7282123732865097
1769100006.6155565,-1.6124273166408487,-9.782939559900976,1.6324302347547086,0.6849836153077485,0.7285584717508448
1769100006.6655767,-1.6130226407243544,-9.773137046895934,1.632104047248634,0.6851024295325512,0.7284467455130785
1769100006.715508,-1.613412189697595,-9.766669212234865,1.6286493860360143,0.6863596752055535,0.7272622609841151
1769100006.7655761,-1.613798025042341,-9.760125129768287,1.6284748971550802,0.6864231221823605,0.7272023771505566
1769100006.8162575,-1.6143511004074615,-9.750522980535433,1.627349351119518,0.6868322633373629,0.7268159616016115
1769100006.8655653,-1.6147185833501696,-9.744180651259686,1.628491449947282,0.686417103543932,0.7272080582353023
1769100006.9155166,-1.6150783504104989,-9.737863207129378,1.6273424433803423,0.686834773660812,0.7268135893682101
1769100006.965587,-1.6156320873209882,-9.728413230035756,1.6261805632432347,0.6872568928730965,0.726414456903507
1769100007.015512,-1.6159896640399791,-9.722298495099468,1.6278712981077188,0.6866425602493501,0.7269951818645138
1769100007.0655668,-1.616526594798975,-9.71320247150937,1.6263335616048233,0.6872013207513239,0.7264670293672219
1769100007.1155136,-1.6169106449135224,-9.706987824565529,1.6332144140380829,0.6846979024321976,0.7288269907220428
1769100007.165563,-1.617269423503372,-9.700999962974306,1.6293714947583873,0.6860970492631945,0.7275100267297612
1769100007.2162662,-1.617846670165793,-9.691297811331477,1.6273938330542985,0.6868160980773892,0.7268312372358181
1769100007.2655597,-1.6182136706791264,-9.684651210966157,1.624056929512813,0.688027824424039,0.7256843065812597
1769100007.3213136,-1.618544028838559,-9.678281449294467,1.6173016593784826,0.6904749918741194,0.7233562646417288
1769100007.3655646,-1.6190132588527355,-9.668750965843067,1.617954474349586,0.6902388461965723,0.723581602309805
1769100007.4155116,-1.6193205434535958,-9.662329413289825,1.620127921783069,0.6894521054880113,0.7243312738230678
1769100007.4655907,-1.6197860885420603,-9.65290001259553,1.6221531007629915,0.6887183019177165,0.7250290343176451
1769100007.5155134,-1.6200733925192254,-9.646502731813651,1.6201266176558968,0.6894525777979127,0.7243308242563015
1769100007.5655863,-1.6203773298813895,-9.64018234963551,1.622224759190261,0.6886923242554951,0.7250537100874418
1769100007.620298,-1.620842371176107,-9.630626193320134,1.6219558552030982,0.688789802947114,0.7249611074782397
1769100007.6655905,-1.621142494031927,-9.624381634422376,1.618795204383704,0.6899346168280018,0.723871690634741
1769100007.7253644,-1.621438488021381,-9.618060871472819,1.616856521985683,0.690635971231675,0.7232025686077733
1769100007.7655988,-1.621851870289551,-9.608933050456944,1.6143315543732488,0.6915484521303126,0.722330075766037
1769100007.8163192,-1.6221211879599111,-9.602889810205221,1.6156890902974643,0.691057998347313,0.7227993102654465
1769100007.865586,-1.6223926570827596,-9.596441244940168,1.6104848947573835,0.6929364511528879,0.720998664814049
1769100007.9173446,-1.6228013113635507,-9.586654591400867,1.6095248881645396,0.6932824530480507,0.7206659699858717
1769100007.9655862,-1.6230535647471867,-9.580382635483215,1.6082188640822699,0.6937529087542568,0.7202130945734102
1769100008.0224059,-1.6233189787482125,-9.574009900832367,1.6103844022489249,0.6929726777603604,0.7209638464428266
1769100008.0655754,-1.6237096572164245,-9.564146467211811,1.6112572808360477,0.6926579548200656,0.7212662182748364
1769100008.1163802,-1.6239223253836528,-9.557999534358398,1.604900907145215,0.6949467715463661,0.7190611828747835
1769100008.165573,-1.6242537717948924,-9.548285883992708,1.6031222430039265,0.6955859808120665,0.7184428601480535
1769100008.2155428,-1.6244514392194438,-9.542138560077953,1.6022850102568924,0.6958866718008494,0.7181516135259579
1769100008.265586,-1.6246614516379914,-9.535814402157731,1.6023641207604924,0.6958582645885549,0.7181791389366615
1769100008.315595,-1.6249682562650267,-9.526302543150049,1.6073198084686526,0.6940765944610466,0.719901160591755
1769100008.3655756,-1.6251761525536859,-9.52000359402664,1.6039653048709133,0.6952830731327813,0.7187360073177325
1769100008.415602,-1.6254004843406382,-9.51355327451867,1.609567775513643,0.6932669991621346,0.7206808363434738
1769100008.4655826,-1.6257422587265082,-9.50399195943281,1.607982504753999,0.6938380184510544,0.7201311020584475
1769100008.515574,-1.6259640134327182,-9.497668170516599,1.6070138664654714,0.6941867103414588,0.7197949785774443
1769100008.565566,-1.6261651194693503,-9.49119167352409,1.6029333843426095,0.695653819789131,0.7183771732264266
1769100008.615592,-1.626447822739029,-9.481577681087352,1.5960630224391725,0.6981174660009625,0.7159832425863017
1769100008.6655793,-1.6266105975141125,-9.475328084116004,1.5932601356047453,0.699120190108187,0.7150041676683377
1769100008.7155957,-1.626774030472923,-9.468800044858236,1.5901652553554952,0.7002257787586639,0.7139214654020586
1769100008.7655945,-1.6269930857128088,-9.458956736557443,1.5931578516817093,0.6991567559095249,0.7149684123554475
1769100008.8156042,-1.6271299439796936,-9.452326711681442,1.5910996079485877,0.6998921751711353,0.7142485163682294
1769100008.8655856,-1.6272737228081244,-9.445874115470517,1.5930103322274844,0.6992094898825861,0.7149168407990777
1769100008.9155772,-1.6274814377828188,-9.436182337300465,1.5932825599595546,0.6991121733106701,0.7150120062829936
1769100008.9656022,-1.6276108061977486,-9.42993191911199,1.5884586337839814,0.700834720640407,0.7133236953479695
1769100009.0156462,-1.6277321599032601,-9.423580120543178,1.5879516259494248,0.7010155284702245,0.7131460080822243
1769100009.0656438,-1.6279011690100667,-9.414520496637001,1.5876842665101565,0.7011108553646918,0.7130522901511434
1769100009.1155887,-1.6280229438531009,-9.4082699573958,1.5905169154478933,0.7001002390909046,0.7140445750965819
1769100009.165577,-1.6281389925708776,-9.40189271376028,1.5871116113962795,0.7013149931423602,0.7128515135662764
1769100009.2155898,-1.6283189756618568,-9.39220040642658,1.5869668244757928,0.7013665970922914,0.7128007410792859
1769100009.2656016,-1.6284295348337658,-9.385645875620767,1.5871324843976617,0.7013075534288526,0.7128588328018648
1769100009.3156004,-1.6285452474489976,-9.379268633160544,1.586290847632768,0.7016074754243173,0.7125636465809324
1769100009.3656106,-1.6286840262295834,-9.3694743595337,1.5861107444466127,0.7016716400710055,0.7125004628209483
1769100009.415615,-1.6287504354306488,-9.363045684152311,1.5805359776805037,0.7036549236304827,0.7105418695971263
1769100009.465624,-1.6288048184774313,-9.35649039857974,1.5805015222871486,0.7036671645258681,0.7105297471380948
1769100009.5156167,-1.6288590641503973,-9.346745755400368,1.576516818603562,0.7050813922487499,0.7091263852830216
1769100009.565614,-1.6288908797583093,-9.340367521145383,1.5754439048867317,0.7054617064871112,0.7087480375142445
1769100009.6155894,-1.628918677574284,-9.333888036057555,1.5759422588063055,0.7052850809069348,0.7089238003129099
1769100009.6655974,-1.6289762148867044,-9.324675143734282,1.5756030714258125,0.7054052997670454,0.7088041782188963
1769100009.7155926,-1.6290370959329399,-9.318195886151253,1.5823264800992152,0.703018528266599,0.711171532693671
1769100009.7655826,-1.6290862298945312,-9.312248096122845,1.5786518402746177,0.7043239905444074,0.7098786631133531
1769100009.815603,-1.6291702887862962,-9.302655712702988,1.576827434071658,0.7049712509336856,0.7092358813236922
1769100009.8656206,-1.6292072390473387,-9.296226902272346,1.57505725470887,0.7055987120804688,0.7086116408233665
1769100009.9156115,-1.6292451034908662,-9.289949977662252,1.5746839989519312,0.7057309464788974,0.7084799440929853
1769100009.9656055,-1.6292580948731374,-9.280230619412473,1.5723873178113619,0.7065440572443924,0.7076690576622894
1769100010.0156107,-1.6292459501562224,-9.273725696989676,1.5658233270727708,0.7088628143810698,0.7053463761782214
1769100010.0656087,-1.6292229034446644,-9.267524660252054,1.5645765193719308,0.7093023922558678,0.7049043313387308
1769100010.1156085,-1.6291670200450266,-9.25765367302195,1.5626377923662578,0.7099853674271422,0.7042164284077345
1769100010.1655946,-1.629138554177546,-9.251148949898191,1.564323317566011,0.7093916280962029,0.7048145273666105
1769100010.2156131,-1.6290804110719888,-9.24454306524958,1.559385304409334,0.7111296558104744,0.703060888278445
1769100010.2655933,-1.6289749937640403,-9.235305266143236,1.55502381523816,0.7126611598805842,0.7015084256070345
1769100010.3156254,-1.6289360873873564,-9.228851198350476,1.5528563113433589,0.7134210023373901,0.7007356658711711
1769100010.3656158,-1.628823483049247,-9.222575158187347,1.54838752794168,0.714984938112212,0.6991398560178617
1769100010.4156096,-1.6287531690148158,-9.213159713732672,1.5528109235027794,0.7134369045930234,0.700719475371368
1769100010.465612,-1.6286888649155247,-9.206832290147634,1.5587883518207677,0.7113394711393533,0.702848601619997
1769100010.5156395,-1.628612580296213,-9.20047976585354,1.5628877841957802,0.7098973377043146,0.7043051681766408
1769100010.5655956,-1.6285151027021332,-9.190887560097917,1.562942629472427,0.7098780235314991,0.7043246351697579
1769100010.6156259,-1.6284506804165593,-9.184458989929567,1.5605357922645364,0.7107251066676822,0.7034698449487454
1769100010.6655934,-1.6283734488826498,-9.177903975273583,1.559963180869866,0.710926484960036,0.703266331472201
1769100010.71559,-1.628235591488188,-9.168286851801033,1.5540541096200298,0.7130012044310047,0.7011628073992064
1769100010.7656038,-1.6281214103754984,-9.161808302371693,1.5533219082878582,0.7132578528144266,0.7009017302008562
1769100010.8156066,-1.6279177717429298,-9.15234413127302,1.5485500937496222,0.7149281076325747,0.6991979697602858
1769100010.8655827,-1.6277633625447803,-9.145866381921945,1.543458143334125,0.7167059293286668,0.6973755163935225
1769100010.9155955,-1.6275895164864536,-9.139313251859127,1.5426413820433642,0.7169906642199821,0.6970827694193774
1769100010.965618,-1.6274314197027104,-9.132835731422702,1.5427053327368363,0.7169683743901961,0.6971056950881118
1769100011.0156083,-1.6272189458174091,-9.123270702461253,1.5438506877060043,0.716569040107773,0.6975161723996259
1769100011.0656033,-1.627047099433388,-9.11689472485867,1.5430526184248639,0.7168473161663743,0.6972301810055744
1769100011.11561,-1.6268455092383243,-9.107734434975093,1.5431150972164134,0.7168255347670217,0.6972525745423772
1769100011.1655898,-1.6266951040083792,-9.101307262352348,1.5416529435551718,0.7173350883618953,0.6967283337175487
1769100011.2156093,-1.6265557611242467,-9.095031699596353,1.5409295583215508,0.7175870429291858,0.6964688333444267
1769100011.2655954,-1.6262995053628393,-9.08577154756857,1.5432809051182097,0.7167677273104902,0.6973119998151148
1769100011.3156173,-1.6261198826158758,-9.079674305717925,1.53720654072473,0.7188822817451741,0.6951318328150798
1769100011.3655899,-1.6259223297681304,-9.073096538386626,1.5383019854057214,0.7185014346975344,0.6955254764116011
1769100011.4156158,-1.6256242025525502,-9.063407149007224,1.5380281453298952,0.7185966593369287,0.6954270926486874
1769100011.4655952,-1.6254292210381287,-9.056879906978958,1.5384981122862222,0.7184332256219327,0.6955959317897605
1769100011.5156245,-1.6252117846966991,-9.050226745908306,1.5364895644585523,0.7191314320597076,0.6948740773865104
1769100011.565592,-1.6248864993117254,-9.040867435442623,1.5316167792773774,0.7208222820540953,0.693119930238863
1769100011.615625,-1.6246593578130202,-9.034594541087692,1.532299032799821,0.7205857983616092,0.6933657816762826
1769100011.665585,-1.6242889320479985,-9.025059597426813,1.5299056108148927,0.7214150406346915,0.6925029524457252
1769100011.715612,-1.6240606373552113,-9.01896402413289,1.5341804549744915,0.7199332227427886,0.694043337833584
1769100011.7656,-1.6238075188129306,-9.01264138817939,1.531668400725811,0.7208043918866252,0.6931385349531164
1769100011.8156114,-1.6234668980937528,-9.003510586558066,1.5322583379268464,0.7205999064286455,0.6933511194589849
1769100011.8655884,-1.6232415946722378,-8.997465529264783,1.5325476792903931,0.7204995913088986,0.6934553618825872
1769100011.915608,-1.6230199627621125,-8.991192372242967,1.533685002990543,0.720105133224877,0.6938649703675652
1769100011.9656155,-1.6226631956916522,-8.981580930475035,1.5343267785066106,0.7198824433797429,0.6940960075620743
1769100012.0156102,-1.6224114744809337,-8.97515693489307,1.5292214142029608,0.7216519025029268,0.6922561170649966
1769100012.0656013,-1.6221430837218658,-8.968632302353056,1.5289103317345623,0.7217595681438336,0.6921438620639693
1769100012.1156118,-1.6217006813034516,-8.958897620205917,1.5231482495995128,0.7237506648328126,0.690061573451284
1769100012.1656308,-1.621398453847754,-8.952551832401149,1.519382187321676,0.7250487883560411,0.6886975058060227
1769100012.2156386,-1.6210470066695952,-8.945955023174228,1.5141444625548162,0.7268499039354561,0.6867963432845419
1769100012.2656038,-1.6205119674212385,-8.93619985819177,1.511256207055906,0.7278409673238692,0.6857459633749619
1769100012.3156276,-1.6201643669925396,-8.929729785740971,1.515976043117301,0.726220637812747,0.6874616972710893
1769100012.365605,-1.6198040820624784,-8.923260261727975,1.5120566824058224,0.7275664476647107,0.6860372178187958
1769100012.4156244,-1.6192622555136964,-8.913682875925817,1.5110860455796484,0.7278993084622086,0.6856840356463306
1769100012.4655957,-1.618909453477813,-8.907643938821595,1.5097907578277003,0.7283432348417236,0.685212472347296
1769100012.5156417,-1.6185513069462345,-8.901402498539323,1.5102445785585272,0.7281877342799893,0.6853777233352247
1769100012.565595,-1.617975398027795,-8.891852413368303,1.5129032150088366,0.7272760060641482,0.6863451107157252
1769100012.6156425,-1.6175934659252231,-8.885536258962185,1.5076887086781856,0.7290630075733926,0.6844465873887015
1769100012.6656015,-1.6171978850263669,-8.879068837561942,1.5096200666151403,0.7284017120629561,0.6851503089569138
1769100012.715625,-1.6166081168718782,-8.869418160733147,1.5091879518338558,0.7285497268485694,0.6849929163932097
1769100012.7656102,-1.6162251133063825,-8.863000666527471,1.5110374661042958,0.7279159633328345,0.6856663549608013
1769100012.8156254,-1.6158104322897,-8.856458295548867,1.5069730913403252,0.7293078618206641,0.6841856785161256
1769100012.8656092,-1.6151709816411304,-8.846734636396183,1.5004530597905945,0.7315344385446056,0.6818044919353559
1769100012.9156103,-1.6147136616421278,-8.840119060496436,1.4996501774454098,0.7318080839867542,0.6815107689623368
1769100012.9656105,-1.6142598494647364,-8.833756930567391,1.4938883526674087,0.7337684172127621,0.6793996687525524
1769100013.015629,-1.6135366716240864,-8.824013928515447,1.4955731374403591,0.7331958358219535,0.6800175485480849
1769100013.0656078,-1.613047717942274,-8.817578236237853,1.493836944131859,0.733785880441368,0.6793808075482309
1769100013.1156223,-1.6125834227417555,-8.811267666191858,1.4986640484298526,0.7321440237890988,0.6811498575423088
1769100013.1656084,-1.6118851638967284,-8.801776491543036,1.4993524997812182,0.7319095111474214,0.6814018399534467
1769100013.215623,-1.6114306457919654,-8.795515917849526,1.4970411106536616,0.7326965145942362,0.680555521248236
1769100013.265581,-1.6109667742292446,-8.78917989652376,1.497203476262276,0.7326412627741229,0.6806150013632807
1769100013.3156278,-1.6102614288923522,-8.779790761428979,1.4930186250466466,0.7340637941519756,0.6790805151933059
1769100013.365562,-1.6097718723174412,-8.773380532903337,1.4942874860277688,0.7336328170654076,0.679546090949447
1769100013.415639,-1.6092585371083257,-8.766946699434017,1.4883050307385053,0.7356622090208539,0.6773485913608719
1769100013.465604,-1.6084743529031444,-8.757309911686173,1.4856539800267938,0.7365594052049534,0.6763728576784592
1769100013.515625,-1.6079141289788872,-8.75070223315726,1.483392524696932,0.7373237276818269,0.6755395773730619
1769100013.5655632,-1.6073790529498169,-8.744321090890228,1.4812632269188026,0.7380425221367292,0.6747542037794619
1769100013.615615,-1.6065214783107442,-8.734538125397245,1.4826056433447625,0.7375894553557925,0.6752494319493689
1769100013.6656022,-1.6059374334377652,-8.728059514908216,1.478109051221172,0.7391057505195865,0.6735894072421855
1769100013.71563,-1.6053533662020016,-8.72163181847678,1.4796188933749088,0.7385970331168754,0.6741471817570325
1769100013.765612,-1.6044623422345008,-8.712080485076179,1.477895972630157,0.7391775100657049,0.6735106596135393
1769100013.8156357,-1.6038691316750076,-8.705729833474814,1.4766164847532113,0.7396082331358615,0.6730376374896497
1769100013.8656049,-1.603299545905753,-8.699682035909689,1.4762549504834719,0.7397298841365881,0.6729039296328042
1769100013.9156067,-1.6024497436875282,-8.69063533827814,1.4740906111960832,0.7404576470547152,0.6721030225480279
1769100013.9656281,-1.601868862238031,-8.684105600619564,1.4742057914813522,0.7404189393178929,0.6721456644949564
1769100014.0156193,-1.6012992607298082,-8.67787984448139,1.4743352287607185,0.740375437414225,0.6721935819938294
1769100014.0656123,-1.6003680546988321,-8.668256109673953,1.4731115691219248,0.7407865668919524,0.6717404724388987
1769100014.1156209,-1.5997592310528264,-8.661728952895553,1.4723656126839608,0.7410370599247436,0.6714641284671073
1769100014.1655955,-1.5991674848041413,-8.65542899080873,1.471942614076144,0.7411790575454367,0.6713073846279797
1769100014.2156224,-1.5981871839950188,-8.645657474455644,1.470771161158886,0.7415721328798248,0.670873141313667
1769100014.2656102,-1.5975291226862587,-8.639262282880042,1.465255448356383,0.7434194822092258,0.6688254432000674
1769100014.3156273,-1.5968313766425486,-8.63256593595831,1.4668457031370499,0.7428874458308893,0.6694163449056629
1769100014.36558,-1.5957909876970913,-8.62285147226728,1.4644636523951489,0.7436842105846533,0.6685310725217498
1769100014.4156313,-1.595121379239738,-8.616508442860798,1.4653636821304656,0.7433832863696804,0.6688656737688171
1769100014.4655724,-1.5944394222462341,-8.610141236751865,1.4640543935134112,0.7438209961530503,0.6683788788418467
1769100014.5156276,-1.5934274233387586,-8.600627480983563,1.4626537591678108,0.7442888909202614,0.6678578043660846
1769100014.5655742,-1.5927644724303365,-8.594334646598009,1.4656117274007863,0.7433003261692467,0.6689578649785737
1769100014.6156783,-1.5921010425980708,-8.588118205020022,1.4607050341311765,0.7449392731221072,0.667132280256552
1769100014.6656485,-1.5910919877012242,-8.578782344273865,1.462774151964782,0.7442486869372573,0.6679026066666969
1769100014.7156723,-1.5903927291766797,-8.572366106632163,1.4611050981676348,0.7448058104029954,0.667281278614901
1769100014.7655797,-1.5897074636018456,-8.566050199060271,1.463990624754692,0.7438423066206863,0.6683551622312922
1769100014.8156502,-1.5886629564296306,-8.556565385720955,1.4637830867351103,0.7439116571690855,0.6682779708534055
1769100014.865578,-1.5880080897110642,-8.550602592676139,1.4616618407673625,0.7446200295907744,0.6674885853198047
1769100014.9156313,-1.587277312086802,-8.544037026453884,1.4608055059988798,0.7449057581690374,0.6671697021347804
1769100014.9656253,-1.586221542779921,-8.534680780249722,1.4563000041061427,0.7464068339202686,0.6654899234978096
1769100015.0156484,-1.5854706158762195,-8.528168456998909,1.4562270899421805,0.7464310952449301,0.6654627112404226
1769100015.0656245,-1.584351413032192,-8.51884492435842,1.4516848988224007,0.7479404983561618,0.6637657801655161
1769100015.1156456,-1.5836192204327464,-8.512789117358972,1.4490212941573877,0.7488238395991178,0.6627690828999454
1769100015.1656086,-1.582841350174612,-8.506432934712729,1.44710726284161,0.7494577769762198,0.6620521433617315
1769100015.215645,-1.5816609776696424,-8.496938588011751,1.4451903072332162,0.7500919949078962,0.6613335007203949
1769100015.2655795,-1.5809120824262841,-8.490578930400025,1.4544364470178424,0.7470265990432203,0.6647941488324937
1769100015.3156447,-1.5801702529673165,-8.484294906693323,1.4543777220916516,0.7470461187148525,0.6647722140049737
1769100015.365607,-1.57911277686732,-8.475091704003193,1.453587502274145,0.7473087184854644,0.6644769967994474
1769100015.4156368,-1.578368867630392,-8.468705963793846,1.4523837574741008,0.74770851346971,0.6640270919811303
1769100015.4656055,-1.5776418425660748,-8.462445655800224,1.4501757538484348,0.7484411447731106,0.6632012159297627
1769100015.5156398,-1.5764437565895821,-8.452749418936659,1.4431702326318245,0.7507595836856003,0.6605755426173635
1769100015.565608,-1.5756319280627893,-8.446423001624202,1.4369486168657195,0.7528108713821393,0.6582368813192285
1769100015.6156244,-1.5748296524834469,-8.439840392119635,1.438599195407513,0.7522673792373207,0.6588579438205273
1769100015.665592,-1.5735752176583993,-8.430406611304123,1.4371102829842781,0.7527576616219229,0.6582977311745003
1769100015.7156374,-1.572771980200014,-8.42397700288435,1.4405228795191116,0.751633314079522,0.6595812013435758
1769100015.7655914,-1.5719335413555557,-8.417475371172419,1.440368586067708,0.7516841963727727,0.6595232133317362
1769100015.8156564,-1.5706861811889814,-8.407913014111658,1.4378817037946532,0.7525036933487682,0.6585880286616688
1769100015.8655882,-1.5698469620882254,-8.401488061647074,1.4401117609125789,0.7517688812507703,0.659426682189131
1769100015.9156442,-1.5690689512886888,-8.395642208618293,1.4353857662022522,0.7533250044603721,0.6576484149260761
1769100015.9655962,-1.5678611593671548,-8.386585261150104,1.4385208467038268,0.752293188992994,0.6588284737279889
1769100016.0156546,-1.5670591330927592,-8.38061494035171,1.4375472306122297,0.7526138228421403,0.658462173299985
1769100016.0667777,-1.5658134450554477,-8.371256599644203,1.4367015167168473,0.7528921908519298,0.6581438664564013
1769100016.1156712,-1.5649892249420223,-8.365084967771931,1.4376269121498808,0.7525875886056133,0.6584921574907238
1769100016.1655881,-1.5642022653556473,-8.35908710310924,1.4382535680917181,0.7523812276549932,0.6587279319054
1769100016.215638,-1.562908111360721,-8.34942880678835,1.4350484447603908,0.7534359132009198,0.6575213492344534
1769100016.2655883,-1.5620346523666022,-8.343033958042804,1.432071642933349,0.7544137336592589,0.6563992066313736
1769100016.3156512,-1.5611559470233733,-8.33656321607886,1.4330044366386467,0.7541075090939953,0.6567509914176375
1769100016.3655922,-1.559836031468443,-8.327214993747537,1.4275221680424017,0.7559049163962206,0.6546814166967189
1769100016.4156635,-1.558967259325855,-8.321126195175669,1.425096503254307,0.7566983790777162,0.6537641494462333
1769100016.467852,-1.5575797196674728,-8.311711045734674,1.4266199078513995,0.7562001859559753,0.6543403386313184
1769100016.5156806,-1.5566447801855046,-8.305401577839167,1.4236651150262087,0.7571660803942258,0.6532224174815534
1769100016.5655913,-1.5557502424195704,-8.299290928172303,1.4281642197836342,0.7556947077771825,0.6549240479914894
1769100016.6156678,-1.5543925506206326,-8.289897022845127,1.4286685051152657,0.7555295494615704,0.6551145700489316
1769100016.6656022,-1.5535440692713098,-8.283907561506194,1.4317960396207254,0.7545041793939552,0.6562952409373805
1769100016.7156692,-1.552640920520565,-8.277593545386273,1.4304636240582373,0.7549412409210704,0.6557924387765952
1769100016.7655988,-1.5513022447943225,-8.26819691684179,1.4261946505379761,0.7563393003678996,0.6541795340111123
1769100016.8156772,-1.5503856396142244,-8.261859261202765,1.4248229235273926,0.756787800306705,0.6536606346621607
1769100016.8679621,-1.5490382123096504,-8.252719642850405,1.4191323685555748,0.7586445803594115,0.6515047203906449
1769100016.915649,-1.548130262987362,-8.246559833487533,1.4228727911769867,0.757424802821127,0.6529224058579832
1769100016.965598,-1.5472156517667064,-8.240426533934068,1.4194985368615851,0.7585252874553564,0.6516436052711397
1769100017.0156775,-1.5457805267952558,-8.230762617814374,1.4195789548829603,0.7584990848974962,0.6516741042957445
1769100017.0655978,-1.5447777484447027,-8.224181870826428,1.4183570751254644,0.7588970770170381,0.6512105853677409
1769100017.1156723,-1.543805030281368,-8.21769898162726,1.4158664286214415,0.7597074560312387,0.6502650084777309
1769100017.165596,-1.5423233093020174,-8.208067714375307,1.4178951415799947,0.7590474647810451,0.6510352879909568
1769100017.215665,-1.5413669867299127,-8.202068788558703,1.4195883456324287,0.7584960250350108,0.651677665726
1769100017.2729023,-1.5404062088926678,-8.19576327291637,1.4228166696867872,0.757443124012125,0.6529011516966046
1769100017.315661,-1.5389250198931654,-8.186439077085417,1.4183595965164608,0.7588962560381818,0.6512115421053519
1769100017.3655963,-1.537933898256012,-8.180215013512795,1.4192949744739107,0.7585916085904051,0.651566398286638
1769100017.415669,-1.5364976184822348,-8.171063243361102,1.422154197311475,0.7576593469442253,0.6526502233111163
1769100017.4655974,-1.53550964512433,-8.164813049037265,1.4171413916329696,0.7592927697765981,0.6507491757697293
1769100017.5156794,-1.534487379407261,-8.158440138709832,1.4112191254247624,0.7612163930329365,0.648497959116238
1769100017.5718775,-1.5334658198088673,-8.152092906558998,1.4060160000086885,0.7629009232327796,0.6465154146117265
1769100017.6156955,-1.5319211029225233,-8.14254857771619,1.4065947568601778,0.7627138036798777,0.6467361546072502
1769100017.6655996,-1.5309147436663078,-8.136455328487026,1.4022505411954225,0.7641167839809919,0.6450779336161997
1769100017.7156649,-1.5292916386668982,-8.126898198468375,1.3944151352561924,0.7666381372761445,0.6420794082306047
1769100017.7658648,-1.5281565904416035,-8.120364832898709,1.3938238999021921,0.7668279137983098,0.6418527483930655
1769100017.8156757,-1.5271013580032717,-8.114305658107767,1.3913037407850866,0.7676360903273397,0.6408859749026783
1769100017.8671355,-1.525408804293872,-8.104683634278773,1.3969098841687586,0.7658366276085506,0.6430351932928415
1769100017.915656,-1.524351556529617,-8.09865038536125,1.395348267336953,0.7663384813975284,0.6424370256525771
1769100017.9719424,-1.523250134897976,-8.09231653406036,1.3986530407949858,0.7652758812670639,0.643702435563917
1769100018.015678,-1.52166531352492,-8.083266469076442,1.3987287963693278,0.7652514986942329,0.6437314220590994
1769100018.0658605,-1.5205823636274294,-8.077032156795678,1.3974646787890164,0.7656582219126171,0.6432476095700703
1769100018.1156776,-1.519474454758237,-8.070750813531646,1.3949867190637855,0.7664546048738196,0.6422984809788337
1769100018.1658542,-1.517888406125336,-8.061803774531121,1.3894961541696373,0.7682150051848049,0.6401919288845418
1769100018.2156632,-1.5167412857964364,-8.055349507100889,1.3937683404948173,0.7668457439815838,0.641831445893181
1769100018.2709525,-1.5156058054258363,-8.048995949245624,1.3902231949775545,0.7679822316026454,0.6404711484076552
1769100018.315663,-1.513911330095167,-8.039476916888402,1.393793978731346,0.7668375162053654,0.6418412761267274
1769100018.3672092,-1.5127593112990865,-8.033023466645501,1.3925607667892412,0.7672331335666865,0.6413683175504095
1769100018.4156678,-1.5110176287092434,-8.023384314120673,1.3875418434362818,0.768840205305926,0.639440957950882
1769100018.4656923,-1.5098315895803227,-8.016885597613218,1.3885497960876783,0.7685178445753977,0.6398283539897125
1769100018.5156662,-1.508661950962103,-8.01058969681396,1.3834779630410672,0.7701379230124347,0.6378774016518325
1769100018.5656862,-1.506939151961797,-8.00138463230057,1.383257754674897,0.7702081513143455,0.6377926023786559
1769100018.615662,-1.5058073863462236,-7.995416432026756,1.3807340085028432,0.7710123512099074,0.6368201899137388
1769100018.6656804,-1.5046915038735795,-7.989471037940536,1.384608130055315,0.7697773460724026,0.6383124920238743
1769100018.7156749,-1.5029197336188589,-7.980069084036955,1.3868177688997594,0.7690716563721792,0.639162567243227
1769100018.7656882,-1.5017744300116036,-7.9738974007409915,1.3861332199361704,0.7692903803553214,0.6388992962061901
1769100018.815697,-1.500662854931392,-7.967925402966998,1.3862829557661385,0.7692425451411592,0.6389568895823502
1769100018.865665,-1.4989381911272301,-7.958669128888563,1.3847349628603023,0.769736865042635,0.638361307250319
1769100018.915675,-1.4977605811363268,-7.952348986068708,1.3858121139638073,0.7693929476296562,0.638775776104377
1769100018.9656646,-1.496000024006777,-7.943047930679268,1.3830079300696851,0.7702878134478757,0.6376963889294739
1769100019.0156724,-1.4948081157551842,-7.936781991121685,1.3802509727861227,0.7711661321699279,0.636633958090576
1769100019.0656703,-1.4936076963569096,-7.930620750979711,1.3755495636405648,0.7726605384895853,0.6348194170478594
1769100019.1156921,-1.4917311747316386,-7.92111013396273,1.3712784002602716,0.7740144842433574,0.6331678909906041
1769100019.1656933,-1.4904581896641023,-7.91465375208007,1.3751408725222383,0.7727902448853924,0.6346615140450659
1769100019.2156916,-1.4892431479426682,-7.908572810563958,1.370678679784585,0.7742043113166935,0.6329357663607297
1769100019.2656894,-1.4873334736439991,-7.8990688261377,1.3700643681132056,0.7743986847068518,0.6326979351351623
1769100019.3156745,-1.4860465873588604,-7.892744196126235,1.3688409010517324,0.7747855823275369,0.6322240911396683
1769100019.3657088,-1.4848617369709858,-7.886863771987197,1.368981045651288,0.7747412790293842,0.6322783805950619
1769100019.4156816,-1.482965400396646,-7.8775378171955746,1.3728382755071298,0.773520417415756,0.633771381367883
1769100019.4656882,-1.481773174036745,-7.871710485673011,1.3677385524052612,0.7751339303081931,0.6317969532096315
1769100019.515675,-1.4804769081756475,-7.865361956391888,1.3706946156495636,0.7741992681026608,0.6329419351483233
1769100019.5656946,-1.4785757494281608,-7.855985310325089,1.3702350035326962,0.7743447015496637,0.6327640027545517
1769100019.615677,-1.4773342656588502,-7.849780602504361,1.3744554447885742,0.7730077067995559,0.6343966308457918
1769100019.6656885,-1.47603271986545,-7.843355651433197,1.3722022415988955,0.7737219283417585,0.63352535671677
1769100019.7156832,-1.4741053117778267,-7.833881013233903,1.3648556554995452,0.7760438274572597,0.6306789816265378
1769100019.7657003,-1.4728381100437813,-7.827759080496116,1.3625036589820287,0.7767849680471917,0.6297659195414781
1769100019.815685,-1.4708244184022825,-7.818224802603612,1.3582959381863349,0.7781081875345381,0.6281302798717127
1769100019.8656774,-1.469532341512131,-7.812108121910524,1.3608033272714561,0.7773200927412396,0.6291052959725826
1769100019.915673,-1.468167527759936,-7.805773905294096,1.3560104628472567,0.7788254674645128,0.6272406964066372
1769100019.9656863,-1.4661162901144533,-7.796247704508419,1.3547758763517601,0.7792125105004387,0.6267598132296005
1769100020.0156734,-1.4647712514498574,-7.790012890504008,1.3563332570377609,0.7787242224947074,0.6273663884047451
1769100020.065687,-1.4634536146410053,-7.7838239185756875,1.357448149707987,0.7783743784259528,0.6278003878702303
1769100020.1156902,-1.4614685295969991,-7.774516411707961,1.3624435944453368,0.7768038809959741,0.6297425906428694
1769100020.1656818,-1.4602224210669252,-7.768700407506197,1.3579645100283972,0.778212266880988,0.6280013277660756
1769100020.2156904,-1.4588956641957438,-7.7625133968349775,1.360105978391105,0.7775393984227762,0.6288342260885196
1769100020.2656734,-1.456885440543513,-7.7531854109595075,1.3593698294841472,0.7777708035615932,0.6285479911089953
1769100020.315672,-1.4555464749258875,-7.746949242789122,1.360097856592022,0.7775419520489854,0.6288310685739481
1769100020.365687,-1.4541432553517672,-7.740467991027464,1.3598946080882164,0.7776058525207646,0.6287520482077612
1769100020.4156725,-1.4521471368134011,-7.731085212565596,1.3600541890689255,0.7775556816112574,0.6288140917584886
1769100020.4656966,-1.4508058114205313,-7.724694245603648,1.3657583879919002,0.7757590812101652,0.6310291973593299
1769100020.5156562,-1.4494918452210122,-7.718349314979523,1.3686197297983167,0.7748554924872364,0.6321384071248657
1769100020.5657046,-1.4475428054824007,-7.708775716866613,1.3726349503220239,0.7735848442600846,0.6336927400018881
1769100020.6156614,-1.4462645116929882,-7.702346014324812,1.3782939111772978,0.7717887288051918,0.6358790435996976
1769100020.6657095,-1.4450300313885367,-7.696088412628706,1.3812667048823586,0.7708427079587967,0.6370255250668918
1769100020.71564,-1.4432183798349165,-7.686616708191714,1.3838903699029521,0.7700063741315492,0.638036193171504
1769100020.7657065,-1.4421055235878821,-7.680644827427813,1.3916762299945058,0.7675167154594532,0.6410289318668329
1769100020.8156478,-1.4409557125951278,-7.674293845790465,1.3951877583362375,0.7663900373920676,0.6423755214718143
1769100020.865706,-1.4393296086921186,-7.664865133356328,1.4064838587273019,0.7627496634233444,0.6466938618446714
1769100020.9156978,-1.4382991039655475,-7.6586732949104945,1.4127289408825363,0.7607266200547804,0.6490724224152723
1769100020.9657028,-1.4372992229195498,-7.652399488617537,1.419599182819934,0.7584924938473475,0.6516817756982556
1769100021.0157049,-1.4358454747064495,-7.642866338992113,1.4187039613482433,0.7587841176127429,0.6513422010423178
1769100021.0656843,-1.4348867902225926,-7.636611712524108,1.417852951322403,0.7590611982854052,0.6510192756420694
1769100021.1156354,-1.433937794496807,-7.630201706635812,1.422254864002195,0.7576264959154057,0.6526883580139482
1769100021.1656811,-1.4325162604102677,-7.620535570317075,1.4235778493389986,0.7571945816250422,0.6531893795505844
1769100021.215678,-1.4315943986484874,-7.614044907003301,1.4294763841913602,0.7552648611531723,0.6554197048512346
1769100021.2656822,-1.430649540471948,-7.607455646445955,1.4292075866794771,0.7553529419246744,0.6553181922743634
1769100021.3156927,-1.4293074926239813,-7.597829254795828,1.4307433196404638,0.7548495224150319,0.6558980092284151
1769100021.3657053,-1.4284268388814851,-7.591358536614161,1.4366395118534525,0.752912594550372,0.6581205246513949
1769100021.4157083,-1.4276399560698678,-7.585437171707599,1.442153129321123,0.7510954233742859,0.6601936571841646
1769100021.4659252,-1.4264276901977424,-7.5760233553824685,1.4444253081765057,0.7503448997824016,0.6610465425146234
1769100021.515686,-1.4256861491186894,-7.57004507440059,1.44947813891539,0.7486724287741804,0.6629401137307727
1769100021.5656903,-1.424913348076029,-7.5636882546767445,1.4502001297510496,0.7484330616533951,0.6632103378447334
1769100021.6156828,-1.423795032735767,-7.5541351257024605,1.455443431264242,0.7466917857526437,0.6651701865609493
1769100021.665702,-1.4230821808634746,-7.547873105410334,1.4595791033397685,0.745314727443598,0.6667127995289092
1769100021.7156806,-1.4223705720086603,-7.541432699822262,1.4622603203512519,0.7444202571100624,0.667711375374262
1769100021.7656975,-1.4213225345400786,-7.531820991076199,1.4637264717922625,0.7439305741305932,0.6682569123276811
1769100021.815703,-1.4206258525933093,-7.525531877585238,1.460527762753868,0.744998401924886,0.6670662494305689
1769100021.8657007,-1.419923140688001,-7.519166942041055,1.4609221722532761,0.7448668388065965,0.6672131536819906
1769100021.9156904,-1.418833516316357,-7.509534399601384,1.4588267072261976,0.745565490756974,0.6664323664051084
1769100021.9657097,-1.4180937069884858,-7.503122695919683,1.4562309440033399,0.7464298128765501,0.6654641496347331
1769100022.015924,-1.4173256362968276,-7.496612330550555,1.4553130955711149,0.7467351318757262,0.6651215248528212
1769100022.0657055,-1.4161812065051083,-7.48680771667112,1.4534305683698079,0.7473608556695226,0.6644183557164258
1769100022.1157126,-1.4154380566541453,-7.480370951031712,1.4574517174119532,0.7460234833832495,0.6659196364732928
1769100022.1656818,-1.4146960560975383,-7.473908565417708,1.4546104866132816,0.7469687459625277,0.6648591524188929
1769100022.215694,-1.4136440605845948,-7.464449989163043,1.4599470065150304,0.7451920719562729,0.666849890075358
1769100022.2656884,-1.4129687638294062,-7.4582857184745395,1.4633180534607166,0.7440670228047661,0.668104980953182
1769100022.315728,-1.4123044379551357,-7.452018415127075,1.4668017119464345,0.7429021698621963,0.6694000044921127
1769100022.3656783,-1.4113048535229222,-7.442579740056045,1.4694903925589746,0.7420015974210068,0.6703981126350775
1769100022.4157088,-1.410633566156091,-7.436211486593523,1.4662244730208995,0.7430953407868682,0.6691855605890253
1769100022.4657145,-1.4100066427143556,-7.43022025129966,1.4703942199773252,0.7416985595656059,0.670733364861407
1769100022.5157244,-1.4089966543134032,-7.420502726476903,1.4685215185038942,0.7423262760110763,0.6700385809365961
1769100022.5657213,-1.4082976415931454,-7.4137810293690025,1.4688851910239749,0.7422044264298117,0.6701735516923913
1769100022.615694,-1.4076502333565368,-7.407766480632816,1.4652688418129858,0.743415003250282,0.6688304216633565
1769100022.6656995,-1.4066435101508565,-7.398303054624097,1.4608609514465039,0.7448872621214032,0.667190352695001
1769100022.7157016,-1.4059944933362196,-7.39226328974802,1.462468108762849,0.7443508817495017,0.6677887127218753
1769100022.7657084,-1.4049766960040673,-7.383004713665491,1.4591683173784056,0.7454516498507622,0.6665597030535049
1769100022.8157032,-1.4042675079384108,-7.376513204660222,1.460575292188603,0.744982549073631,0.6670839539186615
1769100022.8657045,-1.4035564505577247,-7.370098266101922,1.455797798867839,0.7465739166499041,0.665302477808419
1769100022.915686,-1.4025474285339103,-7.36088970577811,1.4596544202223174,0.7452896195503087,0.6667408664470449
1769100022.965711,-1.4018967119785035,-7.354824598081372,1.4638620592154186,0.7438852688047056,0.6683073446067691
1769100023.0156806,-1.4012386866911408,-7.3485057133945695,1.466973523813409,0.7428446616887592,0.669463821726397
1769100023.0657144,-1.4002710408316923,-7.339063599602706,1.4703066090597243,0.7417279406367475,0.6707008737721828
1769100023.1156929,-1.3996559707611418,-7.333020274486086,1.4698821832615032,0.7418702553109339,0.6705434544344534
1769100023.1657023,-1.3986967430192803,-7.323577369203042,1.4688198212202426,0.7422263305901285,0.6701492924555791
1769100023.2156901,-1.3980700112239661,-7.31758612136985,1.4669926665617579,0.7428382539659989,0.6694709317399421
1769100023.2657073,-1.3973932551723116,-7.311116574505564,1.4662496133530596,0.7430869289545257,0.6691949013680034
1769100023.3156955,-1.3963606796491854,-7.301426804819463,1.467622178350793,0.7426274972505393,0.669704711292522
1769100023.3657274,-1.3956446481453566,-7.294783214084753,1.4639022411765277,0.743871841704708,0.6683222898563581
1769100023.4157457,-1.3949800094609823,-7.288643261453614,1.465707356727703,0.7432683393243948,0.6689934048688045
1769100023.4656982,-1.3939218894470213,-7.278905291466353,1.4648628600941005,0.7435507543951494,0.6686795014342851
1769100023.5157864,-1.393263387037851,-7.272764684931039,1.4665269787403812,0.7429941160574629,0.6692979482293289
1769100023.5656962,-1.3925962370654112,-7.266574081981654,1.4654238056553897,0.7433631787527785,0.6688880208783566
1769100023.6156888,-1.3916084553630377,-7.257134111143694,1.4636646002049467,0.7439512468325606,0.668233897925179
1769100023.6656995,-1.3909627851280835,-7.250864882115994,1.468911836501302,0.7421954978168545,0.670183439828523
1769100023.7157276,-1.3903231712015034,-7.244544161859325,1.4691625393792087,0.7421114835274766,0.6702764698366248
1769100023.7657113,-1.3893580326928845,-7.234898287891264,1.4724107670607043,0.7410218999637673,0.6714808588292658
1769100023.8157294,-1.3887261598784841,-7.22855138409466,1.470351512974728,0.7417128819022856,0.6707175268473355
1769100023.8657098,-1.3880918911266225,-7.222052051746952,1.4722467116407396,0.7410769775078526,0.6714200722407885
1769100023.915701,-1.387140276093413,-7.212455752282136,1.474277673502386,0.7403947812452812,0.6721722754657113
1769100023.9657173,-1.3865025033359897,-7.206007697950686,1.472461993473225,0.7410047009429636,0.671499838555773
1769100024.0157123,-1.3858614469686226,-7.199610824151914,1.47347179777363,0.7406655647942738,0.6718738878152501
1769100024.0657191,-1.3848789064595415,-7.1899412807911505,1.4687519395722017,0.7422490755818121,0.6701241002963149
1769100024.115693,-1.384246592451463,-7.183721606375303,1.47088527386445,0.7415338540981559,0.6709154516228815
1769100024.1657052,-1.3835713825002964,-7.177226408588932,1.4647152695178227,0.7436000977669919,0.6686246290714396
1769100024.2157016,-1.3825826856477643,-7.167583019341571,1.467454201285139,0.7426837421473275,0.669642336736591
1769100024.265715,-1.3819655743070567,-7.161514440835866,1.4701890519296976,0.7417673621903331,0.6706572749096181
1769100024.315699,-1.3810115561951442,-7.151943795675842,1.470064777269251,0.7418090336108645,0.6706111821713946
1769100024.3657136,-1.3804411331228106,-7.145743281623949,1.4713328461327373,0.7413836939560586,0.6710813798162404
1769100024.4156978,-1.3798178247737996,-7.1394972551616105,1.4705881412705641,0.7416335213384515,0.6708052772803212
1769100024.4657173,-1.3789174900129477,-7.130073849490867,1.4718579525905222,0.7412074738216177,0.6712760093664721
1769100024.5156944,-1.3783135954348864,-7.123724132729174,1.4714780940953918,0.741334955399386,0.6711352202820162
1769100024.565722,-1.377696737490841,-7.11727396530906,1.4718500840578888,0.7412101147944741,0.6712730932536791
1769100024.6156924,-1.3767751916555115,-7.1079290245370075,1.4730698813411978,0.7408005684157878,0.671725031418992
1769100024.6657038,-1.3761528670159107,-7.1016320333483405,1.4697507358802555,0.7419143242991585,0.6704946945351045
1769100024.7156975,-1.37554135025199,-7.095512016502445,1.4706222160085962,0.7416220924737673,0.6708179126669404
1769100024.7656953,-1.3745367853250194,-7.0856412027529405,1.4684953300297197,0.7423350495914732,0.6700288606829
1769100024.8158994,-1.3738858223388957,-7.0791944551002395,1.4694716227797497,0.7420078890006139,0.6703911490024705
1769100024.8656957,-1.3732360088860016,-7.0729256665863955,1.4703307340734926,0.7417198502488785,0.6707098208217778
1769100024.9157038,-1.3722513681113913,-7.063307243797328,1.4698155733837244,0.741892587308254,0.6705187461190512
1769100024.965724,-1.3716015135173272,-7.0570130180494015,1.4714550405003939,0.7413426913899148,0.6711266750195207
1769100025.015696,-1.370983350011891,-7.050995420761675,1.4680431647657126,0.7424865125069063,0.6698610144987777
1769100025.0657127,-1.370012005897246,-7.041350217972971,1.4732639268656922,0.740735392311139,0.6717969027746875
1769100025.1157043,-1.3693889387975597,-7.03500243344039,1.473191909348551,0.7407595824033841,0.6717702293772506
1769100025.165719,-1.3685074209710864,-7.02575527829956,1.4758147748303105,0.739877964183004,0.6727411077943828
1769100025.2157176,-1.3679311731922206,-7.01968267693178,1.476269795833836,0.7397248893689117,0.6729094203889194
1769100025.2657266,-1.3673361315393553,-7.013306754171128,1.4771578003230499,0.7394260431717194,0.6732377935613942
1769100025.3157058,-1.3664409208428014,-7.003806716024846,1.4789147308366075,0.7388343419286245,0.6738870937975413
1769100025.3657157,-1.365816099982355,-6.997306530268085,1.4744676522576257,0.7403309286789931,0.6722426020725699
1769100025.415719,-1.3651873273066297,-6.99083214100795,1.4752007208067577,0.7400844789992695,0.6725139135693623
1769100025.4657323,-1.3642034961003013,-6.98093375416651,1.4706723711334913,0.7416052697624761,0.6708365105303415
1769100025.5156994,-1.3635931906906482,-6.9747373269821695,1.4721740243753823,0.7411013788628965,0.6713931383679115
1769100025.5657184,-1.362945425976563,-6.96823937062168,1.4755604189601499,0.7399635160242292,0.6726470062024065
1769100025.615704,-1.3619988809527275,-6.958591697546516,1.4750821749680167,0.7401243395621591,0.6724700454203725
1769100025.665975,-1.3613947915590836,-6.952420069876208,1.4780875992485119,0.7391129753878447,0.6735814795652619
1769100025.715726,-1.360785767104139,-6.946172637185119,1.475435168567757,0.740005639223899,0.6726006645230352
1769100025.7657146,-1.3598982670558786,-6.936824403699429,1.478007832027306,0.7391398396614235,0.673552000535434
1769100025.8157344,-1.3593024852217037,-6.930575696528315,1.4761528691082721,0.7397642286522759,0.6728661724343877
1769100025.8657396,-1.3586966102692137,-6.924175395118189,1.4758975267083931,0.7398501282546215,0.6727717203640624
1769100025.9157264,-1.3577768999057978,-6.914550553857443,1.4769444911700034,0.739497842857796,0.6731589265609321
1769100025.9657385,-1.3571479416104162,-6.908025319004414,1.4776365915630236,0.7392648518059204,0.6734147896240256
1769100026.0157113,-1.3565498915795529,-6.90162428188921,1.4788597551693246,0.7388528653458252,0.6738667845874762
1769100026.065715,-1.3556381753404012,-6.892202052518087,1.475444197282467,0.7400026028566017,0.6726040051660819
1769100026.1157134,-1.3550427052316318,-6.886131280645932,1.4749043117713039,0.740184140471308,0.672404222320734
1769100026.165726,-1.3544001198071638,-6.8797599041579245,1.4750158280916215,0.7401466472984016,0.672445492581321
1769100026.2158196,-1.353426610593574,-6.87006393330437,1.4709234214103513,0.741521057074275,0.6709295953492065
1769100026.2657244,-1.352769384025847,-6.863694070446281,1.4713092186403758,0.7413916218894108,0.671072621250628
1769100026.3157032,-1.3521070380254676,-6.857197552761531,1.4696783706440202,0.7419385840669851,0.6704678496935385
1769100026.3657413,-1.3511435319210288,-6.847577015883074,1.4729827033705591,0.7408298475245513,0.6716927400357623
1769100026.4158027,-1.350543209404291,-6.841506751976796,1.4721745012688394,0.741101218771378,0.6713933150810917
1769100026.465739,-1.3499523118047825,-6.835181231210252,1.4756699355144072,0.7399266819236934,0.6726875243212063
1769100026.5157208,-1.3490715862733944,-6.825756049467045,1.480834026972742,0.73818730737496,0.6745958043380542
1769100026.565735,-1.3485057904511142,-6.819504557824834,1.4825219673775087,0.7376177057849177,0.6752185721028373
1769100026.6157064,-1.3479259608185583,-6.813127301996275,1.4819382537635721,0.7378147415032958,0.6750032645998275
1769100026.665734,-1.3470507634510305,-6.803523754971315,1.4781737854974712,0.7390839479710347,0.6736133296272787
1769100026.715678,-1.3464898801832674,-6.797424301330261,1.479657679331239,0.7385839592564115,0.6741615052263985
1769100026.7657483,-1.3458591599779686,-6.790772094483724,1.4777903843447175,0.7392130664534495,0.6734716344319841
1769100026.8157403,-1.3449641320704797,-6.781246606790744,1.4779377156764062,0.7391634527113986,0.6735260872273352
1769100026.8659465,-1.3443256266186567,-6.774696811740618,1.4771248762761684,0.7394371259278661,0.6732256210213162
1769100026.915719,-1.3433994525552986,-6.764920029375581,1.4737980791923724,0.7405559449557272,0.6719947115794364
1769100026.9657483,-1.3428494668198314,-6.7590483518994935,1.4759463434528461,0.7398337067716593,0.6727897787009747
1769100027.0157228,-1.3422694811081977,-6.75295068667781,1.4757380734030303,0.739903763740479,0.6727127324517306
1769100027.0657146,-1.341388223692508,-6.743525592115218,1.4792128309408736,0.7387338908155926,0.6739972096088055
1769100027.1157174,-1.3408282692007818,-6.737604000682947,1.476222476250975,0.7397408100584044,0.6728919184639801
1769100027.1658812,-1.340240637628382,-6.731252827580057,1.476789190827045,0.7395501115344043,0.6731015023972611
1769100027.2157235,-1.3393462893019037,-6.721625591092378,1.4792155513110516,0.7387329740539548,0.673998214423005
1769100027.2657309,-1.338763632174974,-6.715172286974987,1.4778227160378157,0.7392021791177616,0.6734835843489823
1769100027.3157191,-1.3381792686655947,-6.708744553341976,1.4796630297758995,0.7385821557218557,0.6741634811002866
1769100027.3657331,-1.337297995789936,-6.699166955841889,1.476422286703593,0.7396735809474241,0.6729658190788107
1769100027.415703,-1.3367237230697906,-6.692814538904679,1.479315111617779,0.7386994214041741,0.6740349878286278
1769100027.4657397,-1.3361231181011328,-6.686439160699444,1.4774979692724661,0.7393115251804724,0.6733635487129696
1769100027.515692,-1.3352058263588242,-6.676737809663534,1.4739817026399105,0.7404942448417617,0.672062700464941
1769100027.5657415,-1.3345796030888317,-6.670314031100786,1.4751219384325325,0.740110969546486,0.6724847602414201
1769100027.6156979,-1.3339310680384224,-6.66376524158391,1.4719835201804092,0.7411653271054752,0.6713225438614691
1769100027.6657388,-1.332968554635602,-6.654017418098701,1.473711517252495,0.7405850288450085,0.6719626589704504
1769100027.7156887,-1.332337708500216,-6.647594090950034,1.4717690320003192,0.7412373182184998,0.6712430544000039
1769100027.765731,-1.3317347281070593,-6.64114263317599,1.4759479463806804,0.7398331675546902,0.6727903716507793
1769100027.8157372,-1.3308937503556295,-6.631764515700625,1.4794624272734407,0.7386497714472356,0.6740893969948989
1769100027.8657434,-1.3303512502666,-6.625841295933862,1.4812185732194882,0.7380575870884385,0.6747377254468524
1769100027.9157221,-1.3297976614177798,-6.6195632568157805,1.4831591551281165,0.7374025478521365,0.6754535383142037
1769100027.9657545,-1.3289591536377858,-6.610032635595731,1.482001997929951,0.73779322736835,0.675026779949799
1769100028.0156963,-1.328400964312213,-6.603653383069991,1.4840541806280036,0.737100199952895,0.6757834677094448
1769100028.0657287,-1.3278233351682465,-6.597148842615337,1.480839846747061,0.7381853443741658,0.6745979523769652
1769100028.115723,-1.3269623591055586,-6.587366089186903,1.4815644941775985,0.7379408730891734,0.6748653701475491
1769100028.1657376,-1.3263803096451017,-6.580861923615396,1.482731003176489,0.7375471293293285,0.6752956626678915
1769100028.2157202,-1.32579316836955,-6.5742565702264955,1.4783313843908374,0.7390308653188201,0.6736715669420196
1769100028.2657497,-1.3249418553079704,-6.564650839796955,1.4766292926323525,0.7396039230283364,0.6730423738822799
1769100028.3156981,-1.3243397377351176,-6.558275606893244,1.473599449331777,0.7406226804113383,0.6719211600034075
1769100028.3657436,-1.323770655979718,-6.55192273226806,1.475496488146675,0.7399850170813269,0.6726233526239989
1769100028.4157062,-1.3228787019090549,-6.542396968441556,1.472514238101192,0.7409871595605212,0.6715191950841246
1769100028.4657607,-1.322304669689407,-6.536019062180223,1.4765943741042942,0.739615673740119,0.673029460839531
1769100028.5157745,-1.3217618724497258,-6.529968718453588,1.4807068860841401,0.7382301902383547,0.6745488760798899
1769100028.565751,-1.3209426713483234,-6.520715835232874,1.4820275325452819,0.7377846090336364,0.6750361995279099
1769100028.6156905,-1.3203940798634997,-6.51441194522129,1.4858827024522723,0.7364820495683128,0.6764570870821426
1769100028.665741,-1.3198420517527072,-6.507955977561305,1.4857883428384975,0.7365139638633568,0.6764223392484063
1769100028.7156932,-1.3190444270252402,-6.498548834178856,1.4853417456760019,0.7366649896486561,0.6762578598626011
1769100028.7657452,-1.3184877811114353,-6.492169481804501,1.4834273459490686,0.7373119660030991,0.6755524145383871
1769100028.8157036,-1.3179173800524173,-6.4857151012111505,1.478346185087419,0.7390258798943546,0.6736770360093737
1769100028.8657737,-1.3170404739174968,-6.476137119178418,1.47750280263772,0.7393098978723236,0.673365335392322
1769100028.915695,-1.3164288047444808,-6.469508584357253,1.4755771706123744,0.7399578820239145,0.6726532039845514
1769100028.9657655,-1.3158127117992258,-6.4630329858465405,1.4770509748067724,0.739462001604377,0.6731982978166599
1769100029.0156946,-1.3148730023245818,-6.453232040206835,1.4739898283327504,0.7404915143481136,0.6720657089737859
1769100029.0659823,-1.314270609552558,-6.446806006373154,1.477972562998657,0.7391517173088972,0.6735389660586151
1769100029.1156955,-1.3136894750197488,-6.44053049334984,1.4820546929195866,0.7377754418476808,0.6750462187187328
1769100029.1657472,-1.3128383251387694,-6.431077245976404,1.4827212276499955,0.7375504300058392,0.6752920577040735
1769100029.215697,-1.3123059131662442,-6.42512771050347,1.4849606369957518,0.7367938401436114,0.6761174728746702
1769100029.26576,-1.3117384488540618,-6.4188255643708345,1.4808031462618814,0.7381977232859568,0.6745844063832412
1769100029.3156962,-1.3108843857181938,-6.409194667966077,1.484511709300207,0.7369455855105274,0.6759520722629275
1769100029.3657746,-1.3103243849861315,-6.402866426358838,1.482879318324785,0.737497049013185,0.67535035551693
1769100029.4156997,-1.3097619920771566,-6.396360518116944,1.48419897536945,0.7370512730749865,0.6758368300548155
1769100029.4657826,-1.3089141240270346,-6.386678271702868,1.4830421378591856,0.7374420664541251,0.6754103927419756
1769100029.5156994,-1.3083705130030332,-6.380450209426917,1.4789497668481522,0.7388225366572592,0.6739000365984059
1769100029.5657609,-1.307520862723911,-6.370793531373339,1.4842782578390714,0.7370244814894084,0.6758660471463771
1769100029.615701,-1.3069790724709056,-6.364692356715013,1.479256182313195,0.7387192812900635,0.6740132220144439
1769100029.6657639,-1.3063986644064576,-6.358213470631631,1.4788295787426116,0.738863032707543,0.6738556365411008
1769100029.7157001,-1.3055284126525981,-6.348889017454942,1.4771469797039323,0.7394296855857673,0.6732337930277515
1769100029.765767,-1.304960367899845,-6.342764819690801,1.4790070498228054,0.7388032348548633,0.6739211972983115
1769100029.820532,-1.3041121493406926,-6.333565440115984,1.484552985466327,0.7369316349985725,0.6759672812631767
1769100029.86576,-1.3035322685286754,-6.327137336572263,1.4834453980391917,0.7373058684065299,0.6755590695218981
1769100029.9157014,-1.3029790175838918,-6.32085930967342,1.4878861679255055,0.7358040509543672,0.6771945057360869
1769100029.9657626,-1.3022003187375513,-6.311730035223416,1.4871857540060747,0.7360411640571973,0.6769367805144924
1769100030.0157068,-1.301669711970044,-6.305373846367893,1.48906906809641,0.7354033955324509,0.6776295786337411
1769100030.0657535,-1.3011427051269298,-6.29909358012406,1.4873109727453502,0.7359987800294964,0.6769828622609978
1769100030.1195667,-1.300332044417413,-6.289484346506452,1.4827882939589179,0.7375277849182884,0.6753167897168875
1769100030.1657467,-1.2997738661170557,-6.283028906649424,1.483202861774566,0.7373877867715617,0.6754696528491401
1769100030.215708,-1.2992384987040526,-6.276850945129586,1.4819863871455696,0.7377984961946319,0.6750210211637411
1769100030.2657428,-1.298370961079517,-6.266992573100698,1.4836705605929763,0.7372298084315198,0.6756420720766467
1769100030.31677,-1.2977793160331004,-6.260413008828129,1.4797510744245883,0.738552476762766,0.6741959945502376
1769100030.3657477,-1.2972283696738283,-6.254211021834553,1.4808982522205936,0.7381656439529801,0.6746195091216101
1769100030.4157069,-1.2964000093616914,-6.244984423713723,1.4836726375425364,0.7372291067938701,0.6756428376708455
1769100030.4657648,-1.2958440987607516,-6.2386304030925235,1.4847044566523562,0.7368804381022409,0.6760230912788775
1769100030.5205307,-1.2950442026468671,-6.229426700711648,1.4875447056635358,0.7359196584136467,0.6770688712090829
1769100030.5657585,-1.294492797335895,-6.223123109342988,1.4840762281377573,0.73709275023681,0.6757915932803069
1769100030.6255474,-1.293983259597454,-6.217120746458918,1.48912563347978,0.735384230049876,0.6776503775502166
1769100030.6657727,-1.2931822367912524,-6.20753612611905,1.489409213975304,0.7352881384430124,0.6777546410501439
1769100030.7166486,-1.2926805245706259,-6.201329933155594,1.493202109349718,0.7340014907553644,0.6791478569272693
1769100030.7657757,-1.2921675433178066,-6.194997740579012,1.4928342590788657,0.7341263907011516,0.6790128441171788
1769100030.817609,-1.2914077228407237,-6.185308188659781,1.4909699180646,0.7347590274001846,0.678328218235048
1769100030.8657858,-1.2909173537484289,-6.1790249127239765,1.4944933552111492,0.7335628643795103,0.6796216035437131
1769100030.9226375,-1.2904332846131294,-6.1728427377160715,1.491214013332273,0.7346762335740425,0.6784178887834982
1769100030.965785,-1.2896580027958031,-6.163052839465638,1.4920913594151834,0.7343785592565814,0.678740106155683
1769100031.0189924,-1.289111507119659,-6.156621700861128,1.4874992436827454,0.7359350486695295,0.6770521428514772
1769100031.065772,-1.2882902181489024,-6.146784758405322,1.4847114020694334,0.7368780904666362,0.6760256502457905
1769100031.1156693,-1.2877899200674467,-6.140603868491596,1.4901953442482445,0.7350216799283125,0.6780436048185702
1769100031.1657846,-1.2872749930760006,-6.134170210559785,1.4903695359400329,0.7349626223592504,0.6781076195817402
1769100031.2160366,-1.286555687097109,-6.124959811407221,1.4953778969654483,0.733262215802839,0.679945970556419
1769100031.2657528,-1.2860713404449517,-6.118701503007175,1.4940147494006566,0.7337254787980927,0.6794460403611972
1769100031.3157868,-1.2856339927256937,-6.112794919459003,1.498282679211682,0.7322738952720202,0.6810102365626689
1769100031.3657537,-1.2849437429725672,-6.1034047033132595,1.4997540792982882,0.7317726778834065,0.6815487861505941
1769100031.4157922,-1.2845079585202417,-6.0973204232100775,1.4996501506446949,0.7318080931192422,0.6815107591558467
1769100031.4657593,-1.2840443636475014,-6.0909590180635735,1.498354914608126,0.732249298272194,0.6810366841660437
1769100031.515789,-1.283343526733808,-6.081442666521129,1.4941640458925685,0.7336747572987137,0.6795008097880926
1769100031.565771,-1.2828697794286557,-6.075005849098318,1.4964540362360714,0.7328962513934396,0.6803404182418124
1769100031.6158075,-1.2823802548273313,-6.068443303183323,1.4925919655263227,0.734208645530844,0.678923902089007
1769100031.6657727,-1.2816418832726189,-6.058752103509603,1.4927293929207777,0.7341619924261225,0.6789743506767439
1769100031.7159991,-1.2811663411889527,-6.052620022130907,1.4934683212410798,0.733911085635655,0.6792455508732422
1769100031.7658074,-1.28041766572724,-6.042929597369031,1.490042536542013,0.7350734829268882,0.6779874443510984
1769100031.815771,-1.2799523928867826,-6.036923660217319,1.4922261187993444,0.7343328242902127,0.6787895868160909
1769100031.8657677,-1.2794707974952313,-6.030766659348299,1.490430024580908,0.7349421131189736,0.6781298477166581
1769100031.915761,-1.2787279326069374,-6.021101154954179,1.4959114537644786,0.7330807948138113,0.6801415648783353
1769100031.9657753,-1.2782525826232145,-6.014842137873412,1.4951162047674929,0.7333511778033663,0.6798500202356512
1769100032.0157695,-1.277810153900149,-6.008682127349822,1.50020505731845,0.7316189775199996,0.681713775519162
1769100032.0657694,-1.2771554927725632,-5.9991624062940305,1.5014865223937837,0.7311820311737773,0.6821824076363956
1769100032.116074,-1.2767383086369113,-5.993152926172859,1.5021289329314846,0.7309628728748379,0.6824172319619162
1769100032.165787,-1.2761154358545443,-5.983960888666162,1.5036183910653718,0.7304544542695801,0.6829614119682971
1769100032.2157872,-1.2756769581803196,-5.977521587115655,1.5002369161076003,0.7316081181394599,0.6817254296800421
1769100032.2658126,-1.2752438205061571,-5.9711579966517405,1.5018662390822615,0.7310524999740091,0.6823212163502989
1769100032.3157668,-1.2745727184563014,-5.9617409908815295,1.498916067658517,0.7320581865458283,0.6812421093203452
1769100032.3658242,-1.2740921795795117,-5.955000146600617,1.4995137383738444,0.7318545746321252,0.6814608437687606
1769100032.4157796,-1.2736293697158096,-5.948790907269583,1.4992143181899888,0.7319565879957408,0.6813512701166949
1769100032.4658227,-1.2729114146444596,-5.93886974710964,1.495477529749092,0.7332283424381077,0.6799824981905528
1769100032.5157743,-1.272459630599251,-5.932532855012617,1.4993452682545976,0.7319119749304095,0.6813991935374356
1769100032.565794,-1.2719983813804578,-5.926095132846372,1.4972513028647323,0.7326249868130974,0.6806325210398845
1769100032.6157668,-1.271350023041444,-5.916803354418292,1.5014273016949202,0.7312022305127004,0.682160756781898
1769100032.6657903,-1.270913355705207,-5.910541513582676,1.5010498719888474,0.7313309513586389,0.6820227559142495
1769100032.7157767,-1.2704861957097608,-5.904152125855365,1.5044358664548687,0.730175241186988,0.6832599191797539
1769100032.7657785,-1.269850843817632,-5.894681919970425,1.5059310296210098,0.7296642446630262,0.683805593762098
1769100032.8157802,-1.2694168420999175,-5.888115483702143,1.5045431065050716,0.7301386037233223,0.6832990702122734
1769100032.8660092,-1.2689986994930873,-5.8817001690144,1.5078190562251288,0.7290183980581927,0.6844941017223352
1769100032.915775,-1.2683647366965252,-5.872001594832567,1.5055159417173154,0.7298061486622737,0.6836541416350371
1769100032.9659927,-1.26794180223688,-5.865535876949844,1.505506964307868,0.7298092173764963,0.6836508657438429
1769100033.0157833,-1.267507451303482,-5.859172375230568,1.5034962177392184,0.7304961727403467,0.6829167896689212
1769100033.0660388,-1.2668469263617557,-5.849500902504932,1.4981724655882778,0.7323114224630045,0.6809698822489957
1769100033.1157773,-1.2663942934227583,-5.8430879728469565,1.499573940574281,0.7318340615794171,0.6814828730879258
1769100033.1657841,-1.2659233348309014,-5.836549435491493,1.4960542458461377,0.7330322335305154,0.6801939022111738
1769100033.2159958,-1.2652188786123593,-5.826779608561339,1.5004500173244573,0.7315354757272985,0.6818033791001883
1769100033.2657712,-1.2647635301233437,-5.8204429603935175,1.4997080836738494,0.7317883518208903,0.681531956799727
1769100033.3157973,-1.2643260941414498,-5.81390205730285,1.5058729225410843,0.7296841113282106,0.6837843941442064
1769100033.365782,-1.2637133242323833,-5.804455710351343,1.5115589636133178,0.727737151941323,0.6858561348302804
1769100033.4157863,-1.2633175108414658,-5.798165869861991,1.5101463228670764,0.7282214045322741,0.6853419482134753
1769100033.4657845,-1.2629343409003828,-5.791900533319044,1.514193846987478,0.7268329451899919,0.6868142906102364
1769100033.515782,-1.2623687395872472,-5.782425973476772,1.5100552492873978,0.7282526120495076,0.6853087866378698
1769100033.565784,-1.2619835316644772,-5.775983243728876,1.5094978384022137,0.7284435830515888,0.6851057920576669
1769100033.6157787,-1.2615922153058297,-5.769616966176267,1.5064431108468348,0.7294891387443747,0.6839923950264291
1769100033.6658413,-1.2610065421502332,-5.760118186517173,1.5060817648685183,0.7296127057880151,0.6838605848802015
1769100033.715786,-1.260618995626532,-5.753853106602641,1.5090958252347304,0.7285812791095361,0.684959356262189
1769100033.7657764,-1.2602146825975369,-5.747234038003657,1.5076730465012977,0.7290683675127984,0.6844408780108208
1769100033.8160987,-1.2596110097350086,-5.737432053720835,1.5107330908040644,0.7280203048540964,0.6855555672009006
1769100033.865787,-1.2592112654774401,-5.731040944346539,1.5075339753214343,0.7291159587503908,0.6843901801571224
1769100033.9159117,-1.2588499509410307,-5.725103911192033,1.5077241272891386,0.7290508863853706,0.6844594984808856
1769100033.9658031,-1.2582476006600802,-5.715530091848785,1.5092905482622194,0.7285145869766549,0.6850302887918416
1769100034.0160573,-1.257881129766833,-5.709517303034872,1.5117315053055687,0.7276779798441746,0.6859189147777608
1769100034.0657635,-1.2573100948946532,-5.70004300056682,1.515329740603093,0.7264427540021399,0.6872269822684398
1769100034.1157842,-1.2569206565886313,-5.693499142168423,1.5137018720274877,0.7270018709145873,0.6866354780279633
1769100034.1658354,-1.2565760202449037,-5.687535774756722,1.5170734136352038,0.7258433284159264,0.6878600603277455
1769100034.2157962,-1.2560373519626236,-5.6779328469482415,1.5163014025545036,0.7261087921281768,0.6875798295428395
1769100034.266135,-1.2556826844369855,-5.6717418859805235,1.5163223939655546,0.7261015754527668,0.6875874505290291
1769100034.3157852,-1.2553560769078358,-5.66575215127877,1.516956446799796,0.7258835555818286,0.6878176093528591
1769100034.365793,-1.254807615171278,-5.656149732781373,1.5116022447535866,0.7277223094531313,0.6858718833165571
1769100034.4160292,-1.2544142528530227,-5.6496821226383425,1.5105949591729817,0.7280676515720463,0.6855052842497754
1769100034.4658215,-1.254024348751822,-5.643467865663203,1.5063609501098472,0.7295172367884597,0.683962426766654
1769100034.515796,-1.2533921006785151,-5.633642335266565,1.5064202384465002,0.7294969609706131,0.6839840523978902
1769100034.565784,-1.2529820413992667,-5.627429391627362,1.5040548539651424,0.7303053932176794,0.6831208038386554
1769100034.6160302,-1.2523516889543047,-5.617629143329056,1.506906721808501,0.7293305659606745,0.6841614762287352
1769100034.6657536,-1.2519514568603682,-5.611288783116424,1.5121770641404075,0.7275251531716351,0.6860810094315313
1769100034.7158017,-1.25157036726674,-5.604947257283236,1.5137114531146516,0.7269985815490628,0.6866389607542311
1769100034.7660728,-1.2510286630627174,-5.5955472878951555,1.5163383898379301,0.7260960761489907,0.6875932578211039
1769100034.8158014,-1.250663045878435,-5.589230223725569,1.5128702456387249,0.7272873201483208,0.6863331217065617
1769100034.865779,-1.2503033860418433,-5.582912775365548,1.5139204956386971,0.7269268092073429,0.6867149438126647
1769100034.9160016,-1.2499312819734627,-5.576469288597202,1.514519648222504,0.726721053074588,0.686932683032451
1769100034.9657984,-1.249389043399603,-5.5668158216397385,1.5152116848139807,0.7264833182983924,0.6871841006849305
1769100035.0157988,-1.2490217173650338,-5.560346709945858,1.5149417452646508,0.7265760607642183,0.6870860411362982
1769100035.065783,-1.2486436359106325,-5.553726097379055,1.5108675617397773,0.7279742095592815,0.6856045144371056
1769100035.1158803,-1.2480842145955273,-5.543946859678391,1.5135094623674907,0.7270679251995846,0.6865655337591388
1769100035.1657846,-1.2477115845149895,-5.537478047541153,1.5101575537526248,0.7282175560223018,0.6853460374882938
1769100035.2161293,-1.2473415679417648,-5.531085152781832,1.50944271333253,0.7284624660271535,0.6850857140457961
1769100035.265747,-1.2467572545618089,-5.521459508953707,1.5102106925560637,0.7281993465310805,0.6853653855511724
1769100035.3157876,-1.246372524509447,-5.515042119060756,1.5113333065301713,0.727814531456432,0.6857740209433821
1769100035.3657944,-1.2459832839584992,-5.508650350781178,1.5142523818315965,0.7268128435949792,0.6868355628426503
1769100035.4158034,-1.245419513709561,-5.498972777313192,1.5137043161846344,0.7270010317915391,0.6866363664808598
1769100035.4658036,-1.2450687757610848,-5.492705523021755,1.5190831760620171,0.725151744406904,0.688589099233806
1769100035.515747,-1.244736067947653,-5.486259875486094,1.523688467598012,0.7235642465920378,0.6902570398436344
1769100035.5660372,-1.2442902047528632,-5.476804185238455,1.5277525628106252,0.7221601185152333,0.6917259307168296
1769100035.6157818,-1.2440119736826272,-5.470533347148752,1.5302075590208462,0.7213104824013631,0.6926118595417731
1769100035.6657932,-1.2437550518056362,-5.464185556900936,1.530666347062102,0.7211515824052999,0.6927773056288232
1769100035.715789,-1.2433784714719014,-5.454498823033333,1.5353502643976784,0.7195271503981449,0.6944643114227869
1769100035.7658038,-1.243146701955853,-5.448074108573361,1.5367505556515613,0.7190407479296601,0.6949679149548955
1769100035.815804,-1.2429425037521487,-5.441420383657764,1.5405152860295805,0.7177312914039186,0.6963201801898774
1769100035.8658113,-1.2426517331217646,-5.43160410680753,1.5436660623152232,0.7166334266524648,0.6974500210082055
1769100035.9157844,-1.2424877767523483,-5.425050598269147,1.5461301676237715,0.7157735878121259,0.6983324215519118
1769100035.9658039,-1.2423470702876478,-5.418496490462456,1.554680118861429,0.7127817023089713,0.7013859457199902
1769100036.0159996,-1.2421892563190828,-5.409082285829654,1.5634454454423594,0.7097009282618081,0.7045030819125832
1769100036.065796,-1.24214181250374,-5.402628235149865,1.5723483148360213,0.706557857709442,0.7076552788675033
1769100036.115766,-1.2420631289793727,-5.3964028808216655,1.5726336316216711,0.7064568975553004,0.7077560680746862
1769100036.1657953,-1.2420364030612179,-5.386861097078432,1.576218218594185,0.7051872569626987,0.7090211087248565
1769100036.2157857,-1.2420260907859009,-5.380407127404964,1.579592200671854,0.7039901418136415,0.7102097438286868
1769100036.2658043,-1.2420772524001082,-5.374029080605059,1.5888829305724033,0.7006833743938081,0.7134723602551865
1769100036.3157847,-1.2422281790354126,-5.364285872342495,1.5949893223064215,0.6985017410322906,0.7156083550202994
1769100036.365877,-1.2423421887407027,-5.357934242996365,1.6001741075178597,0.6966442581630942,0.7174167391191762
1769100036.415776,-1.2424870534148065,-5.351760460756997,1.6005478236307298,0.6965101909043564,0.7175469001858882
1769100036.4658074,-1.2427613551515475,-5.342171716263424,1.6063420954061913,0.6944284398957687,0.71956177070765
1769100036.515755,-1.2429369860121255,-5.336099936464306,1.6053406402392019,0.6947886572509695,0.719213961040381
1769100036.5658028,-1.243160085951807,-5.329598926830454,1.6079444623786032,0.6938517160743959,0.7201179043049937
1769100036.6157968,-1.2435042058050283,-5.3198098289979825,1.6105121233520807,0.69292663519846,0.7210080985901202
1769100036.665799,-1.2437603913217736,-5.313208740199544,1.6143894954433438,0.6915275255513342,0.7223501099915808
1769100036.7157898,-1.2440433050870852,-5.306608741926641,1.6193648104635632,0.6897284279915229,0.7240681567506906
1769100036.766079,-1.2444929816061168,-5.297001302662344,1.621770660392151,0.6888569295117017,0.7248973242216517
1769100036.8159943,-1.244809515693658,-5.290656253579735,1.6253894915510625,0.6875441620622347,0.7261425653507303
1769100036.8661253,-1.2451723695548793,-5.284338846597649,1.632187666590672,0.685071972814979,0.7284753887835831
1769100036.9158082,-1.2457545165194415,-5.274941247017957,1.6390052786065905,0.682584766092156,0.730806429295006
1769100036.9658287,-1.2461786766384442,-5.268653226791307,1.6456214754431218,0.6801634559738577,0.7330604839695686
1769100037.0158274,-1.2466488701586589,-5.262393800717739,1.653213445111235,0.6773758757750444,0.7356370864210093
1769100037.0661066,-1.2474148665803,-5.25280655600101,1.6567547638398152,0.6760722518940351,0.7368353345347443
1769100037.1157622,-1.2479475562100997,-5.246323781426137,1.6613630823773238,0.6743726727470385,0.7383911553181117
1769100037.165852,-1.248507869972393,-5.239792573290801,1.6631733126435018,0.6737040675951825,0.7390012376888863
1769100037.2157817,-1.2493763699370102,-5.230239339100554,1.6660602337825485,0.6726366469606766,0.7399729327249058
1769100037.2658403,-1.249964888160588,-5.2237613342455225,1.6658698923268378,0.6727070676769789,0.7399089140545886
1769100037.315798,-1.2505764144908593,-5.2173361516052035,1.6660914306408379,0.6726251044634871,0.7399834247099614
1769100037.3661656,-1.2514791529132905,-5.208040173189935,1.670923543217442,0.6708353014306274,0.741606363480303
1769100037.4159195,-1.2520959519668993,-5.201946094607406,1.6747444510533562,0.6694172732913535,0.7428866092609082
1769100037.4660938,-1.2531023348711412,-5.192660544176833,1.6806754719560377,0.6672112950064204,0.7448685037077721
1769100037.51597,-1.2538286393568547,-5.1861708182881525,1.6864589546181898,0.6650545413055015,0.7467947891415211
1769100037.565834,-1.2545857540283492,-5.179786484482825,1.6919125622189364,0.6630157084685754,0.74860548376559
1769100037.615817,-1.2557238184558528,-5.170465406947367,1.6995887547694213,0.6601376121733528,0.7511446817984296
1769100037.6658242,-1.2564872912166776,-5.164337232180112,1.698224575211454,0.6606498066802775,0.7506942339816604
1769100037.7157733,-1.2573243989345724,-5.157809906913608,1.7042615607665144,0.6583808353112895,0.7526849777262786
1769100037.7661223,-1.2585067495420856,-5.148902845299572,1.705502039983306,0.657913863666773,0.7530931867936789
1769100037.8158343,-1.2593343520408662,-5.142859308268439,1.7081990679285368,0.6568977090847181,0.7539797078166289
1769100037.865825,-1.2602221143199408,-5.136542986017511,1.713058039101112,0.6550639894185738,0.755573404618653
1769100037.9163296,-1.2616122602263364,-5.127000152568797,1.720424148782158,0.6522767344933307,0.7579809111308259
1769100037.9658298,-1.2626002925424031,-5.120493899835613,1.7247921761066796,0.6506197394918474,0.7594036835462155
1769100038.0157704,-1.2640633328196067,-5.111115764688143,1.7295548697115168,0.6488094928970413,0.76095088010113
1769100038.0658262,-1.2650760559330136,-5.104639167614292,1.7273184032585527,0.6496600076271237,0.7602248841559486
1769100038.1158576,-1.266107201352311,-5.098242054619912,1.7344451694411496,0.6469469162730194,0.7625350401947644
1769100038.1659155,-1.2676775793708195,-5.088701789355123,1.7389129834427062,0.64524187108315,0.7639783555841851
1769100038.2157683,-1.2687678648911962,-5.0822633122724605,1.7424344278508732,0.6438957179533884,0.7651132624659506
1769100038.2658288,-1.2698599493929803,-5.07595353224791,1.7465282295413778,0.6423282591656918,0.7664296493985419
1769100038.3161223,-1.2709817176304428,-5.069725934321956,1.7517386173036025,0.6403293838403785,0.7681004362650767
1769100038.366002,-1.2727454773668083,-5.060296338252831,1.7622573810765048,0.6362808128563457,0.7714575342757811
1769100038.4160342,-1.2739182181123612,-5.054155760421109,1.7623667243285976,0.6362386350676246,0.7714923196294866
1769100038.465828,-1.2751302422834012,-5.047919442241449,1.7663290149697877,0.6347089490707509,0.7727512859707856
1769100038.5158262,-1.2769679796587758,-5.038504550798687,1.7647120462272439,0.6353334989024947,0.772237881207801
1769100038.5661404,-1.2781607806087054,-5.032367710028873,1.7646932005630633,0.6353407755421774,0.7722318945326362
1769100038.6159565,-1.2793871932416552,-5.026031123673839,1.7624354683739196,0.6362121169402991,0.7715141879825304
1769100038.6658406,-1.2812281653045248,-5.016487776362996,1.7614372540590715,0.6365971059348402,0.7711965538793504
1769100038.7160797,-1.2824284713540495,-5.010274990689129,1.7633028379857998,0.6358774631397072,0.7717900309481914
1769100038.7660747,-1.2842521527377277,-5.000779859546731,1.7619272736972549,0.6364081361011785,0.7713525032721575
1769100038.815855,-1.2854660040026482,-4.9943376903684555,1.7607907169897632,0.6368463762473922,0.7709907217733329
1769100038.8658593,-1.2866371061710393,-4.988248159471206,1.7607907169897632,0.6368463762473922,0.7709907217733329
1769100038.916155,-1.2883761544973162,-4.979046038554288,1.757651084295233,0.6380559048913801,0.7699900403467841
1769100038.9658425,-1.2895681446894869,-4.972728589738474,1.75825389656073,0.6378237961922744,0.7701823193315177
1769100039.0160663,-1.29072236278967,-4.9665843007007915,1.7569847772537823,0.638312394370183,0.7697774270484969
1769100039.0658379,-1.292510840815708,-4.957159757413311,1.758381382866469,0.6377747010471897,0.7702229746665362
1769100039.1160624,-1.2936919045785051,-4.950917522143142,1.7582462114827064,0.637826755643174,0.7701798684630122
1769100039.166038,-1.2948962934804111,-4.944628193051412,1.7603696453224795,0.6370086833063165,0.7708566257043866
1769100039.215834,-1.2967173479907788,-4.935132553943645,1.7614506987068381,0.6365919216874436,0.7712008332738546
1769100039.265829,-1.2979051853275683,-4.9289173775347646,1.7610354285908285,0.6367520362935668,0.7710686378500919
1769100039.3159945,-1.2991286914995563,-4.922528634135419,1.7607865310836137,0.6368479898933993,0.7709893888820629
1769100039.3658328,-1.300903552037505,-4.913178766934585,1.758780312554988,0.6376210559551979,0.7703501729749779
1769100039.415846,-1.3020980246902907,-4.906784479057765,1.7550214980306003,0.6390677307192262,0.7691504635332275
1769100039.4660397,-1.30329279835001,-4.900364547345478,1.7546990976884766,0.6391917096017371,0.7690474357127839
1769100039.5158455,-1.305083590522275,-4.890682892600048,1.7526136907923135,0.6399932503950636,0.7683805303680992
1769100039.5661435,-1.3062979984909588,-4.884086419233142,1.7535817531340843,0.639621255311003,0.7686902170278849
1769100039.6160266,-1.307443569221819,-4.877889047113452,1.753581563486846,0.6396213282009885,0.768690156376679
1769100039.66583,-1.3091936294913762,-4.8684315445982165,1.7541210552510516,0.6394139539288752,0.7688626636279344
1769100039.715839,-1.3103494060335772,-4.8622103227912525,1.7548422922899056,0.639136646242962,0.7690931981426561
1769100039.7658424,-1.3114558203165143,-4.8562631115095085,1.7548170077975322,0.6391463692574377,0.7690851179583669
1769100039.8158462,-1.3131957619076136,-4.8469067002708375,1.7550836733825679,0.6390438193100254,0.7691703302920984
1769100039.8658419,-1.3143187769140798,-4.840833851604072,1.75449182871458,0.6392714060055399,0.7689811892781905
1769100039.9160082,-1.3155054675228817,-4.834412420963801,1.7525461848197679,0.6400191851679918,0.7683589282470138
1769100039.965845,-1.3172318956395985,-4.8250277721025965,1.7517040132766524,0.6403426734286319,0.7680893571624805
1769100040.0158367,-1.3184090608657013,-4.818630332093045,1.7523279335624309,0.6401030290081103,0.7682890811762473
1769100040.066142,-1.3195159121677036,-4.812605983295934,1.7513509023931952,0.6404782738033437,0.7679762892081299
1769100040.116184,-1.3212713098373576,-4.802995052182639,1.74962736304688,0.6411398545725612,0.7674240593561522
1769100040.1659586,-1.3224348481312453,-4.796569393169247,1.7477925339747697,0.6418436306536951,0.7668355454654427
1769100040.215832,-1.3235090972010832,-4.790564856286943,1.7443512634642377,0.6431621241608626,0.7657300320902186
1769100040.2660275,-1.3252096057797416,-4.7808669619966455,1.7447348953490454,0.6430152331019845,0.7658533867515378
1769100040.315845,-1.3263014683746683,-4.774582779075311,1.7415362167864226,0.6442392696052667,0.764824008186506
1769100040.3658445,-1.3273517977841685,-4.76852264658426,1.7422728697239935,0.643957520985296,0.7650612466766775
1769100040.4161208,-1.3289959551877413,-4.75909755743257,1.7445017343050957,0.6431045123197502,0.7657784184958312
1769100040.4658566,-1.3301178034164591,-4.752792977082135,1.7467553496363326,0.6422412192368097,0.7665025872840979
1769100040.516106,-1.3312215276144617,-4.746562312073667,1.7466028527623163,0.6422996619940574,0.7664536151668407
1769100040.565954,-1.3328857106376686,-4.73721783405508,1.7456868993664272,0.6426506125187713,0.7661593765198257
1769100040.6160564,-1.3339601634477893,-4.731187616231214,1.7460121436655676,0.6425260095368402,0.766263875612484
1769100040.6658456,-1.3355549338163917,-4.722165003790701,1.7449728078726907,0.6429241254966841,0.7659298720211427
1769100040.7158537,-1.3366655756265133,-4.7158327493884045,1.74138559765668,0.6442968663415605,0.7647754886386235
1769100040.7661226,-1.3377683110277692,-4.709447745194058,1.738173865157564,0.6455241622011378,0.7637398483872104
1769100040.8158324,-1.3394127807663332,-4.6997915709019145,1.738876799842864,0.6452556927211044,0.7639666818723233
1769100040.865854,-1.3405474596737328,-4.693206609988279,1.7401262362802252,0.6447783029346318,0.7643696357553302
1769100040.915882,-1.341640491330316,-4.686871296016378,1.7396910799933292,0.6449445977975927,0.7642293279976249
1769100040.9658577,-1.3433122002695987,-4.677194075910843,1.7404133823869652,0.6446685534070211,0.7644622006666508
1769100041.0159857,-1.344412308854227,-4.670834291471589,1.740798632797912,0.6445212867594093,0.7645863658959628
1769100041.0658803,-1.3454808908841973,-4.664597500361989,1.7389187500984435,0.6452396682803841,0.7639802160248783
1769100041.11605,-1.3470614839061377,-4.655443931509621,1.740965054305964,0.6444576627201163,0.7646399943511488
1769100041.166084,-1.3481035931014882,-4.6494080424483535,1.7411451940766869,0.6443887890694668,0.7646980374772686
1769100041.215855,-1.3491944609196456,-4.643098034551362,1.7416148166501368,0.644209211576361,0.7648493261552652
1769100041.2660875,-1.3508244649334753,-4.63374751560219,1.745462628334443,0.642736522155145,0.766087307744952
1769100041.3158355,-1.3519415313027887,-4.62741639419678,1.7457748043575831,0.6426169372814304,0.7661876218779798
1769100041.3658512,-1.3530489391988252,-4.621186365652294,1.7476506764961548,0.6418980197176244,0.766790018376995
1769100041.4158452,-1.3547559108337075,-4.611592436485757,1.7453145790959148,0.6427932297153882,0.7660397273197129
1769100041.4658892,-1.355876838963086,-4.605210595722421,1.7432450099585395,0.6435855715180067,0.765374164793822
1769100041.5159817,-1.3569886028578666,-4.5988271510809495,1.7412157241039754,0.6443618215820593,0.7647207613812053
1769100041.5658474,-1.3586555759663352,-4.589174809624203,1.7408315135982022,0.6445087165665063,0.76459696198049
1769100041.6160364,-1.3597390095694768,-4.582812150931948,1.7382158334532603,0.6455081356291197,0.763753393993518
1769100041.6660895,-1.3608485632542262,-4.5762999255837045,1.7409954407996686,0.6444460452815478,0.7646497856672513
1769100041.7158527,-1.3624739709985718,-4.566743153076515,1.7417995275261562,0.6441385708345332,0.7649088191171841
1769100041.765856,-1.3634965258788392,-4.5608066325240255,1.7428227915436467,0.6437471347087657,0.7652382808996517
1769100041.8158457,-1.3645812776401152,-4.554521259348505,1.7438804965814068,0.6433423465120308,0.7655786211646679
1769100041.865877,-1.3661999756141043,-4.545194491909345,1.7408623382443584,0.644496932274556,0.7646068952662449
1769100041.9162164,-1.367303642316238,-4.53883532897862,1.7433164696611112,0.6435582244021185,0.7653971595220304
1769100041.965859,-1.3683734524824611,-4.53267580560196,1.7436606024378623,0.6434265157509932,0.7655078829303699
1769100042.0160255,-1.369995417456077,-4.52332391307467,1.7405084150885264,0.644632228225182,0.7644928321007575
1769100042.0660129,-1.3710839751021613,-4.516987829707673,1.738587998236453,0.6453660033959016,0.7638734984673845
1769100042.1159897,-1.3721773192770828,-4.510601216823907,1.738167858800801,0.6455264558452286,0.7637379097595576
1769100042.1658604,-1.3737932286412273,-4.501094205658411,1.7384976726454169,0.6454005014003331,0.7638443511555207
1769100042.2158515,-1.374860705726034,-4.494831551456893,1.7397159636619877,0.644935089332986,0.7642373522323109
1769100042.2658615,-1.3759836239198373,-4.488295912288949,1.7407144161830481,0.6445534816257498,0.764559225517634
1769100042.31584,-1.3775624404935802,-4.479013647645564,1.7398725135359225,0.6448752667267256,0.7642878321444969
1769100042.366163,-1.3786449842514423,-4.472599501076914,1.7391085497797014,0.6451671637742409,0.7640414457262785
1769100042.415808,-1.3797236271593798,-4.4662360450018825,1.739750528633469,0.6449218813155284,0.7642484981996626
1769100042.4658766,-1.3813160364898969,-4.456827719466123,1.7421500221819497,0.6440045127173128,0.7650216909341436
1769100042.515858,-1.3823644405633522,-4.450715874084237,1.7434120320388717,0.6435216520812497,0.7654279086253774
1769100042.5660422,-1.3834204473263831,-4.444605341933624,1.7458361375131948,0.6425934406269429,0.7662073283800068
1769100042.6160617,-1.3850702977719742,-4.4352326405901135,1.745943337021979,0.6425523711792837,0.7662417701299505
1769100042.6658654,-1.3861868749065678,-4.429029917172009,1.7521947972082743,0.6401541711934242,0.7682464689822271
1769100042.715819,-1.3873312246095721,-4.422703732051862,1.7503210032179386,0.6408736579405061,0.7676463733764104
1769100042.7660396,-1.389051590745063,-4.413189348077778,1.749037481429619,0.641366171355505,0.7672349276726008
1769100042.8159268,-1.390119328225778,-4.407209363140958,1.7467257003405774,0.6422525822971903,0.7664930661999434
1769100042.8658664,-1.3918387690524616,-4.397591932810091,1.7461478309441014,0.6424740219282234,0.766307465151797
1769100042.916069,-1.3929627130300417,-4.391262029434345,1.7451126599531561,0.6428705654818441,0.7659748272868072
1769100042.9660928,-1.3941172513908415,-4.384783320523946,1.7474188613802148,0.6419868921641219,0.7667156123944863
1769100043.0158536,-1.3958382631409691,-4.375011920012817,1.7473430851009537,0.6420159411315046,0.7666912881551664
1769100043.0658984,-1.3969424287551082,-4.3687813287223305,1.747082631912418,0.6421157792825705,0.7666076741047778
1769100043.1158512,-1.3980788128905788,-4.362376512408433,1.7487771212831074,0.6414660446197431,0.7671514280765576
1769100043.1658633,-1.3991869299893356,-4.356172337595364,1.747784928034574,0.6418465469017031,0.7668331045477627
1769100043.215818,-1.4008736487855136,-4.346780465183968,1.75084057816311,0.6406742114054391,0.767812838418334
1769100043.265878,-1.4019136516872093,-4.340949790737509,1.748458855794933,0.641588115409112,0.7670493401116932
1769100043.3158972,-1.4035986259703082,-4.331557608458161,1.74713232456298,0.6420967317007369,0.7666236280856675
1769100043.3658879,-1.404709772024492,-4.325302547984981,1.7458927886056308,0.642571737128065,0.7662255298828282
1769100043.4158535,-1.405846080661628,-4.318923432570883,1.7451711255427158,0.64284817362223,0.765993619862831
1769100043.46612,-1.4075072526319812,-4.309527017072793,1.7457985541386245,0.6426078388419939,0.7661952528297353
1769100043.5158632,-1.408608430500523,-4.303321604557602,1.746206613204685,0.642451499008178,0.766326347858499
1769100043.5661795,-1.4097519739202728,-4.29686664768562,1.7457069084809897,0.6426429474012405,0.7661658059163475
1769100043.6158655,-1.411425698111198,-4.287343927203639,1.7446584139501877,0.6430445194009897,0.7658287968393133
1769100043.6662488,-1.4125574206366405,-4.28083548175998,1.7427001799109532,0.643794047056516,0.7651988140180253
1769100043.7158806,-1.4136727787955123,-4.274401278601982,1.7426365973352502,0.6438183733869351,0.7651783465894738
1769100043.7661943,-1.415266801233765,-4.265172970125438,1.743128622193511,0.6436301105224469,0.7653367107547259
1769100043.817245,-1.4163831103532005,-4.258713237712201,1.7426243211083015,0.6438230701263262,0.7651743947448265
1769100043.8658772,-1.4174607397215837,-4.252529383896534,1.7456377861110808,0.6426694266155488,0.7661435949570039
1769100043.915864,-1.4190615400208935,-4.243507829533708,1.7487055838043641,0.64149348424888,0.7671284831540489
1769100043.9659142,-1.4201929529849584,-4.237282091293941,1.753933353456598,0.6394861095636187,0.7688026506686794
1769100044.0159085,-1.4212769113401784,-4.2313565270044675,1.7529924573390543,0.6398477204988916,0.7685017206046921
1769100044.0660675,-1.4230186104452864,-4.221923205986908,1.7526937607730948,0.6399624877750315,0.7684061518759416
1769100044.1158485,-1.4240960970959604,-4.216047873351541,1.7509879441801781,0.6406176349063949,0.7678600431373787
1769100044.1659136,-1.4258622104957654,-4.206387435357985,1.7505065074350548,0.6408024543641474,0.7677058124574053
1769100044.2158182,-1.4269173463418319,-4.200585203133212,1.7495350551459832,0.6411752735416831,0.7673944674017058
1769100044.265884,-1.4281220617025974,-4.194012667376849,1.7518256883001844,0.6402959435983381,0.7681283125959582
1769100044.3158312,-1.4298689079130993,-4.184400180566608,1.7519340413912008,0.6402543281202092,0.7681630004910023
1769100044.3662093,-1.4310405136103561,-4.177975986332968,1.750901157622617,0.6406509542681667,0.7678322439148328
1769100044.415948,-1.4322137013407246,-4.171526351369163,1.7520765635183253,0.640199586382201,0.7682086237449166
1769100044.4658759,-1.4339377067476187,-4.162064063723533,1.7519404391974132,0.6402518708379249,0.768165048598631
1769100044.5158226,-1.4351116572581484,-4.155691756723961,1.7549467226867743,0.6390964870177451,0.7691265697410129
1769100044.565932,-1.4362375256699083,-4.149542242090481,1.7542230506121008,0.6393747428849229,0.7688952712566508
1769100044.6158226,-1.4379890716100998,-4.140136491340652,1.754449515135629,0.6392876750355989,0.7689676641755351
1769100044.6660228,-1.4391563582058462,-4.133840177958311,1.7551712258969414,0.6390101472995176,0.7691983045016733
1769100044.71592,-1.440329056591614,-4.127570611936622,1.7553000469471904,0.6389606015072984,0.7692394618851996
1769100044.7660398,-1.4421074391172715,-4.11804113904935,1.7576446281943225,0.638058390454756,0.7699879806661181
1769100044.8158252,-1.443274021778049,-4.111821944256254,1.7586942396482808,0.6376542085039923,0.7703227313127576
1769100044.8662307,-1.444479995241056,-4.1054041250461655,1.7573072935753318,0.6381882531792293,0.7698803501220458
1769100044.9159086,-1.446222427611064,-4.096048167223531,1.7546732032735244,0.6392016665648722,0.7690391599006451
1769100044.965967,-1.4473977303506889,-4.089650351443153,1.751864688274365,0.6402809649844234,0.7681407982125513
1769100045.015926,-1.4485174646709738,-4.083551172611362,1.751343730637154,0.6404810276685217,0.7679739925262277
1769100045.0658884,-1.4502094433235342,-4.074237396771695,1.7497896250145533,0.641077590593607,0.7674760731375901
1769100045.1158488,-1.4514307206700707,-4.067539264230774,1.7513452246245462,0.6404804539966118,0.7679744709613036
1769100045.166001,-1.452510883731071,-4.06166441871677,1.7535053160406624,0.6396506330668278,0.7686657710716709
1769100045.217368,-1.454250807847941,-4.052256518660293,1.7547090987729204,0.6391878639395727,0.7690506320083004
1769100045.2659154,-1.4554276002939404,-4.045987704522157,1.759072108202115,0.6375086567557212,0.7704431923000657
1769100045.3223433,-1.4566128509608267,-4.03969477888285,1.7580789509710926,0.6378911637520293,0.7701265241550129
1769100045.3662086,-1.4583226483472929,-4.030770507243583,1.7606854579764257,0.6368869522267175,0.7709572037949726
1769100045.415906,-1.459448828601379,-4.0248785512293415,1.7600310103290286,0.637139193688877,0.7707487579396335
1769100045.4661453,-1.4612594515793802,-4.015432452460395,1.7594382801440076,0.6373675887317923,0.7705598982780124
1769100045.51583,-1.4624400706466463,-4.009267426211484,1.7595683582039836,0.6373174709154394,0.7706013504179369
1769100045.5658855,-1.463693417029454,-4.002729767935054,1.7604739063362345,0.6369684972941428,0.7708898322424816
1769100045.6193466,-1.4654495622981858,-3.9935567189952574,1.7606468459509235,0.6369018362176326,0.7709449079036763
1769100045.6660922,-1.4666678564068498,-3.987218518629218,1.7594641691119826,0.6373576141781294,0.7705681486080013
1769100045.715832,-1.467834486018775,-3.9811023601730633,1.7585201620887472,0.6377212540391135,0.7702672277507205
1769100045.7660155,-1.4696495619345198,-3.9714767469080106,1.7557693085811237,0.638780096637661,0.769389360557826
1769100045.8158367,-1.4708701585427861,-3.9649844088055883,1.7568230558087699,0.6383746370422464,0.7697258101305816
1769100045.8661973,-1.472014645067866,-3.9588125424088365,1.7531359629156302,0.6397925767105653,0.768547629484377
1769100045.9184055,-1.4737658076514004,-3.94935525742051,1.7531076989130203,0.6398034377627803,0.7685385878581037
1769100045.9658947,-1.4749210538864532,-3.9430824544772842,1.7525595346340483,0.6400140564292377,0.7683632002985259
1769100046.0244129,-1.4760320239148434,-3.937110355350538,1.7551784937493995,0.6390073520854044,0.7692006266123294
1769100046.0658922,-1.4778032355486221,-3.9276052923579137,1.7578645132488855,0.6379737321741352,0.7700581257644158
1769100046.1159635,-1.4789499403510247,-3.9214853746155307,1.7574429224314132,0.6381360427162172,0.7699236267231226
1769100046.1661234,-1.480145404537151,-3.9151170770707115,1.7576031448055607,0.6380743611728747,0.7699747460883557
1769100046.2158785,-1.481825335168733,-3.9061356775553713,1.75476794797091,0.6391652346564157,0.7690694395219517
1769100046.266134,-1.4829979702148786,-3.8997888585581193,1.7519519021007532,0.6402474681265583,0.7681687181586684
1769100046.3224444,-1.4841638326452835,-3.8934150686732227,1.7489563091413798,0.6413973099346042,0.7672088964608357
1769100046.3662355,-1.485883521039233,-3.8838491025774586,1.7476943221688166,0.641881286031707,0.7668040262298327
1769100046.4170651,-1.4870840203740663,-3.8771986587758356,1.7475099366879139,0.6419519770683387,0.7667448461763868
1769100046.4661775,-1.4882186429222743,-3.870844947044422,1.7469350180271235,0.6421723585022032,0.7665602794142923
1769100046.5167873,-1.4899645490285096,-3.8612322948606983,1.7483922963554086,0.6416136422408978,0.7670279878142447
1769100046.5658977,-1.4911092488770612,-3.8548546741668517,1.7486536128496117,0.6415134182321387,0.7671118133806291
1769100046.623452,-1.4922328238118765,-3.8486275555549545,1.7475838541366275,0.641923638718487,0.7667685713788858
1769100046.666144,-1.49395343069448,-3.8391903473259013,1.749462868746719,0.64120297084575,0.767371324834714
1769100046.7174304,-1.4950687201517177,-3.83306460953504,1.7493966768057543,0.6412283673932926,0.7673501031798541
1769100046.7660933,-1.496217136968272,-3.8267905328005716,1.7506442256607664,0.6407495893038019,0.7677499357258255
1769100046.8173835,-1.497912743242232,-3.8175288765735704,1.754149746183059,0.6394029241698796,0.7688718362399595
1769100046.865901,-1.4990883129424204,-3.81118261631463,1.7543119264892615,0.639340574132799,0.7689236829930152
1769100046.9163394,-1.5002534665919682,-3.8049116458623042,1.7558067042148202,0.6387657106246518,0.769401304216586
1769100046.9659226,-1.502035982590971,-3.7953829468361686,1.754830476780388,0.6391411898458099,0.7690894222666714
1769100047.0161889,-1.5032427048388008,-3.7889394903575866,1.7562124510246315,0.6386096064183596,0.769530876956986
1769100047.0659013,-1.5043582306874492,-3.78294249297246,1.753961108192337,0.6394754405448402,0.7688115249786404
1769100047.1161559,-1.5061443059970494,-3.7733114713094356,1.7527456481639558,0.639942552264491,0.7684227546092119
1769100047.1660898,-1.5073060130263345,-3.7669626487000274,1.7502873961225398,0.6408865570324784,0.7676356043169543
1769100047.2161,-1.508493680942523,-3.760464209490437,1.7524643866534686,0.640050609808387,0.7683327514065191
1769100047.265946,-1.5102174638327859,-3.750976134343229,1.7524045135987543,0.6400736107360102,0.7683135901696433
1769100047.3159244,-1.5113093287810044,-3.7450004999205957,1.7534853882798622,0.6396582919288863,0.7686593976311091
1769100047.366174,-1.512465519827471,-3.738702137793246,1.7556152330810584,0.638839366767318,0.7693401480933724
1769100047.4160023,-1.5142037658248648,-3.7293711633925497,1.7544487652594718,0.6392879633508125,0.7689674244821885
1769100047.4661734,-1.5153890603524187,-3.7230267025819432,1.756135384240839,0.6386392585790994,0.7695062685914509
1769100047.516123,-1.5165091119077037,-3.7169275661013246,1.7534482761355166,0.6396725551180182,0.7686475279533435
1769100047.5659146,-1.5182377281412052,-3.707569055903513,1.7516466776319037,0.6403646926147568,0.7680709996168376
1769100047.6162477,-1.5193954458614585,-3.7012967158885344,1.7509148834113069,0.6406456847015151,0.7678366406165618
1769100047.666006,-1.5205562182959578,-3.694973467900502,1.749195572736928,0.6413055227655069,0.7672856224838701
1769100047.7161186,-1.522341909109065,-3.685085070184051,1.7481635345636106,0.6417013713920201,0.7669545944536748
1769100047.7660704,-1.5234808625905532,-3.678809303033015,1.7502478598395723,0.6409017316364889,0.7676229350308327
1769100047.81592,-1.52467685381451,-3.672260911076938,1.7519189641193875,0.6402601190031936,0.7681581738249073
1769100047.8661635,-1.526434522433507,-3.6625989396837126,1.7515316191529202,0.6404088780955361,0.7680341586520854
1769100047.9159884,-1.5275177131695967,-3.6566217269140373,1.7507884921083965,0.6406942073589273,0.7677961530619412
1769100047.9661386,-1.5286615747580545,-3.650243933053189,1.7472951754032775,0.6420343069212106,0.7666759085403694
1769100048.0161138,-1.5302813342424098,-3.6411743501882983,1.750187681391259,0.6409248285249216,0.7676036504474818
1769100048.065926,-1.5313786476812614,-3.6351482545042373,1.752578642860504,0.6400067153710115,0.7683693150302198
1769100048.1162233,-1.5330553097465234,-3.625986078463214,1.7558061683320296,0.6387659167790878,0.7694011330647826
1769100048.1659129,-1.5342154487730832,-3.6196884671584346,1.7551500687982955,0.6390182842659664,0.7691915446582734
1769100048.2161195,-1.535387495060473,-3.613444517652226,1.7611000198777702,0.6367271338036827,0.7710892017647162
1769100048.2660284,-1.5371626015069275,-3.6040947906927707,1.759898261154321,0.6371903504161154,0.7707064663907965
1769100048.3159316,-1.5383870619872237,-3.5976547092406843,1.7596104534507921,0.6373012514472557,0.7706147642653636
1769100048.366117,-1.5395641638260726,-3.5914117376312933,1.7563523845643298,0.6385557632655352,0.7695755565247442
1769100048.416209,-1.5413674758162959,-3.5818096809239726,1.7539291641576893,0.6394877199342686,0.7688013111677623
1769100048.465928,-1.5425438780503118,-3.575489322462043,1.753500971774734,0.6396523027095786,0.7686643816636319
1769100048.516121,-1.5437353692933824,-3.5690430445756927,1.7531433778145098,0.63978972735469,0.7685500014777252
1769100048.5661137,-1.5455391585602596,-3.5592608598196014,1.7527709614447091,0.6399328265627726,0.7684308540704105
1769100048.6162784,-1.5466912021525576,-3.553038948738259,1.753025137392841,0.6398351630746915,0.7685121756310586
1769100048.6664402,-1.5478841699546826,-3.546618684969269,1.7564796048172384,0.6385068091752241,0.7696161735806194
1769100048.715928,-1.549640748313107,-3.537291130435176,1.7574695454617157,0.6381257938096573,0.7699321212125098
1769100048.766211,-1.550843915536983,-3.5309757816265535,1.7610429513802417,0.6367491359955696,0.771071032920376
1769100048.8159194,-1.5519375837346199,-3.525180724335016,1.759209969274701,0.6374555481787996,0.7704871342832833
1769100048.8662188,-1.5537150672312303,-3.5158571381768318,1.75919995222846,0.6374594071734301,0.7704839415627681
1769100048.9162233,-1.554905080071315,-3.509590843184688,1.7588171179440992,0.6376068793282965,0.7703619067900691
1769100048.9659188,-1.5560282592676284,-3.5036725366821093,1.7569631083985389,0.6383207344305367,0.7697705112538802
1769100049.0160627,-1.5578576867297853,-3.4939208587344366,1.7567160324072333,0.6384158254654584,0.7696916485159868
1769100049.066034,-1.5590119335276993,-3.4877508380574067,1.7559057442943153,0.6387276090582991,0.7694329349765765
1769100049.1159263,-1.5602195188664947,-3.4812560463385855,1.7555886856016616,0.6388495787319038,0.7693316682381331
1769100049.1659255,-1.5619894459148493,-3.4717249843019946,1.7546627651779843,0.6392056802082793,0.7690358238661389
1769100049.2159061,-1.5631226924960575,-3.4655767954580554,1.7525460317473682,0.6400192439752624,0.7683588792623753
1769100049.2660825,-1.5642939979929604,-3.4591525197008273,1.7500650700751776,0.6409718857673764,0.7675643566866647
1769100049.315923,-1.5660249395223849,-3.4496143216529402,1.7497247445411666,0.6411024873617466,0.7674552760249821
1769100049.365908,-1.5671268243909942,-3.4435376136811264,1.7488157995393725,0.6414512084600247,0.7671638333271283
1769100049.4159448,-1.568235226034098,-3.4374106460475127,1.7506387774076133,0.6407516807494285,0.7677481902399917
1769100049.4659362,-1.5699065665963259,-3.4282732210609,1.7524776244641003,0.6400455242726343,0.7683369878240724
1769100049.5160635,-1.5710713827953335,-3.422130835483496,1.7559375827546455,0.6387153601973774,0.7694431029309019
1769100049.5659013,-1.572818630523073,-3.4128015354661265,1.7580590793122735,0.6378988155663106,0.7701201861392144
1769100049.6159189,-1.5739648318564974,-3.4067845295573362,1.7589704530307655,0.6375478156995847,0.7704107882790118
1769100049.6659248,-1.5751343062018932,-3.400591642198423,1.7567983775275682,0.6383841347486438,0.7697179330775823
1769100049.7159283,-1.576939186925684,-3.3909898809360177,1.754498153004445,0.639268974372373,0.7689832107431828
1769100049.7660089,-1.5780990521013274,-3.384769421080065,1.7546434724735351,0.6392130985689697,0.7690296578272235
1769100049.8161075,-1.5793114468722063,-3.3782755388220744,1.754447606286531,0.6392884089569237,0.768967054023334
1769100049.866156,-1.5810780606468275,-3.3686923848648043,1.7527228819364504,0.6399512992666563,0.7684154700205602
1769100049.9161987,-1.5822607992986482,-3.3622702308076455,1.7514908100659456,0.6404245493486093,0.7680210912413998
1769100049.965925,-1.5834441794014262,-3.3557967277536824,1.752364908367295,0.6400888252292947,0.7683009148872474
1769100050.015968,-1.5851891571762196,-3.3463125496717687,1.7515856768983946,0.6403881187640782,0.7680514679016016
1769100050.0658786,-1.586363191409868,-3.3399917355279025,1.754953151710973,0.6390940146477788,0.7691286241204294
1769100050.1161432,-1.5874975280065813,-3.33381803215024,1.752718511802832,0.6399529783042679,0.7684140716823822
1769100050.1660345,-1.5892271146464902,-3.3244597004867424,1.7523021322722947,0.640112940379591,0.7682808233703313
1769100050.2161267,-1.5903793222159897,-3.318212076877459,1.7533024041318699,0.6397286154940485,0.7686008707502665
1769100050.2659175,-1.5914820042587705,-3.3122641692739054,1.752481572853468,0.6400440074245902,0.7683382513970466
1769100050.3159554,-1.5932467711937273,-3.30268068864434,1.7551801447833428,0.6390067170970146,0.7692011541234814
1769100050.3661244,-1.594383958796639,-3.2965075095712315,1.754297835696124,0.6393459914892091,0.7689191785660442
1769100050.416108,-1.5955696811251259,-3.2900859040005623,1.7540726499656862,0.6394325622499191,0.7688471878952952
1769100050.4660132,-1.5973158651149237,-3.2806276822170815,1.7538361443912938,0.6395234761017803,0.7687715678370888
1769100050.5160823,-1.5984708984998892,-3.2743033589459314,1.7500795416333454,0.6409663318244794,0.7675689945975355
1769100050.5659075,-1.5996438856439188,-3.2678536954808663,1.7495423320223233,0.6411724814201174,0.7673968002732153
1769100050.615912,-1.6013726299304054,-3.2582379154923324,1.7470716096265924,0.6421200041572691,0.7666041353013097
1769100050.6658998,-1.602552857167403,-3.25163524625769,1.7463655873513249,0.642390583940076,0.7663774120269518
1769100050.7159157,-1.6036719317472112,-3.2454073360187023,1.7480078259118494,0.6417610801801209,0.7669046329016694
1769100050.7659123,-1.6053783199371394,-3.235941857446216,1.7510997697529898,0.6405747007104737,0.767895860654091
1769100050.8159375,-1.6065256032545248,-3.22969331410526,1.754908075503042,0.6391113491863516,0.769114219957739
1769100050.8659632,-1.6076810430979587,-3.2234463065448207,1.7565857612163238,0.6384659584349796,0.7696500632883122
1769100050.9160087,-1.6094500613248428,-3.2140695699529247,1.7580881967660655,0.6378876035292402,0.7701294730522412
1769100050.9659264,-1.610593644568944,-3.2080005818810573,1.7588608563782824,0.6375900319640474,0.7703758505691134
1769100051.0159118,-1.6118098447030178,-3.2015589390712296,1.7574356469300294,0.6381388435022006,0.7699213053381975
1769100051.0659058,-1.6135416330436878,-3.1923297537666375,1.757377433853987,0.638161252975632,0.7699027309995539
1769100051.1159117,-1.6147343720619194,-3.185935190374685,1.7555313567542392,0.6388716309183585,0.7693133556670628
1769100051.1659265,-1.6159245872210808,-3.1795659069577473,1.7561174013196403,0.6386461775385786,0.7695005262606144
1769100051.2159243,-1.6171315584812531,-3.1731225088262076,1.7554414784464514,0.6389062025645204,0.7692846445397075
1769100051.2659025,-1.618949664887911,-3.163394468544596,1.7559602629419289,0.6387066345994697,0.7694503459734224
1769100051.3159878,-1.6201257834161087,-3.157074046102521,1.7537637064731182,0.63955131978827,0.768748404458235
1769100051.3658946,-1.6213155798188952,-3.1505759579923867,1.749793746463078,0.6410760090356811,0.7674773942201055
1769100051.415934,-1.62299920870338,-3.1412092124092172,1.7453683066362657,0.642772650768271,0.7660569948928933
1769100051.466151,-1.6241063567006264,-3.134927740881952,1.7430988136907852,0.6436415172216737,0.7653271178447696
1769100051.5159366,-1.6251596959453043,-3.128739548353991,1.7377140045228694,0.6456997520815312,0.7635914026243676
1769100051.5659318,-1.6267565563684865,-3.1192806611496935,1.7364925355291454,0.6461659832417193,0.7631969091271676
1769100051.615941,-1.6277873711200233,-3.1129090192943067,1.7291270841982027,0.6489722399356723,0.7608120870444134
1769100051.6659293,-1.6287685600157527,-3.106683388101811,1.7194962447793682,0.6526283310396945,0.7576782044670038
1769100051.7159357,-1.6302165643490099,-3.0971751700186654,1.7161546874547629,0.653893332121426,0.7565867499547811
1769100051.7659037,-1.631162217713531,-3.090790695326378,1.7078302540303423,0.6570367370123232,0.7538585584950264
1769100051.815949,-1.6320493575594264,-3.084448982142437,1.7032431072538223,0.6587640372614951,0.7523496150134826
1769100051.8658981,-1.6333211857375478,-3.074787551569242,1.693205439928667,0.6625316422990525,0.7490339264362599
1769100051.9159603,-1.6341436770326767,-3.068284142213385,1.6886256203049914,0.6642451238840826,0.7475148262049521
1769100051.965915,-1.6349010325450293,-3.0617979134405218,1.6861643524210543,0.6651645377829006,0.7466968177755012
1769100052.016017,-1.635971014859945,-3.052060580732039,1.6841878002445405,0.6659021554433366,0.7460390870295727
1769100052.065904,-1.6366898461605053,-3.045748396814286,1.6841878002445405,0.6659021554433366,0.7460390870295727
1769100052.115917,-1.6373688611368515,-3.0392529981620693,1.676481350590343,0.6687718612297096,0.7434676843194666
1769100052.1659002,-1.6383738078445602,-3.029712973405601,1.6755502827430286,0.6691178981766707,0.7431562677792838
1769100052.215922,-1.6390131074802243,-3.023392021566718,1.6697012790820567,0.671288395560157,0.7411962560525183
1769100052.265907,-1.6396352249401054,-3.0171204392054087,1.6645339167845747,0.6732011676630437,0.7394593889167373
1769100052.3159258,-1.6405270930630513,-3.007721841424905,1.660558716536788,0.6746695865099178,0.7381198744367587
1769100052.3658936,-1.641094189897067,-3.0013687667470688,1.6526255216490044,0.6775920956561171,0.7354379320543314
1769100052.4159489,-1.64162300764107,-2.9950887712859458,1.647816939266274,0.679358342445441,0.7338066792758041
1769100052.4659464,-1.6423788608540069,-2.98552600877913,1.64476103078508,0.6804787720067033,0.7327677946309111
1769100052.5160272,-1.6428504885026411,-2.9790127956766113,1.6348243954141668,0.6841109817093026,0.7293779299545156
1769100052.5659018,-1.6432756336067504,-2.9725473489684817,1.6282153180740164,0.6865174996629893,0.7271132804841881
1769100052.6159275,-1.6438441680373694,-2.96289555011583,1.6254915722953591,0.6875070985799151,0.726177656914771
1769100052.6659071,-1.6442170320536813,-2.9564015580108096,1.6223912184043616,0.6886319759348403,0.7251110271676177
1769100052.7159383,-1.6445357127489766,-2.950259337267099,1.61983871050094,0.689556840667346,0.7242315675865478
1769100052.7659109,-1.6449685773212634,-2.9410055530085324,1.6127106865913308,0.692133625734522,0.7217693843102412
1769100052.815956,-1.6452566783285425,-2.934633941973473,1.6114537189685292,0.692587109384679,0.7213342470132516
1769100052.868741,-1.645610523617213,-2.925604849423979,1.6093031615661941,0.693362344194468,0.7205891059772914
1769100052.9159322,-1.645857154947908,-2.9191553255244287,1.607177267826028,0.6941279002852649,0.7198516917015402
1769100052.9659193,-1.6460594161876776,-2.9132359799333813,1.6020960580101877,0.6959545168755228,0.7180858656459947
1769100053.0159307,-1.6463640737854708,-2.9035214557421356,1.5979620084278012,0.697437330340907,0.7166457773872309
1769100053.0659187,-1.6465313119304916,-2.897423884675261,1.594295571932388,0.6987499257865902,0.7153660190512509
1769100053.1159656,-1.6466873822176062,-2.890895612735542,1.589655604528981,0.7004076813542217,0.7137430069009454
1769100053.165931,-1.6468344837698128,-2.8813796395739906,1.5802321292161425,0.7037628640375181,0.7104349591635464
1769100053.2159357,-1.646888755482313,-2.875001512331481,1.572884875006446,0.7063679824662344,0.7078448088010405
1769100053.2658951,-1.6468774353702442,-2.8659145999585705,1.5675343728443114,0.7082591150722558,0.7059525663364821
1769100053.315931,-1.6468351811127113,-2.859561478291674,1.5583391574537302,0.7114973110130234,0.7026888190523861
1769100053.371752,-1.646711645167427,-2.8502478674427203,1.5535690806744085,0.7131712255909628,0.700989873670857
1769100053.4159381,-1.6465973029640288,-2.843769306897188,1.5476878099858622,0.7152294947051199,0.6988896693354817
1769100053.465911,-1.6464747930148997,-2.8373165309908055,1.5471905151798868,0.7154032496948628,0.6987118077763033
1769100053.515926,-1.6462511449318693,-2.8280048494273995,1.545515629393982,0.7159881300041877,0.6981124534722943
1769100053.565926,-1.646086915800311,-2.8216033335197936,1.5410133982895808,0.717557846336331,0.6964989139698398
1769100053.6159263,-1.6458945886554783,-2.8153038668307784,1.5378571925347029,0.7186560993144161,0.6953656670545276
1769100053.665946,-1.645554772552165,-2.8058688480511593,1.5282793840732105,0.721977885499651,0.6919161313695851
1769100053.7159333,-1.645306974836672,-2.799622186566571,1.5261196537506194,0.7227246405269109,0.691136089330638
1769100053.7659385,-1.6450281579421149,-2.7935539490239436,1.51688927613184,0.7259066557565613,0.6877932299232998
1769100053.8159254,-1.6445356284461545,-2.784100751979779,1.5127194564622934,0.7273390638842858,0.6862782862279199
1769100053.8659365,-1.6441662470333858,-2.7776318206851123,1.5071656164857952,0.729241996968064,0.6842558803971144
1769100053.9159222,-1.6437645714340492,-2.770987445450229,1.5026626754054029,0.730780729316502,0.6826122806246907
1769100053.965962,-1.6431176962149638,-2.7616194118345696,1.493931384786012,0.7337537990393551,0.6794154564000687
1769100054.0159497,-1.6426364357108356,-2.7550311366612044,1.4936001447906002,0.7338663137617437,0.6792939227799333
1769100054.0659926,-1.6421460642182213,-2.748747840479842,1.485979889335481,0.7364491773208308,0.6764928744809301
1769100054.1159444,-1.6413903107870134,-2.739591402627898,1.4836389877039442,0.7372404743257397,0.6756304337549918
1769100054.1660917,-1.640837408540885,-2.7332371394781076,1.478547698409554,0.7389579986944231,0.6737514943697958
1769100054.215934,-1.6399770547806432,-2.723861013323248,1.4723164196110732,0.7410535753924886,0.6714459013189441
1769100054.2660918,-1.6393708832070504,-2.717511767697725,1.4712603223288465,0.7414080281558134,0.6710544953922212
1769100054.3159323,-1.638743496909114,-2.711139039923789,1.4668242098493136,0.7428946397670493,0.669408361320193
1769100054.3660944,-1.6377658113764513,-2.701774358226354,1.4636575441189876,0.7439536043858428,0.6682312732290467
1769100054.4159293,-1.6370654023589724,-2.6953835994038737,1.4553883605229088,0.746710101177215,0.6651496258736926
1769100054.4659586,-1.6363308158096956,-2.6888187074667926,1.4538708771588407,0.747214562938369,0.6645828743902616
1769100054.515954,-1.6351887848029862,-2.6792175882921767,1.4521073492560839,0.7478002776012659,0.6639237492509736
1769100054.5659552,-1.6344052690471502,-2.672709057847657,1.4476935212780468,0.7492636779533141,0.6622718028875096
1769100054.6160202,-1.633594100654486,-2.6663567965322863,1.4402564103900986,0.7517211864220894,0.659481051952341
1769100054.6660721,-1.6322950771065619,-2.656698833085549,1.4330240436821975,0.7541010705851118,0.6567583842954638
1769100054.7159271,-1.6313958686210461,-2.6503584355514227,1.4253025974343905,0.7566310065670839,0.6538421215410349
1769100054.7659535,-1.6304671552803107,-2.6440225313139125,1.4236403755799056,0.7571741605167591,0.6532130514967847
1769100054.8159623,-1.6290201532749025,-2.634462423250015,1.4182594532116777,0.7589288623247966,0.6511735420994851
1769100054.865968,-1.628121600989878,-2.628633863128297,1.413803921603428,0.7603776400159055,0.6494812118636243
1769100054.9159226,-1.6271289308624985,-2.6223333357469745,1.4101524770305633,0.7615621444117318,0.6480918917861915
1769100054.9661949,-1.6256206262676025,-2.612988125438106,1.4053305583369078,0.7631224527275093,0.6462539146056682
1769100055.0159113,-1.6245881175884815,-2.606719723400945,1.4022499901068923,0.764116961728488,0.6450777230681776
1769100055.0660014,-1.6235069871179189,-2.600382341658855,1.3933511250777202,0.7669796182823343,0.641671461995533
1769100055.1159377,-1.6218021572119945,-2.5908651674805374,1.3865073825493688,0.7691708407785423,0.6390432048743109
1769100055.166139,-1.620595873256042,-2.584395887709064,1.3806170568053655,0.771049588492776,0.63677510322336
1769100055.215978,-1.619364569885992,-2.5779314715272696,1.3757422884950157,0.7725993621624497,0.6348938695452775
1769100055.265962,-1.6174627269390622,-2.5683226040517675,1.3742435604228085,0.7730749118252943,0.6343147331619481
1769100055.316116,-1.6161768604198479,-2.5619717224284244,1.3657031096858947,0.7757765220263881,0.631007755794365
1769100055.3659613,-1.6149532137354807,-2.5559702506987136,1.3672557982017595,0.7752864090433957,0.6316098352247188
1769100055.4159746,-1.6129902739030084,-2.5465544724981206,1.3612189746814798,0.7771893329622327,0.6292668279273267
1769100055.465978,-1.6116742603463103,-2.540313508290286,1.3592846620579546,0.7777975687637115,0.6285148701703559
1769100055.5159473,-1.6103756976172567,-2.5341982143687027,1.3573783884378028,0.7783962760286806,0.6277732372956674
1769100055.5661023,-1.60838120327269,-2.5248928536626463,1.3581319011801796,0.7781597032225928,0.628066458490283
1769100055.6159756,-1.6070612013109904,-2.51875618429106,1.3556606302566594,0.7789351701684701,0.6271044575464414
1769100055.6660447,-1.6056845704269624,-2.512346961709466,1.3589414000902034,0.7779054299328626,0.6283813667518859
1769100055.715988,-1.6036613199773622,-2.502892350065995,1.3612014377734687,0.7771948506295931,0.6292600131542162
1769100055.7659712,-1.602336198744824,-2.496679102364415,1.3588447793476077,0.7779357863622216,0.6283437851184588
1769100055.81598,-1.6009473460199397,-2.4902983081754098,1.3544317842871403,0.7793203305067025,0.6266257435335099
1769100055.8659678,-1.5988594156873266,-2.480754122697581,1.3547642102986663,0.7792161663938117,0.6267552680516786
1769100055.9159982,-1.597441866097966,-2.4742760122211354,1.354216001947922,0.7793879333551075,0.6265416581045945
1769100055.965976,-1.5960527909701463,-2.46802484301122,1.3496772180195076,0.7808077937612009,0.624771309521945
1769100056.0160944,-1.5939241256463348,-2.4585155980060915,1.3494423823233659,0.7808811476812534,0.6246796244444096
1769100056.065975,-1.5925006833695314,-2.4522721271704935,1.350441779059588,0.7805688988129093,0.6250697514725875
1769100056.1160831,-1.5911065440766077,-2.4460480612003916,1.35209485834184,0.7800519873139292,0.6257147090228818
1769100056.1659732,-1.588981359996087,-2.436615784486587,1.3531368956402683,0.7797258724195677,0.6261210457088502
1769100056.2159855,-1.5876343381236036,-2.430588658279441,1.3547166062968377,0.7792310842025468,0.6267367209702359
1769100056.2659729,-1.5863201631587824,-2.4246579550093297,1.3559102686372266,0.7788568894302204,0.6272016787183223
1769100056.316008,-1.58430560413468,-2.4155122609314232,1.356082939773531,0.7788027367142759,0.6272689194327695
1769100056.3662195,-1.5829108723851026,-2.409210529803736,1.354287727249154,0.7793654634093343,0.6265696086188298
1769100056.4159958,-1.581513318584858,-2.4029353340434474,1.3520631290218563,0.7800619139668746,0.6257023336845855
1769100056.4660678,-1.5793882954163183,-2.393451149031112,1.351020933372947,0.7803878601668063,0.6252957601841493
1769100056.5159655,-1.5779345026653953,-2.386981050482239,1.3495030098142133,0.7808622109433645,0.6247032955897067
1769100056.5660048,-1.5765212799910313,-2.380735315873491,1.3465995399452195,0.7817682913759025,0.6235690327455349
1769100056.61599,-1.574417804993695,-2.371505786328232,1.346637749484594,0.7817563780904789,0.6235839681348906
1769100056.6659904,-1.5730385734267116,-2.3654859410885707,1.345332299562316,0.7821632403493466,0.6230735634306838
1769100056.7161012,-1.5709243898565084,-2.3563107705608273,1.3428762792098399,0.7829277910789517,0.6221125894532542
1769100056.7662227,-1.5694305112776488,-2.3498758042899395,1.3422449043928493,0.7831241451741267,0.6218653980125389
1769100056.8162436,-1.568095267545008,-2.3441315633355977,1.34004453582296,0.783807837625528,0.6210034409540691
1769100056.865989,-1.5659188298399491,-2.3348409747896968,1.3431149682019177,0.7828535397899974,0.622206023145285
1769100056.9160857,-1.5644868748354894,-2.3287813668114548,1.3379568094481473,0.7844556531008612,0.6201849146166822
1769100056.9659967,-1.5629982303673773,-2.3224491839284975,1.3416752963967462,0.7833012231624378,0.6216423359072554
1769100057.0161674,-1.5608822190676364,-2.313482342072886,1.3408270313614061,0.7835648114301536,0.6213100564842226
1769100057.0659788,-1.55951117272306,-2.3076424896467005,1.3418524062856099,0.7832461705886815,0.6217116986660024
1769100057.1159787,-1.5580195710173683,-2.3013109506485816,1.3406094650363463,0.7836323948666108,0.621224814149934
1769100057.1660023,-1.555795606286117,-2.291901491474918,1.3383159282331012,0.7843442804289246,0.6203257609985519
1769100057.2159626,-1.5542619330457246,-2.2854498657485514,1.337247123532459,0.7846756719589681,0.619906517013446
1769100057.265988,-1.5527834971276853,-2.2792972899348483,1.3342005758016258,0.785619048624027,0.6187105223277513
1769100057.3160167,-1.5504555269747091,-2.26965246791458,1.3333723092475689,0.7858752098635112,0.6183851182895511
1769100057.3660142,-1.5489779007681521,-2.2636038612308584,1.331390949024995,0.7864874459536726,0.6176062640204266
1769100057.41603,-1.5467759298695292,-2.2545535683796207,1.3303473965600994,0.7868095911478543,0.6171958095108443
1769100057.4662182,-1.5452424469148818,-2.2482320860762512,1.3323621394101122,0.7861874466048304,0.6179881057115718
1769100057.5161407,-1.5438618706517113,-2.242524608856886,1.3326086546430589,0.7861112688920516,0.6180850046077226
1769100057.5659788,-1.5416232023039118,-2.2332488004302156,1.3338597072986735,0.785724486678004,0.6185766169478015
1769100057.6159742,-1.5401574705363417,-2.227145270548972,1.3355852782772737,0.7851904953689306,0.6192542983155574
1769100057.666004,-1.5386875735164738,-2.2210167193892327,1.3351676932514591,0.785319773914145,0.6190903429221266
1769100057.716829,-1.5364490388447638,-2.2116888133780437,1.3354175136490638,0.7852424370900364,0.6191884325412582
1769100057.7661462,-1.5350498433020476,-2.2058816780710617,1.3341854416649777,0.7856237304263298,0.6187045774770198
1769100057.816002,-1.5335042368102536,-2.199484978447553,1.3335898697703856,0.7858079371191375,0.6184706023414254
1769100057.866106,-1.5313231237894196,-2.190429619643004,1.334772676819425,0.7854420340250698,0.6189352237403855
1769100057.9159772,-1.5298498411122945,-2.1842758462550194,1.336500496105729,0.7849070368799708,0.6196135436353084
1769100057.9661899,-1.527619582476179,-2.1748678783753568,1.3392478527701845,0.7840551468918134,0.6206911684827302
1769100058.0161862,-1.5261359455750774,-2.1685604768167774,1.341764107512802,0.7832736180153494,0.6216771182222686
1769100058.0661361,-1.5246697194384629,-2.162248995851904,1.3452453636917512,0.7821903233317359,0.6230395638209459
1769100058.116025,-1.522513647484118,-2.1527717669069983,1.352390999187924,0.7799593289213377,0.6258302047908655
1769100058.1659882,-1.5211111792880574,-2.1464717854245206,1.3574541103357927,0.7783725073802717,0.6278027076674237
1769100058.2159805,-1.519763525255788,-2.1402893511561727,1.364119469284087,0.7762759234642713,0.6303932825226589
1769100058.2659826,-1.517792693778186,-2.13087534968509,1.3698080398448986,0.7744797675295131,0.6325986798021566
1769100058.3160212,-1.5165878376236548,-2.124869623558185,1.3803843638972682,0.7711236697992401,0.6366853900281932
1769100058.3660836,-1.515386290040524,-2.1187346697635334,1.3849448938552427,0.7696698548901905,0.6384420995464766
1769100058.4161687,-1.5136374766675376,-2.109353983299456,1.3891885833978006,0.7683134482631409,0.6400737810737149
1769100058.4662285,-1.5125399618825304,-2.1033536053849797,1.3948337534897794,0.7665037274099519,0.6422398585159989
1769100058.5160146,-1.511423416463795,-2.097099561677201,1.3956679527930218,0.7662357827213367,0.642559511078484
1769100058.5659986,-1.5097593335406312,-2.0875749658517817,1.4027256295967603,0.7639635279018197,0.6452594269251752
1769100058.6159806,-1.5086514604487995,-2.0811653271662847,1.401356715899696,0.7644050011499147,0.64473637575136
1769100058.6659763,-1.5075662986966956,-2.0746230126908882,1.4085229349218724,0.7620899380850779,0.6474711779449972
1769100058.7159846,-1.5059340151718839,-2.0647338826598185,1.4098870195203919,0.7616481581332665,0.6479908048824479
1769100058.7659817,-1.5049228364302707,-2.0584361693850446,1.4157040383129658,0.7597602518945957,0.6502033217702448
1769100058.8160021,-1.5039084262933151,-2.0519596786875525,1.4209070058398803,0.7580661894979592,0.652177623305219
1769100058.8659744,-1.5024865312587687,-2.0426522109957084,1.4237571685488528,0.7571360138799227,0.6532572666920909
1769100058.9159875,-1.5015417570100569,-2.0363699707843588,1.426436483545492,0.7562601937368667,0.6542709831324303
1769100058.966006,-1.500625251667236,-2.030083464864302,1.433737112438391,0.7538668657185251,0.6570272055034915
1769100059.015984,-1.4993556476956786,-2.0209583652906087,1.435375048135208,0.753328528809456,0.6576443778226806
1769100059.0659902,-1.498514567099589,-2.0145844423696206,1.4446199065073289,0.7502805769538128,0.6611195473179218
1769100059.1159856,-1.4977303113075162,-2.0082543135580444,1.453201465531742,0.7474369608313901,0.6643327401108085
1769100059.165986,-1.4965944939326628,-1.998627072605016,1.4584160165005196,0.7457023238330746,0.6662792539393317
1769100059.2160976,-1.495868479702965,-1.9922393416657707,1.464470345093576,0.7436819734420606,0.66853356114508
1769100059.2659795,-1.4951830221130287,-1.9859490661896406,1.4665930629456503,0.7429720006403752,0.6693224979518008
1769100059.3160033,-1.4941951760997934,-1.9765091102256975,1.4722153935365763,0.7410874912188739,0.6714084675954836
1769100059.365983,-1.4935250439066896,-1.970039111820437,1.4722907710566222,0.7410621861399311,0.671436397787241
1769100059.4160004,-1.4928837295850237,-1.9636423282651216,1.477216675384199,0.7394062243932088,0.6732595601464414
1769100059.4659812,-1.4919319644720568,-1.9537664539813289,1.4802528872702074,0.7383832934118473,0.6743812808866166
1769100059.5159888,-1.4913577881486917,-1.9476429258786823,1.4804981275656455,0.7383005951287183,0.6744718164850037
1769100059.5659866,-1.4907709598065622,-1.9410374688894148,1.4895376861802472,0.735244600609468,0.677801871696017
1769100059.615984,-1.4899581732029787,-1.9313269716832153,1.4935767805628983,0.7338742493006116,0.6792853496237525
1769100059.665988,-1.4894688840562724,-1.9251198682041686,1.4984653118993794,0.7322117048540833,0.6810771022980268
1769100059.7160099,-1.4889956976155763,-1.918810044800177,1.5041435802383638,0.7302750871174944,0.6831532018043507
1769100059.7659876,-1.4883953374045715,-1.9097686996596759,1.5111159549800892,0.7278890541816152,0.6856949210856047
1769100059.8160138,-1.4880044401049242,-1.903351756272995,1.5162710716777563,0.7261192194942093,0.6875688177056318
1769100059.866012,-1.4876462236447217,-1.89703436801754,1.5241650955003825,0.7233997281642092,0.6904294556954739
1769100059.916008,-1.4871647032897037,-1.8873526380163301,1.523345506193746,0.7236826017148705,0.6901329523904767
1769100059.966028,-1.4868748984336242,-1.8811075595721114,1.5273192771524615,0.7223099590296678,0.691569463674156
1769100060.0160158,-1.48657588156244,-1.8746857434281723,1.5250839942724812,0.7230824344332648,0.6907617483720877
1769100060.0659976,-1.4861288519454459,-1.8649007110541722,1.5219656865127462,0.7241585589645879,0.6896335124385498
1769100060.115985,-1.485819229385805,-1.8584539043014083,1.5226408170272108,0.7239257213959437,0.6898779239121676
1769100060.165998,-1.485509364762032,-1.8520071201985706,1.5198508692490096,0.7248873784120565,0.6888673955260881
1769100060.2160017,-1.4850327886262618,-1.8423248386867828,1.521449144050364,0.7243366473067895,0.6894464601173609
1769100060.2660153,-1.484706515776318,-1.8358788665569716,1.5182361346011022,0.7254433111213141,0.6882819206904568
1769100060.3160386,-1.4843960885407603,-1.8294067462441639,1.5226610951051203,0.7239187266595893,0.6898852637877974
1769100060.366001,-1.4839318461195772,-1.8197492143864258,1.5266825626457383,0.7225300885773717,0.691339476017662
1769100060.4160178,-1.483640113698886,-1.8132762652975263,1.5282231083897173,0.7219973542404461,0.6918958161961928
1769100060.466026,-1.483355297919399,-1.8068283528814482,1.5309305009487582,0.7210600762066323,0.6928725470827125
1769100060.516013,-1.4829649939647649,-1.797446248240061,1.5293103479694383,0.7216211193175456,0.6922882059914733
1769100060.5660052,-1.482714521084881,-1.7911995054649492,1.532452735297751,0.720532510207419,0.6934211575472699
1769100060.6160064,-1.4824631956297525,-1.7849528479672676,1.5311023615809227,0.7210005347875693,0.6929345054448068
1769100060.666008,-1.4820820369216434,-1.7753930061602576,1.5298265553033474,0.7214424131586754,0.6924744359871974
1769100060.7160068,-1.4818145509550391,-1.7689443271399823,1.5307230961680667,0.721131924868634,0.6927977677037209
1769100060.7660177,-1.4815562379889604,-1.7623939454024118,1.5317905508675052,0.720762057057163,0.69318255683963
1769100060.8160164,-1.4811591509281712,-1.7525561060078478,1.5333624881569246,0.7202170147343373,0.6937488390528371
1769100060.866018,-1.4808826166402802,-1.745955794452367,1.5287475561909687,0.7218158978000109,0.6920851173686401
1769100060.9160013,-1.4806093763363952,-1.739431358088547,1.5296456234823894,0.7215050555367533,0.6924091672088885
1769100060.9660184,-1.4802092137209562,-1.730201598405654,1.5296410104945766,0.7215066525723591,0.6924075030600326
1769100061.0159996,-1.47994886622055,-1.723777958084481,1.5330370063294738,0.7203299065164708,0.6936316210914641
1769100061.0660138,-1.479689686184256,-1.7175315919050171,1.5335399908161207,0.720155440766043,0.6938127565381501
1769100061.1159956,-1.4793405522815337,-1.7082744670392078,1.5312689357489604,0.7209428197925655,0.6929945530735032
1769100061.1660173,-1.479113459067092,-1.7019001743381232,1.537405278743032,0.718813203634638,0.6952032640030601
1769100061.2160008,-1.478899022095035,-1.6954495088465869,1.5371255849789642,0.7189104186142027,0.6951027334199973
1769100061.2660158,-1.4786008846928091,-1.685810657189958,1.5416649479980393,0.7173309064312355,0.6967326393090408
1769100061.3160045,-1.4784021674072627,-1.67943549959371,1.5394905222164124,0.7180879790349574,0.695952336274181
1769100061.3660817,-1.4782128188358667,-1.6729586943583992,1.5409051223101455,0.7175955523358025,0.69646006580986
1769100061.4160116,-1.4779263362649526,-1.6636994277764523,1.5415780993428432,0.7173611609012782,0.6967014890398688
1769100061.466056,-1.477725198689979,-1.6572989945276146,1.5383993897435393,0.7184675602462078,0.6955604681649624
1769100061.5160186,-1.4775128199041263,-1.650873585852631,1.5384548558870292,0.7184482699415488,0.6955803932098686
1769100061.5660155,-1.4771825988549283,-1.6413624683612678,1.5338410695343196,0.7200509864786163,0.693921160414619
1769100061.6160161,-1.476953183355287,-1.6348110372451767,1.5350508357681338,0.7196311135823988,0.6943565801259153
1769100061.666007,-1.476577686304283,-1.6249722915456712,1.5347399551424121,0.7197390358922636,0.6942447120525116
1769100061.7160249,-1.476330973017306,-1.618826670742771,1.53086585083229,0.7210824729753404,0.6928492384117684
1769100061.7660186,-1.4760696835196825,-1.6127576417217464,1.529251991983604,0.7216413185907359,0.6922671502408764
1769100061.8160262,-1.4756375598222173,-1.603225137533794,1.5220509035449594,0.7241291740466248,0.6896643671341539
1769100061.8660226,-1.4753466246226725,-1.5970815722609242,1.5227450814941172,0.7238897555352446,0.6899156628393964
1769100061.9160266,-1.475029721101117,-1.5907111048901472,1.5161173243758927,0.7261720732739192,0.6875129962386586
1769100061.9660234,-1.4745243212265582,-1.581283815975753,1.514465136548628,0.7267397757298483,0.6869128753867769
1769100062.016029,-1.474178132409659,-1.5753458135678753,1.507124994076833,0.7292558948787446,0.6842410684726556
1769100062.0660276,-1.4735544635547173,-1.5657732487510672,1.500070496571262,0.7316648418215751,0.6816645503781237
1769100062.1160302,-1.4731344613908874,-1.559789374161643,1.4924979346052807,0.7342405646392806,0.6788893821810666
1769100062.1660209,-1.4726328213039548,-1.5531771542758341,1.487502731741015,0.7359338678697475,0.6770534263426138
1769100062.2160301,-1.4718104356621984,-1.5434418004168158,1.4799893373390576,0.7384721535707828,0.6742839745986332
1769100062.266017,-1.4712435351230921,-1.537038099738233,1.4750396157923356,0.7401386492799878,0.6724542957272227
1769100062.3160315,-1.4706327054943018,-1.530612915509288,1.468568842511582,0.7423104213477895,0.6700561456762166
1769100062.366026,-1.4696677193613863,-1.5210689732093363,1.4628792648904279,0.7442135833108817,0.6679417208226907
1769100062.4160342,-1.4690068571690462,-1.5147252612127557,1.4614361252617443,0.7446953561103143,0.6674045449258884
1769100062.4660175,-1.4683283605758988,-1.508408741994468,1.4547135615063511,0.746934479827507,0.664897648397715
1769100062.5160272,-1.4672479669475469,-1.4988009302018466,1.4551239517655468,0.7467980303444787,0.6650509017162575
1769100062.5660203,-1.4665273184380159,-1.492489034777714,1.4546793353436263,0.7469458581656885,0.6648848659498299
1769100062.6160324,-1.4657795562548834,-1.4860782725133357,1.45377454626555,0.7472465720025989,0.6645468836962255
1769100062.6660087,-1.464648674538297,-1.4766287808121767,1.4521220564857198,0.7477953953415266,0.6639292482682247
1769100062.7160318,-1.4638582688935018,-1.470197497425512,1.4475528937357,0.7493102429290889,0.6622191176956083
1769100062.7660236,-1.4630541274359516,-1.4639464089503844,1.4415012821008073,0.7513105561776232,0.6599488223916081
1769100062.8160436,-1.4617600850945873,-1.4542877649759736,1.4318024678940446,0.7545020699674646,0.6562976660135332
1769100062.86614,-1.4608330662983409,-1.447772429374915,1.424217578450158,0.7569856107624549,0.653431545839802
1769100062.9160292,-1.4598761939492813,-1.4412616411079817,1.4194922145405804,0.758527347401593,0.651641207447705
1769100062.9660294,-1.4583455337354454,-1.4315348871969915,1.411998880883879,0.7609635002732058,0.6487946911403875
1769100063.0160272,-1.4572763796032036,-1.4251434708435033,1.4074726100704047,0.7624298605133373,0.6470708676780412
1769100063.0660198,-1.4562392781908085,-1.4188500582375436,1.4045464954020919,0.7633757459498436,0.6459546969374245
1769100063.1160457,-1.4551949991446802,-1.4126348017436439,1.4004478401657356,0.7646979148331113,0.6443889346116145
1769100063.1660273,-1.453590463171467,-1.403331226568463,1.3982824288124904,0.7653951500451316,0.6435606143071456
1769100063.216036,-1.452496923716479,-1.3971500108154145,1.3925261138553957,0.7672442460984612,0.6413550240146279
1769100063.2660162,-1.4513890750259373,-1.390971546503605,1.3907600062602676,0.767810297872021,0.6406772560983246
1769100063.3160417,-1.449634118864852,-1.3815660414482551,1.3845531331130982,0.7697948983989806,0.638291324082431
1769100063.3660178,-1.4484138707311378,-1.375176512386402,1.3792930014940472,0.7714709822227129,0.6362645075660929
1769100063.4160526,-1.4471554458133824,-1.3687943193853183,1.375749268556672,0.7725971463585672,0.6348965659370026
1769100063.4660323,-1.4452295108421276,-1.359241537616178,1.3655141938240154,0.775836122252463,0.6309344747343113
1769100063.5160432,-1.443931069901843,-1.3528936623912213,1.3653759363925804,0.7758797360885937,0.6308808406720672
1769100063.5660355,-1.4425905283427174,-1.346502498854958,1.3580823638471415,0.7781752593525579,0.6280471843194421
1769100063.6161427,-1.4405048005718564,-1.336854180923142,1.3515147217775392,0.7802334544855123,0.6254884143624116
1769100063.6660223,-1.4391407153319968,-1.3307271550018736,1.34386761748962,0.7826193329015104,0.6225005861593985
1769100063.7160392,-1.4376870068179717,-1.3243869493171005,1.337801292399309,0.7845038753930785,0.620123914627747
1769100063.766029,-1.4354989221271062,-1.3151770788577772,1.329629895804727,0.7870309597409553,0.6169135015617918
1769100063.8160443,-1.4339978590583025,-1.3089262409317763,1.3315478232476614,0.7864390002830464,0.6176679519238494
1769100063.866039,-1.4325022369095068,-1.3028558889110573,1.3233896525677724,0.7889519708381741,0.6144548703611689
1769100063.9160402,-1.4301915958308757,-1.2936240315226004,1.320271153488381,0.7899090998505761,0.613223950912921
1769100063.9660702,-1.4285874299768369,-1.2873201681263249,1.3157431746876953,0.7912954067923261,0.6114340350269741
1769100064.0160425,-1.4269953367010202,-1.2811439256998598,1.31093308817809,0.7927636421589594,0.6095291688433468
1769100064.0660346,-1.4245871344681378,-1.2720677563210214,1.3079600700168086,0.7936688365812544,0.6083500454834848
1769100064.1160352,-1.4228818243370192,-1.2657641128852222,1.2996002377456854,0.7962047479864142,0.6050272715207892
1769100064.166025,-1.4211634990419002,-1.2595429469168986,1.2962924165422702,0.7972043195718413,0.6037095931455764
1769100064.2160294,-1.4184660121544272,-1.2500997258586128,1.2894988259276434,0.7992503943869563,0.6009981755981417
1769100064.2660275,-1.4166151053615927,-1.243705480396787,1.285184408251837,0.8005450122822791,0.5992726285339298
1769100064.3160322,-1.4140116694315508,-1.2348678004251064,1.2837434278015558,0.8009765745320601,0.5986956881846464
1769100064.3660402,-1.4121416054098703,-1.2285582598660691,1.281254770003931,0.8017209285884901,0.5976985466463919
1769100064.4160504,-1.410337850097644,-1.2225721987586853,1.2766930411914184,0.8030821113346732,0.5958683767865547
1769100064.466039,-1.4076478181786345,-1.2137340061431965,1.27312063423837,0.8041451718092958,0.5944329589245521
1769100064.5160635,-1.4058926376907688,-1.2080507570267935,1.2683438817742834,0.8055626064521078,0.5925106641116991
1769100064.5660346,-1.4040156514816027,-1.202060834734401,1.2645407329170515,0.8066878524498055,0.5909777565271987
1769100064.6160533,-1.4011901562058406,-1.1932911695613877,1.2548322657573798,0.8095470810444924,0.587054957880727
1769100064.6660423,-1.3992414902877766,-1.1873508112286677,1.2474672951742851,0.8117034084007467,0.5840698389667203
1769100064.716063,-1.3971896450806687,-1.1812314032959343,1.2416706981529864,0.813392805568753,0.5817148303498827
1769100064.7660434,-1.3940440821058286,-1.1720617856779012,1.2310064398261402,0.8164830064797646,0.5773694658793144
1769100064.8160713,-1.39186952838191,-1.1657975051403078,1.2301876734701347,0.8167193034009207,0.5770351630986753
1769100064.8660445,-1.3896734505390307,-1.1595939945085674,1.2215038804382117,0.8192170240823466,0.5734836243988697
1769100064.9160414,-1.3863177315344566,-1.1503378132548887,1.2154070689335197,0.8209614257563489,0.5709836577522187
1769100064.9660783,-1.3840497374002028,-1.1442142134911721,1.2093369145042285,0.8226906213656224,0.5684893503989727
1769100065.016067,-1.3817762179416417,-1.1382007245486956,1.203112745756685,0.8244558214293104,0.5659263189774097
1769100065.066025,-1.3784084970440407,-1.1293542285041582,1.2021775652683286,0.8247203529155741,0.5655407496253573
1769100065.1160426,-1.3761485560908537,-1.123471102459869,1.196532493686791,0.826313324651987,0.5632106972551035
1769100065.1660318,-1.3739066641094517,-1.117662590928816,1.197008502780255,0.8261792545427977,0.5634073476296765
1769100065.2160544,-1.3704069807633454,-1.1087581528501371,1.1912980066008982,0.8277845524232712,0.5610461075254017
1769100065.2660182,-1.3680181910921698,-1.102735122188024,1.1880759643397232,0.8286873349554887,0.5597118016304191
1769100065.3160331,-1.3656328832192977,-1.0967924116040892,1.1809754055253905,0.8306692414817157,0.5567662087952098
1769100065.3660212,-1.362063129794351,-1.088107127418154,1.1764075030034533,0.8319387006963684,0.5548675502168406
1769100065.4160593,-1.3595739507144675,-1.0821521046631097,1.167368379462345,0.8344379535687,0.5511018976959524
1769100065.4660308,-1.3569999372504105,-1.0760957399851596,1.1628043487122255,0.8356934027747663,0.5491962641521992
1769100065.516045,-1.3531211985227931,-1.0672110818010418,1.1536667784943189,0.8381938317268396,0.5453724419651937
1769100065.5660305,-1.3505124410629896,-1.061307662620156,1.1487988689064124,0.8395187594999475,0.5433307026550859
1769100065.6160457,-1.347867481829228,-1.055420263985442,1.1438443077147569,0.8408621647019964,0.5412493140620807
1769100065.666034,-1.3438417808326006,-1.046573862746623,1.1389144609802229,0.8421937469590185,0.5391750110892832
1769100065.716044,-1.341171609392294,-1.0407536496445116,1.1380955647718503,0.8424144405430228,0.5388301312701302
1769100065.766102,-1.3384330842954468,-1.0348254571485231,1.132810487746336,0.8438353769671464,0.5366021399311729
1769100065.8160594,-1.3343924591578238,-1.026153289011988,1.132233283206952,0.8439902064184424,0.5363585847823776
1769100065.8660274,-1.3317458497238297,-1.0205451886527508,1.1263790922491845,0.8455565613609534,0.5338858506642036
1769100065.916045,-1.3290354800197868,-1.014827477781851,1.1232353967414237,0.8463947037302347,0.5325561054925652
1769100065.9660769,-1.3251212701266164,-1.006711296507762,1.1203170425821738,0.8471708960465302,0.5313204992203098
1769100066.0160503,-1.322289950391584,-1.000911006684798,1.1139203656704308,0.8488659029262744,0.5286082470498932
1769100066.0660183,-1.3194890415120428,-0.9952649629097958,1.1064476516855404,0.8508350422195372,0.5254328986000767
1769100066.1160514,-1.3150833633376795,-0.9865443601734737,1.0986199769999099,0.852884979279556,0.5220988528232096
1769100066.1660354,-1.3120677229512014,-0.9806665779593018,1.093280597182307,0.8542757803046671,0.519820056543466
1769100066.2160628,-1.3090014585815035,-0.974758017173016,1.088409288989689,0.855539346946679,0.5177377964047536
1769100066.2660382,-1.3043994630987468,-0.966024901454579,1.0845077004385706,0.8565477183165089,0.5160678310520649
1769100066.316185,-1.3013798671040298,-0.9603490411291782,1.078777521935168,0.8580227811047056,0.513611630617285
1769100066.36603,-1.2983650425983073,-0.9547282120083297,1.076054443456698,0.8587212879809419,0.5124429232298482
1769100066.4160652,-1.2938595659885679,-0.9464314737688645,1.069728851059728,0.8603377427972614,0.5097244042799141
1769100066.4660401,-1.290831159191201,-0.9409043905929352,1.0672414350170074,0.8609710255748422,0.5086540013807072
1769100066.516059,-1.2877722650755112,-0.9353938912388906,1.0589705266196643,0.8630671727600618,0.505089155797225
1769100066.566038,-1.2831001067124175,-0.9270738628297681,1.0545538871337814,0.8641804657595158,0.5031819974916296
1769100066.6160548,-1.279937201402499,-0.9215058767307713,1.0513305525035064,0.8649903050455263,0.5017885731832157
1769100066.6660285,-1.276683918201118,-0.9158146403867579,1.0467982854274926,0.8661252029690718,0.49982710288837295
1769100066.7160494,-1.2718074524086427,-0.9074070404228683,1.0426469793209332,0.8671608040979822,0.49802825204614726
1769100066.7660415,-1.268513027078047,-0.9017979173409965,1.0338791689845261,0.8693357729270783,0.49422192779082497
1769100066.8160698,-1.2652079174372888,-0.8961955942175691,1.0331282398888473,0.869521274458661,0.493895488199463
1769100066.866039,-1.2602245018251057,-0.8878803710222014,1.0257359257677028,0.8713408460888201,0.4906782346275602
1769100066.9160516,-1.2567834189353955,-0.8822116082948078,1.0196009661116057,0.8728418899069547,0.4880031098503939
1769100066.9660738,-1.2534775110233158,-0.8768163167493267,1.0119086569780051,0.8747123647433683,0.48464242381890654
1769100067.016057,-1.2483309651159482,-0.8685715511754313,1.0126699488986157,0.8745278241978782,0.4849753444286884
1769100067.0660615,-1.2449741842128828,-0.8632372641557762,1.0065392794807277,0.8760103249764665,0.4822923496538439
1769100067.1160593,-1.241517579094036,-0.8577568389028869,1.0079286586473277,0.8756750701535178,0.4829007884769207
1769100067.166067,-1.2364608465045275,-0.8498140349458063,1.003570534488272,0.87672526112891,0.48099149316640166
1769100067.2160578,-1.2332859985633122,-0.8448441050218304,0.9997872661518097,0.8776335519457,0.4793321901345395
1769100067.2660968,-1.2300013309131657,-0.8397641065211342,0.9934988741108364,0.8791363257018979,0.47657037343016445
1769100067.316089,-1.2247760978370004,-0.8317795710216143,0.9825501894646748,0.8817320489041697,0.4717505632590754
1769100067.3660648,-1.2214001256572562,-0.826699230865834,0.977786333762099,0.8828532223595097,0.46964900486366423
1769100067.416057,-1.2159887254433763,-0.8187169171265287,0.9677281148145696,0.8852039641502248,0.4652031189198192
1769100067.4660423,-1.212474329290775,-0.8135774196908331,0.9635801583791196,0.8861668807928736,0.4633662259874245
1769100067.516047,-1.20896932887603,-0.808523432291203,0.9558522651573768,0.8879506834316879,0.4599386739481672
1769100067.5660405,-1.2032859649215628,-0.8004220196602689,0.9527907463542641,0.888653698272387,0.4585788967525754
1769100067.6160562,-1.199628695315478,-0.7952276449401168,0.9529339900780117,0.8886208517187543,0.45864254260876824
1769100067.6660295,-1.195850167061469,-0.7899017521164573,0.9473897122709032,0.8898888565113391,0.4561774030538353
1769100067.7160583,-1.1903902794775798,-0.7822931619538885,0.9414224208947503,0.8912459652781881,0.4535202634671914
1769100067.766036,-1.1866578561862988,-0.7771212139793786,0.9401256726443773,0.8915398287266691,0.4529423073571528
1769100067.8160594,-1.1829050276834734,-0.7720262130224808,0.9314017821029239,0.8935070505595105,0.4490491627878224
1769100067.8660388,-1.1772746543838815,-0.7644480515382573,0.9226530027468852,0.8954628115750906,0.4451363308987863
1769100067.916055,-1.1734418592145337,-0.7593815347942742,0.9137204956741947,0.8974419656057355,0.4411325405926362
1769100067.9660645,-1.169541686906094,-0.754302910136163,0.9058957835123255,0.8991609604281132,0.43761806091841426
1769100068.0160758,-1.1636118751366429,-0.7466667519286009,0.9056894260167013,0.8992061085254105,0.4375252842871914
1769100068.0660381,-1.1596008626886665,-0.7415457906715126,0.8974976747538667,0.9009906100458773,0.43383858819745147
1769100068.1160522,-1.1537060229974705,-0.7341391940802448,0.8914525901981869,0.9022977879091745,0.4311133284116955
1769100068.1660388,-1.1498119455188578,-0.7293132579435291,0.8850532790312622,0.9036725809575047,0.4282240843595816
1769100068.2160666,-1.145692558458405,-0.7242466417466001,0.880590381584775,0.9046258903946417,0.42620652086482863
1769100068.2660327,-1.1397753811607902,-0.7170860752251378,0.8780154808479971,0.9051738602638807,0.4250415070260605
1769100068.316073,-1.1356419697569469,-0.712128863261401,0.870353364885,0.9067955723259772,0.4215706228024
1769100068.3660345,-1.1316261359210409,-0.7073377284015891,0.8716683195343536,0.9065182032275335,0.42216672916884884
1769100068.4160535,-1.1255296786421296,-0.7000959796901267,0.867952234623771,0.9073010416863934,0.42048165210242583
1769100068.46604,-1.1214403130788104,-0.6952343118670364,0.8690894227883236,0.9070618116553244,0.42099747010707883
1769100068.5160608,-1.1173528890103699,-0.6904039251953061,0.8638414462104587,0.9081633801177149,0.41861590391809883
1769100068.566102,-1.1110298784802735,-0.6829893353961975,0.8605598544170013,0.9088490205834463,0.417125230337977
1769100068.6160505,-1.1069429845656422,-0.6782582854667193,0.8518084752124808,0.9106655245947523,0.4131444085481063
1769100068.6660798,-1.1025612434357213,-0.6732471261833624,0.8453848022787226,0.9119877774305254,0.41021737386089646
1769100068.7161,-1.0962017704572125,-0.6660989650248053,0.8364780553916115,0.9138055790510295,0.40615189731824786
1769100068.7660384,-1.0919054330352915,-0.661316679221787,0.8331037422091118,0.9144895200042716,0.4046095868888388
1769100068.8161013,-1.0875326064534363,-0.6565348397783901,0.822396491740646,0.9166425325519463,0.3997079777997357
1769100068.8660386,-1.0809294759074826,-0.6494032077036254,0.8167194895208528,0.917773409834461,0.3971044802074467
1769100068.916086,-1.0764716688913842,-0.6446315925688294,0.8136709738384974,0.918377633058089,0.3957050961241492
1769100068.9660676,-1.072030620228707,-0.6399135685806693,0.807975033577906,0.9195008633812081,0.393087982824727
1769100069.016105,-1.0653997624203884,-0.6329468571401428,0.8077152407385932,0.9195519163452377,0.39296853963873624
1769100069.066042,-1.0610863631996443,-0.6284563565352858,0.8000951796953326,0.9210424606002966,0.3894621750200538
1769100069.116111,-1.0567153043942732,-0.6239164626941972,0.7990854481630487,0.9212389693293216,0.3889971225973905
1769100069.1660693,-1.0501061945058248,-0.6171392788422733,0.7961602166820815,0.9218069370633166,0.3876492883805497
1769100069.2161126,-1.0456270395608835,-0.6125628909182492,0.7926927014277433,0.922477641200468,0.38605051675295105
1769100069.2660756,-1.041251282329543,-0.6081332278560474,0.7899149183320741,0.9230129335891961,0.3847689234164659
1769100069.3162966,-1.0346653320558052,-0.6015108072747526,0.7818563895100259,0.9245557725895586,0.3810467469633148
1769100069.3660705,-1.0300429172496606,-0.5968983718987995,0.7799026039810144,0.9249275731796452,0.3801433734421947
1769100069.4161055,-1.0232972343595257,-0.590256984459064,0.7728801762782069,0.9262566335796772,0.37689341828910145
1769100069.4660275,-1.0184877797679759,-0.5855816355460799,0.7650033184604162,0.9277338139994731,0.37324250878214704
1769100069.5160735,-1.013821479841888,-0.5810862525155414,0.7596155831091213,0.9287359124685455,0.37074196537648413
1769100069.566097,-1.0070252229817813,-0.5746430434397203,0.7555001743300889,0.9294968230980631,0.36883011787353803
1769100069.6160755,-1.0027258157548047,-0.5706062685604857,0.7486110238239091,0.9307617694020149,0.3656262143496147
1769100069.666154,-0.9980992929169796,-0.5662896927524393,0.7482774675335347,0.9308227349190474,0.3654709785438849
1769100069.7160745,-0.9911274680518516,-0.5598486960850599,0.7417306553882961,0.9320140807375596,0.36242206514907666
1769100069.7660587,-0.9865116563869255,-0.5555950186206515,0.7417013504721787,0.9320193910116196,0.36240840881294395
1769100069.8160918,-0.9818397709242968,-0.5513272482678477,0.7369773775098486,0.9328727941203322,0.36020598272394694
1769100069.866031,-0.9749987471731242,-0.5451185100153627,0.7317182071130612,0.9338167600748423,0.35775167169885375
1769100069.9160628,-0.9702039464169052,-0.540798110126554,0.7311602381244727,0.9339165309021841,0.3574911373833341
1769100069.9660742,-0.9632706297570685,-0.5346159760935973,0.7199913220911913,0.9358983521709611,0.3522701724581288
1769100070.016085,-0.9585752467330192,-0.5304504906708488,0.7189985937172282,0.9360730911694292,0.35180558265682693
1769100070.0660634,-0.9539900605968671,-0.526427575543533,0.7114004450663053,0.9374028683637302,0.3482468411679439
1769100070.1160696,-0.9465284112737151,-0.5199653873348552,0.7063972570484895,0.9382711065473924,0.3459007525553129
1769100070.1660583,-0.9416846351507886,-0.515815805373814,0.6983407928011061,0.9396568588121349,0.3421183825626906
1769100070.2160852,-0.9366236451162104,-0.5115311656979425,0.693468100107256,0.9404875880606397,0.3398280399023607
1769100070.2676816,-0.9291719518180044,-0.5053307828804068,0.6846384907370408,0.9419786923378469,0.3356726726760461
1769100070.3160825,-0.9241595232046672,-0.5011854904278982,0.68530024915604,0.9418675736668796,0.3359843354605468
1769100070.3660398,-0.9192601433519967,-0.4971810476105973,0.6780515236284649,0.9430791139335089,0.3325684664281746
1769100070.416096,-0.9118631132128594,-0.49119356782046597,0.6734673654959684,0.9438389091944512,0.3304059828311654
1769100070.4660835,-0.9070244297022787,-0.48731548735612085,0.6690661368930665,0.9445637193737232,0.3283281590769793
1769100070.5160925,-0.9021553473980014,-0.4834350285454723,0.6659297981192484,0.9450774319164567,0.3268465200704992
1769100070.5686848,-0.8946082554589181,-0.4775136012580821,0.662521714249832,0.9456330196851467,0.3252355947327275
1769100070.6160865,-0.8894688548508451,-0.4735259089089586,0.6548827551148981,0.9468683497340659,0.321621405182999
1769100070.6660771,-0.8843675155972534,-0.4696133866488782,0.6507432064433362,0.9475320048139669,0.3196609138653402
1769100070.7160966,-0.8764336478602314,-0.4636129528763496,0.6443790883804726,0.9485443858818953,0.3166441978182108
1769100070.7660928,-0.8711099063977343,-0.45961670503486685,0.6394801909278559,0.9493171432969204,0.3143198394033921
1769100070.8161123,-0.8658800033597339,-0.45574840322595456,0.6339999085314405,0.9501748590487343,0.3117173996294043
1769100070.8696945,-0.8580610074513234,-0.4500177998015404,0.6258544441776482,0.9514365166883063,0.3078450173577969
1769100070.9160995,-0.8529230434034213,-0.4462815866116079,0.6237969080970279,0.951752714264786,0.3068660471437212
1769100070.9662201,-0.8479931157676119,-0.4427324984954527,0.61631418009703,0.9528941479514378,0.30330305438604377
1769100071.016108,-0.840304759889064,-0.4372539258346588,0.6146365265975169,0.9531482313943179,0.3025036346721867
1769100071.0660722,-0.8350968092146221,-0.4335716305920962,0.6100396101293678,0.9538410050548995,0.30031206615096084
1769100071.1160953,-0.8302453174947814,-0.4301744467465907,0.6056015947058253,0.9545050509454257,0.2981947479746589
1769100071.1660786,-0.8223832610006985,-0.42472257784407697,0.5984462941092357,0.95556577657247,0.2947779615972883
1769100071.2161028,-0.8173547021880184,-0.42127005017509866,0.5949719260276868,0.9560764180285202,0.2931175240236488
1769100071.2717214,-0.8094525440867755,-0.41592140236237957,0.5867622550864358,0.9572715590824915,0.2891905291875512
1769100071.3161032,-0.8041192658054185,-0.41233208381472286,0.5865071318472387,0.9573084409063217,0.2890684157245608
1769100071.3660755,-0.7987372389511483,-0.40876947362479943,0.5751211089004027,0.9589385885010949,0.28361379283019317
1769100071.4161139,-0.7906105833217464,-0.4034847776861438,0.5689499353040518,0.9598091371377565,0.2806535591559019
1769100071.4660985,-0.7851362404405298,-0.3999715069538762,0.5647541690063018,0.9603958029645017,0.27863937562406743
1769100071.5161576,-0.7796467565379489,-0.39648191728759646,0.558937126441213,0.9612021681466358,0.27584486935632213
1769100071.5667171,-0.7716683618903943,-0.39148224475714555,0.5573299358136362,0.9614235254115774,0.27507236281599434
1769100071.616107,-0.766448556918795,-0.38822920620207924,0.552490227122658,0.9620863449143184,0.27274505482117745
1769100071.6660783,-0.7610489287623825,-0.38488215938926523,0.5518497149715337,0.962173643836022,0.27243692684236465
1769100071.7162142,-0.7529211773226033,-0.37988291864783674,0.5466969222860028,0.962872355196398,0.26995708473485486
1769100071.7660437,-0.7474749569443997,-0.3765631499494259,0.5420389734100506,0.9634984664103678,0.26771384952009714
1769100071.8161137,-0.7421470680918517,-0.3733412112544161,0.5373641729819257,0.9641215882430315,0.2654610387302334
1769100071.8677118,-0.7339390559930756,-0.36847455118008615,0.5303265726271265,0.9650497218167853,0.26206685105397315
1769100071.9160998,-0.7284305581606982,-0.36525884551071186,0.5205560061862793,0.9663184716027494,0.25734920135746736
1769100071.9757779,-0.7228808469278836,-0.36206430619024826,0.5143759460489753,0.9671090737687836,0.25436202435521965
1769100072.0161092,-0.7143470550455181,-0.35725556868015684,0.5077792108857343,0.9679427910070435,0.2511707652922506
1769100072.0668728,-0.7086688769846934,-0.3540823153971514,0.5036184056504759,0.9684632322839332,0.24915651248594034
1769100072.1161056,-0.702879713866989,-0.35090000901813156,0.49765973789636964,0.9692012533790438,0.24627003562855657
1769100072.1687846,-0.6942037303823477,-0.3461916943197919,0.4892114146332104,0.9702328877422995,0.2421737878946407
1769100072.2161064,-0.6884297949899177,-0.3430881212460463,0.48692273858730617,0.9705093810909382,0.24106335518797573
1769100072.276781,-0.6827755481334747,-0.34008241878499734,0.4780230238504877,0.9715724664739849,0.23674235444815878
1769100072.3161087,-0.6742936724583747,-0.335656580517356,0.4757553843565931,0.9718402650718111,0.2356406144643828
1769100072.3678126,-0.668739394167439,-0.3327871901912913,0.4706657802994308,0.9724367763127651,0.23316671304977735
1769100072.416116,-0.6631351087450882,-0.32990471406851807,0.46878206987464555,0.9726559542442971,0.2322507151186318
1769100072.46983,-0.6547607939714144,-0.32565654152420653,0.46940413944830883,0.972583669145142,0.23255323371686934
1769100072.5161152,-0.6490237307445369,-0.32275521514099725,0.4660202665527537,0.9729757421671164,0.2309073518845796
1769100072.5777955,-0.6434115854607685,-0.31994343986891005,0.46354649552009136,0.9732606037826712,0.22970371595729616
1769100072.6161659,-0.6346151113399194,-0.31557665674326935,0.45799534927810576,0.9738944135207633,0.2270014786582864
1769100072.6662567,-0.6287698566244811,-0.31272204918232294,0.4517939725251677,0.9745935916018343,0.22398064918344404
1769100072.7162192,-0.6229318542801487,-0.30991051916195683,0.44431654989940456,0.9754241772296518,0.22033536819098457
1769100072.7661235,-0.6140937792160078,-0.30574537533600565,0.43695368465774703,0.9762287152811844,0.21674292482212226
1769100072.816305,-0.6081897891915107,-0.3030140878953275,0.42621934677507334,0.9773779447567882,0.21150024374216847
1769100072.8661358,-0.6023191842584475,-0.30033258544922276,0.4227312492011732,0.9777453248654427,0.2097953281266528
1769100072.916337,-0.5938706700981571,-0.2965327044642623,0.4183281727371426,0.9782048274754295,0.2076422777368937
1769100072.9661446,-0.5880734778497022,-0.2939345255106843,0.4178608144836245,0.9782533224332335,0.20741368601984783
1769100073.0162117,-0.5821708268268556,-0.29132361657053435,0.41266905754582167,0.9787884465304852,0.2048735632980481
1769100073.0661411,-0.5734552834979671,-0.2875015468512347,0.40761013941042923,0.9793035340478644,0.2023971052198208
1769100073.1161733,-0.5676037776008122,-0.2849635584622415,0.4063398696791382,0.9794318859737493,0.20177507461999514
1769100073.1661243,-0.5617687975685229,-0.2824509453661989,0.40167503545174543,0.9798998450476243,0.19949008415367908
1769100073.2161224,-0.5530014362519042,-0.27874872376435983,0.3961325113341958,0.9804489208805496,0.19677376233676563
1769100073.2661204,-0.5470621690473737,-0.2762872692626408,0.38478359833894266,0.9815497141237247,0.19120710944845726
1769100073.3161275,-0.5412574852645272,-0.2738992932534409,0.38396884835693307,0.9816275256698243,0.19080723478772632
1769100073.3663192,-0.5322877256752869,-0.2702896749280502,0.377311213644132,0.982257248217121,0.18753852490869496
1769100073.416347,-0.5260796653061768,-0.26781822574072706,0.3728420029213852,0.9826738700309046,0.18534310118934808
1769100073.466405,-0.5200718251628631,-0.26545986242604197,0.3660526733432145,0.9832973844839072,0.18200619128784373
1769100073.516411,-0.5108089945228842,-0.2619044458477794,0.3621576511221351,0.9836499786152246,0.18009086476073174
1769100073.5662215,-0.504774713792502,-0.2596144597640269,0.35724880578263524,0.9840890344264965,0.1776760319275667
1769100073.6161115,-0.49875574715431453,-0.2573557882200259,0.3553853439184817,0.9842541535024796,0.17675904874466086
1769100073.6663432,-0.48982287939254765,-0.25407263666427404,0.34830573711363105,0.9848736780297024,0.17327388240657113
1769100073.7161884,-0.48406783131621317,-0.2519758380531413,0.34282038912661167,0.985345206969001,0.17057204666420775
1769100073.7664242,-0.47825353500066087,-0.24989406747348175,0.3372834207333734,0.98581365629225,0.16784348384046838
1769100073.8164463,-0.4692975009742877,-0.2467511733636066,0.3301151058653653,0.986408900509328,0.16430910198762202
1769100073.8661373,-0.4632238090328763,-0.24464446002931117,0.32745801774153044,0.9866263218066877,0.1629984696805657
1769100073.9161263,-0.45704312813571296,-0.24253704359382633,0.3190703414661133,0.9873012324849061,0.15885929728468998
1769100073.9663956,-0.4478223646197148,-0.23946495781161747,0.31569291296028507,0.9875680925462456,0.15719180190000434
1769100074.0161366,-0.4415911755740245,-0.2374287083629859,0.3095882712156065,0.9880432912032858,0.15417669962798816
1769100074.066429,-0.4353763949031013,-0.23542435895376632,0.30460587153058694,0.9884243098412248,0.1517148104665414
1769100074.1161366,-0.4261764543731633,-0.23253368057812182,0.3026461985099754,0.9885724910449235,0.15074624356591662
1769100074.1663723,-0.41998929269039237,-0.23060904256901937,0.2976397173990284,0.9889467474598884,0.1482711390949283
1769100074.2163355,-0.4139157295038648,-0.22874566396789048,0.29451344381772265,0.989177307243689,0.14672509953693802
1769100074.2661479,-0.40475768009643137,-0.22597665702826575,0.28706174968021597,0.9897171154206125,0.14303856628022396
1769100074.316134,-0.398519248331876,-0.2241341335196758,0.2815585869027177,0.9901069505099974,0.1403147410352654
1769100074.3663719,-0.392448090981958,-0.22235154545112304,0.27861757960267186,0.9903122132804515,0.1388586339684126
1769100074.4161713,-0.38321711649908036,-0.21974089396304353,0.26871957325007645,0.9909872946439832,0.13395589518270273
1769100074.46644,-0.37714093698216394,-0.21806763490440326,0.25973226212593914,0.9915792388147746,0.12950140212180009
1769100074.5161552,-0.3709967255809246,-0.21635786921144173,0.2601546066088931,0.9915518696045162,0.12971079324323204
1769100074.5664303,-0.36182989800874477,-0.2138971996017426,0.25378006437515116,0.9919602559360697,0.1265497951134136
1769100074.6163523,-0.3557146094178003,-0.21227266279603205,0.2508204621467872,0.9921464382928218,0.1250817531971311
1769100074.6662078,-0.34941452021673236,-0.2106536083449066,0.24298492695018883,0.9926288641090779,0.12119380403932298
1769100074.7162006,-0.3399322339976106,-0.2083004884990684,0.23354837048229163,0.9931896390695047,0.1165089732380595
1769100074.766131,-0.3335607660021645,-0.20675938561415735,0.2313474477076234,0.9933172512861068,0.11541593606349768
1769100074.816406,-0.32710984328979376,-0.20522348142532545,0.22481631060120502,0.9936888529355123,0.11217158085587321
1769100074.8663347,-0.31768947352665794,-0.20304723508653,0.22304598039979778,0.9937877540050547,0.1112919583329756
1769100074.9162047,-0.31151841236980493,-0.20164812757657555,0.2183542355052789,0.9940460960400982,0.10896035493444292
1769100074.9661837,-0.3053985130913577,-0.2002534891175883,0.2199133348325759,0.9939608540009242,0.10973523004830141
1769100075.0161657,-0.29623248590953466,-0.19821338862746982,0.2178078093817463,0.994075828331438,0.10868876449369237
1769100075.0664058,-0.28995454210324184,-0.19682822693540195,0.21460859362878865,0.9942484158678786,0.10709849459359352
1769100075.1161315,-0.2839428667687494,-0.19552851533691662,0.21034915779281713,0.9944742504737523,0.10498078464494624
1769100075.1663156,-0.2746047409324573,-0.19356486974588227,0.20328649364075085,0.9948387710226563,0.10146831855377783
1769100075.2161343,-0.2682543536295912,-0.19227663013361646,0.19480260806258795,0.9952602419439118,0.0972473691456288
1769100075.2664216,-0.2618229318546316,-0.19100740494386959,0.1916553576035288,0.995412040514942,0.09568108275871179
1769100075.3163886,-0.252297542544189,-0.1892046169622406,0.1829403925279202,0.9958195175880598,0.09134269752248377
1769100075.3661747,-0.24591622799979487,-0.18807622840830224,0.1748874531029475,0.9961792328689805,0.08733233078631071
1769100075.4164004,-0.23953553026466196,-0.18694880662803268,0.16863377663970558,0.996447436618109,0.08421701762232855
1769100075.466304,-0.22990052785764398,-0.18532917215354866,0.15964301414424364,0.9968159546313364,0.07973677064201544
1769100075.5162778,-0.22355638915365622,-0.18428991154262817,0.15713205358044086,0.9969152769424503,0.07848522535329581
1769100075.566151,-0.21718057229796772,-0.183286403383604,0.14967106127436347,0.997201128266299,0.07476569925052662
1769100075.6163146,-0.21095238303371108,-0.18232408037582695,0.14819453020705708,0.9972560534448973,0.07402947971928556
1769100075.6661515,-0.20146436178210175,-0.18091029031041822,0.14810286807920578,0.9972594452473521,0.07398377433561693
1769100075.7164598,-0.19508104559027042,-0.1799562769183839,0.14773401145055384,0.9972730729897697,0.07379985019999219
1769100075.7661552,-0.18889457593681344,-0.1790543224258324,0.14549782550953483,0.9973549647049395,0.0726847602899609
1769100075.8161561,-0.17942260561100218,-0.1777042988551167,0.14281096961521406,0.9974517114015623,0.07134482056950232
1769100075.8663487,-0.17305913866092618,-0.17678929701635462,0.1414221806448797,0.9975010123700604,0.07065217845689248
1769100075.9161322,-0.1666649047091792,-0.17590980017585667,0.13442686019018105,0.9977420276592969,0.06716283378711017
1769100075.9663825,-0.15700338076619547,-0.17463781297316486,0.12795812924974848,0.9979540376860484,0.06393542575218472
1769100076.016133,-0.15057307420109367,-0.17383827133717575,0.11776357117883221,0.9982669684607486,0.05884776699405668
1769100076.0662775,-0.14398591354537355,-0.1730720690068044,0.10885324429986,0.9985192369882285,0.05439975518737109
1769100076.1164014,-0.13427215452287888,-0.1720242602913902,0.09815108180620707,0.9987960373078213,0.04905584428172871
1769100076.1664207,-0.12782760391700768,-0.17135602426544774,0.09758252352043592,0.998809942502333,0.04877190542193474
1769100076.2161417,-0.12147857333998699,-0.17074442999248476,0.09351206868527782,0.9989071357430211,0.04673900043511271
1769100076.2663057,-0.11195293463982377,-0.16985106227267036,0.08977515299950532,0.9989927218849596,0.044872504062953664
1769100076.3161597,-0.10560112110225543,-0.16927125911619628,0.08550290919631139,0.9990862957413623,0.04273843307613365
1769100076.3662696,-0.09934889269977318,-0.16871545114209496,0.08165742089609017,0.9991666239799043,0.0408173679283765
1769100076.4161417,-0.08999056216427329,-0.16794240271064262,0.08036323708498677,0.9991928273769726,0.04017080679313751
1769100076.4663167,-0.08353064071518083,-0.1674370178601469,0.07262317047023928,0.999340806824197,0.03630360610136411
1769100076.5163486,-0.07727091781107423,-0.16697214202961905,0.0694097347446079,0.9993978465315076,0.03469790120720778
1769100076.5663614,-0.06764919725016326,-0.16632348148472179,0.0631815832512686,0.9995010524391991,0.031585537401372064
1769100076.616281,-0.06115803068246388,-0.16590316967155977,0.06007458844087189,0.9995489143950747,0.030032777620922654
1769100076.666152,-0.054664571697435105,-0.1655176356227212,0.05357173490862086,0.9996412801010728,0.026782664503152937
1769100076.7163243,-0.044731810990007864,-0.16498391521641956,0.04597354279104779,0.9997358158034395,0.02298474711262583
1769100076.7661488,-0.038234565085938164,-0.16467223058631736,0.039164255231224604,0.9998082762656679,0.019580876146738476
1769100076.816416,-0.03173550042918296,-0.1644021596604351,0.03283428824458877,0.9998652417161752,0.016416406666946607
1769100076.8661444,-0.02247690577095605,-0.16409527395030243,0.027003013064152346,0.9999088560452526,0.013501096336016882
1769100076.9162493,-0.016152346782119582,-0.16390383481007664,0.02407440851837298,0.9999275537315718,0.012036913574272242
1769100076.9661524,-0.009826407767597013,-0.16375440621817963,0.018388444887364144,0.9999577334345752,0.009194092907248916
1769100077.0163891,-0.00041233627916390653,-0.16358435655216885,0.016356357455848815,0.9999665588827334,0.008178087565243212
1769100077.0661523,0.0059651035441263805,-0.16348003556358706,0.014449869527745598,0.9999739002723623,0.007224871907486917
1769100077.11614,0.012317517150917246,-0.16339251814502673,0.009337664194538022,0.9999891010232218,0.004668815135425816
1769100077.1663158,0.022036464633444726,-0.163305743733718,0.005729849078012106,0.9999958961064999,0.0028649206198899163
1769100077.2161412,0.02851609092135262,-0.16328331170892954,-0.0017426509129416972,0.9999996203959984,-0.0008713253462179692
1769100077.266431,0.034995490489952256,-0.16327984013175975,-0.00547690283415307,0.9999962504442613,-0.0027384479944169374
1769100077.3161316,0.04471474916999878,-0.16336557482239053,-0.009753235928286669,0.9999881093221806,-0.004876598635363659
1769100077.3663628,0.05124456927399476,-0.16345719560203212,-0.017376637962023173,0.9999622567940695,-0.008688209672399043
1769100077.4161637,0.057596524372161145,-0.16357866452314873,-0.02081005382272842,0.9999458681958693,-0.010404839163060413
1769100077.46649,0.06736402898131286,-0.16380807570723838,-0.027857903608780897,0.9999029937192259,-0.013928501402874405
1769100077.5161397,0.0738408138230625,-0.16400234442388775,-0.03310692000729788,0.9998629946094809,-0.016552704025659826
1769100077.566155,0.08031680249411097,-0.16421665791900375,-0.03650726050680692,0.999833407117023,-0.018252616600515748
1769100077.6161757,0.09005439559867132,-0.16459159737198825,-0.041475770458123756,0.9997849777643153,-0.020736398838938856
1769100077.666424,0.09622476506072045,-0.1648516629879877,-0.04680752113140557,0.9997261444960773,-0.02340162411048115
1769100077.7163131,0.10254549421914598,-0.16514806676653862,-0.0531379135590851,0.9996470660301754,-0.02656583101019532
1769100077.766322,0.11182130303828632,-0.16564381217743795,-0.060778276111000125,0.9995382856785162,-0.03038446087810142
1769100077.816374,0.11808773715644105,-0.1660051205900045,-0.0622793224960634,0.9995151999255959,-0.03113462891534317
1769100077.8664165,0.12442794918806223,-0.1664091722704917,-0.07059848111218729,0.9993770464973392,-0.03529191032311962
1769100077.9163666,0.13404759513826273,-0.16708446294052703,-0.07579476016706051,0.9992819802332559,-0.037888309293273754
1769100077.966157,0.14063467660170456,-0.16758532556821107,-0.08132846908311352,0.999173323938575,-0.04065302854080316
1769100078.0161374,0.14719277974082978,-0.1681331024773884,-0.08379043452165282,0.9991225237428006,-0.041882962524357
1769100078.06614,0.1570293158154466,-0.1689592444174248,-0.08575930582558113,0.9990808085363911,-0.04286651390387269
1769100078.1161423,0.16353318809148845,-0.16954768871798656,-0.09298320294408004,0.9989194601467689,-0.046474854922718536
1769100078.166141,0.16991030969607004,-0.17012806429474472,-0.09330885513457932,0.9989118795858032,-0.0466375044610859
1769100078.2161822,0.17936028876357205,-0.17101518326647103,-0.0934028694919397,0.9989096861846634,-0.0466844604387512
1769100078.2661343,0.1856613420032405,-0.1715944245965136,-0.09184145725371859,0.9989458286061604,-0.04590459138639223
1769100078.316141,0.19191117450465758,-0.17217869450823015,-0.09216357813694084,0.9989384222358716,-0.04606548144660431
1769100078.366145,0.20143818625379753,-0.17305725096781568,-0.09433084610960024,0.9988879176163837,-0.04714793781285259
1769100078.416178,0.2077653642699712,-0.17362899537549034,-0.09048721336953815,0.9989766826044678,-0.04522817277507938
1769100078.4661858,0.21426984309130576,-0.17420764640566724,-0.0886202863796525,0.9990184662153844,-0.04429564494011779
1769100078.5161827,0.22397621749726926,-0.17507008700982168,-0.08718370677586444,0.9990500256057749,-0.043578048798684266
1769100078.5661848,0.23030285018299454,-0.17564821986103749,-0.08873314347656333,0.999015965085911,-0.044352018031493884
1769100078.616136,0.23680706105176105,-0.1762297639514389,-0.08857370744970347,0.9990194975663222,-0.044272378322529116
1769100078.666135,0.24631030757042746,-0.17709040812638982,-0.08663696364959612,0.9990619012744362,-0.04330493530659928
1769100078.716176,0.252838487043621,-0.17768828345616566,-0.09065642803573998,0.998972852393855,-0.045312693366043016
1769100078.7661517,0.25929094621972215,-0.17828012765169104,-0.08872285786625166,0.9990161931664867,-0.04434688028645138
1769100078.8161557,0.2690449701262404,-0.17917816378357648,-0.08947714462852702,0.9989993969859119,-0.0447236494685352
1769100078.8661404,0.27564848357447,-0.1797859228111398,-0.08842072408921012,0.9990228811123052,-0.04419596151311726
1769100078.916144,0.28200004122265654,-0.1803695733910821,-0.08917898001213066,0.9990060533891332,-0.044574715836092134
1769100078.96619,0.28848008794091784,-0.18093713262790645,-0.08457443060479229,0.9991060289401227,-0.042274613369002394
1769100079.0161374,0.29781007460609826,-0.18174538248717412,-0.08262704699515627,0.999146717764156,-0.04130177213043128
1769100079.0661495,0.3040638125180177,-0.18228560275478062,-0.0844059249407599,0.9991095871499204,-0.0421904357066353
1769100079.1161351,0.3101916762520758,-0.18281272705848575,-0.08160048968061172,0.9991677854662808,-0.04078892602665903
1769100079.1661406,0.3195988338497817,-0.18360978251240806,-0.08560789295974908,0.9990840509441494,-0.042790876936891854
1769100079.216135,0.3260294178954502,-0.1841616975869102,-0.0848651462958016,0.9990998734384182,-0.04241984082168031
1769100079.2661443,0.3324842803084943,-0.18472681088304424,-0.08887751173636148,0.9990127609713723,-0.0444241310140771
1769100079.316149,0.3423437371079593,-0.18558178899324343,-0.0890265901034374,0.9990094468576178,-0.04449859648614272
1769100079.366153,0.3488489497362705,-0.18615192237955594,-0.08737133795859377,0.9990459329088602,-0.04367177507572871
1769100079.4161532,0.3554555730769287,-0.18672464268822483,-0.08906529384530487,0.9990085855394599,-0.04451792917968644
1769100079.466185,0.3651365843720137,-0.187586523269919,-0.08945459017522066,0.9989999012811194,-0.04471238352306536
1769100079.5161915,0.37148841542490957,-0.18816713448958033,-0.09202669569931465,0.9989415726739507,-0.04599711277563065
1769100079.5662305,0.37786606361061276,-0.1887429215876691,-0.0905377799852265,0.9989755387673567,-0.04525343019561617
1769100079.616187,0.3873184416463423,-0.18960391541208976,-0.09063576482934678,0.9989733204933064,-0.04530237237250971
1769100079.666155,0.3937209678318641,-0.19018580752696648,-0.09063576482934678,0.9989733204933064,-0.04530237237250971
1769100079.7162385,0.4000232291944142,-0.19075231429374045,-0.08714546712400216,0.999050858627872,-0.04355894712813399
1769100079.7661605,0.409654871544356,-0.19159776363178618,-0.08887481918797938,0.999012820777528,-0.044422786068940213
1769100079.8161597,0.4160603632021145,-0.19214652411603578,-0.08558836125846436,0.9990844687858202,-0.0427811200292308
1769100079.8661528,0.4223899504789379,-0.19269119710829025,-0.0887869346463101,0.9990147718511155,-0.044378887134127964
1769100079.9161494,0.43192227081267753,-0.19351058563707907,-0.08720716641966544,0.9990495143742947,-0.043589767474556125
1769100079.9661689,0.438226418508488,-0.19405577581802474,-0.08491629875880582,0.9990987881719718,-0.042445394017459975
1769100080.0161521,0.44465710604237585,-0.19460642280229626,-0.08429333156585232,0.9991119607484441,-0.042134189079647714
1769100080.0661561,0.4543923421332702,-0.19542898741693027,-0.0835483318751629,0.9991275864105409,-0.04176201711420509
1769100080.1161528,0.4609732152860797,-0.1960057270693887,-0.08744765209861793,0.9990442657945952,-0.04370989570953452
1769100080.1661592,0.46755478253649546,-0.19657434836370136,-0.0849062977794942,0.9990990004072343,-0.04244039803377394
1769100080.2161624,0.47736431205218127,-0.19741934129296143,-0.08321952071894324,0.99913443881627,-0.04159775440209893
1769100080.2662961,0.4838963095426233,-0.19797349893456298,-0.08237038953798081,0.9991520097409421,-0.04117355256273571
1769100080.316153,0.490125222411483,-0.19850724489939392,-0.07931853355866716,0.9992136743522142,-0.039648871201425816
1769100080.3661635,0.49958589356135735,-0.1992714084930883,-0.08148834579283981,0.9991700710099277,-0.0407329006825676
1769100080.4161634,0.5053897280261621,-0.19972472703322144,-0.07674191623523535,0.9992639251053389,-0.0383615430225602
1769100080.4662757,0.5113452062124638,-0.2001859495039951,-0.07964170795679025,0.9992072545572529,-0.039810330822001354
1769100080.5161567,0.5208085100014599,-0.20091771205415251,-0.07711757356660078,0.9992567020811222,-0.03854923275448391
1769100080.5661662,0.5271678169615357,-0.2014094715845084,-0.07819561372163872,0.9992357781083622,-0.039087846553321176
1769100080.6161425,0.5366825702871741,-0.2021322999723665,-0.08013613667654815,0.999197382338657,-0.040057347984804065
1769100080.6661477,0.5430680934170526,-0.20261394546982364,-0.07598566841579726,0.9992783590854002,-0.0379836947069397
1769100080.7161527,0.5492518103380986,-0.20307839783098022,-0.07808899651661563,0.9992378604070185,-0.03903457863489585
1769100080.7661517,0.5585137371843285,-0.20378759089397486,-0.07589848864090859,0.999280013841023,-0.0379401362396694
1769100080.8161676,0.5645699389075997,-0.20425948549958914,-0.07977802941671153,0.9992045387349452,-0.03987843742532409
1769100080.8661475,0.5741840879913861,-0.205009603164418,-0.08058488715718423,0.9991883693097313,-0.04028154212738177
1769100080.916163,0.5802646040651716,-0.20549514360964996,-0.08059771361210817,0.999188110954491,-0.04028795014884308
1769100080.9661744,0.5867741955111213,-0.20601295803082556,-0.07944706329702188,0.9992111242593322,-0.039713085455569695
1769100081.0162933,0.5963624731237662,-0.20676930674915242,-0.07621924448788484,0.9992739162295025,-0.03810039820465478
1769100081.0661666,0.6027967693624993,-0.20727601770053353,-0.07847100931200639,0.9992303863249941,-0.039225438745834555
1769100081.1161726,0.6091061152334223,-0.20775744177779812,-0.07477849274923459,0.999301103552319,-0.03738053556488083
1769100081.1661634,0.6185701665925099,-0.20847865978680288,-0.07360399614025352,0.9993228828974191,-0.036793691274337514
1769100081.2161717,0.624880472799525,-0.2089470552600843,-0.07100245784128686,0.9993698975551981,-0.03549377213699496
1769100081.2661703,0.6311400505629271,-0.2094146670504633,-0.06908733359260036,0.999403426868155,-0.034536797248564365
1769100081.316171,0.6407601499357712,-0.21008407031281706,-0.07043990458625762,0.9993798415902463,-0.03521267134220537
1769100081.3661711,0.6471744654170288,-0.21051790612903737,-0.06534262852851176,0.9994663400843633,-0.032665502267190304
1769100081.4161742,0.6537922133443782,-0.21094372402305928,-0.06278430219855452,0.9995073068877469,-0.03138699536437481
1769100081.4661796,0.663671827091248,-0.21152515087658313,-0.056326898511363084,0.9996034362762479,-0.028159726289811792
1769100081.5161757,0.6702425549787179,-0.21188947478073317,-0.05094573697211552,0.9996755840280175,-0.025470113824681003
1769100081.5662014,0.6767896188413629,-0.21222158157928764,-0.04779407757229446,0.9997144793566676,-0.023894764376889737
1769100081.6161668,0.686549314090693,-0.21267138971039226,-0.0398799172505687,0.999801205611895,-0.019938637290480902
1769100081.6661663,0.6927696154632905,-0.2129434252779856,-0.039195693646324116,0.9998079683462887,-0.01959659233812326
1769100081.7161744,0.6991939723941188,-0.2131872146187611,-0.029577218862582175,0.9998906505084877,-0.014788070385054223
1769100081.7661934,0.7053655702140427,-0.2134065869771377,-0.02978683479376245,0.9998890951091642,-0.014892866808533427
1769100081.8161778,0.7148787392568542,-0.21367458525914446,-0.02434588148285239,0.9999259106717424,-0.012172640111607127
1769100081.8661723,0.7213054215600405,-0.21384106084663895,-0.020299089178254643,0.9999484938144706,-0.010149370333753419
1769100081.9161704,0.7277075238018161,-0.21397732396563127,-0.01591059859477171,0.9999683567734282,-0.007955215386762802
1769100081.9661822,0.7373749271528488,-0.2141334613261624,-0.012584724185641787,0.9999802031549659,-0.0062923205697936755
1769100082.016348,0.7436770088767753,-0.21420196598420538,-0.003433119369327571,0.9999985267117862,-0.0017165588416679853
1769100082.0661871,0.7501814982423219,-0.2142459509770501,-0.0019193013028655191,0.9999995395353489,-0.0009596505041376876
1769100082.116323,0.7597743514989613,-0.21425238507876174,0.003510931216633395,0.9999984591706447,0.001755464706692291
1769100082.1661716,0.7661019416262594,-0.21423770592853605,0.007320589563012022,0.9999933011285354,0.0036602866082209398
1769100082.2162833,0.772657302787907,-0.21414504036271007,0.014602825379375699,0.9999733448047848,0.007301347816045705
1769100082.2661657,0.7825021100774189,-0.21400126814137269,0.020176735920154523,0.9999491128475406,0.010088196836723908
1769100082.3163393,0.7890817812677101,-0.21389138802643526,0.022875084152917096,0.9999345920286709,0.011437292706563079
1769100082.3661819,0.7956357254671182,-0.2137554090401382,0.028514703828191858,0.9998983656798347,0.014256868898733427
1769100082.416359,0.8052755853700981,-0.21350157089183006,0.030848288037259874,0.999881050248895,0.015423532447749418
1769100082.466196,0.8116255508207258,-0.2133058753481553,0.03545353044924879,0.9998428850116945,0.017725836834729548
1769100082.5162423,0.8179497345107027,-0.21310011686364771,0.037854806373987485,0.9998208820517605,0.01892627309429055
1769100082.5661817,0.8272820946135475,-0.21272729885737096,0.039903145440205186,0.9998009739752407,0.01995024907513728
1769100082.616184,0.8337805727776629,-0.21243212826438534,0.050396471882955436,0.9996825412508171,0.025195569418219373
1769100082.6661794,0.8396455972090392,-0.21214660514727335,0.05000238062393696,0.9996874865202948,0.024998585854709984
1769100082.7161949,0.849326006692475,-0.21162784926671452,0.05614398757304489,0.9996060074568306,0.028068306970936114
1769100082.7661903,0.8558450288253905,-0.21124362043862074,0.06152647039419691,0.9995268489967911,0.03075838315883777
1769100082.8161886,0.8622610345032424,-0.21083398778261578,0.06648404960056574,0.9994475347707226,0.033235902887167594
1769100082.8661816,0.8720341799210948,-0.21017543190860521,0.07100859971337518,0.9993697885513815,0.03549684113786745
1769100082.9161823,0.8783971476780674,-0.20973500037520712,0.07503981225509261,0.9992962108907719,0.03751110368072145
1769100082.9661932,0.8849599421987939,-0.20924977754157426,0.07430942896922561,0.9993098429965119,0.037146166562467664
1769100083.016183,0.894671611465273,-0.20843872776501837,0.079702694322761,0.999206040149002,0.03984079981314166
1769100083.0662594,0.9011053470776373,-0.20792485310812484,0.08210080718111246,0.9991575504959681,0.04103887531228149
1769100083.1161776,0.9075074156174909,-0.20732915669870924,0.08958843546216305,0.9989969067731398,0.04477923913711131
1769100083.1662207,0.9169826272137703,-0.20643555443288159,0.09780062741650714,0.9988046178919605,0.04888082730166033
1769100083.2162104,0.9232788086519632,-0.2058033507976363,0.1011366863840378,0.9987216937707518,0.05054679407915695
1769100083.2662396,0.9295211304161418,-0.20514054069840318,0.10962828626916131,0.9984980809669903,0.054786698250922646
1769100083.316189,0.9389065574458475,-0.20411995699104268,0.11207163272452679,0.9984304044193043,0.05600649543673018
1769100083.366179,0.9451183576589868,-0.20341376106538153,0.1198828384719505,0.9982040509597504,0.05990553102630931
1769100083.4162045,0.9513770952411644,-0.2026749327456928,0.12410542028933548,0.9980753482796193,0.06201289508252806
1769100083.4662042,0.9605705708343202,-0.20153708217873106,0.12932587660476086,0.9979100805715613,0.06461788524596035
1769100083.5161817,0.967024559632722,-0.20072725152956536,0.1320304607473857,0.9978217859084382,0.06596729164135118
1769100083.5661955,0.9764823273387898,-0.19946048592933685,0.13867226505265595,0.9975972132108907,0.06928059031117342
1769100083.6163325,0.9830021762450498,-0.1985681839469135,0.13885010978498036,0.9975910486727853,0.06936929874182474
1769100083.6662014,0.9893433793114839,-0.1976760517357397,0.14480079378661181,0.9973802359252593,0.07233716185802493
1769100083.7161913,0.9958577167302571,-0.19674428795027132,0.14358326344686975,0.9974240874550913,0.07172997814288228
1769100083.7661905,1.0055492305123614,-0.19532165775627416,0.14782876144490434,0.9972695756029413,0.07384709592617252
1769100083.8163424,1.0118071742238248,-0.19438464080924933,0.15142887399556876,0.9971350310689936,0.0756421166747541
1769100083.8661852,1.0214339352147717,-0.19287138977463794,0.15581494647231486,0.9969667474853392,0.07782868628278317
1769100083.9162233,1.0277273281051464,-0.1918307429331596,0.16829366143645494,0.9964617439536483,0.08404756294416761
1769100083.9662013,1.0339893980933568,-0.19075923688171412,0.17266705079043482,0.9962755753850769,0.0862263178567536
1769100084.0162024,1.0401703693269921,-0.18966386000721425,0.1813639280164623,0.9958912074847761,0.0905577321630497
1769100084.0661943,1.0495552747873833,-0.1879385178283223,0.1849192375089469,0.995728653651396,0.09232793887864205
1769100084.1161907,1.055746934133247,-0.18676117184570312,0.19098918731290987,0.9954438552433574,0.09534952049298193
1769100084.16635,1.0647421258372258,-0.18501815015380543,0.19581698671727826,0.9952107911074093,0.09775214198862617
1769100084.2161922,1.0709987698621077,-0.18377845592169423,0.19640471453382852,0.9951820223101262,0.09804459429630755
1769100084.266364,1.077550077543631,-0.182462672670958,0.20246118914477526,0.9948805574497129,0.10105778747107289
1769100084.3162198,1.086924154373544,-0.18054932773973884,0.20182849013184045,0.9949124772480353,0.10074305244619862
1769100084.3662198,1.0933168284633743,-0.17921538739504725,0.20833013057007252,0.994579723243655,0.10397679602957008
1769100084.4162333,1.0997051562006754,-0.17786165637813645,0.21116349961791514,0.9944314229170265,0.1053856969195446
1769100084.4663544,1.1090806137793499,-0.17583066874453235,0.2168378256387079,0.9941284245848543,0.10820663303344977
1769100084.5161908,1.115506593575921,-0.17441158065139795,0.22067081476091602,0.9939192215959811,0.11011167486710428
1769100084.5663552,1.1216574364458833,-0.17303817481634237,0.22540199208068373,0.9936559619200256,0.11246256862080242
1769100084.6161914,1.130663394510201,-0.17097907208538615,0.2258891858786863,0.9936285369058282,0.112704616792673
1769100084.6661987,1.1368964480328005,-0.16950955435123372,0.2367379538475862,0.9930025685874072,0.1180927549801919
1769100084.7161896,1.1428261219380662,-0.16807864956218516,0.2422287651924574,0.9926746142221899,0.12081850139290101
1769100084.7661974,1.1520837206752326,-0.1657645991965069,0.24957549142120697,0.992224107625884,0.1244641323675946
1769100084.8162324,1.1582626465737211,-0.16418198787442845,0.2562914041498954,0.99180056919568,0.12779526964299248
1769100084.866199,1.1642840648082673,-0.1625970379526438,0.2591569412604667,0.9916164502177759,0.12921615865477928
1769100084.9162693,1.1734550852838501,-0.1601508159505824,0.26599962370676944,0.9911685547948812,0.13260805400060205
1769100084.966495,1.1795648517023847,-0.15850524693888793,0.26532172316145397,0.9912134453937479,0.13227208953764766
1769100085.01632,1.1857895359580712,-0.15679877886826835,0.2684726750509987,0.9910038238274147,0.1338335576731127
1769100085.0662107,1.1947730748113665,-0.1543388032404416,0.2690382134727758,0.9909659401988724,0.1341137776880692
1769100085.1163619,1.2010424698144557,-0.15260440089147537,0.27265831193686774,0.9907215644514942,0.1359072541507036
1769100085.1662097,1.2103548598002816,-0.15000392918191408,0.27806207596002896,0.990350743319097,0.13858356759483453
1769100085.216232,1.2165456239901369,-0.14827090348605962,0.2763571177972254,0.990468523043075,0.13773926404939776
1769100085.2662103,1.2228764150124503,-0.14647429741876292,0.28208736455080696,0.9900698182560954,0.14057650934043753
1769100085.3162608,1.231941092037474,-0.14383548457020648,0.2881727309812185,0.9896375061400358,0.14358832278751216
1769100085.3662002,1.237984705264573,-0.14204827745662427,0.29020352119721643,0.989491197113003,0.14459312167553515
1769100085.4164302,1.2441421872760343,-0.14019968724442286,0.29456444097270545,0.9891735656407986,0.14675032210345806
1769100085.4663417,1.253248763915946,-0.1374355872450629,0.3006079471561378,0.988725607011722,0.14973868584738498
1769100085.5162172,1.2593711228975026,-0.1355591441591129,0.30044488170925426,0.9887378123282514,0.1496580718582977
1769100085.5662386,1.265466264564724,-0.13367998718943036,0.3056997858184996,0.9883411804963825,0.15225541348345198
1769100085.6162045,1.274720511855748,-0.13079398844996265,0.3007342388213794,0.9887161496665146,0.149801119450498
1769100085.666331,1.2809300726789337,-0.12885623042367542,0.30237262114898317,0.9885931021759456,0.15061101662939627
1769100085.716219,1.2869750548356926,-0.12698613447894147,0.2967157298267421,0.989015142262844,0.14781423603566166
1769100085.766221,1.2961152729680412,-0.1241590046380245,0.2977931607759966,0.988935368937177,0.14834701232276176
1769100085.8162189,1.302260319420102,-0.12226973258193974,0.2981182958017962,0.9889112394645548,0.14850777912512841
1769100085.8662188,1.3085029413859504,-0.12035332361727569,0.29677675199195086,0.9890106318301289,0.14784441188955746
1769100085.916227,1.3179170448643187,-0.11746965905982582,0.3001251967281413,0.9887617214161487,0.1495000276326872
1769100085.9662678,1.3242113154384605,-0.11554897741046591,0.2962124331179513,0.9890523081560776,0.14756534732495769
1769100086.016216,1.330428195876974,-0.11363497937452738,0.2997814121190073,0.9887874047128512,0.14933006489392628
1769100086.0662181,1.3366449286384208,-0.11172050485906408,0.29808528619915897,0.9889136904212495,0.14849145732137267
1769100086.1163993,1.3457574399134855,-0.10888941524464123,0.3004145172554836,0.9887400843571015,0.1496430605992533
1769100086.1662257,1.3517255471223957,-0.1070276274396656,0.30431605053770494,0.9884462845316633,0.15157157581667563
1769100086.2163184,1.3576157996567464,-0.10517134372705095,0.30668053416306224,0.9882663995453802,0.1527400521461576
1769100086.2662122,1.3665919501602848,-0.1023284924716815,0.30955993389255926,0.9880454755815823,0.1541627003615493
1769100086.3163223,1.3726501138043339,-0.10041580630219596,0.30622811837593106,0.9883009252657434,0.15251649457968625
1769100086.3662157,1.3787775245196467,-0.09847005444829224,0.3098800591432882,0.9880207872382503,0.1543208475388475
1769100086.4163747,1.3881402500556415,-0.09550664070137413,0.3087447516541152,0.9881082288551717,0.15375996900590075
1769100086.4662397,1.3943654757316606,-0.09353447348941199,0.3082853125269204,0.9881435244560718,0.15353297715973788
1769100086.5162838,1.400597042491666,-0.0915822683945577,0.30607266106511705,0.988312777182252,0.1524396748169724
1769100086.566213,1.4098967318834772,-0.08867121786231447,0.2999628403873753,0.9887738542969328,0.14941976127269127
1769100086.6162045,1.4156923943143433,-0.08685184306560291,0.30494022265974696,0.9883989330201701,0.15188004873777636
1769100086.6662455,1.4248228361190172,-0.08399333311771703,0.3048174127527225,0.9884082573440836,0.1518193558609438
1769100086.716225,1.4310231754873146,-0.0820263412450853,0.30621942727379564,0.9883015880246279,0.15251219986610517
1769100086.7663949,1.4371288838984415,-0.0800959358611077,0.3070736809205599,0.9882363558236059,0.15293431605914778
1769100086.816241,1.4462634742636058,-0.07716650187336316,0.30762491982497997,0.9881941666155013,0.15320668740983492
1769100086.8663938,1.4523274221998337,-0.07518808496394179,0.31574541413931134,0.9875639658285161,0.15721772609045515
1769100086.9162061,1.4584859433434476,-0.07317384288115036,0.3143987846146735,0.9876695989789718,0.15655274910622632
1769100086.9667034,1.4644936141176963,-0.07118645936301216,0.3150868585781482,0.9876156805937493,0.15689253470240502
1769100087.0162442,1.4734937849392569,-0.06825289393656782,0.31455964585275187,0.9876570041498034,0.15663218747701627
1769100087.066239,1.4795947508859506,-0.0662251842414758,0.31897904619283396,0.9873084830077596,0.15881422915128318
1769100087.1162343,1.4855583990498036,-0.0642666507218621,0.31523362420314205,0.9876041647191298,0.15696500829621193
1769100087.1662276,1.4948193563016678,-0.06123474671800965,0.3121055913269792,0.9878484525597794,0.15542018779826944
1769100087.2162192,1.5010036097598782,-0.05921778160250199,0.31363668059016847,0.9877291820124726,0.1561763842614233
1769100087.2662911,1.5073583096352903,-0.057152056572649164,0.3105479107940611,0.987969200437471,0.15465076458570814
1769100087.3162475,1.5167513636990408,-0.05411721804999341,0.3116757828822685,0.9878818302028095,0.15520789140745186
1769100087.3662398,1.5229237736560375,-0.05214589389904738,0.3075819227348753,0.9881974601080071,0.15318544263762002
1769100087.4162176,1.5290960669753613,-0.050174371839402036,0.30604746520894,0.9883146975278867,0.15242722411158013
1769100087.466233,1.5381019319185658,-0.04734144433130151,0.30563306463886164,0.9883462592768019,0.1522224417540096
1769100087.516353,1.5441907553648724,-0.04544148872275142,0.3010636327891506,0.9886914644645595,0.14996395598584597
1769100087.566231,1.5501139884950497,-0.043605902516725394,0.30066849490052355,0.9887210733887979,0.14976861833142258
1769100087.6164467,1.55910177877662,-0.0408848729631181,0.2950032187685171,0.9891413464444253,0.146967332268465
1769100087.6662397,1.5652529718032249,-0.03901571156315975,0.2915588871968794,0.9893929816060419,0.14526364978447376
1769100087.7162983,1.571462700162195,-0.037165101695562974,0.28708695656318256,0.9897153125638058,0.14305104011061223
1769100087.766231,1.5809175863531628,-0.034416903259731034,0.2787624870450403,0.9903021498563681,0.13893038540886407
1769100087.8162518,1.5870756452715042,-0.03266044188526635,0.2722198083844637,0.9907513385454695,0.1356900334230943
1769100087.8662202,1.5932682191912184,-0.030933257701564403,0.2653608248922558,0.9912108591704903,0.1322914685930213
1769100087.9164228,1.602625217583366,-0.028399109533501946,0.25625732359318526,0.991802746718652,0.12777836906666745
1769100087.9662602,1.6088629196648023,-0.02674232911602283,0.25225766097391716,0.992056298461246,0.12579467668932243
1769100088.0162315,1.6148657625196439,-0.0251871363579938,0.2441449205208829,0.9925584051379526,0.12176950517269919
1769100088.0664184,1.6241430546928803,-0.0228499769705966,0.2414909020426505,0.9927191204244534,0.12045226417008363
1769100088.11623,1.6304550903932262,-0.021278612158180388,0.24006299327738254,0.9928048648292749,0.1197434773644277
1769100088.1663399,1.6366700964462721,-0.01973657354324636,0.23873889467902015,0.9928839233309722,0.11908616540512215
1769100088.216243,1.6460141720094368,-0.017457377623080108,0.2389071635524366,0.9928739005694222,0.11916970071314784
1769100088.2664773,1.652165226769593,-0.01597247308458133,0.23277321518250302,0.9932347207457111,0.11612402639070574
1769100088.3162496,1.6582224220200696,-0.014530836283449984,0.229327509723524,0.9934333111725896,0.11441265774670561
1769100088.3663635,1.6675147330079207,-0.01236169388580239,0.22564765483670313,0.9936421404918664,0.11258461990317353
1769100088.4162352,1.6738735658978188,-0.010876250136584213,0.223858704345229,0.9937424471344528,0.11169578668521607
1769100088.4663808,1.6799940766735257,-0.009483146704471314,0.2162135482606984,0.9941621516316378,0.10789632182401993
1769100088.5162563,1.6896366757127936,-0.007370998351372891,0.21103174764281563,0.9944383631461395,0.1053201875388885
1769100088.566211,1.6956793961580992,-0.006094900458304105,0.20081729555533398,0.9949632854959444,0.10024001454068061
1769100088.6162355,1.702224089628303,-0.004747999106894407,0.1984198305103733,0.9950827315716836,0.0990472479569051
1769100088.6662266,1.7117666984318647,-0.0028985498144600526,0.19244875562338182,0.9953740056010911,0.09607595419062506
1769100088.7164953,1.7180769274706462,-0.0016689362704272966,0.1887575386749245,0.9955496288395047,0.09423872090348272
1769100088.7662454,1.7243450487518595,-0.0004876086685190405,0.18260182114041362,0.9958349663309837,0.09117411821656764
1769100088.8164625,1.7336060129164346,0.0012122683633055222,0.17675183670479555,0.9960973895673991,0.08826092281985873
1769100088.8662386,1.7397837079674479,0.002324194266951592,0.17546353371455473,0.9961540363129527,0.0876192669303535
1769100088.9162345,1.7460904357508535,0.0034342794111988104,0.16921014871086817,0.996423125071935,0.08450417635761602
1769100088.9662507,1.755495868359388,0.005043518781546577,0.16694856201312597,0.9965180447522798,0.08337737392778212
1769100089.0164497,1.761763868564895,0.006080306691537218,0.16139324875940467,0.9967457939162961,0.08060907089262717
1769100089.0662365,1.7682331045861623,0.00713974914907801,0.15833651031481388,0.996867830136079,0.07908558174399051
1769100089.1162739,1.7776831326126377,0.008634779213015864,0.15717334863562654,0.9969136562040917,0.0785058091722528
1769100089.1662245,1.784137920333797,0.009625907171088202,0.1485467390506954,0.9972430010624062,0.07420509977114585
1769100089.2163415,1.7905708471841355,0.010590400928523161,0.14722694926287494,0.9972917514949489,0.07354700809779519
1769100089.2662377,1.8002178569967122,0.011969643396991279,0.13821641818757496,0.997612977968572,0.06905321273248238
1769100089.3162355,1.8066883291534956,0.01285201421698693,0.13168246032847095,0.9978332491258806,0.06579366944386282
1769100089.3663979,1.8130629261241513,0.013686842311726101,0.1254596443856316,0.9980331298052807,0.06268868965830883
1769100089.416239,1.8226341051415882,0.0148672516476136,0.12195250027670644,0.9981415244002532,0.06093847116509249
1769100089.466238,1.8290195226066737,0.015617323146777046,0.11232830299249696,0.9984232085962004,0.05613462867489353
1769100089.5162423,1.8352810537026478,0.016332555620091352,0.11133155756467726,0.998451060570419,0.0556370348401637
1769100089.5663865,1.8447909439929613,0.017381648689445518,0.1065798825022933,0.9985804270724746,0.05326472254460957
1769100089.6162386,1.851081986287296,0.01806097314162996,0.1045259462486852,0.9986346016520612,0.052239184366039366
1769100089.666242,1.857501887054533,0.01872643538863757,0.0977852813609897,0.9988049929265028,0.048873163444662845
1769100089.716241,1.8669985559654363,0.019656869045157753,0.09178548176236485,0.9989471129809453,0.04587663312662103
1769100089.766355,1.8734252825311635,0.02025167472293562,0.08827700247683544,0.9990260544902622,0.04412417080942929
1769100089.8162444,1.8799558179075901,0.020823572842809494,0.07997892320210995,0.9992005280290507,0.03997880421506388
1769100089.866385,1.8896694317944638,0.02160046156041511,0.07672077740532893,0.9992643305085901,0.038350981385345456
1769100089.9162388,1.896181268728062,0.02209071084880856,0.06945377039031797,0.9993970823170192,0.03471990576354213
1769100089.9662466,1.9027188062669702,0.022571778161890856,0.06830080781291778,0.9994169316267791,0.03414376630827134
1769100090.0164373,1.9123914091626184,0.02321756302308148,0.060655841211889126,0.9995401438647933,0.030323271636623284
1769100090.0662506,1.918959450883364,0.023625408044439314,0.05620483682447856,0.99960515302645,0.028098719596581778
1769100090.1163294,1.925250749753899,0.023996054542123137,0.05320402630516212,0.9996461873139865,0.02659887570199629
1769100090.1662588,1.9346781879602142,0.02449954896197037,0.05001259795978623,0.9996873587977759,0.025003692925780797
1769100090.2164857,1.9409734094317264,0.024801907840344882,0.043401477465108515,0.9997645482094019,0.021699035546554668
1769100090.266256,1.9472188513826276,0.025080803436129263,0.04136253183951423,0.999786150242366,0.020679791670836993
1769100090.316358,1.9566782630974793,0.025445530075708045,0.035736660718960395,0.9998403656324516,0.017867379549489096
1769100090.3662462,1.9630780714793974,0.025667753464257013,0.029602630475569942,0.9998904625334171,0.014800774800980611
1769100090.416274,1.969175365749472,0.025846017195983905,0.025362173872115402,0.9999195960945478,0.012680747064597531
1769100090.4662604,1.979018479880048,0.026083352828400463,0.0167947769177568,0.9999647421407234,0.008397289767332897
1769100090.5163183,1.9855475767797375,0.026197995623593127,0.011381748515862607,0.9999838070187925,0.005690843540491505
1769100090.5662606,1.992153121012928,0.026278288052375434,0.0031221567854475825,0.9999987815173733,0.001561077758674773
1769100090.6162708,2.0019228320610005,0.026319875016588203,-0.002885740499174745,0.999998959062902,-0.0014428697489416143
1769100090.6663215,2.0083010238560206,0.02630946674042564,-0.006166163517767704,0.9999952473071987,-0.0030830768745688107
1769100090.7162578,2.0146790977019107,0.026289302238928766,-0.00805038925083472,0.9999918989150517,-0.004025183755930292
1769100090.7663534,2.0224239138804188,0.02622990061123951,-0.009168071009617576,0.9999894933276438,-0.004584019450477836
1769100090.8162613,2.025207974598988,0.026208454426960535,-0.009625089959241617,0.9999884197277601,-0.004812526402746123
1769100090.866456,2.0264228294104387,0.026195245713249667,-0.01109942961876941,0.9999846003722922,-0.005549686321508141
1769100090.9162588,2.027156807390033,0.026194321621318007,-0.009935045631819057,0.9999876618839083,-0.0049675023859349935
1769100090.966484,2.027232745388342,0.02619880170046421,-0.009414343215854338,0.9999889212881832,-0.004707154224781758
1769100091.0162647,2.0272074358234717,0.026199039980434158,-0.009414343215854338,0.9999889212881832,-0.004707154224781758
1769100091.066272,2.0272074378600284,0.0262001587234873,-0.009197607445762354,0.9999894255207958,-0.004598787512884972
1769100091.1162636,2.027207438904443,0.026200732452547552,-0.009048410557012176,0.9999897658007555,-0.00452418984462281
1769100091.1662426,2.0272074394545507,0.026201034643573547,-0.008941927944553249,0.9999900052572285,-0.0044709490768884185
1769100091.2164137,2.0272074397545197,0.026201199425786973,-0.008862844625633562,0.9999901812642107,-0.004431407809152334
1769100091.2662644,2.0271821302000395,0.026201504798319824,-0.008808821483603447,0.9999903005986885,-0.004404396501743407
1769100091.3164601,2.0272074399925613,0.026201329101197237,-0.008766708746890898,0.9999903931176005,-0.004383340336646465
1769100091.3662395,2.0272074400512423,0.02620136061899573,-0.008728260613578025,0.9999904771984467,-0.004364116453864597
1769100091.4165695,2.0272074400773294,0.026201374630410588,-0.008704852800793519,0.999990528207167,-0.004352412658627688
1769100091.4662542,2.0272074400922087,0.026201382622223785,-0.008686564135357558,0.9999905679652675,-0.0043432684123410874
1769100091.5164483,2.0272074400922087,0.026201382622223785,-0.008686564135357558,0.9999905679652675,-0.0043432684123410874
1769100091.5662498,2.027207440097839,0.02620138564609319,-0.008673139981144499,0.9999905970950942,-0.004336556398445317
1769100091.6164804,2.0271821303639697,0.026201606181503783,-0.008666017357636788,0.9999906125325821,-0.004332995120150644
1769100091.6662323,2.0272074401021305,0.02620138777756572,-0.008658842753420664,0.9999906280699103,-0.004329407851690391
1769100091.7163315,2.0272074401020395,0.026201387736313957,-0.008659273340100445,0.9999906271377945,-0.004329623143012467
1769100091.7663724,2.027207440101389,0.026201387441380817,-0.008663477911921067,0.999990618033479,-0.004331725409208773
1769100091.816267,2.0272074401016282,0.026201387549795025,-0.008661363876494093,0.9999906226116309,-0.00433066840140977
1769100091.8663487,2.027207440101655,0.026201387561799377,-0.008661043442153208,0.9999906233054654,-0.004330508185741692
1769100091.9162548,2.027207440102234,0.026201387824283908,-0.008651448043081622,0.9999906440704337,-0.00432571053114264
1769100091.9664338,2.0272074401026545,0.026201388014953444,-0.008641900353867407,0.9999906647093089,-0.004320936731150015
1769100092.0162718,2.0272074401026874,0.026201388029936518,-0.00864087250778332,0.9999906669298058,-0.004320422812905021
1769100092.0663488,2.0272074401026656,0.026201388020066455,-0.008641800159972427,0.9999906649257734,-0.004320886634670188
1769100092.116265,2.0272074401025955,0.026201387988339726,-0.008645885645777653,0.9999906560972265,-0.004322929358494628
1769100092.1663074,2.0272074401027322,0.026201388050242684,-0.008634963930972028,0.999990679689217,-0.004317468552053106
1769100092.2162693,2.0272074401026687,0.026201388021512406,-0.008641909126716203,0.9999906646903554,-0.004320941117533464
1769100092.2662551,2.027182130361806,0.026201606805296408,-0.008644325120729934,0.9999906594699418,-0.00432214910326015
1769100092.3162656,2.027207440102417,0.02620138798089345,-0.008648011046215992,0.9999906515026838,-0.004323992048781589
1769100092.3662333,2.027207440102098,0.026201387935900083,-0.008654829701033158,0.9999906367549676,-0.004327401344292947
1769100092.4164941,2.0272074401022264,0.02620138795401865,-0.008651067485079477,0.9999906448935074,-0.004325520253921727
1769100092.4662585,2.027207440102512,0.026201387994287145,-0.008639610898915058,0.9999906696549486,-0.004319792014357372
1769100092.5164733,2.0272074401025018,0.026201387992872784,-0.008640162240373984,0.9999906684640705,-0.004320067682514569
1769100092.5662587,2.027207440102539,0.026201387998108915,-0.008637365575886308,0.9999906745039827,-0.004318669363315096
1769100092.6164086,2.0271821303603397,0.026201606632447555,-0.008638176017409153,0.9999906727538862,-0.004319074580297278
1769100092.6662443,2.0272074401027926,0.026201388027998037,-0.008634219797096675,0.999990681295535,-0.004317096488582911
1769100092.7164073,2.0272074401028943,0.02620138804004446,-0.008632113134384554,0.9999906858423133,-0.004316043167040139
1769100092.7662475,2.0272074401027336,0.026201388020974794,-0.00863668243869966,0.9999906759790462,-0.0043183277979068155
1769100092.8163118,2.027207440102611,0.026201388006433405,-0.008641456444753804,0.9999906656683358,-0.0043207147786651166
1769100092.866242,2.027207440102674,0.026201388013907534,-0.008638094366315345,0.9999906729302139,-0.004319033755131161
1769100092.9163122,2.0272074401026074,0.026201388006000106,-0.00864296799526365,0.999990662402561,-0.004321470546864149
1769100092.9663973,2.027207440102623,0.02620138800786402,-0.008641393963791525,0.9999906658033165,-0.004320683538475584
1769100093.0162745,2.027207440102572,0.026201388001776658,-0.00864843743592756,0.9999906505808083,-0.004324205241644223
1769100093.0664237,2.027207440102572,0.026201388001776658,-0.00864843743592756,0.9999906505808083,-0.004324205241644223
1769100093.1162717,2.0272074401025835,0.026201388003127137,-0.008645405519058208,0.9999906571349746,-0.00432268929737791
1769100093.1663752,2.0272074401025755,0.026201388002185265,-0.008648243914645975,0.9999906509992165,-0.0043241084819080665
1769100093.2162762,2.027182130361353,0.026201606749846094,-0.008642554627228774,0.9999906632957185,-0.00432126386477655
1769100093.2664042,2.027207440102547,0.026201387998965937,-0.008643222462008491,0.9999906618527176,-0.004321597779048479
1769100093.3162813,2.0272074401029077,0.026201388040721797,-0.008634965421131312,0.9999906796860001,-0.004317469297125804
1769100093.3663676,2.0272074401027753,0.026201388025428915,-0.008639101850244522,0.9999906707544085,-0.004319537492396764
1769100093.4162834,2.027207440102785,0.02620138802655483,-0.008638684964896774,0.9999906716547627,-0.00431932905166741
1769100093.4662828,2.027207440102895,0.02620138803928109,-0.008632231819314915,0.999990685586187,-0.004316102508952586
1769100093.5162766,2.027207440102774,0.026201388025250433,-0.008641977374889942,0.9999906645429066,-0.0043209752413017714
1769100093.5662422,2.027207440102801,0.02620138802838223,-0.008638997263409545,0.9999906709802905,-0.004319485199467128
1769100093.616264,2.0272074401027758,0.02620138802546101,-0.008642805652951746,0.9999906627533364,-0.004321389376466126
1769100093.6662512,2.0272074401028406,0.026201388032954697,-0.008629420428973451,0.9999906916523235,-0.004314696826870817
1769100093.7164514,2.0272074401028433,0.02620138803325865,-0.008628676558796714,0.9999906932570414,-0.0043143248952442525
1769100093.7662475,2.027207440102839,0.026201388032743356,-0.008630404428572627,0.9999906895293724,-0.004315188822090178
1769100093.8164284,2.027182130360086,0.026201606603206782,-0.008635653663792863,0.9999906782002076,-0.004317813415249005
1769100093.866249,2.027207440102258,0.026201387965578325,-0.008645090324772443,0.9999906578162057,-0.004322531701707382
1769100093.9164498,2.0272074401019884,0.02620138793450211,-0.008651176213440075,0.9999906446583526,-0.004325574617593436
1769100093.9662688,2.027207440101869,0.026201387920726005,-0.008654872724819646,0.9999906366618767,-0.004327422855984769
1769100094.0164797,2.027207440101694,0.026201387900521646,-0.008662300872743842,0.999990620582611,-0.004331136895140882
1769100094.0662255,2.0272074401016864,0.026201387899635775,-0.008662747121103622,0.9999906196162048,-0.004331360017227889
1769100094.1163588,2.0272074401018014,0.02620138791287525,-0.008653609223398662,0.9999906393955296,-0.00432679111118871
1769100094.1662264,2.0272074401018014,0.02620138791287525,-0.008653609223398662,0.9999906393955296,-0.00432679111118871
1769100094.2162898,2.0272074401018574,0.026201387919306752,-0.008644996122884213,0.9999906580197999,-0.004322484601203288
1769100094.2662566,2.027207440101858,0.02620138791937762,-0.00864486873079518,0.999990658295123,-0.00432242090575381
1769100094.3162897,2.027207440101839,0.0262013879172484,-0.008650055114449412,0.9999906470828942,-0.004325014073341557
1769100094.3663533,2.0272074401018303,0.02620138791622652,-0.00865344527209099,0.9999906397502177,-0.0043267091363022
1769100094.41628,2.0272074401018303,0.02620138791622652,-0.00865344527209099,0.9999906397502177,-0.0043267091363022
1769100094.4663272,2.027207440101849,0.02620138791838274,-0.00863962791274042,0.9999906696182006,-0.00431980052119068
1769100094.5162895,2.0272074401018467,0.026201387918123344,-0.008641857234536442,0.9999906648024666,-0.0043209151716857965
1769100094.5689878,2.02718213036046,0.026201606646740084,-0.008641857234536442,0.9999906648024666,-0.0043209151716857965
1769100094.6162739,2.027207440101284,0.02620138785319572,-0.008652525849933293,0.9999906417391482,-0.004326249429525905
1769100094.6663938,2.0272074401011855,0.026201387841862062,-0.008655017688159086,0.9999906363482153,-0.004327495336975808
1769100094.7162824,2.0272074401013747,0.026201387863642556,-0.008648540293601995,0.999990650358418,-0.004324256670000605
1769100094.7662635,2.0272074401014684,0.026201387874428366,-0.008644175641428005,0.999990659792975,-0.004322074364307281
1769100094.8163044,2.0272074401014066,0.02620138786733974,-0.008648091431019675,0.9999906513288914,-0.004324032240807688
1769100094.8703504,2.027207440101406,0.026201387867301928,-0.008648119994583372,0.9999906512671364,-0.00432404652245602
1769100094.9163704,2.0272074401014053,0.026201387867176823,-0.008648249338869478,0.999990650987489,-0.004324111193994461
1769100094.9662623,2.0272074401013738,0.026201387863549575,-0.00865338482748179,0.9999906398809805,-0.004326678914280487
1769100095.0164201,2.0271821303611532,0.02620160672704206,-0.00864705732584974,0.9999906535645098,-0.004323515193055898
1769100095.066248,2.027182130359974,0.0262016065906788,-0.008639522905133309,0.9999906698450052,-0.004319748017877
1769100095.1164694,2.027207440101403,0.026201387866980834,-0.00864399937075455,0.9999906601738986,-0.0043219862297937395
1769100095.1710079,2.0271821303614392,0.026201606760147236,-0.00865069485694573,0.9999906456993953,-0.004325333941597766
1769100095.216387,2.0271821303619153,0.026201606815149363,-0.008655268021081557,0.9999906358065501,-0.004327620502264993
1769100095.2662294,2.0272074401008986,0.026201387808594337,-0.008651548785253002,0.9999906438525417,-0.004325760901757056
1769100095.3164885,2.027207440101081,0.026201387829683138,-0.008649800944407541,0.9999906476325306,-0.004324886989509203
1769100095.3662317,2.0272074401008395,0.026201387801743095,-0.008652973765117462,0.9999906407702267,-0.004326473385022028
1769100095.416298,2.027207440100812,0.026201387798535668,-0.008653472815542443,0.9999906396906314,-0.00432672290789902
1769100095.4690201,2.0272074401006677,0.026201387781843357,-0.008657031371545108,0.9999906319906057,-0.00432850216923891
1769100095.5162978,2.027207440100692,0.026201387784682468,-0.008656202075697068,0.9999906337853242,-0.004328087525198944
1769100095.5664086,2.0272074401007374,0.026201387789901696,-0.008654113244703632,0.9999906383051004,-0.004327043119482086
1769100095.6162815,2.0271821303587347,0.02620160644717208,-0.008637867790803395,0.9999906734195011,-0.004318920468431801
1769100095.666292,2.0272074401012,0.02620138784341728,-0.008634943135528329,0.9999906797341087,-0.004317458154428167
1769100095.7162912,2.0272074401003954,0.0262013877501884,-0.008650580957721402,0.9999906459457198,-0.004325276992518318
1769100095.7673404,2.027207440100335,0.026201387743198464,-0.008652187415040006,0.9999906424712108,-0.004326080213662781
1769100095.8162918,2.0272074401003723,0.02620138774753325,-0.008650822412386495,0.9999906454235334,-0.004325397718721543
1769100095.8720584,2.0272074401005296,0.026201387765735173,-0.008642969091707012,0.9999906624001919,-0.00432147109508071
1769100095.9162817,2.027207440100407,0.02620138775154904,-0.008651355386933984,0.9999906442708344,-0.00432566420350226
1769100095.9662626,2.0272074401003253,0.026201387742081552,-0.008659023897271925,0.9999906276777835,-0.00432949842276717
1769100096.016329,2.027207440100332,0.026201387742844088,-0.008658177630646146,0.9999906295096489,-0.004329075293419634
1769100096.0662596,2.027207440100325,0.026201387742016934,-0.008659435405971938,0.9999906267869492,-0.004329704175188688
1769100096.11646,2.0272074401003173,0.026201387741138067,-0.008661266494362756,0.9999906228224945,-0.004330619710800693
1769100096.1700592,2.027207440100342,0.026201387744027544,-0.00865301798232603,0.9999906406745742,-0.004326495493419391
1769100096.2164624,2.0272074401003426,0.026201387744086996,-0.008652785446993258,0.999990641177599,-0.004326379226841163
1769100096.2751334,2.027207440100334,0.02620138774310782,-0.008658033009637125,0.9999906298226839,-0.004329002983592698
1769100096.316459,2.027182130364212,0.026201607080030002,-0.008665934190671827,0.9999906127127622,-0.004332953537058524
1769100096.3662393,2.027207440100382,0.026201387748579403,-0.008664990320017949,0.9999906147575247,-0.004332481606161295
1769100096.416331,2.027207440100405,0.02620138775122058,-0.008664468648678552,0.9999906158875564,-0.004332220772939454
1769100096.466238,2.027207440100376,0.026201387747837392,-0.008665384227887415,0.9999906139042061,-0.004332678558247483
1769100096.5163496,2.0271821303640265,0.026201607058560436,-0.008664793601467139,0.9999906151836596,-0.004332383247808994
1769100096.5731027,2.027182130364292,0.02620160708923274,-0.008666652094163034,0.9999906111573766,-0.004333312485434265
1769100096.6162949,2.02718213036414,0.0262016070717178,-0.008665197997612,0.9999906143076397,-0.004332585443983744
1769100096.6690788,2.027207440100818,0.026201387798940247,-0.008662377672283509,0.9999906204162956,-0.004331175294550545
1769100096.7162998,2.02720744010035,0.026201387744907823,-0.008666859461961465,0.9999906107080765,-0.0043334161683599845
1769100096.7665093,2.027207440099792,0.026201387680448503,-0.008674185224225408,0.9999905948285799,-0.004337079015071018
1769100096.816301,2.027182130364771,0.0262016071444536,-0.008669800151028082,0.9999906043353808,-0.004334886499083115
1769100096.8665087,2.0272074401003985,0.026201387750506587,-0.008666164642410608,0.9999906122134873,-0.0043330687618462265
1769100096.916296,2.0272074401006637,0.026201387781109507,-0.008662526257516415,0.9999906200945186,-0.004331249586470151
