timestamp,x,y,theta,qw,qz
1769100595.3264341,0.0,0.0,3.6161160016223804e-05,0.9999999998365463,1.808058000712679e-05
1769100595.5271454,0.0,0.0,-4.409895160350286e-06,0.9999999999975691,-2.204947580173357e-06
1769100595.7279317,0.0,0.0,2.5000474853311743e-05,0.999999999921872,1.2500237426330331e-05
1769100595.9284723,0.0,0.0,1.5570343408084143e-05,0.9999999999696956,7.78517170396343e-06
1769100596.1292608,0.0,0.0,6.327683777909237e-06,0.999999999994995,3.16384188894934e-06
1769100596.3296137,0.0,0.0,2.0268875073848652e-05,0.9999999999486466,1.0134437536750845e-05
1769100596.5302274,0.0,0.0,1.2394241928361388e-05,0.9999999999807978,6.197120964141027e-06
1769100596.730877,0.0,0.0,2.4687276968699426e-05,0.9999999999238173,1.2343638484036257e-05
1769100596.9315202,0.0,0.0,2.927792452173247e-05,0.9999999998928504,1.4638962260343384e-05
1769100597.1321518,0.0,0.0,2.089375626500303e-05,0.9999999999454313,1.0446878132311491e-05
1769100597.3328364,0.0,0.0,2.123234225358428e-05,0.9999999999436484,1.0616171126592729e-05
1769100597.5334978,0.0,0.0,2.3985372565749168e-05,0.9999999999280877,1.1992686282587111e-05
1769100597.734152,0.0,0.0,2.4379380944591726e-05,0.9999999999257058,1.2189690471993989e-05
1769100597.9347498,0.0,0.0,2.3578536921085e-05,0.9999999999305066,1.1789268460269406e-05
1769100598.1354136,0.0,0.0,6.9213287026061735e-06,0.9999999999940119,3.460664351296179e-06
1769100598.3360097,0.0,0.0,2.410311824295906e-05,0.99999999992738,1.2051559121187802e-05
1769100598.536683,0.0,0.0,1.5982770670879466e-05,0.9999999999680689,7.991385335354674e-06
1769100598.7373452,0.0,0.0,2.1736864850658303e-05,0.9999999999409386,1.0868432425115182e-05
1769100598.9379296,0.0,0.0,4.1162760886555466e-05,0.9999999997882034,2.058138044182471e-05
1769100599.138612,0.0,0.0,4.183126654205813e-05,0.9999999997812682,2.0915633269504092e-05
1769100599.3392355,0.0,0.0,2.779042906493358e-05,0.9999999999034616,1.3895214532019648e-05
1769100599.5398428,0.0,0.0,1.8325625210224e-05,0.9999999999580215,9.162812604983787e-06
1769100599.740468,0.0,0.0,1.405438927157782e-05,0.9999999999753093,7.0271946357310745e-06
1769100599.9411175,0.0,0.0,2.747900140112549e-05,0.9999999999056131,1.373950070013047e-05
1769100600.1417463,0.0,0.0,2.0398328994786953e-05,0.9999999999479885,1.0199164497216653e-05
1769100600.3423944,0.0,0.0,2.283947391304195e-05,0.9999999999347948,1.1419736956272767e-05
1769100600.5430381,0.0,0.0,1.2130692865127584e-05,0.9999999999816058,6.065346432526603e-06
1769100600.743798,0.0,0.0,3.48825286919842e-05,0.9999999998479011,1.7441264345107833e-05
1769100600.9444172,0.0,0.0,2.5130406448449595e-05,0.9999999999210578,1.2565203223894157e-05
1769100601.1450298,0.0,0.0,3.954729170775481e-05,0.9999999998045015,1.9773645852588833e-05
1769100601.3456554,0.0,0.0,5.080444765095986e-05,0.9999999996773635,2.5402223822748037e-05
1769100601.5462582,0.0,0.0,5.609402934520039e-05,0.9999999996066825,2.8047014668923066e-05
1769100601.7469532,0.0,0.0,5.990022061655276e-05,0.9999999995514954,2.9950110303798792e-05
1769100601.9475415,0.0,0.0,6.57437868870041e-05,0.9999999994597193,3.287189343758203e-05
1769100602.14818,0.0,0.0,4.836931375362544e-05,0.9999999997075512,2.418465687445513e-05
1769100602.3487954,0.0,0.0,5.0228269653255536e-05,0.9999999996846402,2.511413482398777e-05
1769100602.549456,0.0,0.0,6.135449514649242e-05,0.9999999995294533,3.067724756843452e-05
1769100602.7500913,0.0,0.0,6.939385348379474e-05,0.9999999993980616,3.4696926734935564e-05
1769100602.9506898,0.0,0.0,5.60944462642368e-05,0.9999999996066766,2.804722312844119e-05
1769100603.1514187,0.0,0.0,6.760316408460931e-05,0.9999999994287265,3.3801582035868006e-05
1769100603.351969,0.0,0.0,7.00016940781716e-05,0.9999999993874703,3.500084703193945e-05
1769100603.5526185,5.0621372879321104e-05,3.369771657837876e-09,6.7129317237014e-05,0.9999999994367068,3.356465861220476e-05
1769100603.753226,0.0015439508506440531,1.6445855577102552e-06,0.0013693552337004787,0.9999997656082896,0.0006846775633559861
1769100603.9538572,0.003821908641091732,5.933198259859053e-06,0.001323324485426011,0.9999997811015463,0.0006616621944340575
1769100604.1546009,0.009314320959654518,1.4425652967924275e-05,0.001422719700547349,0.9999997469835924,0.0007113597902784356
1769100604.355257,0.017084695687094878,2.3908897077971744e-05,0.0019125102537412492,0.999999542788101,0.000956254981133546
1769100604.55595,0.027512693647481424,3.545651632014156e-05,0.001428861908423955,0.9999997447942167,0.0007144308934363393
1769100604.7565656,0.038092561518460084,3.693057814232765e-05,-0.0012976149183346222,0.9999997895244479,-0.000648807413647941
1769100604.9572058,0.05082383170160692,2.7834588868446943e-05,-0.0009391153415191458,0.999999889757799,-0.00046955765350454904
1769100605.1578698,0.06244143449024294,2.0665738388537813e-05,-0.0013508790586960065,0.9999997718907297,-0.0006754394779899964
1769100605.3585384,0.07502083637368645,5.617634997064158e-06,-0.0005448497962470297,0.9999999628923377,-0.0002724248947538311
1769100605.5590703,0.08843549782379885,2.6765600644362862e-06,0.0007332282419339947,0.9999999327970439,0.00036661411275447977
1769100605.7598393,0.10309036921165626,2.2063033035100543e-05,0.001119886275049277,0.9999998432318454,0.0005599431082642209
1769100605.9606323,0.11769457280378,6.288607339942856e-05,0.005362585473078408,0.9999964053367841,0.0026812895237569765
1769100606.1612294,0.13323515890151266,0.0001354070644137152,0.0037915885506560336,0.999998202982571,0.0018957931397360957
1769100606.3618064,0.1521926540105341,0.00022450759151607436,0.005439879350086439,0.9999963009663625,0.002719936321326276
1769100606.562513,0.16937855048245037,0.0002638568729226466,-0.001735793567705635,0.99999962337761,-0.0008678966748963611
1769100606.7632067,0.1885134097876607,0.0002704844685253252,0.001849321300059396,0.9999995725013716,0.0009246605182659744
1769100606.9639456,0.2058510779266784,0.0003383108537853495,0.005615923024573292,0.9999960576786631,0.0028079578223234817
1769100607.1646411,0.22291002978351,0.000461224942734079,0.010063648394922416,0.9999873403993339,0.005031802963814966
1769100607.3652272,0.2417658482212052,0.0006150304130629377,0.008327023115267961,0.9999913325982754,0.004163499528684611
1769100607.5659616,0.2591788540596078,0.000775770727991724,0.008041456852429013,0.9999919168823508,0.004020717592868367
1769100607.766646,0.27697152356012,0.0009382811212539632,0.008034931715295774,0.9999919299948955,0.00401745505065208
1769100607.9672647,0.2942074024600899,0.001093546749028414,0.009495598854241569,0.9999887292214718,0.004747781589975435
1769100608.1679103,0.31291098353777175,0.0012877973472784066,0.012628607462441939,0.9999800648504303,0.006314261772302102
1769100608.3685555,0.3300446265888151,0.0015286740437745292,0.015565659338810291,0.9999697139340441,0.007782751098815608
1769100608.569269,0.34735515207664575,0.0017904061945011147,0.015537413409871399,0.9999698237498352,0.007768628561299498
1769100608.7700193,0.36656422549194906,0.0020502048531967475,0.015021552652278232,0.9999717942520844,0.0075107057103184285
1769100608.9705648,0.38392624557122484,0.002249835301649972,0.01174504508232481,0.9999827567890567,0.0058724887874086204
1769100609.171241,0.4013891763527394,0.0024740357835744253,0.014959723143078162,0.9999720259658607,0.007479791824108019
1769100609.3719378,0.4203697995480192,0.002773863588198719,0.017656939442428597,0.9999610293143125,0.008828355037076806
1769100609.5727406,0.43735049436627876,0.0030824834762273215,0.015735450802849837,0.9999690496081597,0.007867644231529412
1769100609.7733006,0.4546343976213332,0.003424734383549428,0.018715587909570088,0.9999562161656577,0.009357657381019617
1769100609.9739585,0.4760676492573267,0.003885215032447851,0.02113505488062778,0.9999441642015129,0.010567330757470865
1769100610.1746628,0.49537549837487943,0.004288243874285024,0.019795108823824143,0.9999510196081833,0.009897392816020024
1769100610.375294,0.5142780209964095,0.004703821193366437,0.023766290823423797,0.9999293962583924,0.011882865745552806
1769100610.5761008,0.5354053786823711,0.005250875026773826,0.028620691208067307,0.9998976087517222,0.014309857182649696
1769100610.7779825,0.5546092636091862,0.005766210845506429,0.02578078343929496,0.9999169200510621,0.012890034739974977
1769100610.97745,0.5738896860238211,0.006259928372251739,0.02703577691237713,0.9999086347371454,0.013517476765203562
1769100611.1781344,0.5958018311387752,0.006810030512800179,0.023646402084414816,0.9999301067727502,0.011822925587031474
1769100611.37884,0.6149556335879569,0.007304206863467921,0.028832413222242757,0.9998960882931297,0.014415707270116974
1769100611.579554,0.6338545758823771,0.007857901148196239,0.03242344289760073,0.9998685929219041,0.016211011330930426
1769100611.7802773,0.6548509167970125,0.008553323616253244,0.03279014159830248,0.9998656038372414,0.016394336314369106
1769100611.980908,0.6743797726428291,0.009208931444133516,0.03430888981516612,0.9998528661181612,0.017153603565973508
1769100612.1815333,0.6937578402546325,0.009829407102617059,0.03227223719532784,0.9998698156630594,0.01613541836828638
1769100612.3822029,0.714880836377608,0.010524134031807963,0.03567341046474549,0.9998409301906064,0.01783575946190906
1769100612.582915,0.734053086789958,0.011236092789711683,0.03953443103026512,0.9998046349569706,0.01976592822406266
1769100612.7836094,0.7529461993219757,0.011962634451541354,0.03781684218378623,0.9998212411319485,0.018907294395815236
1769100612.9842849,0.7788703485723267,0.012963213058261374,0.0379543290848695,0.9998199390168838,0.018976025513126587
1769100613.1850357,0.7941723167025708,0.013543385886447767,0.03597686397383352,0.9998382125200457,0.017987461875426516
1769100613.3855338,0.8197457855809472,0.014437645737403394,0.03715168408618163,0.999827474007293,0.01857477375894038
1769100613.5862496,0.8384110419971019,0.015161543164014283,0.04098455163152456,0.9997900406635106,0.020490841614142146
1769100613.7869964,0.857579286326607,0.015975926073144218,0.042816237367655496,0.9997708549789844,0.02140648347091147
1769100613.9875963,0.8791760788026025,0.016870572494472266,0.03922550577584371,0.9998076761271402,0.01961149553826915
1769100614.1883268,0.894097834330591,0.017457793027173655,0.03841728303142276,0.9998155197180019,0.019207460295982266
1769100614.3890622,0.8891531426225032,-0.004823683340460905,0.04969487323584497,0.9996913183287955,0.024844879915885774
1769100614.5897367,0.9080453408002744,-0.004073111839794408,0.04919390889682082,0.9996975101671781,0.024594474288846608
1769100614.7904005,0.9227136006748389,-0.0034803858719402274,0.05143966628176681,0.9996692633243354,0.02571699758098773
1769100614.991026,0.9483066452392841,-0.0024339792341047037,0.05096205337808254,0.9996753762043915,0.025478269380165477
1769100615.1916454,0.9678317185411944,-0.0016745325026659152,0.04627694633616849,0.9997323174729,0.02313640854291466
1769100615.392322,0.9869547701549504,-0.001002818374806716,0.047320779541755474,0.9997201060356916,0.0236581822629212
1769100615.5931246,1.007846187526169,-0.00020517545217649952,0.051994912551109974,0.9996620851663879,0.02599452790087785
1769100615.793753,1.0227919906495722,0.0004146819952336664,0.05460256656287908,0.9996273431134195,0.02729789186010262
1769100615.994385,1.048257638209648,0.0014783847366969805,0.05286734131361317,0.9996506508705013,0.026430592391831872
1769100616.1951625,1.0677559730364634,0.00227348468494068,0.051446794544537044,0.9996691716592278,0.025720560533420533
1769100616.3956974,1.0873056215611947,0.0030523530265099165,0.05211059846810538,0.9996605798936515,0.026052351269863265
1769100616.5964096,1.1083721046285993,0.003906721143291859,0.05350882331311253,0.9996421220765945,0.026751219975974266
1769100616.797034,1.1270343816876456,0.004703152843397732,0.05766437435375249,0.9995843812843095,0.028828192667320496
1769100616.9977348,1.1465049345200662,0.0055559416551721405,0.05459070073799904,0.9996275050518285,0.02729196115812288
1769100617.1983917,1.1658512168473147,0.0063526706399489215,0.0495324527896207,0.9996933326905022,0.02476369467904303
1769100617.3989918,1.1872753325701233,0.00712858780576308,0.04662861113167271,0.9997282338883535,0.023312193514845855
1769100617.5996528,1.196432805416876,-0.008365417846846246,0.04450355371801574,0.9997524394283556,0.022249940607834584
1769100617.8003411,1.2175251149406572,-0.007523750588951571,0.046420697731464636,0.9997306519450299,0.023208264940869795
1769100618.0010257,1.2365432802404346,-0.00675649699386284,0.04611076147842293,0.9997342364820272,0.023053338276657866
1769100618.2016482,1.2560423667718537,-0.005980003226191605,0.04369040203039533,0.9997614030849878,0.021843463588370207
1769100618.4022856,1.2756688890778285,-0.005223738793150981,0.04356267796844069,0.9997627960142422,0.02177961675017712
1769100618.6028764,1.296688302744099,-0.0044632287438408705,0.03986394626760228,0.9998013647998355,0.019930653385832952
1769100618.8034766,1.3155829532478491,-0.0037777971650190603,0.04287065329249687,0.9997702721821349,0.021433685190836358
1769100619.0042224,1.3369549820677324,-0.0029633871199354067,0.044684548406257546,0.9997504217739556,0.02234041545714681
1769100619.2047136,1.355596789802211,-0.0022902605769517873,0.03908943397337541,0.9998090080989158,0.01954347267662583
1769100619.4053025,1.3769225133843261,-0.0015995187325253957,0.03670228210619995,0.9998316225363985,0.018350111068676327
1769100619.6059632,1.3962255374695154,-0.0010087708123507483,0.03627402752213403,0.9998355288745717,0.018136019411808858
1769100619.8065908,1.4151232351111804,-0.00041313885664406164,0.036527698621199096,0.9998332205402841,0.0182628339543364
1769100620.007272,1.4362969205244442,0.0002804885842492208,0.03663505438339451,0.9998322387896379,0.01831650285672984
1769100620.2078798,1.4558515031342103,0.0009239589921483105,0.036389131477067696,0.9998344834549491,0.01819356189357009
1769100620.4085338,1.4754587409481006,0.0015023710094347192,0.03171769505561556,0.999874251113097,0.015858182778093494
1769100620.609135,1.494662388826738,0.002026366192734781,0.03399568860144017,0.9998555401228075,0.01699702579067036
1769100620.8099198,1.5185774634072493,-0.004134291923934691,0.040170157567452514,0.9997983015858655,0.02008372838938799
1769100621.010584,1.5376525241126737,-0.0035416124169100893,0.041958857944131615,0.9997799398515549,0.02097789003740311
1769100621.2111127,1.5567538426866177,-0.0029802050130214586,0.0393782021053494,0.9998061759114887,0.019687828962214986
1769100621.4117756,1.5783351877140366,-0.0023684025752170115,0.036266839145322735,0.9998355940523843,0.01813242581442629
1769100621.6125107,1.597843399503831,-0.0018726993017488328,0.0355038399937041,0.9998424388059749,0.017750987649154684
1769100621.8128998,1.6167693431909935,-0.001378360717123342,0.03782671299233652,0.99982114780463,0.0189122289176128
1769100622.0136592,1.6379199232719992,-0.0007559041789033452,0.04303128267636512,0.9997685475178297,0.021513981363036783
1769100622.2142158,1.6574501465477292,-0.00014289805950703366,0.041416543487067616,0.9997855914029772,0.020706791711880494
1769100622.4148517,1.676854929486713,0.00043183848288149557,0.037990328909252725,0.9998195972881215,0.01899402218116126
1769100622.6155589,1.6983607570635515,0.0010275500636122772,0.03831295928973326,0.9998165202548852,0.019155308021867396
1769100622.816173,1.717765468130165,0.0016049713721747946,0.04074278029755684,0.999792510407422,0.020369981178807214
1769100623.016824,1.7367391721606749,0.0021993813943919013,0.0423902598671321,0.9997753916422056,0.021193543042027328
1769100623.2174356,1.7556112117822962,0.0028055418196988105,0.042488681842592246,0.9997743474764308,0.02124274295087597
1769100623.4181108,1.7774431070771592,0.003505780893213871,0.04060876228313231,0.999793873134999,0.020302986029583973
1769100623.618751,1.7970254333427358,0.004070112708887914,0.036504522636756055,0.9998334321027323,0.01825124789352804
1769100623.8194668,1.8159768081358005,0.00455998004921615,0.038481217538015845,0.9998149051973951,0.01923942164213136
1769100624.0201101,1.8167166577403302,-0.011805267445268663,0.035151688696045354,0.9998455488237518,0.017574939468760754
1769100624.2207592,1.8359678479192578,-0.011177980565438596,0.03682542505145877,0.9998304907978338,0.018411672139235388
1769100624.4213817,1.8552456176603516,-0.010589001563400646,0.030869570353579068,0.9998808860680364,0.015434172339272464
1769100624.622053,1.8768266395628497,-0.009966206046510225,0.028978081061523393,0.9998950356885515,0.01448853358315992
1769100624.8226979,1.89595353234353,-0.009413518592821357,0.03153883427660666,0.9998756653181634,0.015768763571064933
1769100625.0233152,1.9163700216934676,-0.008799550034202429,0.03269989964422702,0.9998663425478991,0.016349221384744223
1769100625.223872,1.935216764729873,-0.008194260831486326,0.03506798495910622,0.9998462834921524,0.017533094048981766
1769100625.4245708,1.9547973816401267,-0.007573033355665407,0.03093681092999926,0.9998803666016196,0.015467788614108698
1769100625.6253567,1.9764042324978877,-0.006969107317424214,0.02488499676222056,0.9999225931156762,0.01244217733444255
1769100625.825777,1.9956349654198458,-0.006515337789836401,0.02650384059023634,0.9999121945892411,0.013251532429412736
1769100626.0264306,2.0148897208222603,-0.0060087266166305164,0.03114606333781504,0.9998787427929505,0.015572402216377216
1769100626.227188,2.0361668316403487,-0.005384571819235857,0.031999458883674683,0.9998720070593526,0.015999046818538875
1769100626.4279058,2.055243461092886,-0.004844800210722998,0.029616659613492094,0.9998903586877621,0.014807788601219387
1769100626.6283944,2.074952414234235,-0.0042806363218299,0.03091717965971843,0.9998805183796216,0.015457974152501091
1769100626.8290355,2.096382713297353,-0.00370039658139025,0.029143863101703384,0.9998938312841246,0.014571415852781364
1769100627.0296266,2.11520719617774,-0.0031991856355025883,0.029710269434898535,0.9998896645153095,0.014854588363933982
1769100627.2302177,2.1188945022107815,-0.007980709416650189,0.03720626048533157,0.999826966762901,0.018602057243672435
1769100627.430822,2.14032248910672,-0.0073210287087775855,0.03497657131071148,0.9998470838298031,0.017487394232379397
1769100627.6341476,2.165648731006617,-0.0066183812411428,0.03185791481730168,0.9998731368404044,0.01592828380366503
1769100628.0326755,2.199958034937193,-0.005712043568017203,0.03445950801071355,0.9998515714604413,0.017228901534513168
1769100628.2333431,2.2188817748733802,-0.0051396930363104415,0.03427377491275064,0.9998531671376094,0.017136048695418706
1769100628.4339912,2.2443565810791464,-0.004323788546379326,0.0393990245526098,0.9998059708829122,0.019698238166832055
1769100628.6346152,2.2596358158363263,-0.0038168438391848886,0.037508895805588506,0.9998241404966,0.01875334850727301
1769100628.83523,2.2854388740050045,-0.0029716313231849117,0.03712197200475682,0.9998277498445562,0.018559920279231954
1769100629.0358932,2.304334816026763,-0.0023226211901150595,0.03672176522806266,0.9998314437302324,0.018359850988477512
1769100629.236577,2.3235089646618254,-0.001662714449714539,0.03998679447651681,0.9998001386912152,0.01999206525166393
1769100629.437194,2.3384334277704104,-0.001148913554430503,0.04017839295807747,0.9997982188787152,0.020087845253997576
1769100629.6378965,2.3642016004963367,-5.541908104729487e-05,0.05734557846514538,0.9995889637403669,0.028668860606231444
1769100629.8385732,2.383909816153718,0.0011049488626523468,0.07265927933051314,0.9993401512204032,0.03632164862422611
1769100630.039258,2.3988550175470493,0.0021804479488643363,0.08511657158520299,0.9990945328333329,0.042545439973565
1769100630.2397141,2.412838174908568,-0.02176085554113888,0.08809100848884364,0.9990301535854952,0.04403126419876939
1769100630.4404447,2.4319024278053774,-0.01960734822662044,0.11422631687239009,0.9983694868550009,0.0570821138088123
1769100630.6412199,2.4508962263215723,-0.017089506243210914,0.1273222699341534,0.9979743142175055,0.06361814334055761
1769100630.8418298,2.4722059110485115,-0.0139534697605911,0.14118523013205733,0.9975093759043447,0.07053399877310734
1769100631.0425463,2.491460859851389,-0.01078101589593336,0.16269829625532484,0.9966929823861568,0.08125945398652518
1769100631.2432091,2.51177588187604,-0.007058698639684238,0.1768352469659009,0.9960937077678262,0.08830246511476487
1769100631.4439428,2.5304390330119726,-0.003322541116712388,0.19378253050562305,0.9953097124178553,0.09673973520062092
1769100631.6446528,2.5493749899540292,0.0008392973871375747,0.21644240380528773,0.9941497987872816,0.1080100808777007
1769100631.845204,2.56801759703252,0.005261369579444522,0.23022212992570995,0.993382033850584,0.11485701904053253
1769100632.046032,2.5890026850914163,0.010546002809322996,0.24094029387562416,0.9927522438039774,0.12017895998122217
1769100632.2469912,2.5486976156616477,-2.5796893997953596e-05,0.2837112562045203,0.9899553514037949,0.14138034597138696
1769100632.4476068,2.56686495169622,0.005301339316531539,0.3070814501696994,0.9882357617237478,0.15293815498522237
1769100632.6483283,2.587016548762024,0.011670336944829163,0.3228831408587814,0.9869965892488339,0.16074119823856184
1769100632.8489807,2.605592729183407,0.01789230687286332,0.34122378804521475,0.9854810607393889,0.16978539078486365
1769100633.0497851,2.623581812971999,0.024264126402403843,0.3563803650156191,0.9841660922051118,0.17724870367288853
1769100633.250637,2.6436008633598487,0.03171934261326302,0.37323531034542295,0.9826374026209763,0.1855363440684906
1769100633.4514089,2.661817776558514,0.0387869470257982,0.381495976114904,0.9818626962235931,0.18959336951627853
1769100633.6519885,2.6793805786413163,0.04572031427758734,0.3855294553014666,0.981478339293612,0.19157314398801722
1769100633.8527079,2.698772318250578,0.053397047947243106,0.38538239260108675,0.9814924232721791,0.19150097404270733
1769100634.05347,2.7169047217385365,0.06054170976246655,0.38081156699536794,0.9819275184478723,0.18925736053005532
1769100634.2541285,2.7352570038291404,0.06768016981193804,0.3745052845647544,0.982519391338102,0.18616026870577296
1769100634.4549215,2.755047448262839,0.07531010751788451,0.37529602710498,0.9824457121251879,0.18654871408517487
1769100634.65561,2.772777336408939,0.08223338352535033,0.3826536244907637,0.9817527905211961,0.19016166360190592
1769100634.8564749,2.7905282522799957,0.08917218573273104,0.37917640166274474,0.982081923787583,0.18845449044711068
1769100635.0571702,2.8103405677640194,0.09681574025904326,0.3708729744014077,0.9828558666902474,0.18437555508408013
1769100635.257872,2.828413334922487,0.10369380802420856,0.3689783881466823,0.983030083370475,0.18344441988961382
1769100635.4584703,2.8406591107904116,0.10623847486347893,0.3679085867472695,0.9831280672826818,0.18291857019181695
1769100635.65935,2.85814989253766,0.11286678649851697,0.3725843718986716,0.9826977369442267,0.18521651601489372
1769100635.8599977,2.87700717172892,0.12003178830467245,0.3727305715261109,0.9826841950258569,0.18528835054148318
1769100636.0607646,2.8953982567718035,0.12699858064775507,0.36997942991252347,0.9829381424763858,0.1839364239759826
1769100636.26216,2.9135408226699844,0.13376332631105975,0.3626386771760673,0.9836066359662676,0.1803274401834682
1769100636.4619598,2.931642313727235,0.14042019260060984,0.3616098510644163,0.9836992686103497,0.17982143625125155
1769100636.6628246,2.9516036701594204,0.14781277430891016,0.3655920241639623,0.9833392789031782,0.1817797088956234
1769100636.8634255,2.9694893128482076,0.1544696156078207,0.36554981833377437,0.9833431147659838,0.1817589575298374
1769100637.0640738,2.989368218092635,0.16179326378275455,0.36340787572783306,0.9835372094191858,0.1807057212373774
1769100637.2644727,3.0077752020010498,0.16849939021061577,0.35717879419644566,0.9840952535139528,0.17764158300158517
1769100637.4652953,3.0263361795503427,0.17515167186282526,0.3515758903766471,0.9845890455623926,0.17488399400327312
1769100637.6686294,3.0441898113363792,0.18152680928011666,0.35441075150714546,0.9843401706535332,0.1762794044628391
1769100638.0670033,3.0822948156618195,0.19523894120195662,0.35259303095372985,0.984499977434042,0.17538470410035972
1769100638.2676613,3.100447470850364,0.201679747988236,0.34742988440208417,0.984949464787864,0.17284256366445183
1769100638.4681427,3.1205774639873542,0.2086773895119438,0.3394771911818282,0.985628958247423,0.16892470708602556
1769100638.6687348,3.1066710974445693,0.1948091479071959,0.3218250452994148,0.9870814908928978,0.1602190074137719
1769100638.8694208,3.1245229686315636,0.20103717705738455,0.3183077588342079,0.9873617323855113,0.1584828363599098
1769100639.0699997,3.1445067301970915,0.2079929905730542,0.31950340759404383,0.9872668110492114,0.1590730769197624
1769100639.2707558,3.1629923504882247,0.21432440093571714,0.3118965005124312,0.9878646956281173,0.1553169119303084
1769100639.4713292,3.1815851894585228,0.22057595296403948,0.3052632090283404,0.9883743925388289,0.15203966644761194
1769100639.672035,3.2015499051060914,0.22719446048975472,0.30599283240246433,0.9883188609226712,0.15240022685191043
1769100639.872584,3.2198453723068705,0.23329808339707153,0.3084496858030243,0.9881309027595846,0.15361418883530403
1769100640.073343,3.2379633260278666,0.23937385462844268,0.30739680096425964,0.9882116348549742,0.1530939735497746
1769100640.2739358,3.257922008243232,0.24601063565333564,0.30512010308885384,0.9883852688983195,0.15196894493545948
1769100640.474638,3.2762916522823464,0.2520513052408713,0.2995041240704694,0.9888080989306086,0.14919297399420603
1769100640.675442,3.294988432111304,0.2581503007479262,0.2995464148856354,0.9888049439633031,0.14921388271112357
1769100640.8759725,3.3150250756589026,0.2647122706992866,0.30176968587926517,0.9886384615992028,0.15031298096558918
1769100641.0768392,3.33302821529942,0.2706520923799206,0.3026100649611654,0.988575214381959,0.1507283832251365
1769100641.2776012,3.3515875403103874,0.27676414629246776,0.3009757465798059,0.9886980533917924,0.14992050966855844
1769100641.4782045,3.3721008755913844,0.28341536978797505,0.2965007155868942,0.9890310276302033,0.14770790901215836
1769100641.679023,3.389842306931674,0.2890960137723983,0.2970013904445788,0.9889940198217201,0.14795549586573375
1769100641.8795927,3.4344684428923324,0.2722987885601001,0.3131186653747111,0.9877695997528149,0.15592054965322513
1769100642.0802734,3.452505057643301,0.2781361667889626,0.31180377347997734,0.9878718956045364,0.15527111088254636
1769100642.2809694,3.4705503658000616,0.28394670361479424,0.30729586458904556,0.9882193599718433,0.1530441001046444
1769100642.4815996,3.4893377545217543,0.2899293854283529,0.29956378498800146,0.9888036479958018,0.14922247052704418
1769100642.6824136,3.510127881548714,0.2964625645572532,0.3000632399454586,0.9887663522120717,0.14946939731340805
1769100642.8828788,3.528209236640862,0.3021598443493695,0.30363619081615106,0.9884977511267108,0.15123556465803747
1769100643.0836236,3.5525195710638435,0.30990130242172703,0.3067808449394051,0.9882587375657556,0.15278961883890918
1769100643.2843187,3.5709756363092064,0.31575677447183154,0.3022804602688248,0.9886000413482775,0.15056546166430065
1769100643.4849923,3.5852080432175337,0.3201939665261817,0.2974160121564207,0.9889633257890645,0.1481605218816149
1769100643.6856823,3.6101698889657796,0.32780129039983175,0.28905269767163716,0.989574233881824,0.14402373289566245
1769100643.8863094,3.628477210201083,0.33336767807788015,0.2919276988118651,0.9893661773231536,0.14544609712525886
1769100644.0870054,3.6425195023723833,0.33764813114750897,0.2928358223818776,0.9893000338210882,0.14589531548885878
1769100644.287655,3.666799491117876,0.34506173951276325,0.2874991699403003,0.9896858077663057,0.14325502401645482
1769100644.4883764,3.6854765472840376,0.3507171570743159,0.28621623417601244,0.9897774976383983,0.1426201429275349
1769100644.6889322,3.703822688305632,0.3561540622155586,0.283305260015114,0.9899840309473064,0.14117938400957436
1769100644.88958,3.7510672310686406,0.34673870069739804,0.2770017566875369,0.9904240755508789,0.13805850415380758
1769100645.090156,3.7695821408649395,0.35231824487008606,0.28011693093056905,0.9902078360671335,0.13960100784466037
1769100645.2908022,3.789772298834254,0.35839149592625535,0.2751503726874554,0.9905514508354825,0.1371416174898076
1769100645.4914405,3.8079562070430573,0.3637524113577603,0.26396967423697265,0.9913026380583756,0.13160197482752736
1769100645.692073,3.827118417644296,0.3690981723392263,0.24189178309744486,0.9926949569673159,0.12065124289313693
1769100645.8927598,3.8459060077024474,0.3739856411029226,0.22783939654391513,0.9935181656643223,0.11367345554262144
1769100646.0933516,3.866120829681521,0.37890641682717036,0.2134691498707204,0.9943092708620873,0.10653203216734576
1769100646.2939668,3.8848655289223815,0.383111023265396,0.1914724399767948,0.9954207872300518,0.09559004315462953
1769100646.4946234,3.9057762797725437,0.3873508691564648,0.16801293104960452,0.9964735314897014,0.0839076935712272
1769100646.6950986,3.9246818684586837,0.3907582579688245,0.1495964739339838,0.9972039158601652,0.07472850990855201
1769100646.895744,3.943761598045469,0.3939027019167171,0.14658373111907821,0.9973153533034196,0.07322626622514256
1769100647.0964274,3.9627603224399146,0.3970728585369199,0.15111540799484768,0.9971468744374178,0.07548583178112678
1769100647.2971087,3.9833230700637308,0.4005580185276835,0.15153103931392634,0.9971311657675486,0.07569305288498757
1769100647.4977741,4.0022974701782275,0.40372025346739765,0.14348276796863316,0.9974276904651527,0.07167985974701342
1769100647.6983893,4.024018416226401,0.4070160290202944,0.12393441432583682,0.9980806469187047,0.061927556437662935
1769100647.8989754,4.0426979493107975,0.40959164953743704,0.11965284051356005,0.9982109334341442,0.059790738183555125
1769100648.0996883,3.9982867325259366,0.43043711829271475,0.14487707274658945,0.9973774762981182,0.07237520136895348
1769100648.300293,4.019481414360982,0.4333025418413266,0.14378437155743207,0.9974168696723796,0.07183027281690683
1769100648.5010283,4.0383997944665975,0.43581321174726945,0.1374693500554298,0.9976387020979789,0.06868056549170279
1769100648.701719,4.05742631325192,0.4380724397346483,0.11980641532711891,0.9982063393155357,0.05986738803620484
1769100648.9022546,4.078919424908774,0.4403695387403826,0.11523690034155212,0.9983405162842135,0.057586574350016274
1769100649.102905,4.097710258802207,0.4424625268823283,0.1221903896728082,0.998134269031444,0.06105719437597046
1769100649.3036869,4.1185269563052405,0.44488586012473,0.12351807157126517,0.998093516837254,0.06171978327442688
1769100649.5041265,4.1375187761632475,0.44700387763817256,0.11688946642124844,0.998292592674609,0.058411466434314746
1769100649.7048676,4.156693573486951,0.4490786861258675,0.11613326619272049,0.9983146066984139,0.058034007724706356
1769100649.9054189,4.177655808430179,0.45133946926342267,0.11740177549162198,0.9982775975611817,0.05866718169023679
1769100650.1061077,4.196628072664112,0.4534040941238529,0.11887483910897165,0.9982341165472917,0.05940242891539121
1769100650.3067994,4.215671575472406,0.45551534570710844,0.1226740308121426,0.9981194749620191,0.061298561985933066
1769100650.5074353,4.236949328652599,0.4579168128103199,0.12267824861808466,0.99811934568708,0.061300666922922936
1769100650.7080922,4.256274349030615,0.46001477466670065,0.11356615439906424,0.9983882742013903,0.05675256767027731
1769100650.908644,4.275459709065165,0.46198939944071743,0.11292513331932835,0.998406412716463,0.056432570795983204
1769100651.109372,4.290124664187936,0.44897211009377336,0.11432347107599874,0.9983667127934047,0.05713061163764519
1769100651.3098574,4.308789728681876,0.4510511314650495,0.11656780843436985,0.9983019740210198,0.058250911286734666
1769100651.5104282,4.330177469427461,0.45337937353577773,0.11168920787974816,0.9984410953044998,0.05581558211781732
1769100651.7109528,4.349480556794896,0.45544506015947206,0.10794383967932802,0.998543869457721,0.05394572057542432
1769100651.9116485,4.368686976872329,0.45746206264806955,0.10653239866672332,0.9985816913976987,0.05324101431519845
1769100652.1121469,4.389633680466367,0.4596288488258584,0.10587183530934148,0.9985992214633279,0.05291119817992566
1769100652.312855,4.4087343064286095,0.4616832971098931,0.11534152052881484,0.9983375025592163,0.057638797557086875
1769100652.513386,4.427424615967371,0.4637645571642557,0.11377711531440526,0.9983822823604923,0.05685787780645952
1769100652.7140355,4.448917295244203,0.46606380484674115,0.10880412797611577,0.998520572645117,0.05437523337391484
1769100652.9145932,4.468458144557412,0.46804540721028143,0.10464910568628119,0.9986313828843377,0.05230067990490506
1769100653.1152098,4.487113656462662,0.46997697541943106,0.10975012019093645,0.9984947416751865,0.05484752361777629
1769100653.3157823,4.508077791448389,0.4722201852862715,0.11356128685389358,0.9983884123212768,0.05675013782009796
1769100653.5163798,4.527302350797512,0.4743056866336248,0.11399716936845643,0.9983760204140656,0.0569677264964418
1769100653.717051,4.548388979759649,0.4765933207575218,0.11381554799483284,0.9983811895758334,0.056877063049561714
1769100653.9175897,4.567745643300652,0.4786341197028905,0.10706318107339106,0.998567526534711,0.0535060272338461
1769100654.1181898,4.58670493207038,0.4805806884855218,0.10808719211663101,0.9985400002674614,0.05401729228551086
1769100654.3187466,4.593096441882125,0.48370312240178415,0.10593356597367502,0.9985975878659539,0.052942020251389284
1769100654.5194278,4.611509177337664,0.4857617230030108,0.10759624601746452,0.9985532299722745,0.05377217600151553
1769100654.7200336,4.630632223902052,0.48784438285557086,0.1034799237023522,0.9986617867494934,0.051716880090639024
1769100654.9206579,4.652078480313393,0.4901016640301933,0.10366630967414603,0.9986569627623683,0.05180994813973384
1769100655.1212482,4.6712355999504185,0.49210364371169635,0.10171175092322896,0.9987071186519688,0.05083395670103112
1769100655.3218465,4.69195134185815,0.49428898268245913,0.10730730653231592,0.9985609880040169,0.05362791471278336
1769100655.5225768,4.710870365915298,0.4963743422606274,0.10964053395349774,0.9984977454431747,0.054792812894548425
1769100655.7231128,4.729737144453357,0.49847176965027706,0.10569722482714956,0.9986038370824718,0.05282401503259831
1769100655.9237258,4.751178625912789,0.5007734213226668,0.10069656774915332,0.9987327928815661,0.0503270148427927
1769100656.1243773,4.770135552539648,0.502742696359061,0.10257198815168063,0.9986851616402143,0.05126351450748587
1769100656.3251584,4.790795793939627,0.5049714254067609,0.10776852552950274,0.9985485943454976,0.05385819093351474
1769100656.5257676,4.809436091855338,0.5070442635144043,0.11057813304504834,0.9984719488768914,0.05526090214593335
1769100656.7264848,4.83021811892695,0.5093233088560297,0.10627316189934381,0.9985885840233527,0.05311157932349058
1769100656.9272132,4.849017021026599,0.511343377824417,0.10350099499544273,0.9986612418232986,0.051727401635372
1769100657.1279109,4.870302477929287,0.5134296582050376,0.08445593691344055,0.9991085318240902,0.04221541941413064
1769100657.3286073,4.889150811653562,0.5149198093945596,0.0697932620330616,0.9993911743599899,0.03488954874113846
1769100657.5294042,4.941687871628799,0.49685611283277487,0.048159174149146174,0.9997101007511711,0.024077260144864162
1769100657.7298906,4.9607227136177485,0.49780881590687964,0.0254237921042822,0.999919204937377,0.012711553697484506
1769100657.9305077,4.979723153667291,0.4983373972667072,0.002188493153252695,0.9999994013122745,0.0010942463582556741
1769100658.1311963,5.005513866626084,0.4984472812884073,-0.018604551442790846,0.9999567341451941,-0.009302141564038217
1769100658.331873,5.0203193997360565,0.4982727620001165,-0.031696176209594036,0.9998744216801184,-0.015847424707150497
1769100658.532534,5.045289624153412,0.4975344808003037,-0.054190642246082686,0.9996329442438059,-0.027092005877382856
1769100658.7332306,5.0602552014553215,0.4967987736938779,-0.0683351504954437,0.9994163451851744,-0.0341609276324337
1769100658.9338975,5.079598619278248,0.4954851058756562,-0.09088164942686938,0.9989677433658763,-0.04542518810625462
1769100659.1372728,5.1049553008313415,0.49317414782382274,-0.11739745166641313,0.9982777243921684,-0.0586650235011788
1769100659.535776,5.149035943377076,0.5016386930780093,-0.15226890355160858,0.9971031723095861,-0.07606092143906638
1769100659.7364411,5.163661795423994,0.49949967512088733,-0.1687701364909475,0.9964416923921219,-0.08428495513864823
1769100659.9370775,5.188778837877517,0.4953255425458618,-0.19424009870938366,0.9952875538562818,-0.0969674437054991
1769100660.1376667,5.203534303116936,0.49257857730779797,-0.20721952288895057,0.9946373086093828,-0.1034244860866288
1769100660.338426,5.226480742456349,0.48793311857216726,-0.22466777944457447,0.9936971806825436,-0.11209778366927811
1769100660.539079,5.247038416254548,0.48336818063299125,-0.24514731060225387,0.9924972502048278,-0.12226695520808356
1769100660.7397256,5.265865713746804,0.4787412274850297,-0.2694497776695486,0.9909383210026155,-0.13431769789762427
1769100660.9403718,5.285044859360407,0.47355305532073166,-0.2911597190354238,0.9894219542122112,-0.1450661798038704
1769100661.1408856,5.305152828640836,0.46773974001426144,-0.3043862476879135,0.9884409639764884,-0.15160626877946146
1769100661.3416402,5.323281191457406,0.46219459069182356,-0.31943497045276065,0.9872722537245295,-0.15903929396752287
1769100661.5423598,5.327472769814527,0.45094613240545817,-0.3412949637666631,0.9854750178164962,-0.1698204618400759
1769100661.742817,5.348136037808721,0.4442650910189742,-0.3401819741754394,0.9855693694206911,-0.16927202385421353
1769100661.943485,5.366654081308717,0.43827127263366555,-0.3424561647822234,0.9853762538753532,-0.17039260048069982
1769100662.1441514,5.3847400996441666,0.43242216217935464,-0.3375380901753942,0.9857922759970635,-0.16796901078630325
1769100662.3448162,5.404952121791299,0.4259916814673976,-0.3303078931297625,0.9863930575754849,-0.1644041847608698
1769100662.545522,5.423133365425847,0.420274620362138,-0.3315123059360129,0.986293873469731,-0.16499816712943896
1769100662.746108,5.441596048885519,0.41435654791266535,-0.34203535002011276,0.98541208392398,-0.17018526627354952
1769100662.9467168,5.462343336187391,0.4076064353726429,-0.3413892521653003,0.9854670106716514,-0.16986692108200274
1769100663.1474774,5.480386316529302,0.4017887644682659,-0.3365780096843261,0.9858727942968345,-0.16749577148498812
1769100663.3480809,5.499832377953925,0.3955389376327941,-0.3365642641545958,0.9858739454326041,-0.16748899580913018
1769100663.5487607,5.517972088823954,0.3896913169583343,-0.3383584099394762,0.9857232989288721,-0.16837332908979827
1769100663.749482,5.5362321681268645,0.3838046201994218,-0.3391592226409373,0.9856558021622484,-0.16876800545095852
1769100663.9502044,5.556762032050532,0.37712233193619454,-0.34490449883530583,0.9851669265894766,-0.1715987376242751
1769100664.150771,5.574931364727039,0.3712019641552153,-0.3416034271721725,0.9854488143966547,-0.16997245130969824
1769100664.3514,5.594871602128171,0.36483521608820985,-0.33352003432637184,0.9861277407798086,-0.1659881889307512
1769100664.5520937,5.6125913354012935,0.35925344103402584,-0.3356522591206526,0.9859502183331391,-0.1670394174104885
1769100664.7554128,5.620723016249198,0.3359958319598349,-0.3322278522390124,0.9862347784331348,-0.16535102602931026
1769100665.1538908,5.657531386482651,0.3251637333317687,-0.29532371113960926,0.9891177827901291,-0.14712583650854497
1769100665.354566,5.678175396557263,0.31967147207948604,-0.27874813012026833,0.9903031471373986,-0.13892327655855108
1769100665.555235,5.69686804756423,0.31513128314261757,-0.2531852238611556,0.9919978505342892,-0.1262547604462891
1769100665.7558758,5.715417804029049,0.3109831340669755,-0.2370844698951683,0.9929820931660119,-0.11826479886950964
1769100665.9564822,5.736434741242407,0.3066293237695708,-0.22334929381373372,0.9937708644047684,-0.11144267163075139
1769100666.1571121,5.755880306551808,0.30293806213773794,-0.20441136006734928,0.9947815445239859,-0.10202783284218629
1769100666.3577626,5.774618459409384,0.29974641382705736,-0.18378360976816607,0.9957809182151753,-0.09176253548449038
1769100666.558487,5.795275769798952,0.2966991216145585,-0.16094018337396784,0.9967640289309946,-0.08038327331759648
1769100666.7590702,5.800247054350122,0.26064348661966963,-0.15630206201290733,0.9969477621340038,-0.0780715029700456
1769100666.9597075,5.819168463140914,0.2585813629262517,-0.14443584221234435,0.9973934191006444,-0.07215516291109267
1769100667.1603935,5.839884253695622,0.2566539763990215,-0.12531200581317273,0.9980377547203172,-0.06261501539429587
1769100667.3611164,5.859089996250817,0.25519504589267955,-0.1069994276371529,0.9985692316239239,-0.05347419615110086
1769100667.5617142,5.880365939968456,0.2539713473510801,-0.09013265199490705,0.998984684987841,-0.04505107279237722
1769100667.7623565,5.899133179432948,0.2532580081533797,-0.07416311114243623,0.9993125578954257,-0.037073058040867274
1769100667.9630773,5.920189469444305,0.2529309535663189,-0.04683357776011635,0.9997258395275168,-0.023414648854974518
1769100668.1637073,5.939146945711104,0.25300090636208206,-0.03117366615968714,0.9998785277766004,-0.015586201952309177
1769100668.36435,5.960479102930662,0.2534476333203055,-0.01288590321494007,0.9999792442590925,-0.006442907031330272
1769100668.565035,5.979220484209307,0.254155781731302,0.005999295615799011,0.9999955010598877,0.0029996433094862077
1769100668.765736,6.000170787351991,0.25531595051188105,0.017620172805935835,0.9999611914398061,0.008809972433750222
1769100668.9664333,6.011936001192739,0.23753513943599575,0.024812196277126636,0.9999230453515114,0.012405779901290185
1769100669.1671085,6.031208624529167,0.2387693614856854,0.02302761292633819,0.9999337168626197,0.011513552071639769
1769100669.3677723,6.050558299062484,0.23998740917145345,0.017024729845715948,0.9999637700404805,0.008512262121730816
1769100669.5682795,6.072164116634734,0.24121357461103582,0.014154686819162987,0.9999749557096682,0.007077284327135139
1769100669.768937,6.091442337025705,0.2423558710462087,0.024996477435984158,0.9999218980311482,0.012497913337280845
1769100669.9696586,6.110433561242136,0.24362435813002875,0.027947217933803916,0.999902370714841,0.013973154219457287
1769100670.1702912,6.13149496481678,0.24504276163801758,0.025273976872140003,0.9999201543242112,0.012636652097985764
1769100670.371188,6.150791738648084,0.24629495303965604,0.024549581829039064,0.9999246656998976,0.012274482675377296
1769100670.5716395,6.171804087654163,0.24768845110990106,0.0260397483636369,0.9999152426354737,0.01301950633633254
1769100670.7723465,6.1906967971069164,0.24891364248425846,0.026295832909311662,0.9999135673915787,0.01314753764956823
1769100670.9729762,6.211657802101809,0.25031596614291424,0.030295600744503895,0.999885274265674,0.015147221086980888
1769100671.173663,6.2307935998540405,0.2516959671328261,0.034704045453757715,0.9998494574309721,0.017351151978779945
1769100671.3743749,6.249753743626719,0.2530483713408564,0.029976267354758855,0.9998876800271269,0.014987572517588027
1769100671.5748978,6.2711719001762845,0.2544431316708586,0.022351085719981817,0.9999375542708145,0.0111753102373815
1769100671.7756538,6.290012085547537,0.25569542304921616,0.028828972998716944,0.9998961130882782,0.014413987337072491
1769100671.9763958,6.310916100259454,0.2571886038526395,0.030003018527999428,0.9998874794701094,0.015000946600521705
1769100672.1770926,6.351629233240835,0.23565415281697163,0.022552045147309407,0.9999364263310725,0.011275783619933309
1769100672.3778036,6.372782482744373,0.23721012158667895,0.02464527565050077,0.9999240772592437,0.012322325967526212
1769100672.5785832,6.3920169121724895,0.23862976069358507,0.022769482231718513,0.9999351945348326,0.011384495183648787
1769100672.7790792,6.410901060059921,0.23998054367487806,0.02357652503238364,0.9999305192380357,0.011787989495773206
1769100672.979693,6.432055376474023,0.24152112644437948,0.028783675174180796,0.9998964392929528,0.014391340774034906
1769100673.180396,6.450777254448395,0.2430041206358484,0.03301384591600989,0.9998637638407235,0.016506173337934672
1769100673.3811212,6.476516434138474,0.24500515704983292,0.024051787049701692,0.9999276898139418,0.012025603658587377
1769100673.5817459,6.491535261903485,0.24611559555833049,0.0232592845355053,0.9999323764725327,0.011629380120759706
1769100673.7823691,6.510820058861925,0.24754061792737123,0.02839815852598289,0.999899194767703,0.014198602145957159
1769100673.9831598,6.531816771456506,0.24915246436248992,0.0280114535576132,0.9999019214119755,0.01400526888851036
1769100674.1836996,6.5508145290301405,0.2506787749394689,0.03366635195789873,0.9998583254386375,0.016832381027166502
1769100674.3844807,6.576263250401838,0.25281810302429153,0.03819288126742039,0.9998176685186259,0.019095279992165082
1769100674.585091,6.595789462105193,0.25440334722334723,0.02883245482229256,0.9998960879932824,0.014415728067980506
1769100674.7857664,6.610879164188785,0.25558347843039353,0.02797532242294223,0.9999021742619373,0.013987205090735783
1769100674.9864593,6.634214539243486,0.2574806507784174,0.03810656072413307,0.9998184917448625,0.019052127572225658
1769100675.1872113,6.68783304865288,0.23871369708257298,0.018956244026172013,0.9999550829378137,0.009477980102862433
1769100675.3877823,6.706369346959943,0.24029198206535454,0.016738456028182042,0.9999649782156469,0.00836913031209667
1769100675.5886085,6.731719002315819,0.2424008186590725,0.012359768340743297,0.9999809045765933,0.006179844834486626
1769100675.7891293,6.750866667323004,0.24395698264492363,0.009434534785243138,0.9999888737148057,0.004717249897387808
1769100675.9898424,6.771732404192121,0.2456200033141789,0.01583984648255739,0.9999686375718612,0.007919840445097743
1769100676.1905413,6.7865863316466,0.24688835267875744,0.022711965235417342,0.9999355215223175,0.011355738544502236
1769100676.3912704,6.811667485460648,0.24916321087184848,0.02117724245406185,0.9999439410740303,0.010588423364046955
1769100676.5920186,6.830554011166448,0.2508040235175746,0.0157474005068417,0.9999690025823009,0.007873618898460864
1769100676.793124,6.852092936849281,0.2526195252934105,0.017518896065816237,0.9999616362803777,0.008759336017618836
1769100676.9930742,6.871104835805074,0.2542797695353316,0.022092281196814285,0.9999389920092794,0.011045915963212454
1769100677.1936982,6.8897863121916005,0.255941337972168,0.020521394034749476,0.9999473595102022,0.01026051697403734
1769100677.394365,6.9110625843601925,0.25785564302571984,0.024476114797933952,0.999925115910173,0.012237751918845392
1769100677.5950348,6.93019426863023,0.2595974248077243,0.021603794935792436,0.9999416600728132,0.01080168740644196
1769100677.7957501,6.949582296751207,0.26131423986969227,0.018094730565542134,0.9999590728698947,0.00904724185486895
1769100677.996241,6.970714111125668,0.2631377683332844,0.018155024599207207,0.9999587996681396,0.009077387633754779
1769100678.1969814,6.9545288814806705,0.22570303675701936,0.021752127310268276,0.999940856202692,0.010875849237053922
1769100678.3975716,6.973597823081387,0.22757041675181583,0.020568096536529454,0.9999471196416699,0.01028386699290649
1769100678.5982556,6.994964406925182,0.22960728052119456,0.018579621251436255,0.9999568500195929,0.009289677006951585
1769100678.7989082,7.014618590651931,0.23147071007908188,0.021005692342385696,0.9999448456181605,0.010502653077820136
1769100678.9995542,7.0336363527686565,0.23334159175868724,0.023822182945836583,0.9999290637886354,0.011910809829018924
1769100679.2002661,7.054365525886545,0.23539561370481615,0.02634882746438892,0.9999132186666022,0.013174032632259466
1769100679.40089,7.073526632951365,0.2373585016240169,0.031827596974539116,0.9998733781811243,0.01591312680356289
1769100679.6016302,7.0926572630685865,0.23937014215114422,0.03047423301313865,0.9998839173862143,0.015236526913902924
1769100679.8023329,7.113787817853363,0.24147986091283863,0.019195148830037104,0.9999539436362098,0.009597427071439887
1769100680.0028033,7.133136237219099,0.2433499317879299,0.023262970981248538,0.9999323550352947,0.011631223218966336
1769100680.2034566,7.154058385104387,0.2455075340981155,0.031198477237921827,0.9998783343444231,0.015598605983298444
1769100680.4041321,7.172552338550599,0.24752192638423937,0.03399618555461526,0.9998555358994138,0.01699727423136248
1769100680.6046906,7.191753195322855,0.24959130303269467,0.031671633986488076,0.9998746160703541,0.01583515513539024
1769100680.8053763,7.2129651140177895,0.2518974211301202,0.03415491193833027,0.9998541837926761,0.017076625904475753
1769100681.006063,7.232342494516368,0.2539824787450233,0.028625494111698513,0.9998975743844065,0.014312258388536385
1769100681.2067223,7.251295336274555,0.25599063263225746,0.03214177976412235,0.9998708660285588,0.016070198110160604
1769100681.4074159,7.257300093959528,0.2298215669491353,0.029196491661506934,0.9998934475016253,0.014597727333881873
1769100681.6080074,7.275984004463596,0.23195952360200972,0.028593099222531487,0.9998978060752535,0.01429606260110935
1769100681.8087199,7.297245083690444,0.23428155328193173,0.02286891592423781,0.9999346272978337,0.01143420879389471
1769100682.0094047,7.316350681376762,0.23628965506149974,0.0215480381544588,0.9999419608178949,0.010773810638004472
1769100682.20997,7.337085441443334,0.23853487270041546,0.028375051068305263,0.9998993587477645,0.014187049580847247
1769100682.4105008,7.356050104998133,0.2406679580513787,0.030078173044129426,0.9998869150697222,0.015038519619773824
1769100682.6112492,7.375184929220142,0.2428726806510299,0.03362511575006057,0.9998586722778957,0.016811765840731935
1769100682.8118927,7.39622748355356,0.24532546889490986,0.03187939175422784,0.9998729657373809,0.015939020908893483
1769100683.0126688,7.41564280479534,0.24752829237114354,0.02763210070443882,0.9999045598945068,0.013815610814321689
1769100683.2131016,7.434861357781431,0.24966877784900793,0.029033980781773685,0.9998946303455081,0.014516480503884422
1769100683.4138098,7.455628647648011,0.2520782619763208,0.03373491594939909,0.9998577478034784,0.016866658156132086
1769100683.6145575,7.474400934424037,0.2543319499735646,0.03780265556297015,0.9998213752221037,0.01890020235292373
1769100683.8151395,7.495790657977467,0.2568673954222482,0.03289257380892867,0.9998647628718181,0.01644554551490988
1769100684.015874,7.515202024454316,0.2591049848122912,0.0325809673402529,0.999867313005307,0.016289763151979317
1769100684.2165205,7.534412446140688,0.2613175091096434,0.03180277208144094,0.9998735756249356,0.015900715927474815
1769100684.4172723,7.5533186535352925,0.2635162699991607,0.03386255566668684,0.9998566693395423,0.016930468901868834
1769100684.6178944,7.581246571609658,0.22020066895025742,0.045505726487056794,0.9997411647738271,0.02275090012881744
1769100684.8186338,7.600259763052648,0.22256934884028662,0.042851449270153795,0.9997704779425308,0.021424085384525962
1769100685.019216,7.61973382587081,0.2249228001472831,0.03714475341478953,0.9998275383691163,0.01857130902099329
1769100685.2199016,7.6412250145874125,0.2274617254049876,0.03991887390477027,0.9998008170509309,0.019958111741615932
1769100685.4206097,7.660066288562761,0.22977721956502445,0.04493942739126639,0.9997475666043697,0.022467822961770516
1769100685.6212173,7.678926332442188,0.23214682825175975,0.04669067453320774,0.9997275099899878,0.023343216771019307
1769100685.8218749,7.700245965688667,0.23483755498465114,0.04315836250939724,0.9997671785030576,0.021577506529609276
1769100686.0226142,7.719530897204804,0.23727699872012614,0.04462955062102402,0.999751035732641,0.02231292341921156
1769100686.2232819,7.738372772307028,0.23958774230396201,0.03857490832205405,0.9998140028221042,0.019286258342184375
1769100686.4240038,7.759601228175242,0.2421910627880393,0.04458974037443934,0.999751479676075,0.022293023247164628
1769100686.6248186,7.778048532017277,0.2445959682887971,0.05127825658715409,0.999671335555137,0.025636319342070953
1769100686.825384,7.7989224548326765,0.2473781458083147,0.049294423586017766,0.9996962728516908,0.02464471640002779
1769100687.02611,7.818226422767856,0.24986798734010857,0.04650137231843704,0.9997297149731064,0.023248591350692464
1769100687.2266138,7.837733897178546,0.25236314629225626,0.046561839887349875,0.9997290116232893,0.023278816952779478
1769100687.4272356,7.858742969459981,0.2550880612973642,0.051546059961517114,0.9996678938468497,0.02577017679030351
1769100687.6279123,7.877367898400473,0.2575005382551416,0.04900493576702261,0.9996998295520605,0.02450001619552709
1769100687.828843,7.879088300947603,0.22706671459882155,0.05140198876941805,0.9996697476231917,0.02569816505091859
1769100688.029322,7.9001391689979945,0.22986211074844698,0.047847269509694784,0.9997138434986904,0.023921352743437742
1769100688.229925,7.918744631692248,0.2322272543805246,0.040842558001113624,0.9997914929282601,0.02041985965379799
1769100688.4305847,7.93989548840024,0.23483964148716518,0.042182910360272455,0.9997775835045307,0.021089891461100376
1769100688.6312146,7.9586180030268805,0.23728657978142542,0.05381501715444093,0.9996380148320687,0.0269042617925261
1769100688.831954,7.97958857724769,0.2401093930843573,0.048995637982541265,0.9996999434391929,0.02449536869848175
1769100689.032703,7.998834055364635,0.24265640759578766,0.05003373433380697,0.9996870944982473,0.02501425780734399
1769100689.2332826,8.01825579443959,0.24522206266307367,0.04995150661573913,0.9996881220860061,0.024973156791932925
1769100689.4338505,8.037427539780385,0.24774744049964048,0.04773290334634704,0.9997152097608728,0.02386418598599534
1769100689.6345694,8.06264753887752,0.25106485023394043,0.05065098650236592,0.9996793268358042,0.025322786124621032
1769100689.8351398,8.077420437157276,0.2530673180050206,0.05724705574143276,0.9995903747946405,0.028619619457815867
1769100690.0358844,8.09642812390815,0.25567309548056283,0.053860065439595345,0.9996374085830635,0.026926777774871107
1769100690.2364523,8.122252514524128,0.2590530559316181,0.04558160685259151,0.9997403008809759,0.02278883047494543
1769100690.4370716,8.143163484093591,0.26174692059931515,0.05172057240535512,0.9996656414330278,0.025857403935681093
1769100690.637846,8.16175154638385,0.26424523272808487,0.05597748374549209,0.9996083407330245,0.02798508776062003
1769100690.8383667,8.176494592362292,0.26627927286859154,0.054694156164887944,0.9996260919637032,0.02734366956671901
1769100691.039078,8.196373823827308,0.22806941962216773,0.057494345685753505,0.99958682848169,0.028743213562794707
1769100691.239715,8.215549474750784,0.2307539894225847,0.052579747384868564,0.999654441174269,0.026286845390039115
1769100691.4408097,8.236336920999785,0.23360864527684375,0.04963761840302025,0.9996920291638806,0.02481626132605551
1769100691.641031,8.25080359467954,0.23560878874495425,0.05398737776013321,0.9996356925024644,0.02699041079936462
1769100691.8417504,8.274951857122387,0.23910117554139462,0.06307296520611631,0.9995027663448629,0.031531255429596644
1769100692.0423746,8.293535102076534,0.24181602388792953,0.055522138523428854,0.9996146862637119,0.027757503596341524
1769100692.243039,8.314984845786437,0.24486894047719873,0.05607588519294613,0.9996069626365721,0.028034269180535913
1769100692.443833,8.33425558075262,0.24760437901169693,0.057064160959961245,0.9995929878045602,0.02852820940669615
1769100692.6444159,8.35319312062443,0.25034551574835284,0.06231540693710878,0.9995146380250731,0.03115266238392754
1769100692.845074,8.374196661760948,0.2534766560737004,0.06702712478816303,0.999438473127771,0.03350728923726637
1769100693.0457587,8.393285403156602,0.25640497639144666,0.07049851022032051,0.9993788093307197,0.03524195597172645
1769100693.2465186,8.412475958660155,0.2593372363443861,0.06538285584675745,0.999465682859414,0.03268560518585059
1769100693.4470015,8.431848997683845,0.2622477242093437,0.06617310515019692,0.9994526899513503,0.03308051615392502
1769100693.6477506,8.452969558229237,0.2654517467316906,0.07147838427191096,0.999361423047731,0.03573158440391495
1769100693.84836,8.471647371369562,0.2683870156650431,0.0737563745215673,0.9993200767154312,0.036869828769126846
1769100694.0490804,8.490594778213323,0.27140006612844847,0.07312552018818755,0.9993316567475392,0.03655461423977032
1769100694.2496881,8.517751784546663,0.23984930382434302,0.07336005096305472,0.9993273632855575,0.03667180100207051
1769100694.4505134,8.536956719035311,0.24285429016137963,0.0707182391874889,0.9993749314600807,0.03535175199560886
1769100694.6510594,8.55601889438873,0.24578876672805852,0.07592625613779272,0.9992794869934059,0.037954009988347664
1769100694.8517535,8.576967841132443,0.2491079164837602,0.08329351359329917,0.999132899163787,0.04163471878812033
1769100695.0524528,8.59579881496071,0.2522062425403062,0.08376726854699557,0.9991230088056009,0.04187138969801538
1769100695.2530744,8.61483228962599,0.2553214684100874,0.07846376785525508,0.9992305283431033,0.039221820803763865
1769100695.4537377,8.63637775834814,0.2587578543765934,0.07702359402639397,0.9992585123975077,0.03850227786923702
1769100695.654334,8.655396240651484,0.261807418488635,0.08225653924685992,0.9991543519325515,0.04111667562246403
1769100695.855109,8.674154467198601,0.2648806435140295,0.08529126591752585,0.9990908127984133,0.042632707887323595
1769100696.0556207,8.695130299868264,0.26835093286185385,0.08630188723560997,0.9990691424842578,0.0431375536600035
1769100696.2565465,8.714229239418518,0.27153592177880437,0.08628115908309524,0.9990695895114965,0.04312719922890781
1769100696.457267,8.733380264822737,0.2747161085074471,0.08027631987703415,0.9991945722005929,0.04012738322983594
1769100696.6578588,8.752574672114166,0.27778767518175196,0.07761593465086603,0.99924706534011,0.03879822688188232
1769100696.8584802,8.773657103471324,0.2812331506815312,0.08773657045786099,0.9990379410746866,0.04385421636799586
1769100697.0592504,8.79241619585023,0.28445402596602865,0.08997449089846651,0.9989882445276799,0.04497207239503837
1769100697.2597268,8.811354452914035,0.28767847587085826,0.08462166441906155,0.9991050302658749,0.04229820915151381
1769100697.460361,8.836449739477187,0.2510102310525314,0.0778277793685692,0.9992429501348578,0.03890406927027151
1769100697.6611366,8.855579630003062,0.2541631754037891,0.07389920561193651,0.9993174410881548,0.036941195663137354
1769100697.86185,8.874462749842804,0.2572568400372234,0.07359422181888683,0.9993230627021664,0.036788807422394876
1769100698.0623832,8.894889654021926,0.26063375454586235,0.07712451602547923,0.9992565682618704,0.03855270140353327
1769100698.2629907,8.913631716245106,0.26380462987368025,0.0803369082921625,0.9991933561148166,0.040157653019185315
1769100698.4636729,8.934825859795078,0.2673506874407462,0.07595625879666884,0.9992789175203597,0.0379690005048616
1769100698.664181,8.95414093949276,0.2704687662562334,0.07028139150467431,0.9993826292859141,0.035133463842511
1769100698.8649075,8.973073275913256,0.2735753499832946,0.08056746865925214,0.9991887200938157,0.04027283994558189
1769100699.0655622,8.993674151761827,0.2771384428602789,0.08396464610370657,0.9991188717038435,0.04196999172311854
1769100699.266356,9.012325680652278,0.28038747619233284,0.08433759107380359,0.9991110280845603,0.04215629917121429
1769100699.4667978,9.031379484570424,0.2836869447434166,0.08261645752870725,0.9991469364320159,0.041296481914529656
1769100699.667438,9.052451431996328,0.2873474745575483,0.08466245590411542,0.9991041673546848,0.04231858663166933
1769100699.8681412,9.071407606283032,0.29061736049054776,0.08346645334095672,0.9991292952796331,0.04172111352808932
1769100700.0687966,9.090183074491991,0.29389225467358093,0.08879553525432449,0.9990145809991721,0.044383183200944254
1769100700.2694657,9.111057265201444,0.29765324398433035,0.0928804646133108,0.9989218462033067,0.046423541202468194
1769100700.4701376,9.13014469671053,0.3010536620662905,0.08497551189211151,0.9990975310717055,0.042474973883717716
1769100700.670767,9.133084009976887,0.267708689622962,0.08541794107597818,0.9990881105419008,0.042695987795277314
1769100700.8713565,9.154251719758127,0.2714094437925296,0.08987309936616343,0.9989905231376142,0.04492142786283687
1769100701.0720646,9.172908632353678,0.27477347174885614,0.09577499130136029,0.9988536129810033,0.04786919505063844
1769100701.2727537,9.191826449664813,0.2782585131378562,0.09634709346227426,0.9988398790805169,0.04815491624349974
1769100701.4735975,9.212924745375043,0.28220082645422695,0.1026105858171,0.998684172128246,0.051282787955802406
1769100701.6742725,9.231985434224008,0.2857481405446517,0.09494206933720618,0.99887346201195,0.0474532073548393
1769100701.8747964,9.25073156760031,0.28918696791613363,0.09968329920428144,0.9987581620945162,0.049821016143633615
1769100702.0755644,9.271610062916851,0.29306516068965593,0.10088686856300298,0.9987279997245682,0.05042204444648083
1769100702.2763405,9.290226776586499,0.29664449111266633,0.10498944661149821,0.9986224683943096,0.052470616711224514
1769100702.477155,9.308996238163807,0.3002337744030025,0.10046513450409565,0.9987386098670485,0.05021144452050174
1769100702.6777148,9.330314763385482,0.30423772838303664,0.09868607858258414,0.9987828792140826,0.04932301885354636
1769100702.8784847,9.349169361388958,0.30778569907815134,0.10065996754734645,0.9987337137037813,0.05030873792348132
1769100703.0790505,9.369540144799535,0.31162514246423545,0.10399591493811247,0.9986484107848752,0.05197452873132374
1769100703.2800224,9.387876927527591,0.3151858701475171,0.10892413922290803,0.998517308027669,0.05443515012542055
1769100703.4806516,9.406716033363272,0.318946829910559,0.1123123379400123,0.9984236566605368,0.05612665873364157
1769100703.6817613,9.421059934287879,0.2889420867630706,0.10690106489960226,0.9985718603504105,0.0534250850848206
1769100703.8820167,9.436016672727074,0.29185125779420146,0.10579407237787623,0.9986012779734409,0.05287237113853076
1769100704.0829318,9.461070957218032,0.2968004248355109,0.1132516463810046,0.9983971864256589,0.05659556641052573
1769100704.2833762,9.475488142787427,0.29969804964402963,0.11203355726595426,0.9984314704748695,0.05598748757883148
1769100704.4840367,9.494320643954417,0.30349173740326557,0.11277984678104806,0.9984105095285705,0.05636004314139819
1769100704.684779,9.51975648483611,0.3085986630160887,0.11142548926841496,0.9984484464284958,0.055683927883393665
1769100704.885418,9.53890031126183,0.3123841331819995,0.10680312045712177,0.9985744754980693,0.05337618273870666
1769100705.0861216,9.553555299882463,0.3152538672115411,0.10628927737544995,0.9985881560317412,0.05311962568699914
1769100705.28696,9.578335496712125,0.3202822375509447,0.11754259896085396,0.9982734642285208,0.05873747200202083
1769100705.4875908,9.596974058622518,0.3241399124924011,0.1116916322609668,0.9984410276446417,0.055816792418696
1769100705.688187,9.615914273456154,0.3277795853154218,0.09196960798340723,0.9989428852020591,0.04596859911054194
1769100705.8888228,9.63730113950205,0.331400633000652,0.07086321839294618,0.999372366199896,0.03542419619442174
1769100706.0896146,9.651812088405862,0.33362400077891136,0.05693237558915455,0.999594865434847,0.02846234347853447
1769100706.2903953,9.676060761583235,0.33694421656450285,0.037385669991987155,0.9998252940471716,0.01869174640013124
1769100706.491529,9.690838551880505,0.3387073375444794,0.025807442066689185,0.9999167481469177,0.012903362945127901
1769100706.691532,9.716277980684987,0.34122358257511404,-0.007184712626090952,0.9999935474949992,-0.0035923485864764607
1769100706.8930628,9.730073151927616,0.30335681171490037,-0.007676683030918443,0.9999926335762495,-0.0038383320905045586
1769100707.092734,9.754965527441605,0.30513759986574673,-0.0037548329987947314,0.9999982376541615,-0.001877415396511518
1769100707.2937086,9.774096765311725,0.30658003833047076,0.0014388139150589658,0.9999997412268259,0.0007194068954750745
1769100707.4941838,9.789085893969018,0.30774788331278013,0.0032991323086840703,0.9999986394660597,0.001649565406245054
1769100707.6948643,9.812632940328958,0.3095361371743951,-0.0023326412983926447,0.9999993198481487,-0.0011663203847712608
1769100707.8956296,9.834264510177185,0.3111440728543259,-0.002006559077006465,0.999999496715126,-0.0010032793701914217
1769100708.0961714,9.853571988722353,0.31260509775203216,0.0017509071517670905,0.9999996167905427,0.0008754534640561792
1769100708.2968576,9.872347648754165,0.3140497613876777,0.002963638969997097,0.9999989021057079,0.0014818189427047905
1769100708.4976661,9.893466553526746,0.3157221479114801,0.0071679111326479845,0.9999935776381238,0.0035839478938341756
1769100708.6983337,9.91304463010409,0.3172940829945181,0.00329965580654742,0.9999986390342535,0.0016498271548205541
1769100708.898957,9.932528789462623,0.31876825830865874,-0.00453596427194843,0.9999974281296179,-0.0022679801916551875
1769100709.0995955,9.953707997969616,0.3203153846249064,-0.0010313213614083399,0.9999998670470341,-0.0005156606578512974
1769100709.300303,9.972683884667344,0.3217968978537419,0.00426314046866957,0.9999977282050282,0.002131568620171027
1769100709.500999,9.99342181204182,0.32347081862216875,0.0033517021978817464,0.9999985957618758,0.0016758503145094651
1769100709.7015922,10.012369745783543,0.32498484576558484,0.0022745143088174166,0.999999353323152,0.0011372569092627405
1769100709.9023285,10.033110077234632,0.3095164647369849,0.009440672136458187,0.9999888592343876,0.004720318538830159
1769100710.1029687,10.053876912971424,0.31114628274648937,0.0069985788134283855,0.9999938774930716,0.0034992822652367317
1769100710.3036165,10.07428977779555,0.3127573564709384,0.010775891499640098,0.9999854850554125,0.005387919681216825
1769100710.504284,10.09275363114207,0.31429055581720766,0.014733063393194468,0.9999728672280803,0.007366465071668597
1769100710.7050128,10.111972354807417,0.3159088906486095,0.013623827139469635,0.9999767990064742,0.006811860888599123
1769100710.9055758,10.13341834977373,0.31761844628662816,0.005876660127720421,0.9999956831113238,0.0029383258357110675
1769100711.106375,10.152723783615016,0.3191060035438843,0.008861521473753992,0.9999901841957046,0.004430746239707418
1769100711.3070683,10.172026668298518,0.32062644186733646,0.010427124936594409,0.9999864094139786,0.005213538849819404
1769100711.507674,10.19309196070972,0.3223344221070815,0.012403451971407185,0.9999807693590357,0.006201686231264029
1769100711.7083805,10.212187641846057,0.3239052697829893,0.014393118587082435,0.9999741048789276,0.007196497174842575
1769100711.9087722,10.23181157609928,0.3255375902986256,0.012306990878948166,0.9999810673066797,0.0061534566053443995
1769100712.109417,10.253433501024558,0.3272705648902353,0.008989706192022731,0.9999898981648305,0.004494837960579477
1769100712.3101346,10.272280683503142,0.32877431129692203,0.01227026203978432,0.9999811801427159,0.0061350925324138
1769100712.5108292,10.291321126064997,0.33039847685584045,0.01715834560132333,0.9999631991227478,0.008579067560041747
1769100712.7113142,10.312402797392028,0.33221432061280487,0.01531341573557421,0.999970687555518,0.007656633055366145
1769100712.911858,10.331724131741465,0.33382057556386713,0.013258736410105429,0.9999780258190788,0.006629319646669469
1769100713.1128843,10.327767550336857,0.2994404518154829,-0.003068293316096105,0.9999988231972466,-0.0015341460562520014
1769100713.3131595,10.348632951573908,0.3011079600293118,0.00015507835829353927,0.9999999969938379,7.753917906907118e-05
1769100713.516482,10.367427651816238,0.3026328352765683,0.000908759045730112,0.9999998967696264,0.00045437950722979986
1769100713.9158893,10.408204995553625,0.3061334868441487,0.0022672952380310167,0.9999993574216067,0.0011336473761963427
1769100714.1154535,10.427628434014297,0.30773350916755454,-0.0009737111024770128,0.9999998814858384,-0.0004868555320054138
1769100714.316133,10.448868511901628,0.3094778408669307,0.002954103138089096,0.9999989091595295,0.0014770510319686329
1769100714.5166936,10.467907418725247,0.31111974111407864,0.005493594304127782,0.9999962275550746,0.0027467936980160304
1769100714.7173383,10.486894535777344,0.31277289919153944,0.0032188832588937737,0.9999987048491003,0.0016094409346235688
1769100714.9179444,10.506109748620792,0.31443243249746805,0.00542281011140254,0.999996324143564,0.002711401733455214
1769100715.1185925,10.527873189807536,0.31629650075564325,0.0020518722554151835,0.9999994737275771,0.0010259359477336216
1769100715.3191962,10.547119789107104,0.31788501303881594,-0.0007212381376331412,0.9999999349769443,-0.000360619061000386
1769100715.519862,10.565987760297066,0.31944547478731494,0.0019055202428836647,0.9999995461241098,0.0009527599772968786
1769100715.7204995,10.587268102775324,0.32131436537256025,0.009093842276851394,0.9999896627718903,0.004546905470894564
1769100715.921174,10.606629381086705,0.3230462880000839,0.0076170251810797635,0.99999274762469,0.003808503383614537
1769100716.1217604,10.625995946289231,0.3247181882098426,0.0020758974544723982,0.9999994613312682,0.0010379485408660177
1769100716.3224542,10.61851645918126,0.2968070201865042,-0.0032199506518250692,0.9999987039900049,-0.00160997463039777
1769100716.5230963,10.637600997361949,0.29850837160168087,0.0007212972896677257,0.9999999349662781,0.0003606486370157549
1769100716.7237551,10.656127698181223,0.30019551263262023,0.002227706267309652,0.9999993796656624,0.001113852903334368
1769100716.9243317,10.677172332763933,0.30214144315468305,0.0036138993664138292,0.9999983674668653,0.001806948699905064
1769100717.12493,10.696527652887458,0.303938856090077,0.00046056626012649503,0.9999999734848402,0.00023028312802791614
1769100717.3254879,10.715917699667868,0.30563311857403697,-0.00632281652326092,0.9999950027530637,-0.0031614029955161225
1769100717.5261106,10.736948185705893,0.307452930920156,-0.0016985028472638235,0.9999996393860314,-0.0008492513215479339
1769100717.7267919,10.756154245293613,0.3092151781431939,0.004183377549147976,0.9999978124198328,0.0020916872493281385
1769100717.9273472,10.775230352366814,0.3110081152511718,0.0032035628057658183,0.999998717148443,0.0016017807179335949
1769100718.1279511,10.79665476202314,0.31297050914212077,0.0025705161772323444,0.9999991740559365,0.0012852577347657232
1769100718.3286133,10.815988156258593,0.31473018566129307,0.000303340257163841,0.999999988498086,0.00015167012800042159
1769100718.5319333,10.83522017371484,0.3164865552980133,0.002313158022557336,0.9999993311625699,0.001156578753424212
1769100718.9304066,10.87508592106045,0.3202334393040215,0.008935568869763957,0.9999900194677236,0.004467769571249836
1769100719.131107,10.894637020308028,0.32211131199354737,0.004409049098628056,0.9999975700367398,0.002204522763675852
1769100719.3316338,10.915886121525762,0.3240449175625676,-0.001319177661734801,0.999999782471295,-0.0006595887830408984
1769100719.5323179,10.935312125390759,0.28187422861172806,-0.000250384474606231,0.9999999921634519,-0.00012519223697609046
1769100719.7329125,10.954488759496925,0.2836794464091591,0.003863568666798218,0.9999981341052249,0.0019317831318968616
1769100719.9336324,10.975576292085055,0.28570956326674735,0.004172429249292016,0.9999978238550592,0.0020862131113439882
1769100720.1342587,10.994748124135958,0.2875652501860245,0.003660141845269756,0.9999983254206765,0.001830069901101788
1769100720.334979,11.014398833591784,0.28946506280878215,0.003184755582865995,0.9999987321667526,0.0015923771184764386
1769100720.5355947,11.040025053578637,0.2918928791311871,0.0012383270157198874,0.9999998083182814,0.000619163468299168
1769100720.736189,11.058742856752316,0.2937106659253029,0.005515341394938414,0.9999961976285718,0.0027576672022388985
1769100720.936895,11.073600081491325,0.29521641145850064,0.009025803092188124,0.9999898168771003,0.0045128862276066365
1769100721.137545,11.099337010754269,0.29781232000531543,0.004519570903862922,0.9999974466859421,0.002259783528617146
1769100721.338189,11.118635155673376,0.2996763694718104,0.0034877430891169996,0.9999984794564034,0.00174387066068084
1769100721.5387669,11.133752294546843,0.3011252560872165,0.004240351376200165,0.9999977524283677,0.0021201740996842668
1769100721.7394996,11.158868064299291,0.30357278179625535,0.00789516392749274,0.9999922083084382,0.003947571710960686
1769100721.9401045,11.173199067006076,0.30499883046764753,0.007904287943638516,0.9999921902891783,0.00395213368344672
1769100722.1407511,11.19883177360591,0.307619029162188,0.011190889826863693,0.9999843455389542,0.005595415715509897
1769100722.341462,11.218424468523775,0.3095912299802134,0.0056653776422390745,0.9999959879397041,0.0028326850328124075
1769100722.5419977,11.201423711171463,0.2663471226524683,0.009697765594370106,0.9999882441908429,0.0048488637963232314
1769100722.7426867,11.22031159779228,0.26824504974527597,0.015328265428355664,0.9999706306786303,0.007664057683905358
1769100722.9433084,11.241530956417412,0.2704814324302469,0.01705759853020901,0.9999636300120126,0.008528695867411526
1769100723.1439378,11.260636223862539,0.2724923387296414,0.013033652459369337,0.9999787655630967,0.006516780102574242
1769100723.3445523,11.279921218304311,0.2744880571630106,0.014641535755914592,0.9999732032985166,0.007320702487029993
1769100723.5453057,11.301627072247387,0.27669545149084773,0.011668270182925253,0.9999829814821392,0.005834101995314324
1769100723.745842,11.320613504046037,0.27862528335372394,0.013184036600297405,0.9999782727260448,0.006591970557883707
1769100723.9465804,11.339367628235255,0.2805871456063749,0.017836320133017704,0.9999602334740796,0.008918041851447633
1769100724.1473427,11.36083085013054,0.28292373059940257,0.02049535698061143,0.9999474930022836,0.01024749913140084
1769100724.347813,11.380183418165263,0.2850027321330748,0.01717331014018654,0.9999631349038617,0.008586549553879056
1769100724.5484524,11.399493318919609,0.2870039085620888,0.014298215811010345,0.9999744452369195,0.007149047007481836
1769100724.749124,11.41874798510302,0.2890461153057098,0.020940793620201237,0.9999451858960912,0.010470205500928611
1769100724.9497252,11.439706248554733,0.29134318648036883,0.022791868205317103,0.9999350670456909,0.01139568744436799
1769100725.150505,11.458574775328481,0.29342485153499864,0.022769782621565815,0.9999351928249279,0.011384645368838858
1769100725.3511658,11.477920682341132,0.2955649269043168,0.021490958121297282,0.9999422678953864,0.010745272273478998
1769100725.5517464,11.499737341393105,0.29792878381163446,0.014937772889549634,0.9999721079972991,0.007468817003912063
1769100725.75241,11.531184637406241,0.25691984428589637,0.012839767927747,0.999979392615723,0.006419839864807629
1769100725.9530337,11.549980375761072,0.2589685989024601,0.01991695248217059,0.9999504147852656,0.009958311642813567
1769100726.1537488,11.571381132994258,0.2614082003168951,0.019996047670610865,0.9999500201760303,0.009997857268259986
1769100726.3543582,11.590570144879573,0.2635846684508087,0.017362778325368783,0.9999623169777737,0.00868128011541685
1769100726.5550778,11.60986676533726,0.26570967870600776,0.01567019919904485,0.9999693057641568,0.007835019435226732
1769100726.7556686,11.631451810817175,0.26809624223400513,0.01789464571881534,0.9999599729738547,0.0089472034808471
1769100726.9564779,11.650342336693612,0.2702092192770615,0.019901786147080082,0.9999504902720604,0.009950728850995053
1769100727.157118,11.669054849002455,0.2723196821012756,0.018349225533957,0.999957913535503,0.009174484057612538
1769100727.3577902,11.690598233340191,0.2746192364632251,0.0027951565261755476,0.9999990233876582,0.0013975778081236842
1769100727.558378,11.710167715590236,0.27629116130431836,-0.0246226072204947,0.9999242168589082,-0.012310992612256598
1769100727.759008,11.729340292858199,0.27749081033177186,-0.04170119123942524,0.9997826342062561,-0.020849084862397036
1769100727.9596424,11.748378094790215,0.27838511547281514,-0.05399970663245052,0.9996355261028069,-0.026996572989260104
1769100728.1602468,11.769375936969906,0.2790332390525396,-0.07296260475649877,0.9993346310874531,-0.0364732108444542
1769100728.3608456,11.788585059630714,0.279263211731586,-0.09441503612695344,0.9988859320385234,-0.04718998596662636
1769100728.5615675,11.810274686768022,0.27904925729539615,-0.11820213879300713,0.9982540400974398,-0.05906666935877721
1769100728.762403,11.829830406232116,0.27845089391823125,-0.13298806155164672,0.9977900863686469,-0.06644504153394953
1769100728.9629612,11.87990882970755,0.24004766197908042,-0.14624892288889751,0.9973275977072097,-0.07305931050568508
1769100729.1636384,11.89870650135316,0.23892949444210462,-0.16568952808945672,0.9965703347640726,-0.08275003243639409
1769100729.364241,11.920502105169895,0.23715119315543073,-0.18958380682230644,0.9955106106538598,-0.0946500083231856
1769100729.5649219,11.939938291210607,0.23514551410684112,-0.2087959757917862,0.994555477717636,-0.10420845331279499
1769100729.7655246,11.960817443470406,0.2326090677567388,-0.22361686411226334,0.9937559461368671,-0.11157562241645774
1769100729.9661615,11.979442814961061,0.2302017727179296,-0.22542228541944156,0.9936548207483734,-0.11247265091353496
1769100730.1668644,11.998571921464812,0.22774100712760278,-0.22077374094123728,0.9939135535927598,-0.11016282487578247
1769100730.3674393,12.019909072991437,0.22498753811288283,-0.2246181662521078,0.9936999611412571,-0.1120731333900506
1769100730.5680535,12.039349099030352,0.22236753360707948,-0.23064299847671554,0.9933578420024124,-0.11506605812449776
1769100730.7688646,12.058539887015568,0.21979349846884397,-0.22403388827522688,0.9937326596688564,-0.11178283011026742
1769100730.9694133,12.07729355429416,0.21738985019347198,-0.21882302570672948,0.9940205289599876,-0.10919335147391741
1769100731.1700554,12.098335732190742,0.21472435067331216,-0.21917831736152824,0.9940011155321508,-0.10936993334934363
1769100731.3706381,12.117385652793102,0.21224293198283836,-0.22371782975688984,0.9937503122182475,-0.1116257898791119
1769100731.5713487,12.138590881893641,0.20945632548728618,-0.22466866470150365,0.9936971310647764,-0.11209822350792449
1769100731.7721152,12.157806797667476,0.20687885109442025,-0.2298990523259995,0.9934005747544693,-0.11469654780109993
1769100731.9727695,12.176771069473766,0.20432940747458125,-0.22579542946379177,0.9936338192044502,-0.11265803714417354
1769100732.1734104,12.187245873440045,0.1606294449232971,-0.21587007966729477,0.9941806664702444,-0.10772558849586589
1769100732.3740423,12.208075101024887,0.15789569632638942,-0.21913844681905442,0.9940032956539216,-0.10935011764576438
1769100732.5746999,12.227059423685734,0.15530540061178852,-0.22593930232406573,0.9936257124164858,-0.11272951532243461
1769100732.7753658,12.248147467122372,0.1524073492779324,-0.21985676270298862,0.9939639575811162,-0.10970711476328689
1769100732.9761426,12.268545083066503,0.1496918802921506,-0.21730863581048657,0.9941029246482577,-0.1084406529202975
1769100733.176777,12.287113810961007,0.14724004353471062,-0.2167723288143044,0.9941319676471945,-0.10817407684800222
1769100733.3774867,12.30590667735215,0.14474543957072958,-0.2178811397754749,0.9940718425683055,-0.10872521240657089
1769100733.5780752,12.326981175079446,0.14193573856724093,-0.22270891228431378,0.9938064963766591,-0.11112446967049841
1769100733.7788508,12.346361563011982,0.13925346114352663,-0.2263461207658043,0.9936027616379768,-0.1129316256209298
1769100733.9794269,12.365565366043102,0.13658742366321594,-0.22251047119123035,0.993817517315384,-0.11102586309993853
1769100734.1805484,12.386436348609022,0.13378348345552502,-0.21765951443464585,0.9940838845960823,-0.10861505598379466
1769100734.3807642,12.405473580656665,0.13120692655658614,-0.22384055404171954,0.9937434607497458,-0.1116867683171038
1769100734.5817673,12.424825675163396,0.12850477859095663,-0.2264750573582711,0.9935954790637006,-0.11299568126338
1769100734.7821143,12.446327906235533,0.12546108794460262,-0.2274818377884735,0.9935384722564128,-0.11349583316753659
1769100734.982715,12.465227086780235,0.12280953960671423,-0.22678137143229235,0.9935781613266076,-0.11314785607707138
1769100735.183394,12.483882026621862,0.12023896738867643,-0.22373741230394453,0.9937492192119711,-0.11163551995488584
1769100735.3841217,12.527370431082955,0.08236972980738366,-0.23597936499993757,0.9930472890810023,-0.11771610615745103
1769100735.5847733,12.546506517670036,0.0797687400359578,-0.2413636960234845,0.9927267795430159,-0.12038912400276128
1769100735.7854314,12.57244083940502,0.07607140218927999,-0.24733887743889382,0.992362676263355,-0.12335444361445541
1769100735.986178,12.591261979742463,0.07341055548248765,-0.24046314673378574,0.9927808870749248,-0.11994211211549267
1769100736.1867468,12.60590347555582,0.07138141747023374,-0.23898467944247287,0.9928692810509784,-0.11920818237567934
1769100736.3874433,12.615830170237476,0.06999506707634084,-0.24081069966664473,0.9927600289684824,-0.12011463225809743
1769100736.5880976,12.645274470989856,0.06581150137273972,-0.24444651774113105,0.992540031180388,-0.12191918021556097
1769100736.788817,12.660080806092637,0.0636825061951799,-0.24821161203771375,0.9923087539385603,-0.1237874664774333
1769100736.9893568,12.674759209372285,0.061553083122227625,-0.24905232648257342,0.9922566313139392,-0.12420457968011285
1769100737.19016,12.674759209372285,0.061553083122227625,-0.24905232648257342,0.9922566313139392,-0.12420457968011285
1769100737.390975,12.7291659504288,0.05366267887061282,-0.24222443521697007,0.9926748757904382,-0.12081635226424464
1769100737.5942466,12.744001516788959,0.0515599854607377,-0.24718938138059796,0.9923718939925951,-0.12328026611566668
1769100737.9927707,12.78898124093518,0.04498373564945923,-0.24704675295031117,0.9923806831045469,-0.12320949557949194
1769100738.193436,12.807819874517728,0.04226607117342873,-0.24637315298595244,0.9924221237747101,-0.12287525480133916
1769100738.3940887,12.745326839687015,-0.00492699549725692,-0.2574629973988459,0.9917255369903919,-0.1283762411083874
1769100738.594753,12.766615351135068,-0.008034260328849768,-0.25754423187114334,0.9917203218842379,-0.12841652215281196
1769100738.7953575,12.785993158834112,-0.010912966195272128,-0.2655040603871498,0.9912013822115007,-0.1323624565426712
1769100738.9961658,12.805211139676338,-0.013832833897057556,-0.2641710090947955,0.9912893850030561,-0.1317017660483826
1769100739.1966825,12.826043088441452,-0.016913596653907653,-0.2555638409246023,0.9918469931379481,-0.12743446238443942
1769100739.397355,12.844810856665923,-0.01959036956616242,-0.25355396011173825,0.9919745563211287,-0.12643765108344798
1769100739.5980275,12.863868551101287,-0.022384439082920954,-0.26073060775374934,0.9915144717005262,-0.12999635536593523
1769100739.7985845,12.883267888689918,-0.025290289485481038,-0.2614122373411258,0.9914701094358055,-0.13033427060965957
1769100739.999339,12.904216639328338,-0.02844559873789651,-0.26213544716053805,0.9914229151032986,-0.1306927825401138
1769100740.1998844,12.922758937951347,-0.031263671003494226,-0.26404419665442247,0.9912977337215629,-0.13163891187066715
1769100740.4005704,12.943354632222219,-0.034383839908546626,-0.26050375620667926,0.9915292102595404,-0.12988389123402463
1769100740.601236,12.964006694222522,-0.037469522239425984,-0.2603430184724207,0.9915396456785057,-0.1298042027352862
1769100740.80196,12.983272430400453,-0.040412342720336086,-0.2679823139175992,0.9910366074282406,-0.13359057877381694
1769100741.0025647,13.00252854100805,-0.04341755137794254,-0.2663016129274799,0.9911485203945031,-0.13275771359807073
1769100741.2031846,13.023369295089259,-0.04660932205950716,-0.2600419375668692,0.991559175226536,-0.12965493443780524
1769100741.4038587,13.041369776225963,-0.04928578875953524,-0.2585094829957657,0.9916582292909975,-0.12889513675637065
1769100741.6045964,13.006400583624481,-0.09286827619535759,-0.23847864416875594,0.9928994110425403,-0.11895696512342863
1769100741.8052378,13.025423031103701,-0.09572746137686655,-0.2362360327211199,0.9930321739411511,-0.11784354678009115
1769100742.0058064,13.044588920384983,-0.09865361649164867,-0.24061339965156803,0.992771873447158,-0.12001669588944755
1769100742.2064576,13.065894291675171,-0.10198799121944352,-0.2378114321751588,0.992939040547373,-0.11862572131229475
1769100742.407002,13.084852956535363,-0.10492948615110148,-0.23602431641374302,0.9930446430774802,-0.11773842556752649
1769100742.6077168,13.103744866840964,-0.10780535926395601,-0.2388610098016474,0.9928766503693824,-0.11914678825413243
1769100742.8082962,13.12282639730995,-0.11078037881843644,-0.24297402789885464,0.9926295245430845,-0.12118839468105057
1769100743.0089424,13.144495495285915,-0.11424554046684504,-0.2433388502643119,0.9926074019105026,-0.12136945938942811
1769100743.2096274,13.163296856972634,-0.11720994718182104,-0.2414170860155217,0.9927235654021105,-0.12041562479728957
1769100743.410385,13.183954903088521,-0.12042440862923648,-0.239596559988193,0.992832764001695,-0.1195119354907897
1769100743.6109354,13.20286873349814,-0.12332456380213613,-0.2385978747787143,0.9928923176224147,-0.11901615691321091
1769100743.8116395,13.221485134965812,-0.12616038731791018,-0.23705180610979487,0.9929840245215862,-0.11824858157675253
1769100744.0122724,13.242641882359111,-0.12946201171768096,-0.24467791769579933,0.9925259184907209,-0.12203401625838094
1769100744.2129254,13.26175859552716,-0.13253847382624045,-0.24421893511401935,0.9925538980980885,-0.12180623699256693
1769100744.4136102,13.282109973473306,-0.1357477768757917,-0.2392255592146622,0.9928549164299415,-0.1193277625739039
1769100744.614336,13.300743915127809,-0.1386360264449466,-0.24050843600953895,0.9927781707746911,-0.11996459324841745
1769100744.8149278,13.331891100999755,-0.17116919891850307,-0.25340992325885126,0.9919836595892809,-0.12636621030899733
1769100745.015474,13.350731820947843,-0.17420829007615019,-0.2547892303830641,0.9918962747844853,-0.12705030526787775
1769100745.21611,13.371795863103017,-0.17760971940217568,-0.2548222754925721,0.9918941754534688,-0.12706669391104536
1769100745.4167483,13.390661389539474,-0.18065397198884553,-0.254179119023233,0.9919349860487197,-0.12674771576847557
1769100745.6174219,13.409562894034682,-0.18363322976694324,-0.24865029032809693,0.9922815786318768,-0.12400511565185664
1769100745.8181422,13.430122587902078,-0.18682106062366027,-0.2509772315882099,0.992136630746586,-0.12515952193426036
1769100746.018793,13.448768208057608,-0.1897979774500081,-0.2560700655508765,0.9918147061349882,-0.12768550698637193
1769100746.219376,13.469647335231137,-0.19323254756519542,-0.2606409218823609,0.9915203001218157,-0.12995189281555167
1769100746.4200613,13.488212155873113,-0.19623364281178307,-0.25264904576716274,0.9920316624039865,-0.12598881215402805
1769100746.6207275,13.508729730151847,-0.1995260880097291,-0.2570244635384653,0.9917536618143801,-0.12815878541000705
1769100746.8214512,13.527043000152808,-0.20249728332074696,-0.2578628028061304,0.9916998544176647,-0.12857448715815514
1769100747.022039,13.548223787200833,-0.2059692407698887,-0.2584029604505599,0.9916650930034604,-0.12884231959429393
1769100747.2225497,13.56727130089847,-0.2091547351558088,-0.2632441007307227,0.9913503162757157,-0.13124233470964464
1769100747.4233007,13.588232884408896,-0.2127101176633696,-0.26116678744979016,0.9914860972355745,-0.13021259151314415
1769100747.6239343,13.606688726477834,-0.21575038053444356,-0.2544833643023028,0.9919156933743851,-0.12689861006966505
1769100747.8246427,13.625231020333617,-0.21873206779064597,-0.2555970929683208,0.9918448742727055,-0.1274509528366146
1769100748.0251448,13.645632813298047,-0.2682607636176501,-0.2502445503469657,0.9921824151874316,-0.12479605359479555
1769100748.2258222,13.666643986923862,-0.2718264893251268,-0.2524064865715875,0.9920469349806446,-0.12586849802674563
1769100748.4264665,13.685733311460396,-0.2750685185185899,-0.25394604331370774,0.9919497502198079,-0.12663211693271423
1769100748.6271524,13.704594183813635,-0.2782950633120916,-0.25344252923218646,0.9919815993108106,-0.12638238258858014
1769100748.8277757,13.725202433520824,-0.2818145858024583,-0.2513296307686076,0.9921145622891422,-0.12533433405824487
1769100749.0284588,13.744016317978119,-0.28501560024141864,-0.2525454410558514,0.9920381875901888,-0.12593742240800904
1769100749.2291198,13.763290386189901,-0.288378066059872,-0.26200142081651606,0.9914316710150852,-0.13062634385236277
1769100749.4297264,13.784669336198341,-0.2921920937537111,-0.2610385993156209,0.9914944410536075,-0.1301490428692981
1769100749.6304665,13.80342362740147,-0.29544140471140484,-0.251653201229281,0.9920942720610941,-0.1254948419002457
1769100749.8310218,13.822164520197365,-0.29861864478641037,-0.25134956854600893,0.9921133127958182,-0.1253442243316667
1769100750.0317416,13.84119298881589,-0.301915901596674,-0.25798992004811416,0.9916916803974876,-0.1286375179735963
1769100750.2323258,13.862381357197908,-0.30564521363529434,-0.25935386619236367,0.991603722469385,-0.12931379502921897
1769100750.43298,13.88151781014711,-0.30905918260968585,-0.26139537898126075,0.9914712080116013,-0.13032591332507934
1769100750.6336076,13.900447810273898,-0.31247728767742816,-0.2612917450951418,0.9914779597709803,-0.1302745381430094
1769100750.8343263,13.925587386666665,-0.3169734547830286,-0.25776391043499947,0.9917062107232971,-0.12852545122597087
1769100751.0350356,13.940235560023805,-0.3196049886210535,-0.2672203744999986,0.9910874294724088,-0.1332130141606783
1769100751.2356436,13.940527733517001,-0.3339721435006772,-0.2901714771097288,0.9894935136633194,-0.14457726798573262
1769100751.436331,13.96142056627937,-0.33854506088790554,-0.3081422964422027,0.98815450077231,-0.15346231655825693
1769100751.6370707,13.980149714058937,-0.3429315536130127,-0.32342533049647343,0.9869529768749759,-0.16100876199022027
1769100751.8403776,14.00017598939084,-0.3479816694221291,-0.34043451148937826,0.9855479878127857,-0.1693964690250924
1769100752.2390926,14.042775919968078,-0.3601927226603377,-0.388405812864032,0.9812018079336284,-0.19298448670237428
1769100752.4394886,14.061004664595288,-0.36609243796937235,-0.4096997610199787,0.9790915328856269,-0.203420181475864
1769100752.6403406,14.080740782888908,-0.372833970701177,-0.4215188853608926,0.9778723193530525,-0.2092025980791863
1769100752.8415046,14.09858654191544,-0.3792302678452539,-0.43904851386327254,0.9760011601190329,-0.2177653219553149
1769100753.041541,14.118494507710462,-0.3868356796908505,-0.4631468979874295,0.9733064788753747,-0.22950925510580147
1769100753.242239,14.133433368680926,-0.39680379132224297,-0.4853728919006638,0.9706958952949665,-0.24031121250891202
1769100753.4428463,14.152628279462952,-0.4050882458477557,-0.5003552970447316,0.9688684554741347,-0.24757608120972588
1769100753.6434474,14.171496453651013,-0.4135497319372855,-0.5127238690916882,0.9673188566161369,-0.25356306835745934
1769100753.8440876,14.188264155377693,-0.42137062422123084,-0.5310232344273922,0.9649583772896371,-0.26240299178658466
1769100754.0448084,14.207117762218221,-0.43063673642749545,-0.5535887151725316,0.9619363962143501,-0.27327343383166414
1769100754.2452874,14.224548773233952,-0.43968744067885457,-0.5753763156647803,0.9589023906149748,-0.283736154328077
1769100754.4459724,14.241339092714997,-0.4488119674609271,-0.5913623137251146,0.9566038809262263,-0.29139151497063576
1769100754.6465774,14.25935234488801,-0.4589666996995324,-0.6099667288011121,0.95385194799272,-0.30027730735187647
1769100754.8472137,14.276092280989863,-0.468797059378286,-0.6271276932471302,0.9512403422063707,-0.30845066276328026
1769100755.0479472,14.292845870080443,-0.4790962629121358,-0.6460650966986956,0.9482771164934267,-0.31744371207335637
1769100755.2485828,14.298067865202748,-0.5012172010953867,-0.6753726809393867,0.9435237171375723,-0.3313049881889772
1769100755.44924,14.313790351758797,-0.5118541728566328,-0.6919213784158287,0.9407501164880937,-0.33910060207501563
1769100755.6499043,14.329458650378319,-0.522837992404042,-0.7058434687286099,0.9383668484756709,-0.3456409375086193
1769100755.8506866,14.346730575695286,-0.5353651453686392,-0.7270950685611514,0.9346412322561426,-0.3555921356930145
1769100756.054085,14.361701780948998,-0.5467454633497021,-0.7500502239038067,0.9304984238007875,-0.3662958958332047
1769100756.4526818,14.393123770467849,-0.5719280817758456,-0.7783130030464956,0.9252294191367144,-0.37940812058249107
1769100756.6560013,14.407677524053723,-0.5841548596896105,-0.8004805025651495,0.9209674091654546,-0.38963961715291495
1769100757.054671,14.438278629745392,-0.6115933285954807,-0.8419883495324949,0.9126831039850136,-0.40866802138200253
1769100757.255322,14.444023892021995,-0.6274302345704329,-0.8660125600775921,0.9077084137047837,-0.4196015201230152
1769100757.4560976,14.457081973869819,-0.6403582815527902,-0.8819649610766352,0.9043327493884756,-0.42682816025126613
1769100757.656638,14.471544080047575,-0.6551383653811794,-0.9015521339959979,0.9001092688296505,-0.43566421033515246
1769100757.8574,14.484466103302532,-0.6689055035645477,-0.9225129238780801,0.8954939864755569,-0.44507361209817325
1769100758.0580413,14.498268406908185,-0.6842355939132476,-0.9425342695904789,0.8909937046138461,-0.45401565869306126
1769100758.2586188,14.510865431262422,-0.698840014539241,-0.9631430812803305,0.8862681230136681,-0.46317255329933976
1769100758.4593594,14.524477339440537,-0.7151387714968064,-0.9778095106440088,0.8828477798004675,-0.4696592357245681
1769100758.6601553,14.536453141472505,-0.7299321652855846,-0.9921757756183966,0.8794514080743561,-0.47598867721410404
1769100758.8608067,14.548078862406195,-0.744874085986469,-1.0193137032205906,0.872911973495433,-0.48787773727472794
1769100759.0613964,14.560715075486664,-0.7619720401746224,-1.0399600543965772,0.8678291035930247,-0.4968628049642349
1769100759.2621913,14.56976502835375,-0.7767613113529159,-1.0590660644086995,0.8630430442247635,-0.5051303829856733
1769100759.4628365,14.580166796215078,-0.7918477561352382,-1.0763019982081308,0.858657852562697,-0.5125492095715471
1769100759.6636593,14.591726431843933,-0.8092370676219109,-1.0968489801409453,0.8533469625566283,-0.5213434199214336
1769100759.8643944,14.601959985148255,-0.8253150927872184,-1.1129476792013855,0.8491228875697909,-0.528195344361478
1769100760.0649421,14.613304113225158,-0.8439513462151234,-1.135051776706223,0.8432335070042081,-0.5375474422461557
1769100760.2656252,14.622970263302436,-0.8605530036777904,-1.149143464717767,0.8394251322970375,-0.5434753419135968
1769100760.4663656,14.632296086845301,-0.8770580920166375,-1.1611849388031625,0.8361378157127469,-0.5485194191048448
1769100760.6670642,14.641600826734559,-0.8940959201233294,-1.1829395778745102,0.8301220485860843,-0.5575817289431593
1769100760.8676367,14.651565936489709,-0.9133904932571841,-1.2083046168427694,0.8229839368797409,-0.5680646438900441
1769100761.0683913,14.659951865488235,-0.9305892939482847,-1.2263664809301376,0.8178202932937708,-0.5754736899953731
1769100761.2691116,14.652746782695525,-0.9410084511274693,-1.249406587281235,0.811136685887977,-0.5848566292747901
1769100761.4696705,14.660467791844553,-0.9582116638674107,-1.2676860551743885,0.8057574475119053,-0.5922456718111997
1769100761.670466,14.668000102054542,-0.975856471872864,-1.2870699786816475,0.7999796712123237,-0.6000271040936589
1769100761.8712149,14.676022347794888,-0.995818371939132,-1.3081785442899476,0.7936023774290594,-0.6084367399647599
1769100762.0717816,14.68278335979398,-1.0138273109964113,-1.3300775020774684,0.786892872855247,-0.6170896261075989
1769100762.2724733,14.689670498549754,-1.0331640286478665,-1.3448812745768282,0.7823037313318061,-0.6228971600066365
1769100762.4730823,14.69562861050899,-1.0508140890025508,-1.3636892190099767,0.776411518941958,-0.6302262714725891
1769100762.6737096,14.702169204139446,-1.07149532838546,-1.384993772038113,0.7696542517154952,-0.6384609093877723
1769100762.874503,14.70749963284789,-1.0894238181850566,-1.400641581630662,0.7646354888171827,-0.6444630084351685
1769100763.0750837,14.712989883253568,-1.1094916664274137,-1.4218760251707003,0.7577501141703952,-0.6525448371374593
1769100763.2756147,14.70781441922629,-1.13805069752454,-1.4452540806361784,0.7500709067826504,-0.6613574183437065
1769100763.4763458,14.712550799706145,-1.1580496128196769,-1.461291169882405,0.7447437260938152,-0.6673505693740738
1769100763.6769984,14.716554316785137,-1.176579511877935,-1.4850947544977333,0.7367484988937563,-0.6761668798290825
1769100763.877559,14.720481938968513,-1.197294261751322,-1.5121901341921724,0.727520669598946,-0.6860857638125872
1769100764.0782611,14.723949025592454,-1.2175258111314669,-1.5222644937802678,0.7240555171301167,-0.6897416966614671
1769100764.2788818,14.726845625889888,-1.2358507231348819,-1.5356156346261018,0.7194349989881782,-0.6945597758514958
1769100764.47957,14.729702723602006,-1.2564335353539735,-1.5549764538833284,0.7126777718754929,-0.7014915491113083
1769100764.6802225,14.731962168195599,-1.2755365510445247,-1.5785065304928083,0.7043755648422169,-0.7098274886570736
1769100764.8810093,14.73409084002585,-1.2970466942899035,-1.5954972976223247,0.6983199628140632,-0.7157857427578209
1769100765.0814328,14.735636974888376,-1.3162205092418962,-1.6127165909950352,0.6921314949225926,-0.7217714276252678
1769100765.2821891,14.712684353130808,-1.3399729271464293,-1.627091605846468,0.6869259243228351,-0.7267274416816931
1769100765.4829218,14.713384107083217,-1.3549154093396694,-1.6431385470874986,0.6810729999258857,-0.7322155207122795
1769100765.683445,14.713873115302267,-1.3741453947617457,-1.6708013740294994,0.670880600902646,-0.7415653843947306
1769100765.8841722,14.713830039197036,-1.3994554353264859,-1.699519047637148,0.6601637918432347,-0.7511216731922747
1769100766.0847914,14.713525518022589,-1.4140310601367783,-1.7103197803844163,0.6560978528624268,-0.7546758293925369
1769100766.2854195,14.712639691002247,-1.4389459640376268,-1.7311478555701234,0.6482031951628975,-0.7614674108460654
1769100766.486198,14.71145075050825,-1.4592858184543944,-1.754293496545744,0.6393476597156773,-0.7689177914550336
1769100766.6866996,14.710253630131067,-1.47462782443413,-1.7679801094981247,0.6340707901471592,-0.7732750048218016
1769100766.8874314,14.70859450622414,-1.4938428880278893,-1.769567585307778,0.6334568127908407,-0.7737780472001451
1769100767.0882227,14.706510632715487,-1.5187882071044434,-1.7616342553450175,0.636521139490295,-0.7712592553622786
1769100767.2888238,14.705052141946169,-1.5373089167170078,-1.7600794948536251,0.6371205088081034,-0.7707642034086062
1769100767.4895923,14.703386634760454,-1.55825065660589,-1.7623669688543424,0.6362385407427529,-0.7714923974178439
1769100767.690252,14.70168679630464,-1.5791134568324996,-1.7649852934169397,0.6352279870578449,-0.7723246755467796
1769100767.891107,14.700058555198313,-1.598026495119157,-1.7702226252391933,0.633203351060644,-0.7739854754487133
1769100768.0915475,14.698269513463831,-1.618729400673512,-1.7685342273083902,0.6338565230875419,-0.7734506500995215
1769100768.2923212,14.696744717790523,-1.6370923819513097,-1.7623747335467865,0.6362355455373636,-0.7714948675103247
1769100768.4938238,14.659258772072914,-1.6699012589466993,-1.778351483681985,0.6300523204174737,-0.776552685615443
1769100768.6938345,14.657083332936756,-1.694635516567272,-1.7846353822522794,0.6276093253894272,-0.7785284417953066
1769100768.8943267,14.65536486100635,-1.7133880932690393,-1.7865387850804693,0.6268681146582776,-0.7791253858171845
1769100769.0950294,14.653506971680242,-1.7338053789894905,-1.7824796444071795,0.6284481122610062,-0.7778515090912775
1769100769.2956197,14.651670408695058,-1.7545803430043256,-1.7785469464467312,0.6299764238411957,-0.7766142577909951
1769100769.4963453,14.650011137135552,-1.7739479884569838,-1.7794675939779248,0.6296188631088973,-0.7769041686189229
1769100769.6969826,14.648397070268418,-1.7926590256784853,-1.7827555920425722,0.6283407831372241,-0.7779382110723833
1769100769.897539,14.646453782152317,-1.81393257995179,-1.7892193108926653,0.6258233190941215,-0.7799648538735687
1769100770.0982604,14.644731277007939,-1.8324560080198635,-1.7854840791294748,0.6272789015633564,-0.778794696729163
1769100770.2988713,14.642979109407957,-1.8526032378833204,-1.7733509244117283,0.6319919479070097,-0.7749749530021622
1769100770.4995627,14.641480141713641,-1.8733545444265896,-1.758236906380967,0.6378303389372876,-0.7701769009332499
1769100770.7001605,14.64039145972716,-1.8928894465196708,-1.739337710452733,0.645079615413381,-0.7641153641814333
1769100770.9007573,14.639612230997992,-1.912084232305848,-1.7253920008871828,0.6503919556605732,-0.7595987783112971
1769100771.101442,14.639104099397784,-1.932984393115551,-1.7061568618734237,0.6576672574556719,-0.7533085546246869
1769100771.302092,14.639019598647165,-1.9519159075044197,-1.682521294100992,0.6665235635608563,-0.745483963085818
1769100771.5027084,14.583954690487039,-1.9622986723280078,-1.6647515635897,0.6731206931902403,-0.7395326445797308
1769100771.7034204,14.584665297508716,-1.980609587637103,-1.6441053074097367,0.6807189819147689,-0.7325446523324844
1769100771.9040458,14.586148097220901,-2.0017176348846215,-1.6111416722915062,0.6926996459317025,-0.7212261784808521
1769100772.1046784,14.588292542322364,-2.0228445225668645,-1.5810455915469532,0.7034738497947707,-0.7107211426818006
1769100772.3053195,14.590821977466295,-2.0417088518652196,-1.5393009046295438,0.7181539582088072,-0.695884252091555
1769100772.505983,14.594412725118916,-2.0622261049618746,-1.5009280832688239,0.7313724813419156,-0.6819782207195252
1769100772.7066524,14.5723140705347,-2.079657190638064,-1.4668340957745796,0.7428913308974575,-0.6694120334124598
1769100772.9072459,14.577423522889376,-2.099980973530014,-1.4313149829977678,0.7546620151530746,-0.6561137423382477
1769100773.1080236,14.58278011010743,-2.1185612653217856,-1.3999887743794717,0.764845803144088,-0.6442133943134642
1769100773.3086736,14.5884550134885,-2.136702264279695,-1.3821471348450396,0.7705622050977172,-0.6373647998398905
1769100773.509282,14.59518597223912,-2.1570293882614364,-1.3683123172637914,0.7749526469685869,-0.6320192995125866
1769100773.7099795,14.6014874802277,-2.1749894510273404,-1.35074716581838,0.7804734457009829,-0.6251889318883012
1769100773.910607,14.607900806963729,-2.1926407615383674,-1.3433401656938333,0.7827834752095164,-0.6222941675276351
1769100774.1112328,14.615094180253799,-2.21240554232268,-1.352725423725415,0.7798546715296236,-0.6259606148100876
1769100774.3118691,14.622177534062562,-2.232048736134476,-1.3552084350843414,0.7790769370617538,-0.6269283261573655
1769100774.512495,14.62846585525894,-2.2496645691499904,-1.3574240320440825,0.7783819489087358,-0.6277910015387591
1769100774.7131402,14.635546488271032,-2.2694432319807913,-1.352032802736077,0.78007140149109,-0.6256905054223907
1769100774.9138856,14.641880975845375,-2.2870156470779124,-1.3507489475570496,0.7804728887390253,-0.6251896271879125
1769100775.1144452,14.649052722074961,-2.3067614787682915,-1.3495562703819246,0.7808455746403965,-0.6247240899505228
1769100775.3152497,14.655455832775543,-2.324443665153737,-1.351858981218579,0.780125777781463,-0.6256227064620237
1769100775.5163004,14.662799095483077,-2.3448541300878727,-1.3510937594114558,0.7803650907428947,-0.6253241760477789
1769100775.7164593,14.66912665025282,-2.362402142707657,-1.3498916540364394,0.780740802537809,-0.6248550225873343
1769100775.917144,14.620919874541565,-2.3408251309219947,-1.3420599246908491,0.7831816580624811,-0.6217929643173064
1769100776.1178012,14.62810161362841,-2.360513415112967,-1.3422095150101596,0.783135148767803,-0.6218515407751525
1769100776.318477,14.635295227100716,-2.380305135852792,-1.346568543702981,0.7817779554304106,-0.6235569167309805
1769100776.519093,14.641797212805512,-2.3984359818858674,-1.3507037708757617,0.7804870105361785,-0.6251719974409435
1769100776.7197344,14.648160521613764,-2.416293844198247,-1.3499635772788607,0.7807183312333379,-0.6248830988882896
1769100776.9204712,14.655335222326189,-2.4362538713217576,-1.3474137777888684,0.7815143598432099,-0.6238872537236658
1769100777.1212103,14.661649623585026,-2.453645209956214,-1.3473416773831617,0.7815368505974247,-0.6238590795670594
1769100777.3218148,14.66894320006765,-2.473750729114197,-1.3468697904119213,0.7816840243280121,-0.6236746636751919
1769100777.52246,14.675599821932767,-2.4922025113624935,-1.3456756291753524,0.7820562690224507,-0.6232078241507276
1769100777.723073,14.682652418130639,-2.511802987021491,-1.347855372871847,0.7813765880225206,-0.6240597949638191
1769100777.9237838,14.689017259672816,-2.5294182857190153,-1.3445039666272074,0.7824212294350215,-0.622749564214532
1769100778.1244915,14.695623126191018,-2.5475654127854197,-1.3415106996007702,0.7833523806780868,-0.6215778693663199
1769100778.3251984,14.70298886063453,-2.567806234370641,-1.3446566951575647,0.782373671340861,-0.6228093114209375
1769100778.5259223,14.70947826269673,-2.5858070927958012,-1.3493420651623722,0.7809124797421647,-0.6246404557687112
1769100778.7264376,14.715917237058168,-2.6039066543367557,-1.3515658453992272,0.7802174656140763,-0.6255083583380382
1769100778.92714,14.680837462295019,-2.5848083205673773,-1.3558881608688047,0.7788638223973701,-0.6271930692861314
1769100779.1278455,14.680837462295019,-2.5848083205673773,-1.3558881608688047,0.7788638223973701,-0.6271930692861314
1769100779.3284976,14.694345012574534,-2.622206880199413,-1.3521056615486702,0.7800486074398401,-0.6257189225452322
1769100779.5291893,14.700907943436802,-2.6403695753167704,-1.351961692470891,0.7800936475068972,-0.6256627694847957
1769100779.7298634,14.708014299478497,-2.6601659154716506,-1.3517778975395436,0.7801511410356969,-0.6255910782137963
1769100779.9304767,14.714349340407749,-2.677791956289508,-1.3506581190053386,0.780501280468361,-0.6251541819321446
1769100780.1312463,14.72081730959101,-2.6956121474425863,-1.3468839580416503,0.7816796063125465,-0.6236802009644545
1769100780.3317852,14.727948684617415,-2.7151571531066874,-1.3486812702433548,0.7811188167349307,-0.6243824101803492
1769100780.5325716,14.734479750404622,-2.7331698681957595,-1.3533997295323068,0.779643582771045,-0.626223509494756
1769100780.7331119,14.741749274547974,-2.753472287823973,-1.3564080858059437,0.7787007494226479,-0.6273955234527949
1769100780.9337616,14.748066874123818,-2.7711314506317892,-1.353414918837769,0.7796388267984738,-0.6262294305989613
1769100781.1344843,14.755164969067394,-2.7908500523161797,-1.3538615878712394,0.7794989487088563,-0.6264035352404932
1769100781.3350613,14.76156877333337,-2.808612774186141,-1.353685935879629,0.7795539602167482,-0.6263350725533295
1769100781.5357795,14.770211644911312,-2.8326174201257537,-1.354945826396298,0.7791592487581653,-0.6268260245671134
1769100781.736409,14.777211810280326,-2.8522635484744505,-1.3595919213854974,0.777701001057094,-0.6286343555317302
1769100781.937028,14.741960044395407,-2.8683336967408404,-1.3544545432269373,0.7793131997874584,-0.6266346117451803
1769100782.1378648,14.748890379057064,-2.8876285760202296,-1.3509972448976153,0.7803952662636624,-0.6252865170410021
1769100782.338476,14.755243963988589,-2.9052210257180953,-1.3494776788665477,0.7808701230439771,-0.6246934055497017
1769100782.5390518,14.760350694652248,-2.91941552527006,-1.3510319803580633,0.7803844063384239,-0.6253000706411489
1769100782.739729,14.76902746673622,-2.9438112904350806,-1.3558802806149275,0.7788662936116323,-0.6271900004589348
1769100782.9402378,14.773823105393236,-2.957391164625155,-1.3555000716470025,0.778985511168295,-0.62704192315177
1769100783.1409943,14.782136026063418,-2.9807880304500904,-1.352254374711005,0.7800020789636248,-0.6257769225630033
1769100783.341569,14.789178879490391,-3.000472675023437,-1.35062175627027,0.7805126464973057,-0.625139991248178
1769100783.5422244,14.795451631064642,-3.0180134751568923,-1.3528564917903367,0.7798136481317782,-0.6260117204872503
1769100783.7428768,14.802549844700772,-3.038027673259763,-1.3550802325818108,0.7791171223512847,-0.6268783850628871
1769100783.943564,14.80745171685692,-3.051918994627877,-1.3553265710775042,0.7790399043024384,-0.6269743435775084
1769100784.1441646,14.815699891023135,-3.075150825608934,-1.350835315169738,0.7804458899435159,-0.6252233303950465
1769100784.344824,14.822001693772764,-3.092734974949745,-1.3505501987614905,0.7805350127279322,-0.6251120650777799
1769100784.545466,14.828605554902394,-3.111232583942346,-1.3528272240327743,0.7798228090279125,-0.6260003087218217
1769100784.7460897,14.835847148836693,-3.131759911793227,-1.3611949124147502,0.777196903699113,-0.6292574774132698
1769100784.9468043,14.842108538309386,-3.149734146133511,-1.3603491817550455,0.7774629253746663,-0.6289287715376568
1769100785.1474297,14.800190198978662,-3.1688226970225757,-1.364589828274005,0.776127646424153,-0.6305758292672698
1769100785.3480985,14.807224225628678,-3.1888059033022036,-1.3611599722830987,0.7772078967500627,-0.6292438996361776
1769100785.5487719,14.813582776898814,-3.206826569303776,-1.3611317767168993,0.7772167676168422,-0.6292329426652958
1769100785.7494178,14.820099639964997,-3.2253818341805465,-1.3633197953810654,0.7765279159344368,-0.6300828483418035
1769100785.9500837,14.827235603918059,-3.245812086389511,-1.3641127942063125,0.7762780274220423,-0.6303906916680662
1769100786.1507578,14.83335571254248,-3.2632994989961195,-1.3623235144036385,0.7768416893541101,-0.6296959501866375
1769100786.3514438,14.840209950208127,-3.2827825056044095,-1.3609042100325852,0.7772883588127232,-0.6291445042708577
1769100786.5520704,14.846638483455957,-3.30102003788177,-1.360636605216476,0.7773725329042283,-0.6290404955851925
1769100786.7528255,14.85295923017789,-3.3191344637812525,-1.36397802433875,0.7763205044945903,-0.6303383807934153
1769100786.953511,14.859919801989314,-3.339330877610436,-1.3699829810606987,0.7744244307756907,-0.632666421598102
1769100787.1543803,14.866175179982617,-3.357548249267382,-1.3685042856313705,0.774891979542272,-0.6320936797983818
1769100787.354842,14.872948303672867,-3.377113165571828,-1.3671558364017855,0.7753179765030199,-0.6315710849233541
1769100787.5555146,14.879192955600734,-3.395093238999836,-1.3650219437698803,0.7759913875164495,-0.6307435029394243
1769100787.7561107,14.885490530443166,-3.4133496527565264,-1.369660881268818,0.7745263115934637,-0.6325416924198948
1769100787.9567764,14.892383343084099,-3.433649493713349,-1.378739202750287,0.771647133887358,-0.6360508633461839
1769100788.1574063,14.898182313469892,-3.4515656609777747,-1.3961488309016115,0.7660812641732486,-0.642743725510189
1769100788.3581355,14.850391463767032,-3.484053563095135,-1.3950884735398963,0.766421925509133,-0.642337475240915
1769100788.5588057,14.855660798169627,-3.50242195661822,-1.4130554090957648,0.7606206591633278,-0.6491965902975345
1769100788.7594244,14.860949259713928,-3.5224915625599706,-1.4335734815318433,0.7539206181739917,-0.6569655253452393
1769100788.9600887,14.865392828249835,-3.5409465429640163,-1.4611097602626248,0.7448042549366188,-0.6672830147908068
1769100789.160618,14.869846088306808,-3.561372955294158,-1.4766951772705634,0.7395817510503807,-0.673066737785528
1769100789.3613775,14.873589511315538,-3.5797763609570348,-1.4901299926084668,0.7350438351666216,-0.6780195870205701
1769100789.5619173,14.877448058481562,-3.6007866174876098,-1.5124461894311816,0.7274328257096474,-0.6861789009289616
1769100789.7625904,14.880693338451687,-3.620157422844551,-1.518967192421464,0.7251916757228074,-0.6885470452063145
1769100789.9632633,14.883883669408327,-3.6392553960599736,-1.5137217115004722,0.7269950596358102,-0.6866426896611691
1769100790.163882,14.887393261621218,-3.6600450402760547,-1.5140659169196604,0.7268768758024221,-0.6867677973112238
1769100790.3645666,14.8905971194985,-3.6788327767748887,-1.511635734745193,0.7277108244292995,-0.6858840689274167
1769100790.5651891,14.89387672097616,-3.6976844985474795,-1.507267639583412,0.7292070910670302,-0.6842930792705418
1769100790.7658944,14.89751112568783,-3.7186839013470285,-1.5131769954820986,0.7271820453056357,-0.6864446612692916
1769100790.966469,14.90075349738272,-3.737978522738856,-1.5144589448431458,0.7267419023074737,-0.6869106255041585
1769100791.1672115,14.903954937464073,-3.7568693434487557,-1.5078422537564777,0.7290104587224635,-0.6845025573898634
1769100791.3678107,14.907533271306269,-3.777287610617121,-1.505523749243489,0.7298034798329105,-0.6836569906201315
1769100791.5685732,14.873734215811059,-3.7713660592158313,-1.524605022449531,0.7232478414029497,-0.6905885605090586
1769100791.76912,14.877396315298983,-3.792591850371284,-1.522675228521121,0.7239138514238008,-0.6898903794928287
1769100791.9699552,14.8806950281269,-3.8114402525957476,-1.5189049439781384,0.7252131058624115,-0.6885244738463512
1769100792.1704626,14.884311935778406,-3.832083014499506,-1.5206021231592888,0.7246285701166525,-0.6891396341603752
1769100792.3711839,14.887590939957741,-3.850703578384798,-1.5161824384254623,0.726149689511408,-0.6875366378764739
1769100792.5718708,14.891256252750935,-3.8708748650282674,-1.5124688154694652,0.7274250629080566,-0.686187130346533
1769100792.7725506,14.89461433446022,-3.8894813492705085,-1.517741191150624,0.7256136192200477,-0.6881023729085546
1769100792.973186,14.898209660891798,-3.9100251833988,-1.5247871819543506,0.7231849397680696,-0.6906544308788973
1769100793.173901,14.90153423513151,-3.9290745841545007,-1.5199772709362591,0.7248438399638168,-0.6889132076441187
1769100793.374603,14.904850904394246,-3.947688492980751,-1.5198002746228962,0.7249048046742665,-0.6888490576027259
1769100793.5753577,14.908574611058683,-3.968543716312809,-1.5204695706464137,0.7246742421202531,-0.6890916069779378
1769100793.776063,14.911957190323882,-3.9876086388195664,-1.5198756098669486,0.7248788568540723,-0.6888763625542201
1769100793.976587,14.915377374803233,-4.006821127096201,-1.5199631347032039,0.72484870926454,-0.688908084346185
1769100794.177302,14.919084013706021,-4.0280905877628905,-1.520849271773883,0.7245434046311869,-0.6892291743719561
1769100794.3779383,14.922382198208892,-4.046784868506802,-1.5149188884985165,0.7265839129992481,-0.6870777375018792
1769100794.5786853,14.925750013526711,-4.065260925746735,-1.512197511267074,0.7275181389409626,-0.6860884472951562
1769100794.7792532,14.878211842588327,-4.062888532336373,-1.5251750624757263,0.7230509804680252,-0.6907946725650304
1769100794.9799185,14.881627068596512,-4.082076216454443,-1.528759131461279,0.721811892251766,-0.6920892949641144
1769100795.1810393,14.886157716194486,-4.107441037189073,-1.5269588223104706,0.7224345870788619,-0.6914392723820324
1769100795.3812926,14.888735950624213,-4.12191876896711,-1.528816626984356,0.7217919959354889,-0.6921100451542826
1769100795.5820343,14.892017405005541,-4.140256131929737,-1.5248753751902533,0.7231544835403838,-0.6906863202173913
1769100795.782746,14.896555849210998,-4.1653366628537905,-1.5248271310306354,0.7231711441205287,-0.6906688760262804
1769100795.9834278,14.89917718107588,-4.180038115464708,-1.5329331420039367,0.7203659273353558,-0.693594211866184
1769100796.1841207,14.902552937214702,-4.199335485103704,-1.5319951502870133,0.7206911409114448,-0.6932562869615825
1769100796.3848317,14.907034768598283,-4.224529014221478,-1.5246935306619716,0.7232172793152347,-0.6906205665196119
1769100796.5854425,14.909692081633118,-4.239069595533236,-1.5216008223491686,0.7242843581907069,-0.6895013912098189
1769100796.786484,14.914257669583884,-4.264145204192784,-1.527398462988124,0.7222825772105786,-0.6915980614909533
1769100796.9867516,14.917732029328288,-4.283296513996411,-1.526178717692058,0.722704229601003,-0.6911574325121743
1769100797.187418,14.921454999059595,-4.30399757669373,-1.5291423648220428,0.7216792631479823,-0.6922275934562168
1769100797.3880262,14.924766906000041,-4.322715139451521,-1.5268425084405974,0.7224747978458962,-0.6913972566314763
1769100797.5886807,14.928155492946315,-4.341367524442284,-1.5202687585583088,0.7247434274295274,-0.6890188418306871
1769100797.7894113,14.885149599080023,-4.379901115783444,-1.5281702967216935,0.7220156240748071,-0.6918767510126834
1769100797.990141,14.888596169408565,-4.398825986000529,-1.5362324667578522,0.7192207513814938,-0.6947816281265932
1769100798.1908882,14.89130738951272,-4.413871284886565,-1.5377813392090045,0.718682471696752,-0.695338410326833
1769100798.3913357,14.895923486761884,-4.438989131984657,-1.53105576628355,0.7210166783365658,-0.6929177076395906
1769100798.5921276,14.898592480336875,-4.453321674732257,-1.5305504726008465,0.7211917187934543,-0.6927355229405686
1769100798.792776,14.903294704201262,-4.478397771906582,-1.5287232437000065,0.7218243109032582,-0.6920763427462583
1769100798.9934945,14.906809721506846,-4.496975246773125,-1.5287672990626622,0.7218090658910056,-0.6920922426942481
1769100799.1941056,14.910328170290722,-4.515912601903109,-1.5353664325007113,0.7195215362893638,-0.6944701280946458
1769100799.3947303,14.914146293797232,-4.537059441369281,-1.5358274313620932,0.7193614422075385,-0.6946359589490673
1769100799.5955591,14.917597967658555,-4.555803201342595,-1.5287187470456365,0.7218258669154893,-0.6920747198472881
1769100799.7962093,14.920292384770828,-4.570208257718152,-1.5292599531415036,0.7216385629609727,-0.692270022785634
1769100799.9967465,14.924910347705506,-4.595428627814616,-1.5353555782408583,0.7195253052583828,-0.6944662231475561
1769100800.197368,14.927577302972617,-4.610070403172099,-1.5315006914192142,0.7208625122438882,-0.6930780897138721
1769100800.3981993,14.930286120166551,-4.624833163212854,-1.5309563535165271,0.7210511198791527,-0.6928818676520694
1769100800.5989103,14.934671403192029,-4.649658066217677,-1.5499881459002496,0.7144251812954596,-0.6997118409252123
1769100800.7995512,14.937629691235003,-4.668229595878769,-1.566469489473762,0.7086348932349853,-0.7055753596107514
1769100801.000288,14.891802759807899,-4.685977587801971,-1.5855156104306336,0.7018836256336375,-0.7122916369489255
1769100801.6022518,14.893629448311176,-4.700798759848135,-1.6024945999105966,0.6958114094058959,-0.7182245349057498
1769100801.80299,14.893629448311176,-4.700798759848135,-1.6024945999105966,0.6958114094058959,-0.7182245349057498
1769100802.0037246,14.893629448311176,-4.700798759848135,-1.6024945999105966,0.6958114094058959,-0.7182245349057498
1769100802.2042704,14.900993578340815,-4.809677753470251,-1.7129648016142955,0.6550992125894094,-0.7555428655375788
1769100802.40491,14.900992110871258,-4.829090222313392,-1.7285665481997579,0.6491854457258673,-0.7606301710146048
1769100802.605593,14.900624420741583,-4.8498667016090025,-1.74160228910448,0.6442140024061503,-0.7648452909601056
1769100802.8063595,14.899994813408506,-4.8683327555660485,-1.7587049548104277,0.6376500814283551,-0.770326147585821
1769100803.0069692,14.86457064945908,-4.860620256643018,-1.7755865617589603,0.6311252717705632,-0.775680921083233
1769100803.2075522,14.86308730534781,-4.879849796192556,-1.8146950975659228,0.6158377081864155,-0.7878730336645007
1769100803.4084663,14.860655536296093,-4.900512251801939,-1.8526196828727335,0.6007880098345583,-0.7994083857697708
1769100803.6091456,14.857811585198679,-4.919204136323499,-1.886549668929372,0.5871402480586729,-0.8094852247629971
1769100803.8097644,14.85434324150491,-4.93802070369679,-1.9196467385014961,0.5736646715457351,-0.8190902542579321
1769100804.0104651,14.841798163750575,-4.922062021547115,-1.9622856138930092,0.5560730850709208,-0.8311333972712854
1769100804.2109625,14.841798163750575,-4.922062021547115,-1.9622856138930092,0.5560730850709208,-0.8311333972712854
1769100804.411615,14.830882589012605,-4.958813400425765,-2.043415677554929,0.5219099255825794,-0.8530006035041162
1769100804.6123466,14.823988061106036,-4.978280172343055,-2.079307258042463,0.5065189386567455,-0.8622288355083262
1769100804.8129587,14.816936627024448,-4.996093501275208,-2.117218881116044,0.49008467096728914,-0.8716748334573414
1769100805.0136256,14.797834303327509,-5.024849021456633,-2.1583307676418935,0.47206429618322143,-0.8815641214733275
1769100805.2143254,14.789263954296032,-5.042266416734064,-2.1939025114892154,0.4563110724854159,-0.8898203218218886
1769100805.414974,14.780306719563676,-5.059145776207319,-2.2165478243010033,0.4462069081846703,-0.8949298269072705
1769100805.615647,14.769920933692712,-5.077638661049085,-2.2374637857877624,0.43682351942826453,-0.899547226594749
1769100805.8161516,14.760162527764846,-5.094303621868269,-2.2507055788139287,0.4308581795236304,-0.9024196524553214
1769100806.016888,14.750095393073634,-5.1112567504148565,-2.2497608895961063,0.4312843845013326,-0.9022160382554206
1769100806.2175834,14.739314606406445,-5.129405269023983,-2.2503947544617393,0.43099842132175775,-0.9023526809502771
1769100806.4182563,14.729718716360722,-5.145578660445507,-2.247959908850472,0.43209664638762746,-0.9018273050759583
1769100806.6190188,14.719961662384682,-5.162009593434861,-2.2495137709640938,0.4313958584054369,-0.90216274216498
1769100806.8195856,14.709106631965126,-5.180231754589019,-2.252418335660829,0.43008520890659296,-0.9027882991486832
1769100807.0204012,14.69911988570763,-5.196820237952851,-2.2571222861370024,0.4279606855699533,-0.9037973509623136
1769100807.2209861,14.689301313506887,-5.2134205615381894,-2.2356043797614618,0.4376596422911364,-0.8991407217502689
1769100807.4215698,14.679064674806076,-5.231851807725808,-2.1994169655118974,0.4538559044615595,-0.8910750911036509
1769100807.6223,14.670420179892849,-5.2487800700468625,-2.167478644398241,0.4680271522755406,-0.8837140853991453
1769100807.823186,14.662156381153293,-5.266430781870195,-2.1304502041857822,0.48430728264251416,-0.8748979688966159
1769100808.02379,14.653639546656283,-5.286351581758661,-2.099503101132858,0.4977865433417609,-0.8672995775785096
1769100808.2244601,14.600047031442852,-5.251933213585448,-2.0658662140019737,0.5123020843866115,-0.8588053180629084
1769100808.4252539,14.593677750726503,-5.270270634701153,-2.0279592902884236,0.5284864283450272,-0.8489417500954446
1769100808.625892,14.587585837733648,-5.290295120894427,-1.9902822839069747,0.5443844999946705,-0.8388358100162108
1769100808.8264856,14.582877362918193,-5.308212736471259,-1.953134451373127,0.5598701692510942,-0.8285803482962597
1769100809.0272088,14.57824986716252,-5.329222261393696,-1.9134004805089422,0.5762199941691412,-0.8172946337274672
1769100809.2278337,14.543550892048076,-5.344327763789231,-1.886532818545628,0.5871470681061705,-0.8094802779650213
1769100809.4284716,14.54068744692754,-5.3633739523928785,-1.855648268740908,0.5995767829988997,-0.800317237905501
1769100809.629129,14.538246931601563,-5.384747753696049,-1.8161807407699786,0.6152522892265077,-0.7883302738075849
1769100809.8298624,14.536868714698583,-5.403577958543771,-1.7767639949109828,0.6306685062110349,-0.7760523405502633
1769100810.030452,14.536216205184555,-5.422700230788939,-1.7344788933777777,0.6469340583393619,-0.7625459488847627
1769100810.2311368,14.504530459721103,-5.421841910901636,-1.7036705747877212,0.6586032196985697,-0.7524903979471615
1769100810.431784,14.505271213920222,-5.441062172565933,-1.672253580418736,0.6703419711025435,-0.7420523174132378
1769100810.6325364,14.506725738257744,-5.460141487691897,-1.6318752947962791,0.6851857420408646,-0.728368381318073
1769100810.8331695,14.509119170170178,-5.481418339931834,-1.5992914676480348,0.696960800621069,-0.717109226267267
1769100811.0337722,14.511944656158313,-5.5000610382158355,-1.5564415983888595,0.7121636874434605,-0.7020134487934921
1769100811.2345178,14.491278880321108,-5.528147853732353,-1.5192840282618638,0.7250825884326111,-0.6886619199228782
1769100811.4351563,14.496712095418527,-5.5529198547988265,-1.502810222389817,0.730730368636135,-0.6826661910135129
1769100811.635956,14.500107422635038,-5.567747731069648,-1.5015657439037353,0.73115500883997,-0.6822113697734914
1769100811.8364112,14.505971692056434,-5.593305419551027,-1.5024088007239509,0.7308673724163512,-0.6825195117630106
1769100812.0370998,14.510248200413132,-5.611748497101203,-1.499413032369005,0.7318888873038447,-0.6814239918297125
1769100812.2376702,14.513622629422851,-5.626217600693665,-1.499398322885341,0.7318938989815881,-0.6814186089574668
1769100812.439073,14.51939632206806,-5.650808986086962,-1.498141857309268,0.7323218440353207,-0.6809586747730785
1769100812.638936,14.523785764436568,-5.669381602221857,-1.4969988069027573,0.7327109094559539,-0.6805400231905754
1769100812.8396316,14.528687874694933,-5.6904077345841815,-1.4998765358253918,0.7317309464630593,-0.6815935900434184
1769100813.0402255,14.533075500233911,-5.709240736209695,-1.4988803107368054,0.7320703659892152,-0.6812290211378378
1769100813.2409914,14.537455617468547,-5.727633458441101,-1.4910163709179087,0.7347432720613885,-0.6783452838787372
1769100813.4414866,14.541887169862756,-5.746143998648154,-1.4946543767616378,0.7335081451399237,-0.6796806610559025
1769100813.6421113,14.546887037952834,-5.767225137889288,-1.4948537868651735,0.733440373898602,-0.6797537921449788
1769100813.842715,14.551349769824576,-5.786144524662328,-1.4966488839562861,0.7328299665257034,-0.6804118165948739
1769100814.0433657,14.555758980329767,-5.804946487918833,-1.4999323602404568,0.731711921396281,-0.6816140140039395
1769100814.2440958,14.507686115417568,-5.803695215549602,-1.4934828357197611,0.7339061561687946,-0.6792508770237583
1769100814.4446352,14.51217680154489,-5.822321747024339,-1.489817496568246,0.7351497654117829,-0.6779047296007017
1769100814.645495,14.51665921125743,-5.840767931772396,-1.4918285888316618,0.7344677293847457,-0.6786436137564518
1769100814.8459513,14.521737219354712,-5.861856417688815,-1.494111634899886,0.7336925637027789,-0.6794815832436105
1769100815.0466502,14.526338396291012,-5.880742639731689,-1.4891722050956175,0.7353684502139763,-0.6776675013824217
1769100815.2471871,14.531279455393465,-5.900718232463634,-1.4861192620830468,0.7364020331973876,-0.6765441933109423
1769100815.4478743,14.535802876442839,-5.918971958672683,-1.4871926982714307,0.7360388136384439,-0.67693933614299
1769100815.648523,14.540495288168,-5.937887870555208,-1.4870469017057222,0.7360881593978877,-0.6768856783787273
1769100815.8492444,14.545636059877243,-5.958518004976211,-1.4865396248712108,0.7362598199309979,-0.676698956372163
1769100816.0499012,14.550269382778524,-5.977239929684057,-1.4889790457014445,0.7354338957062583,-0.6775964765598449
1769100816.2504458,14.554892951607432,-5.995833867920808,-1.480207761415794,0.738398509239646,-0.6743646206264593
1769100816.4513745,14.560119691723902,-6.016259594755537,-1.4760660239702132,0.739793445532667,-0.6728340493367625
1769100816.651851,14.56485995809107,-6.0346151097979615,-1.4749026591255177,0.7401846960940575,-0.6724036106894041
1769100816.8526053,14.57017202996331,-6.0553324479690005,-1.475732073088564,0.739905781981119,-0.6727105126210744
1769100817.0533202,14.574946298938194,-6.073888287007714,-1.4761163177394985,0.7397765256185365,-0.672852652624456
1769100817.253971,14.57966851538087,-6.092091592096561,-1.4725772298498914,0.740966009108807,-0.6715425327895228
1769100817.454705,14.516671800736173,-6.003993678110367,-1.4891850024293771,0.7353641140303258,-0.6776722067462957
1769100817.6552968,14.521580969573012,-6.022592814619355,-1.4871862433971221,0.7360409984137752,-0.6769369606204502
1769100817.855894,14.5269852322568,-6.043155457542167,-1.4940525723533338,0.7337126293391717,-0.6794599160717277
1769100818.0566642,14.531890351880396,-6.062121887535534,-1.4964347900469634,0.7329027983396786,-0.6803333654803859
1769100818.2574844,14.536688373725077,-6.08077613449232,-1.4914516612291595,0.7345956160954975,-0.678505181124858
1769100818.4580367,14.541869533382535,-6.1005599274193685,-1.4864129188514978,0.7363026893690946,-0.6766523107385644
1769100818.6587605,14.546749465782975,-6.119140601521035,-1.4908838444421122,0.734788219803217,-0.6782965959212971
1769100818.8593142,14.551711854697533,-6.138144467695079,-1.4917953549599599,0.734479006260739,-0.678631409059614
1769100819.0603325,14.557165261588398,-6.159008233872278,-1.4910753995579473,0.7347232508415837,-0.6783669690313461
1769100819.2608297,14.562016929910088,-6.1776486187972885,-1.489887757193888,0.7351259499529357,-0.6779305552236113
1769100819.461533,14.566863974422219,-6.19618556499333,-1.486927539311128,0.7361285554346666,-0.6768417465506033
1769100819.662288,14.572300256409871,-6.216635008678852,-1.4840599910477132,0.7370982366569943,-0.6757856091373577
1769100819.8630228,14.57715506756367,-6.2349343495138765,-1.486798207513108,0.7361723224755378,-0.6767941427206451
1769100820.0637217,14.582112754054123,-6.253834815876086,-1.4895844897414894,0.7352287386374377,-0.6778190775432649
1769100820.264411,14.587529302581181,-6.274525087435005,-1.4887019085540185,0.7355277822226427,-0.6774945620288333
1769100820.4651215,14.59233625093093,-6.29262762777828,-1.4862044040080593,0.7363732313926232,-0.6765755420412315
1769100820.6658437,14.53640661963769,-6.306931174308756,-1.4837533830204748,0.7372018286411295,-0.6756726010784918
1769100820.8666098,14.541473664656502,-6.325724019884749,-1.4807835400373544,0.738204336277153,-0.6745771697156732
1769100821.0672352,14.546476967701045,-6.344219443473484,-1.4782935888206232,0.7390435960873606,-0.6736576007752472
1769100821.2680085,14.552031322602003,-6.364951778491418,-1.4796330938099236,0.7385922465066354,-0.674152425939625
1769100821.4687688,14.557011203763576,-6.383401077389715,-1.4771820554711101,0.7394178783761617,-0.6732467609559631
1769100821.6696126,14.561932083586589,-6.401315596685962,-1.4737088414869102,0.7405859278516244,-0.6719616681538826
1769100821.8701255,14.567523518484947,-6.421618213375279,-1.4746272767054742,0.7402772731440113,-0.6723016873892753
1769100822.0708156,14.572641934469505,-6.440397086364776,-1.474570565570023,0.740296336342432,-0.6722806961366457
1769100822.271513,14.578324540796762,-6.461278304805121,-1.4753687636418358,0.7400279708146535,-0.6725760941424742
1769100822.4722989,14.583209315343627,-6.479281354269613,-1.4753409625153067,0.7400373199297038,-0.6725658072718692
1769100822.6731179,14.588262949107492,-6.497736824074009,-1.4723986204673434,0.741025978052572,-0.6714763583710368
1769100822.8737285,14.593929091759474,-6.5181763885620105,-1.471281205438217,0.7414010212631867,-0.6710622368081098
1769100823.0742803,14.59897251316935,-6.536372128793568,-1.4737149748275085,0.7405838671632521,-0.6719639392835918
1769100823.275006,14.60461235850607,-6.557028889134097,-1.4760557953188043,0.7397968866154652,-0.6728302657833286
1769100823.4755673,14.6097401264676,-6.575700235887059,-1.4738606492214168,0.7405349212290098,-0.6720178795540669
1769100823.6761885,14.614818956730186,-6.593859865598076,-1.4677352025551549,0.7425896496436497,-0.6697466776641162
1769100823.876928,14.548341008931065,-6.614488257996384,-1.4536891526176936,0.7472749453627534,-0.6645149780351787
1769100824.0774899,14.548341008931065,-6.614488257996384,-1.4536891526176936,0.7472749453627534,-0.6645149780351787
1769100824.2782202,14.56047170513078,-6.653362229004283,-1.4169834878223304,0.7593441452973678,-0.6506892261307313
1769100824.478777,14.566661490361842,-6.671681766645611,-1.405090600017694,0.7631999842363171,-0.6461623511639203
1769100824.6794138,14.57309069177207,-6.68954323121585,-1.379630089595575,0.7713637326681326,-0.6363945253726541
1769100824.8800397,14.58056849359443,-6.709038992549807,-1.3589262179344173,0.7779102000023509,-0.6283754615930689
1769100825.080697,14.587610348112147,-6.726394203768634,-1.3425573735664997,0.7830269787332674,-0.6219877414996626
1769100825.2840352,14.597804231768386,-6.750167876218676,-1.3234489213829408,0.7889337614856783,-0.6144782502156271
1769100825.6825182,14.611841154189555,-6.7809024264416085,-1.2882806157210063,0.7996163171556114,-0.6005112366463234
1769100825.8831127,14.568725452098136,-6.8003314361623195,-1.270026662258976,0.8050637886756715,-0.593188246818136
1769100826.0838165,14.577401271853162,-6.81698762257826,-1.253523536804816,0.8099310556060028,-0.5865250933804503
1769100826.2844765,14.587453693303644,-6.835606717483241,-1.2416765999511012,0.8133910889834669,-0.5817172305874133
1769100826.4851809,14.597017102499343,-6.852704063902278,-1.2294185162456934,0.8169411583809962,-0.5767210276581877
1769100826.6859803,14.609649292017576,-6.8752483078546085,-1.2381742799683682,0.8144085212468144,-0.5802919614474916
1769100826.886475,14.618905026547157,-6.891764020129702,-1.2356403701267356,0.8151430711722735,-0.5792596771050389
1769100827.0872118,14.626169944774052,-6.904520742110712,-1.224328910638493,0.8184061528222496,-0.57464020832403
1769100827.2879963,14.636599680409411,-6.922756688464501,-1.2268275545603302,0.8176876036908439,-0.5756622123870259
1769100827.4883156,14.646135915699968,-6.939608179283511,-1.232088548496221,0.8161704987340416,-0.5778111430183965
1769100827.689007,14.657833267116679,-6.9604132810093935,-1.2321271622991905,0.8161593428391107,-0.577826900634118
1769100827.889622,14.668274106464057,-6.978934026451794,-1.2306883341234018,0.8165748284116031,-0.5772395946264955
1769100828.0902991,14.675400696511865,-6.991565308811496,-1.2306364625374853,0.8165897993035742,-0.5772184159166687
1769100828.290955,14.687938153766812,-7.013698193887617,-1.2278501748725836,0.817393154880643,-0.5760802290951055
1769100828.491643,14.69726609240367,-7.0302022486470666,-1.232418636200994,0.8160751234414517,-0.5779458390714647
1769100828.6922803,14.707677114714553,-7.048913722779277,-1.2375976874569539,0.8145757833995269,-0.5800571464080476
1769100828.8929353,14.659299186677362,-7.095494532919007,-1.2314163681124783,0.8163646492923792,-0.5775368034902457
1769100829.0935442,14.659299186677362,-7.095494532919007,-1.2314163681124783,0.8163646492923792,-0.5775368034902457
1769100829.2942924,14.678879535252445,-7.130131527911637,-1.2282189343655552,0.8172869234606446,-0.5762309300447473
1769100829.4951682,14.686269339815478,-7.14325364885102,-1.2294612300065118,0.81692884123267,-0.5767384748412813
1769100829.6955032,14.698955003060888,-7.165855046476773,-1.2313676742708393,0.8163787102932435,-0.5775169273535975
1769100829.8961058,14.708342249904248,-7.1826451619125455,-1.2345325472058597,0.8154638046793421,-0.5788080711754906
1769100830.096747,14.71552486819375,-7.195477225151466,-1.2309494866993915,0.8164994476468987,-0.5773462150151408
1769100830.2974405,14.726998762950384,-7.215798107361183,-1.2253047726496984,0.8181256706369656,-0.5750394656411117
1769100830.4980175,14.73756048822067,-7.234512166848728,-1.2309513013270958,0.8164989238123443,-0.5773469558361622
1769100830.6986735,14.74684800290975,-7.251241911223854,-1.239406837368811,0.8140507450377582,-0.5807937538433681
1769100830.8992958,14.757052830224406,-7.269691491607239,-1.2353079243029077,0.8152393461408882,-0.5791241736482574
1769100831.0999866,14.766142924896418,-7.285951806854452,-1.2304818763211425,0.8166344118697444,-0.5771552974288261
1769100831.3006835,14.776409408404383,-7.304251161883517,-1.2313096189340893,0.8163954739191468,-0.5774932295398205
1769100831.5016263,14.785472644748847,-7.320555365336266,-1.2415449865019674,0.8134293681278032,-0.5816637027245235
1769100831.7019665,14.795712136384264,-7.339734986100111,-1.2643983814464683,0.8067299136827973,-0.590920338429256
1769100831.9025745,14.8043306586451,-7.356761878403976,-1.285793849105146,0.8003623645069375,-0.5995165431252619
1769100832.1031485,14.755773853677976,-7.334395978499599,-1.3152989573328355,0.7914311920778679,-0.6112582663704474
1769100832.3037722,14.763850766582102,-7.3517143486270795,-1.3315728930035176,0.7864312578288851,-0.6176778097921906
1769100832.504408,14.771515925228268,-7.368942285893723,-1.3524340818001566,0.779945847540359,-0.6258470059883254
1769100832.7050142,14.779677780320743,-7.3885741168569234,-1.375990116076979,0.7725206841249169,-0.6349896003866287
1769100832.9057148,14.786683657090137,-7.40632550196432,-1.3934457461023653,0.7669492596183766,-0.6417077474760797
1769100833.1062226,14.794137156248038,-7.4261015012740135,-1.4052752897976206,0.7631403111910612,-0.6462328260272843
1769100833.3069596,14.800515027439655,-7.44398081249367,-1.4233959075021478,0.757253999729563,-0.65312049416136
1769100833.5076425,14.80728612039303,-7.464187870487518,-1.4470429589370413,0.7494790628577641,-0.6620280464888536
1769100833.7081964,14.813156885504252,-7.482983611430287,-1.4649584739862795,0.7435187860205912,-0.6687150475609669
1769100833.9088233,14.818641094383889,-7.501209733978821,-1.4642158933240739,0.7437670221968571,-0.6684389401377062
1769100834.1095874,14.824608062175045,-7.521114707284837,-1.4657994591117094,0.74323753059254,-0.6690276325524254
1769100834.3101223,14.830036982283467,-7.539199175377748,-1.4639429083709206,0.7438582521546907,-0.6683374153085915
1769100834.5108178,14.836024815225155,-7.559177136458444,-1.4659240764802028,0.7431958429182957,-0.6690739414063023
1769100834.7114494,14.841492682931232,-7.577593385824601,-1.4708182533498464,0.7415563362312152,-0.6708906022559393
1769100834.912121,14.846913377972616,-7.596102686242925,-1.4716303594590414,0.7412838579267907,-0.6711916581552347
1769100835.1128461,14.852945509519614,-7.6164372166493335,-1.4675013122005622,0.7426679682095415,-0.6696598308062919
1769100835.3134606,14.7963461043639,-7.642444002536044,-1.471240041606348,0.7414148328526962,-0.6710469772124814
1769100835.514038,14.802513166076087,-7.6632136936593085,-1.4737196286937653,0.7405823035460957,-0.6719656625709074
1769100835.7147803,14.8080429296769,-7.681901970919899,-1.4736600060356944,0.7406023354064768,-0.6719435845295887
1769100835.9154153,14.81342176619433,-7.70010699799771,-1.4733270700946497,0.74071418222915,-0.671820288652108
1769100836.1161928,14.81936586764945,-7.720230007328146,-1.4739182287562262,0.7405155736836717,-0.6720391991037
1769100836.316821,14.824730553440618,-7.738280833503033,-1.4720364437088966,0.7411475624670989,-0.6713421561685798
1769100836.517594,14.830764141008435,-7.758614911594532,-1.4754171737037687,0.740011690872684,-0.6725940063453965
1769100836.7182915,14.83612732404785,-7.777061815729757,-1.4873071307062617,0.7360000805254477,-0.6769814483917077
1769100836.9187884,14.841237623569151,-7.795606475037643,-1.5018624765560205,0.7310537835984562,-0.6823198410469841
1769100837.119526,14.8464743512053,-7.81566355076862,-1.5140505359023977,0.7268821573745998,-0.6867622072380275
1769100837.3203778,14.85088728049499,-7.833761757372046,-1.5362165163218235,0.7192262923935776,-0.694775892162205
1769100837.5207856,14.855437323484205,-7.854426102419901,-1.5588264962070526,0.7113260661456997,-0.7028621682959495
1769100837.7215266,14.85928413081709,-7.873428299589818,-1.5672950942456723,0.7083435696735885,-0.7058678256600723
1769100837.9220698,14.863426138699493,-7.8943334125609095,-1.5672830421150115,0.708347823266359,-0.7058635571226289
1769100838.1228282,14.867046142067261,-7.912606954164012,-1.5645077248880799,0.7093266386010696,-0.7048799328757399
1769100838.323479,14.87113277521758,-7.932800484168919,-1.55909874919291,0.7112303813934268,-0.7029589921061973
1769100838.5243192,14.813715460054384,-7.952824059402613,-1.5630986248718663,0.709823085670834,-0.7043800018801896
1769100838.724818,14.81777095335355,-7.973462487381977,-1.5704083063737047,0.7072439538134827,-0.7069695819441402
1769100838.925452,14.821462688222963,-7.992547290125468,-1.5673607435817227,0.7083203994149401,-0.7058910764223187
1769100839.1260731,14.825509795621139,-8.01298107573244,-1.565952643246215,0.7088172065521814,-0.7053922084171061
1769100839.3268008,14.829224955088533,-8.031622830477556,-1.5657297850979415,0.7088958033522134,-0.7053132211929818
1769100839.5273647,14.83297530016191,-8.05059303592386,-1.566671009923216,0.7085637957060579,-0.705646758240002
1769100839.728015,14.837140122466886,-8.071622740703724,-1.5658873706313987,0.7088402275716438,-0.7053690748651944
1769100839.9287126,14.840857859077468,-8.090573555816558,-1.56565453865836,0.7089223390048259,-0.7052865497511821
1769100840.1293857,14.84454730482208,-8.109349389699137,-1.5636324609264045,0.7096350486667613,-0.7045694413638185
1769100840.330091,14.848718162027675,-8.130068123229485,-1.559508442033875,0.7110863678388104,-0.7031046703541429
1769100840.5307178,14.852518431326212,-8.148821828001434,-1.562048801490433,0.7101927251619635,-0.7040073104215778
1769100840.731453,14.856269458026551,-8.167869297799104,-1.5698105855619655,0.7074552074418892,-0.7067581831598087
1769100840.932123,14.861196098613119,-8.193289078941515,-1.5678924791791917,0.7081327006764596,-0.7060793710572939
1769100841.1328306,14.864046052770165,-8.207896338338811,-1.5671812166935915,0.7083837597753725,-0.7058274923000005
1769100841.3335109,14.867697522134643,-8.226602226928058,-1.5672558100448448,0.7083574342636542,-0.7058539121683841
1769100841.534206,14.802862795409196,-8.2449456715685,-1.5722950105794589,0.7065767179777643,-0.7076364473455072
1769100841.7349803,14.805749346566818,-8.259777878754388,-1.5769868146710748,0.7049147294753234,-0.7092920584418887
1769100841.9358428,14.809405050939835,-8.27884387332908,-1.5768137434741112,0.7049761058486773,-0.7092310555682362
1769100842.1363604,14.814189783710228,-8.303672411188924,-1.5720451033951053,0.7066651341775527,-0.7075481525223717
1769100842.3370433,14.817017373749964,-8.317897099859426,-1.5678636979757943,0.7081428615101324,-0.7060691805285382
1769100842.5377471,14.821905207243807,-8.342447490790217,-1.5717179426186647,0.7067808657238459,-0.7074325464994178
1769100842.73821,14.824781432470518,-8.357126997986676,-1.5742817090954546,0.7058734393487657,-0.7083379755610626
1769100842.9391513,14.829654319630622,-8.382170498117272,-1.5773067428529863,0.7048012591975976,-0.709404810410446
1769100843.1396472,14.833285089315128,-8.401035083232394,-1.5783866757887501,0.7044181016591765,-0.7097852760200666
1769100843.3403378,14.837296428174247,-8.421656404770681,-1.572513712206309,0.7064993331323111,-0.7077137078533945
1769100843.5411406,14.840971556677873,-8.44022865247334,-1.572167802749254,0.706621724997041,-0.7075915048685972
1769100843.7416496,14.844604421732553,-8.458783438368107,-1.5760691485988922,0.7052401018904981,-0.7089685456248958
1769100843.9423654,14.848662061010033,-8.479962965323598,-1.5759377469954898,0.7052866801701748,-0.708922209254678
1769100844.1429503,14.852230734392796,-8.498452864579058,-1.571874602846682,0.7067254502836171,-0.7074879065548885
1769100844.3436363,14.856314256259035,-8.519214805511979,-1.570091360814717,0.7073559803669535,-0.7068574941521849
1769100844.5443344,14.859983631393897,-8.537891394817532,-1.5723931519465082,0.7065419929229257,-0.7076711186960369
1769100844.7450686,14.787447262409318,-8.532073371500772,-1.5849324474741013,0.7020912868421646,-0.7120869504072612
1769100844.945679,14.791555752023358,-8.553088346918177,-1.5907971115158734,0.7000001959794852,-0.7141426507559133
1769100845.1464498,14.795205751043978,-8.5722584777007,-1.5929984490925007,0.6992137375969049,-0.7149126863860835
1769100845.3470213,14.79919322329697,-8.593039062375707,-1.587881752172505,0.7010404431449345,-0.7131215163456743
1769100845.5477946,14.802831715039526,-8.6114637585333,-1.5838117647536583,0.7024901883695066,-0.7116934278497836
1769100845.7483768,14.806453789834046,-8.630149608827809,-1.5925501823388994,0.6993739558273102,-0.7147559512941879
1769100845.9490151,14.810467881563648,-8.651182805687274,-1.591198587325226,0.6998568263775942,-0.7142831529391422
1769100846.1497746,14.814045249622952,-8.669825690503279,-1.5908590243119853,0.6999780883599186,-0.7141643198984349
1769100846.3503966,14.818027786657398,-8.690529952493035,-1.5914458860061933,0.6997685003869284,-0.7143696843135419
1769100846.551135,14.821528492195926,-8.708594790856637,-1.5884840346166824,0.7008256610759611,-0.7133325961831845
1769100846.751829,14.825592862101436,-8.729334768716441,-1.585661900988183,0.7018315229857103,-0.7123429745168814
1769100846.9524908,14.829182895550032,-8.74792364936797,-1.5924267129183507,0.6994180797461341,-0.7147127742836491
1769100847.1529686,14.83314707416717,-8.76922382321061,-1.598461315904738,0.697258395310699,-0.7168198728891025
1769100847.3538785,14.836620502250524,-8.787783350307997,-1.5918052499452309,0.6996401297395507,-0.7144954085632914
1769100847.5542736,14.840158670473043,-8.80622757039923,-1.5894651996704843,0.7004756282481617,-0.7136763231538112
1769100847.7550085,14.771687129775428,-8.830131556470043,-1.5945480716310205,0.698659605366023,-0.7154542304227386
1769100847.9556973,14.775254638963295,-8.849188491271358,-1.593106545661639,0.6991750967713303,-0.7149504766449218
1769100848.15638,14.779235443563822,-8.870356837581998,-1.5948682117008632,0.6985450736321901,-0.7155660557238571
1769100848.3570898,14.782759760444337,-8.88926734713807,-1.5961804608462022,0.6980754228317168,-0.7160242342535063
1769100848.5575817,14.786294039571652,-8.90804722066651,-1.5900362357899958,0.7002718322202663,-0.7138762925037301
1769100848.7583404,14.790311286270095,-8.928796339365844,-1.5871327347728195,0.7013074641877758,-0.7128589205968539
1769100848.9589524,14.793914655854005,-8.947666194100206,-1.592579713018319,0.699363402136643,-0.7147662777103156
1769100849.159728,14.797466249887416,-8.966854869645156,-1.5973186109928739,0.6976678382754748,-0.7164213756135602
1769100849.3602316,14.801433827449936,-8.988051403786375,-1.590593978061635,0.700072725500563,-0.7140715503436706
1769100849.5610087,14.804980877005258,-9.006725843747764,-1.5907846875613436,0.7000046322038895,-0.7141383023568316
1769100849.7615833,14.808514625749018,-9.025377048972315,-1.5942900149661403,0.6987519134163044,-0.715364077583613
1769100849.9622824,14.812462573168267,-9.046294019747059,-1.5894836274001551,0.7004690525012505,-0.7136827772112765
1769100850.1628897,14.816087367478955,-9.065520457922686,-1.5961932692325946,0.6980708372598722,-0.7160287048486961
1769100850.363587,14.819590815488246,-9.084409095197007,-1.5958591736786658,0.6981904385228843,-0.7159120836773344
1769100850.5642214,14.823530644816243,-9.10537909294704,-1.5916326352897654,0.6997017933230706,-0.714435021832272
1769100850.7649567,14.827131882580355,-9.123965836988509,-1.588490011893143,0.7008235291797634,-0.7133346906943622
1769100850.9655766,14.750165817963238,-9.149767673658083,-1.5974079240779924,0.6976358446781881,-0.7164525303327158
1769100851.1661587,14.754158478260058,-9.171062559172425,-1.60015947833798,0.6966495057537205,-0.7174116434329018
1769100851.3668842,14.75774090863367,-9.19024543717013,-1.600430697145701,0.6965522115830691,-0.7175061090602193
1769100851.56739,14.76120256260028,-9.208858667704574,-1.5990258502347154,0.6970560328231129,-0.7170166574807753
1769100851.768279,14.765088667074908,-9.229581233016003,-1.5982843740831,0.6973218102889074,-0.7167581829985626
1769100851.968923,14.768675607993432,-9.248479981042113,-1.5960741621137655,0.6981134780799655,-0.7159871309758952
1769100852.1696212,14.77217119846914,-9.267138360491503,-1.5997234375433615,0.6968058995671335,-0.7172597425817497
1769100852.3702722,14.776117234455851,-9.28864782643775,-1.604081321540479,0.6952413792840695,-0.7187763383217235
1769100852.5708134,14.779571585219243,-9.30726242006265,-1.596734044226957,0.6978772065350478,-0.7162174282987243
1769100852.7714624,14.783126279133233,-9.325961156878607,-1.596039838431809,0.6981257656344417,-0.7159751499579609
1769100852.972179,14.78704288213361,-9.346729481779365,-1.5974621450051592,0.6976164210615844,-0.716471443300587
1769100853.1727784,14.790628699252876,-9.365885991550117,-1.5994431966623213,0.6969063954774504,-0.71716209879122
1769100853.373425,14.794498683725982,-9.386740305708743,-1.6032942746876668,0.6955241807714667,-0.7185026889039318
1769100853.5741694,14.797959580622285,-9.405739720760693,-1.6048543085470912,0.6949635249792797,-0.7190449909069487
1769100853.774767,14.801431369585094,-9.424376792394693,-1.5960343325068098,0.6981277366845348,-0.7159732280411949
1769100853.975513,14.737993705486874,-9.435792039361104,-1.6036088229070986,0.6954111702992608,-0.7186120679636632
1769100854.1761088,14.741481212644237,-9.454580659905403,-1.6081887433710664,0.6937637553408932,-0.7202026463262277
1769100854.3767576,14.745359863983618,-9.475845133528562,-1.607197771076721,0.6941205205989417,-0.7198588076028897
1769100854.5773265,14.748871374676243,-9.494886724197778,-1.6039245423123514,0.6952977217476656,-0.7187218364099603
1769100854.77815,14.752343717356867,-9.513600949656523,-1.60571114593105,0.6946554088965278,-0.7193426602745021
1769100854.9787726,14.756214197934474,-9.534429419729602,-1.6022228425754956,0.6959089943750134,-0.7181299823485701
1769100855.1795835,14.759652146768625,-9.552918339584014,-1.6039819868272673,0.6952770781472433,-0.7187418066336703
1769100855.3800867,14.763120375973942,-9.571864931135,-1.6122146020576185,0.692312633755169,-0.7215976837150887
1769100855.5807278,14.766886590076135,-9.593046806871941,-1.6133429820043468,0.6919054054136853,-0.721988164694771
1769100855.781372,14.77027676826866,-9.611724694919879,-1.6090013649194246,0.6934710719879609,-0.720484470558435
1769100855.982107,14.774076336299357,-9.632283164199025,-1.6094060084293917,0.6933252881131292,-0.7206247600956037
1769100856.1827834,14.777505039656235,-9.651288383801763,-1.6138912745319252,0.6917074490578322,-0.7221778208432509
1769100856.3835366,14.782064921175964,-9.676647954665851,-1.6113091277230507,0.692639256883267,-0.7212841741118377
1769100856.5843563,14.785417011823816,-9.695769662789818,-1.6236040205918105,0.6881921412291839,-0.7255284810056672
1769100856.784845,14.787767541483001,-9.710363152214862,-1.6354073653837469,0.683898349935264,-0.7295773070455407
1769100856.9853852,14.71616227730891,-9.716963696211767,-1.6544605304729294,0.6769170430000507,-0.7360593161533026
1769100857.1862578,14.71849840101514,-9.735930168456614,-1.6811295596274574,0.667042160008687,-0.7450199707195407
1769100857.38679,14.720054205498442,-9.750985533742663,-1.699752449224295,0.6600761308526918,-0.7511987097157051
1769100857.5875714,14.722241621388601,-9.776505615350933,-1.706544132854749,0.657521377855469,-0.753435888223441
1769100857.7882009,14.723898125054482,-9.795594048964086,-1.7022873390625775,0.6591234979411459,-0.7520347162610436
1769100857.988715,14.725199918557102,-9.810419697067266,-1.703859052587593,0.658532302906842,-0.7525524606485658
1769100858.1893353,14.726821436918748,-9.829638138312374,-1.7076967048197993,0.6570870741551464,-0.7538146834456257
1769100858.3900397,14.728946574271209,-9.855621393153546,-1.7094942206563906,0.6564093119444683,-0.7544049411241881
1769100858.590621,14.73048096936856,-9.875050111619196,-1.7127845021281212,0.655167321922549,-0.7554838054418077
1769100858.7913504,14.731628782757777,-9.889736142300599,-1.7098998417172167,0.6562562971795112,-0.7545380523288651
1769100858.9920597,14.733717171036503,-9.915011226195473,-1.7023397298068477,0.6591037978857527,-0.752051981988331
1769100859.19274,14.73497264334635,-9.929840845333645,-1.7059814576221215,0.6577333216878216,-0.7532508729112132
1769100859.39336,14.736986363327937,-9.954817327207252,-1.7143800197474768,0.6545644196446226,-0.7560062304870895
1769100859.5940027,14.738475006071322,-9.973970339577587,-1.7110327551712172,0.6558287787593154,-0.754909672047633
1769100859.794604,14.740197428332625,-9.99526300761095,-1.7073590343028213,0.6572143352862276,-0.7537037332362644
1769100859.9952567,14.74173836083763,-10.013751600107225,-1.7049157048853223,0.6581346178744142,-0.7529002754384533
1769100860.195919,14.671778872625074,-10.011179146162046,-1.7091617133434385,0.656534725452148,-0.7542958002504538
1769100860.3965638,14.673552429007076,-10.032899357719575,-1.7169040656968317,0.6536098014030569,-0.756831703557572
1769100860.597201,14.674924720071859,-10.052441490403963,-1.7354617307956632,0.6465592508939232,-0.7628637722971834
1769100860.7978013,14.675931404518531,-10.07139768017139,-1.750224518039412,0.6409106904434141,-0.7676154550784827
1769100860.9984493,14.676763772602621,-10.09236374987302,-1.7620741200768582,0.6363514992245507,-0.7713992283083168
1769100861.1990426,14.67719660229226,-10.111696001855275,-1.7840731567666102,0.6278281548539757,-0.7783519820573802
1769100861.3996832,14.677195571546418,-10.13090636635767,-1.8112283583264206,0.6172024575197196,-0.7868043762153454
1769100861.6007192,14.676688715044774,-10.152616182329222,-1.8293319493983202,0.6100552773659909,-0.7923588571839807
1769100861.8009326,14.675906279718136,-10.171633449486485,-1.8449440986364494,0.6038515411132571,-0.79709680484565
1769100862.0016448,14.674842355017406,-10.19053570795799,-1.863214429759847,0.5965448352007703,-0.802579752794254
1769100862.2022386,14.636777328493437,-10.20704646206168,-1.8803760462176822,0.5896361750220885,-0.8076689799078092
1769100862.4030392,14.634751381619797,-10.22673556669197,-1.9032778086722468,0.5803491986604316,-0.8143677348803764
1769100862.603732,14.632422062862833,-10.245931965101027,-1.9208648431412518,0.5731656963580924,-0.819439494116767
1769100862.8042638,14.629513560731255,-10.266788395676747,-1.9394017467386373,0.565546251150223,-0.8247165802928476
1769100863.004779,14.62656439229055,-10.285694436088415,-1.9512801898648002,0.5606381308400558,-0.8280609194063976
1769100863.2054727,14.623246616008839,-10.304719455448486,-1.9751412613015729,0.550719255333525,-0.8346905425395017
1769100863.406199,14.619487591525633,-10.32389397293145,-1.9983703000285649,0.5409877990371258,-0.8410304401702511
1769100863.606705,14.614856365887249,-10.344928994003121,-2.0165967486064567,0.5333009414974421,-0.8459255911709621
1769100863.8073676,14.61047440491734,-10.363425377748646,-2.0279716711372116,0.5284811730251823,-0.8489450216344563
1769100864.008148,14.605906449515182,-10.381772184090801,-2.042218458405218,0.5224204463718173,-0.8526880304148002
1769100864.2086139,14.600513899575969,-10.402389980997034,-2.0530193023913066,0.5178079755002063,-0.8554968734649927
1769100864.4093769,14.595584554017115,-10.420905042826998,-2.049694255230498,0.5192295429636244,-0.85463482360233
1769100864.6100106,14.590082709481194,-10.441546610358294,-2.050178729246872,0.5190225035490124,-0.8547605751376904
1769100864.8106802,14.585235932306418,-10.459690950200153,-2.0500765035201676,0.5190661921314896,-0.8547340452948597
1769100865.0113926,14.579858428196495,-10.479920336966563,-2.04456442376443,0.521419898914325,-0.8533002338076412
1769100865.2121043,14.574988223999245,-10.498451204605368,-2.0452406208163736,0.5211313695666459,-0.8534764763328817
1769100865.4127138,14.528439632047192,-10.493276960030137,-2.041459557172467,0.5227439617529986,-0.8524897362729826
1769100865.613337,14.5228631212639,-10.513636116762733,-2.0435569776700615,0.5218496597383494,-0.8530374743415257
1769100865.814038,14.517882981309477,-10.532111609542634,-2.0361708221783186,0.5249964275865106,-0.8511044301502617
1769100866.0146844,14.512474923467266,-10.552332901276726,-2.0414742990017447,0.5227376781097217,-0.8524935893509447
1769100866.2153172,14.507472521602974,-10.57088101001568,-2.038319197057806,0.5240818791824974,-0.8516678835746609
1769100866.415899,14.502352557221773,-10.589685717337773,-2.039736752243233,0.5234781044803593,-0.8520391271119244
1769100866.616581,14.496731850583732,-10.610111552652992,-2.044030452652754,0.5216476991650977,-0.8531609918155891
1769100866.817321,14.491616535119071,-10.62852375295157,-2.0461519429143804,0.5207424194931295,-0.8537138469888148
1769100867.0179892,14.486591411203257,-10.646698290083057,-2.041162075752946,0.5228707558984268,-0.8524119735352196
1769100867.218762,14.481043323415602,-10.66709153652379,-2.040230970172369,0.5232675419935002,-0.8521684572290156
1769100867.4192123,14.475912908446542,-10.685604622050292,-2.0459217069036457,0.5208406938776525,-0.8536538945035309
1769100867.6199207,14.47024800967704,-10.706569417168922,-2.0296683181310433,0.5277608029406652,-0.8493930391046447
1769100867.8205645,14.465605865795471,-10.725210925281676,-2.006362796842437,0.5376225216439908,-0.8431856404263278
1769100868.0212026,14.46143565897351,-10.743314661679504,-1.9896088147933249,0.5446669341301442,-0.8386524493884634
1769100868.2219493,14.457069592472227,-10.764070428628704,-1.9679245853709462,0.553727509164917,-0.8326979317819979
1769100868.4226649,14.453459811375765,-10.783144683914415,-1.9496420735622833,0.5613161727562138,-0.8276014464718608
1769100868.6241262,14.333587185217134,-10.683777835777574,-1.9597285991794502,0.5571352404711053,-0.8304217746574349
1769100868.8257892,14.33018398457735,-10.705225904604825,-1.9413843520749066,0.564728429661872,-0.8252768024921312
1769100869.024655,14.327397582398383,-10.724207713128001,-1.9366610219450828,0.5666758803685171,-0.8239408028545292
1769100869.225411,14.324781608862207,-10.742830717832447,-1.9344080665950196,0.5676036715499895,-0.8233019324907307
1769100869.4260182,14.321809901196989,-10.76406190956164,-1.9348227656039636,0.5674329481017558,-0.8234196071314734
1769100869.6266932,14.319112974746002,-10.78328696202754,-1.9340831418741031,0.5677374196340524,-0.8232097073937283
1769100869.827328,14.316423896704713,-10.80212971127957,-1.9396120543150304,0.5654595259510639,-0.8247760450638695
1769100870.0279238,14.31339865999426,-10.823072058065243,-1.9370653947041518,0.5665092791791065,-0.824055360157295
1769100870.228654,14.310822849464316,-10.841470657667793,-1.9315715968202727,0.5687707358459272,-0.8224961094408183
1769100870.429313,14.307971478223227,-10.862488495637711,-1.929551616879999,0.5696011584299793,-0.8219212372941982
1769100870.629974,14.305313875854402,-10.881693453757682,-1.9363565596623726,0.566801303250696,-0.8238545275916814
1769100870.8305554,14.30251933897964,-10.901262576436142,-1.937895716234968,0.5661671149135397,-0.8242904815600377
1769100871.0312464,14.299506447676151,-10.92238568699002,-1.9340670085991105,0.5677440601498739,-0.8232051276349877
1769100871.2318347,14.296912884405128,-10.941088491367964,-1.9312964123663474,0.5688838995330602,-0.8224178432232968
1769100871.4325287,14.29430830268976,-10.9602241048476,-1.9300834874186805,0.5693825604453957,-0.8220726852661177
1769100871.6334934,14.213874590984856,-10.957275018519393,-1.931755317103267,0.5686951788373144,-0.8225483533307906
1769100871.833833,14.211270488557433,-10.976410686605176,-1.9350673319802019,0.567332253484824,-0.8234889884848682
1769100872.0345194,14.208575211167576,-10.995712639476249,-1.9374681038503592,0.5663433403807886,-0.8241694126854807
1769100872.2350254,14.205152401227506,-11.020765253284168,-1.9295822987961369,0.569588549303716,-0.8219299754249678
1769100872.4357371,14.203255784316509,-11.03511818909576,-1.929588248248709,0.5695861042844927,-0.821931669791361
1769100872.6362648,14.200655978706463,-11.054356593230345,-1.935634344569438,0.5670987663762701,-0.8236497976534156
1769100872.8370428,14.197705571105187,-11.075462959871665,-1.9396625004646622,0.5654387223833014,-0.8247903074294337
1769100873.0375574,14.194250866399573,-11.099821155556523,-1.9390946667390732,0.56567287146704,-0.8246297366007569
1769100873.2382405,14.192228896517355,-11.114156975407978,-1.9362334981843032,0.5668519945556401,-0.8238196503290588
1769100873.438863,14.188849997467708,-11.139011215721121,-1.9304785746715467,0.5692201541173671,-0.822185147121134
1769100873.6396134,14.186354675015926,-11.157727383595926,-1.9317385906350546,0.5687020579818686,-0.8225435971711089
1769100873.8401666,14.183469948464543,-11.178791713654597,-1.937464463519121,0.5663448405046797,-0.8241683818454387
1769100874.0408552,14.18082740609402,-11.197538755641899,-1.9362654006089015,0.5668388535613866,-0.8238286922007589
1769100874.241553,14.177895163330673,-11.218417657167205,-1.9401387296959638,0.5652423117283277,-0.8249249232700003
1769100874.442245,14.175026315442617,-11.237310595151232,-1.9590064734844346,0.5574350385993291,-0.8302205596958946
1769100874.643002,14.11592115145015,-11.245175164167224,-1.9938479657790642,0.5428881247974334,-0.8398050273449942
1769100874.843594,14.111743009494427,-11.266459769037382,-2.0160557074231185,0.5335297622722305,-0.8457812913334849
1769100875.0442011,14.10759684909914,-11.28537299457186,-2.0380817143417005,0.5241830036887164,-0.8516056473766922
1769100875.244846,14.103180958313702,-11.303860921483786,-2.052603927486847,0.5179856402973849,-0.8553893127960556
1769100875.4455454,14.098004457643635,-11.324325143637523,-2.0649440214815877,0.5126980218327613,-0.8585690062008839
1769100875.6462245,14.092978782826295,-11.342709274310668,-2.0946115466328963,0.4999062739671343,-0.8660795097728017
1769100875.846946,14.087412812869681,-11.361411923591945,-2.1147486952362966,0.4911608963253376,-0.8710688686440877
1769100876.0474195,14.08085860724074,-11.38184985906793,-2.128052876196806,0.4853556431603619,-0.8743168188090582
1769100876.2482107,14.074950592523658,-11.400076228892122,-2.121270896578036,0.48831764639722997,-0.8726659591258673
1769100876.4487786,14.069050483709146,-11.418225533592812,-2.125508614165479,0.4864674956734218,-0.8736986755473705
1769100876.6493933,14.062343880770301,-11.43869420996312,-2.1248038147103263,0.486775356636175,-0.8735271902875861
1769100876.8501823,14.056284643614772,-11.457164322838132,-2.1271514426905114,0.48574966308588663,-0.8740979720900556
1769100877.0508192,14.049753582315693,-11.4769180217884,-2.127772335971828,0.4854782789036281,-0.8742487293172184
1769100877.251384,14.043879880668237,-11.4946764427564,-2.1253903918692307,0.486519140155328,-0.8736699183687855
1769100877.4520617,14.038056409181289,-11.512664259162529,-2.1157602744118247,0.49072025595498503,-0.871317181281004
1769100877.6528234,14.031601779226031,-11.53270912519895,-2.119636706091348,0.48903053451079603,-0.8722666658287964
1769100877.8535805,13.985009082544895,-11.529518238181785,-2.1231273690484342,0.4875073959763467,-0.8731188572401593
1769100878.0541787,13.978381168609637,-11.549799594935545,-2.1172053628639897,0.49009056271614815,-0.8716715208933749
1769100878.2547977,13.972470828354947,-11.568184984236385,-2.1145864782225887,0.49123154580498973,-0.871029028452003
1769100878.455446,13.96621851692224,-11.587763131983651,-2.1138834737682894,0.4915376840953323,-0.8708563056636826
1769100878.6561651,13.960343302691825,-11.606159794421966,-2.1138868192099642,0.49153622739515573,-0.8708571278677908
1769100878.856773,13.954325421229264,-11.62496258690246,-2.116745091421243,0.49029115249044036,-0.8715587104662518
1769100879.0574415,13.94775470052534,-11.645182736137928,-2.120452000428937,0.4886749168512642,-0.8724659452611374
1769100879.2580972,13.941884917985302,-11.663288661019433,-2.1144709198470197,0.49128187233479026,-0.8710006440383513
1769100879.4587593,13.936215251838284,-11.681006991356233,-2.1116441519040303,0.49251243956878554,-0.8703054043667678
1769100879.6593723,13.929750496812936,-11.701340957564735,-2.1123866618258136,0.4921893004357909,-0.870488192071855
1769100879.8601408,13.923885823377951,-11.719581531631725,-2.117213127300793,0.4900871786932363,-0.8716734235254072
1769100880.0606494,13.917899394355697,-11.738234925545486,-2.113977962908425,0.49149654031502743,-0.8708795271783341
1769100880.2614138,13.91150920186168,-11.758141017693067,-2.112954470491807,0.4919421452339192,-0.8706278916636254
1769100880.4620697,13.90589329048509,-11.775717095371867,-2.1139155752677192,0.49152370613541646,-0.8708641950998472
1769100880.6627505,13.899329951469841,-11.79580647947246,-2.128188522379582,0.48529634317459214,-0.8743497351182583
1769100880.8634374,13.892865220773764,-11.814406645748788,-2.153194221848108,0.47432683406101533,-0.8803488254604842
1769100881.0640907,13.809543276987982,-11.799564822486346,-2.1645897785326125,0.46930312931713564,-0.8830371299176178
1769100881.2647166,13.80170401355703,-11.819300351251,-2.1803769031712203,0.46231827241606455,-0.8867140548058464
1769100881.4654658,13.79444179630365,-11.836811817441578,-2.195968944038839,0.45539145224663197,-0.8902913148069589
1769100881.666067,13.786040005293172,-11.85606620895569,-2.2168031634358734,0.44609264924461584,-0.8949867866566077
1769100881.866693,13.777925696787415,-11.873646346042143,-2.237526574024333,0.43679527872096974,-0.8995609398406927
1769100882.0673583,13.769299752026258,-11.891376064165181,-2.2563497947385107,0.428309741478257,-0.9036319855753384
1769100882.2679546,13.76063330370412,-11.908492523355973,-2.2685865786173274,0.42277298451354767,-0.9062356225427842
1769100882.4686687,13.750924494407863,-11.927036649789283,-2.2870512577872213,0.4143884107278777,-0.9101001291365822
1769100882.6693826,13.74154580203104,-11.944063082393322,-2.3090287773007807,0.40436272128807094,-0.9145987041498068
1769100882.8699784,13.731622246122614,-11.961071974552262,-2.3331486840389726,0.39330356553368195,-0.9194086715593304
1769100883.0705903,13.70494895530681,-11.959239448836561,-2.3661627460369945,0.3780739644436228,-0.9257753925277352
1769100883.271152,13.694830174605594,-11.975210720900257,-2.383403904857723,0.3700792949219642,-0.9290001697901147
1769100883.471843,13.683324708033394,-11.992726958612604,-2.398468077322879,0.36307155401568675,-0.9317612605515612
1769100883.672487,13.672537922476343,-12.008531401153531,-2.419682171691494,0.3531680793867726,-0.9355598899601555
1769100883.8731902,13.661119071922515,-12.024326237399473,-2.4494009460988044,0.33922775503151087,-0.940704273518666
1769100884.0738485,13.64844289509429,-12.041109857697617,-2.4634513875245116,0.33261078320225707,-0.9430641902318109
1769100884.2744389,13.636771622796987,-12.056145086792913,-2.4741739139948926,0.3275500119233882,-0.944833842370704
1769100884.4751904,13.623644994034075,-12.072546911636202,-2.49456900291199,0.3178981629981817,-0.9481248641199014
1769100884.6758301,13.611300900968027,-12.087332838953934,-2.514673357582791,0.3083515431579737,-0.9512724771757545
1769100884.8764007,13.598615354539055,-12.101927518707184,-2.5358047587520387,0.29828365888928127,-0.9544772699439327
1769100885.077065,13.564306324661931,-12.085884735987424,-2.557964906361597,0.28768988702244425,-0.9577236182244924
1769100885.2776847,13.551453511248429,-12.099577917563758,-2.570668143961845,0.2816010294594298,-0.9595315837466682
1769100885.4783187,13.536732485762201,-12.114777301181906,-2.5858558138094856,0.2743064556294832,-0.9616423287272614
1769100885.6790023,13.52272000483654,-12.1286129135432,-2.6149178960628565,0.26030432360256295,-0.9655266226851604
1769100885.8795786,13.50862704394996,-12.141999733011776,-2.636534267040902,0.24985373212369788,-0.968283590971085
1769100886.0801907,13.492952707053949,-12.156251204345107,-2.6519603297751426,0.24237797249535048,-0.9701818996709035
1769100886.2809122,13.478981653219648,-12.16857300534153,-2.6660980229346496,0.23551390698885014,-0.9718709788932105
1769100886.4816287,13.462911733223407,-12.182260289575568,-2.6864007351743266,0.22563613327049778,-0.9742116481354235
1769100886.6822195,13.44799084157735,-12.19444006688633,-2.7092090869085674,0.21451162070221264,-0.9767214365333189
1769100886.8828769,13.432436106351403,-12.206596858200221,-2.729563800255712,0.20456024056424138,-0.9788539768424602
1769100887.083569,13.409494072580992,-12.181865437075023,-2.748193665160988,0.1954335391722838,-0.9807169478328573
1769100887.284229,13.392813893145734,-12.19404455607984,-2.7657906745969867,0.18679724324462937,-0.9823984883519552
1769100887.4851832,13.377023644764614,-12.205074415334925,-2.7909824445688747,0.17440857399376802,-0.9846733718941831
1769100887.685582,13.355186233354571,-12.219496969207531,-2.8182077607323355,0.16098880693320922,-0.98695623208034
1769100887.8862417,13.338799134210136,-12.22976234278348,-2.8372827500760893,0.15156853781444238,-0.9884467503840517
1769100888.0873,13.326108762977812,-12.237439258127761,-2.8512140012355944,0.14467976649016104,-0.989478531939098
1769100888.2875502,13.304127370144014,-12.250238919266662,-2.8720725913244705,0.1343525216643416,-0.9909336001581703
1769100888.4881275,13.287077069510987,-12.259730577665104,-2.8888199249460955,0.1260501605778854,-0.9920238691776974
1769100888.6888566,13.273616412030444,-12.26687045704592,-2.910289022152052,0.11539417430742113,-0.9933197795956288
1769100888.8894928,13.214021016193968,-12.243843611201262,-2.930437900948829,0.10538134778416905,-0.994431883810647
1769100889.0901353,13.196868056703885,-12.252150889642868,-2.94361789931755,0.09882580166676583,-0.995104748719913
1769100889.2908926,13.183354930585704,-12.258447269267705,-2.957792757268252,0.09177064440098497,-0.9957801709344427
1769100889.4915218,13.15988325970355,-12.268764324098084,-2.9889605144245635,0.0762420118749538,-0.9970893418471884
1769100889.692138,13.141757725713159,-12.276196584637587,-3.0093173482150224,0.06608944679839657,-0.9978137025626987
1769100889.8929267,13.123608655005293,-12.283227963227297,-3.024644372085649,0.05844082373984958,-0.9982908745053256
1769100890.093539,13.10396592598251,-12.290460286479464,-3.0428820099201683,0.049335286444006955,-0.9987822733266184
1769100890.2941577,13.085832826745547,-12.296727836645244,-3.063426610452721,0.0390730725560101,-0.9992363559243793
1769100890.4949172,13.06706769199017,-12.302779643506517,-3.085423380609287,0.028080944691292378,-0.9996056525176539
1769100890.6955616,13.023089461565736,-12.270258030955418,-3.1140986051897053,0.01374659121715132,-0.999905511150883
1769100890.8962126,13.004972500860937,-12.27529985750199,-3.1281527456055658,0.006719903415858741,-0.9999774211941396
1769100891.0969484,12.986562793498704,-12.280132420924195,3.1411551448833768,0.00021875435146354147,0.9999999760732665
1769100891.2975814,12.965963966077487,-12.28518780149144,3.1244949434557707,0.008548750938172388,0.9999634587610675
1769100891.4982514,12.947143120871761,-12.289401117877942,3.0955806124688428,0.023003991187992536,0.9997353731810347
1769100891.6989772,12.927946650541118,-12.29317911122147,3.0755008986776526,0.03303986326944416,0.999454034678502
1769100891.8995318,12.906992154660601,-12.296921775492166,3.0606601665624513,0.040455200391844526,0.9991813532894095
1769100892.100231,12.888136756780815,-12.300026795186369,3.0457513950573603,0.047902290655945715,0.9988520263532098
1769100892.3009102,12.869025522031079,-12.302803022645467,3.0248693342061763,0.05832853455437406,0.9982974416759461
1769100892.5015824,12.848223431717335,-12.30534663252055,3.0036323817247013,0.06892544471871694,0.9976218136500059
1769100892.7021992,12.822451734637939,-12.264578970705228,2.9839340514850607,0.07874768476418628,0.9968945792531326
1769100892.902857,12.80350986559026,-12.266158093039198,2.966664433701096,0.08735263628084407,0.9961774525328239
1769100893.103572,12.782578617835357,-12.267619642526554,2.965045888333468,0.08815878678882072,0.9961064342287541
1769100893.3042243,12.763944369566996,-12.268915713257893,2.9670344474287194,0.08716833512066956,0.996193596321664
1769100893.5049167,12.742298415410898,-12.27031704862038,2.959304092759018,0.09101813931386697,0.9958492347317648
1769100893.7055576,12.723045292848346,-12.271455203398473,2.953787405294247,0.09376468407189543,0.9955943872988123
1769100893.906297,12.703868958743618,-12.27260502787041,2.9604704743725407,0.09043735375001397,0.99590214632096
1769100894.1069183,12.682648158975068,-12.273911265612217,2.9543210062021377,0.09349905570336864,0.9956193683243504
1769100894.3076353,12.663949853075827,-12.274998258898593,2.9532492578235066,0.09403256897505391,0.9955691216444751
1769100894.5082393,12.642896088748381,-12.276122595373543,2.9484529858040576,0.09641980645421856,0.9953407561852027
1769100894.7091434,12.623885948115293,-12.277067213802859,2.941431718858261,0.09991348168763743,0.9949961287246569
1769100894.909694,12.602824989427196,-12.278048294667375,2.942999881827331,0.09913329301326637,0.9950741631739545
1769100895.1102479,12.583967138062507,-12.278999793068555,2.9523757414317395,0.09446738296595722,0.9955279571943538
1769100895.310949,12.56463134989264,-12.280019015116023,2.9512794719375237,0.09501305221224494,0.9954760267878444
1769100895.5116236,12.543700222811418,-12.281064899299002,2.944940866566855,0.09816753459754027,0.9951699026553409
1769100895.7122955,12.524331476225564,-12.281928542190506,2.940321462493014,0.10046581665689086,0.9949405106253659
1769100895.9129694,12.588435193391316,-12.169947129647968,2.925504720735629,0.10783388056982679,0.9941689263909088
1769100896.1135883,12.567348708673057,-12.17092412355724,2.9253618666863894,0.10790489082307347,0.9941612216016377
1769100896.3142166,12.548891428067089,-12.17177327752,2.924873577137853,0.10814760687177075,0.9941348475573668
1769100896.51496,12.527322237985985,-12.172721732401756,2.9207456708664177,0.11019922280188349,0.9939095186654874
1769100896.7156181,12.50799900610465,-12.1734616735644,2.9121751273888785,0.11445737031440247,0.9934281606541622
1769100896.9162452,12.486800687001015,-12.17417412088214,2.911566372342819,0.11475974221059124,0.9933932763854196
1769100897.1168125,12.467829635523692,-12.174848053027361,2.914326060254254,0.1133889056879928,0.9935506811767981
1769100897.317491,12.448480676529615,-12.175576676100778,2.918099676722679,0.11151406535917988,0.9937628556285794
1769100897.518171,12.429332356202272,-12.176251028510853,2.912304476677169,0.11439312046229635,0.9934355610661915
1769100897.718719,12.407778609022456,-12.176937367895833,2.910992425409183,0.11504481499366771,0.9933603024799575
1769100897.9194674,12.388247511286437,-12.177521883261505,2.9072967680777975,0.11688017718285046,0.9931460235945696
1769100898.120075,12.369272734471323,-12.17808121107632,2.9098379089768827,0.11561822119000326,0.9932937264117092
1769100898.3207896,12.348299075206333,-12.17869212151691,2.9105373501259413,0.11527083887409396,0.9933340997394898
1769100898.5213947,12.32894405164087,-12.179236718008719,2.9050194324162044,0.11801096459549631,0.9930122920866793
1769100898.721987,12.309358686551091,-12.17968140508352,2.8943326799970905,0.12331529290248096,0.9923675420610931
1769100898.9226239,12.306481604993394,-12.114591591496678,2.889846213615224,0.12554109257642312,0.9920884204922049
1769100899.123368,12.287274039983432,-12.114944004886919,2.8943080626321875,0.12332750763008969,0.9923660241371377
1769100899.3239913,12.26821881517937,-12.115320326115569,2.892258690178888,0.12434430650305277,0.9922391311776989
1769100899.5246713,12.246834995793018,-12.115718325526608,2.8890456433128224,0.12593820077160786,0.992038088778052
1769100899.7254152,12.227677357637418,-12.116030406934343,2.8878046434935416,0.1265537360321831,0.9919597531635528
1769100899.925945,12.207987330981062,-12.11628603324857,2.8840195789863508,0.1284308241013376,0.9917184698394254
1769100900.126592,12.186829395014279,-12.116561777431787,2.891376294436442,0.12478206817911468,0.9921841741637198
1769100900.3272066,12.167830636116747,-12.117160514486576,2.9160167456267696,0.11254897447217017,0.993646178649756
1769100900.5279558,12.148669872878445,-12.118125472994919,2.9351062377426205,0.10305989133918138,0.9946751523975836
1769100900.7287076,12.127657406213592,-12.119513697223592,2.9485366018302677,0.09637819315058553,0.9953447864358503
1769100900.9293153,12.108484454229204,-12.121067127127837,2.9671594399608905,0.08710607657041132,0.9961990420716683
1769100901.1299403,12.087581139756729,-12.123154643475113,2.9860075682750735,0.07771410380368396,0.9969756857967953
1769100901.3306274,12.068907565131601,-12.125379179703053,3.0047608473679634,0.06836254280624092,0.9976605448453221
1769100901.5312347,12.047887141545631,-12.128391988295604,3.0287322585544647,0.056400253207478074,0.9984082388673144
1769100901.73194,12.0289114678731,-12.131544765881856,3.0481579162127184,0.046700377002394024,0.9989089421903451
1769100901.9325752,12.021613672872125,-12.021742450759795,3.0676886133204393,0.03694361134176888,0.9993173517862223
1769100902.1331298,12.002332506910003,-12.025482232098897,3.0785964906307584,0.031492873377147665,0.9995039764435412
1769100902.3338346,11.98155939668048,-12.030007930435254,3.10536858571048,0.01811104369320203,0.9998359815971533
1769100902.5345836,11.963281642560686,-12.03432194616345,3.1128979953670206,0.014346836893420076,0.9998970788391941
1769100902.7352424,11.944524570174313,-12.038810506462065,3.1089499224134935,0.016320640964601195,0.9998668094693935
1769100902.9358993,11.91935394895634,-12.04477441464311,3.105029537276647,0.018280539843973535,0.999832896969795
1769100903.1365871,11.904755516977744,-12.048151316919588,3.0982013841320613,0.021693932744330596,0.9997646589483369
1769100903.3371868,11.880204631860396,-12.053763078332246,3.10265072759798,0.019469732719171563,0.999810446788712
1769100903.537767,11.865762081673857,-12.057139888924446,3.1065287501139807,0.017531053620994115,0.9998463192705856
1769100903.738482,11.847536168326146,-12.061455544398841,3.1068466548915628,0.017372125439322775,0.9998490932424354
1769100903.939135,11.823283656236566,-12.067121909874173,3.099186448502481,0.021201513860728927,0.9997752226425765
1769100904.1397715,11.80230602556088,-12.071896100497106,3.0957858947756622,0.022901377075188994,0.9997377290710099
1769100904.3404722,11.788108730606753,-12.075096895052468,3.0959885449287716,0.022800078455867998,0.9997400444227521
1769100904.5410707,11.763451957025328,-12.080699933063627,3.0948380450825104,0.023375175035439733,0.9997267632668752
1769100904.7418096,11.749041620680316,-12.083991448411247,3.094406005392881,0.023591135308621815,0.9997216904393194
1769100904.9424682,11.728699713570144,-12.001796976805313,3.088685441187044,0.02645052096668128,0.9996501237636052
1769100905.143167,11.714119519811987,-12.005025018530027,3.0854964482228975,0.0280444252727698,0.9996066777543655
1769100905.3437543,11.688543132576317,-12.01057302743946,3.085931040996557,0.027827213693055443,0.9996127481070262
1769100905.544435,11.670009394611187,-12.014678590868904,3.0937393809524676,0.023924353448228415,0.9997137716927201
1769100905.7450328,11.651682672192441,-12.018782125169272,3.0915636610286055,0.025011887662827456,0.999687153801399
1769100905.9457784,11.630705472881942,-12.023443009937543,3.092333810179119,0.024626931711789743,0.9996967111251607
1769100906.1464026,11.611739501958132,-12.02758645855792,3.0852937452527125,0.028145736749857233,0.9996038302761788
1769100906.3471327,11.592904718823792,-12.031617982384207,3.0816945860731386,0.029944556854976195,0.9995515612087048
1769100906.5478227,11.57191862859963,-12.036119553031314,3.08443431821124,0.028575277419279912,0.9995916433826422
1769100906.7486153,11.553230017710076,-12.040228112963048,3.089181367767426,0.0262026436223277,0.9996566517896038
1769100906.949389,11.534588262141087,-12.044313851211335,3.0849640234972986,0.02831053193144127,0.9995991765611648
1769100907.1501062,11.515507583346219,-12.048405758096118,3.0788885400603583,0.03134692075880007,0.9995085645250578
1769100907.3506367,11.49403436712344,-12.052928481064178,3.077588347238425,0.031996691019558134,0.9994879747969952
1769100907.5513024,11.475864525483289,-12.05680159373438,3.0828565464895794,0.02936383215977449,0.9995687897092889
1769100907.752001,11.455432730090886,-12.061232110403624,3.087048425446285,0.02726873350891504,0.9996281389460882
1769100907.9526355,11.436956638228063,-12.065246059881208,3.0840331790370263,0.028775764526358955,0.9995858919452213
1769100908.1533568,11.413316161503852,-11.98065379383321,3.0735556678900857,0.03401193186815396,0.9994214268718657
1769100908.353989,11.392723530435376,-11.984936776210553,3.068635288968121,0.036470592520227156,0.9993347266462942
1769100908.5546842,11.37227222674727,-11.989152610428155,3.0734489690123707,0.03406525039203268,0.999419610932129
1769100908.7553506,11.353599784746313,-11.993095734040676,3.0761879175082183,0.032696539455810865,0.9994653252152446
1769100908.9559376,11.335031452835322,-11.99704185456261,3.0724185497992638,0.034580156432627226,0.999401927545217
1769100909.156661,11.313722512041762,-12.001484667481309,3.06760514541929,0.03698531677055191,0.9993158091131061
1769100909.3573015,11.294529309700117,-12.00540962662644,3.0625387753030835,0.03951664727130925,0.9992189122451771
1769100909.5579824,11.27578545103204,-12.009258740898497,3.0659778089592917,0.03779841596326761,0.9992853845377044
1769100909.7585974,11.255214023235489,-12.013519072199365,3.0683940536791217,0.03659112965543135,0.9993303203798729
1769100909.9592857,11.236466216797062,-12.017473395491574,3.0727806942361826,0.03439919194257051,0.9994081726670531
1769100910.1599648,11.217790171668984,-12.021399446497588,3.068626966444042,0.036474751013574024,0.9993345748739497
1769100910.3606343,11.198644381986819,-12.02530368591776,3.0619911399846225,0.03979024957009788,0.9992080544306823
1769100910.5611253,11.177374716991528,-12.029559377131301,3.0635545140747356,0.0390091695015668,0.9992388526747736
1769100910.7618217,11.157658832378628,-12.033581711120878,3.07081398692979,0.03538194683006959,0.9993738628954202
1769100910.9624765,11.139437863002476,-12.037334095946306,3.066905427758668,0.037334933959983656,0.999302808314979
1769100911.1631706,11.130030275207925,-11.950583759333547,3.0556412191568625,0.04296248970811838,0.9990766859846545
1769100911.363886,11.11164434115495,-11.954287209692025,3.0512789786881656,0.045141492163440225,0.99898060325777
1769100911.564453,11.091063532071967,-11.958373598944283,3.0508036854640843,0.04537889524236066,0.9989698473260256
1769100911.7651806,11.072399179732834,-11.962104641575808,3.0551633380604857,0.043201208410458485,0.9990663919839743
1769100911.965962,11.052045238924835,-11.966291113317382,3.0578038833579573,0.041882131109621475,0.9991225585951488
1769100912.1666133,11.033554354269375,-11.970113183374485,3.0542873504557346,0.04363878914048922,0.9990473742933075
1769100912.367251,11.01437515677482,-11.97398011771904,3.05093758377379,0.045312014953710275,0.9989728831659219
1769100912.567891,10.992970871202933,-11.978208071059994,3.0483125421986608,0.04662314822287347,0.9989125497508718
1769100912.7684596,10.974504181221727,-11.981894966936732,3.0529875257354204,0.04428807311550808,0.9990188019150167
1769100912.9691553,10.956123304058236,-11.98562339952676,3.0542433539391487,0.043660766432115146,0.9990464140742212
1769100913.1697977,10.935240944314605,-11.989879136637631,3.054445150420547,0.04355996418448607,0.9990508142833608
1769100913.3705447,10.916334266676705,-11.993689219849152,3.0510578702035294,0.04525193343103381,0.9989756065694263
1769100913.5711875,10.897161677966198,-11.997459819406265,3.045917406773861,0.0478193799213056,0.9988559990829218
1769100913.7718124,10.87617987389732,-12.001605710856388,3.0539988958397246,0.04378287859947698,0.9990410699973968
1769100913.9724753,10.857763807775374,-12.005413990414391,3.0678254764403445,0.03687522641005058,0.9993198775553339
1769100914.1731167,10.839244831620572,-12.009584334945686,3.0867817371386224,0.027402027834425736,0.9996244939328774
1769100914.3737261,10.82453734002174,-11.912724061639993,3.099599751614077,0.020994908304288025,0.9997795826207367
1769100914.5744822,10.805741865332621,-11.917683923095593,3.117706898657575,0.011942593561409373,0.9999286846865765
1769100914.7751389,10.787326805101205,-11.92278816388669,3.1299557435746292,0.005818422177568923,0.9999830728384174
1769100914.9757948,10.766539896651564,-11.92871427369028,3.1310435160007595,0.005274544337187715,0.9999860894942665
1769100915.176455,10.748472898202591,-11.933933774544636,3.1313349539570923,0.005128827330561799,0.9999868474786122
1769100915.3771722,10.728836470416068,-11.939557013916959,3.1287522474110854,0.006420158983711393,0.9999793905669375
1769100915.5776737,10.710475115784226,-11.944759864506521,3.124481031663595,0.008555706579876247,0.9999633992726529
1769100915.7782967,10.68937796555999,-11.95070588563335,3.127282957607339,0.007154786946399507,0.999974404184303
1769100915.97899,10.67125786601338,-11.955831695928117,3.130680872287765,0.00545586358370543,0.9999851166655211
1769100916.1796854,10.652960542584726,-11.96107450831459,3.13167013571738,0.004961238583419059,0.9999876929801278
1769100916.3804834,10.632454714430617,-11.966971521546098,3.133232434897554,0.004180097172736301,0.9999912633556488
1769100916.580979,10.61413958957526,-11.972151969231586,3.1267239089691645,0.007434303827678265,0.9999723651814573
1769100916.7817469,10.595460395235493,-11.97734651334955,3.1202778296154943,0.010657210242722032,0.9999432103223874
1769100916.982321,10.574563129874875,-11.983161484211044,3.1240389893079152,0.008776719457406228,0.9999614838560363
1769100917.183012,10.556267060301371,-11.988316188968792,3.12391914337978,0.008836640097678952,0.9999609561336803
1769100917.3836412,10.538213468676979,-11.993398189202333,3.1263787258306737,0.007606890515804201,0.9999710671897866
1769100917.5843089,10.496330437278493,-11.910198399320185,3.1153296569178837,0.013131120948156761,0.9999137831146467
1769100917.7848957,10.481641231974928,-11.91424750397306,3.111035725846299,0.015277869466334578,0.9998832865412691
1769100917.9856033,10.463222845277135,-11.91934039488709,3.1171072541904308,0.0122423938717933,0.9999250590880738
1769100918.1863146,10.438884197661693,-11.92619435014758,3.121933932383257,0.009829202324574937,0.9999516922240107
1769100918.386941,10.424717057311785,-11.930230270793057,3.123398845220603,0.009096778718086137,0.9999586234524678
1769100918.5876257,10.400886711702944,-11.936928979370588,3.1164304749995826,0.01258075740061192,0.9999208591399756
1769100918.7883756,10.386641581452746,-11.940874875844441,3.115241902397041,0.013174994412963275,0.9999132059945095
1769100918.9889672,10.361608816684253,-11.947784232124466,3.11533754275578,0.01312717836905266,0.9999138348818197
1769100919.189597,10.343521673831512,-11.952840275262012,3.1174769104650846,0.012057579377598913,0.9999273047474766
1769100919.390298,10.324954140948453,-11.958058051879254,3.1184010908113997,0.011595521525335455,0.9999327696803197
1769100919.590909,10.304279039649314,-11.963821753166894,3.115546483622988,0.0130227168657105,0.9999152008272679
1769100919.7916164,10.289903463783391,-11.967770376336569,3.1113885122677334,0.01510149660631152,0.9998859658982366
1769100919.9921877,10.265152898656156,-11.974560357694427,3.1175113624586688,0.012040354631266896,0.9999275123029435
1769100920.1928108,10.246594931592798,-11.979718274971097,3.1187751362004446,0.011408511202707658,0.999934920818419
1769100920.3934665,10.228365970301574,-11.984830981554802,3.1173601161208517,0.012115972283925412,0.9999265989139479
1769100920.5941973,10.209907064139314,-11.98996725624138,3.1150782467659948,0.013256815082122606,0.9999121245658933
1769100920.7948234,10.190828876611844,-11.910768456885286,3.1079061731955835,0.016842443818625687,0.9998581559832457
1769100920.99545,10.17208863609513,-11.915836067974684,3.105950198874335,0.01782028404719211,0.9998412061304922
1769100921.1961658,10.153943526589632,-11.920777108000527,3.110912705560589,0.01533937240118732,0.9998823449058083
1769100921.3968732,10.133571626157128,-11.9264028493548,3.1120356304745305,0.014777973614838095,0.9998907997855762
1769100921.597524,10.11487987669747,-11.931551873577106,3.1088359045893013,0.016377642257098042,0.9998658774226163
1769100921.7981005,10.096342446473896,-11.93659355331769,3.105588171135222,0.018001268879917667,0.9998379640315289
1769100921.9988518,10.07530534712888,-11.942281514625538,3.1080709351111833,0.016760074489013274,0.9998595400870678
1769100922.1995199,10.057431407537841,-11.947158752263777,3.1108559928802024,0.015367725398941857,0.9998819095353524
1769100922.4003007,10.037253355032735,-11.952725938629326,3.114936590697064,0.01332763685923243,0.9999111831036537
1769100922.6009798,10.018785981434151,-11.957831666710375,3.1118808300080443,0.014855365351615938,0.9998896529719017
1769100922.8015404,9.999985385725154,-11.962966574465028,3.1089986228264066,0.016296293996525477,0.9998672065839437
1769100923.0021713,9.979498033548818,-11.968457417091745,3.1033787191848403,0.019105804640548316,0.9998174674554537
1769100923.2028625,9.96116370988294,-11.973377480354316,3.109622431218839,0.01598443043150325,0.9998722408306876
1769100923.4034922,9.940434811459854,-11.979041212452186,3.1119071592093195,0.014842202202366003,0.9998898484502101
1769100923.604191,9.922272327942032,-11.98401475937898,3.1084185719112227,0.016586280251201315,0.9998624381920888
1769100923.8049276,9.90387530550403,-11.988994054344388,3.1041934971800873,0.018698488430486885,0.9998251679820902
1769100924.0055034,9.889503483124333,-11.86785626572928,3.103233546546543,0.01917837765993561,0.9998160780015157
1769100924.206221,9.870998591292404,-11.87282431744903,3.10800213247972,0.01679447096281494,0.9998589629268115
1769100924.4068124,9.85133561181277,-11.878163878223678,3.113608587273379,0.013991576609649196,0.9999021131010657
1769100924.6075237,9.832906472060998,-11.883217725281419,3.115108105048737,0.01324188725117947,0.9999123223673299
1769100924.8082016,9.814349908616531,-11.888285666918604,3.109313144931987,0.01613905362610363,0.9998697569924063
1769100925.0088673,9.79388298028264,-11.89375456317436,3.104621243142854,0.018484652414928696,0.9998291442167003
1769100925.2095726,9.775189645401841,-11.898703607116053,3.105324170442708,0.01813324768015962,0.9998355791471766
1769100925.410291,9.756684471260543,-11.903670661355116,3.111376283448685,0.015107610318302241,0.999885873542811
1769100925.6110008,9.736598976440716,-11.909096087482078,3.1075026006026465,0.017044201148653317,0.9998547370529403
1769100925.8117156,9.718190414338482,-11.914032482014003,3.104856988957897,0.018366799518534944,0.9998313161105957
1769100926.0123546,9.697094000250914,-11.919596460640138,3.0993082408850516,0.02114063131825488,0.999776511880263
1769100926.212884,9.678633884625853,-11.924437179948796,3.1000044795675303,0.020792588503596606,0.9997838107627669
1769100926.413611,9.658714449499342,-11.929699809417684,3.1040712832225394,0.01875958469085572,0.9998240235072503
1769100926.6142945,9.640546417850748,-11.934555949184537,3.1052878229914533,0.01815141841465188,0.9998352494333935
1769100926.8149164,9.621914523172201,-11.93953905057329,3.1036404613610187,0.018974957277450494,0.999819959290831
1769100927.0155652,9.601296771118934,-11.9449326433325,3.095093578684134,0.023247442954766457,0.9997297416782522
1769100927.2162113,9.606747032746261,-11.858958790234503,3.1018142030864295,0.019887913976750354,0.9998022158795475
1769100927.4168687,9.58798660903779,-11.86385169258434,3.109083997333611,0.016253612396674975,0.9998679013169983
1769100927.6175184,9.56777216738102,-11.869186641404797,3.111055039818356,0.015268213606693965,0.9998834340328179
1769100927.8182056,9.549292806468777,-11.874053748419954,3.1044397364596277,0.01857539017456275,0.9998274625553465
1769100928.0188308,9.530455991937298,-11.878954486800893,3.104872174776578,0.01835920788946667,0.999831455539218
1769100928.2195938,9.509640112756076,-11.884289820733162,3.099915352088963,0.020837142588018408,0.9997828831745253
1769100928.4200437,9.49108675689407,-11.88907380455623,3.1041508136617306,0.018719826454182475,0.9998247686957576
1769100928.620834,9.472676242862955,-11.893904167701919,3.1084709462439153,0.01656009668152481,0.999862872196932
1769100928.8213816,9.452440866374893,-11.899259069080925,3.1089424209791052,0.016324391182120538,0.9998667482482518
1769100929.022088,9.433799223346586,-11.904106009958507,3.1014371761494632,0.02007638980576496,0.9997984489747757
1769100929.2226677,9.414699884590819,-11.909002541066922,3.0962749755025456,0.022656900165261173,0.9997432994898747
1769100929.4232986,9.393855998399985,-11.914330413405661,3.101741992393189,0.019924012169335623,0.9998014971678509
1769100929.6240087,9.375678780828329,-11.919052310985764,3.1053279426904385,0.01813136186638015,0.9998356133469494
1769100929.8246844,9.355260330207756,-11.924407879631287,3.106260693444588,0.01766506120025652,0.9998439606322534
1769100930.0253356,9.337013664665678,-11.929164493782991,3.103562454611453,0.019013953615595196,0.9998192184429663
1769100930.225972,9.318530026228377,-11.933914717307568,3.1040522540465507,0.018769097603656984,0.9998238449722753
1769100930.426689,9.288842687272796,-11.843362238541317,3.090008688575009,0.025789123018056873,0.9996674052573483
1769100930.627358,9.27045490607894,-11.848179495560027,3.094315881382347,0.02363618474873478,0.9997206263604466
1769100930.8280842,9.252323767959037,-11.852977310813426,3.094626778483348,0.023480779341512187,0.9997242884923399
1769100931.0286045,9.2315642924809,-11.85842915755742,3.090074922416861,0.025756017097508858,0.9996682587655131
1769100931.229327,9.212693831789876,-11.86330094000934,3.083334461938358,0.029124976640339053,0.9995757778856487
1769100931.4299788,9.194074645003385,-11.868031697115532,3.0811500535305005,0.030216699918296466,0.9995433712681244
1769100931.6307304,9.173384614701513,-11.87334836904879,3.086618631911531,0.027483549733256687,0.9996222559017279
1769100931.8314092,9.15479713713138,-11.8782024888216,3.0888580802754344,0.026364231525208295,0.9996524032362876
1769100932.0321438,9.136299603971848,-11.883000072604599,3.0858298788466083,0.027877775144793896,0.9996113392979175
1769100932.2327092,9.115625057645202,-11.888275255079698,3.083202188600855,0.029191085188707774,0.999573849470616
1769100932.433389,9.09653503128111,-11.893105795570987,3.083142781739309,0.029220775948466123,0.9995729819542791
1769100932.634282,9.076380055821273,-11.89826719748134,3.0884582471910504,0.026564078048881334,0.9996471126139529
1769100932.8346782,9.058198986304015,-11.902974281502193,3.090264412548209,0.02566130334722066,0.9996706945342161
1769100933.0354478,9.039998050816726,-11.907705609939987,3.091034848842632,0.025276210159995573,0.9996805055616258
1769100933.2359354,9.019036133988022,-11.91308316530103,3.0851288274737945,0.02822816287581935,0.9996015060115987
1769100933.4366925,9.000373484412941,-11.917745673037183,3.0788543354684914,0.03136401464547344,0.99950802827457
1769100933.637279,8.956152747997399,-11.824334455676453,3.0907623806131883,0.025412400513694203,0.9996770528026196
1769100933.837982,8.93795734707984,-11.828985649376405,3.0934340267834233,0.024076986552812287,0.9997101073403908
1769100934.03863,8.917869619711897,-11.834103621836842,3.087938624460108,0.026823796830713568,0.9996401772255779
1769100934.2393498,8.899117882099295,-11.838826452358685,3.084433745882789,0.02857556346664711,0.9995916352053791
1769100934.4399402,8.878242695937695,-11.844030554264702,3.0840375906391384,0.028773559638672903,0.9995859554164013
1769100934.64055,8.863804929579107,-11.847642360190978,3.084144635369948,0.028720059392726156,0.9995874940136448
1769100934.8412936,8.839620059302305,-11.853799486637715,3.0926155532460218,0.024486102659214838,0.9997001704393985
1769100935.0420246,8.821008531587767,-11.85856034063348,3.0862582825895766,0.02766365588724671,0.9996172878371762
1769100935.2425742,8.802476407179759,-11.863222520683223,3.0822256773098813,0.029679129264918048,0.9995594776130514
1769100935.4431844,8.782052260331254,-11.868247552538902,3.077765998814592,0.03190791058640644,0.999490812985297
1769100935.644169,8.767397501366906,-11.871825221968189,3.0812918855918214,0.030145816194011427,0.999545511603147
1769100935.8445663,8.74307717112735,-11.877858697429312,3.084440584531016,0.028572145538698253,0.9995917329086488
1769100936.045364,8.724849869235268,-11.882383514875686,3.082693907892009,0.029445116295662634,0.9995663985580622
1769100936.2458591,8.704152519911514,-11.887463303460558,3.0789632165717373,0.03130960083061156,0.9995097342676698
1769100936.446579,8.685160131139462,-11.892056185796003,3.0764760324807563,0.032552558654676884,0.9994700250257803
1769100936.647302,8.667047766538987,-11.896411568016775,3.0773585670504424,0.032111522075499256,0.9994842920976771
1769100936.8478756,8.686511257773562,-11.823706452400254,3.099918643945717,0.020835497016972,0.9997829174696153
1769100937.0485573,8.666459235654367,-11.828654643528225,3.0990055610159364,0.021291937187457373,0.9997733010091865
1769100937.2492807,8.64789332101675,-11.833180193256181,3.0934180017441846,0.02408499674888805,0.9997099143909728
1769100937.4499266,8.629353965050841,-11.837600042424523,3.089015057999174,0.02628576986468489,0.9996544694556319
1769100937.6505487,8.60850636719732,-11.842487452446584,3.08655431550787,0.027515695773299695,0.9996213715633091
1769100937.851313,8.590428450069235,-11.84676919324513,3.0910527750612444,0.02526724991333764,0.9996807320749045
1769100938.051835,8.570415357394076,-11.851556071530256,3.0919583788395824,0.024814590014489928,0.9996920706509644
1769100938.2525506,8.551580219925333,-11.85604502133589,3.0908123927766695,0.025387402499654977,0.999677687954633
1769100938.4531574,8.530559673237187,-11.860970859425441,3.0862827757594995,0.027651413987128087,0.9996176265475276
1769100938.6538112,8.511769361943879,-11.865318572005945,3.0879837913681514,0.026801221495894607,0.9996407827446457
1769100938.8544939,8.492922271861632,-11.869756908929238,3.0953324932479407,0.023128017791600584,0.9997325116214993
1769100939.055163,8.472428501110885,-11.87492113332866,3.1155276372693157,0.01303213924289074,0.9999150780675097
1769100939.2558413,8.454136983015328,-11.879902028430196,3.134450677092771,0.0035709806590011905,0.99999362402824
1769100939.4564662,8.43534828831641,-11.885358053801783,-3.132308960587228,0.004641829831858079,-0.9999892266498736
1769100939.6570468,8.416598932578747,-11.891122908078192,-3.115834455830202,0.012878742837509982,-0.9999170655524013
1769100939.8576977,8.396252618374149,-11.897795891261923,-3.096656550624597,0.022466161168302544,-0.9997476039492967
1769100940.0584252,8.3721690975611,-11.818044654119147,-3.058678157888123,0.041445373419177416,-0.9991407713741567
1769100940.2590294,8.354358202786011,-11.82475603219249,-3.039693271514187,0.05092765076096974,-0.9987023452400463
1769100940.4596705,8.334483529407274,-11.832655852622228,-3.0244749033357827,0.05852541308320089,-0.99828591897484
1769100940.660328,8.316754167207227,-11.840052341018719,-3.0057525270647734,0.06786785456948533,-0.9976943190758055
1769100940.861009,8.298851642002623,-11.847944968853138,-2.988053201304085,0.0766943401350462,-0.9970546515568993
1769100941.0617213,8.279506489420967,-11.856886064334539,-2.968488854971926,0.08644387639561682,-0.9962567220519515
1769100941.2622828,8.262362427035868,-11.86526929971643,-2.9430878748148364,0.09908951314313126,-0.9950785237281816
1769100941.4629474,8.245672839630709,-11.873880830476802,-2.9254825155909847,0.10784491839558609,-0.9941677290961769
1769100941.663613,8.226682306373858,-11.884044310590975,-2.914766735704775,0.11316998624029988,-0.9935756409123416
1769100941.8642504,8.209691157540147,-11.893486665328235,-2.895901560878849,0.12253680180927495,-0.9924639702288212
1769100942.0648868,8.175769479413892,-11.80605680472149,-2.892009990327598,0.12446769040355668,-0.9922236613010216
1769100942.2656066,8.159480786988716,-11.815903041335908,-2.874619936141371,0.133090288244362,-0.9911039174451045
1769100942.4662702,8.143162131730731,-11.8261824655999,-2.8542933088222604,0.1431561412328347,-0.9897001158064622
1769100942.6669028,8.125450196509028,-11.837896874856106,-2.8334637253979365,0.15345571160645544,-0.9881555265115691
1769100942.8676324,8.109555202192182,-11.848640303306306,-2.834216421495735,0.1530838103432541,-0.9882132092877481
1769100943.0682418,8.093203117515877,-11.859657105566253,-2.8362338403007854,0.15208691267541594,-0.9883671235896409
1769100943.2689412,8.075515254982582,-11.871545082698749,-2.8360298502578383,0.15218772041015655,-0.9883516063407597
1769100943.4695792,8.060175318234116,-11.881889849313197,-2.834362903577671,0.15301143216858226,-0.9882244186548516
1769100943.6702685,8.0443914231156,-11.892572174605247,-2.833530682533951,0.15342262948846794,-0.9881606634352758
1769100943.8708255,8.026399173529617,-11.90473310469815,-2.8357048344296647,0.15234833335783116,-0.9883268615812743
1769100944.071506,8.010582791388028,-11.91532187882256,-2.8396650622894617,0.1503910361832984,-0.9886265909005856
1769100944.2721255,7.994400278920207,-11.926091560593692,-2.842945867668748,0.14876908884671178,-0.9888719624924751
1769100944.4727538,7.9767516598062755,-11.93790171213641,-2.838494696442568,0.15096953779905922,-0.9885384153672221
1769100944.6734822,7.9612424819479255,-11.948357809676914,-2.836051874169495,0.15217683671669754,-0.9883532821652891
1769100944.874063,7.943784334820698,-11.960133769284345,-2.837985961493233,0.15122098493259964,-0.988499981646947
1769100945.0747488,7.927596963199566,-11.970987275135952,-2.8397250302690513,0.15036139314608665,-0.9886310997794718
1769100945.2753453,7.9324096265877575,-11.919421336367392,-2.8573445570064533,0.14164606487794276,-0.9899173664021627
1769100945.4759889,7.915094502619491,-11.931001653619786,-2.854199401074009,0.1432026113296716,-0.9896933929800497
1769100945.6767008,7.89931956702539,-11.94160670489277,-2.851294390049887,0.14463999487032494,-0.9894843464572405
1769100945.877438,7.881824473706521,-11.953282091019757,-2.865915861243145,0.1374023356148326,-0.9905153195017172
1769100946.0780318,7.865589929491415,-11.963646966787172,-2.891192376408678,0.12487330792962413,-0.9921726951326131
1769100946.2787173,7.847281680893866,-11.974702521673365,-2.914488954599512,0.11330798341814617,-0.9935599130871339
1769100946.4793377,7.830715418079457,-11.984328773493866,-2.9264862547557833,0.1073459622918793,-0.9942217279760237
1769100946.680086,7.814430944923464,-11.993478860148418,-2.946201910746057,0.09754003851893749,-0.995231601631361
1769100946.8807125,7.795754719117701,-12.003478244499192,-2.9682542160124616,0.08656075612075877,-0.9962465736452009
1769100947.0813313,7.778312178045608,-12.012340866284582,-2.9869508536474307,0.07724387888698542,-0.9970122281970731
1769100947.2821374,7.759403745898389,-12.021494530859067,-3.006550589248585,0.06746973812336421,-0.9977213210298579
1769100947.482648,7.74255699955093,-12.029264807591126,-3.0255540910479177,0.05798673564068913,-0.998317353595407
1769100947.6833212,7.71939307041794,-11.947405869828552,-3.0319691723274005,0.054784299355745816,-0.9984982125893366
1769100947.8840013,7.701950876866167,-11.954767681519252,-3.039645938736661,0.05095128642466621,-0.9987011396867792
1769100948.0846455,7.682236091292475,-11.962927927382598,-3.0449156134085116,0.048319697557913335,-0.998831921209926
1769100948.2852275,7.664757012335018,-11.970069607650315,-3.0473307897073685,0.047113485028187026,-0.998889543207105
1769100948.485964,7.64118597362604,-11.97983297392147,-3.037210275445811,0.05216749819298297,-0.9986383490194461
1769100948.6866772,7.627802849072937,-11.985421303751318,-3.040520860766823,0.05051438874894284,-0.9987233333257618
1769100948.887247,7.604205240056139,-11.99518679938413,-3.0455515426443003,0.04800210191049978,-0.9988472346721364
1769100949.0878959,7.590704954119939,-12.000756961545607,-3.0422711498114823,0.04964034226209974,-0.9987671582606736
1769100949.2885077,7.567094216075239,-12.010490774421534,-3.044732187073851,0.04841130339369389,-0.9988274854566848
1769100949.4891698,7.549588640638914,-12.017701206383572,-3.0454314409954235,0.04806208342384356,-0.9988443503053714
1769100949.689809,7.536068502066959,-12.023289648474888,-3.0426401526529325,0.049456067458574685,-0.9987762999748907
1769100949.8904822,7.512360722231056,-12.033119970903302,-3.0453865193418284,0.04808451828166824,-0.9988432705392873
1769100950.0910666,7.494436805422339,-12.04044424984265,-3.050015787783734,0.045772434723600965,-0.9989518928454331
1769100950.2917225,7.48038004623869,-12.046124512862963,-3.051126653668133,0.04521757690264162,-0.998977162271017
1769100950.492362,7.456994592504975,-12.05567386966608,-3.044700386738601,0.04842718491202087,-0.9988267155825864
1769100950.6930168,7.444177073712594,-11.972985835397923,-3.0443054395666387,0.048624425859809924,-0.9988171330177531
1769100950.8936207,7.42626116986079,-11.980329791478692,-3.044266346485576,0.04864394927009364,-0.9988161823876346
1769100951.0943058,7.406524547886222,-11.98843715423656,-3.0434604862569596,0.04904639842900849,-0.9987965011958857
1769100951.2949831,7.388791328313279,-11.995692914246062,-3.045485574877022,0.048035047745343784,-0.9988456508330517
1769100951.4956172,7.369139906197266,-12.003741208684033,-3.042704279481826,0.04942404325471243,-0.998777885191876
1769100951.6962376,7.351674390482553,-12.010982339964572,-3.0379706658638375,0.05178781691593179,-0.9986581106760621
1769100951.8968217,7.334117515328335,-12.018267377840292,-3.042965902130004,0.049293391374590004,-0.9987843418710525
1769100952.097518,7.314302200511961,-12.026383078859068,-3.045345382694787,0.04810506280303039,-0.9988422813100758
1769100952.2980952,7.296743122101698,-12.03352973466754,-3.045193290412271,0.048181020765080095,-0.9988386202175179
1769100952.498792,7.277035413061808,-12.04157414043839,-3.0449203059069214,0.048317354049179355,-0.9988320345772287
1769100952.6994498,7.259842608176425,-12.048613391274165,-3.045534782671536,0.048010472235038626,-0.9988468323801045
1769100952.9001417,7.240301868283564,-12.056664756263862,-3.0426958590715474,0.049428248314059745,-0.9987776770976631
1769100953.1007776,7.223113318117748,-12.063780869960123,-3.043289649491544,0.04913171383176261,-0.9987923080880998
1769100953.301416,7.203270876019782,-12.071896954858836,-3.046697067052079,0.047429992124598905,-0.9988745646211342
1769100953.5019946,7.186072383697215,-12.078922287539633,-3.0448313784890746,0.04836176577825132,-0.9988298852211069
1769100953.702741,7.1667482585983615,-12.086901303750782,-3.0404500561282886,0.05054974583958604,-0.998721544373382
1769100953.9033718,7.129355756024348,-11.992007124706749,-3.0418842483800015,0.049833553553668454,-0.9987575366124721
1769100954.1039698,7.111575086913635,-11.999280547701316,-3.0437426970002117,0.04890546238972145,-0.9988034119627583
1769100954.3046768,7.09139779020692,-12.007514004993006,-3.0435386020449298,0.04900738750375144,-0.9987984160830738
1769100954.5052862,7.073875941609063,-12.014617701154295,-3.0477595458834856,0.04689934391675289,-0.9988996203524046
1769100954.7059922,7.054273853314158,-12.022585904340787,-3.044525319048088,0.04851461586954021,-0.9988224727382894
1769100954.9065933,7.036767376439527,-12.029794286365208,-3.0389121295944865,0.051317711000241295,-0.9986823782052509
1769100955.1072712,7.019106621761899,-12.037093084220645,-3.042091718326261,0.04972994719950268,-0.9987627007210145
1769100955.3078887,6.99889969689431,-12.045320944867157,-3.0464304871599546,0.04756313163972034,-0.9988682338069534
1769100955.508566,6.98091699600126,-12.052635174842026,-3.0418211200521856,0.049865078475428634,-0.9987559631604906
1769100955.7092626,6.9634561442077905,-12.059821193170336,-3.039585569232855,0.05098143194757705,-0.9986996012798717
1769100955.9099014,6.943936121868123,-12.067856321534729,-3.040878523024798,0.05033578512091054,-0.9987323509010116
1769100956.1105478,6.926469305755835,-12.075027918719181,-3.041769069399563,0.04989107140838511,-0.9987546650673145
1769100956.3112957,6.906540941478398,-12.083201393845073,-3.0422924075880804,0.04962972647473401,-0.9987676858259097
1769100956.5119374,6.889112648427738,-12.090266354647907,-3.0480494196869947,0.04675456600852175,-0.9989064073061874
1769100956.7125366,6.8697094989142835,-12.098118966099513,-3.0442941643849775,0.048630056781347755,-0.9988168588772632
1769100956.9133162,6.852527994901101,-12.105185780719422,-3.037776508510744,0.05188476507945533,-0.998653078477531
1769100957.113871,6.810646658050302,-12.010969624830409,-3.054648083942707,0.04345859351014455,-0.9990552290289662
1769100957.314587,6.792808643160185,-12.018236572470135,-3.0597272330210923,0.04092128087278527,-0.9991623735768529
1769100957.5152826,6.774592801028681,-12.025649394335659,-3.05614109178172,0.04271278282609566,-0.9990873926655519
1769100957.715932,6.755313867025939,-12.033538649182908,-3.0549454710197126,0.04331003997309811,-0.9990616799965499
1769100957.9166365,6.737748572889804,-12.040736924015787,-3.0552916644277888,0.04313710504118568,-0.9990691618545063
1769100958.1173134,6.720051701995067,-12.048014583478864,-3.053826442424718,0.04386902245873278,-0.9990372910299771
1769100958.3179436,6.700108573098883,-12.056218733865444,-3.057044874051552,0.042261299744615066,-0.9991065921831843
1769100958.5185828,6.68198529185391,-12.063590424272185,-3.061522320987026,0.04002447233399356,-0.9991986997661603
1769100958.719347,6.664226981160241,-12.07078447471395,-3.056488263638627,0.04253935467079241,-0.9990947919512906
1769100958.9199226,6.644710087289199,-12.07882724154446,-3.0508295098669485,0.045365996338684884,-0.9989704331841851
1769100959.1205509,6.627258203556152,-12.086035069237964,-3.0538517777615684,0.04385636698206621,-0.9990378466680501
1769100959.321216,6.60930097335718,-12.093411665625796,-3.0543267280313082,0.04361911910029082,-0.9990482332945265
1769100959.5219283,6.589450216798274,-12.101574246159872,-3.0533154113674765,0.04412429056542009,-0.9990260492009697
1769100959.7225163,6.571773168226515,-12.108833561580006,-3.0541482062649545,0.04370829485404476,-0.9990443358334764
1769100959.9231942,6.552190073500703,-12.11691486336493,-3.0493283112410876,0.046115810009476774,-0.9989361000920779
1769100960.1238682,6.534815300022326,-12.124176327863838,-3.0472793282515633,0.04713918716762896,-0.9988883306121737
1769100960.3245025,6.525235407536604,-12.040471682366185,-3.051898676121277,0.04483195714367734,-0.9989945423367774
1769100960.525204,6.50574537069525,-12.04851313942532,-3.055764867265469,0.04290072265476432,-0.9990793401906072
1769100960.7257845,6.48825743215664,-12.055699883853135,-3.05274658748074,0.044408423717107924,-0.9990134593202245
1769100960.926524,6.469090176209226,-12.063660779351826,-3.050496221428458,0.045532468355887805,-0.9989628593323278
1769100961.127158,6.451499197114867,-12.07099567333542,-3.0503557378000368,0.045602637207072076,-0.9989596585847499
1769100961.327892,6.431890759311264,-12.07921384883083,-3.0459863325724115,0.04778495641922824,-0.9988576464842287
1769100961.528576,6.4138167797753685,-12.086836833384778,-3.046732703227132,0.04741219408265025,-0.9988754095743217
1769100961.7291822,6.396002000966133,-12.094292680855826,-3.0489693668402165,0.04629509052579102,-0.998927807498224
1769100961.9298573,6.376336342977314,-12.102570660249562,-3.0432657790858175,0.049143634617078116,-0.9987917216199897
1769100962.1305583,6.358860088995655,-12.110047085256095,-3.0380459767197627,0.051750211980679035,-0.9986600600604566
1769100962.3312023,6.34123680745086,-12.117565863311908,-3.044042897088987,0.048755541402893766,-0.9988107414232742
1769100962.5318203,6.3232594947805385,-12.125157598360628,-3.044139190831179,0.048707451734385114,-0.9988130876923582
1769100962.732557,6.303258055719699,-12.133616442206645,-3.0448907230585682,0.048332128192197836,-0.9988313197854846
1769100962.9330566,6.285637457596186,-12.141076878459506,-3.042950010271631,0.049301327642687,-0.9987839501577248
1769100963.133745,6.262685059384886,-12.150875160863967,-3.0376069995089647,0.05196940523622978,-0.9986486774233432
1769100963.3343785,6.249117034357939,-12.156740340190865,-3.0354252968727398,0.053058751325611136,-0.9985913923661504
1769100963.5350456,6.181090011066153,-12.062145212000374,-3.024274126836273,0.058625628964289564,-0.998280038680801
1769100963.7356503,6.157405169643549,-12.072290564147394,-3.025277096923142,0.05812499910491649,-0.9983093130283086
1769100963.936255,6.143738586437217,-12.078182840319334,-3.0199946109200835,0.06076157078088691,-0.9981523087766913
1769100964.136957,6.1205670332698,-12.088303537566276,-3.018152155471191,0.061681070447919775,-0.9980959099948254
1769100964.337643,6.106965204919404,-12.09421795127597,-3.0193239923992916,0.061096257071252116,-0.9981318787474346
1769100964.5382156,6.089120243945648,-12.10198977883599,-3.0162955948666,0.06260755651248597,-0.9980382226485797
1769100964.7389581,6.065229783471222,-12.112424879029968,-3.0187233829948403,0.061395998008456756,-0.9981134862472031
1769100964.9395795,6.0480888316293795,-12.119848102066873,-3.018302242118606,0.061606169839846875,-0.9981005359369686
1769100965.1401808,6.034475931564265,-12.125800470370347,-3.0129701359761305,0.0642669367435352,-0.9979327436463854
1769100965.3409188,6.011582351787598,-12.135986955140698,-3.0072381137715567,0.06712675520593586,-0.9977444556275531
1769100965.5415766,5.998004506805494,-12.142018779955377,-3.0143621197242685,0.06357236815356196,-0.9979772312068788
1769100965.742217,5.974091552157405,-12.152528575657897,-3.0163647536492624,0.06257304492079735,-0.998040386983082
1769100965.9428418,5.956364461959626,-12.160380032597365,-3.010415073149529,0.06554177438052305,-0.9978498262820176
1769100966.143543,5.942928261553843,-12.166356634826581,-3.0107614870309196,0.06536893888255595,-0.9978611636041201
1769100966.3442194,5.919741184839734,-12.176692953855607,-3.009258686880544,0.06611871331164097,-0.9978117636859234
1769100966.5449808,5.909697338591367,-12.094350578280215,-3.0340532352452563,0.053743803251636156,-0.9985547574430005
1769100966.7455823,5.8918031899238015,-12.102324671577096,-3.040587123779717,0.050481299512667284,-0.9987250063954103
1769100966.9462764,5.874033385017637,-12.110141935419438,-3.041580171522459,0.04998540250370506,-0.9987499484538372
1769100967.1469269,5.854653648081153,-12.118699434622053,-3.035722176525977,0.052910520008451326,-0.9985992573962967
1769100967.3476162,5.8413205358465765,-12.124658685071783,-3.0313325940833393,0.055102107694770926,-0.9984807247651774
1769100967.5482252,5.81814823600256,-12.134965902324343,-3.0405664069227583,0.05049164473150819,-0.9987244834348996
1769100967.748902,5.800140173219469,-12.142932885825665,-3.037831678283983,0.05185721732777671,-0.9986545093329423
1769100967.949571,5.782442377481979,-12.150787904488052,-3.0380462732133275,0.051750063932537844,-0.998660067732248
1769100968.150257,5.763102736700767,-12.15937351288516,-3.035290931452505,0.05312583928185886,-0.9985878254818642
1769100968.350921,5.745818706273888,-12.167099939606635,-3.0308939686864567,0.05532108586995319,-0.9984686161608533
1769100968.551587,5.728305962974052,-12.174996645542969,-3.0323745963949125,0.05458189062815351,-0.9985092975107724
1769100968.7522988,5.708601629862442,-12.183820942088442,-3.037465539880156,0.052040039341786255,-0.998644999138986
1769100968.9529321,5.690743134181234,-12.191750546069414,-3.03860779734201,0.051469676034370006,-0.9986745578259801
1769100969.1535604,5.67353152601338,-12.199452951376564,-3.031388238984682,0.05507432749273648,-0.998482257454394
1769100969.3542101,5.654642128658815,-12.207991070182857,-3.031303004370178,0.05511688006786133,-0.9984799094281192
1769100969.5548923,5.637141564631139,-12.215914798858838,-3.030149601252702,0.05569269579056366,-0.9984479573996733
1769100969.7555442,5.596375882559212,-12.133920037046328,-3.028949230221509,0.05629193972580945,-0.9984143516205614
1769100969.9561412,5.5745001221229735,-12.143901027002382,-3.0293464050371868,0.05609366609908368,-0.9984255108036676
1769100970.156798,5.551152705153459,-12.154558983378074,-3.027717150086363,0.056906992249998095,-0.9983794840806068
1769100970.3573968,5.547310540789699,-12.15632089772819,-3.026008703402344,0.05775981044331979,-0.9983305085479216
1769100970.5581982,5.51469139053704,-12.171472545110962,-3.020646918488108,0.06043601640233543,-0.998172073302703
1769100970.7592282,5.497116136674194,-12.179598000244784,-3.0263232224342516,0.05760281275721464,-0.9983395794830822
1769100971.1602273,5.483126307027497,-12.18600912156566,-3.0277830297662227,0.05687410575873614,-0.9983813580461848
1769100971.361348,5.483126307027497,-12.18600912156566,-3.0277830297662227,0.05687410575873614,-0.9983813580461848
1769100971.5615406,5.42572618584542,-12.212397813232016,-3.0230751492056585,0.05922407611153756,-0.9982447138897029
1769100971.7626204,5.406670850955242,-12.2212422424454,-3.0205533056152474,0.060482737213811005,-0.9981692434147252
1769100971.963032,5.387618701286392,-12.23003342296425,-3.02545162263857,0.058037883560184404,-0.9983143813808626
1769100972.163637,5.370501839577331,-12.23788369417465,-3.02669355033775,0.05741795526907022,-0.9983502283330831
1769100972.3643422,5.351737662447315,-12.246573864604628,-3.0224879504832733,0.05951715756506377,-0.9982272827144003
1769100972.565042,5.3349904104817565,-12.254379141558493,-3.0229086910735035,0.05930715888157059,-0.9982397812677053
1769100972.7656689,5.332393685047625,-12.14375417064187,-3.0436639805988417,0.04894477345696527,-0.9988014863581484
1769100972.9663725,5.3148576204182385,-12.151843776699767,-3.0411580176704702,0.050196214457584855,-0.9987393754399233
1769100973.1670809,5.297123691963445,-12.159987701808916,-3.053257093583656,0.0441534210392421,-0.9990247621608442
1769100973.3677104,5.277713906464357,-12.168539438017383,-3.073090933638389,0.034244163632309296,-0.9994134966354635
1769100973.5683737,5.260147456034832,-12.175932441328133,-3.0875586547313683,0.027013712848967527,-0.9996350630695752
1769100973.7691112,5.246186511802365,-12.181579610089896,-3.1021222483098563,0.019733921592972478,-0.9998052672088512
1769100973.9696493,5.22172816946945,-12.190818665646672,-3.132269212501163,0.004661703659862645,-0.999989134200461
1769100974.1703267,5.207621022700704,-12.19579258517695,3.1377557903164206,0.0019184304599269817,0.999998159810592
1769100974.3709307,5.185426343228686,-12.203243482264948,3.118795567234852,0.01139829634972635,0.9999350373100864
1769100974.5715547,5.16567721417708,-12.209457609564993,3.097014191815981,0.02228738534797735,0.9997516053772311
1769100974.7721949,5.147498839150033,-12.214745686888431,3.076306954411659,0.03263705276922823,0.9994672694923724
1769100974.9728189,5.124843320216841,-12.142651403617004,3.050754298088306,0.045403563478143165,0.9989687264491748
1769100975.173528,5.10575657602628,-12.14728420141221,3.0307194191519833,0.055408226775223966,0.9984637842233565
1769100975.3740945,5.087494939016065,-12.151444963772889,3.0177402053719606,0.061886651992616164,0.9980831840609002
1769100975.574864,5.0673804427379645,-12.15566380849324,3.0027366708355543,0.0693722281523064,0.9975908449666047
1769100975.7754922,5.048371878438789,-12.159480232225272,2.9992764745284046,0.07109805354636098,0.9974693312487952
1769100975.976209,5.027267281499801,-12.163657856229323,2.99957131043578,0.07095100788666123,0.9974798015397941
1769100976.176719,5.008422692289736,-12.16739107287309,2.999892788218269,0.07079067317343322,0.9974911932401469
1769100976.377403,4.989614616041686,-12.171177866109044,3.005316131370396,0.06808554770472816,0.9976794867058996
1769100976.5780716,4.96898996158319,-12.175430443253596,3.0068408059087037,0.06732495973877714,0.9977311009466289
1769100976.7787392,4.950174006124073,-12.179305385495525,3.003834602179766,0.06882457459799743,0.9976287776179097
1769100976.9794006,4.930919780032888,-12.183184502157317,3.000808804976733,0.07033380643975283,0.9975235113378007
1769100977.1800244,4.9097242124474,-12.187423635643354,3.0012375691669235,0.07011995364486381,0.9975385667235338
1769100977.3807874,4.891224300462351,-12.191201821471612,3.006031186789325,0.06772884529911198,0.9977037654105797
1769100977.5814295,4.872364422012385,-12.195114281281588,3.0090272365850272,0.06623418478242969,0.9978041054065707
1769100977.7822018,4.853329945227519,-12.199057388211685,3.004993364749625,0.06824655563566807,0.9976684858428012
1769100977.9830265,4.832327333187237,-12.203356611580766,3.0043378699597536,0.06857353521159215,0.9976460646284255
1769100978.1834247,4.77343384961398,-12.088372041376275,3.0110117297000967,0.06524408465067076,0.9978693348420404
1769100978.3841536,4.754372658431001,-12.092310986061102,3.0168768205616945,0.062317511142937196,0.9980563750635281
1769100978.5847907,4.734193048053173,-12.096589630308696,3.0231531903928768,0.059185123965156766,0.9982470240883411
1769100978.785433,4.715902728832626,-12.100504374005752,3.0210722082214243,0.06022375887011266,0.9981849021436632
1769100978.9860706,4.694561205332468,-12.105038278054657,3.0193001127105057,0.06110817460621279,0.9981311491964854
1769100979.1868098,4.675535972315746,-12.1090257282893,3.0155735175779896,0.06296788279111451,0.9980155538551513
1769100979.38739,4.656938896330275,-12.112958245634909,3.0216203514520705,0.05995018246315458,0.9982013702768768
1769100979.5880046,4.631884000056447,-12.118403593221293,3.028348247739304,0.056591951947507484,0.998397391310079
1769100979.7886076,4.611686524121631,-12.12283918213505,3.024366514212541,0.05857951466497943,0.9982827457497276
1769100979.989313,4.593108657693737,-12.126861486232814,3.0203357410511127,0.06059131998392114,0.9981626580585983
1769100980.1899958,4.574123585694574,-12.130916413738575,3.0215737655019543,0.05997343352650993,0.9981999735879786
1769100980.3907127,4.553370951139927,-12.13541989192399,3.026637810910431,0.057445778981763326,0.9983486277233912
1769100980.5913227,4.535135431170673,-12.139467224115421,3.029952833615885,0.055790926643401115,0.9984424733074363
1769100980.792197,4.5204868884617335,-12.142737888693055,3.02944444006654,0.05604472569458541,0.9984282591763008
1769100980.992775,4.495010501939895,-12.14838754807501,3.025934866234402,0.05779666735265931,0.9983283754571569
1769100981.1933832,4.507500943526397,-12.038595806648786,3.007890450819617,0.06680131880458454,0.9977662971888599
1769100981.3940248,4.492781993266309,-12.041782012078226,3.00885051601343,0.06632235077967669,0.9977982490398836
1769100981.5946736,4.4676500077558705,-12.047347810133848,3.0174432235494746,0.062034857591282626,0.998073983451943
1769100981.795444,4.449250911982124,-12.051475565932964,3.016352297776917,0.06257926065141178,0.9980399972627965
1769100981.9960384,4.430274186891867,-12.055687776221067,3.0100691230980625,0.06571437649852473,0.9978384742639512
1769100982.1966882,4.410939164631619,-12.059920816636094,3.0119386675961657,0.0647815962090051,0.9978994662753425
1769100982.397339,4.39034970772507,-12.064459643255569,3.0133038020532488,0.06410044769802807,0.9979434516068094
1769100982.5981078,4.372151526708381,-12.068558003191757,3.0186386508550047,0.06143828409908902,0.9981108842443106
1769100982.7987173,4.351498356583473,-12.073275276972275,3.0190858688707585,0.0612150959803845,0.998124597444684
1769100982.9994419,4.332777117954472,-12.077584589510957,3.0181096283762177,0.06170229349375251,0.9980945982108163
1769100983.2000947,4.312435410664088,-12.082187707779989,3.0137202655489834,0.06389264280061652,0.9979567777193323
1769100983.4006658,4.2938358747341905,-12.086347027932291,3.015360059240757,0.06307439980260418,0.9980088276611291
1769100983.60145,4.27342941549403,-12.091007671675268,3.023274771316899,0.05912443995803985,0.9982506201348678
1769100983.8021152,4.255534350453232,-12.095182225621198,3.0259204007606546,0.057803887997600674,0.9983279574029572
1769100984.0027921,4.2348004005489095,-12.099999743867524,3.021599805197092,0.05996043710992782,0.9982007543483357
1769100984.203458,4.215561849994447,-12.104431210669313,3.021051682712121,0.06023400299368866,0.9981842840294353
1769100984.4041324,4.216475516271738,-12.007574653647218,3.028527172826068,0.05650263255122587,0.9984024501746683
1769100984.604755,4.195701423465949,-12.012443175816914,3.0329940825473214,0.05427260667335484,0.9985261559743337
1769100984.8054202,4.177089178938993,-12.016884775809856,3.039100486358191,0.05122365648243368,0.9986872067952857
1769100985.0061128,4.158440520116739,-12.0213914030168,3.037323942028211,0.052110742204669006,0.9986413122572481
1769100985.206806,4.139706993975739,-12.025869904519226,3.03341644318211,0.05406173639417587,0.9985375950148531
1769100985.4074385,4.118396089451539,-12.030888021009764,3.0306064556992234,0.05546462164507352,0.9984606530784119
1769100985.6080964,4.099734428483516,-12.03534058137072,3.0375991062896937,0.05197334651231788,0.9986484723126103
1769100985.8087344,4.081367502376883,-12.039827456773565,3.041746800962765,0.04990219175786029,0.998754109507321
1769100986.0093713,4.060476776620822,-12.04496877624116,3.041236632868196,0.05015695637207777,0.9987413477610154
1769100986.2101371,4.041740886933047,-12.04954536157669,3.0380910412813327,0.051727709878662036,0.9986612258572518
1769100986.410634,4.021196783505407,-12.054505550375662,3.03686492673639,0.05233993664690787,0.998629326142487
1769100986.6113217,4.002400100272512,-12.059046265411487,3.0406644487521217,0.05044268628316781,0.9987269573815147
1769100986.812213,3.984267201104397,-12.06353103783969,3.046540063690645,0.04750840531052259,0.9988708382092507
1769100987.0127125,3.9644309689316453,-12.068507745631749,3.04840425369851,0.04657734228979325,0.9989146866400651
1769100987.2133386,3.9460621763560386,-12.07309280231542,3.0440349737651786,0.04875949835297484,0.9988105482624652
1769100987.4140172,3.925312816742501,-12.07817306201792,3.037531171919525,0.052007267759822035,0.9986467063482252
1769100987.6145666,3.9070998183635215,-11.944099534998648,3.026924792467528,0.05730252456900696,0.9983568603851122
1769100987.8153012,3.8867133950878143,-11.949171346782403,3.0321102241869493,0.05471387920473725,0.998502073819764
1769100988.015904,3.8679609700574566,-11.953891534580723,3.031339797902116,0.055098511257316914,0.9984809232314994
1769100988.216553,3.849306203820043,-11.958584936691768,3.0296168063361333,0.05595867780930949,0.9984330855785148
1769100988.4172208,3.8283745932913478,-11.963771902402586,3.025015223322171,0.058255714033625214,0.9983016937691894
1769100988.6178854,3.8092059147911757,-11.968496388149891,3.0289389844763033,0.05629705447459892,0.9984140632310244
1769100988.8185742,3.79074714322193,-11.973138783103138,3.0338186658684925,0.05386091806528486,0.9985484472498891
1769100989.0191412,3.770567562557959,-11.97830625969651,3.0371160884990975,0.05221452748359974,0.9986358911633731
1769100989.2199283,3.751689208155728,-11.98314748196144,3.036746502422181,0.0523990675516679,0.9986262252313003
1769100989.4205475,3.7327250438983013,-11.987959466663813,3.029978775913385,0.05577797569286847,0.9984431968958504
1769100989.6212416,3.7120076312208523,-11.99316835071346,3.0325088745509956,0.05451485151153488,0.9985129598381162
1769100989.8219085,3.6935326422289956,-11.997850051916446,3.0358808127867687,0.052831312815983404,0.9986034510185411
1769100990.0225568,3.6750096392710185,-12.002650461342093,3.040775983130641,0.050386990009507866,0.9987297688753358
1769100990.223199,3.654751833430381,-12.007919863802067,3.0389663844597323,0.051290619292435884,0.9986837699555342
1769100990.4238093,3.6361673782717068,-12.012684375702818,3.0333915372523834,0.054074171143569105,0.9985369217085245
1769100990.6244867,3.5945695188111197,-11.909223373758671,3.0244203814846595,0.05855262725957707,0.9982843231469685
1769100990.825156,3.576189867746056,-11.91397150646706,3.029344031622594,0.056094850937882794,0.9984254442362017
1769100991.025864,3.558075286126599,-11.918733085613855,3.033310476461856,0.05411464219526615,0.9985347292408403
1769100991.2264793,3.5393384422195475,-11.92371546311335,3.037421012326504,0.05206227293827628,0.9986438402836622
1769100991.427197,3.518546422314269,-11.929242401550884,3.0324513113451674,0.05454359029246601,0.9985113903997328
1769100991.627818,3.499841633654144,-11.93414792613275,3.0306955655495496,0.055420135250359485,0.9984631233094349
1769100991.8285542,3.4811327604188445,-11.939037874500999,3.033037237387641,0.05425106104231431,0.9985273268047214
1769100992.0291803,3.46059516908139,-11.944536712997865,3.0406659916776304,0.050441915802503415,0.9987269962958712
1769100992.2299109,3.4424874434450747,-11.949422225878072,3.03968159469616,0.05093348159287583,0.9987020478865697
1769100992.4305284,3.4235590960125637,-11.954472297333362,3.0331264747069553,0.054206508037373785,0.9985297464204029
1769100992.6311977,3.4023378238551163,-11.960059181707914,3.0335684649138335,0.053985836530881445,0.9985417014096412
1769100992.8319042,3.383887055158517,-11.964935444982581,3.036054930349564,0.05274437541633764,0.9986080466639253
1769100993.0324883,3.3655762671339153,-11.969845580102266,3.0405608027381636,0.05049444324949213,0.99872434194873
1769100993.2331696,3.3448935925600938,-11.975486582610596,3.041228252899961,0.050161141082022256,0.9987411375953978
1769100993.4337249,3.3264142294933987,-11.98054878507839,3.0414578560647203,0.05004648368874345,0.9987468895923493
1769100993.6343746,3.307260159198576,-11.985734307179612,3.03685774896163,0.052343520614756625,0.9986291382939176
1769100993.8350296,3.2876243199290394,-11.860157953538932,3.056654048732384,0.042456537012861666,0.9990983147142605
1769100994.0356145,3.27237745321634,-11.864374663880824,3.061343374049735,0.04011387394720035,0.9991951146382513
1769100994.2363234,3.245686360208603,-11.871838981525123,3.060512851632761,0.040528797447438626,0.9991783707514212
1769100994.436979,3.229541528666662,-11.876321971181948,3.059395817603531,0.04108684921782317,0.999155578887168
1769100994.6375732,3.2093859533979736,-11.881875333229678,3.056192580534724,0.04268706192994894,0.9990884919484303
1769100994.8382065,3.182180548635181,-11.8893795345587,3.0618556494859765,0.039857941077511956,0.9992053565374145
1769100995.0388942,3.166565685677417,-11.893783938464056,3.0669626532550542,0.03730634114508161,0.9993038761609838
1769100995.2395263,3.1421043513299023,-11.90076201871066,3.0641730990621463,0.03870011056409864,0.9992508701233772
1769100995.4402156,3.11954953354511,-11.907134292385075,3.0636930800538478,0.038939939153003665,0.9992415529484152
1769100995.6409655,3.103610453377797,-11.911601303700992,3.0630389838723193,0.03926673710676519,0.9992287642762233
1769100995.8414886,3.0769433311200323,-11.919150704400176,3.067764160777631,0.0369058633729937,0.9993187465712299
1769100996.042221,3.056709491698299,-11.924985990264942,3.071958602320756,0.03480999171446017,0.9993939485892633
1769100996.2429051,3.0408066040264328,-11.929580134943437,3.0684951480970915,0.036540616250158135,0.9993321686826951
1769100996.443575,3.0136979999528575,-11.937335430732846,3.064231574815927,0.038670894573638204,0.9992520012053389
1769100996.644117,2.9985265575896953,-11.820852302641761,3.060372396947048,0.04059896698945676,0.9991755220577558
1769100996.8448775,2.9765612182704135,-11.827259645570113,3.0692014007007495,0.03618772350619231,0.9993450098276567
1769100997.0456924,2.9549261317474347,-11.833713452333807,3.072114609869988,0.03473203510831866,0.999396660859558
1769100997.2463148,2.930204527410309,-11.841065168860089,3.0712800753288287,0.035149047589489044,0.9993820813150253
1769100997.446989,2.90818348759845,-11.847553070570221,3.066961051354856,0.03730714153760832,0.9993038462801456
1769100997.6476958,2.8837724538484704,-11.854794786495006,3.068606350467024,0.036485052140950686,0.9993341988395434
1769100997.8483133,2.86160649714207,-11.861504752697654,3.0776279646952993,0.031976892427413,0.999488608414666
1769100998.0489614,2.839626807671234,-11.86813110474132,3.0729939238829047,0.034292640021474884,0.9994118344508222
1769100998.2495794,2.817070154356628,-11.874860214809496,3.069240687266245,0.036168093082621325,0.9993457204805386
1769100998.4503436,2.7923659780156074,-11.88227018560391,3.0767979012255933,0.03239170915258904,0.9994752509082824
1769100998.650965,2.770876237854213,-11.88885451266077,3.0790393404133,0.03127155754761557,0.9995109252472162
1769100998.8516793,2.7467142321313336,-11.896307616940062,3.0737939981683926,0.033892835433539374,0.9994254728123929
1769100999.0522964,2.724368190575081,-11.903033214682642,3.0605810305966843,0.04049473595084985,0.9991797517765615
1769100999.2529922,2.702836598321028,-11.794216039865482,3.04717597186861,0.04719080784707348,0.998885893210401
1769100999.45367,2.67795724368273,-11.800718698004856,3.0351204081522765,0.053210980334439946,0.9985832922555072
1769100999.6544092,2.655805054295123,-11.806134692507394,3.0154698361231067,0.06301962055878921,0.9980122882132395
1769100999.8550084,2.632941512573848,-11.81117414405968,2.9924978059385245,0.07447839571398154,0.997222627386619
1769101000.05567,2.610024834994263,-11.815712457648765,2.9760256864748103,0.08268896196537665,0.9965754038551666
1769101000.2562652,2.5852266492703873,-11.820248801138378,2.9611678882472283,0.09009007027128019,0.9959336219038475
1769101000.456904,2.562523755362948,-11.82398028520883,2.940929653580101,0.10016325504093909,0.9949710158289053
1769101000.6575952,2.53945574801456,-11.827338040439365,2.92145163411763,0.10984838414637212,0.9939483550468963
1769101000.85818,2.513730490537373,-11.830489712440297,2.8959151177420646,0.12253007445731451,0.9924648008133512
1769101001.0587568,2.491101114951972,-11.832872650824955,2.8937577078210186,0.12360057966521557,0.9923320496217094
1769101001.2595005,2.4681780211782387,-11.835363112231278,2.8960589542239425,0.1224586978178306,0.992473610394131
1769101001.4601493,2.4426783498891043,-11.83803954862615,2.890876984894557,0.12502976780059774,0.9921529908052128
1769101001.6608183,2.4195079112017046,-11.840355422459332,2.8893259947655245,0.1257991398751063,0.9920557325103683
1769101001.8615208,2.440270178170332,-11.733624028460717,2.886581710724289,0.12716026237968805,0.9918821843704669
1769101002.0621612,2.415171020384078,-11.736236291738452,2.8877329440332242,0.12658929744033104,0.9919552156088315
1769101002.2628484,2.3921113703879127,-11.738640065800908,2.882860203024539,0.12900568976772056,0.9916438534108678
1769101002.4634655,2.368763035909357,-11.740955080945898,2.8707096977435853,0.13502775893882796,0.9908418159908058
1769101002.6640596,2.345854448622489,-11.743083651004575,2.877446973263892,0.13168921196795122,0.9912910528453588
1769101002.8648448,2.32051180509866,-11.74555165934869,2.881210378321041,0.12982366504524237,0.9915370976389238
1769101003.0655768,2.298113917495819,-11.74770489238185,2.873478400864806,0.13365595657710982,0.9910277923809492
1769101003.2661815,2.2722469484365617,-11.750000500220523,2.8677098582183556,0.1365137897130494,0.9906381706850294
1769101003.4668093,2.249019881427587,-11.751978291280395,2.8660751680997887,0.13732343723802626,0.990526260926551
1769101003.667386,2.2263442777048774,-11.753869075610266,2.8631419709444916,0.1387759934374056,0.9903237973741018
1769101003.8680515,2.201027033424721,-11.75606140175575,2.869123572739911,0.13581351588324508,0.9907344189556713
1769101004.0687823,2.1776447862873742,-11.758007289291314,2.8659365634212435,0.13739208269519498,0.9905167417124643
1769101004.2694452,2.154419937787073,-11.759695195698068,2.8519380569669024,0.14432153821579058,0.9895308452024263
1769101004.4702265,2.1322639809079704,-11.67145963740566,2.857056722703579,0.14178852949808482,0.9898969708524068
1769101004.6709876,2.10750458597084,-11.67332821435628,2.8567173466554014,0.14195650111698274,0.989872896785554
1769101004.871667,2.0846822598965713,-11.674964316058269,2.8468441375163382,0.14684136259365216,0.9891600549110541
1769101005.072318,2.0589007739656426,-11.676733530499053,2.846860069997982,0.1468334827017841,0.9891612246533246
1769101005.2729309,2.035913149645458,-11.678174686680613,2.845063320170089,0.14772206095933307,0.9890289139888313
1769101005.473699,2.01315690032111,-11.679662995705531,2.851632883861329,0.14447252563565585,0.9895088121570493
1769101005.674454,1.987551862491396,-11.681416598990893,2.84848417917893,0.14603018146347316,0.9892801353012932
1769101005.8750803,1.9647132579385445,-11.682811385106431,2.839327132550413,0.15055807719867711,0.988601165986687
1769101006.0757272,1.9413896618457573,-11.684148013469635,2.835248769460065,0.1525737000249525,0.9882920955166523
1769101006.2763886,1.9163742775874861,-11.685600699058082,2.8372908351975,0.15156454195721153,0.9884473631009901
1769101006.4770758,1.8939638716368905,-11.686944355823094,2.843410851921059,0.1485391798830502,0.9889065234083911
1769101006.6777987,1.8679908476239055,-11.688496203670987,2.8395494363409757,0.15044819137557328,0.9886178946953261
1769101006.8784916,1.8448885395534433,-11.689705484476463,2.828703025106626,0.15580743079171985,0.9877874490547465
1769101007.0791056,1.84566930816371,-11.5825923381209,2.8197652069606076,0.16022019256774156,0.9870812985228501
1769101007.279886,1.8203484753135188,-11.584024050401073,2.819019947317909,0.16058799736362958,0.9870215271729077
1769101007.4804728,1.7972111696038264,-11.585030814400476,2.7953760816969107,0.17224500614204408,0.9850541395573784
1769101007.6811287,1.7737039603298217,-11.585575531625494,2.775370785562436,0.18208937498165476,0.9832819837253148
1769101007.8818233,1.7505706716322957,-11.585682742889261,2.754855115019638,0.19216596278281503,0.9813624420914802
1769101008.0824597,1.7255167786023118,-11.585299423993526,2.7340443332956648,0.2023668352836079,0.979309789585143
1769101008.283141,1.7021138761197174,-11.584655871449506,2.7319024571562687,0.20341549917073146,0.9790925056893869
1769101008.483723,1.6786145403265835,-11.583837722966257,2.7267427207006256,0.20594074907834348,0.9785644628071524
1769101008.6843717,1.6479600898447768,-11.582672601821221,2.728242285859182,0.20520698067291948,0.9787185985170119
1769101008.885091,1.6300754669889543,-11.582072882406308,2.7319370818530775,0.2033985487496701,0.9790960271426538
1769101009.085822,1.607536032906038,-11.581325757540077,2.730466680210906,0.20411832591738532,0.9789462237654754
1769101009.286509,1.5766261919734137,-11.580218490664748,2.7261990610054574,0.2062067444952118,0.9785084458116273
1769101009.4871187,1.5584414548858372,-11.579514703830808,2.722644622417309,0.2079454420162856,0.9781404260864855
1769101009.6877093,1.5409412044581,-11.470112004946559,2.7262395345373567,0.20618694260659193,0.9785126185688899
1769101009.8883593,1.5177201461109475,-11.469301861933321,2.7255432723949946,0.20652758075133945,0.9784407791936102
1769101010.0890422,1.4995348477831318,-11.468612827204812,2.7179067161700505,0.21026202517842532,0.977645068911958
1769101010.2897112,1.469443572155963,-11.467306869353502,2.7178380456128295,0.21029559277030188,0.9776378489304653
1769101010.4904246,1.451489808203171,-11.46652945677774,2.7189444444164894,0.2097547319463172,0.9777540347276142
1769101010.691062,1.4212452703851723,-11.465249960019477,2.719075396908809,0.20969071183287752,0.9777677665841829
1769101010.8917482,1.3979285818164873,-11.464289109207181,2.7187156379041926,0.2098665888187123,0.9777300317048656
1769101011.092398,1.3744944098698366,-11.463126783931914,2.7021024646823557,0.21798085432119185,0.9759530455659244
1769101011.2930014,1.349392531250062,-11.46143633268108,2.687040776919339,0.2253243536601002,0.974283806520286
1769101011.4937503,1.326514075175544,-11.459538015407992,2.6714294412206963,0.23292234792182653,0.9724953366667543
1769101011.6943762,1.3034478660527955,-11.45719954623171,2.645972207258204,0.24528166580880448,0.9694518577103548
1769101011.895029,1.277985528955902,-11.453989695013721,2.6198224495125184,0.25793580482107137,0.9661620571060044
1769101012.0983605,1.2548581461739783,-11.450692978867796,2.6171417011401075,0.2592305914102547,0.9658154588103721
1769101012.4969692,1.228271973487704,-11.328471671305113,2.6233318841391564,0.2562400673056912,0.9666131738742105
1769101012.6976519,1.2048505051426621,-11.325081208196666,2.6167458540881503,0.25942174393254547,0.9657641320607205
1769101012.8982468,1.1821607379475882,-11.321760497020353,2.6139733320147482,0.26076029542277146,0.9654035779564052
1769101013.0989723,1.1571046294189917,-11.318179425300706,2.6219472833902735,0.256909192509107,0.9664355471547591
1769101013.2996235,1.1351308578640522,-11.315036227358103,2.6136307613446434,0.2609256510720943,0.9653588993802272
1769101013.500301,1.1103075718527042,-11.31109937949775,2.59007905775368,0.2722752205091239,0.9622194158801349
1769101013.7009573,1.0852554054920962,-11.306549178967686,2.5682488228292013,0.28276153066498844,0.9591902401379994
1769101013.9015687,1.063337077336888,-11.302185055664784,2.551685004408037,0.29069566908333494,0.956815566332505
1769101014.1022224,1.0410753344996444,-11.297358148276908,2.5334831310645836,0.2993914281020067,0.9541303751474643
1769101014.3029585,1.0156003371901512,-11.291254196650332,2.5135007456502323,0.3089092268563027,0.9510915253344661
1769101014.5035574,0.9931889832932497,-11.285417646709853,2.4893056744870328,0.3203922055658521,0.9472849806751128
1769101014.7042058,0.9713557056538031,-11.279286865653992,2.4798262479485325,0.3248784491680568,0.9457557788700836
1769101014.9049683,0.9492721448518757,-11.27274271768535,2.4647164150168814,0.33201421564377376,0.9432743824627327
1769101015.1056266,0.9698955580560734,-11.158900774686442,2.445588391834532,0.3410203806317357,0.9400559025897269
1769101015.3062434,0.9478404968885575,-11.151273606964335,2.424224870261195,0.3510421869253793,0.9363596440463713
1769101015.506882,0.9261281136335037,-11.143361946042502,2.4104172617376602,0.3574982135314558,0.9339138222137081
1769101015.707524,0.9025171455629847,-11.134528308272934,2.4048597598466968,0.3600919439056343,0.9329168194079586
1769101015.9082234,0.8810261648422885,-11.126385211031241,2.4012121686396566,0.3617927936818652,0.932258534120161
1769101016.108809,0.8590546917370759,-11.118009947711904,2.400468031161925,0.3621396328885302,0.9321238578061183
1769101016.3094246,0.8352240432396626,-11.108898328038793,2.4029181445081202,0.36099745687899154,0.9325667998202063
1769101016.5100615,0.8141027443475689,-11.100922303172972,2.407697002794882,0.3587681261758895,0.9334267146596144
1769101016.7107491,0.7901916623764634,-11.091951629562217,2.4062507494204946,0.35944301808286094,0.9331670358255718
1769101016.9113863,0.768643090902302,-11.08367452962378,2.40033466268128,0.36220179005464936,0.9320997067273478
1769101017.1119916,0.7469065794448716,-11.075322600504474,2.400674337608673,0.362043479381495,0.9321612087173232
1769101017.3126848,0.7232302418339146,-11.066303444480171,2.402593574046529,0.36114879394296434,0.9325082029845863
1769101017.5133343,0.7025953481256421,-11.058401229155281,2.3995687797114584,0.3625587031343125,0.9319609362959187
1769101017.7139912,0.7554630767896151,-10.975073796488246,2.379359417426271,0.37195720168301016,0.9282498802133747
1769101017.9146092,0.7342320187518332,-10.966818470673234,2.380066433115661,0.37162903483401644,0.9283813119986515
1769101018.1153615,0.7128586866079918,-10.958579877885587,2.3875570073334953,0.3681493819530936,0.9297666549019464
1769101018.316036,0.6889043529900751,-10.94950844908191,2.3871926435299518,0.36831876250006645,0.9296995693181855
1769101018.5167024,0.6675132078717156,-10.941316378223554,2.383277771464667,0.3701378831577298,0.9289768282640395
1769101018.7173712,0.6437152076187751,-10.932119748751827,2.3839117679709827,0.36984338053369015,0.9290941146490016
1769101018.918015,0.6223910950886877,-10.923894255013407,2.3830475699984026,0.3702448066196632,0.9289342189687966
1769101019.1187322,0.6014562066474014,-10.91585539743125,2.3866219826164015,0.36858401910619015,0.929594438913835
1769101019.3193042,0.5778380767747973,-10.906825812573617,2.3874668716086602,0.36819128417488656,0.9297500622520269
1769101019.5199876,0.5563420148468474,-10.898483396512152,2.3778442077462105,0.37266034147252414,0.9279678172725505
1769101019.7207139,0.5330196426023324,-10.88932114574198,2.3750248442756767,0.373968110046455,0.9274415629398343
1769101019.9214315,0.5119175107666434,-10.880876900162718,2.3605600084695566,0.38066591583858433,0.9247126367249298
1769101020.1220784,0.4882934573347206,-10.87097878322476,2.3427416376607404,0.38888913587048984,0.9212845597327156
1769101020.322757,0.5589579713258575,-10.752348469895214,2.3128685458257943,0.40260605347688805,0.9153733477132514
1769101020.523371,0.5359535825833781,-10.741494785309742,2.289082169638187,0.4134640306693499,0.9105204530062215
1769101020.7240913,0.5157042609430085,-10.731511211715606,2.277878065171064,0.41855829927557886,0.9081899306354012
1769101020.9247694,0.4951065211195411,-10.720979491118499,2.262700052449722,0.42543843931850267,0.9049873669561563
1769101021.125645,0.4746907209164335,-10.71004566464957,2.2383617560074667,0.43641959210237635,0.8997432631752212
1769101021.3261406,0.4522996093063254,-10.69734782921126,2.216521334905635,0.4462187612205386,0.8949239169531721
1769101021.5267556,0.43297462317972135,-10.685971088797116,2.205974856633778,0.45093168317264865,0.8925584670547257
1769101021.72753,0.41173170716216045,-10.673067139338547,2.1866030209991805,0.45955564358938333,0.8881489798705776
1769101021.9282963,0.3924930097737733,-10.660823465967614,2.157480272741832,0.47243913638365215,0.881363297632179
1769101022.1289053,0.4430333769735393,-10.572077724316655,2.139432463456482,0.4803731313654123,0.8770642249357731
1769101022.3295543,0.42522915416390594,-10.559601010845682,2.1294761229492876,0.48473333603242635,0.8746619878209381
1769101022.5301623,0.4044829580339684,-10.544665176646475,2.1247664750963833,0.4867916651353655,0.8735181021334006
1769101022.730851,0.3854766397625502,-10.530907636172438,2.1286009995472805,0.4851160082038276,0.8744498033531621
1769101022.9314454,0.366678533757788,-10.517207736022929,2.122827944128924,0.4876381072841827,0.8730458615240667
1769101023.132253,0.3479872238311148,-10.503576380375984,2.1230229241158143,0.4875529917316711,0.8730933972110297
1769101023.3328762,0.3273876393889448,-10.488782613855317,2.136588196964102,0.4816199473699471,0.8763801836505486
1769101023.5335217,0.3087454840374648,-10.475385506244079,2.129397282796862,0.48476781489801396,0.8746428789163065
1769101023.7342215,0.2896032294277733,-10.461513521188973,2.125520674532532,0.48646222710121667,0.8737016090197639
1769101023.9349375,0.26918262755107936,-10.44677437964464,2.1303415301997886,0.4843548212523389,0.8748716518036316
1769101024.1356587,0.24489657486203287,-10.429173899350541,2.1245475928766084,0.4868872610105402,0.8734648218821718
1769101024.3363948,0.23035835641763924,-10.418396826923548,2.108208939413822,0.4940065543336351,0.8694581785660591
1769101024.536976,0.21210430228986876,-10.404393080831944,2.083246080754966,0.5048198742070287,0.8632247069017428
1769101024.7376711,0.276754875303046,-10.301606582874385,2.054002199494821,0.5173874802867084,0.8557512461238785
1769101024.9383347,0.2597544303015704,-10.287452683567693,2.044933021059535,0.5212626279808965,0.8533963162976798
1769101025.1390033,0.24032766861139532,-10.270720404711188,2.024591990430552,0.5299149993429625,0.8480507611407162
1769101025.3395414,0.2227312152447798,-10.255047949821398,2.011880866350833,0.5352940998459731,0.8446657484887672
1769101025.5402794,0.20558253684690886,-10.239634190014856,2.013966961338816,0.534412782327437,0.8452236260807239
1769101025.7409527,0.18725224553337627,-10.222998127692117,2.011535215795659,0.5354400714434608,0.8445732235233494
1769101025.9417415,0.1706396138217361,-10.207859267823796,2.0059050694249803,0.5378154821551641,0.8430625760607622
1769101026.1431653,0.1521026371448455,-10.190737128337586,1.9909815503939068,0.5440911818419473,0.8390260936596865
1769101026.3438575,0.13567176615788723,-10.174959188493188,1.9724425784341828,0.5518450361717725,0.8339466745857166
1769101026.543573,0.11802331403584221,-10.157565631820576,1.9657816055919244,0.5546194185444726,0.8321041404616318
1769101026.7446902,0.10060312232873425,-10.140229328510747,1.9630484097178393,0.5557560520915389,0.8313454219297937
1769101026.9449131,0.08474519531107738,-10.124373183970013,1.9637092834572467,0.5554813145765817,0.831529018829934
1769101027.1455564,0.06669810595110626,-10.106375028934654,1.9656957140809819,0.5546551533739517,0.8320803211443701
1769101027.3462162,0.14922393803067197,-9.974289989321154,1.9736617554996005,0.5513365693412368,0.8342829180242369
1769101027.5468915,0.1313159474356223,-9.956474990361231,1.9757964508236816,0.5504457855384439,0.8348709104903377
1769101027.747583,0.11493197199986499,-9.940178523805658,1.9715248063735287,0.5522276645345803,0.8336933528118615
1769101027.9482193,0.09686471439853911,-9.921985897216654,1.9676989243691871,0.5538214593647663,0.8326354491294977
1769101028.148849,0.080699860208652,-9.905720906837546,1.9708958131373397,0.5524898309603448,0.8335196378522882
1769101028.3495774,0.06328936274470515,-9.888303091968744,1.9710064123678244,0.552443736800328,0.8335501890528787
1769101028.5502625,0.047355642228402994,-9.872343731030773,1.9728618392548096,0.5516702034640901,0.8340623397623762
1769101028.7509027,0.03058160264573312,-9.855578133670168,1.9693529869275368,0.5531326544810924,0.8330931919939693
1769101028.9514933,0.012723550189357502,-9.837641607321588,1.967175939548314,0.5540391682782134,0.8324906005556972
1769101029.1521652,-0.0033780228181127803,-9.821527983708616,1.9765098353019794,0.5501479585538651,0.8350671971159056
1769101029.3528175,-0.01961040783616136,-9.805366281383746,1.972219683993343,0.5519379737833503,0.8338851678114498
1769101029.5534835,-0.03782734297332485,-9.787037048570546,1.9648223125475806,0.5550184705881379,0.8318380234793336
1769101029.7541375,-0.054281667858537774,-9.770381907094935,1.966247697044636,0.554425485171634,0.8322333695497905
1769101029.9547918,0.011041510607922578,-9.703761232190853,1.952912552469947,0.5599620963402079,0.8285182259083259
1769101030.155408,-0.006710272716417998,-9.685826164274784,1.9519615746789054,0.560355984240692,0.8282518764999239
1769101030.3561244,-0.023234755330849066,-9.669204834101883,1.9543342745566628,0.5593729935783247,0.8289160717800226
1769101030.556785,-0.03973845930034614,-9.652456138116976,1.948971107833426,0.561593787267156,0.8274130879451522
1769101030.7575254,-0.055794101467491974,-9.636154317087035,1.9532940271189196,0.559804056805554,0.8286250165087004
1769101030.9582975,-0.07379194153856805,-9.618035464761997,1.9541810108514626,0.5594365133100505,0.8288732035573919
1769101031.1589975,-0.08942454934157784,-9.601992482233706,1.936695441882754,0.5666617002890584,0.8239505552067511
1769101031.3596206,-0.10697423840368236,-9.58330022501746,1.9148525956262847,0.5756264393948602,0.8177127871505956
1769101031.5602925,-0.12239157332544137,-9.566154845103815,1.8943971323625883,0.5839595336549764,0.8117827683890947
1769101031.7610197,-0.13839944287224026,-9.547707343195341,1.8798596662166813,0.5898446874209125,0.8075167148247311
1769101031.961811,-0.15304690927508735,-9.530294888553508,1.8569614848595575,0.5990511590392273,0.8007107523030762
1769101032.162391,-0.1690025096945803,-9.510517739520557,1.837792182003821,0.6066980591215857,0.7949323650840371
1769101032.3631532,-0.182468567968867,-9.493095652466877,1.8174237211879467,0.6147622308908113,0.7887124948104682
1769101032.5637183,-0.08386175600498258,-9.413410681425079,1.7974654610886878,0.6226021551273287,0.7825385335118046
1769101032.7643964,-0.09717739351348986,-9.39483501581806,1.7751747526380057,0.6312849746297503,0.7755509530693103
1769101032.964993,-0.11154266193579465,-9.3738432464576,1.7557928333227821,0.6387710467505017,0.769396874072977
1769101033.1657522,-0.12437868622190273,-9.354506145378396,1.7513254397905351,0.6404880510889893,0.7679681350239919
1769101033.3663867,-0.13808493033889468,-9.333923686949683,1.7563213618390956,0.6385677003542343,0.7695656515621685
1769101033.5671232,-0.15087035151533246,-9.314674180804797,1.753394104779536,0.6396933742228031,0.7686302017065455
1769101033.7679226,-0.16351375055076045,-9.295543095209146,1.750674509409385,0.6407379640573201,0.7677596377875567
1769101033.968506,-0.17747926210625953,-9.274221873888042,1.7455802670468021,0.6426914602811089,0.766125111768134
1769101034.1691773,-0.18990886423814857,-9.255132211852395,1.74752214480809,0.6419472967997661,0.7667487646755442
1769101034.3699307,-0.20363806152129338,-9.234200739441201,1.7474710976839392,0.6419668667503564,0.7667323796441169
1769101034.5706255,-0.2159638187376849,-9.215345542082044,1.741536176052538,0.6442392851823929,0.7648239950653218
1769101034.7712998,-0.22992313055006397,-9.193718411019866,1.7394941239745747,0.64501985445309,0.764165811431861
1769101034.9719608,-0.24208959580936096,-9.174880421094283,1.7406422788495657,0.6445810578383874,0.7645359768355872
1769101035.1727283,-0.12346260179576707,-9.120665580023328,1.7297182069472201,0.6487473449267765,0.7610038649379239
1769101035.373408,-0.13739035735593952,-9.099108402295428,1.728186709572806,0.6493298923770401,0.7605068644434589
1769101035.5741282,-0.14977382979543308,-9.079928458803835,1.7275581219977343,0.6495688828853848,0.7603027465339273
1769101035.7747808,-0.16357283375974274,-9.0583487752745,1.7286800367683668,0.6491422832660553,0.7606670073535019
1769101035.9754584,-0.17552156667178342,-9.039852285243953,1.7349949831644582,0.6467372657147457,0.7627128615251053
1769101036.1761463,-0.18876406069677631,-9.01947974816209,1.7314182465755543,0.6481002422699284,0.7615550380436467
1769101036.376959,-0.20239812962518033,-8.998155050765197,1.722502793670389,0.6514885957702641,0.7586584274766144
1769101036.5775921,-0.21484106061309072,-8.978472526804149,1.7195225126227762,0.6526183796971914,0.7576867759710556
1769101036.7782853,-0.22676516062418683,-8.95951013583447,1.7174594882449163,0.6533995955047734,0.7570131891811387
1769101036.9788735,-0.24027555889468954,-8.938106859396427,1.722679874185052,0.651421421404324,0.7587161074707522
1769101037.1796165,-0.2525091049218321,-8.918741105462097,1.7184609021016108,0.6530204718658741,0.757340255977504
1769101037.3803024,-0.2650074996570674,-8.898704859533701,1.7100683318689613,0.6561927287353175,0.7545933360127811
1769101037.5808718,-0.2785435194081284,-8.87686986182095,1.7131568150063288,0.6550266723961834,0.7556057559664187
1769101037.7815259,-0.15402522799336182,-8.866819669174113,1.7421073766086452,0.6440208249652098,0.7650079587894041
1769101037.9822083,-0.16640440021616087,-8.846917899749252,1.735643413901547,0.6464899484964957,0.7629225035958753
1769101038.1828794,-0.17849953134229657,-8.827227338783596,1.7300325991754508,0.6486277100614004,0.761105836096731
1769101038.3834686,-0.19181961858530605,-8.805289419106478,1.727643842172127,0.6495362956467579,0.7603305864145461
1769101038.5841095,-0.20371909172287994,-8.785716590778538,1.7289426424075014,0.6490423999477788,0.7607522350082369
1769101038.7848527,-0.21660193956318285,-8.764608935266503,1.7316668953045715,0.6480055574153331,0.7616356068086914
1769101038.9854312,-0.2287839077703131,-8.744585836762878,1.7268322700162249,0.6498447737278152,0.7600669510369759
1769101039.186146,-0.24086681743273197,-8.724502780392077,1.7221084117032213,0.6516381837044791,0.7585299450505085
1769101039.3868814,-0.2534543371264668,-8.703512294174953,1.7226627274028745,0.6514279261502979,0.7587105225522591
1769101039.5874426,-0.2691791852701706,-8.677349615414872,1.720952424490592,0.6520765002899709,0.7581531756641158
1769101039.7881181,-0.2805281065619698,-8.658361107406666,1.716764287456185,0.6536626941087333,0.7567860214951863
1769101039.988688,-0.29325299660301596,-8.636804476112918,1.71326623622938,0.6549853317628932,0.7556415917453544
1769101040.1892726,-0.3059980058203069,-8.615200885356618,1.718237563891449,0.653105039302746,0.7572673290439504
1769101040.3900304,-0.18480906650019469,-8.598536650964922,1.7360861132422776,0.6463210600155834,0.7630655852417488
1769101040.5906446,-0.19776406671219715,-8.576704360177539,1.7332683019747455,0.6473955055834653,0.7621542228121087
1769101040.7912877,-0.20944931333024353,-8.556855849376092,1.7286770997352923,0.649143400317435,0.7606660540765037
1769101040.991911,-0.22103886718491328,-8.537009968213574,1.724968836379345,0.6505526587228986,0.7594611499139161
1769101041.192606,-0.2337726419632451,-8.515370394315154,1.7346996602879021,0.646849881941765,0.7626173550555513
1769101041.393298,-0.245985158245986,-8.494745738090462,1.7301198273983744,0.6485945144897343,0.7611341246940817
1769101041.5940905,-0.2571354838062503,-8.47569859504843,1.7233303033582734,0.6511746414147884,0.7589279190926643
1769101041.7946763,-0.26731186596452106,-8.458105277632708,1.7221820562822903,0.6516102524534564,0.758553939346137
1769101041.9952886,-0.28180245993947217,-8.433036613649332,1.722175160068224,0.6516128680247559,0.7585516925197333
1769101042.1959758,-0.294073065413075,-8.411859282716325,1.7227007878392253,0.6514134876055656,0.7587229192304353
1769101042.3966284,-0.3053080452484247,-8.392451357997832,1.7203254186012011,0.6523141514948039,0.7579487105072572
1769101042.5972989,-0.3180342596190926,-8.370251304107299,1.7145516744643379,0.6544995312161122,0.7560624072375834
1769101042.797918,-0.32941104096222085,-8.350253579867989,1.7185854357280432,0.6529733134357133,0.7573809160130626
1769101042.9986138,-0.22861755919143573,-8.33573307923216,1.7373419037742213,0.6458418073716353,0.7634712567287255
1769101043.1996267,-0.23975288923541488,-8.316267780962193,1.728587354172674,0.6491775328653707,0.7606369244408469
1769101043.3998954,-0.25202022068859514,-8.294273214553035,1.7175885718459394,0.6533507351496517,0.757055359190733
1769101043.600469,-0.26277779045857314,-8.274654338521358,1.71717677487187,0.6535065978524726,0.75692081921644
1769101043.801126,-0.275107744334078,-8.25211617741263,1.713847362014898,0.6547657427100403,0.7558318742771896
1769101044.0017755,-0.2859119581838215,-8.232349711005485,1.7132852352654317,0.6549781535024183,0.7556478137562251
1769101044.2024982,-0.2977049922722042,-8.21061434015179,1.7068865642618265,0.6573923681628664,0.7535484551647746
1769101044.4031157,-0.30848920915147887,-8.190405610842436,1.7027132800804818,0.6589633217783379,0.7521750730719935
1769101044.6038098,-0.3203598166690041,-8.168309456725918,1.7078810407375138,0.65701759380356,0.7538752426181539
1769101044.8045645,-0.33102603924745494,-8.148525680320219,1.7065256271881006,0.6575283492440164,0.753429804255472
1769101045.0051968,-0.3429369281114532,-8.125963529138511,1.6954348543520072,0.6616962773307365,0.7497719897186378
1769101045.2058003,-0.3531479826231581,-8.106197026791742,1.686663651795194,0.6649781044297648,0.7468628526235569
1769101045.4063663,-0.3645602433564526,-8.08386075861918,1.68342357631973,0.6661871772819383,0.7457845833919626
1769101045.6070495,-0.2481760153029229,-8.063367287270443,1.6998319190198092,0.6600462815276892,0.75122493718025
1769101045.8077402,-0.2581280172007876,-8.04375259460136,1.6971797150214831,0.6610419017657694,0.7503489882114155
1769101046.0084105,-0.26940445388507905,-8.021064491101436,1.6894738420199118,0.6639280350007898,0.7477964725378089
1769101046.2090745,-0.28021976245311375,-7.998995493643552,1.687582003326569,0.6646350930168158,0.7471681157079233
1769101046.4098492,-0.2897702995006606,-7.9795763151597665,1.6880432923405306,0.664462745118405,0.7473213902664058
1769101046.6102931,-0.3006084572627399,-7.957518500990773,1.680227667686831,0.6673780559286322,0.7447190950049014
1769101046.8109074,-0.3114628584176189,-7.9351026145608134,1.676751290465639,0.6686715093515487,0.7435579416437711
1769101047.0114996,-0.3215800111934486,-7.913876937630912,1.6708963435714195,0.6708453870838773,0.741597240170352
1769101047.2122326,-0.33136438622397013,-7.89338979507672,1.6789035896253615,0.6678709427459899,0.7442771015123216
1769101047.4128869,-0.3422333536768216,-7.8707841167454475,1.6767941198692096,0.6686555861266467,0.7435722608742412
1769101047.6135757,-0.35243711153167046,-7.849459457041247,1.6762727971141915,0.668849383978563,0.7433979429292878
1769101047.8142364,-0.362365909673924,-7.8285925265359175,1.6734326147446175,0.6699044020688346,0.7424473665444556
1769101048.0148838,-0.3730339706190835,-7.806059268120261,1.6734174354336213,0.6699100369692776,0.7424422821794439
1769101048.2155304,-0.27459157255081185,-7.857412002697634,1.6926354602114706,0.6627450824637918,0.748845081221785
1769101048.4161952,-0.2855282024745213,-7.834417820137146,1.6875138008904236,0.6646605719732118,0.7471454504072437
1769101048.616768,-0.2952087051134708,-7.813657681183107,1.679451170043913,0.6676671419329905,0.7444599301393138
1769101048.8175285,-0.30592095336847597,-7.790418633422512,1.6797229562463396,0.6675659687997834,0.7445506546235835
1769101049.0181801,-0.31511953712304736,-7.770606818069439,1.6805167355207422,0.6672704117903929,0.7448155459904684
1769101049.2188044,-0.32573563885219586,-7.747685884641136,1.678866013593315,0.6678849261182223,0.7442645534109876
1769101049.419505,-0.33512267709783433,-7.727291986629426,1.674961723697441,0.6693365648724063,0.7429593279075288
1769101049.6200557,-0.34539408480080186,-7.704686331011779,1.6685058207513606,0.6717313102342577,0.7407948750166725
1769101049.820746,-0.3554831463990464,-7.682414917631936,1.6727922401844733,0.6701420899283992,0.7422328336219015
1769101050.0215175,-0.3654753571001336,-7.660544240112255,1.6733656034830093,0.6699292778601583,0.7424249205581442
1769101050.22212,-0.37459861172333103,-7.640336120586285,1.6644726047174176,0.6732238362385621,0.7394387508916704
1769101050.4227004,-0.38498031684802175,-7.616781562348054,1.6604105937011724,0.6747242508639679,0.7380699054263473
1769101050.6233332,-0.39418459052400795,-7.595750670198338,1.6598100790879,0.6749458313278539,0.7378672812729619
1769101050.824001,-0.3020516347274606,-7.593644048217554,1.6753078745606402,0.6692079668416863,0.7430751624940888
1769101051.024726,-0.31220101367605985,-7.570485012031433,1.6743799544746083,0.6695526519871812,0.7427645967713679
1769101051.2253287,-0.32208591265138936,-7.547652545393156,1.6661928041359448,0.6725875962464251,0.7400175169382519
1769101051.4260392,-0.3312762936987625,-7.526009141019205,1.664979922636766,0.6730362493177036,0.7396094963589624
1769101051.6267471,-0.34005517500295207,-7.5055112585411585,1.6695613256435802,0.6713402603988621,0.7411492796782494
1769101051.8274841,-0.34979662021013297,-7.482864985981863,1.6609552772974807,0.6745232185590782,0.7382536336684717
1769101052.0281925,-0.35968248519275353,-7.459427448300987,1.6537068159106332,0.6771943842377782,0.7358041627748625
1769101052.228725,-0.3683595450914698,-7.438474811903632,1.6496812188110792,0.6786740370115234,0.7344396173181845
1769101052.4294043,-0.37697540847840966,-7.417551615754846,1.6521455040098492,0.677768587728281,0.7352752827946901
1769101052.630137,-0.386605602098039,-7.394336204866379,1.65425451493651,0.6769928592360956,0.7359895845345477
1769101052.8307302,-0.39518570137516357,-7.373617274582186,1.6523604479497085,0.6776895623311608,0.7353481196735323
1769101053.0313425,-0.40509728166072395,-7.349231532933265,1.6423627955989333,0.6813569573259397,0.7319512939421158
1769101053.2319996,-0.41352988744074354,-7.328288365788907,1.6438358648622495,0.6808176650856426,0.7324529383566796
1769101053.4326146,-0.3162151807150171,-7.281571106621321,1.6235331396900536,0.6882178538534772,0.725504090710255
1769101053.6332426,-0.3254291527217228,-7.2584326165766555,1.6129967881718255,0.6920303689723241,0.7218683871870474
1769101053.8339076,-0.3337440844664862,-7.237034784161505,1.6050390927369211,0.6948970879401181,0.7191091969738281
1769101054.0345669,-0.34198369954968577,-7.215390969280673,1.6023863813652675,0.6958502709944676,0.7181868840050798
1769101054.235267,-0.3528090127119595,-7.18695861778178,1.6031484713295936,0.6955765589755982,0.718451982114091
1769101054.4359117,-0.3591264239690778,-7.170297376119267,1.600658946244764,0.6964703219856725,0.717585598094871
1769101054.6365297,-0.36999875771988,-7.141044533890506,1.5913322130379377,0.6998091015178692,0.714329910778453
1769101054.837192,-0.37776975445951777,-7.119712237425102,1.588278572690318,0.7008989387223729,0.7132605959239943
1769101055.0377607,-0.38375435820591985,-7.1032783336062355,1.5913048993469596,0.699818856945828,0.7143203535270675
1769101055.2384667,-0.3942835581830453,-7.074276786971744,1.5861971889192719,0.7016408435522079,0.7125307899728587
1769101055.4391265,-0.4018137880882282,-7.05304618752719,1.5763982580924973,0.7051234282031692,0.7090845866319547
1769101055.6397507,-0.4077511260304425,-7.035736541356947,1.5638790355677064,0.7095481787952007,0.7046569250127426
1769101055.8404186,-0.4174053966756208,-7.007045893075656,1.5647404727174181,0.7092446041609287,0.7049624752202117
1769101056.0410771,-0.3106126138234666,-6.985604107353546,1.569386133295554,0.7076051840652197,0.706608026761674
1769101056.2416782,-0.3202337631856472,-6.956608684868725,1.560167647025678,0.7108545841633468,0.7033390079996668
1769101056.4424818,-0.32595564686713485,-6.9390668415663574,1.5586051075590552,0.7114038646401025,0.7027834242319085
1769101056.642952,-0.3350902339226959,-6.910631474521195,1.5538948964736057,0.7130570193400887,0.7011060455949788
1769101056.8436666,-0.340516072834522,-6.893791842812358,1.5578975443643721,0.711652451957168,0.7025316986608866
1769101057.0444763,-0.34913984124725483,-6.867026714602928,1.5519989227619417,0.7137213381516189,0.7004297619797881
1769101057.2449718,-0.3568748181994945,-6.842183699854595,1.5398450622899456,0.7179645962565271,0.6960796208209246
1769101057.4456115,-0.36344122401180623,-6.820476888521518,1.5368422042813645,0.7190089007461447,0.6950008637748738
1769101057.6462495,-0.37061513329183204,-6.796785384391025,1.5386655271990617,0.718374996538846,0.6956560675706157
1769101057.8471482,-0.3772410681297348,-6.774911353865758,1.5376723645465322,0.7187203577641809,0.695299250204779
1769101058.0476017,-0.3846089829290775,-6.750617444697856,1.5437669209560327,0.716598253810663,0.6974861594580273
1769101058.2482839,-0.3915937992647184,-6.728536507482812,1.5603443352153166,0.7107924455414188,0.7034018050597034
1769101058.4489975,-0.39900601981939265,-6.706729395191728,1.5870469706272867,0.7013380324110642,0.712828846423724
1769101058.649659,-0.2971978462471624,-6.708925194313432,1.5746401318409433,0.7057464857933095,0.7084644647336901
1769101058.8503852,-0.30531300637834,-6.687722140963558,1.5839406590481822,0.7024443202995148,0.7117386998603861
1769101059.051073,-0.3147059499038313,-6.664028458871375,1.5907028583173362,0.7000338503166745,0.7141096613341761
1769101059.2517276,-0.32307555891601636,-6.642978324727602,1.5908073690397535,0.6999965333026318,0.714146240880884
1769101059.4524546,-0.33251873443574387,-6.619440654802586,1.5917038725914652,0.6996763456676266,0.7144599438129445
1769101059.6531622,-0.34111695417560994,-6.598236700155894,1.593484504155519,0.699039973484584,0.7150825934608337
1769101059.8538234,-0.3504663492355584,-6.5750159306401414,1.5943875871972706,0.6987170127502137,0.7153981661238851
1769101060.0545044,-0.3592552644039268,-6.553233910064234,1.5897978116280242,0.7003569299224969,0.7137928065689194
1769101060.2551024,-0.3685327405142513,-6.530530158233857,1.5980996807517576,0.6973879975437582,0.7166937845983506
1769101060.4557555,-0.3770045026583683,-6.5101499875600375,1.6074735686168669,0.6940212463553392,0.7199545191242163
1769101060.656477,-0.3866968588122426,-6.486905715012476,1.599917218255403,0.6967364007447074,0.717327252986606
1769101060.8571184,-0.3954227616111695,-6.465699436472338,1.5957415229040701,0.6982325511204351,0.7158710111157239
1769101061.057837,-0.40522041824144933,-6.441841266911332,1.603048804036066,0.6956123611941821,0.718417318105469
1769101061.2585762,-0.3295670177925705,-6.459778451440611,1.5709525635888029,0.7070515409808289,0.7071620170771584
1769101061.4591439,-0.338290255359484,-6.438844880599845,1.5741150456444328,0.7059324639235908,0.7082791514500255
1769101061.6597893,-0.34812629195779615,-6.415194251910762,1.5744802061628524,0.705803134366921,0.7084080289761192
1769101061.8604784,-0.3568359645618669,-6.394309815194752,1.5736743170556045,0.7060885262175961,0.7081235719448006
1769101062.0611062,-0.3663724424686847,-6.371713711047972,1.5815964704950423,0.7032780624543221,0.710914880186436
1769101062.2617347,-0.3761647218187596,-6.348813864197334,1.5852292504961862,0.7019856043320373,0.7121911339735875
1769101062.4625044,-0.3849199481131999,-6.328168216168443,1.5769622445293294,0.7049234431253366,0.7092833984609539
1769101062.663045,-0.39504431665552403,-6.304144452638496,1.5733208294970966,0.7062136716247037,0.7079987641305281
1769101062.863691,-0.4036494700504179,-6.283875092105822,1.5812145830530655,0.7034137943654412,0.7107805806973154
1769101063.0644078,-0.41335871092567866,-6.261187477545079,1.5841333862123397,0.7023757313475704,0.7118063866066148
1769101063.26505,-0.42255451111742215,-6.239656646922164,1.578071447098511,0.7045299652504923,0.7096742408064
1769101063.465742,-0.43172355750119756,-6.218114383060385,1.5797834933492918,0.7039222096318962,0.7102770746595647
1769101063.6665227,-0.4416816901740618,-6.19487253419031,1.588567609921052,0.7007958519696548,0.7133618814193295
1769101063.8671877,-0.30859283552565864,-6.246236959617039,1.5659706574052497,0.708810852999717,0.7053985927614355
1769101064.0678034,-0.3186538069773452,-6.223260187834305,1.5631606102071822,0.7098012547146257,0.7044020008528816
1769101064.268453,-0.32791926249028225,-6.201952286777277,1.5664694828748875,0.7086348955629869,0.705575357272655
1769101064.4690673,-0.33712143177258874,-6.180644526772791,1.5607876609028166,0.7106365100361014,0.7035593440525895
1769101064.6696792,-0.3471629564993389,-6.1575488543553645,1.5658051127818418,0.7088692380437239,0.7053399204322057
1769101064.8703537,-0.35651823734537685,-6.136307838350315,1.5740254988240052,0.7059641752889974,0.7082475437363167
1769101065.0710676,-0.3657968780280144,-6.115199104785613,1.5669007490168618,0.7084827337081459,0.7057281459864219
1769101065.2716215,-0.37608941082128533,-6.0916883485566595,1.5652886493699476,0.7090513555376442,0.7051568444042994
1769101065.472253,-0.3854869383973605,-6.070383042675103,1.5745797044165535,0.7057678908126171,0.7084431411891216
1769101065.6729145,-0.3945230526980441,-6.050080398819586,1.572297912231825,0.7065756913195349,0.7076374724647653
1769101065.8735263,-0.40496323166715353,-6.026551717718978,1.5705122650561805,0.7072072050449203,0.7070063430638738
1769101066.0742245,-0.4144221709907846,-6.005024523758787,1.5683525243726786,0.7079702677336639,0.7062422388990369
1769101066.2748678,-0.423588444666391,-5.9840046285086155,1.5684159726641858,0.7079478624456852,0.7062646982956072
1769101066.4755983,-0.3277160237359801,-5.9268187643185755,1.5530445560212363,0.7133550442975344,0.7008028116205461
1769101066.6762488,-0.3367970265163751,-5.906203711149692,1.553259855186798,0.713279599034064,0.700879599932688
1769101066.8769312,-0.3469651222089305,-5.882942340836276,1.5542242487449807,0.7129415542378927,0.7012234595625405
1769101067.0775514,-0.3563287219238549,-5.861539178398003,1.5558222674751017,0.7123810426096946,0.7017928826443913
1769101067.278243,-0.36629009793952816,-5.8389887482634215,1.5622633650334232,0.7101171939237624,0.7040834971037467
1769101067.4788997,-0.37524279847934444,-5.818870621246429,1.5632556281185808,0.7097677885101388,0.7044357219742813
1769101067.6796525,-0.38570580934172183,-5.795296593449988,1.5553467439291078,0.7125478819924912,0.7016234858298394
1769101067.8802829,-0.3949351579236218,-5.774249258692102,1.5500873601517704,0.7143904697231324,0.6997472806440639
1769101068.0809145,-0.40409349608866296,-5.753447001172173,1.5574135650647565,0.711822436518422,0.7023594655651599
1769101068.281539,-0.4142603761902811,-5.730683216427163,1.5609435404229377,0.7105816726312746,0.7036147287546929
1769101068.4821723,-0.4235983806111785,-5.70979453903511,1.5618910216625406,0.7102482620280582,0.7039512811879263
1769101068.6828873,-0.43437362843450095,-5.685666962896962,1.567047168487115,0.7084310656389379,0.7057800119284188
1769101068.8835871,-0.44376568218954854,-5.664663818976168,1.5623994570232769,0.7100692822177146,0.7041318161046407
1769101069.0842912,-0.29382204824251407,-5.591092171342508,1.5674989267255004,0.7082716266002913,0.7059400137072396
1769101069.284954,-0.3043470207589989,-5.568129277341043,1.5707657057480087,0.7071176072786206,0.70709595492872
1769101069.4855754,-0.3137353938823941,-5.5474018962656455,1.5642322159978201,0.709423732214606,0.7047822132905306
1769101069.6862934,-0.3242861864393644,-5.524005879573123,1.562377684999836,0.7100769473628438,0.7041240862403907
1769101069.886854,-0.3363855959203348,-5.497476838379431,1.570045056401097,0.7073723454882617,0.7068411171107941
1769101070.08756,-0.34363568612388434,-5.481616306654525,1.5659824799516178,0.7088066831835477,0.7054027827236988
1769101070.2883024,-0.3565185960085871,-5.453469490485155,1.568012277098073,0.7080904059865266,0.706121786202519
1769101070.488992,-0.3661971164483803,-5.432345981321994,1.5731171956077636,0.7062857542350214,0.7079268559425239
1769101070.689585,-0.37376192360086813,-5.416045279256661,1.5807906502216178,0.7035644401742626,0.7106314646300687
1769101070.8903165,-0.3866831376730518,-5.388586022966381,1.5755265940685157,0.7054324029865137,0.7087772039341227
1769101071.0910003,-0.3961847719795435,-5.3683011276019705,1.5767989347591893,0.7049813572296101,0.7092258356537056
1769101071.2916214,-0.4071828386676031,-5.34460868617013,1.5727830657513264,0.7064040141273819,0.7078088504848761
1769101071.4922972,-0.4166429024875291,-5.324248540849791,1.5729899389025999,0.7063307970248605,0.7078819147105154
1769101071.6930866,-0.2922103259320933,-5.283798273224212,1.5813911052517349,0.70335105735028,0.7108426620035146
1769101071.8937461,-0.3030023297709347,-5.260763840776757,1.579855955150973,0.7038964751916289,0.7103025779291531
1769101072.0944316,-0.3105911221064144,-5.24447421198651,1.5758046138071895,0.7053338691445257,0.7088752591518576
1769101072.2950788,-0.3235650938766027,-5.216704134284713,1.5782114155565214,0.7044802975206244,0.7097235450548703
1769101072.495705,-0.3334130231695804,-5.195938792772614,1.589825491929125,0.7003470508555159,0.7138024995459048
1769101072.6963298,-0.34289485437484574,-5.176008482883624,1.5882434989240466,0.7009114469823101,0.7132483042315377
1769101072.8971481,-0.35396538874139105,-5.152685604949431,1.5838379195001802,0.7024808812288345,0.7117026145153327
1769101073.0976915,-0.3617964564710827,-5.136090257592096,1.581647523494824,0.7032599150565837,0.7109328321822017
1769101073.2983825,-0.37366216549708053,-5.1110155852906,1.5871307834072554,0.7013081597116168,0.7128582363428969
1769101073.4990265,-0.3847928296668897,-5.087777427575794,1.5871198360311636,0.7013120616647174,0.7128543975901275
1769101073.6996877,-0.39457020248667074,-5.0673430042689205,1.5877130635017693,0.7011005884116066,0.7130623850189399
1769101073.9003103,-0.4055515215673412,-5.044398226343194,1.591813790055532,0.6996370787983728,0.7144983960587172
1769101074.1009498,-0.415442667012112,-5.024018570155203,1.5970432571510222,0.697766466352119,0.7163253160642008
1769101074.3017359,-0.29639198263124994,-4.936006056120141,1.6343722297035252,0.6842758640692712,0.7292232455512182
1769101074.5024245,-0.3065958909504287,-4.915413511087544,1.63201864238142,0.6851335353566866,0.7284174893079158
1769101074.705728,-0.31686739641411177,-4.894571940668633,1.6237915033955883,0.6881241261486367,0.7255929899138877
1769101075.1042118,-0.3381904099026726,-4.851044329197449,1.6346830444923772,0.6841625291220514,0.7293295782739914
1769101075.3048348,-0.3493672354014786,-4.828447978463649,1.6265704523203308,0.6871152692838578,0.7265484200774037
1769101075.5054939,-0.3595239956899072,-4.807832085231001,1.6263057064474318,0.6872114386113943,0.7264574582462884
1769101075.7062535,-0.36991794199809025,-4.78679681210125,1.6316651997651255,0.6852622515491004,0.7282964002395299
1769101075.9068327,-0.3810837158544269,-4.764449390928529,1.637630454498931,0.6830869699284023,0.7303370396700649
1769101076.107503,-0.3913484718930895,-4.744255415045928,1.642683881300217,0.6812394389985347,0.7320606714972208
1769101076.3081508,-0.40298009882836816,-4.721405907770337,1.6408514955128013,0.6819098617703095,0.7314362176023261
1769101076.5088825,-0.41316885580108753,-4.7012017351376825,1.6397243698614832,0.682321963721745,0.7310518024209377
1769101076.7094362,-0.42364940072474455,-4.680521215880677,1.6435989730337472,0.6809044163676258,0.7323722931481385
1769101076.9101763,-0.324184134716205,-4.642213298389533,1.651513024931803,0.6780010769499387,0.7350609088060139
1769101077.1109054,-0.3344724259961283,-4.6222589243359655,1.6490710660518344,0.6788980656049124,0.7342325357255071
1769101077.311559,-0.34642779234755067,-4.599091830020156,1.6457307085671378,0.680123417716046,0.7330976310657706
1769101077.5121715,-0.35668022806565125,-4.57928975568717,1.6505092187618193,0.6783699208757288,0.7347205254047674
1769101077.7128162,-0.36748379200425113,-4.558690408196845,1.6584065234134142,0.6754634839874251,0.7373934375891675
1769101077.9136086,-0.37721570385107006,-4.540301447388701,1.6567711520894195,0.6760662141506483,0.7368408743304146
1769101078.1141806,-0.3879823862571936,-4.519797099725463,1.6503427833515525,0.6784310602827778,0.7346640704727474
1769101078.314789,-0.3976131826205458,-4.5013549843530365,1.6518416194027654,0.6778802993244163,0.7351722925871457
1769101078.5155692,-0.40652137423488044,-4.484305852423124,1.657163098414279,0.6759218001328988,0.7369733510142016
1769101078.716117,-0.4162003586656034,-4.465917622321842,1.6605361500934877,0.674677914837119,0.7381122619432882
1769101078.9168627,-0.42512203873343246,-4.44898992306137,1.65712022183967,0.6759375994240054,0.7369588602390996
1769101079.1174715,-0.4342883958985736,-4.43156174935753,1.6555905010837477,0.6765010722858404,0.7364416468370784
1769101079.3180683,-0.4442095479569191,-4.412585979892261,1.6522817275964437,0.6777185052380839,0.7353214451230545
1769101079.5186884,-0.45297665255840136,-4.395862965774277,1.6562202483880073,0.6762691526827621,0.7366546226894521
1769101079.7193139,-0.4619397488469334,-4.378928544291443,1.6611184585490253,0.6744629817380347,0.7383086659826225
1769101079.9200191,-0.33858984104477124,-4.331678509426169,1.6589989753218901,0.6752450192800231,0.7375934950482693
1769101080.1233363,-0.34744171832119636,-4.314971546052076,1.656254237084217,0.6762566336200156,0.736666115336469
1769101080.521933,-0.36652551633250136,-4.278651332481264,1.6535171866497098,0.6772641461935336,0.7357399515322951
1769101080.7226856,-0.3752972651736796,-4.261987956599237,1.6572573607718646,0.6758870649594106,0.7370052071868647
1769101080.9233162,-0.3853436707645677,-4.243106843498039,1.6602729798875664,0.6747750335739205,0.7380234779905815
1769101081.1240528,-0.394461371188591,-4.225939236743674,1.6565675668817272,0.6761412155991279,0.736772051972748
1769101081.324579,-0.40341821020507224,-4.208972866649344,1.6555506420680737,0.6765157490710636,0.7364281643574054
1769101081.5253296,-0.41338757299853074,-4.190079578363115,1.6569771683815568,0.6759903099516097,0.73691051074844
1769101081.7258837,-0.4221522038909244,-4.173555550236266,1.6594518175250705,0.6750779952410461,0.7377463658611476
1769101081.9265501,-0.4318980511420541,-4.155288649453931,1.6604284012426018,0.6747176792320134,0.7380759129871166
1769101082.1272888,-0.44091630532407894,-4.138412191536874,1.6596444412034763,0.6750069384007927,0.7378113804427174
1769101082.327892,-0.4500551228792969,-4.121227158160185,1.6558397192489334,0.6764092997159231,0.7365259392973301
1769101082.5285785,-0.4600491433100982,-4.102232427204331,1.6508284773947006,0.6782526292980338,0.7348288037701735
1769101082.729168,-0.46881521721116465,-4.085623272260362,1.6580980373124403,0.6755772137652486,0.7372892432696843
1769101082.9300745,-0.4788986909832306,-4.066704586048779,1.6608891520465296,0.6745476267937965,0.7382313317564198
1769101083.13061,-0.3722403678260262,-4.026216536651676,1.6747978399632726,0.6693974420997145,0.7429044787254679
1769101083.3312979,-0.3812118005712386,-4.009372448160802,1.6711991776444781,0.6707330889376255,0.7416988090891015
1769101083.5319226,-0.391586079727544,-3.989920390521693,1.674480997596763,0.6695151255057626,0.7427984226686287
1769101083.7325523,-0.40047559584216474,-3.973319524373478,1.67554555575199,0.669119654621311,0.7431546863200539
1769101083.9332623,-0.4102984217855502,-3.9550939046389093,1.682013281810351,0.6667128995649242,0.745314637957508
1769101084.1339858,-0.4191922983343619,-3.938696686706635,1.682496768198048,0.6665327053444026,0.7454757894836503
1769101084.3345306,-0.4285438167003478,-3.921424714649884,1.677199653135475,0.6685048007381957,0.7437078266295072
1769101084.5352056,-0.44069515565792916,-3.8986749648369425,1.6730178924977246,0.6700583423852702,0.7423084384539247
1769101084.735969,-0.4477860472315712,-3.885388940231678,1.6734674008335362,0.6698914885474512,0.7424590181092019
1769101084.9368398,-0.45688928781177574,-3.8684718870683756,1.6795462894760496,0.667631734874995,0.7444916833570434
1769101085.1372318,-0.4669316816466308,-3.8498758325560676,1.6766237956106094,0.6687189078988528,0.7435153140444154
1769101085.3378215,-0.47592063686588537,-3.83318471989001,1.6764370842759924,0.6687883163530123,0.743452882104645
1769101085.538602,-0.48846710715278163,-3.809842670802519,1.6747316966021601,0.6694220108332423,0.742882340220831
1769101085.739243,-0.4974071353741387,-3.7932114606067735,1.676384113930231,0.6688080065965556,0.7434351688697151
1769101085.9399757,-0.5063039585039778,-3.776787040971417,1.683099894439344,0.6663078670350187,0.7456767572663399
1769101086.1406393,-0.3877956993160512,-3.7006494942168335,1.6688888580421546,0.6715894218847969,0.7409235105005403
1769101086.341401,-0.3947553845292442,-3.687867802176973,1.6665981792968392,0.6724375900717476,0.7401538268890463
1769101086.5419989,-0.40593689701068736,-3.6671254072143378,1.6591632007483739,0.6751844512005242,0.7376489387622319
1769101086.7426202,-0.41619775473200704,-3.6480433073468608,1.664565748650215,0.6731893983918202,0.7394701034476371
1769101086.943339,-0.4233048913665042,-3.634909670655848,1.6664571453021055,0.6724897818252689,0.7401064067690553
1769101087.1439984,-0.4351304012088122,-3.6131919896429534,1.670815002179081,0.6708755478050794,0.7415699558081049
1769101087.3446376,-0.4442116934873038,-3.596493290352351,1.666352102793983,0.6725286522143478,0.7400710857416015
1769101087.5452688,-0.4545817547185593,-3.5773550515318715,1.6650853907340821,0.6729972457787362,0.7396449872568835
1769101087.745996,-0.46349537664823814,-3.5608533609800834,1.6653175295067295,0.6729113911058167,0.7397230966517367
1769101087.946704,-0.47255673262201425,-3.544201455163734,1.6721052783737604,0.6703969931976731,0.7420026088306692
1769101088.1473637,-0.4827129918061297,-3.5256962465729953,1.6734120031165292,0.6699120535577563,0.7424404625948331
1769101088.3480132,-0.49178688909401924,-3.509137710197803,1.666955460971409,0.6723053576434972,0.7402739398924221
1769101088.5486407,-0.5019881602700851,-3.4903974588207967,1.6642050737991614,0.6733227415792136,0.7393486901809265
1769101088.7492957,-0.5112827996433169,-3.4732385902452347,1.6655757120435433,0.6728158937063806,0.7398099574729204
1769101088.9499686,-0.5211291347565995,-3.455112042853917,1.6694393464719532,0.6713854615378256,0.7411083335354157
1769101089.150636,-0.5300968066594938,-3.438755086392995,1.6732769516103339,0.6699621858817769,0.7423952245862788
1769101089.3513436,-0.41128466012304393,-3.3363098797988395,1.6540617320690174,0.6770637991821866,0.7359243248031578
1769101089.5519674,-0.42158312582813967,-3.3175073330572595,1.6522534326387186,0.6777289081148624,0.7353118570412396
1769101089.7525487,-0.43089320223589717,-3.3004721397142087,1.6542785856222433,0.6769840013000686,0.7359977323224228
1769101089.953226,-0.44011211583291104,-3.283733356681734,1.6614560177640727,0.6743383606851866,0.7384224910634936
1769101090.1538234,-0.4503685219497316,-3.265283448299235,1.6626012864884103,0.6739154040549337,0.7388085192913488
1769101090.3545208,-0.45935585175622,-3.249168716893672,1.664508962053305,0.6732103941158075,0.7394509890820615
1769101090.555131,-0.46975999601845936,-3.2304823518877046,1.660751736796224,0.6745983473231937,0.7381849834484685
1769101090.755909,-0.479094917056578,-3.213576317221429,1.6550486414434302,0.6767005714577417,0.7362583354969681
1769101090.9592383,-0.48929063021153457,-3.195063862342652,1.6554397228825195,0.6765565900367453,0.7363906439369334
1769101091.3577988,-0.5076599964253634,-3.162127116087683,1.661360684697152,0.6743735579594698,0.7383903468525882
1769101091.5585773,-0.5180204775226454,-3.143532319056693,1.6597667925760147,0.6749618010201904,0.7378526730747683
1769101091.7592285,-0.5274303697352238,-3.126580985387592,1.6594476875234807,0.6750795186864387,0.7377449718229778
1769101091.9598718,-0.5370427420095443,-3.1093367935249367,1.6631777562024062,0.6737024256957547,0.7390027345089165
1769101092.160383,-0.5472656192330057,-3.091100015378006,1.6645490906505902,0.6731955574148228,0.7394644964276148
1769101092.3611155,-0.4207149444003355,-3.1263674488464206,1.682152101173867,0.6666611659071231,0.7453609124923009
1769101092.5618238,-0.43031492039873775,-3.1094066009868904,1.6804603295438354,0.6672914175492572,0.7447967266745356
1769101092.762477,-0.43992331095302806,-3.0922762135746398,1.6738611182160117,0.6697453160575246,0.742590877683672
1769101092.963326,-0.44931073094263696,-3.075428229990224,1.6776877007708106,0.6683232984129773,0.7438709355784768
1769101093.1639452,-0.45966315355285214,-3.0569739412305816,1.680331004820959,0.6673395764693154,0.7447535764786596
1769101093.36452,-0.46910220662081703,-3.0402710302114073,1.6828627748146718,0.6663962696482617,0.7455977546900749
1769101093.5651639,-0.4792909905012128,-3.0221893174670393,1.6782941996593246,0.6680976892390413,0.7440735700409291
1769101093.7657664,-0.488747436345369,-3.0053509300934245,1.678526476247147,0.6680112692985812,0.7441511567484783
1769101093.9664783,-0.4993090215038465,-2.986549616458004,1.6786824964464813,0.6679532159601183,0.7442032661098281
1769101094.1670988,-0.5085014287441694,-2.9702306398239644,1.6816348077596792,0.6668539287513973,0.7451884578472928
1769101094.3678093,-0.5176179937257774,-2.954188678642132,1.684555244790485,0.665765080208924,0.7461614154956051
1769101094.5684288,-0.5282122919297978,-2.9356386025613608,1.683708560439184,0.6660809021377699,0.7458795022034957
1769101094.7694473,-0.5375874203957651,-2.91913221340538,1.677165492005247,0.668517503590637,0.7436964080812429
1769101094.9697425,-0.5481658523473838,-2.900369463549781,1.6798982741592272,0.6675006997016437,0.7446091698990928
1769101095.1705158,-0.5577892676651779,-2.8833927962001935,1.6855540054366067,0.6653923788812041,0.7464937924234951
1769101095.3711028,-0.5671963176880743,-2.8670212033048825,1.6906639084470225,0.6634829537522292,0.7481913993626346
1769101095.571814,-0.4646601149837127,-2.803972737157391,1.6956642728643534,0.6616102671903146,0.7498478874734266
1769101095.77242,-0.47432263583501305,-2.78713494211972,1.6931906047283014,0.6625371983150156,0.7490290120208227
1769101095.9730668,-0.484149640815067,-2.770041347626478,1.6925290448169947,0.6627849258479976,0.7488098170220956
1769101096.1736774,-0.49461446046049146,-2.7518254560415114,1.6941882588307973,0.6621634799681024,0.7493594102942408
1769101096.3743713,-0.5039573186007056,-2.7357382640445396,1.7007627858609313,0.6596965648558499,0.751532063399421
1769101096.5751526,-0.5146707634122398,-2.7174031710629,1.701205324284149,0.6595302578006469,0.7516780155395076
1769101096.7756772,-0.5241956221354662,-2.701041260109996,1.6974027547517838,0.6609582188373784,0.7504227028490811
1769101096.9763055,-0.5338039659438698,-2.6844351447920927,1.6939148034253584,0.662265931969068,0.7492688671986457
1769101097.1769454,-0.5446134606330562,-2.665687590074284,1.6965534183686175,0.6612768398803244,0.750141947259245
1769101097.3776834,-0.5539295659765038,-2.6496141912810653,1.6997636302780519,0.660071931245799,0.7512023998773175
1769101097.578195,-0.5644313018225247,-2.6315951463259024,1.7042172289448807,0.6583975190976373,0.7526703839304933
1769101097.7789223,-0.5741680009480485,-2.6148586533510656,1.7004682078089965,0.6598072501253036,0.751434889183411
1769101097.979447,-0.5839168851112801,-2.598041415827054,1.69914170575258,0.6603054949264108,0.7509971060996092
1769101098.180121,-0.5945753789118033,-2.5796157882602344,1.7001142577740151,0.6599402249946326,0.7513181080168597
1769101098.3807042,-0.604327038430398,-2.562888049959728,1.706219306907786,0.6576437369458243,0.7533290882847492
1769101098.5813913,-0.6138771160178302,-2.546628862776834,1.7041461290424413,0.6584242760770238,0.7526469774551992
1769101098.781994,-0.4571101159523812,-2.5257325649737323,1.7000093045394917,0.6599796507187404,0.7512834755517849
1769101098.9825995,-0.4669577760578761,-2.5088850004215715,1.6996791819433341,0.6601036495532278,0.75117452821998
1769101099.1834347,-0.4799149877052276,-2.4865551198045326,1.6980134918547192,0.6607290325300215,0.7506245037113709
1769101099.386574,-0.48723534955737674,-2.473947251374687,1.698557848082139,0.6605247044973103,0.7508043118874191
1769101099.7851665,-0.5098189958115114,-2.435461322408175,1.701295798772495,0.6594962532838958,0.7517078501016891
1769101099.9858546,-0.5172907978356904,-2.422707364651651,1.6995624372995437,0.6601474962299687,0.7511359951575369
1769101100.186508,-0.5303366908846123,-2.400458545107319,1.703111155131989,0.6588136728917423,0.7523061507198332
1769101100.3871348,-0.5377637708362655,-2.3878544473890866,1.7046073329584772,0.6582506967052643,0.7527987913692703
1769101100.587765,-0.5474944122079266,-2.3714372545771116,1.7079331037731118,0.656997969064155,0.7538923455279113
1769101100.7885091,-0.5603720278554227,-2.3497945501660418,1.7091741177258777,0.6565300471527312,0.7542998721898556
1769101100.9890926,-0.5704456349419962,-2.332815652452725,1.706115900641322,0.6576826855410147,0.753295085036109
1769101101.1897004,-0.5780499142014499,-2.3198753029322328,1.7007441452662326,0.659703569329495,0.7515259147986343
1769101101.3903975,-0.5909414562478397,-2.297888072380988,1.7047184146607073,0.6582088846044135,0.7528353500120819
1769101101.591061,-0.5984767352722329,-2.285142125634371,1.7073275533546528,0.6572261988588908,0.7536933882776827
1769101101.791774,-0.4866912740994568,-2.3578712835094815,1.7043328085662,0.6583540213192725,0.7527084313416071
1769101101.992255,-0.4963649953072139,-2.3414792815425867,1.7020375468645077,0.6592174190024559,0.7519523884420745
1769101102.193114,-0.5063816139932483,-2.3244667199472135,1.702779563535474,0.6589383930351471,0.7521969118417451
1769101102.3935907,-0.5171506030901994,-2.3062523413706706,1.7049826180325993,0.6581094280425723,0.7529222939463796
1769101102.5945487,-0.5265735135672517,-2.2904177916678337,1.7094952902221465,0.6564089085015289,0.7544052921605412
1769101102.7949796,-0.5373518650924561,-2.272415172901122,1.7097050671196707,0.6563297764900715,0.7544741377227537
1769101102.995645,-0.547403479496324,-2.2556294370465797,1.7080145700755431,0.6569672601082106,0.7539191065001011
1769101103.196259,-0.5572778584797816,-2.2389443508272913,1.701964966863848,0.6592447069207918,0.7519284649465794
1769101103.3969083,-0.5682174697991814,-2.220389849464017,1.7041738585968653,0.6584138407310773,0.7526561062887562
1769101103.5976856,-0.5779510931293469,-2.204003874867983,1.7107931331221273,0.6559192205532393,0.7548310911116679
1769101103.79834,-0.588465917098841,-2.1864039900370327,1.7083278660862165,0.6568491521239477,0.7540220098604888
1769101103.9990652,-0.5981201432260975,-2.1701769429635784,1.7067177799947981,0.6574559593836438,0.7534929737369371
1769101104.1996193,-0.6080837437530663,-2.153397671518199,1.7052269146438883,0.6580174549507486,0.7530026752808648
1769101104.4002964,-0.6190067766773245,-2.1350098070405994,1.7074649276957974,0.6571744282422389,0.7537385295077375
1769101104.6009178,-0.6286762348682112,-2.118821335141116,1.7140874597745583,0.6546750012222565,0.7559104727245406
1769101104.8016982,-0.6395821293728873,-2.1007773613030687,1.7169449658880074,0.6535943239857044,0.756845069782231
1769101105.002283,-0.5127155690424959,-2.088383672393491,1.698830342282815,0.6604224034564607,0.7508942994941377
1769101105.2029245,-0.5224875613444538,-2.0720795364190256,1.695982325728438,0.6614910131908325,0.7499530915115731
1769101105.4035609,-0.5336524676611273,-2.053364374192389,1.6942192824842854,0.6621518559550976,0.7493696815692638
1769101105.604178,-0.5433832850276773,-2.037094601574229,1.6995337477491395,0.660158271039045,0.751126525412822
1769101105.8048851,-0.5529992680876773,-2.021110122062774,1.6982301593944444,0.6606477106707163,0.7506960785734408
1769101106.0055652,-0.5637717421002081,-2.0032220336117263,1.699015828391256,0.6603527603855918,0.7509555458554982
1769101106.206228,-0.5736731191535297,-1.9867003820787414,1.6957743069567153,0.6615690117731757,0.7498842861811839
1769101106.4068651,-0.5845923915721626,-1.9683986755725402,1.6935956375023609,0.6623854940804758,0.7491631712996601
1769101106.6075323,-0.5941475667053325,-1.9524367032937513,1.7010802165424217,0.6595772768797646,0.7516367578983044
1769101106.8082035,-0.605019544293003,-1.9344904377327903,1.704195436497325,0.6584057203234864,0.7526632098391093
1769101107.009095,-0.6147784748767949,-1.918444512993839,1.7047114679044642,0.658211499482277,0.7528330637992015
1769101107.2096775,-0.6258250690866153,-1.9001897417407618,1.7007764473518503,0.6596914313162299,0.7515365696012031
1769101107.4103198,-0.6357795315062637,-1.883670447724398,1.698932310735607,0.6603841188331645,0.7509279696435237
1769101107.6109233,-0.6465204825929484,-1.8658224849782221,1.6953891964329786,0.661713393672708,0.749756883685737
1769101107.8115938,-0.656015575064678,-1.8500016160073698,1.7009261996680771,0.659635157296009,0.7515859626543523
1769101108.0123053,-0.6668704967942493,-1.832045036582072,1.6984684434067743,0.6605582665452195,0.7507747841388752
1769101108.2128975,-0.5555595931426116,-1.784360755192438,1.720385576783009,0.6522913527915524,0.7579683311810372
1769101108.4136317,-0.5665461038388879,-1.7660697401129373,1.7199367230132931,0.6524614448343939,0.7578219203774823
1769101108.614299,-0.5764323390101902,-1.749657089301013,1.7245796666950446,0.6507004260339188,0.7593345478504693
1769101108.8150485,-0.5864658953041733,-1.7331264995824835,1.7259978606166384,0.6501618206668338,0.7597957666025705
1769101109.015676,-0.5971947843467287,-1.7155672355234641,1.7272072144163768,0.6497022708854685,0.7601887655091105
1769101109.216388,-0.6069046287066393,-1.6996395939640723,1.724189820438553,0.6508484255367438,0.7592076968632112
1769101109.4171262,-0.6181059473538686,-1.6811826657631121,1.7217901978935704,0.6517588628076317,0.7584262553153752
1769101109.617917,-0.6279243950721258,-1.664876908720075,1.7198324626706043,0.652500949334384,0.7577879064208717
1769101109.8183358,-0.6377195319691915,-1.6486457808859776,1.7234972997702076,0.6511112700251808,0.7589822883613268
1769101110.0190809,-0.648718069219369,-1.630569135760328,1.7252034163882017,0.6504635770466577,0.759537448014031
1769101110.219712,-0.6586441743578482,-1.614210154056048,1.721150039960149,0.6520015857090893,0.758217602164994
1769101110.4203856,-0.6694065100577691,-1.5963455332472798,1.7171156709788884,0.653529722951837,0.7569008529645711
1769101110.6210585,-0.6794395962581337,-1.5796667798444475,1.717595040595988,0.6533482865452883,0.7570574723680731
1769101110.8216758,-0.6903590288705013,-1.561601281336012,1.7218308100175221,0.6517434620227164,0.7584394898148725
1769101111.0224102,-0.7001484332550774,-1.5455146365331027,1.7259455264974897,0.6501817020653328,0.7597787535193563
1769101111.2257288,-0.7093805220528517,-1.5304222161133734,1.7282989952968153,0.6492871943217676,0.7605433184834163
1769101111.6242888,-0.5625829295767807,-1.5015956925456642,1.7548095537241644,0.6391492356614463,0.7690827358310606
1769101111.824854,-0.5723560630024437,-1.4853808606098615,1.757123500649777,0.6382589997653307,0.7698216996282707
1769101112.0255523,-0.5812269463572711,-1.470779633800184,1.7606066184357798,0.6369173426877769,0.7709320972585985
1769101112.2262387,-0.5911021696477675,-1.4545970384767875,1.7588831693347426,0.6375814372429623,0.7703829637804814
1769101112.4268177,-0.599807748061813,-1.440221220202688,1.7569750386902578,0.6383161426258024,0.7697743189164707
1769101112.6274526,-0.6086788273415967,-1.425531371731459,1.757992800027927,0.6379243367234231,0.7700990459778408
1769101112.830773,-0.6187422028210493,-1.4088412908998869,1.7580569336989975,0.6378996417559911,0.7701195017966875
1769101113.2294288,-0.6370813396044678,-1.3786395789687933,1.763599296205194,0.6357630544052574,0.7718842780192493
1769101113.4301016,-0.6457792119287132,-1.3644665302117776,1.7646829252546903,0.6353447429942183,0.7722286303612491
1769101113.6306899,-0.655048097196035,-1.3493372807334294,1.761488770027164,0.6365772412551284,0.7712129510816128
1769101113.8313224,-0.6629356399443863,-1.3363598709456308,1.7577500229011762,0.6380178132400756,0.7700216035854787
1769101114.0319629,-0.6717760637207814,-1.3217106426167493,1.7568903602452994,0.638348733699814,0.7697472924173517
1769101114.2325466,-0.6798802823144777,-1.3082726286283337,1.7580521125999957,0.6379014981653184,0.770117964105787
1769101114.4331918,-0.6904470093746421,-1.2908220915705113,1.760093369011302,0.6371151619407285,0.7707686231452596
1769101114.633851,-0.6983256785218778,-1.277839267863161,1.7603222395983236,0.637026954635652,0.7708415265588816
1769101114.834597,-0.7044805355984608,-1.2676888239022996,1.7598792950471924,0.6371976590381677,0.7707004238459189
1769101115.035381,-0.7125418333769215,-1.254372742071174,1.7580922998469732,0.6378860235761292,0.7701307817028442
1769101115.2359488,-0.5976775813345103,-1.216772779426406,1.776863973076195,0.6306297112785012,0.7760838661206624
1769101115.4365616,-0.6052254861495001,-1.2039168145291932,1.7595250850013024,0.6373341439604719,0.7705875608535168
1769101115.6372569,-0.6150618348223649,-1.1864502495186662,1.740942082990934,0.6444664450707049,0.7646325922807162
1769101115.8378286,-0.6206771393880928,-1.1760778835968246,1.7278208212738952,0.6494690117916657,0.7603880606127092
1769101116.0385027,-0.6299037466357582,-1.1581963189060087,1.698651392060906,0.6604895871635301,0.7508352051206373
1769101116.2392876,-0.6349765717346996,-1.1478012640373827,1.6811206867145996,0.6670454652507612,0.7450170114087298
1769101116.4398499,-0.6435389143432477,-1.1290351364454516,1.648332106776262,0.6791693032301378,0.7339816466028897
1769101116.640499,-0.6495571438554157,-1.1149275820579494,1.6295016810159264,0.6860496919058405,0.7275546853920338
1769101116.8415892,-0.6559134173834771,-1.0992606662320175,1.6148867405504108,0.6913479116515375,0.7225220170036744
1769101117.0419097,-0.6203318503944664,-1.0605434297134237,1.6051558622932198,0.6948551017248349,0.7191497671604777
1769101117.2424536,-0.6255242444602869,-1.0462726638843944,1.5791064611167571,0.7041626095317565,0.7100387449551095
1769101117.4431357,-0.6310477418767177,-1.0298388994435974,1.5553904205052902,0.7125325595667664,0.7016390464884579
1769101117.6437492,-0.6357262045735232,-1.0147807821759292,1.5357910921918991,0.7193740633359627,0.6946228883354668
1769101117.8444393,-0.6390950546917693,-1.003319075189191,1.5239201620321199,0.7234842773797737,0.6903408581159503
1769101118.0451035,-0.6444121997118135,-0.9840176407391421,1.5022295274341664,0.7309285482392172,0.6824539965220443
1769101118.245747,-0.6481259156682146,-0.9693969690576265,1.4829221322711421,0.7374825916372573,0.6753661429417338
1769101118.4464276,-0.6516098717585501,-0.9545119124699484,1.4626830835359246,0.7442790985862069,0.6678687171950064
1769101118.6470501,-0.6552264017281295,-0.9375560042959517,1.4439024780515073,0.750517681665187,0.6608503684707402
1769101118.847724,-0.638850363795759,-0.9277529402030158,1.4202051146565933,0.7582950216723487,0.6519115431612883
1769101119.0484276,-0.64149970777106,-0.9117468051341566,1.4012824759851583,0.7644289332099933,0.6447080006261995
1769101119.2490375,-0.6436452920505551,-0.8972756280264154,1.3866316079295318,0.7691311466023094,0.6390909789116231
1769101119.4497275,-0.6456680694502452,-0.8819438397869597,1.3672699435845443,0.7752819418425598,0.6316153185704332
1769101119.6504457,-0.6475435128081268,-0.8650644480171579,1.3453290243176879,0.7821642607074686,0.6230722825418726
1769101119.8511653,-0.6488903978548701,-0.8496077410910923,1.3202316691796718,0.7899212060585336,0.6132083562860439
1769101120.0517979,-0.6499776722840638,-0.8328626358028233,1.2983270761971069,0.7965897353643295,0.6045203003309214
1769101120.2524815,-0.6506626626073313,-0.8175653940991081,1.2803083718658705,0.8020036692141541,0.597319106145981
1769101120.4531662,-0.6510840188395828,-0.8024104400198722,1.2656535296817144,0.8063589085321752,0.5914265048429933
1769101120.6538956,-0.6512626334397007,-0.7859849587982728,1.2478288333277539,0.811597813373581,0.5842165602986807
1769101120.8545537,-0.607554180431539,-0.7557927627995616,1.2165084218480433,0.8206468740383946,0.5714356552850122
1769101121.055198,-0.6070340501826652,-0.7404888953177958,1.191388229564221,0.8277592419597991,0.561083449542168
1769101121.2558146,-0.6061582608057137,-0.7248210803141751,1.17148253227657,0.8333025301686531,0.552817233101973
1769101121.4574766,-0.6049228334591223,-0.7080858909812883,1.1554303946468356,0.8377125920816143,0.5461113559228583
1769101121.6573377,-0.6035737258286278,-0.6931122054563924,1.1395243986490096,0.8420292762223701,0.5394318288573927
1769101121.857981,-0.6017330843288486,-0.6764581164922311,1.1175307001998416,0.847910294072005,0.5301397298889473
1769101122.0585916,-0.5997252303904848,-0.6613540795846048,1.0965121636968826,0.853434748973603,0.5211997018843767
1769101122.2592514,-0.5973402111534871,-0.6458182593140601,1.0749141621353193,0.859013312943802,0.5119532480464536
1769101122.459903,-0.5943076119381012,-0.628644997060542,1.0534483773736034,0.8644584700300749,0.5027042406756304
1769101122.660498,-0.5377324260039429,-0.6198899178714852,1.031281153905608,0.869977037289454,0.49309223740499514
1769101122.8611639,-0.5345393818337127,-0.6050430065164534,1.016868514161257,0.8735077976125767,0.48681015551241913
1769101123.061845,-0.5302922784297777,-0.58669730504766,0.9991188008677978,0.8777937113861625,0.47903882958577215
1769101123.2625062,-0.5260581866837843,-0.5699629654732359,0.9758753682084423,0.8833015608273135,0.4688052395611975
1769101123.463166,-0.5209261632132476,-0.5515296483797112,0.9523974996069657,0.8887438484235602,0.4584041578010389
1769101123.6637864,-0.5159562735642118,-0.5350253973694867,0.9329182261060147,0.8931663147982738,0.44972651034786776
1769101123.8645792,-0.5095285728188976,-0.5149190914934998,0.9180913190825849,0.8964757670543432,0.4430927657774691
1769101124.0652049,-0.5035207235254395,-0.4969390132247735,0.9028359672865938,0.8998294232923348,0.4362419156584842
1769101124.2658799,-0.4972430656599829,-0.47926595688087126,0.8807197189361914,0.9045983262917887,0.4262650209319252
1769101124.4665,-0.4182038120530044,-0.47243959843762395,0.8534781915374723,0.9103202902915317,0.41390454102792995
1769101124.6672246,-0.4109522877143855,-0.45465045090319256,0.8400479163307064,0.9130791708578967,0.4077823288783563
1769101124.867887,-0.4027720945286636,-0.4353833996577223,0.8258258258132419,0.9159558192918524,0.4012791261770182
1769101125.0685894,-0.3952310873965107,-0.4184327231775584,0.806958171525127,0.9197006026527129,0.3926204292700987
1769101125.2692194,-0.38618122082830186,-0.39927796766141865,0.7824861733004511,0.9244357382211813,0.3813378631862559
1769101125.4698257,-0.3775991268216935,-0.38203459547891816,0.7616784331940635,0.9283530259769052,0.3716996894799937
1769101125.6704767,-0.36785178589592593,-0.36351096407734707,0.7420234677466726,0.9319610099191838,0.3625585138848829
1769101125.8711739,-0.3586593046308656,-0.34675768151312836,0.7258345813462105,0.9348651562886775,0.35500301344826146
1769101126.0718262,-0.3491736387265999,-0.33005217169636625,0.7090882207782021,0.9378048542121844,0.3471628658368629
1769101126.2725718,-0.33820132812905557,-0.3116648798832844,0.6830070065523828,0.9422522012229707,0.3349041494076571
1769101126.4731765,-0.29001664873378946,-0.3379962378463363,0.6599389075818087,0.9460522413731245,0.32401413023645653
1769101126.6738253,-0.27859511210196214,-0.32054609294015396,0.6482000727539831,0.9479377089003093,0.3184558054814398
1769101126.8744836,-0.2682181042127279,-0.3052279724060551,0.6311925520126862,0.9506114737713571,0.3103833531848132
1769101127.075135,-0.25737645997157094,-0.2898311341885988,0.6074701381643136,0.9542260394867553,0.29908638478777544
1769101127.2758296,-0.24471060717807452,-0.27266045089618046,0.5854451256960255,0.9574618021535359,0.2885600412685431
1769101127.4764776,-0.23261552402104485,-0.256993172054742,0.5664380809716604,0.9601608604954917,0.2794478877582669
1769101127.6771994,-0.21939577928457826,-0.24053611275677195,0.5483760798383565,0.9626453656234621,0.27076539668811234
1769101127.8778732,-0.20733000768276405,-0.22597993507307151,0.5312068639751047,0.9649342807510441,0.26249158811562934
1769101128.0785618,-0.1947796126674311,-0.21136921481294596,0.5130512787962821,0.9672773341499451,0.2537214197496448
1769101128.279245,-0.1802847789031095,-0.1951646722351587,0.4915170294636043,0.9699530633630122,0.24329211839414014
1769101128.4798894,-0.13249110088808508,-0.2266172945165792,0.4616889172053942,0.9734735302815227,0.22879966311432648
1769101128.680512,-0.11927377831708091,-0.21288665451837296,0.4459039685348436,0.9752489877671036,0.22110950196506662
1769101128.8812408,-0.10430023672599081,-0.1977932599623351,0.4321556746018708,0.9767458729421807,0.21440032577031512
1769101129.0819218,-0.09056117917760192,-0.18443849234340703,0.4096887837920765,0.9790926493657254,0.2034148076173532
1769101129.2825322,-0.07615490979932432,-0.1712000066641295,0.37884204130372695,0.9821134159187702,0.18829030318198697
1769101129.4831765,-0.059949127080968834,-0.15693577298304184,0.361597417169214,0.9837003865317863,0.17981532064096825
1769101129.6838303,-0.04547709713250642,-0.14453483313097149,0.34992966074876586,0.9847326616139429,0.17407350502221722
1769101129.88454,-0.030773485854135252,-0.13236943117147604,0.3294670779447416,0.986462087172155,0.16398948311387423
1769101130.0852406,-0.015569428680283381,-0.12033986303759381,0.3060780441390385,0.9883123668816531,0.15244233489678877
1769101130.2858217,0.0019116569407680584,-0.10711722436209747,0.2887207121998355,0.9895981271420117,0.14385946877777248
1769101130.486527,0.06332426620730969,-0.1321212259385301,0.2527378898906039,0.992026064742401,0.12603288012144154
1769101130.6871095,0.07842150255987357,-0.12160187629041924,0.24365414863824403,0.9925882557792186,0.12152594163045388
1769101130.8877587,0.08847106062880483,-0.1146853074588477,0.2399217427929668,0.9928133192653416,0.11967335998180655
1769101131.0883818,0.09069906021755636,-0.11314570556528586,0.24058917416900966,0.9927733271055155,0.12000467069179119
1769101131.2890544,0.09078221806094833,-0.11308795785120057,0.24088657799355612,0.9927554712053374,0.1201522966566544
1769101131.490083,0.0908239752217237,-0.11305934229515763,0.2409371599547637,0.9927524321184334,0.12017740437759156
1769101131.6908424,0.0908239696532982,-0.11305933421795117,0.240973089793132,0.9927502729808766,0.12019523907541055
1769101131.8910234,0.0908239700343918,-0.11305933477074187,0.24096354294212258,0.9927508467125861,0.12019050025456836
1769101132.0916202,0.09082397015847188,-0.11305933495072412,0.2409501864300076,0.9927516493533846,0.12018387040753258
1769101132.2922251,0.09082397004947196,-0.11305933479261504,0.24098126743480958,0.9927497815157796,0.12019929825240969
1769101132.492914,0.09082397005878784,-0.11305933480612868,0.24096893082625034,0.9927505229227395,0.12019317466739712
1769101132.6934676,0.09082397006285992,-0.11305933481203595,0.24095979714297283,0.9927510718155818,0.1201886409317188
1769101132.8941088,0.09082397006207166,-0.11305933481089286,0.24096386660481278,0.9927508272619827,0.12019066091277165
1769101133.0947452,0.0908239700621265,-0.11305933481097191,0.24096138381360171,0.9927509764653761,0.1201894285161647
1769101133.2953749,0.09082397006218867,-0.11305933481106162,0.24094818126397716,0.9927517698471928,0.1201828750915302
1769101133.4960582,0.0908239700622111,-0.11305933481109359,0.24094178666288524,0.9927521541028906,0.12017970096514016
1769101133.696829,0.090823970062202,-0.11305933481108116,0.24097401939180235,0.992750217114102,0.12019570050506445
1769101133.8972871,0.09157609788005838,-0.11254497959008197,0.2404407151130113,0.9927822322604686,0.1199309772657634
1769101134.0980325,0.0933308830430335,-0.11134455460656972,0.24105176148747912,0.9927455442312768,0.1202342896554304
1769101134.2986495,0.09483515733526482,-0.1103158714700519,0.2414952541130967,0.9927188583137335,0.12045442436157114
1769101134.4992824,0.09631782831034585,-0.10930043718296228,0.24178996989025056,0.9927010976260331,0.12060070800815874
1769101134.6999683,0.09800929189207808,-0.10814193386716325,0.2407541703608937,0.9927634235703147,0.12008657219251447
1769101134.90058,0.09951413010188181,-0.10711407568965231,0.2403867373795902,0.9927854687000573,0.11990418315474878
1769101135.1012497,0.10118675183939674,-0.10597286045748994,0.23866616643075622,0.9928882531386026,0.11905005997215672
1769101135.3019416,0.102817991106265,-0.10486081001934383,0.23882689387809683,0.9928786826262914,0.11912985178484936
1769101135.5025394,0.10432439470534849,-0.10383524758704016,0.23842249998760243,0.9929027500220162,0.11892909231436033
1769101135.7032545,0.10597774571556218,-0.1027107002620718,0.23801303377093525,0.992927077935507,0.11872580975700063
1769101135.903882,0.10744212296510858,-0.10171335817993682,0.2384967649121474,0.9928983332074668,0.11896596115626641
1769101136.1045122,0.1089070886138479,-0.10071688096537051,0.23773236343520648,0.9929437295645617,0.1185864660002082
1769101136.305227,0.11052035501191693,-0.09962341413317716,0.23558700565147925,0.9930703634787721,0.11752128819979621
1769101136.5058827,0.11219704126060548,-0.09848817831872064,0.23535666067769573,0.9930838921113757,0.1174069130371863
1769101136.7066715,0.1154468863138014,-0.0962905288262193,0.2355381076868978,0.9930732364578605,0.11749700860494416
1769101136.9072556,0.11854914115580928,-0.09419091173586153,0.2372304122998828,0.9929734605977358,0.11833725765183488
1769101137.1078734,0.1219430548962337,-0.09189002887280068,0.23676879185067057,0.9930007475969951,0.11810806607428972
1769101137.3085103,0.1251905588173905,-0.08968892127379685,0.23748436715395693,0.9929584264322888,0.11846334191264728
1769101137.5092006,0.12851925387464025,-0.08742715746280655,0.2388066011310221,0.9928798913111592,0.11911977766072618
1769101137.7098322,0.13161421033486653,-0.08531679615016624,0.23967001462468002,0.9928283739791932,0.119548399495063
1769101137.9104998,0.13474967159923845,-0.08317598397894904,0.24066552831471544,0.9927687449549828,0.12004257178396457
1769101138.1111405,0.13800801472325674,-0.08094583085111956,0.2428676657990792,0.9926359680654554,0.12113560542943674
1769101138.3118148,0.14142840613035057,-0.07859395480851311,0.24408407962372008,0.9925621089616643,0.12173931104443333
1769101138.5124996,0.14457729159470412,-0.0764279580694896,0.24443969156198891,0.9925404472956894,0.12191579258682156
1769101138.713116,0.14899853075411618,-0.07338737335650186,0.24300645180820782,0.9926275597118774,0.1212044871299866
1769101138.913805,0.15345879146961128,-0.07031419812771428,0.2444362290365453,0.9925406583624689,0.12191407423836256
1769101139.1145394,0.15821143010191263,-0.06704082408456397,0.24447781221329412,0.9925381233606876,0.1219347107088235
1769101139.3152287,0.16275467963943258,-0.0639096544951337,0.24354048925509972,0.9925951604581574,0.12146953294980922
1769101139.5159597,0.16784420601066463,-0.0604114691462761,0.24150499999754277,0.9927182713344967,0.12045926182178128
1769101139.7165961,0.17245733251249917,-0.05724791072661112,0.24128749103181893,0.99273136594849,0.12035129854739933
1769101139.9171994,0.177615142233704,-0.05371503058413146,0.2411034327167581,0.9927424375731848,0.12025993780661644
1769101140.117969,0.18354158134804677,-0.04964709869476219,0.24322934173791086,0.99261404591789,0.12131510972058168
1769101140.3186207,0.1905141280134155,-0.04486695716836603,0.24089226082288812,0.9927551297988318,0.12015511748612501
1769101140.5192888,0.1969299958221149,-0.04048341584741372,0.23915699220119688,0.9928590068206119,0.11929372395557211
1769101140.7200093,0.20341674834452128,-0.036069049703366496,0.23752316488920627,0.9929561281907677,0.1184826041594274
1769101140.920663,0.210789215730238,-0.03106671063222627,0.2367832381115737,0.9929998944611222,0.11811523864514699
1769101141.1213124,0.21830705560866037,-0.025963064000310176,0.2378832582352451,0.9929347796979612,0.11866138068538276
1769101141.3221402,0.2263200759099009,-0.020507334991845483,0.24046472966004123,0.9927807921448546,0.11994289786492117
1769101141.522691,0.23613192800684546,-0.013781059129024442,0.24432570549168428,0.9925473940347502,0.12185922449624555
1769101141.7233467,0.24599353378276434,-0.006948536428335317,0.24947744949325415,0.9922302077854462,0.12441549243583055
1769101141.9240432,0.2582091388035881,0.0015528090257752036,0.24927156357193453,0.9922430102271096,0.12431334866153419
1769101142.1246812,0.2695313693275503,0.009388172925588634,0.24651464357542913,0.9924134284451153,0.12294546368944291
1769101142.3252883,0.2821344601222613,0.0180411762302925,0.23791379754375822,0.992932967663947,0.1186765424423338
1769101142.5259526,0.2962281836839904,0.027653091236536198,0.2386403192032438,0.9928897916126793,0.11903722825792858
1769101142.7266026,0.3089120562549872,0.036456419807635754,0.2565730773026275,0.9917825611113342,0.12793495017172832
1769101142.927216,0.34219890774977385,-0.07854422358905366,0.2647983208344024,0.9912480272102221,0.1320126832991544
1769101143.127846,0.35435053147721823,-0.0693519442710524,0.2877004603548152,0.9896713848222569,0.1433546304239812
1769101143.3284445,0.3663522266156756,-0.05988279379955119,0.3079609047394359,0.9881684151035968,0.15337269441346352
1769101143.529119,0.37929838033464686,-0.0492461906644992,0.3251660394109097,0.986812468382272,0.16186769982083332
1769101143.7298214,0.39113369814663185,-0.03921376697220924,0.3371867233480479,0.9858217701530454,0.167795820842821
1769101143.9303527,0.4027551503053622,-0.02904870916883584,0.3558688891732069,0.9842113892364731,0.1769970092888904
1769101144.131065,0.41522362779456184,-0.01770479221318655,0.37856968366682575,0.9821390479632192,0.1881565583919452
1769101144.3317719,0.4263133037208043,-0.007255591671715633,0.38698070358151804,0.9813390708188762,0.1922852778668841
1769101144.5331895,0.4383052839905415,0.004118147903551028,0.38726426374793604,0.9813117987330329,0.1924244102689148
1769101144.733042,0.4495657996590197,0.014755107681993396,0.3840760296508864,0.9816172987770728,0.19085984056789676
1769101144.9337442,0.4609075971601491,0.02541652465654498,0.3800276414581303,0.9820016248558638,0.1888724669729373
1769101145.1344233,0.4734676861861072,0.0371839138774972,0.37813158105410977,0.9821802403395831,0.18794141503798145
1769101145.335028,0.4848933364826034,0.04779267839425949,0.37421045684507886,0.9825468232662722,0.18601542970774482
1769101145.535744,0.49628059302181643,0.058331191030183804,0.3769123558483012,0.982294629285101,0.18734263070013174
1769101145.7364054,0.5087435955766462,0.0699429768415325,0.3780285765969798,0.9821899184386864,0.18789083031751846
1769101145.9370835,0.5198722297054621,0.0803877464958076,0.37979023531332196,0.9820240376795261,0.18875589903258866
1769101146.137783,0.5311236916561288,0.09088645111651439,0.37607892254780745,0.9823726127872666,0.18693327591822487
1769101146.3383696,0.5464767963664214,0.10507686055149645,0.36808914554366284,0.9831115494978397,0.18300732565653394
1769101146.5389771,0.5580953475591459,0.1157752243114063,0.3710400635970116,0.9828404596786519,0.1844576667386215
1769101146.7396326,0.6112934176267902,0.007096100935957472,0.3842284983658374,0.9816027458473519,0.19093467297727548
1769101146.940352,0.625953378582997,0.020731213723744424,0.38451779033487254,0.9815751176449243,0.19107665587494702
1769101147.1409419,0.6345229479509614,0.028612852622904028,0.373839363166914,0.982581320927698,0.18583311804944824
1769101147.3415992,0.6497127654434839,0.04211649381712357,0.3498665242995864,0.9847381563147746,0.17404241867366302
1769101147.5422907,0.6615060811116654,0.05212043021957091,0.3234606532721669,0.9869501330828563,0.16102619292441914
1769101147.7429318,0.6709210892968324,0.05975863487282884,0.30422953638480366,0.9884528401501262,0.1515288183783832
1769101147.9435358,0.6871747385836632,0.07229459457202514,0.2785763271339577,0.990315077200518,0.13883820752707815
1769101148.1442544,0.6993767109732622,0.08133530253399746,0.26679408489749845,0.9911158006207201,0.13300176600312083
1769101148.344978,0.7117963935687682,0.09029250605128014,0.24763682158346936,0.9923442888847389,0.12350227656946987
1769101148.545621,0.7259131276971623,0.1000046176403856,0.2234953176352726,0.993762725113612,0.11151522844332822
1769101148.7462971,0.7523210091302688,0.06478662281402997,0.2049491686309125,0.9947540728371201,0.1022953301669309
1769101148.9469554,0.765434207205657,0.07293629150563558,0.18435196702312953,0.9957548010557534,0.09204551143003638
1769101149.1475167,0.7785857826130804,0.0807796772637937,0.16666363672056536,0.9965299128011007,0.08323540648444372
1769101149.3481972,0.7826511722595832,0.08315352456836106,0.16490371194167436,0.9966027709954491,0.08235846552839886
1769101149.5489545,0.7828035749612696,0.0832438684039088,0.1653772663631737,0.9965832424513884,0.08259443604188589
1769101149.749568,0.7828035199915149,0.08324396134281337,0.16548484408129077,0.9965787983492334,0.08264804099794554
1769101149.9501722,0.7828691651491377,0.08328212376774552,0.165768830075491,0.9965670528597106,0.08278954737471872
1769101150.1507983,0.7828472821925814,0.08326940502037378,0.16574756892959655,0.9965679329037227,0.08277895329128869
1769101150.3514488,0.7828691661082887,0.08328212213785641,0.1657456228217931,0.9965680134516344,0.08277798357693406
1769101150.552135,0.782869166074706,0.08328212219570791,0.16575018334196998,0.9965678246937113,0.08278025601098535
1769101150.7527487,0.7828691660563771,0.08328212222707837,0.16574830297247103,0.9965679025220051,0.08277931905307816
1769101150.9534075,0.7828691660458338,0.08328212224512349,0.16576592246425406,0.9965671732185666,0.08278809855985059
1769101151.1540976,0.7828691660446045,0.08328212224722759,0.1657815530829105,0.9965665261735329,0.08279588703804724
1769101151.3547664,0.7828691660450451,0.08328212224647263,0.16577366797822973,0.996566852592906,0.08279195802171366
1769101151.5554788,0.7828691660982736,0.08328212215487923,0.16577558589987146,0.9965667731982037,0.0827929136902426
1769101151.7561471,0.7828691660989155,0.08328212215377434,0.16577406114121368,0.9965668363175201,0.0827921539283108
1769101151.9566753,0.7828691661001423,0.08328212215166403,0.16577139277741865,0.9965669467764262,0.08279082432680443
1769101152.157369,0.7828691660994829,0.08328212215279912,0.16578275735479167,0.996566476318973,0.08279648710655484
1769101152.3579838,0.7828691660989366,0.0832821221537397,0.16578144705990072,0.9965665305626661,0.08279583420855587
1769101152.5586028,0.7828691660877203,0.08328212217303804,0.16579275635479698,0.9965660623654808,0.08280146943962106
1769101152.7592707,0.7828691660878351,0.08328212217284087,0.16579746952777802,0.9965658672338894,0.08280381793351062
1769101152.9599361,0.7834161161666735,0.08360030432846571,0.16634748330164878,0.9965430579294461,0.083077877275654
1769101153.1605852,0.7851225077200961,0.08459319203008203,0.1665463116096433,0.9965347938880702,0.08317694734998016
1769101153.3611908,0.7867406037921523,0.08553651599592854,0.16699569951287407,0.9965160793750328,0.08340086058916422
1769101153.5618606,0.7892975392688024,0.08703039578283761,0.16804797377786607,0.9964720611594913,0.08392515313393847
1769101153.7624905,0.792770135964527,0.08906432307595452,0.16957582774420707,0.9964076577139028,0.08468636046668786
1769101153.9631891,0.7963499478039362,0.0911655980917288,0.16960303525131093,0.9964065055693272,0.0846999153430641
1769101154.1638231,0.8009980797619292,0.09389683465741833,0.17052622150592256,0.9963673025206339,0.08515984069827508
1769101154.3645175,0.8062112500338527,0.09696543932852691,0.1727355970185809,0.9962726195555137,0.08626046327254755
1769101154.565265,0.8110064299541786,0.09979612267046584,0.17367345641068538,0.9962320599264609,0.08672763558797435
1769101154.7659624,0.815844053522915,0.10265448752412226,0.17225199803325988,0.9962934481670337,0.08601956253923988
1769101154.9666982,0.8217940697999975,0.10616773142289976,0.17197003045087836,0.9963055656296587,0.08587910045736322
1769101155.1673796,0.8284246838905065,0.11007151563067424,0.17103679752668124,0.996345529766965,0.08541419854676253
1769101155.3680186,0.8352997144797658,0.11410891083931546,0.16900182639731134,0.9964319217193115,0.08440038731403944
1769101155.5687542,0.8426406101051374,0.11840261598529761,0.1665325331625597,0.9965353668890056,0.08317008199704408
1769101155.7694223,0.8492882223992146,0.12227737859451399,0.1662506512436495,0.9965470790623557,0.08302962852070883
1769101155.9700904,0.8558753590318728,0.12610509750977844,0.16474350650919578,0.9966093649349127,0.0822786346752916
1769101156.1708703,0.8627696417429578,0.13010952583986152,0.1655386323682654,0.9965765752405499,0.08267484310125207
1769101156.3715384,0.8696561499674222,0.13412731525151728,0.16906464072435626,0.9964292704511011,0.08443168237271204
1769101156.5724459,0.8787165317073509,0.13944164898810169,0.17040466987321126,0.996372476339329,0.08509928550483413
1769101156.773022,0.8870496454006973,0.14434497791165551,0.17133126097264564,0.9963329432884105,0.08556089128949626
1769101156.973529,0.8966409679039744,0.15000472634066148,0.1727481287216194,0.9962720790407017,0.086266705767161
1769101157.174236,0.9076304978084562,0.15648243433546277,0.17056002045005017,0.9963658632220078,0.08517667876750801
1769101157.3749607,0.9202553389783303,0.16387415541326883,0.16684845608032753,0.9965222167888858,0.0833274951391501
1769101157.5757678,0.9401830679553793,0.17547407780279395,0.1653005690137665,0.9965864091057497,0.08255621833458288
1769101157.776372,0.9635332575666693,0.18894213891124606,0.16283809854479184,0.9966872998223016,0.08132912376836132
1769101157.9771574,0.9915102858593221,0.20517836565784192,0.1691927274034534,0.99642386112075,0.0844954968576217
1769101158.1779947,1.0490550001667618,0.08332701498480577,0.12950707237305703,0.9979042222324765,0.06470829352251546
1769101158.3786874,1.081466361552625,0.10215887145928026,0.12561449644019806,0.9980282730775903,0.06276596321066676
1769101158.5794976,1.1124853430716235,0.12021299494880755,0.1294106427155144,0.9979073409718687,0.06466017966611629
1769101158.7802403,1.145113436685035,0.13922590806916113,0.12478174129373333,0.9980543209020574,0.062350401191436595
1769101158.9813151,1.1824881334943238,0.16100228326985122,0.12967490120482694,0.9978987887603933,0.06479203184450906
1769101159.1819086,1.2162984930742686,0.18070101571599406,0.1245418412526219,0.9980617926539375,0.062230684106866746
1769101159.3827817,1.2501395117061036,0.20019531739819052,0.11845156219453531,0.998246666029738,0.05919116285825749
1769101159.5834548,1.287489039478653,0.22155960534156605,0.11831961406135719,0.9982505689389821,0.059125304337471235
1769101159.784261,1.3464478829864024,0.13860401896574154,0.11920769171741809,0.9982242165962292,0.05956856050673503
1769101159.9850042,1.3834977006356937,0.16003268106631569,0.12438010738491848,0.9980668217951542,0.062149973706510674
1769101160.1857145,1.4243980298436665,0.18425177397932052,0.13906723769469367,0.997583511788513,0.06947760076238765
1769101160.3863838,1.4505359418005135,0.20001737847165318,0.1455479223298289,0.9973531437543708,0.07270974242337437
1769101160.5870807,1.4835340212873032,0.22028439251484871,0.15851542969979182,0.9968607511752805,0.07917476091694528
1769101160.7878175,1.5198386170348708,0.2429999549993062,0.1597357265693783,0.9968122572656204,0.07978297916860916
1769101160.9885373,1.5525469148899922,0.2635897291428752,0.16319846864406995,0.9966726293506277,0.08150871059774047
1769101161.1891983,1.5958214335685654,0.29128894053975846,0.17033599625652418,0.9963753977898152,0.08506507320391529
1769101161.3901305,1.6192296675765259,0.13723154133465504,0.20704589832021253,0.9946462833772898,0.10333813896013548
1769101161.590798,1.6615598087010068,0.16448169622946757,0.20870127254041498,0.9945604110423242,0.10416135937728127
1769101161.7914846,1.6870452030852425,0.18095790562037034,0.21274544429441306,0.9943477546779588,0.10617223161873328
1769101161.9921582,1.7303148500588872,0.20903922445273243,0.21543123971398276,0.9942042796836911,0.10750744280575654
1769101162.1929338,1.7622105749878885,0.2301870627211307,0.2291506595037325,0.9934434242405835,0.11432481284980928
1769101162.3942282,1.7876249553558738,0.24732195201737445,0.23627419322443838,0.9930299252758625,0.1178624940624237
1769101162.594218,1.8303777824690775,0.27649885770187216,0.24516490587452283,0.9924961745062357,0.1222756868330236
1769101162.7950006,1.8622107241653327,0.2985066907614698,0.24587119769701188,0.9924529314601755,0.12262617516706636
1769101162.995673,1.9562921129103856,0.19809115400334165,0.2293831818320093,0.9934301259907641,0.11444031096591219
1769101163.196544,1.9877432995586608,0.22011624710933364,0.23459247743240977,0.993128679816048,0.11702745544030894
1769101163.39707,2.022784266356374,0.24482456533104613,0.23343287328703236,0.9931963656432224,0.11645161773498192
1769101163.5977433,2.054789632743429,0.267117040325868,0.22681460329812256,0.9935762811322636,0.11316436528952567
1769101163.798461,2.0894238603650503,0.29134768392207167,0.22853196537884207,0.9934787427509548,0.1140174885795254
1769101163.9992192,2.120116068590412,0.3128238543099975,0.22890759469114405,0.993457311073512,0.1142040764359454
1769101164.2000072,2.154749976913907,0.3371432078174321,0.23499969183133898,0.9931048315982326,0.1172296611623784
1769101164.4008393,2.1863617080213325,0.35942392865313466,0.2359986598698117,0.9930461533763142,0.1177256865110836
1769101164.601521,2.2116786483701776,0.25251623344881785,0.24445972590372192,0.9925392259945661,0.12192573502795713
1769101164.8023152,2.2449781299811584,0.27670013854156067,0.2553041477202528,0.9918635317085026,0.12730567334858364
1769101165.0030847,2.2759185886573046,0.29969244416230084,0.2638583453909918,0.9913099620705755,0.13154679433431327
1769101165.2038581,2.3102960209502483,0.32556907490898174,0.27186269277559905,0.9907755512657844,0.1355131248771901
1769101165.4044907,2.3409610040870903,0.349052908937831,0.2769678493998304,0.9904264160032523,0.13804171283692696
1769101165.60512,2.3720236431969663,0.3729745862808603,0.27952315851342935,0.9902492380412937,0.13930702264651731
1769101165.8059905,2.4059620238880424,0.39930100269180474,0.28807592060310677,0.9896444554005526,0.1435404190287312
1769101166.0067763,2.436723426800325,0.4230742989405914,0.2784741419429668,0.9903221695123058,0.13878760957823238
1769101166.2073467,2.5005315194864437,0.3265339108592533,0.2769349131777307,0.9904286891552075,0.13802540236600394
1769101166.408114,2.534365169041787,0.3526233776256231,0.2760066526814088,0.9904926442396295,0.13756569960272366
1769101166.6087897,2.5654503038381864,0.3765986869771605,0.2726963521624887,0.9907189793009845,0.13592609776203893
1769101166.809669,2.5959313028721516,0.40040310753172337,0.28958995734230764,0.9895355091058152,0.14428955685944556
1769101167.0128546,2.6264097598658607,0.42441526897992254,0.29084680346606623,0.9894446388351936,0.1449113752618931
1769101167.4114497,2.690329554195443,0.4756672974546916,0.30535351573925995,0.9883675264301666,0.15208429471287924
1769101167.6126318,2.723594183874799,0.5028398704591943,0.312587392810134,0.9878109830576577,0.15565815671099256
1769101167.8129125,2.769436846797626,0.39852357945417377,0.30610416156967274,0.988310376096331,0.1524552409736339
1769101168.0136147,2.799203664709358,0.42313567010462033,0.2953178667535034,0.9891182127160032,0.14712294611480342
1769101168.2143943,2.832684677178812,0.4507230810331205,0.29766607915222476,0.9889447930303935,0.14828417426708837
1769101168.4151561,2.86246778007578,0.47531551614223605,0.29957738023090613,0.9888026336150898,0.1492291920364863
1769101168.6158183,2.892479343504073,0.49998883227916774,0.29270147922225953,0.9893098316080376,0.1458288623135905
1769101168.8164322,2.926089814936385,0.527418348835486,0.2920102637230123,0.989360172108053,0.14548694046657107
1769101169.017063,2.9559166130077847,0.5520372805177838,0.3037843310684442,0.98848654637773,0.15130878239622395
1769101169.217677,2.985061906558113,0.5764465364439977,0.30905663472083167,0.9880842392756428,0.15391405424805862
1769101169.4183815,3.1841541338641277,0.5311248041401493,0.33194949656765843,0.9862577820790747,0.16521376240635818
1769101169.6189477,3.2131321551049954,0.5561599399782073,0.33171516355743097,0.9862771328284997,0.16509820489512872
1769101169.8195028,3.2424201479463917,0.5818795832250716,0.34651345758835894,0.9850285601652805,0.17239122848542587
1769101170.0202074,3.274090091953857,0.610328220649841,0.353450522050151,0.9844246915384958,0.17580678795011742
1769101170.2208607,3.3024035899845883,0.6362253623398542,0.3573250059070337,0.9840822642443714,0.17771352565202028
1769101170.421344,3.330138967528813,0.6620027022912334,0.37036236387928373,0.9829029067073062,0.18412462080430356
1769101170.6220784,3.358119471765354,0.6891027712613487,0.3924300275760021,0.9808115164559765,0.19495837808960093
1769101170.822467,3.382771290696872,0.7137411924815784,0.40142056926735553,0.9799252188563883,0.19936540685199006
1769101171.0230567,3.4508960916893447,0.6008714938919949,0.4509194337870443,0.9746914383025244,0.2235544678590796
1769101171.223742,3.4754034605101234,0.6275050886598116,0.4714247524317137,0.9723482227760475,0.23353572245860335
1769101171.4242113,3.496986735858049,0.6518018654092422,0.4846068041811063,0.9707878738155918,0.2399393757860567
1769101171.6247995,3.5175944532917054,0.6755740481308979,0.5021620789256652,0.9686444021616097,0.2484512470505586
1769101171.825485,3.5390080690064423,0.7014487455118287,0.5264768038301912,0.9655523820573358,0.26020875754556083
1769101172.0259078,3.558347335840641,0.7257155742957523,0.5384831397320801,0.9639729163174198,0.26600040715474255
1769101172.2265444,3.577407526806074,0.7504268378170579,0.5586725438070802,0.9612386516166065,0.2757177082421224
1769101172.4271631,3.5977190626206674,0.7773664098788181,0.5593871201289635,0.9611400795924079,0.27606112982652914
1769101172.627659,3.615410643898269,0.8008613190275068,0.5568621016703418,0.9614878432293917,0.27484746191677406
1769101172.828285,3.6363957818973307,0.8283069620522333,0.5450908207763626,0.9630888339401547,0.26918376239995073
1769101173.0287652,3.630258734742475,0.7316867878617783,0.5473286040207334,0.9627870436921376,0.2702611857047804
1769101173.2293875,3.648798365948938,0.7557767457529954,0.5411992668109444,0.963610782028914,0.2673092979258761
1769101173.4301574,3.670086170306294,0.7831167723478356,0.5394327463651146,0.9638465097885007,0.26645807469192123
1769101173.6306863,3.689342307645153,0.8075152680086917,0.5339597060424627,0.9645720678714073,0.263819494886707
1769101173.8312013,3.7079950355810176,0.8311643297133013,0.530804389289688,0.9649870843221482,0.2622974019914023
1769101174.0318666,3.7292269616518032,0.8578070591457849,0.5209426578567786,0.9662687012957384,0.2575360108727459
1769101174.2323663,3.748605953490125,0.881782814523014,0.5167747388695816,0.9668032973248589,0.25552178827211663
1769101174.4331996,3.769201111652989,0.9070860936834091,0.512683975590795,0.9673239141829486,0.2535437734391825
1769101174.633636,3.7888049177177097,0.930483165949682,0.4864106373543978,0.9705710736967359,0.24081484776310028
1769101174.8343508,3.811896809348723,0.9565523575048032,0.45640104389680913,0.9740750589093314,0.22622506406404763
1769101175.0350268,3.915760784895142,0.8872029395864897,0.4356603001493197,0.9763686771073288,0.21611155999549092
1769101175.2354743,3.937624508326304,0.9088270719757964,0.3885263222145233,0.9811901779348735,0.19304360834829876
1769101175.4360743,3.963161560237504,0.9319809686188164,0.3519620738908469,0.9845552585499927,0.17507410677069596
1769101175.6367047,3.9862020325177854,0.9514945809944789,0.3190120197286016,0.9873058645402453,0.15883050665548756
1769101175.8372965,4.018778390545763,0.9768836120834189,0.2642303576938211,0.9912854764089577,0.13173118180850676
1769101176.0380087,4.06072743669507,0.9403083826498779,0.232659584257976,0.9932413167828676,0.11606759511351677
1769101176.2386117,4.080583171875681,0.9534594335844666,0.20551568195128003,0.9947250570972164,0.1025770967757401
1769101176.4393113,4.115916775104446,0.9748448107347782,0.15180588008270726,0.9971207545840652,0.07583007831793627
1769101176.6398408,4.143218265285346,0.9896952193105382,0.11508614645790675,0.9983448541479466,0.05751132233147801
1769101176.8404572,4.164210964250438,1.0002862760267783,0.0949289984911626,0.998873772117402,0.04744667929320645
1769101177.0411222,4.201484632152515,1.017730499696777,0.06374721775259962,0.9994920795316254,0.031868212274097835
1769101177.2415352,4.229918181387529,0.9684328828752105,0.03163346090089669,0.9998749181265951,0.015816070982857103
1769101177.4423583,4.251247937774134,0.977519014306077,0.02959223486026879,0.9998905394514904,0.0147955775624848
1769101177.6428788,4.289327060839405,0.9937214124809766,0.025656929494542003,0.9999177163745713,0.01282811288781146
1769101177.8436198,4.317985595803125,1.0058176597701998,0.03059290024047894,0.9998830115879788,0.015295853613117373
1769101178.044168,4.347824034322702,1.0189486121821607,0.05422269600901226,0.9996325099150557,0.02710802687260842
1769101178.2447824,4.375950137243112,1.0319362950858528,0.07700496111413964,0.9992588710589243,0.03849296831947577
1769101178.4455185,4.397822539192528,1.0426931776968422,0.10273956001751361,0.9986808629734055,0.0513471900954088
1769101178.6461256,4.433969207558549,1.0619945559338868,0.14347003810868142,0.9974281466822366,0.0716735111881557
1769101178.846714,4.460210230031582,1.0775378899033132,0.1878144886103913,0.9955939540805854,0.09376928387369309
1769101179.0474207,4.536744416477602,0.9814846970014249,0.20029324555038067,0.9949895167300544,0.09997930584522315
1769101179.2481453,4.564997442752308,1.0007884003637844,0.2252418897530351,0.9936649614957532,0.11238302494435402
1769101179.4488435,4.589735819333299,1.0187980689579836,0.2527561644666233,0.9920249131022645,0.12604194454404688
1769101179.6500995,4.613868576372563,1.0369882792631788,0.2617799026703578,0.9914461329865907,0.13051653299845026
1769101179.8501723,4.6409306615547035,1.0580149883411454,0.2766695832796775,0.9904469915723563,0.13789400598020532
1769101180.0509136,4.664586943622458,1.0771072071938588,0.29438308045569134,0.9891868689309825,0.14666062298558305
1769101180.2515762,4.688164027311663,1.096694024707845,0.3053686460626368,0.9883663758596039,0.15209177186867218
1769101180.4522445,4.714510916030167,1.1184512026831048,0.2934383089889916,0.9892560389466757,0.14619332887492908
1769101180.6528206,4.738236285708095,1.1378973264720704,0.2982693395323532,0.9889000210599241,0.14858246312294573
1769101180.8535798,4.7643830066598465,1.159420168300012,0.2969941924469319,0.9889945523069705,0.1479519364764618
1769101181.0554016,4.861634935792028,1.0484658957127244,0.30391445698740627,0.9884766996883337,0.15137309593603376
1769101181.2551343,4.885627531155464,1.0677431865298947,0.2974751019976232,0.9889589479665758,0.1481897406598838
1769101181.456128,4.911109960056191,1.088278192154926,0.3036740199477885,0.9884948903948462,0.15125426163675865
1769101181.6562054,4.932970839358912,1.10588496343431,0.29575549301253196,0.9890859966049103,0.14733937464259686
1769101181.8568304,4.95762233158591,1.125473350638291,0.29555513146079343,0.989100752214427,0.1472402865008585
1769101182.0574765,4.9784933463071965,1.142048590683215,0.29386130058310644,0.9892250975473466,0.1464025490981719
1769101182.258168,4.998302107654136,1.1578449849014623,0.29586320066876404,0.9890780603812666,0.14739264049616485
1769101182.458807,5.020116759394849,1.1751446142805313,0.2868179710716842,0.9897345429397816,0.14291792928734184
1769101182.659361,5.03895457824994,1.1897594808316783,0.27659250189640644,0.9904523053671203,0.1378558333657184
1769101182.8600693,5.057147701519032,1.2038845224655634,0.2854222620940186,0.9898340378493835,0.1422272038492818
1769101183.0606456,5.077022571011302,1.219351576778288,0.2810644256976757,0.9901415893379698,0.14007010053283733
1769101183.2611923,5.094409217573798,1.2327402635955758,0.2755224074644291,0.9905259229723286,0.13732587491007195
1769101183.4619195,5.120098642421028,1.1280258956621452,0.2695471599590828,0.990931779745473,0.13436594765962637
1769101183.6625307,5.138146960316057,1.1417578681813063,0.26921779655207584,0.99095389392146,0.13420275750481328
1769101183.863149,5.153309563317679,1.1533468156876507,0.2737193143512913,0.9906493260823401,0.13643281398771062
1769101184.0637767,5.167165322762534,1.164060904870323,0.27842220034724413,0.990325773603282,0.13876189007454837
1769101184.264493,5.182368525905998,1.1758046754208045,0.27426346877691876,0.9906121691561239,0.1367023420421131
1769101184.464979,5.196098568977155,1.1862669466523008,0.26721166871707613,0.9910880093248113,0.13320870006340718
1769101184.665695,5.2100892687846265,1.1968881950394892,0.2682206792066187,0.9910206787112273,0.1337086921884227
1769101184.866253,5.22515320950939,1.2083978443580958,0.26977546550943904,0.9909164350433468,0.13447906439659918
1769101185.0668244,5.238721082597248,1.2187805488636203,0.2698275311226482,0.9909129338400959,0.13450486068694234
1769101185.2674377,5.252445134836288,1.2292923632436301,0.2721947498992336,0.9907530385610537,0.13567762004855236
1769101185.46812,5.267761181204198,1.2410140138674135,0.2684311207416055,0.9910066042940426,0.13381296740447426
1769101185.6687908,5.281723522447088,1.2516307066141066,0.263548050861566,0.9913303592650671,0.1313929937226224
1769101185.8693185,5.2956344324510916,1.262147674410982,0.2649551734060377,0.9912376708973749,0.1320904227941888
1769101186.0701096,5.309332925040625,1.2725677990985207,0.27213452882634814,0.9907571234378456,0.13564778788157786
1769101186.2707798,5.323025926440821,1.2831199739080223,0.27726045655056525,0.9904062094072784,0.13818661428483645
1769101186.471375,5.335181885429405,1.2925152984802568,0.27348190045981574,0.9906655146251613,0.13631521607092986
1769101186.6719072,5.347308936096647,1.3018237155911794,0.2713254300897486,0.9908119185894985,0.13524696662401403
1769101186.872523,5.407815570605731,1.1907148202143594,0.2541791190186895,0.9919349860490076,0.12674771576622215
1769101187.073198,5.420158071169865,1.2001165410659227,0.25318194779399483,0.9919980573424957,0.12625313552032888
1769101187.273828,5.432423959795117,1.209451731570819,0.24928805138908833,0.9922419853655109,0.12432152861797219
1769101187.474409,5.445918058108369,1.2197225342812272,0.2534225116227055,0.9919828641977142,0.1263724540321164
1769101187.6750731,5.452690098956188,1.224908644869287,0.25557705944049364,0.9918461508690519,0.12744101775427635
1769101187.8757234,5.452969403699523,1.2251267474017133,0.25666572045893177,0.9917766338985153,0.12798089096787205
1769101188.07633,5.453009477023803,1.2251576781349818,0.2567531660137483,0.9917710372705284,0.12802425407453155
1769101188.277051,5.452989397721022,1.225142268706243,0.25677533214478077,0.991769618308421,0.1280352459300516
1769101188.4776177,5.453009469251925,1.2251576883259694,0.2567831362064573,0.9917691187033928,0.128039115844712
1769101188.6782463,5.452989397190252,1.2251422694031668,0.2567859298463153,0.9917689398548366,0.12804050116745705
1769101188.8789587,5.452989397246343,1.2251422693305465,0.2567940898778392,0.9917684174393189,0.12804454759929812
1769101189.0795276,5.453009469178957,1.225157688421612,0.25678880487906053,0.9917687557934951,0.12804192685141363
1769101189.2801473,5.452989397144238,1.2251422694633587,0.2567841691522291,0.9917690525745289,0.1280396280665538
1769101189.4808419,5.453009469190371,1.2251576884067377,0.2567837463820039,0.9917690796401779,0.12803941842133806
1769101189.6814413,5.45298939698721,1.2251422696677703,0.2567721130065749,0.9917698243887123,0.1280336496081509
1769101189.8820791,5.452989397034054,1.2251422696067888,0.2567772970183346,0.9917694925214081,0.12803622028093709
1769101190.08273,5.453009469169589,1.2251576884337858,0.2567805567477178,0.9917692838383761,0.1280378367308451
1769101190.2833786,5.452989397146634,1.225142269460234,0.25678663807133484,0.9917688945140312,0.1280408523652374
1769101190.4840453,5.453009469171533,1.2251576884312554,0.2567845629174369,0.9917690273657342,0.12803982332862485
1769101190.6847093,5.452989397013072,1.225142269634106,0.25677660358047594,0.9917695369139297,0.1280358764156728
1769101190.885319,5.4530094691723265,1.2251576884302238,0.25677510289608385,0.9917696329843712,0.12803513224910448
1769101191.0861118,5.45300946919331,1.225157688402908,0.2567693957125796,0.9917699983403305,0.12803230214293848
1769101191.2867212,5.453009469160833,1.225157688445188,0.2567854554961606,0.9917689702228244,0.12804026594457843
1769101191.4872322,5.453009469168166,1.2251576884356412,0.2567843579497465,0.9917690404877425,0.1280397216883207
1769101191.6879346,5.453009469189192,1.2251576884082693,0.25678090979415524,0.9917692612367096,0.1280380118011493
1769101191.8885312,5.453009469189321,1.2251576884081021,0.25677859599127223,0.9917694093634063,0.12803686442177567
1769101192.0891469,5.453009469192951,1.2251576884033764,0.25678006407390874,0.9917693153787904,0.1280375924214658
1769101192.2898273,5.453009469191,1.225157688405917,0.2567813128174923,0.9917692354355361,0.12803821165422533
1769101192.490467,5.453009469222545,1.2251576883648514,0.2567772946667216,0.9917694926719539,0.1280362191148081
1769101192.6911032,5.453009469218445,1.2251576883701878,0.25677727996309874,0.9917694936132521,0.12803621182350577
1769101192.8917158,5.453009469176226,1.2251576884251487,0.2567875788127884,0.9917688342872527,0.12804131886427897
1769101193.0923374,5.453009469184016,1.2251576884150086,0.25679130501227915,0.9917685957317828,0.12804316662831938
1769101193.2930124,5.453009469184432,1.2251576884144653,0.2567850846295781,0.9917689939657353,0.12804008203759193
1769101193.4936156,5.452989397288301,1.2251422692758216,0.25679399192997854,0.9917684237101625,0.1280444990285006
1769101193.694269,5.452989397419301,1.2251422691052936,0.2568045246949129,0.9917677493651045,0.12804972205856305
1769101193.8949478,5.453009469156995,1.2251576884501831,0.256803553946384,0.9917678115170273,0.12804924068000612
1769101194.0956068,5.453009469201925,1.2251576883916946,0.25679590714223466,0.9917683010935108,0.12804544875196205
