timestamp,x,y,theta,qw,qz
1769099703.9625347,0.0,0.0,0.0,1.0,0.0
1769099704.0125253,0.0,0.0,0.0,1.0,0.0
1769099704.0625045,0.0,0.0,0.0,1.0,0.0
1769099704.1125233,2.5310686077177322e-05,4.003942788433079e-09,0.0003163835812429738,0.9999999874876787,0.00015819178996170474
1769099704.1625092,0.0,0.0,0.0,1.0,0.0
1769099704.2125235,0.0,0.0,0.0,1.0,0.0
1769099704.262516,2.5310686077177322e-05,4.003942788433079e-09,0.0003163835812429738,0.9999999874876787,0.00015819178996170474
1769099704.312541,0.0,0.0,0.0,1.0,0.0
1769099704.3625166,0.0,0.0,0.0,1.0,0.0
1769099704.412553,0.0,0.0,0.0,1.0,0.0
1769099704.4625223,0.0,0.0,0.0,1.0,0.0
1769099704.512556,0.0,0.0,0.0,1.0,0.0
1769099704.562514,0.0,0.0,0.0,1.0,0.0
1769099704.612527,0.0,0.0,0.0,1.0,0.0
1769099704.6625197,0.0,0.0,0.0,1.0,0.0
1769099704.7125392,0.0,0.0,0.0,1.0,0.0
1769099704.7625144,0.0,0.0,0.0,1.0,0.0
1769099704.812544,0.0,0.0,0.0,1.0,0.0
1769099704.8625197,2.5310686077177322e-05,4.003942788433079e-09,0.0003163835812429738,0.9999999874876787,0.00015819178996170474
1769099704.9125373,0.0,0.0,0.0,1.0,0.0
1769099704.9625268,0.0,0.0,0.0,1.0,0.0
1769099705.0125442,0.0,0.0,0.0,1.0,0.0
1769099705.0625248,0.0,0.0,0.0,1.0,0.0
1769099705.1125548,0.0,0.0,0.0,1.0,0.0
1769099705.1625223,0.0,0.0,0.0,1.0,0.0
1769099705.212556,2.5310686077177322e-05,4.003942788433079e-09,0.0003163835812429738,0.9999999874876787,0.00015819178996170474
1769099705.2625256,0.0,0.0,0.0,1.0,0.0
1769099705.312552,0.0,0.0,0.0,1.0,0.0
1769099705.362522,2.5310686077177322e-05,4.003942788433079e-09,0.0003163835812429738,0.9999999874876787,0.00015819178996170474
1769099705.412549,0.0,0.0,0.0,1.0,0.0
1769099705.4625185,0.0,0.0,0.0,1.0,0.0
1769099705.5125294,0.0,0.0,0.0,1.0,0.0
1769099705.5625207,0.0,0.0,0.0,1.0,0.0
1769099705.6125364,0.0,0.0,0.0,1.0,0.0
1769099705.6625187,2.5310686077177322e-05,4.003942788433079e-09,0.0003163835812429738,0.9999999874876787,0.00015819178996170474
1769099705.7125309,0.0,0.0,0.0,1.0,0.0
1769099705.7625232,0.0,0.0,0.0,1.0,0.0
1769099705.812549,2.5310686077177322e-05,4.003942788433079e-09,0.0003163835812429738,0.9999999874876787,0.00015819178996170474
1769099705.8625376,0.0,0.0,0.0,1.0,0.0
1769099705.9125316,0.0,0.0,0.0,1.0,0.0
1769099705.9625235,2.5310686077177322e-05,4.003942788433079e-09,0.0003163835812429738,0.9999999874876787,0.00015819178996170474
1769099706.0125482,0.0,0.0,0.0,1.0,0.0
1769099706.0625348,0.0,0.0,0.0,1.0,0.0
1769099706.1125522,0.0,0.0,0.0,1.0,0.0
1769099706.1625328,0.0,0.0,0.0,1.0,0.0
1769099706.2125456,2.5310686077177322e-05,4.003942788433079e-09,0.0003163835812429738,0.9999999874876787,0.00015819178996170474
1769099706.2625353,0.0,0.0,0.0,1.0,0.0
1769099706.3125544,0.0,0.0,0.0,1.0,0.0
1769099706.362527,0.0,0.0,0.0,1.0,0.0
1769099706.412559,0.0,0.0,0.0,1.0,0.0
1769099706.4625347,0.0,0.0,0.0,1.0,0.0
1769099706.5125504,0.0,0.0,0.0,1.0,0.0
1769099706.5625348,2.5310686077177322e-05,4.003942788433079e-09,0.0003163835812429738,0.9999999874876787,0.00015819178996170474
1769099706.6125555,0.0,0.0,0.0,1.0,0.0
1769099706.662521,0.0,0.0,0.0,1.0,0.0
1769099706.7125623,0.0,0.0,0.0,1.0,0.0
1769099706.7625444,0.0,0.0,0.0,1.0,0.0
1769099706.8125727,0.0,0.0,0.0,1.0,0.0
1769099706.8625422,0.0,0.0,0.0,1.0,0.0
1769099706.9125526,0.0,0.0,0.0,1.0,0.0
1769099706.9625428,2.5310686077177322e-05,4.003942788433079e-09,0.0003163835812429738,0.9999999874876787,0.00015819178996170474
1769099707.0125568,0.0,0.0,0.0,1.0,0.0
1769099707.0625417,0.0,0.0,0.0,1.0,0.0
1769099707.1125531,0.0,0.0,0.0,1.0,0.0
1769099707.1625476,0.0,0.0,0.0,1.0,0.0
1769099707.212558,0.0,0.0,0.0,1.0,0.0
1769099707.2625444,0.0,0.0,0.0,1.0,0.0
1769099707.312563,2.5310686077177322e-05,4.003942788433079e-09,0.0003163835812429738,0.9999999874876787,0.00015819178996170474
1769099707.3625457,0.0,0.0,0.0,1.0,0.0
1769099707.4125705,0.0,0.0,0.0,1.0,0.0
1769099707.4625437,0.0,0.0,0.0,1.0,0.0
1769099707.5125628,0.0,0.0,0.0,1.0,0.0
1769099707.562541,0.0,0.0,0.0,1.0,0.0
1769099707.6125698,0.0,0.0,0.0,1.0,0.0
1769099707.6625504,0.0,0.0,0.0,1.0,0.0
1769099707.7125652,0.0,0.0,0.0,1.0,0.0
1769099707.7625515,0.0,0.0,0.0,1.0,0.0
1769099707.8125768,0.0,0.0,0.0,1.0,0.0
1769099707.8625522,0.0,0.0,0.0,1.0,0.0
1769099707.9125628,0.0,0.0,0.0,1.0,0.0
1769099707.962536,0.0,0.0,0.0,1.0,0.0
1769099708.0125682,0.0,0.0,0.0,1.0,0.0
1769099708.062539,0.0,0.0,0.0,1.0,0.0
1769099708.1125705,2.5310686077177322e-05,4.003942788433079e-09,0.0003163835812429738,0.9999999874876787,0.00015819178996170474
1769099708.1625378,0.0,0.0,0.0,1.0,0.0
1769099708.2125785,0.0,0.0,0.0,1.0,0.0
1769099708.2625382,0.0,0.0,0.0,1.0,0.0
1769099708.312577,0.0,0.0,0.0,1.0,0.0
1769099708.3625505,0.0,0.0,0.0,1.0,0.0
1769099708.4125779,0.0,0.0,0.0,1.0,0.0
1769099708.4625487,0.0,0.0,0.0,1.0,0.0
1769099708.5125675,0.0,0.0,0.0,1.0,0.0
1769099708.5625477,0.0,0.0,0.0,1.0,0.0
1769099708.6125686,0.0,0.0,0.0,1.0,0.0
1769099708.6625597,0.0,0.0,0.0,1.0,0.0
1769099708.7125802,0.0,0.0,0.0,1.0,0.0
1769099708.7625444,0.0,0.0,0.0,1.0,0.0
1769099708.812631,2.5310686077177322e-05,4.003942788433079e-09,0.0003163835812429738,0.9999999874876787,0.00015819178996170474
1769099708.8625453,0.0,0.0,0.0,1.0,0.0
1769099708.9125793,0.0,0.0,0.0,1.0,0.0
1769099708.9625673,0.0,0.0,0.0,1.0,0.0
1769099709.0125797,0.0,0.0,0.0,1.0,0.0
1769099709.062566,0.0,0.0,0.0,1.0,0.0
1769099709.1125848,0.0,0.0,0.0,1.0,0.0
1769099709.1625683,0.0,0.0,0.0,1.0,0.0
1769099709.21259,0.0,0.0,0.0,1.0,0.0
1769099709.2626166,0.0,0.0,0.0,1.0,0.0
1769099709.3126063,0.0,0.0,0.0,1.0,0.0
1769099709.3625717,0.0,0.0,0.0,1.0,0.0
1769099709.4126153,0.0,0.0,0.0,1.0,0.0
1769099709.4625504,0.0,0.0,0.0,1.0,0.0
1769099709.5125892,0.0,0.0,0.0,1.0,0.0
1769099709.5625687,0.0,0.0,0.0,1.0,0.0
1769099709.612604,0.0,0.0,0.0,1.0,0.0
1769099709.6625683,0.0,0.0,0.0,1.0,0.0
1769099709.7126021,0.0,0.0,0.0,1.0,0.0
1769099709.7625642,0.0,0.0,0.0,1.0,0.0
1769099709.8126051,0.0,0.0,0.0,1.0,0.0
1769099709.8649945,0.0,0.0,0.0,1.0,0.0
1769099709.9125874,0.0,0.0,0.0,1.0,0.0
1769099709.962566,0.0,0.0,0.0,1.0,0.0
1769099710.0125954,0.0,0.0,0.0,1.0,0.0
1769099710.0625646,0.0,0.0,0.0,1.0,0.0
1769099710.1126008,0.0,0.0,0.0,1.0,0.0
1769099710.162573,0.0,0.0,0.0,1.0,0.0
1769099710.2125962,0.0,0.0,0.0,1.0,0.0
1769099710.2625663,0.0,0.0,0.0,1.0,0.0
1769099710.3126237,0.0,0.0,0.0,1.0,0.0
1769099710.3650334,0.0,0.0,0.0,1.0,0.0
1769099710.412621,0.0,0.0,0.0,1.0,0.0
1769099710.4680064,0.0,0.0,0.0,1.0,0.0
1769099710.512627,0.0,0.0,0.0,1.0,0.0
1769099710.5625644,0.0,0.0,0.0,1.0,0.0
1769099710.6125977,0.0,0.0,0.0,1.0,0.0
1769099710.6625655,0.0,0.0,0.0,1.0,0.0
1769099710.7125955,0.0,0.0,0.0,1.0,0.0
1769099710.769024,0.0,0.0,0.0,1.0,0.0
1769099710.812617,0.0,0.0,0.0,1.0,0.0
1769099710.8625867,0.0,0.0,0.0,1.0,0.0
1769099710.9127164,2.5310686077177322e-05,4.003942788433079e-09,0.0003163835812429738,0.9999999874876787,0.00015819178996170474
1769099710.9626627,0.0,0.0,0.0,1.0,0.0
1769099711.0131218,0.0,0.0,0.0,1.0,0.0
1769099711.062828,0.0,0.0,0.0,1.0,0.0
1769099711.1126711,0.0,0.0,0.0,1.0,0.0
1769099711.1632288,2.5310686077177322e-05,4.003942788433079e-09,0.0003163835812429738,0.9999999874876787,0.00015819178996170474
1769099711.2128673,2.5310686077177322e-05,4.003942788433079e-09,0.0003163835812429738,0.9999999874876787,0.00015819178996170474
1769099711.2626507,0.00012655341012113096,6.806702257389219e-08,0.0009491507437758174,0.9999998873891103,0.0004745753540737903
1769099711.3126297,0.00032903881090835373,2.602562490484331e-07,0.0009491507437758174,0.9999998873891103,0.0004745753540737903
1769099711.362801,0.0006327669120966912,5.485400887673664e-07,0.0009491507437758174,0.9999998873891103,0.0004745753540737903
1769099711.4126363,0.0012655339373667152,4.48441539124822e-07,-0.0012655343249718951,0.9999997998028657,-0.0006327671202598895
1769099711.4626184,0.0016705044078964624,-1.9218903402062892e-07,-0.0018983014874578426,0.9999995495564666,-0.0009491506012159789
1769099711.5126276,0.002151406432482598,-1.1811622091517648e-06,-0.0022146850687477125,0.9999993868963184,-0.0011073423080685855
1769099711.5627897,0.002784172613224208,-2.2822458874971474e-06,-0.001265534324971895,0.9999997998028657,-0.0006327671202598894
1769099711.6129842,0.0031638326763686777,-2.7026597957391374e-06,-0.0009491507437289211,0.9999998873891103,-0.00047457535405034213
1769099711.6628072,0.0036953567647754373,-3.2912392673445368e-06,-0.0012655343249718945,0.9999997998028657,-0.0006327671202598892
1769099711.7126122,0.004758404249918838,-4.97289452194849e-06,-0.0018983014874578408,0.9999995495564666,-0.000949150601215978
1769099711.7629204,0.005568344758587451,-6.510407641141305e-06,-0.001898301487504737,0.9999995495564666,-0.0009491506012394259
1769099711.8130014,0.0064289065490466795,-8.144015330321802e-06,-0.0018983014874578406,0.9999995495564666,-0.0009491506012159779
1769099711.8630116,0.007795680245341135,-1.1170993576392618e-05,-0.0025310686499437876,0.999999199211543,-0.0012655339871634494
1769099711.9128687,0.008554998965503054,-1.285264815775733e-05,-0.0018983014874578395,0.9999995495564666,-0.0009491506012159773
1769099711.9626908,0.00944087111605824,-1.467444084868319e-05,-0.002214685068700814,0.9999993868963185,-0.0011073423080451361
1769099712.0129497,0.010706402337442333,-1.747719853100869e-05,-0.0022146850687477094,0.9999993868963184,-0.001107342308068584
1769099712.0626569,0.011516343237968615,-1.875845961318845e-05,-0.0009491507437289178,0.9999998873891103,-0.0004745753540503405
1769099712.1128078,0.012300974270754723,-1.937907068283451e-05,-0.0006327671624859446,0.9999999499507152,-0.00031638357596471494
1769099712.1627421,0.013591819131509043,-1.9991673908315022e-05,-0.00031638358124296966,0.9999999874876787,-0.00015819178996170268
1769099712.2128057,0.014376450399920299,-2.0115796134589914e-05,4.689955021563996e-14,1.0,2.344977510781998e-14
1769099712.2629144,0.01564198464046634,-2.051619040321917e-05,-0.0006327671624859447,0.9999999499507152,-0.000316383575964715
1769099712.3129122,0.016477237197424357,-2.0912580725784835e-05,-0.00031638358119607466,0.9999999874876787,-0.00015819178993825518
1769099712.3626149,0.017312489754382373,-2.1308971048572545e-05,-0.0006327671624859448,0.9999999499507152,-0.00031638357596471505
1769099712.4130077,0.018603333926007517,-2.2738378289366423e-05,-0.001581917906214867,0.9999996871919835,-0.0007909588706346646
1769099712.4627197,0.019438585730493556,-2.3927548900459783e-05,-0.0012655343249718927,0.9999997998028657,-0.0006327671202598883
1769099712.512642,0.02027383786941739,-2.4852459498792e-05,-0.0009491507437289187,0.9999998873891103,-0.00047457535405034094
1769099712.5626788,0.021665924767616283,-2.6393977162086912e-05,-0.001265534324971892,0.9999997998028657,-0.000632767120259888
1769099712.6129074,0.022703661858042193,-2.787143155691396e-05,-0.001581917906214866,0.9999996871919835,-0.0007909588706346641
1769099712.662688,0.023867951980243867,-2.9713244485611154e-05,-0.0015819179062617611,0.9999996871919835,-0.0007909588706581118
1769099712.712658,0.025589076508718354,-3.2435924467248105e-05,-0.001581917906214866,0.9999996871919835,-0.0007909588706346641
1769099712.762662,0.02682929888507664,-3.4201662646449194e-05,-0.0012655343249718923,0.9999997998028657,-0.0006327671202598881
1769099712.8126512,0.028018900416269147,-3.551895955933304e-05,-0.0009491507437289189,0.9999998873891103,-0.00047457535405034105
1769099712.862683,0.029815958048488304,-3.7508918725670526e-05,-0.0012655343249718936,0.9999997998028657,-0.0006327671202598888
1769099712.912587,0.031056180424854092,-3.927465690534149e-05,-0.0015819179062148674,0.9999996871919835,-0.0007909588706346649
1769099712.9628446,0.032347022658300334,-4.192926902368832e-05,-0.002531068649990684,0.999999199211543,-0.0012655339871868977
1769099713.0129519,0.03416938624897386,-4.6541806226709526e-05,-0.0025310686499437885,0.999999199211543,-0.0012655339871634498
1769099713.0732183,0.035561470081562636,-4.984505593963462e-05,-0.002214685068700815,0.9999993868963185,-0.0011073423080451368
1769099713.1128473,0.03804191127548026,-5.533846099700324e-05,-0.0022146850687477125,0.9999993868963184,-0.0011073423080685855
1769099713.162596,0.04014269233193214,-6.032336510841674e-05,-0.0025310686499906867,0.999999199211543,-0.001265533987186899
1769099713.212671,0.042420644844097924,-6.680974360273595e-05,-0.0031638358124766335,0.9999987487681299,-0.0015819172464562284
1769099713.262638,0.0465462639613918,-8.051521460750166e-05,-0.003480219393719605,0.9999984860095035,-0.001740108818689866
1769099713.3125947,0.049811324489806054,-9.136187570923937e-05,-0.003163835812476631,0.9999987487681299,-0.0015819172464562271
1769099713.362644,0.053329490485533426,-0.00010304936325233882,-0.0034802193937196026,0.9999984860095035,-0.0017401088186898648
1769099713.4129546,0.05932808345600264,-0.00012487480731593337,-0.003796602974962575,0.9999981982262723,-0.0018983003473779015
1769099713.462704,0.06365618218153116,-0.00014062227961453289,-0.003480219393719597,0.9999984860095035,-0.001740108818689862
1769099713.5127332,0.06818675946471131,-0.00015853987635239264,-0.004429370137495415,0.9999975475860255,-0.002214683258305875
1769099713.562606,0.07519773505883104,-0.00019292159424555422,-0.00537852088117744,0.9999963839413206,-0.0026892571990800866
1769099713.6127877,0.07998138146465718,-0.00021940754056259948,-0.005694904462467312,0.9999959460106346,-0.0028474483833855944
1769099713.6627467,0.08516997325548141,-0.00025141885912915996,-0.006644055206196233,0.9999944820713768,-0.0033220214928588025
1769099713.7128837,0.0929654926336798,-0.00030321348237258403,-0.006644055206196233,0.9999944820713768,-0.0033220214928588025
1769099713.7628195,0.09820468350483207,-0.0003388523024163703,-0.006960438787486101,0.9999939440425981,-0.0034802123683867485
1769099713.8126676,0.1032666981808521,-0.0003740867147208428,-0.0069604387874861,0.9999939440425981,-0.003480212368386748
1769099713.8627162,0.11123937994130054,-0.0004283197017471707,-0.006644055206196226,0.9999944820713768,-0.003322021492858799
1769099713.9126554,0.11668107377070358,-0.00046189254804840374,-0.0056949044624673055,0.9999959460106346,-0.0028474483833855913
1769099713.9626453,0.12212280536690308,-0.0004885787171953204,-0.0041129865562055425,0.9999978854184438,-0.0020564918285616482
1769099714.0126526,0.13055121658494553,-0.000516578234911691,-0.0025310686499906707,0.999999199211543,-0.001265533987186891
1769099714.0627282,0.13642328762393474,-0.0005258673769836797,-0.0006327671624859303,0.9999999499507152,-0.0003163835759647078
1769099714.1126614,0.14234598786969863,-0.0005277412221609268,4.6916572189747985e-14,1.0,2.3458286094873992e-14
1769099714.1628432,0.15150845577126443,-0.0005248423676551539,0.0006327671625328717,0.9999999499507152,0.0003163835759881785
1769099714.212848,0.15786143776479994,-0.0005238373780498407,-0.0003163835812429418,0.9999999874876787,-0.00015819178996168875
1769099714.262786,0.16421441933438957,-0.0005268523468657804,-0.0006327671624859142,0.9999999499507152,-0.0003163835759646997
1769099714.312856,0.17393370932995442,-0.0005422274785713554,-0.0025310686499906486,0.999999199211543,-0.0012655339871868799
1769099714.3628287,0.18043851918892567,-0.0005638367159681579,-0.004112986556252411,0.9999978854184437,-0.0020564918285850826
1769099714.4126654,0.18714578027945064,-0.0005946069074500571,-0.005062137299981333,0.9999967968474546,-0.0025310659475237594
1769099714.4627907,0.1967889856460722,-0.0006510501612089215,-0.006644055206243096,0.9999944820713766,-0.003322021492882234
1769099714.5128453,0.2037745951512887,-0.0006952533942197192,-0.006011288043710248,0.9999954830554074,-0.0030056394964112576
1769099714.5626392,0.21073492699101748,-0.0007337911455111978,-0.0050621372999813275,0.9999967968474546,-0.002531065947523757
1769099714.612787,0.22136529543301414,-0.0007842406348181896,-0.004429370137495372,0.9999975475860255,-0.002214683258305853
1769099714.6626537,0.22847755052151844,-0.000810118057467335,-0.0028474522312336046,0.999998986502145,-0.0014237256346356483
1769099714.7128165,0.23526078700423783,-0.0008294330515269566,-0.0028474522312336046,0.999998986502145,-0.0014237256346356483
1769099714.7626565,0.24599248352582623,-0.0008565957701591742,-0.0022146850687007687,0.9999993868963185,-0.0011073423080451136
1769099714.8129318,0.2533578776918487,-0.0008717426751054802,-0.0018983014874577907,0.9999995495564666,-0.000949150601215953
1769099714.862721,0.26084981639799143,-0.0008907053267854792,-0.0031638358124296837,0.9999987487681299,-0.0015819172464327537
1769099714.912686,0.27246736897695956,-0.0009256236593913059,-0.0028474522312336038,0.999998986502145,-0.0014237256346356479
1769099714.962758,0.2803642548144817,-0.0009531066655910081,-0.004112986556205497,0.9999978854184438,-0.0020564918285616257
1769099715.012676,0.2884888579039772,-0.0009980907181357246,-0.00696043878748605,0.9999939440425981,-0.003480212368386723
1769099715.062836,0.30073887619571443,-0.0010911094176435654,-0.00822597311250484,0.999991541682718,-0.004112974959930791
1769099715.1128488,0.30888861975274007,-0.0011607291275055331,-0.008858740274990786,0.9999901903561308,-0.0044293556539713825
1769099715.1627185,0.31701306425515274,-0.0012288474060753174,-0.007909589531214966,0.9999921798093735,-0.003954784456519123
1769099715.2129097,0.3292884074520218,-0.0013201164383289665,-0.0069604387874860375,0.9999939440425981,-0.003480212368386717
1769099715.262678,0.3375648435611809,-0.0013711783918539666,-0.005378520881224275,0.9999963839413206,-0.0026892571991035037
1769099715.3126736,0.34599323340614213,-0.0014045111176743674,-0.0025310686499437213,0.999999199211543,-0.0012655339871634162
1769099715.3627815,0.3586232455309668,-0.0014264887464259246,-0.0009491507437288499,0.9999998873891103,-0.00047457535405030657
1769099715.41268,0.3667732758425076,-0.001439381436066256,-0.002214685068747641,0.9999993868963184,-0.0011073423080685497
1769099715.462673,0.37527764565021976,-0.0014582159676919061,-0.002214685068747641,0.9999993868963184,-0.0011073423080685497
1769099715.512834,0.38818605420213115,-0.0014908881056676648,-0.002847452231233596,0.999998986502145,-0.001423725634635644
1769099715.5627234,0.3964626027073008,-0.0015183831294045547,-0.0037966029749625122,0.9999981982262723,-0.00189830034737787
1769099715.6126773,0.4092443993796235,-0.0015689327755197269,-0.004112986556205484,0.9999978854184438,-0.002056491828561619
1769099715.6628811,0.4173690439458766,-0.0016062053470875526,-0.005062137299981303,0.9999967968474546,-0.0025310659475237447
1769099715.712817,0.4254683722826388,-0.001644643053229089,-0.004429370137495358,0.9999975475860255,-0.002214683258305846
1769099715.7628171,0.4381236082786021,-0.0016966941622555964,-0.0037966029749625122,0.9999981982262723,-0.00189830034737787
1769099715.8126915,0.44629893424038103,-0.0017160932404571838,-0.0009491507437288499,0.9999998873891103,-0.00047457535405030657
1769099715.862654,0.454575523616947,-0.0017252582636615443,-0.001265534324971822,0.9999997998028657,-0.000632767120259853
1769099715.9126832,0.467458649934683,-0.001743600319443317,-0.0015819179062616963,0.9999996871919835,-0.0007909588706580794
1769099715.9626648,0.4760895809280177,-0.001758619101316583,-0.0018983014874577764,0.9999995495564666,-0.0009491506012159458
1769099716.0128305,0.4848217428592678,-0.0017793394851839395,-0.002847452231186704,0.9999989865021451,-0.0014237256346121981
1769099716.0626655,0.4978566231047852,-0.0018350141219993787,-0.005694904462514148,0.9999959460106345,-0.002847448383409013
1769099716.1128824,0.5064367988174152,-0.001885235289822873,-0.006011288043710229,0.9999954830554074,-0.003005639496411248
1769099716.162654,0.5149157485130804,-0.0019321812777608471,-0.005062137299981303,0.9999967968474546,-0.0025310659475237447
1769099716.2128181,0.5276974709775927,-0.0019989066815000456,-0.005378520881224275,0.9999963839413206,-0.0026892571991035037
1769099716.262733,0.536328334583337,-0.002035770863418662,-0.003163835812476557,0.9999987487681299,-0.0015819172464561903
1769099716.3129363,0.5447061412056062,-0.0020583010216608244,-0.0022146850687007383,0.9999993868963185,-0.0011073423080450984
1769099716.3627112,0.5573108401614656,-0.0020822285691828313,-0.0015819179062616854,0.9999996871919835,-0.000790958870658074
1769099716.412924,0.5657646050803798,-0.002090252468851972,-0.0003163835811960029,0.9999999874876787,-0.0001581917899382193
1769099716.4627419,0.5742436840676781,-0.0020942764312188444,-0.0006327671624389859,0.9999999499507152,-0.0003163835759412356
1769099716.5129309,0.5871268219916627,-0.00210039045165189,-0.00031638358119601373,0.9999999874876787,-0.0001581917899382247
1769099716.562682,0.595707143713139,-0.002104462461328893,-0.0006327671624858778,0.9999999499507152,-0.00031638357596468154
1769099716.6128442,0.6043886994786731,-0.002116822627347581,-0.002214685068700749,0.9999993868963185,-0.0011073423080451038
1769099716.6627965,0.6171958754390957,-0.0021451865350927486,-0.002214685068747641,0.9999993868963184,-0.0011073423080685497
1769099716.712684,0.6256242858134662,-0.0021731860500060485,-0.0044293701374484564,0.9999975475860255,-0.002214683258282395
1769099716.7627323,0.6341286146180554,-0.0022054737651791,-0.003163835812476557,0.9999987487681299,-0.0015819172464561903
1769099716.812697,0.6467333036904935,-0.002233389227504823,-0.001265534324971822,0.9999997998028657,-0.000632767120259853
1769099716.86268,0.6552376920844233,-0.0022333892275043787,0.001265534325018868,0.9999997998028657,0.0006327671202833759
1769099716.9128275,0.6637420787757947,-0.0022253172801267596,0.0006327671625329132,0.9999999499507152,0.00031638357598819924
1769099716.9626796,0.6765999066597608,-0.002221249274359849,4.6968939154679035e-14,1.0,2.3484469577339517e-14
1769099717.0129035,0.6852055394954866,-0.0022185265933352127,0.0006327671624860216,0.9999999499507152,0.0003163835759647534
1769099717.062756,0.693861792545532,-0.0022212652897666274,-0.001265534324971822,0.9999997998028657,-0.000632767120259853
1769099717.1128147,0.7063652558231802,-0.00224104475871556,-0.0018983014875046688,0.9999995495564666,-0.0009491506012393919
1769099717.1627302,0.7149202467370268,-0.00225999140033295,-0.0025310686499437213,0.999999199211543,-0.0012655339871634162
1769099717.2127023,0.7234752313710195,-0.0022816446999800585,-0.0025310686499906126,0.999999199211543,-0.0012655339871868619
1769099717.262798,0.7362824148096728,-0.002305956624557126,-0.0012655343249718216,0.9999997998028657,-0.0006327671202598528
1769099717.3128996,0.7447614918165691,-0.0023126632278280823,-0.0003163835812428944,0.9999999874876787,-0.00015819178996166506
1769099717.362672,0.7531899474682014,-0.0023193297916783706,-0.0012655343249718216,0.9999997998028657,-0.0006327671202598528
1769099717.4128745,0.7658199756068341,-0.002317331824894353,0.0015819179062618403,0.9999996871919835,0.0007909588706581514
1769099717.462643,0.7742484160722933,-0.002299998769297318,0.0025310686499907674,0.999999199211543,0.0012655339871869393
1769099717.5127742,0.7828793289227951,-0.0022767879408469582,0.0028474522312806312,0.999998986502145,0.0014237256346591616
1769099717.562679,0.7958383478748544,-0.0022398876536876733,0.0028474522312806312,0.999998986502145,0.0014237256346591616
1769099717.6126907,0.8039377414760587,-0.0022193874886813347,0.0022146850687477953,0.9999993868963184,0.001107342308068627
1769099717.6628027,0.8120877717875957,-0.0022064947990410033,0.0009491507437759069,0.9999998873891103,0.00047457535407383506
1769099717.7128682,0.8248949776609495,-0.0022024428092457526,-0.0003163835811959814,0.9999999874876787,-0.00015819178993820856
1769099717.7627437,0.8333487465288443,-0.0022051174430040227,-0.0003163835811959814,0.9999999874876787,-0.00015819178993820856
1769099717.8129237,0.8418278246673988,-0.0022010934810401395,0.0012655343250188896,0.9999997998028657,0.0006327671202833868
1769099717.8628705,0.8545337451996692,-0.0021689338552368653,0.0037966029750095692,0.9999981982262723,0.0018983003474013986
1769099717.9127245,0.8630380518711153,-0.0021312648868789807,0.005062137300028361,0.9999967968474545,0.0025310659475472736
1769099717.9628322,0.8716182839831409,-0.002091902264568901,0.004112986556299445,0.9999978854184437,0.002056491828608599
1769099718.0130067,0.8844000955823412,-0.002045396573075564,0.003163835812570528,0.9999987487681298,0.0015819172465031757
1769099718.0632544,0.892853822562869,-0.002018650279662626,0.003163835812523626,0.9999987487681299,0.0015819172464797244
1769099718.1126993,0.9013834927492886,-0.001995711719759541,0.0022146850687946988,0.9999993868963184,0.0011073423080920786
1769099718.1626635,0.9138869554011474,-0.001975932251800927,0.0009491507437759078,0.9999998873891103,0.0004745753540738355
1769099718.212738,0.9225178982017331,-0.00197183621860475,4.698064853814188e-14,1.0,2.349032426907094e-14
1769099718.2627478,0.9349201337591009,-0.0019679123547753363,0.0006327671624860333,0.9999999499507152,0.0003163835759647593
1769099718.312991,0.9429436188363236,-0.001961566106096768,0.0009491507437759079,0.9999998873891103,0.00047457535407383555
1769099718.3627574,0.9510177252705031,-0.0019551798179904267,0.0006327671625329359,0.9999999499507152,0.0003163835759882106
1769099718.4128823,0.9636730507855644,-0.0019351601152486353,0.0025310686500376713,0.999999199211543,0.001265533987210391
1769099718.4628005,0.9720255149036457,-0.001903448972765176,0.005062137300028362,0.9999967968474545,0.002531065947547274
1769099718.5128925,0.98058038764233,-0.0018547292631367895,0.006327671625047153,0.9999949950756506,0.00316383053426885
1769099718.5628543,0.9934632818357513,-0.0017752474987702271,0.006011288043757277,0.9999954830554073,0.0030056394964347723
1769099718.612832,1.0020687428204402,-0.0017207942407164722,0.006644055206290116,0.9999944820713765,0.0033220214929057437
1769099718.6629033,1.009813672436706,-0.0016742366771183015,0.005378520881271319,0.9999963839413205,0.0026892571991270257
1769099718.7127614,1.0223676479045007,-0.0016186301094194278,0.0034802193937665733,0.9999984860095035,0.00174010881871335
1769099718.7627063,1.0306442046944015,-0.0015937536510719497,0.0025310686500376466,0.999999199211543,0.0012655339872103787
1769099718.8128235,1.0388954730758289,-0.001578090237215335,0.001265534325018855,0.9999997998028657,0.0006327671202833694
1769099718.8627076,1.0512470559419913,-0.001550735326342867,0.003163835812523601,0.9999987487681299,0.001581917246479712
1769099718.912996,1.0593717219244008,-0.0015186037723262658,0.004745753718785365,0.999997184729026,0.0023728746326284822
1769099718.9627166,1.0675469475033248,-0.0014733394347379303,0.006327671625000224,0.9999949950756507,0.003163830534245386
1769099719.0129077,1.079695833802037,-0.0013964642456146038,0.0063276716250002234,0.9999949950756507,0.0031638305342453856
1769099719.0628705,1.0876685482832285,-0.0013472761203239259,0.006011288043804143,0.9999954830554073,0.0030056394964582045
1769099719.1129405,1.0957678364885324,-0.0013011509491356321,0.005378520881271307,0.9999963839413205,0.0026892571991270196
1769099719.1629124,1.1077649659869095,-0.0012442150997635792,0.004112986556299408,0.9999978854184437,0.0020564918286085808
1769099719.2128735,1.1160668203289223,-0.0012153227086297846,0.0028474522312806174,0.999998986502145,0.0014237256346591547
1769099719.262796,1.1244699411901686,-0.0011940537874366441,0.002214685068794673,0.9999993868963184,0.0011073423080920658
1769099719.3129983,1.1368974781025052,-0.0011802922415915518,7.41594285980085e-17,1.0,3.707971429900425e-17
1769099719.362909,1.1446931695445046,-0.0011802922415915511,7.41594285980085e-17,1.0,3.707971429900425e-17
1769099719.412724,1.1567410555145192,-0.0011764804881551072,0.000632767162532921,0.9999999499507152,0.00031638357598820315
1769099719.4629092,1.1642330032198769,-0.0011622584955981452,0.0031638358125236055,0.9999987487681299,0.0015819172464797142
1769099719.5127094,1.1723323412854978,-0.00112638329482051,0.005694904462514284,0.9999959460106345,0.0028474483834090808
1769099719.5629191,1.1845065241559214,-0.00104742210031894,0.0072768223687760475,0.9999933809893286,0.0036384031568236627
1769099719.612725,1.1923020091995444,-0.0009906947390960464,0.0072768223687760475,0.9999933809893286,0.0036384031568236627
1769099719.6628513,1.2004771714938327,-0.0009350844082209875,0.006327671625047131,0.9999949950756506,0.003163830534268839
1769099719.7127163,1.2122970796837964,-0.0008696403040300282,0.0047457537187384664,0.9999971847290261,0.0023728746326050327
1769099719.7629554,1.220345809374397,-0.0008365358003450396,0.0034802193937665663,0.9999984860095035,0.0017401088187133464
1769099719.812945,1.2277618129288317,-0.0008165921872800297,0.0018983014875516952,0.9999995495564666,0.000949150601262905
1769099719.8628714,1.239657814149889,-0.0007940099633407932,0.0018983014875516952,0.9999995495564666,0.000949150601262905
1769099719.91293,1.2471244553318057,-0.0007810171755018303,0.001581917906308723,0.9999996871919835,0.0007909588706815926
1769099719.9630427,1.2587673417916028,-0.000755231806543577,0.002847452231280622,0.999998986502145,0.001423725634659157
1769099720.012757,1.266309880187698,-0.0007289820121609836,0.004112986556252516,0.9999978854184437,0.002056491828585135
1769099720.0627263,1.2739536323999519,-0.0006951247829540819,0.004745753718785358,0.999997184729026,0.0023728746326284788
1769099720.1128626,1.2848623892284496,-0.0006381769650278812,0.005694904462514273,0.9999959460106345,0.0028474483834090756
1769099720.1627374,1.2920758112877408,-0.0005959556292474133,0.0060112880438041435,0.9999954830554073,0.003005639496458205
1769099720.212977,1.299871361879237,-0.0005490937647202429,0.006011288043757245,0.9999954830554073,0.003005639496434756
1769099720.2626996,1.3116153681788132,-0.0004896434845687025,0.004112986556252511,0.9999978854184437,0.0020564918285851325
1769099720.3128457,1.3194869392824762,-0.0004610033458476437,0.0031638358125235895,0.9999987487681299,0.0015819172464797062
1769099720.3627255,1.3274091657856946,-0.00044471131732848335,0.000949150743775877,0.9999998873891103,0.0004745753540738201
1769099720.4130106,1.3391027015831067,-0.00044101167447152534,-0.0003163835811960222,0.9999999874876787,-0.00015819178993822894
1769099720.4630864,1.3466959058862906,-0.0004458164054526037,-0.0009491507437288636,0.9999998873891103,-0.0004745753540503134
1769099720.5128615,1.3543397315514947,-0.00045065316797554544,-0.0003163835811960222,0.9999999874876787,-0.00015819178993822894
1769099720.5628853,1.3658813905392924,-0.0004360467945607738,0.002847452231280612,0.999998986502145,0.001423725634659152
1769099720.6127167,1.3730189418548637,-0.00040668997641502,0.005378520881271302,0.9999963839413205,0.002689257199127017
1769099720.662916,1.380763871471137,-0.00036013241281729336,0.006644055206290095,0.9999944820713765,0.003322021492905733
1769099720.7128837,1.392330561690815,-0.0002777920272620804,0.007593205950019023,0.9999927929115822,0.0037965938541873524
1769099720.7627463,1.3999235831981447,-0.00022494041233223072,0.0063276716250002295,0.9999949950756507,0.0031638305342453887
1769099720.8127337,1.407592575222909,-0.00017762612038296766,0.00601128804380415,0.9999954830554073,0.003005639496458208
1769099720.8629992,1.4191340609154641,-0.00011189775143805036,0.005378520881271303,0.9999963839413205,0.0026892571991270174
1769099720.912731,1.4270056007643372,-7.578632158100618e-05,0.0037966029750564376,0.9999981982262723,0.0018983003474248325
1769099720.9630015,1.4348771805353069,-4.963662010659675e-05,0.0028474522312806234,0.999998986502145,0.0014237256346591577
1769099721.012924,1.446747849529105,-1.7713222618453983e-05,0.0025310686500376518,0.999999199211543,0.0012655339872103813
1769099721.062947,1.454543521722786,-4.482355819845907e-07,0.001898301487551702,0.9999995495564666,0.0009491506012629083
1769099721.1128857,1.4622379565551322,1.4158139051058674e-05,0.001898301487551702,0.9999995495564666,0.0009491506012629083
1769099721.1629012,1.4735517913292997,4.458406068952314e-05,0.003480219393766573,0.9999984860095035,0.0017401088187133497
1769099721.212872,1.4812208470703516,7.976657564645606e-05,0.005694904462561184,0.9999959460106345,0.0028474483834325303
1769099721.262968,1.4888139157016236,0.0001254112481259284,0.006327671625000235,0.9999949950756507,0.0031638305342453913
1769099721.3129475,1.500456548679529,0.00020645039101907514,0.007593205950019028,0.9999927929115822,0.003796593854187355
1769099721.362917,1.508277315817387,0.0002670734819112397,0.007909589531262003,0.9999921798093735,0.003954784456542642
1769099721.4129417,1.5160728003407988,0.0003238008393484648,0.006644055206290106,0.9999944820713765,0.0033220214929057384
1769099721.4627502,1.5278168195716721,0.0003795354807096807,0.002847452231280624,0.999998986502145,0.001423725634659158
1769099721.5133631,1.5351822130004253,0.000394682384139422,0.0012655343250188606,0.9999997998028657,0.0006327671202833722
1769099721.5627618,1.5425223101261385,0.00039932695719091527,4.696698759076856e-14,1.0,2.348349379538428e-14
1769099721.6128597,1.5541652251391793,0.00039564332992014783,-0.0006327671624858692,0.9999999499507152,-0.0003163835759646772
1769099721.662747,1.5619102946913292,0.00039564332992014783,0.0006327671625329274,0.9999999499507152,0.00031638357598820635
1769099721.713,1.5696553611424013,0.0004029945677110902,0.0012655343250188766,0.9999997998028657,0.0006327671202833803
1769099721.7629669,1.5810451191428274,0.0004354264471957414,0.004429370137542403,0.9999975475860254,0.002214683258329368
1769099721.8128793,1.5886635438858978,0.0004727870864940087,0.005378520881318217,0.9999963839413205,0.0026892571991504743
1769099721.862953,1.596307273144153,0.0005114810239970069,0.004745753718785375,0.999997184729026,0.0023728746326284874
1769099721.9129238,1.6076969359461923,0.0005691375533949383,0.005378520881271319,0.9999963839413205,0.0026892571991270257
1769099721.9630246,1.6153406391899434,0.0006126681837042014,0.006011288043804161,0.9999954830554073,0.0030056394964582136
1769099722.0128813,1.623212127823065,0.0006587412904686119,0.005694904462514296,0.9999959460106345,0.002847448383409087
1769099722.0628,1.634601790055056,0.0007163978169764107,0.004429370137495505,0.9999975475860255,0.0022146832583059195
1769099722.1127405,1.6424480457973847,0.0007461870779996715,0.003163835812523612,0.9999987487681299,0.0015819172464797175
1769099722.162949,1.6503449478395535,0.0007686731901124233,0.0025310686499907756,0.999999199211543,0.0012655339871869434
1769099722.2127402,1.661861299245728,0.000781425741077868,-0.000316383581195984,0.9999999874876787,-0.00015819178993820986
1769099722.2629116,1.669429192867902,0.0007850172772778663,0.001265534325065779,0.9999997998028657,0.0006327671203068313
1769099722.312863,1.6770730002973744,0.0008019459311379151,0.0031638358125236224,0.9999987487681299,0.0015819172464797227
1769099722.3630066,1.688589237579426,0.0008547777534770873,0.0060112880437572834,0.9999954830554073,0.0030056394964347753
1769099722.4129438,1.6961822754281133,0.0009052270584648525,0.007276822368776075,0.9999933809893286,0.0036384031568236766
1769099722.4629688,1.7039524224546871,0.0009654577648792184,0.008225973112505001,0.999991541682718,0.004112974959930872
1769099722.5128477,1.7155443819125704,0.0010534795920982276,0.006960438787486208,0.9999939440425981,0.0034802123683868023
1769099722.5629654,1.7232640074832066,0.0010986638195875642,0.004745753718785389,0.999997184729026,0.0023728746326284944
1769099722.6129158,1.7310343352184638,0.0011269355916803114,0.002531068650037677,0.999999199211543,0.0012655339872103938
1769099722.6629817,1.7427025428127432,0.001147239573353609,0.0009491507437759134,0.9999998873891103,0.0004745753540738383
1769099722.7129688,1.7506247864977393,0.001150999275377984,4.69862863894388e-14,1.0,2.34931431947194e-14
1769099722.7630055,1.7584457884957596,0.001149762057057302,-0.0003163835811959912,0.9999999874876787,-0.00015819178993821344
1769099722.812947,1.770114014388273,0.0011516078746183211,0.0006327671624860335,0.9999999499507152,0.0003163835759647594
1769099722.8627613,1.777808459489989,0.0011589110651026857,0.00126553432501888,0.9999997998028657,0.000632767120283382
1769099722.9128902,1.7852750894609022,0.0011766284918310888,0.003480219393766593,0.9999984860095035,0.0017401088187133597
1769099722.9627705,1.7965635594043219,0.0012230580787591094,0.004745753718785384,0.999997184729026,0.0023728746326284918
1769099723.0129123,1.8041566679390098,0.0012614957650214365,0.005378520881271328,0.9999963839413205,0.00268925719912703
1769099723.062741,1.811800356645265,0.001307444733017249,0.006644055206243227,0.9999944820713766,0.0033220214928822993
1769099723.1129217,1.8234936103517905,0.0013888362240841445,0.0072768223687760735,0.9999933809893286,0.0036384031568236757
1769099723.1629314,1.8315169120461883,0.001443413545716865,0.006327671625047146,0.9999949950756506,0.0031638305342688465
1769099723.2129917,1.8391352978967153,0.0014880052006134292,0.005378520881271332,0.9999963839413205,0.002689257199127032
1769099723.2629876,1.8509553042897802,0.0015310114338467073,0.001898301487504834,0.9999995495564666,0.0009491506012394745
1769099723.3129113,1.8583966327131658,0.0015451373356296272,0.001898301487504834,0.9999995495564666,0.0009491506012394745
1769099723.3629627,1.8659898320758983,0.0015547467951897431,0.0006327671625329349,0.9999999499507152,0.0003163835759882101
1769099723.412981,1.8775061869403882,0.0015674993499850132,0.0015819179063087537,0.9999996871919835,0.000790958870681608
1769099723.463013,1.8852765299724326,0.0015908543053959612,0.004429370137495518,0.9999975475860255,0.002214683258305926
1769099723.512737,1.8925659138009072,0.0016277544823610768,0.005694904462514309,0.9999959460106345,0.0028474483834090934
1769099723.5629795,1.904006089871972,0.0017037647622020202,0.007593205950019058,0.9999927929115822,0.0037965938541873697
1769099723.612748,1.9117003347217318,0.001759755403512031,0.0069604387875331075,0.9999939440425981,0.003480212368410251
1769099723.6629667,1.919369325978841,0.0018070696907246386,0.005378520881271344,0.9999963839413205,0.002689257199127038
1769099723.7128386,1.930885549427672,0.0018635450757109595,0.004429370137495524,0.9999975475860255,0.002214683258305929
1769099723.7627552,1.9386558779407317,0.001891816850632999,0.0028474522312806534,0.999998986502145,0.0014237256346591727
1769099723.8127842,1.9466287264976312,0.0019082129832117545,0.00126553432501889,0.9999997998028657,0.000632767120283387
1769099723.8629818,1.9585247459772301,0.0019157403947076546,4.7001898900722594e-14,1.0,2.3500949450361297e-14
1769099723.9129121,1.9663204368990046,0.0019182068234027128,0.0006327671625329516,0.9999999499507152,0.00031638357598821843
1769099723.9627895,1.9740908172656064,0.0019194360337966287,-0.0003163835812428673,0.9999999874876787,-0.0001581917899616515
1769099724.012956,1.9854300046284332,0.0019194360337948524,0.00031638358128997936,0.9999999874876787,0.00015819178998520753
1769099724.0627863,1.9928713299482057,0.0019335619296860784,0.0034802193937666136,0.9999984860095035,0.00174010881871337
1769099724.1132314,2.000439165745249,0.0019634913231199036,0.0044293701375424325,0.9999975475860254,0.002214683258329383
1769099724.1627848,2.0119553269447716,0.0020308972928377855,0.007276822368776095,0.9999933809893286,0.0036384031568236865
1769099724.2128875,2.0196748729240888,0.002088293284106868,0.007593205950019075,0.9999927929115822,0.0037965938541873784
1769099724.2629573,2.0275462599139704,0.0021493087574633307,0.007909589531262045,0.9999921798093735,0.003954784456542662
1769099724.3129878,2.0391889156177974,0.0022266643429587063,0.005378520881271354,0.9999963839413205,0.002689257199127043
1769099724.3629966,2.046857972126507,0.0022618468614377107,0.003796602975009591,0.9999981982262723,0.0018983003474014094
1769099724.4128568,2.0546283169734187,0.0022852018223034065,0.0022146850687947196,0.9999993868963184,0.001107342308092089
1769099724.4630606,2.0663471317823126,0.002313009178969594,0.002531068650037703,0.999999199211543,0.0012655339872104068
1769099724.5129302,2.0740921873795997,0.002327711647191144,0.001265534325018906,0.9999997998028657,0.0006327671202833949
1769099724.5630426,2.0818625560791446,0.0023412329547607413,0.002214685068794725,0.9999993868963184,0.0011073423080920919
1769099724.6129322,2.0931257332149675,0.002382213205256445,0.0050621373000283775,0.9999967968474545,0.002531065947547282
1769099724.6630254,2.100744158212232,0.002419573845802603,0.0047457537187854055,0.999997184729026,0.0023728746326285026
1769099724.7127743,2.108337253825812,0.002460413862927169,0.006011288043804196,0.9999954830554073,0.0030056394964582313
1769099724.7635405,2.119676236504347,0.002528576574966659,0.006011288043757304,0.9999954830554073,0.0030056394964347857
1769099724.8127685,2.1273452431147524,0.0025734645214257057,0.005694904462514332,0.9999959460106345,0.002847448383409105
1769099724.8630316,2.13511547569906,0.0026214034228893013,0.006644055206290154,0.9999944820713765,0.0033220214929057623
1769099724.9127803,2.1468593225135533,0.0027068628185098476,0.00790958953126205,0.9999921798093735,0.003954784456542665
1769099724.962973,2.154983767015966,0.002774981097079632,0.008858740275037868,0.9999901903561307,0.004429355653994924
1769099725.0127463,2.1627283843316154,0.0028582934824719075,0.012655343250000447,0.9999799803527012,0.0063276293990258145
1769099725.0630279,2.1743701152788266,0.003024051046093934,0.015819179062570864,0.9999687193598044,0.007909507058772037
1769099725.1129014,2.1821139651046813,0.003161266912836691,0.019615782037486543,0.9999519030224404,0.009807733774934326
1769099725.1632016,2.189528087668224,0.003329013552781479,0.02562707008129063,0.9999179077830943,0.012813184408227046
1769099725.2128487,2.200988555176813,0.0036753927735915237,0.03480219393752445,0.9998486047323839,0.017400218811987944
1769099725.2628045,2.2087026908837424,0.003969630760107368,0.04144624914376758,0.9997852837382746,0.020721641353371817
1769099725.3128443,2.215909099981563,0.004290180447524161,0.04745753718752476,0.9997184859798608,0.02372654189162391
1769099725.3628092,2.2269811414910654,0.004847629683371268,0.05315244165003898,0.9996468730283969,0.026573092491242897
1769099725.4131026,2.234714609696164,0.005271339320779944,0.056316277462515614,0.9996035858050669,0.028154417870952346
1769099725.4628162,2.242396019458721,0.005719015185273069,0.06011288043752508,0.9995483392043626,0.0300519149772593
1769099725.5129402,2.253965094875304,0.006452046887937879,0.06644055206252528,0.9994482573743239,0.03321416612572729
1769099725.5629802,2.2617427544745707,0.006981920007605336,0.06960438787500191,0.9993944647705907,0.03479516900238517
1769099725.612895,2.2696450212446586,0.007544148910973991,0.07245184010628247,0.9993439131123734,0.036217997256186345
1769099725.6630383,2.281329648110205,0.008438673344123293,0.08036142963754436,0.9991928636798755,0.040169903798860956
1769099725.7127793,2.2890491282042653,0.009067735692037893,0.08225973112500219,0.99915428631157,0.04111827021188002
1769099725.7629774,2.2967163401210393,0.009714520852071029,0.08605633410001169,0.9990744312349993,0.043014891054873834
1769099725.813003,2.308085547265237,0.010737022521626782,0.09333315646874077,0.998911312835274,0.046649641903334677
1769099725.8630548,2.3157191120329172,0.0114747146220755,0.09934444451254486,0.9987665888020206,0.049651798484803514
1769099725.9127748,2.3231464346726285,0.012239942128404735,0.10598849971878799,0.9985961333375454,0.05296944858409646
1769099725.9628618,2.3347196358756004,0.013511930619699353,0.11294893850627409,0.9984057409517912,0.05644445441763674
1769099726.0127804,2.342362828232724,0.014398511072903464,0.11801107580625543,0.9982596782693977,0.05897130439017422
1769099726.0630443,2.3500534504988306,0.015315261599360142,0.11927661013132114,0.9982221633182111,0.05960295848622498
1769099726.112796,2.3612587995607663,0.016683351667427626,0.12370598026876965,0.9980877135899247,0.061813558228243984
1769099726.1628108,2.3691197275051956,0.017667100932098556,0.12528789817503144,0.9980385093978792,0.06260298522322627
1769099726.212814,2.376827809097064,0.01864906552546408,0.1281353504062651,0.9979483684131237,0.06402385478541837
1769099726.2629483,2.3883700039504627,0.020177031092066366,0.13509578919379808,0.9977195082690178,0.06749653931446721
1769099726.3129034,2.3960667327953247,0.021244287677244955,0.14047431007502242,0.9975343849024643,0.07017941961331889
1769099726.362793,2.4036325249590336,0.022333672967226548,0.1455364473750507,0.9973535609084582,0.07270402013106642
1769099726.412993,2.41496981296853,0.024044905706822606,0.15407880406879856,0.9970339326871549,0.07696321894506365
1769099726.463141,2.422370820893788,0.025208747155886835,0.1578754070438081,0.9968860369523489,0.07885575013554873
1769099726.5128932,2.4298413625583635,0.026418667768449255,0.16325392792503243,0.9966703687601999,0.08153634794008893
1769099726.5628083,2.4412722587167544,0.028346168015339623,0.17084713387500447,0.9963536252712485,0.08531971289708228
1769099726.6128051,2.4489271969116375,0.029680588254993978,0.17432735326877097,0.9962036512165063,0.08705334745373926
1769099726.6628199,2.4564756226452236,0.03103584852260788,0.18097140847506102,0.9959089611445938,0.09036227704023396
1769099726.712859,2.4679973659097287,0.033176057858432806,0.18634992935628536,0.9956623524752931,0.0930402056283476
1769099726.7628074,2.475804983407978,0.0346608796349166,0.18951376516880888,0.9955139247649263,0.0946151446605283
1769099726.8128378,2.4833356669203113,0.03611155926202958,0.19109568307502378,0.9954387766722245,0.09540252563378573
1769099726.86291,2.4948358684901413,0.038364668452236295,0.19584143679380908,0.9952095960093651,0.0977643084713247
1769099726.9128532,2.502156781940496,0.039832676448245286,0.19995442335001465,0.9950064400560126,0.09981074214262056
1769099726.9630468,2.5096694744552965,0.04137378598321728,0.20470017706879995,0.994766800465169,0.10217148668924617
1769099727.0128036,2.5204895826078766,0.043668377149473026,0.21324253376250094,0.9943213354164999,0.10641936823505498
1769099727.0629787,2.5275600772517786,0.04522047410685914,0.21893743822501516,0.9940142807903359,0.1092502154911887
1769099727.1127954,2.5382500010371256,0.04763632287330988,0.22558149343125833,0.9936458643265202,0.11255174946131494
1769099727.1629918,2.5456969024800316,0.04936018042562673,0.22937809640631468,0.9934304169764016,0.114437784957998
1769099727.212784,2.5531366491382004,0.05111465193566267,0.23380746654376322,0.9931745372273029,0.11663763802192115
1769099727.2628465,2.564627710703482,0.053884075879066184,0.2391859874250345,0.9928572772421578,0.11930811802760598
1769099727.3127599,2.5723454156647048,0.05578159891070289,0.242982590400044,0.9926290056961007,0.12119264437568217
1769099727.362812,2.5795404791819596,0.0575784081405315,0.24646280979381047,0.9924166144759781,0.12291974337769274
1769099727.4128017,2.590505876320503,0.06036473817808696,0.251208563512502,0.992122147413385,0.12527427753474962
1769099727.4628289,2.598005405183099,0.06229945913695856,0.25373963216253953,0.991962814077478,0.12652974151356994
1769099727.5128775,2.605426229921063,0.06423517561347358,0.25658708439377326,0.9917816650887571,0.1279418961629558
1769099727.5628045,2.616531784035211,0.06718653051293533,0.2629147560187734,0.9913719148188626,0.1310790849387569
1769099727.6128082,2.6240042883340644,0.06922309372746094,0.2692424276437736,0.9909522410660967,0.1342149616327502
1769099727.6628118,2.6312934381865776,0.07125807792418315,0.27525371568753076,0.9905443632000339,0.13719280058603378
1769099727.7127826,2.6419477379528398,0.07432176178917893,0.28474522312500755,0.98988212781296,0.1418921175981482
1769099727.762822,2.6488905828555738,0.07637062978897657,0.28917459326254985,0.9895654541148631,0.1440840449961229
1769099727.8127995,2.659819801782426,0.07966555837710376,0.2964514156312789,0.9890346683264039,0.1476835293744034
1769099727.862818,2.6671995979964613,0.08193122660016217,0.29929886786255955,0.9888234051153018,0.14909149370832608
1769099727.9128778,2.674621262525614,0.08423289380162702,0.30214632009374626,0.9886101375634067,0.15049915583438422
1769099727.9628334,2.68599296474774,0.08781091484760628,0.3075248409750176,0.9882018317528479,0.15315723855017785
1769099728.0129304,2.693490375460942,0.09020908118819526,0.3116378275312699,0.9878847755099135,0.15518914367869854
1769099728.0628083,2.7008823168354485,0.0926044848826364,0.31511804692503653,0.9876132338642678,0.1569079357335473
1769099728.1127822,2.7119439053000374,0.09623746260132027,0.319547417062485,0.9872633104494111,0.15909480142503038
1769099728.1628127,2.7190750071922616,0.09861584156356296,0.3242931707812704,0.986883019017185,0.161437005595144
1769099728.2127936,2.726242685961817,0.10104427980304975,0.3290389245000088,0.9864971708987265,0.16377830078740258
1769099728.2630255,2.7333736574872325,0.1035018545118056,0.334733828962523,0.9860268213918719,0.16658663660642606
1769099728.3128872,2.744306767113497,0.10735511884109283,0.3429598020750279,0.9853333145991466,0.17064073119000364
1769099728.3630123,2.751664352083125,0.11000725637780251,0.3489710901187851,0.9848159793817941,0.17360151714278774
1769099728.4129353,2.76256842958347,0.11401591521948795,0.35561514532502825,0.9842338372663675,0.17687213907204744
1769099728.463022,2.7697539174829857,0.11669628864775161,0.35846259755626186,0.983981022349035,0.17827323875710585
1769099728.5128026,2.777074751234151,0.11944827747043973,0.36067728262505655,0.9837830095669712,0.1793627332735336
1769099728.5629745,2.784245717629986,0.12216725878598833,0.3641575020187762,0.9834694094549304,0.18107435121068477
1769099728.6132126,2.7951631818307585,0.12635623995654965,0.36858687215627167,0.9830659752466723,0.18325198037759127
1769099728.6628644,2.802549274508171,0.12922112327112867,0.3714343243875053,0.9828040783693538,0.18465141088159903
1769099728.712773,2.8098532900251088,0.13208745379149445,0.3764964616875336,0.9823335653997195,0.18713836135083345
1769099728.7628229,2.820618722427856,0.13638701336130254,0.3834569004750666,0.9816763351897158,0.19055595747309742
1769099728.8128068,2.8276302685158416,0.1392350219081031,0.3882026541937581,0.9812214061072484,0.19288481587961875
1769099728.8629544,2.834580503025337,0.1420991990639966,0.39358117507502927,0.9806991410733598,0.19552287512711758
1769099728.9141448,2.845009287874727,0.14648592430244367,0.4027562989312631,0.9797918511777455,0.20001981993214243
1769099728.9628487,2.852057613988951,0.14950861621665923,0.40750205265004835,0.9793144708414464,0.2023441800510649
1769099729.0128863,2.8590431610378086,0.15254897037167292,0.41351334069375867,0.9787018736728125,0.20528673232658315
1769099729.0630898,2.869898944330553,0.15735161000077325,0.41952462873756274,0.9780804350198967,0.2082274300645562
1769099729.112964,2.8771039301157377,0.16058420144531738,0.42395399887501134,0.9776168785584906,0.21039305776938905
1769099729.1628485,2.8840209455078556,0.16371655581284061,0.42648506752500204,0.9773498361289036,0.2116300966753203
1769099729.2128937,2.894730769191547,0.16859713219532946,0.4286997525937496,0.9771148899524116,0.2127122277474583
1769099729.2629879,2.901401802936082,0.1716588830694432,0.43186358840627315,0.9767771742135097,0.21425767649134755
1769099729.3129904,2.908337739649916,0.17487148448616496,0.43566019138123574,0.9763686888603476,0.21611150689661543
1769099729.3628325,2.918852232198195,0.17981249644935748,0.4429370137500587,0.975575925476653,0.21966249937204121
1769099729.4128883,2.9258860623223515,0.18317372756239259,0.448631918212526,0.9749464928734985,0.22243951095447317
1769099729.4628484,2.9327173892141523,0.1864887776552322,0.45495958983752616,0.9742378524232768,0.22552296314495712
1769099729.5141556,2.9429967882012797,0.19156780191283906,0.462869179368788,0.9733383389883161,0.22937410022813368
1769099729.5630567,2.9498518799059434,0.19500630632838134,0.4669821659249936,0.9728645748222137,0.2313752775384471
1769099729.612806,2.956647616747886,0.19845009416925707,0.4710951524812929,0.9723866962531271,0.23337547632501723
1769099729.6630018,2.9669821442714692,0.20375723960789394,0.4777392076875361,0.9716060523444796,0.2366044780801421
1769099729.7129276,2.973853273973935,0.20733125904423844,0.48153581066254547,0.9711551553672846,0.2384484518791124
1769099729.7630599,2.980868239340067,0.2110125850847,0.48501603005626515,0.9707387587936909,0.2401380065205931
1769099729.8151493,2.991315478566289,0.21654156267719182,0.48849624945003167,0.9703194228415807,0.2418268340287771
1769099729.8630388,2.9982635087436793,0.2202412005353933,0.4900781673562466,0.9701278442383542,0.2425942411382505
1769099729.920133,3.0046449225231955,0.22365859070344918,0.493242003168817,0.9697428663695183,0.24412859956471802
1769099729.9632,3.0147044763587787,0.22910729562524623,0.4995696747937703,0.9689656313622542,0.2471954798105095
1769099730.01279,3.0212262170369764,0.23269063444766935,0.5052645792562376,0.9682578268165226,0.24995355730324179
1769099730.0628848,3.02772514877525,0.2363151662722226,0.5122250180437706,0.9673820716267144,0.25332178645984316
1769099730.1128657,3.0373607292282685,0.24179747641896532,0.5223492926437802,0.9660873327697872,0.25821554070535424
1769099730.1630414,3.043689079537824,0.2454659843652116,0.5283605806874906,0.9653068661791022,0.2611180846044195
1769099730.2151675,3.053621196293368,0.2512951703961819,0.5331063344063229,0.9646845480996165,0.2634079016617362
1769099730.2628984,3.0601545970029562,0.2551644602111751,0.5362701702187994,0.9642666515530737,0.2649336232014034
1769099730.3221877,3.0668285130086437,0.25914411113036495,0.5391176224499862,0.9638884814800682,0.2663062058421624
1769099730.3630836,3.0768689554238042,0.26518733708692754,0.5444961433312574,0.9631688301215255,0.2688973869012712
1769099730.4135642,3.0832268605137774,0.26905393049701587,0.5482927463062668,0.962656646706262,0.2707252861338499
1769099730.462854,3.0928907793487896,0.2749856787109528,0.5527221164437622,0.9620547151148484,0.2728566017623322
1769099730.5132809,3.0994748625369475,0.27906439013625506,0.5565187194187718,0.9615350179280219,0.27468237893639735
1769099730.562842,3.1060212993995204,0.2831556937568802,0.5606317059750712,0.9609681026160618,0.27665918700539494
1769099730.6165721,3.1154771771574894,0.28913416879846565,0.5669593776000245,0.9600879902599855,0.2796981425725635
1769099730.6630578,3.1218280640126284,0.2932031569403295,0.5726542820625389,0.9592876720495722,0.28243080967506423
1769099730.7127974,3.128304976188257,0.2974036509502893,0.578032802943763,0.9585246741208924,0.2850095596667541
1769099730.7630126,3.13789924102109,0.3037276812726193,0.5875243103812868,0.9571613000088323,0.2895552551161907
1769099730.8129494,3.1439357427233587,0.3077685562688599,0.5922700641000251,0.9564715270208043,0.2918256637077878
1769099730.8630736,3.1503534150758847,0.31210439758227304,0.5960666670750348,0.9559158309167385,0.29364080813599697
1769099730.9151998,3.160055566256796,0.3187220427564319,0.601128804375063,0.9551695447222281,0.2960593535680496
1769099730.9631152,3.1663392210611665,0.3230298818383801,0.6008124207937732,0.9552163669299227,0.29590824988364095
1769099731.012931,3.172873387020532,0.3275094620132961,0.601128804375063,0.9551695447222281,0.2960593535680496
1769099731.0630126,3.182616097034699,0.3342023025260987,0.6027107222812779,0.9549350751655985,0.29681476078266855
1769099731.1127982,3.188723442267068,0.33840918355840444,0.6036598730250068,0.9547941066593243,0.2972679160094861
1769099731.1630888,3.1950538520588307,0.3427830188119123,0.6055581745125114,0.9545115245572836,0.2981740255074712
1769099731.2131774,3.2042062621750325,0.34912805665931934,0.6068237088375302,0.9543226587473481,0.29877794932255713
1769099731.2631164,3.2103565774722806,0.3534062709525734,0.6087220103250349,0.9540386436086412,0.29968361066528837
1769099731.3182464,3.219405846341564,0.35972228860208233,0.6099875446500069,0.953848822677529,0.30028723495462123
1769099731.3630648,3.2257326872194128,0.3641456096319189,0.6103039282312499,0.953801307767466,0.3004381222499431
1769099731.4144425,3.2320152585697004,0.36854390141643645,0.6112530789750256,0.953658619830808,0.3008907390106886
1769099731.4628751,3.241486752806967,0.37518362343012157,0.6115694625562684,0.953611009453738,0.3010415962099304
1769099731.514341,3.247889471530925,0.3796750894186012,0.6118858461375583,0.9535633752128863,0.30119244587573624
1769099731.5628486,3.254252160007554,0.3841354714540195,0.6109366953937826,0.953706206342912,0.3007398742817635
1769099731.6128812,3.260623302251605,0.3885837658232929,0.6080892431625486,0.9541334108320897,0.2993817535086644
1769099731.6628625,3.270270696946588,0.3952810011995749,0.6055581745125111,0.9545115245572837,0.298174025507471
1769099731.71316,3.276746165132499,0.3997565743920304,0.6039762566062963,0.954747069368895,0.29741895287877396
1769099731.7632291,3.2831036401207814,0.4041357506010024,0.6023943387000346,0.9549820168754394,0.2966636941799891
1769099731.812881,3.292574111223262,0.4106437795804201,0.6017615715375018,0.9550758285997029,0.29636153870667997
1769099731.8635292,3.298877957755172,0.4149669274205703,0.6004960372125299,0.9552631652336622,0.29575713879425636
1769099731.9130895,3.3051063951123734,0.4192209983904869,0.5979649685625392,0.9556366909810433,0.2945479839530426
1769099731.963599,3.314643901503769,0.42567562265573855,0.591953680518782,0.956517679477224,0.29167435411346443
1769099732.0130475,3.3210386438153314,0.4299548415924268,0.5875243103812866,0.9571613000088323,0.28955525511619057
1769099732.0629773,3.327435861308261,0.43418462525078716,0.5808802551750436,0.9581179272419708,0.28637394696017593
1769099732.1128867,3.3373468376399793,0.4406255964282856,0.571705131318763,0.9594215987248369,0.2819755235836579
1769099732.1629457,3.3440387167326753,0.444913056950895,0.5679085283437535,0.9599551442985841,0.28015374517340397
1769099732.2132907,3.3506433196728542,0.44910198841827276,0.5625300074625291,0.9607050785205161,0.2775711658384007
1769099732.264643,3.3605322161797453,0.455295277124814,0.556518719418772,0.9615350179280219,0.2746823789363974
1769099732.312892,3.3670093502287424,0.4593063179410142,0.5524057328625664,0.96209786675154,0.27270440919086025
1769099732.3628287,3.3734807258521284,0.4632784716243279,0.5486091298875101,0.9626138081435914,0.2708775671245093
1769099732.41307,3.3832159488552183,0.4691905634553444,0.5429142254250428,0.9633812156080542,0.26813547585790964
1769099732.462957,3.389699955954972,0.47309321220203726,0.540699540356248,0.9636775427122021,0.26706851868419823
1769099732.5130327,3.3962583545453477,0.4770194665087879,0.5381684717063042,0.9640147552976459,0.2658487381358428
1769099732.5652885,3.406225191994868,0.48293919803982455,0.5337391015688088,0.9646011618839796,0.26371309882536476
1769099732.6128902,3.412966540970358,0.48690432124784766,0.5296261150125094,0.9651414459889849,0.2617288467752291
1769099732.662955,3.4196628407305516,0.4907960406294025,0.5232984433875093,0.9659646812461816,0.25867399286546533
1769099732.7130525,3.4299088535612365,0.49663854573242094,0.5131741687875465,0.9672617424124549,0.2537808536222183
1769099732.7630486,3.4367124497756736,0.5004442888706704,0.5068464971624994,0.9680598209543108,0.25071933123297
1769099732.81285,3.443384239036923,0.5041224472431691,0.500835209118789,0.9688090202062049,0.24780855991489342
1769099732.8630915,3.453588189520321,0.5096765348871937,0.49608945540005067,0.9693943113918555,0.2455089999187614
1769099732.9129531,3.4603573932102685,0.5133347331100397,0.49482392107503187,0.9695494673447745,0.2448955499217247
1769099732.9631655,3.4671129597215553,0.5169648762967654,0.4913437016812654,0.9699741443621774,0.24320805757388403
1769099733.0135255,3.476836159195707,0.5221303772159545,0.48533241363750823,0.9707007587864063,0.24029156641774807
1769099733.0628781,3.4833623773552365,0.5255446909206539,0.4786883584313119,0.9714936562770973,0.23706555172221297
1769099733.1129375,3.493211097636233,0.5305787538565397,0.46634939876250764,0.9729377294687349,0.2310674675851683
1769099733.1630216,3.500168745258083,0.5340384464219048,0.4565415077437878,0.97405916828563,0.22629347467107142
1769099733.2129655,3.507137750005616,0.5374175840069058,0.4464172331437782,0.9751922118116805,0.22135977507632812
1769099733.2630315,3.5142534429982493,0.5407834323551752,0.43724210928754437,0.9761974481309584,0.21688370677071342
1769099733.312822,3.5249730220327065,0.5457033116026409,0.4233212317125253,0.9776833945374402,0.21008374531540513
1769099733.36288,3.5321172971040484,0.5488856120343342,0.4147788750187774,0.9785717790450554,0.20590598159498744
1769099733.4129727,3.5392193594702412,0.5519753415088842,0.4059201347437866,0.9794742104281667,0.20156951928830738
1769099733.4631963,3.5493586814170617,0.5562667613852303,0.3948467094000011,0.980575224293563,0.1961433901553366
1769099733.5129597,3.5563557090470366,0.5591502218885489,0.3869371198687861,0.9813432608390208,0.1922638926211515
1769099733.562884,3.566926373357402,0.563391395363884,0.3761800781062906,0.9823631568607989,0.1869829619042481
1769099733.6129305,3.5735747789051433,0.5659883140566089,0.36858687215627167,0.9830659752466723,0.18325198037759127
1769099733.662988,3.5807861156735754,0.5687434989803928,0.3613100497874957,0.9837262129063914,0.1796739770830742
1769099733.7163463,3.591844157700663,0.5728465300487116,0.3492874737000282,0.9847885047247233,0.17375730477319115
1769099733.7631009,3.599372256257823,0.5755480270649138,0.3397959662625514,0.9856020212343181,0.16908180191501024
1769099733.81283,3.6066631213947073,0.5780852485287357,0.32998807524373786,0.9864193346633204,0.16424644958833143
1769099733.862886,3.6176089058348806,0.5817455310868066,0.3154344305062796,0.9875883999597208,0.15706416607551973
1769099733.912896,3.624862278734485,0.5840757607200905,0.30625930664999895,0.988298546782461,0.15253190626120072
1769099733.963134,3.6321850613757376,0.5863543830215561,0.29708418279376514,0.9889878941827914,0.14799643630806672
1769099734.0158222,3.642827500168027,0.5895481665487508,0.2860107574500265,0.9897921449747512,0.14251845405518915
1769099734.0628898,3.6501935747563756,0.5916827195077349,0.27810116791876466,0.9903480343783648,0.13860292494355655
1769099734.1128583,3.6573307468515104,0.5936971987970002,0.2720898798750543,0.9907601514566946,0.1356256697145033
1769099734.1630683,3.66861174760408,0.5967755677116396,0.2607000709500259,0.9915164564215474,0.12998121650937755
1769099734.2129939,3.675881996819643,0.5986867541836781,0.25342324858129683,0.991982817632014,0.12637281955725493
1769099734.2630959,3.683413022038107,0.6006004032302809,0.2442481247250161,0.99255212025404,0.12182072311068294
1769099734.3143477,3.694880672162743,0.6033584271411631,0.22779617850005318,0.9935206218045542,0.11365198656025254
1769099734.3629422,3.7024349214460988,0.6050668912774796,0.21703913673751066,0.99411752795075,0.10830669702788302
1769099734.4129517,3.7096596950666223,0.6066241275945823,0.2075476293000339,0.9946203281064221,0.1035876581329705
1769099734.463148,3.7210417291215148,0.6089514668124381,0.19584143679380944,0.9952095960093651,0.09776430847132486
1769099734.512985,3.728619318526273,0.6104261060106428,0.18856461442503342,0.9955587146749955,0.09414268763250215
1769099734.5628905,3.736081500360609,0.6118305616874469,0.18350247712505208,0.9957938070994394,0.09162256131763821
1769099734.6135545,3.74731563687266,0.6138549008128664,0.17306181894375253,0.9962585362753694,0.08642296511031272
1769099734.6630657,3.7548011103197654,0.6151292974585539,0.1642030786688086,0.9966315613830693,0.08200933395135765
1769099734.7129714,3.762447508832832,0.6163614938140527,0.15534433839377085,0.996985033289401,0.0775940938276358
1769099734.7629898,3.7738364321324194,0.6180694658064503,0.14237261156252756,0.9974673247312307,0.07112619836264052
1769099734.8128388,3.7816085238890746,0.6191459193951239,0.13288110412500384,0.9977936383371467,0.06639168090897558
1769099734.8628957,3.789365223195114,0.6201465497274983,0.12370598026876999,0.9980877135899247,0.06181355822824415
1769099734.9148085,3.800927523320433,0.6215136894777484,0.11168340418125562,0.9984412572687009,0.05581268479204247
1769099734.9631784,3.808853880827114,0.6223734408245523,0.10440658181252654,0.9986377176239012,0.052179583544960245
1769099735.0130022,3.816359243865572,0.6231215195764223,0.09428230721251689,0.9988890615766587,0.04712369534005426
1769099735.062921,3.8277804319229545,0.6241304852602748,0.08194334754380643,0.9991607783825945,0.040960211692419056
1769099735.1134338,3.835401097953548,0.62472480497676,0.07371737443130151,0.9993207954887595,0.036850341975520014
1769099735.1631343,3.8430012276714547,0.6252534552023332,0.06517501773750675,0.9994690741198988,0.0325817414806556
1769099735.215437,3.8543708331685442,0.6259305192715969,0.053785208812525215,0.999638415706759,0.026889363013669437
1769099735.263142,3.8621063285715604,0.6263150748456789,0.0455592357000203,0.9997405557246353,0.022777647802118734
1769099735.3128457,3.8699967544002325,0.6266347889946574,0.03543496110001065,0.999843049547226,0.01771655361810813
1769099735.3631167,3.8818878587262113,0.626973474050159,0.02151408352503843,0.9999421435841624,0.0107568343070919
1769099735.4147944,3.8896571364549755,0.627102534694869,0.011706192506318651,0.9999828706810281,0.005853062833270264
1769099735.4632506,3.8975032425790577,0.6271546654241912,0.0015819179062621174,0.9999996871919835,0.00079095887065829
1769099735.516526,3.9089434677018926,0.6271003725256726,-0.011073425343738215,0.9999846724455504,-0.0055366843837518845
1769099735.562934,3.9165611041863126,0.6269858843887927,-0.018983014874953248,0.9999549559814468,-0.009491364925169629
1769099735.6245377,3.924127103041215,0.6268170964705139,-0.025627070081196385,0.999917907783095,-0.012813184408179927
1769099735.6630118,3.935637934284538,0.6264619045948355,-0.03606772826249589,0.999837394279209,-0.018032886650826155
1769099735.7130864,3.943351691445908,0.6261579043430235,-0.04271178346869213,0.9997719716108001,-0.02135426845980422
1769099735.7629914,3.9511893819822452,0.6257906378290456,-0.05093775658119704,0.9996756856507918,-0.025466124923502153
1769099735.8131185,3.9626361439256463,0.6251325998746897,-0.06390948341248724,0.9994894906837849,-0.031949303790040864
1769099735.8631086,3.9701359293708993,0.6246204657245507,-0.07245184010623514,0.9993439131123742,-0.03621799725616269
1769099735.9131076,3.9779081794612323,0.6240167981933955,-0.08257611470619786,0.9991477692370666,-0.04127632770237091
1769099735.9632213,3.9895287210474857,0.6229642794994973,-0.09807891018743184,0.9987978068773581,-0.04901980188637723
1769099736.0130367,3.9973087706560424,0.6221651985142351,-0.10662126688122661,0.9985793246949645,-0.05328538534859969
1769099736.0629137,4.0050569687999795,0.6213061649964693,-0.1142144728311987,0.998369824878948,-0.05707620144314812
1769099736.1131308,4.0162644166284185,0.6199558087703889,-0.12560428175622715,0.9980285936318127,-0.06276086593814638
1769099736.1630886,4.023819689558995,0.618976302174403,-0.13224833696247026,0.9978145936357106,-0.06607599206672372
1769099736.2132452,4.031242734279761,0.6179625501772392,-0.1392087757500033,0.9975785924281909,-0.06954819860348169
1769099736.2631447,4.0425874532582995,0.6163015565916747,-0.15154773541871375,0.9971305338432322,-0.07570137698556516
1769099736.312917,4.050164034359101,0.6151137897800478,-0.15945732494997567,0.9968233534633366,-0.07964422132275369
1769099736.363085,4.0578292567619565,0.6138399632124466,-0.1698979831311814,0.9963940037039399,-0.08484685841463414
1769099736.4129512,4.0694884517588585,0.6117485505555993,-0.18508439503121926,0.9957210259295316,-0.09241016460239118
1769099736.4631848,4.077144543707544,0.6102799921833169,-0.19394313530621013,0.9953019407758081,-0.09681966064756573
1769099736.513217,4.084787814964297,0.6087460864285839,-0.20216910841871502,0.9948953053563291,-0.10091249367613828
1769099736.5629141,4.096078692487856,0.606353526859039,-0.2154572188312482,0.9942028831255839,-0.10752035707147023
1769099736.6129184,4.103637253536524,0.6046641858772525,-0.22431595910623903,0.9937168844478552,-0.11192298049662565
1769099736.6631012,4.111033739367004,0.602947067088747,-0.2319091650562111,0.9932847965425136,-0.11569491327408282
1769099736.7132132,4.118416973658429,0.6011738353012498,-0.23950237100623004,0.9928383912544636,-0.11946517840462437
1769099736.7631462,4.129515154469515,0.5983967121207892,-0.25089217993125845,0.9921419523618334,-0.12511733038891734
1769099736.8131187,4.136521060508322,0.5965751440838376,-0.25785261871874454,0.9917005091117143,-0.12856943737749932
1769099736.8630455,4.1473239027404505,0.5936676131289582,-0.2679768933187073,0.9910369694950723,-0.13358789276735825
1769099736.9129214,4.154515527844514,0.5916598558826902,-0.27651925001245514,0.9904573538025471,-0.13781955702459647
1769099736.963081,4.1621021241458145,0.5894679028815257,-0.28601075744997884,0.9897921449747547,-0.14251845405516553
1769099737.0131729,4.1733199214435635,0.5860782291227441,-0.30088078576872695,0.9887051705639326,-0.14987356571505533
1769099737.0631645,4.180560493614281,0.5837912226181677,-0.31100506036873654,0.9879338253632187,-0.1548765853936525
1769099737.11318,4.187922646863359,0.5813861530614033,-0.32049656780621333,0.9871876968010975,-0.15956331434432036
1769099737.1632214,4.198783151458932,0.5777104007567022,-0.33220276031248475,0.9862368528434156,-0.16533865275099766
1769099737.213239,4.205618717685409,0.5753279858855975,-0.33853043193748494,0.985708813324512,-0.16845811151257264
1769099737.2629395,4.212962885269846,0.572713456828114,-0.345490870724971,0.9851165739106867,-0.1718875673411851
1769099737.3132112,4.2233746986989935,0.5689063219042785,-0.3556151453249807,0.9842338372663717,-0.17687213907202404
1769099737.3631303,4.230576625135699,0.5661977314057406,-0.36384111843748557,0.9834980416251837,-0.1809187721587466
1769099737.4131818,4.24156970990116,0.5619237784550182,-0.37776199601250454,0.9822149537373527,-0.18775991226758199
1769099737.4632852,4.248260634812984,0.5592281723967276,-0.3882026541937572,0.9812214061072484,-0.19288481587961837
1769099737.5129383,4.25506510538028,0.5564089418580279,-0.3973777780499911,0.9803262129336386,-0.1973841843593104
1769099737.5631492,4.265817086047247,0.5518120177679966,-0.4106658884624773,0.9789931537438317,-0.203893121322683
1769099737.6133444,4.27301970729624,0.548636443959591,-0.4198410123187112,0.9780474829119689,-0.2083821517538438
1769099737.6633012,4.2797344761640925,0.5456097459618938,-0.42711783468744025,0.9772828309264804,-0.21193930351948498
1769099737.713219,4.289728586947094,0.5409902505194002,-0.43882402719375857,0.9760255966768047,-0.2176557709588411
1769099737.7632122,4.2966347407932535,0.5377141544084233,-0.44705000030621656,0.9751221284067996,-0.2216682987966324
1769099737.8129544,4.3068549973140415,0.5327445611511026,-0.4581234256500021,0.9738798747609558,-0.2270638446243367
1769099737.8633633,4.313538589186901,0.5294158663860059,-0.46603301518121704,0.9729742702713302,-0.2309135539330088
1769099737.912948,4.320083339333872,0.5260927592214527,-0.4736262211312359,0.9720905729800253,-0.23460587785340323
1769099737.96378,4.330031526688388,0.5209202069927863,-0.48533241363746044,0.970700758786412,-0.24029156641772487
1769099738.0132174,4.336933691410536,0.5172421878953791,-0.4938747703312083,0.9696655795552674,-0.2444353980620386
1769099738.0632877,4.346901475306546,0.5117838985255502,-0.5081120314874704,0.9679009802022912,-0.2513318374648225
1769099738.1130707,4.35338774835294,0.5081367739089703,-0.5163380045999754,0.9668590718345768,-0.2553106641156627
1769099738.1631937,4.360104868841674,0.5042811348730096,-0.5258295120374523,0.9656365469832486,-0.2598962468568339
1769099738.2131798,4.369617774280216,0.4986878642860537,-0.5372193209624806,0.9641408119981238,-0.26539121055452913
1769099738.2633176,4.375802875003999,0.4949757788210297,-0.5438633761687237,0.9632538566324562,-0.26859264264439475
1769099738.3130677,4.385154970375234,0.4892618740963771,-0.5530385000249576,0.9620115394030815,-0.27300878750566493
1769099738.3629522,4.391716894388922,0.4851954533100107,-0.5565187194187242,0.9615350179280284,-0.2746823789363745
1769099738.4130244,4.397897835975389,0.4813312121758053,-0.5609480895562196,0.9609243253801315,-0.27681120080794985
1769099738.4629698,4.407545290676298,0.475229476262788,-0.5669593775999768,0.9600879902599921,-0.2796981425725406
1769099738.5133483,4.414092626214005,0.47104484324421914,-0.5704395969936964,0.9595998314914373,-0.28136837669078046
1769099738.5633163,4.423603291042124,0.464870445376915,-0.5811966387562388,0.9580726132464302,-0.28652550976685504
1769099738.6131794,4.430086319937233,0.4605868711829608,-0.5865751596374631,0.9572986080097743,-0.28910097734623547
1769099738.6632462,4.4365679440532615,0.45625544831038756,-0.5916372969374446,0.9565638079971444,-0.29152303722004946
1769099738.712962,4.442970792549305,0.4519428862294488,-0.5938519820062392,0.9562404057314547,-0.29258210206118695
1769099738.7633314,4.4522866937491425,0.4456575553643578,-0.5932192148437533,0.9563329260440198,-0.2922795486586147
1769099738.81296,4.458651619068478,0.44137931229641847,-0.5903717626124727,0.9567480826885624,-0.29091769673184165
1769099738.8635297,4.468081434924166,0.43508203986988914,-0.5872079267999492,0.9572070932966359,-0.2894038364338065
1769099738.9129577,4.474361889197663,0.43090514217884035,-0.5865751596375101,0.9572986080097675,-0.2891009773462579
1769099738.9632342,4.480391974639382,0.4269002565482829,-0.5859423924749773,0.9573900268986912,-0.2887980893200702
1769099739.0132232,4.489639178903728,0.4207397284106933,-0.5894226118687439,0.9568860373172356,-0.2904636149112621
1769099739.0631394,4.496055640854147,0.41644744458207583,-0.5897389954499868,0.9568400763852085,-0.2906149827919206
1769099739.1131272,4.505539571150991,0.410094491561086,-0.5906881461937626,0.9567020499262386,-0.29106904278355133
1769099739.163255,4.512117357147026,0.4056792123479296,-0.5916372969374446,0.9565638079971444,-0.29152303722004946
1769099739.2132425,4.518589379440027,0.40133344078582667,-0.5910045297749588,0.9566559932228017,-0.2912203815513174
1769099739.262951,4.52790113018769,0.3950872850991338,-0.5906881461937157,0.9567020499262454,-0.2910690427835289
1769099739.313172,4.534290456997912,0.39079997339223205,-0.5913209133562016,0.9566099125793835,-0.2913717130314199
1769099739.3629482,4.540491284038329,0.38664056963129934,-0.5903717626124727,0.9567480826885624,-0.29091769673184165
1769099739.4132311,4.550015252633358,0.38025643010995935,-0.5906881461937157,0.9567020499262454,-0.2910690427835289
1769099739.4630282,4.5563475629954056,0.3760204393763096,-0.588473461124968,0.9570237764343397,-0.2900094676719279
1769099739.5129547,4.562770806740841,0.3717383113730346,-0.587524310381239,0.9571613000088391,-0.28955525511616775
1769099739.5677092,4.572423316517008,0.36531878437050036,-0.5862587760562202,0.9573443294328325,-0.2889495369485823
1769099739.6131997,4.578876441619476,0.3610358782561782,-0.5856260088937342,0.9574357004062067,-0.28864663446448907
1769099739.6630704,4.5853935168172715,0.3567120137057991,-0.5859423924749773,0.9573900268986912,-0.2887980893200702
1769099739.7130651,4.595216695402213,0.3501834627928595,-0.5872079267999961,0.9572070932966291,-0.28940383643382894
1769099739.763024,4.601711996167506,0.3458725649069021,-0.5846768581499584,0.9575725771672738,-0.2881922265732116
1769099739.8129666,4.608241353658377,0.3415672770754248,-0.5811966387562388,0.9580726132464302,-0.28652550976685504
1769099739.8687327,4.618039165574538,0.33518440655770454,-0.5736034328062668,0.9591535293218378,-0.2828860321568781
1769099739.9129615,4.624493335515715,0.33104204116244573,-0.5675921447624627,0.9599994503097371,-0.2800018846454478
1769099739.9630678,4.630932097888773,0.32696971029124,-0.5603153223937336,0.961011855804135,-0.27650716627945193
1769099740.0132027,4.637245548827725,0.32303095576213225,-0.5552531850937054,0.9617086354093854,-0.27407389620140343
1769099740.0630608,4.6468569633083305,0.3171104817212189,-0.5489255134687053,0.9625709454918607,-0.2710298413365312
1769099740.1132429,4.653386614260971,0.31313660967320356,-0.5444961433312098,0.9631688301215319,-0.26889738690124826
1769099740.1701877,4.6601059582655875,0.30908507083122005,-0.5406995403562003,0.9636775427122084,-0.26706851868417525
1769099740.2131748,4.670063410246699,0.30314958504522616,-0.5343718687312001,0.9645176791131587,-0.2640182695916437
1769099740.263048,4.676889483029969,0.2991288132620724,-0.5302588821749946,0.96505859097587,-0.2620341885778809
1769099740.3131206,4.683645835804323,0.29518931371525725,-0.5255131284562562,0.9656776483533824,-0.25974348783113144
1769099740.3637462,4.693707795426802,0.28938194541040074,-0.5214001418999569,0.9662097667094969,-0.2577570303894341
1769099740.413195,4.700406025906995,0.28554418968610307,-0.5191854568312092,0.966494599587684,-0.2566869474045033
1769099740.4707642,4.707115155029246,0.2817255235323062,-0.5157052374374428,0.9669397995448725,-0.25500475300692305
1769099740.5133219,4.717242590180178,0.27603314177842764,-0.5084284150687136,0.9678612094583602,-0.2514849483086418
1769099740.5628896,4.723574700463046,0.27252524945350554,-0.5033662777687322,0.9684946342402423,-0.24903442221480027
1769099740.613193,4.7336631294678195,0.2670236929337264,-0.4951403046562274,0.9695107147480702,-0.24504892162318556
1769099740.6632583,4.740331774287022,0.26344569392223427,-0.4897617837749561,0.9701662085170487,-0.24244077184263862
1769099740.7133055,4.74713197151628,0.25984545804538683,-0.4840668793124887,0.9708526130574068,-0.2396772907882706
1769099740.763275,4.756910904439022,0.2547313956623145,-0.4796375091749465,0.9713810414082018,-0.23752657197188984
1769099740.813271,4.76345111911338,0.25134394848778996,-0.47615728978118005,0.9717928928291036,-0.23583590364243184
1769099740.8639383,4.77018211293637,0.24788465344735178,-0.4733098375499463,0.9721276735406744,-0.23445209817017182
1769099740.9134722,4.780805722403888,0.24247569386285672,-0.46856408383120784,0.9726812621741612,-0.23214470102778706
1769099740.9632556,4.787337841003127,0.23918365772770867,-0.4650838644374883,0.9730837465854447,-0.23045177832083225
1769099741.0132122,4.797762181319536,0.23399809413497974,-0.4581234256499552,0.9738798747609612,-0.2270638446243139
1769099741.0629828,4.804674996791491,0.23061914696767805,-0.45116298686246914,0.9746642073864001,-0.22367316074987734
1769099741.1129673,4.811404285330581,0.22738380962940963,-0.445151698818712,0.9753320857684211,-0.22074266119312158
1769099741.163059,4.821669038255551,0.22256610211590833,-0.43249635556871163,0.9767093377166496,-0.2145667020231793
1769099741.2129645,4.828647671014104,0.21938586766673385,-0.4226884645499919,0.9777498126516855,-0.20977441183231565
1769099741.263108,4.835609916930201,0.21629256516482165,-0.41351334069371115,0.9787018736728174,-0.2052867323265599
1769099741.3129556,4.8457177367335476,0.21192748013596086,-0.40180714818748664,0.9798866653193795,-0.19955481234304095
1769099741.3633199,4.852787859839455,0.2089561621719691,-0.39389755865622467,0.9806681986889468,-0.19567801123318954
1769099741.413275,4.859976766885417,0.2060069234567815,-0.3847224347999909,0.9815555611164726,-0.19117709183196277
1769099741.4631822,4.870724744631836,0.20173206796588627,-0.3723834751312335,0.9827163366862172,-0.1851178046812933
1769099741.5132024,4.878070796234129,0.19890408534530668,-0.3625755841124669,0.9836123241821583,-0.18029641071572347
1769099741.5632231,4.885040770717631,0.19629782207478985,-0.35308407667499,0.9844568868066579,-0.17562641606245677
1769099741.613267,4.895758656264456,0.1924439965143544,-0.3372648976125131,0.9858152107425385,-0.16783435366051938
1769099741.663156,4.903082624408183,0.18992509229575016,-0.3252423215249987,0.9868062938593231,-0.16190533777373525
1769099741.7132475,4.91363966975551,0.18645967267987074,-0.3091067588812319,0.9880803815589599,-0.15393881764616796
1769099741.7629714,4.920789381352941,0.1842212513768159,-0.29771694995620346,0.988941021042909,-0.14830932842747474
1769099741.8132653,4.928038550179496,0.18204828406061369,-0.28474522312500705,0.98988212781296,-0.14189211759814796
1769099741.8629618,4.938927808367291,0.17897849123306553,-0.2648130575062307,0.991247054469518,-0.13201998714400942
1769099741.9132433,4.946295308593119,0.17703924739458754,-0.24994302918743572,0.9922012182372184,-0.12464647018098662
1769099741.9631376,4.953638257238749,0.17520797497608265,-0.23886960384369713,0.9928761383839618,-0.11915105466487418
1769099742.0129905,4.964432232817429,0.17268051355092262,-0.22115212329371545,0.9938926939707444,-0.11035086257739932
1769099742.063298,4.971874814865808,0.1710529062936642,-0.20944593078744403,0.9945215597981343,-0.10453165595495986
1769099742.1130023,4.979185789127025,0.1695362955135178,-0.19963803976872427,0.9950222168461316,-0.09965333904395701
1769099742.163014,4.990665632781027,0.16731167939569402,-0.18318609354371446,0.9958082885767274,-0.09146503376640233
1769099742.2129905,4.99826300188391,0.16594266883500552,-0.17337820252499464,0.996244852406318,-0.08658056395007842
1769099742.2631578,5.005924961789676,0.16464944749436083,-0.16103924285623727,0.9967600463456489,-0.0804326426833037
1769099742.3133526,5.0169064825790315,0.1629563613380849,-0.14490368021247046,0.9973765133495052,-0.07238847020613381
1769099742.3629904,5.024125403563724,0.16194488188042377,-0.13351387128748893,0.9977725831608685,-0.06670736310549095
1769099742.4132679,5.035302193699092,0.16055335430801387,-0.11421447283119858,0.998369824878948,-0.05707620144314806
1769099742.4630044,5.042422823082766,0.15977643916708384,-0.10314104748746002,0.9986705352243105,-0.051547667985946115
1769099742.5130088,5.04998087379925,0.1590472513591571,-0.08922016991248777,0.9990051351632162,-0.04459529030653507
1769099742.5629864,5.060931181123589,0.1581793162615701,-0.06897162071246847,0.9994054233716085,-0.03447897526632465
1769099742.613409,5.0685347761548485,0.1577035805413748,-0.055999893881225164,0.9996080270954647,-0.027996288438160852
1769099742.6632724,5.075739322086359,0.1573442775938706,-0.043660934212467806,0.9997617248160736,-0.021828733192501226
1769099742.7132738,5.087096732731908,0.15694705629190064,-0.02625983724372907,0.9999138038568159,-0.013129541370248153
1769099742.763097,5.094713663597812,0.1567940088367581,-0.013920877574971718,0.9999757762437419,-0.00696038258473755
1769099742.8133285,5.102458413741674,0.15672784880924429,-0.0031638358124761283,0.9999987487681299,-0.0015819172464559758
1769099742.8631113,5.11417699355378,0.15678531654676564,0.012971726831290704,0.9999789668616094,0.006485817942893987
1769099742.913314,5.121971334924941,0.15692836069787097,0.023728768593739392,0.999929619018224,0.011864105953225347
1769099742.9631295,5.1297889481300345,0.15715721224910417,0.03480219393752486,0.9998486047323839,0.01740021881198815
1769099743.0129378,5.140788861559946,0.15762906736503723,0.05093775658129169,0.9996756856507906,0.025466124923549462
1769099743.063279,5.148293973495896,0.1580557478812945,0.06264394908756309,0.9995095070578058,0.03131685330715567
1769099743.11327,5.1591742159358365,0.15884369347918537,0.08194334754375969,0.9991607783825955,0.0409602116923957
1769099743.1633916,5.166737808347269,0.15951307896022493,0.09459869079376,0.9988815944965224,0.047281710799051496
1769099743.2132263,5.174317629555466,0.16027947950246013,0.10693765046251734,0.9985708828899308,0.053443351732691914
1769099743.2634437,5.185557484481799,0.16157064654069186,0.12180767878126539,0.9981459343837255,0.06086619483128307
1769099743.3130014,5.193065591340689,0.1625198944136821,0.1297172683125273,0.9978974160109978,0.06481317087269872
1769099743.3632457,5.200741713823395,0.16355089673549217,0.1373104742624994,0.9976441547898846,0.06860131495515898
1769099743.4133337,5.212291568164975,0.16520834569191511,0.14775113244375204,0.997272441189862,0.07380838735003767
1769099743.4633987,5.220048309998211,0.1663904338308968,0.154711571231285,0.9970095328878921,0.07727866025409155
1769099743.5132527,5.227821828209299,0.16762924101328047,0.16135562643752815,0.9967473100901475,0.08059032093282224
1769099743.56322,5.239530680043169,0.16958266281197099,0.1692652159687901,0.9964207979876032,0.08453161147019507
1769099743.6132586,5.247237179585338,0.17091602430484998,0.17337820252499567,0.996244852406318,0.08658056395007893
1769099743.663867,5.254863577896009,0.17226661200154636,0.1771748055000051,0.996078701483892,0.08847157990091319
1769099743.7131238,5.266167603819678,0.17433125078834388,0.18413524428753808,0.9957647693870828,0.09193760953760823
1769099743.762995,5.27375347784902,0.17576271447442804,0.18888099800627647,0.9955438096179766,0.09430017566964505
1769099743.8130774,5.281255838328041,0.17722640933876455,0.19647420395624848,0.995178615178323,0.09807917154908767
1769099743.863222,5.292392083364614,0.17949248112259064,0.2050165606500433,0.9947506253279647,0.10232884935160395
1769099743.91309,5.299872858670356,0.1810628399306491,0.20881316362500593,0.9945545821221515,0.10421700043578609
1769099743.9630067,5.307373638263735,0.18266095108456426,0.21102784869380048,0.9944385684632706,0.10531824890645008
1769099744.0131161,5.314897394332411,0.18427266922195717,0.21102784869375363,0.9944385684632732,0.10531824890642677
1769099744.0630066,5.3263338415909605,0.18671120247430206,0.20912954720624893,0.9945380834041216,0.10437432950135003
1769099744.1132097,5.333984696444174,0.18833369863727256,0.20881316362505278,0.9945545821221491,0.1042170004358094
1769099744.1633685,5.341711639679257,0.18996339157904174,0.20691486213750118,0.9946530517600943,0.10327297141232551
1769099744.2129104,5.353180136273435,0.1923727441152181,0.2072312457187442,0.9946367023784735,0.10343031606678973
1769099744.263277,5.360883084855145,0.19399355847227895,0.20754762930003404,0.9946203281064221,0.10358765813297056
1769099744.3130782,5.36828832017265,0.19555417634155958,0.207864012881277,0.994603928944355,0.10374499760688395
1769099744.363384,5.379409297014405,0.19789419441885592,0.20691486213750118,0.9946530517600943,0.10327297141232551
1769099744.4131262,5.386815025468048,0.19945246926320248,0.207864012881277,0.994603928944355,0.10374499760688395
1769099744.46313,5.394219271548321,0.20101777255724862,0.20881316362505278,0.9945545821221491,0.1042170004358094
1769099744.513901,5.405534613515691,0.2034173866235207,0.20912954720629578,0.9945380834041192,0.10437432950137333
1769099744.5633957,5.413233434265014,0.20505769229552584,0.2107114651125576,0.994455216502846,0.10516093557152217
1769099744.6130867,5.420855669603269,0.2066930287734685,0.21197699943752946,0.994388475033396,0.10579017308217815
1769099744.6632502,5.432390351873284,0.20915632371858406,0.20881316362500596,0.9945545821221515,0.1042170004357861
1769099744.71309,5.4399932124709665,0.2107611025900633,0.2072312457187911,0.994636702378471,0.10343031606681305
1769099744.7632852,5.447574580257478,0.21234506623713578,0.20470017706875349,0.9947668004651713,0.10217148668922306
1769099744.815305,5.459000321107964,0.21471148650904226,0.20375102632507147,0.9948151765130638,0.1016993833770961
1769099744.863249,5.466535606061101,0.2162684134213793,0.20375102632502462,0.9948151765130663,0.10169938337707278
1769099744.9200068,5.474144005587464,0.21784672300489927,0.2053329442312864,0.9947344252974816,0.10248620945321874
1769099744.9633818,5.484819145498865,0.2200929303952921,0.20944593078753884,0.9945215597981293,0.10453165595500702
1769099745.0130978,5.49217089956727,0.22166172199334344,0.21102784869380056,0.9944385684632706,0.10531824890645013
1769099745.0632603,5.499645157240759,0.22326283672193795,0.21102784869375368,0.9944385684632732,0.1053182489064268
1769099745.1144183,5.510856923488759,0.22566273522546965,0.21071146511251077,0.9944552165028484,0.10516093557149889
1769099745.163025,5.518407213934236,0.2272713951288834,0.20912954720629587,0.9945380834041192,0.10437432950137338
1769099745.2210572,5.526157628309446,0.2289124424019109,0.20818039646251998,0.9945875048926801,0.10390233448461587
1769099745.2630234,5.537672593333544,0.23134677703742312,0.20849678004380987,0.994571055951806,0.10405966876225232
1769099745.3130503,5.545324984478357,0.23296201060217392,0.2075476293000341,0.9946203281064221,0.10358765813297059
1769099745.363245,5.552953374099971,0.23456839686945902,0.2075476293000341,0.9946203281064221,0.10358765813297059
1769099745.4134831,5.563950875469998,0.23688061720174858,0.20691486213754814,0.994653051760092,0.10327297141234887
1769099745.4633403,5.570986713544646,0.2383529275010945,0.20564932781252934,0.9947182003741251,0.10264356699015267
1769099745.5180051,5.5820869684982295,0.24066842189857993,0.20564932781252934,0.9947182003741251,0.10264356699015267
1769099745.5633008,5.589643312460652,0.24224840492737254,0.20659847855625826,0.9946693762508783,0.10311562417349214
1769099745.623056,5.597147111232789,0.24383227425795395,0.20944593078753881,0.9945215597981293,0.104531655955007
1769099745.6633825,5.608014579189359,0.2461476898144319,0.21039508153126774,0.9944718396565373,0.10500361960495612
1769099745.713996,5.615587833147842,0.24777001125236087,0.2116606158562865,0.9944051977281281,0.10563286766571472
1769099745.7633147,5.623210068867585,0.2494053478121483,0.21102784869380056,0.9944385684632706,0.10531824890645013
1769099745.8149893,5.634276319274589,0.2517594559595282,0.20818039646251998,0.9945875048926801,0.10390233448461587
1769099745.8633482,5.641583943614771,0.25329226013843176,0.20533294423128634,0.9947344252974816,0.10248620945321871
1769099745.9199834,5.649241406785218,0.25488327475029493,0.20438379348751054,0.9947829507086919,0.10201412147006055
1769099745.9633827,5.660718217836349,0.2572526996546607,0.20280187558124876,0.9948633285069194,0.10122725715998306
1769099746.0133662,5.668303075893752,0.2588198692719037,0.2047001770688004,0.9947668004651689,0.10217148668924639
1769099746.0634122,5.67573578940994,0.2603727748082494,0.20723124571879112,0.994636702378471,0.10343031606681306
1769099746.1133804,5.686805752560311,0.2627093746634648,0.20881316362505287,0.9945545821221491,0.10421700043580943
1769099746.1632771,5.694134480737882,0.2642647698147087,0.20944593078753881,0.9945215597981293,0.104531655955007
1769099746.2132387,5.701611261890348,0.2658540588828199,0.20944593078753881,0.9945215597981293,0.104531655955007
1769099746.263375,5.712899946293749,0.2682573517593241,0.21007869795002482,0.9944884379239239,0.10484630101073533
1769099746.3134437,5.720524245610887,0.26988304083831466,0.21007869795002482,0.9944884379239239,0.10484630101073535
1769099746.363382,5.728223067130848,0.2715233466745133,0.20976231436878182,0.9945050113045928,0.10468897979277333
1769099746.4133282,5.739659515915763,0.27396188025231893,0.2103950815312678,0.9944718396565373,0.10500361960495615
1769099746.4630332,5.747285352786794,0.27558033155873574,0.2078640128812771,0.994603928944355,0.10374499760688399
1769099746.5134501,5.754617019999864,0.2771218117031111,0.2065984785562583,0.9946693762508783,0.10311562417349215
1769099746.563352,5.765518335339351,0.2793994069457195,0.2053329442312864,0.9947344252974816,0.10248620945321874
1769099746.6130147,5.772927496963506,0.28094127667715796,0.20501656064999652,0.9947506253279671,0.10232884935158068
1769099746.6632502,5.783804395519948,0.2832119748740025,0.20659847855630517,0.9946693762508758,0.10311562417351547
1769099746.713371,5.7913091967631285,0.28479109609918307,0.20818039646251998,0.9945875048926801,0.10390233448461587
1769099746.763338,5.798687442389595,0.28635700046812973,0.21007869795007167,0.9944884379239215,0.10484630101075863
1769099746.8133092,5.8095032069810735,0.28867213411286397,0.21166061585628648,0.9944051977281281,0.10563286766571471
1769099746.863351,5.817051456070293,0.29029034798523945,0.21071146511251074,0.9944552165028484,0.10516093557149887
1769099746.9133909,5.824626246444824,0.2919054805338579,0.20944593078753881,0.9945215597981293,0.104531655955007
1769099746.9636197,5.836066536951534,0.2943259192218761,0.2075476293000341,0.9946203281064221,0.10358765813297059
1769099747.0135002,5.843945212095727,0.29597199884324743,0.20438379348751057,0.9947829507086919,0.10201412147006056
1769099747.063088,5.851602675266171,0.29756301345511105,0.20533294423123943,0.994734425297484,0.10248620945319538
1769099747.1134324,5.863026165261941,0.29994027748919194,0.20501656065004337,0.9947506253279647,0.102328849351604
1769099747.1634939,5.870558977731489,0.30150912262450547,0.20564932781252934,0.9947182003741251,0.10264356699015267
1769099747.213394,5.877991693107683,0.3030620285494585,0.2062820949750153,0.9946856758504165,0.10295827435422711
1769099747.263029,5.889065339823032,0.3053811139475613,0.20659847855625826,0.9946693762508783,0.10311562417349214
1769099747.3133352,5.896447036322376,0.3069306742060096,0.20723124571879115,0.994636702378471,0.10343031606681308
1769099747.3633938,5.903999861331504,0.308527388002116,0.20944593078753884,0.9945215597981293,0.10453165595500702
1769099747.413344,5.915386031418462,0.31095896735236295,0.21134423227504356,0.9944218955382257,0.10547555960582652
1769099747.46305,5.922933255044015,0.31258195718461756,0.2122933830187725,0.9943717274544477,0.10594747585128039
1769099747.5132897,5.930553935276828,0.31422452768479947,0.2122933830187725,0.9943717274544477,0.10594747585128039
1769099747.5631392,5.9419621529906195,0.31667402749284346,0.21071146511251077,0.9944552165028484,0.1051609355714989
1769099747.6133807,5.949587988716644,0.318292478556252,0.20754762929998724,0.9946203281064245,0.10358765813294729
1769099747.663307,5.957267443327431,0.31990200742647357,0.2056493278125294,0.9947182003741251,0.1026435669901527
1769099747.7130482,5.968739736968189,0.3222932147354314,0.20533294423128642,0.9947344252974816,0.10248620945321875
1769099747.7633116,5.976247523087304,0.32385808690522566,0.2056493278125294,0.9947182003741251,0.1026435669901527
1769099747.8130703,5.983803867049723,0.3254380699340187,0.20659847855630523,0.9946693762508758,0.1031156241735155
1769099747.8634024,5.994898221151273,0.3277816514144902,0.20976231436878184,0.9945050113045928,0.10468897979277335
1769099747.9133768,6.002274978159721,0.32935455835428584,0.21039508153126782,0.9944718396565373,0.10500361960495616
1769099747.9630697,6.009700742374878,0.3309403712121194,0.21039508153126782,0.9944718396565373,0.10500361960495616
1769099748.0133603,6.021038174287192,0.33335779194509385,0.20976231436878184,0.9945050113045928,0.10468897979277335
1769099748.0633872,6.028737514387661,0.33499566191851216,0.20944593078749202,0.9945215597981317,0.10453165595498373
1769099748.113452,6.035992694133334,0.3365318498383525,0.20786401288127715,0.994603928944355,0.10374499760688402
1769099748.163039,6.0476585740720115,0.3389865235898135,0.20691486213754823,0.994653051760092,0.10327297141234891
1769099748.2133057,6.054817571153287,0.34048815259153997,0.20659847855630525,0.9946693762508758,0.10311562417351551
1769099748.263284,6.06237491210346,0.34206335363522333,0.20438379348755753,0.9947829507086895,0.10201412147008392
1769099748.3134582,6.073626791760325,0.3443956213499181,0.20438379348755753,0.9947829507086895,0.10201412147008392
1769099748.3633091,6.08111152228097,0.34594704172401,0.20438379348751062,0.9947829507086919,0.10201412147006059
1769099748.413171,6.088496632462501,0.34748025006263994,0.20501656065004345,0.9947506253279647,0.10232884935160404
1769099748.4630594,6.099743314600103,0.34983743042402304,0.20818039646252012,0.9945875048926801,0.10390233448461593
1769099748.513067,6.107245103924037,0.3514307950112965,0.21039508153126785,0.9944718396565373,0.10500361960495617
1769099748.5633585,6.114743855797508,0.3530383975378859,0.21197699943752962,0.994388475033396,0.10579017308217824
1769099748.6133392,6.126027957689553,0.35546311539772546,0.21134423227504362,0.9944218955382256,0.10547555960582655
1769099748.663377,6.133180717816613,0.3569941764228446,0.21039508153126782,0.9944718396565373,0.10500361960495616
1769099748.7134013,6.140732023901767,0.35859805826812163,0.2081803964625201,0.9945875048926801,0.10390233448461592
1769099748.7632594,6.152250058132153,0.3610178178902146,0.2059657113937724,0.9947019505583011,0.1028009219584681
1769099748.8133442,6.160055182054961,0.3626446651411648,0.20501656064999657,0.9947506253279671,0.10232884935158071
1769099748.8633232,6.167686606826292,0.3642365674332053,0.20628209497501537,0.9946856758504165,0.10295827435422715
1769099748.913417,6.178982088152569,0.36660770650195573,0.20754762930003418,0.9946203281064221,0.10358765813297063
1769099748.9630802,6.186411842254843,0.3681747191551068,0.20818039646252012,0.9945875048926801,0.10390233448461593
1769099749.0130794,6.193840603315614,0.36974643279865305,0.20881316362505295,0.994554582122149,0.10421700043580949
1769099749.0633636,6.204909086834188,0.37209003712938227,0.2084967800437631,0.9945710559518084,0.10405966876222905
1769099749.1134248,6.21243689816802,0.37368270698141287,0.20849678004380995,0.994571055951806,0.10405966876225237
1769099749.1632588,6.219988712576983,0.3752841999043719,0.2094459307875389,0.9945215597981293,0.10453165595500705
1769099749.2130623,6.231054966676367,0.37763830883722704,0.20976231436878184,0.9945050113045928,0.10468897979277335
1769099749.2632458,6.2386542550589095,0.37925992180941925,0.21071146511255773,0.994455216502846,0.10516093557152224
1769099749.3133132,6.250166900504655,0.3817051839684842,0.20786401288127715,0.994603928944355,0.10374499760688402
1769099749.363374,6.257796303921957,0.38330674267957043,0.2059657113937724,0.9947019505583011,0.1028009219584681
1769099749.4134338,6.265330105711772,0.384870820593346,0.20343464274378167,0.9948312520731135,0.10154201051112378
1769099749.4630601,6.272940992981298,0.3864370924481264,0.20248549200000587,0.9948793293798729,0.10106987668269136
1769099749.513349,6.284194343164043,0.3887622392557688,0.20501656065004342,0.9947506253279647,0.10232884935160402
1769099749.563157,6.291652572690286,0.3903167821844562,0.2059657113937724,0.9947019505583011,0.1028009219584681
1769099749.6133614,6.29913285328177,0.3918895082331204,0.2084967800437631,0.9945710559518084,0.10405966876222905
1769099749.6633818,6.310221987849686,0.3942576540118612,0.21229338301877257,0.9943717274544477,0.10594747585128042
1769099749.714586,6.317669724615923,0.3958617152068733,0.2119769994375296,0.994388475033396,0.10579017308217822
1769099749.763299,6.325192969884849,0.39747581354873773,0.2107114651125108,0.9944552165028484,0.10516093557149891
1769099749.8131247,6.33660581578754,0.3999036524766648,0.20849678004376307,0.9945710559518084,0.10405966876222904
1769099749.863289,6.3442081690400105,0.40151083684892797,0.2081803964625201,0.9945875048926801,0.10390233448461592
1769099749.9133027,6.351960137525102,0.40314452707229087,0.20723124571874427,0.9946367023784735,0.10343031606678978
1769099749.9632416,6.363552868940177,0.4055780646593874,0.20659847855625832,0.9946693762508783,0.10311562417349217
1769099750.0133114,6.371132227613157,0.40717162183566913,0.20786401288127712,0.994603928944355,0.103744997606884
1769099750.0632126,6.378612509702171,0.40874434819918815,0.20659847855625832,0.9946693762508783,0.10311562417349217
1769099750.1133337,6.389759366832049,0.4110842881867782,0.20723124571879117,0.994636702378471,0.10343031606681309
1769099750.1631384,6.397214632179618,0.4126529863265702,0.2075476292999872,0.9946203281064245,0.10358765813294728
1769099750.2130795,6.404644386281888,0.4142199989797195,0.20818039646252,0.9945875048926801,0.10390233448461589
1769099750.2630723,6.415935346122149,0.4166125759923389,0.20944593078749194,0.9945215597981317,0.10453165595498369
1769099750.3130925,6.423534633997569,0.41823418885631636,0.21102784869380056,0.9944385684632706,0.10531824890645013
1769099750.3630402,6.431107374680172,0.4198589063475371,0.2116606158562865,0.9944051977281281,0.10563286766571472
1769099750.413094,6.442566640139789,0.4223117824974496,0.21007869795002482,0.9944884379239239,0.10484630101073533
1769099750.4630735,6.450243023495673,0.4239358859454998,0.20691486213754814,0.994653051760092,0.10327297141234887
1769099750.5130913,6.457849919764695,0.4255214159647429,0.2040674099062676,0.9947990760581247,0.1018567536980311
1769099750.5630615,6.4689064174568,0.4277985955569008,0.20216910841876284,0.9948953053563268,0.10091249367616206
1769099750.6131017,6.4765924280900755,0.4293765256192952,0.2028018755812488,0.9948633285069194,0.10122725715998307
1769099750.6630523,6.484003047370759,0.43091136173387845,0.20564932781252934,0.9947182003741251,0.10264356699015267
1769099750.7130976,6.495100360136336,0.43324090140523186,0.20818039646256692,0.9945875048926777,0.1039023344846392
1769099750.763048,6.502454093676623,0.4348003878523725,0.20976231436878176,0.9945050113045928,0.1046889797927733
1769099750.8130944,6.5098058482356285,0.4363691795551121,0.21071146511255764,0.994455216502846,0.1051609355715222
1769099750.8630502,6.520919366367907,0.43874437088614826,0.21039508153126776,0.9944718396565373,0.10500361960495613
1769099750.9130704,6.5286192227367,0.4403798045054299,0.20818039646251998,0.9945875048926801,0.10390233448461587
1769099750.9630883,6.536170019994274,0.4419860751652749,0.21102784869380053,0.9944385684632706,0.10531824890645011
1769099751.0130763,6.547111382955916,0.4443190442075613,0.20912954720624896,0.9945380834041216,0.10437432950135005
1769099751.0631793,6.554390103559063,0.4458662328771936,0.20976231436878176,0.9945050113045928,0.1046889797927733
1769099751.1130846,6.56548297545927,0.448216834658429,0.20786401288132395,0.9946039289443526,0.1037449976069073
1769099751.1630719,6.573012795840267,0.4497999764283298,0.20659847855625826,0.9946693762508783,0.10311562417349214
1769099751.2130928,6.580098182424984,0.45128265518427213,0.20596571139377237,0.9947019505583011,0.10280092195846807
1769099751.2630856,6.591347101319747,0.4536291606282923,0.2053329442312864,0.9947344252974816,0.10248620945321874
1769099751.3131034,6.5988538949847495,0.45519878300789074,0.20691486213750127,0.9946530517600943,0.10327297141232555
1769099751.3630528,6.60625863469536,0.4567617433809916,0.20912954720624896,0.9945380834041216,0.10437432950135006
1769099751.413091,6.617496288207962,0.4591616061985837,0.2116606158562865,0.9944051977281281,0.10563286766571472
1769099751.4630532,6.625019022928163,0.46077808479877713,0.2116606158562865,0.9944051977281281,0.10563286766571472
1769099751.5132852,6.632467773200561,0.46237743298971523,0.21134423227504354,0.9944218955382257,0.10547555960582651
1769099751.563064,6.643953727547454,0.46482652237705846,0.20881316362500602,0.9945545821221515,0.10421700043578613
1769099751.613261,6.651706210189282,0.4664577594332928,0.20596571139377237,0.9947019505583011,0.10280092195846807
1769099751.663059,6.659387696204694,0.4680575685372581,0.20470017706880045,0.9947668004651689,0.10217148668924642
1769099751.7133286,6.6709613865449935,0.4704584501310194,0.20438379348755747,0.9947829507086895,0.10201412147008389
1769099751.7630358,6.678544754717974,0.47203281842505085,0.2050165606500434,0.9947506253279647,0.10232884935160401
1769099751.8131084,6.685581987419785,0.47349845006461955,0.20564932781252937,0.9947182003741251,0.10264356699015269
1769099751.8630662,6.6967051795394585,0.4758279114505637,0.20723124571874427,0.9946367023784735,0.10343031606678978
1769099751.9130988,6.7041349332698745,0.47739492402528594,0.20849678004376307,0.9945710559518084,0.10405966876222904
1769099751.9631166,6.711514169380012,0.4789561596039211,0.20849678004376307,0.9945710559518084,0.10405966876222904
1769099752.0130935,6.722805129785382,0.4813487367362903,0.20912954720629592,0.9945380834041192,0.1043743295013734
1769099752.0632033,6.730455470924534,0.48297365342287435,0.2094459307875389,0.9945215597981293,0.10453165595500705
1769099752.113106,6.738054758799954,0.4845952662868518,0.21102784869375377,0.9944385684632732,0.10531824890642684
1769099752.163276,6.74941502526316,0.4870269515255288,0.21071146511255773,0.994455216502846,0.10516093557152224
1769099752.2131145,6.757064850390994,0.48865428824728463,0.2084967800437631,0.9945710559518084,0.10405966876222905
1769099752.2630923,6.764717241535804,0.4902695218120332,0.20754762930003418,0.9946203281064221,0.10358765813297063
1769099752.3131216,6.776138466193521,0.49265762659087464,0.2047001770688005,0.9947668004651689,0.10217148668924644
1769099752.363069,6.783721834493015,0.4942319949111697,0.2047001770688005,0.9947668004651689,0.10217148668924644
1769099752.413143,6.791279674693572,0.49580480511985403,0.20564932781252943,0.9947182003741251,0.10264356699015272
1769099752.463061,6.802476070608836,0.49815514425255625,0.20818039646252012,0.9945875048926801,0.10390233448461593
1769099752.5133877,6.809903334671772,0.4997339078060814,0.21071146511251082,0.9944552165028484,0.10516093557149893
1769099752.5630662,6.817279593669104,0.5013091485519166,0.21007869795002485,0.9944884379239239,0.10484630101073536
1769099752.6133504,6.828542383015764,0.5037125163921985,0.21039508153126782,0.9944718396565373,0.10500361960495616
1769099752.663069,6.83606817224137,0.5053147115630114,0.209129547206249,0.9945380834041216,0.10437432950135007
1769099752.7134283,6.843818586616579,0.5069557588360389,0.20818039646256697,0.9945875048926777,0.10390233448463923
1769099752.7654626,6.855410545973005,0.5093929637258752,0.20628209497501535,0.9946856758504165,0.10295827435422714
1769099752.8131244,6.863091018528408,0.5109976331816632,0.2056493278125294,0.9947182003741251,0.1026435669901527
1769099752.863078,6.8707970300236045,0.5126038221084173,0.2053329442312395,0.994734425297484,0.1024862094531954
1769099752.9131184,6.882122145456914,0.5149568760813015,0.2043837934875106,0.9947829507086919,0.10201412147006057
1769099752.9632046,6.889532767210246,0.5164917127079995,0.20406740990626762,0.9947990760581247,0.10185675369803111
1769099753.013121,6.896967929855055,0.5180328587492671,0.20470017706875354,0.9947668004651713,0.10217148668922309
1769099753.0664468,6.908117000129339,0.5203622170537852,0.20723124571879115,0.994636702378471,0.10343031606681308
1769099753.1131191,6.915620800654086,0.5219460867542995,0.2088131636250529,0.9945545821221491,0.10421700043580945
1769099753.163149,6.923097077484835,0.5235377410346418,0.21071146511255767,0.994455216502846,0.10516093557152222
1769099753.2131164,6.934431440422888,0.5259695076154784,0.21197699943752954,0.994388475033396,0.1057901730821782
1769099753.2631028,6.942052120528569,0.5276120780882589,0.21260976660006237,0.9943549549916998,0.10610477596910818
1769099753.3131247,6.949600367351085,0.5292302914746934,0.20976231436878182,0.9945050113045928,0.10468897979277333
1769099753.367501,6.961016275103558,0.5316436847919519,0.20691486213754817,0.994653051760092,0.10327297141234888
1769099753.4133956,6.968745275614353,0.5332635979356031,0.20628209497501535,0.9946856758504165,0.10295827435422714
1769099753.4630854,6.976327145679374,0.5348451631997726,0.20501656065004342,0.9947506253279647,0.10232884935160402
1769099753.5131073,6.987848234127538,0.5372503446611221,0.20659847855630523,0.9946693762508758,0.1031156241735155
1769099753.563067,6.99530349872885,0.5388190426438921,0.2081803964625201,0.9945875048926801,0.10390233448461592
1769099753.6131787,7.002682734715879,0.5403802781964817,0.20881316362500607,0.9945545821221515,0.10421700043578616
1769099753.668464,7.0137999962987,0.5427378858895935,0.2091295472062959,0.9945380834041192,0.10437432950137339
1769099753.713217,7.021252770767362,0.5443183756794134,0.20881316362500604,0.9945545821221515,0.10421700043578615
1769099753.763058,7.028731056901874,0.5459005674139163,0.20818039646252,0.9945875048926801,0.10390233448461589
1769099753.813169,7.036357406969415,0.5475166062733168,0.20944593078753884,0.9945215597981293,0.10453165595500702
1769099753.8630545,7.047970646903618,0.5499755555374986,0.20786401288127707,0.994603928944355,0.10374499760688398
1769099753.9131174,7.0556475467887445,0.5515972308719554,0.20849678004376296,0.9945710559518084,0.104059668762229
1769099753.969496,7.063299937933555,0.5532124644367045,0.20754762930003406,0.9946203281064221,0.10358765813297058
1769099754.0131335,7.074696011406802,0.5555971919089329,0.20501656065004337,0.9947506253279647,0.10232884935160398
1769099754.0632648,7.082254845316892,0.557165219449967,0.20406740990626754,0.9947990760581247,0.10185675369803107
1769099754.1131337,7.089716012394467,0.5587056016180174,0.2031182591625386,0.9948473027378644,0.10138463510412217
1769099754.1639216,7.100969364830101,0.561030748891147,0.20438379348751048,0.9947829507086919,0.10201412147006052
1769099754.2131345,7.1084511323096375,0.562596373796177,0.2081803964625199,0.9945875048926801,0.10390233448461583
1769099754.2705362,7.115854385941108,0.5641663618355546,0.20976231436878168,0.9945050113045928,0.10468897979277327
1769099754.313134,7.127015891898333,0.5665591954004126,0.21260976660001538,0.9943549549917023,0.10610477596908481
1769099754.3630784,7.13453760213251,0.568180433789129,0.21197699943752943,0.994388475033396,0.10579017308217814
1769099754.4132533,7.145549873762475,0.5705449185772409,0.21102784869380048,0.9944385684632706,0.10531824890645008
1769099754.4644792,7.153050653355854,0.5721430297311558,0.20881316362500593,0.9945545821221515,0.10421700043578609
1769099754.5131242,7.160826609624508,0.5737856298264266,0.207547629300034,0.9946203281064221,0.10358765813297055
1769099754.569533,7.16848103826355,0.5753911776294967,0.20596571139377223,0.9947019505583011,0.10280092195846802
1769099754.6131845,7.180025759062431,0.57780701084722,0.20659847855625818,0.9946693762508783,0.1031156241734921
1769099754.6645043,7.187630645235272,0.5794021669148002,0.20691486213750115,0.9946530517600943,0.1032729714123255
1769099754.713418,7.198801902176897,0.5817490740288704,0.20723124571879106,0.994636702378471,0.10343031606681304
1769099754.7655275,7.206133081690945,0.5832928737924554,0.20786401288127698,0.994603928944355,0.10374499760688394
1769099754.8132584,7.213587850355061,0.5848639305772458,0.207547629300034,0.9946203281064221,0.10358765813297055
1769099754.8632624,7.22101710793658,0.5864332937255936,0.20881316362505278,0.9945545821221491,0.10421700043580939
1769099754.9131222,7.232381970000086,0.5888434093851487,0.20912954720629576,0.9945380834041192,0.10437432950137332
1769099754.9632363,7.239981770546843,0.5904626178780932,0.21071146511251068,0.9944552165028484,0.10516093557149885
1769099755.0131319,7.247629013066746,0.5921020542274835,0.21166061585628645,0.9944051977281282,0.10563286766571468
1769099755.063367,7.259090596924329,0.594544051726051,0.20818039646256684,0.9945875048926777,0.10390233448463916
1769099755.113131,7.266818569828613,0.5961688549859421,0.20628209497506209,0.994685675850414,0.10295827435425038
1769099755.163151,7.274451499443273,0.5977535126343336,0.20311825916253853,0.9948473027378644,0.10138463510412214
1769099755.2131352,7.28580622217227,0.6000883696137365,0.2024854920000057,0.9948793293798729,0.10106987668269128
1769099755.2632213,7.29294584459591,0.6015588354820043,0.20375102632502448,0.9948151765130663,0.10169938337707272
1769099755.3131347,7.300578776248025,0.6031434935533868,0.20564932781248235,0.9947182003741275,0.1026435669901293
1769099755.3631692,7.311623594796838,0.6054766110985121,0.21071146511251068,0.9944552165028484,0.10516093557149885
1769099755.4131303,7.318973857024705,0.6070523800168584,0.21166061585628645,0.9944051977281281,0.1056328676657147
1769099755.4631445,7.326471590909436,0.6086647273466355,0.21197699943752946,0.994388475033396,0.10579017308217815
1769099755.5134068,7.337682596185623,0.6110681727081726,0.21039508153126768,0.9944718396565373,0.10500361960495609
1769099755.5631518,7.3452573869392666,0.6126833053376259,0.2097623143687817,0.9945050113045928,0.10468897979277328
1769099755.61315,7.356373901686408,0.6150444301529401,0.20881316362500593,0.9945545821221515,0.10421700043578609
1769099755.6631587,7.364124834874115,0.6166830252400182,0.20786401288127698,0.994603928944355,0.10374499760688394
1769099755.713477,7.37177722627426,0.6182982588586619,0.20818039646256686,0.9945875048926777,0.10390233448463917
1769099755.7631364,7.383170274948853,0.620697407019831,0.206914862137548,0.994653051760092,0.10327297141234881
1769099755.813194,7.390775665168489,0.6222901568933441,0.2059657113937722,0.9947019505583011,0.102800921958468
1769099755.8631344,7.398232909786784,0.6238494188852606,0.20628209497501518,0.9946856758504165,0.10295827435422705
1769099755.9131796,7.405616073727138,0.6253919721040475,0.20564932781252923,0.9947182003741251,0.10264356699015262
1769099755.9634004,7.416416855050699,0.6276556965795859,0.20754762930003395,0.9946203281064221,0.10358765813297052
1769099756.0131364,7.423498464409987,0.6291563037914698,0.2100786979500247,0.9944884379239239,0.10484630101073528
1769099756.0634117,7.434736120734777,0.6315561672096202,0.21071146511255756,0.994455216502846,0.10516093557152216
1769099756.113152,7.442333866539338,0.6331849923205031,0.21166061585628645,0.9944051977281282,0.10563286766571468
1769099756.163226,7.449832110169029,0.6347949674097215,0.21134423227499655,0.9944218955382281,0.10547555960580314
1769099756.2131546,7.461368348821883,0.6372509630940093,0.2081803964625668,0.9945875048926777,0.10390233448463915
1769099756.2631867,7.469047292923059,0.6388629213487396,0.20564932781252923,0.9947182003741251,0.10264356699015262
1769099756.3131711,7.4767042523393625,0.6404563585765537,0.20470017706875349,0.9947668004651713,0.10217148668922305
1769099756.3631482,7.4877327152974615,0.6427441365406281,0.20438379348751048,0.9947829507086919,0.10201412147006052
1769099756.41344,7.494894549783734,0.6442321728604616,0.2053329442312863,0.9947344252974816,0.1024862094532187
1769099756.4631524,7.506017740789992,0.6465616340132296,0.20754762929998713,0.9946203281064245,0.10358765813294724
1769099756.5132134,7.513421490028257,0.6481292795492526,0.2097623143687817,0.9945050113045928,0.10468897979277328
1769099756.5631502,7.520749232657981,0.6496893117933602,0.20976231436873483,0.9945050113045952,0.10468897979274996
1769099756.61336,7.5282010055526465,0.6512745171374092,0.20944593078753876,0.9945215597981293,0.10453165595500698
1769099756.663142,7.539514064450486,0.6536848700059963,0.21039508153126768,0.9944718396565373,0.10500361960495609
1769099756.7132597,7.547162859852943,0.6553170472865375,0.21007869795002476,0.9944884379239239,0.1048463010107353
1769099756.7631593,7.554861681372911,0.6569573531227348,0.20976231436878173,0.9945050113045928,0.10468897979277329
1769099756.8134758,7.5662981301578185,0.659395886700537,0.2103950815312677,0.9944718396565373,0.1050036196049561
1769099756.8634586,7.5739489824582344,0.6610183823221427,0.20754762930003404,0.9946203281064221,0.10358765813297056
1769099756.9131606,7.581528844927187,0.6626095414340671,0.2062820949750622,0.994685675850414,0.10295827435425042
1769099756.9632444,7.5929759820841785,0.6649973948721275,0.20501656065004337,0.9947506253279647,0.10232884935160398
1769099757.0134022,7.600434703317862,0.6665495781134716,0.20533294423128634,0.9947344252974816,0.10248620945321871
1769099757.063547,7.607916969755414,0.668112836666352,0.20659847855625824,0.9946693762508783,0.10311562417349213
1769099757.1131706,7.619136270515464,0.6704772505568268,0.20881316362505278,0.9945545821221491,0.1042170004358094
1769099757.163239,7.626562534101817,0.672060713522781,0.21134423227504348,0.9944218955382257,0.10547555960582648
1769099757.2134995,7.634011284374222,0.6736600617137256,0.21166061585628645,0.9944051977281281,0.1056328676657147
1769099757.2634678,7.645321283829219,0.6760847297126631,0.2107114651125576,0.994455216502846,0.10516093557152217
1769099757.3133416,7.652945068296253,0.6777128308862093,0.21007869795007164,0.9944884379239215,0.10484630101075862
1769099757.3633978,7.660620938580794,0.6793393631788103,0.20754762930003404,0.9946203281064221,0.10358765813297056
1769099757.413323,7.672239594665282,0.6817725865210118,0.2053329442312863,0.9947344252974816,0.1024862094532187
1769099757.4631624,7.67994611394659,0.683376337311902,0.20501656065004337,0.9947506253279647,0.10232884935160398
1769099757.5134075,7.687504451632394,0.6849467563177569,0.2047001770688004,0.9947668004651689,0.10217148668924639
1769099757.5631523,7.69878000457351,0.687289512539607,0.20501656065004337,0.9947506253279647,0.10232884935160398
1769099757.613303,7.706263259066286,0.6888480363253446,0.20564932781252931,0.9947182003741251,0.10264356699015266
1769099757.6634946,7.713596871570799,0.6903802368379655,0.20628209497501526,0.9946856758504165,0.1029582743542271
1769099757.713288,7.724272016825038,0.6926264453525697,0.20849678004376293,0.9945710559518084,0.10405966876222898
1769099757.7635324,7.731824337794085,0.6942255489786824,0.20881316362505278,0.9945545821221491,0.1042170004358094
1769099757.81346,7.739350126391927,0.695827744015848,0.2107114651125107,0.9944552165028484,0.10516093557149886
1769099757.8632834,7.750733210114662,0.6982737310041429,0.21260976660001543,0.9943549549917023,0.10610477596908484
1769099757.9131405,7.758329406496534,0.6999097667863321,0.21166061585628648,0.9944051977281281,0.10563286766571471
1769099757.963531,7.7659276667472925,0.7015361879051722,0.2100786979500248,0.9944884379239239,0.10484630101073532
1769099758.0135112,7.777367954200255,0.7039566259471046,0.20691486213750124,0.9946530517600943,0.10327297141232554
1769099758.0632164,7.784998874301358,0.7055509424839403,0.20501656065004337,0.9947506253279647,0.102328849351604
1769099758.1134105,7.792754441881797,0.7071674605459961,0.20596571139377237,0.9947019505583011,0.10280092195846807
1769099758.1635525,7.804051421891005,0.7095314518491769,0.2065984785563052,0.9946693762508758,0.10311562417351548
1769099758.213457,7.811457149850445,0.7110897265895364,0.20818039646256697,0.9945875048926777,0.10390233448463923
1769099758.2631657,7.818860403481912,0.7126597146289138,0.20976231436878182,0.9945050113045928,0.10468897979277333
1769099758.3133469,7.829949543969873,0.7150278616719135,0.21102784869375374,0.9944385684632732,0.10531824890642683
1769099758.3631768,7.837374805964349,0.7166160238137174,0.2103950815312678,0.9944718396565373,0.10500361960495615
1769099758.4135144,7.844974094600447,0.7182376368400156,0.21007869795002482,0.9944884379239239,0.10484630101073535
1769099758.4635508,7.856435684194477,0.7206796355607921,0.20976231436878182,0.9945050113045928,0.10468897979277333
1769099758.5132432,7.864185058617319,0.722325586712671,0.20881316362500604,0.9945545821221515,0.10421700043578615
1769099758.5635228,7.871962051155652,0.723963265781784,0.20628209497501532,0.9946856758504165,0.10295827435422712
1769099758.6134727,7.883407675829609,0.7263583622736476,0.2062820949750622,0.994685675850414,0.10295827435425044
1769099758.6635401,7.8909650175362644,0.7279335634750073,0.20470017706875354,0.9947668004651713,0.10217148668922309
1769099758.713175,7.898474285572903,0.7294913089202026,0.20438379348755747,0.9947829507086895,0.10201412147008389
1769099758.763293,7.909726902370095,0.7318200165693973,0.20375102632502465,0.9948151765130663,0.1016993833770728
1769099758.8131697,7.91711152525209,0.7333555609745948,0.20628209497506222,0.994685675850414,0.10295827435425045
1769099758.863445,7.924567285790548,0.7349219001555776,0.2078640128812771,0.994603928944355,0.10374499760688399
1769099758.9132528,7.935931380972473,0.737335610544847,0.21071146511255767,0.994455216502846,0.10516093557152222
1769099758.963483,7.943380130499265,0.7389349585756957,0.2122933830188194,0.9943717274544451,0.10594747585130371
1769099759.0132134,7.950901840858924,0.7405561969914597,0.21229338301877254,0.9943717274544477,0.1059474758512804
1769099759.0634522,7.962286468713425,0.7429949803641631,0.20976231436878182,0.9945050113045928,0.10468897979277333
1769099759.1134315,7.96986278867997,0.7446029225684168,0.20849678004380992,0.994571055951806,0.10405966876225235
1769099759.1631753,7.977540712146306,0.7462197396725987,0.2065984785563052,0.9946693762508758,0.10311562417351548
1769099759.2133002,7.9891105896231895,0.7486389268019309,0.20564932781252937,0.9947182003741251,0.10264356699015269
1769099759.2634442,7.996815582975037,0.7502499914640772,0.20659847855630517,0.9946693762508758,0.10311562417351547
1769099759.3134134,8.004296362648871,0.7518203511890835,0.20723124571879115,0.994636702378471,0.10343031606681308
1769099759.3634624,8.015392201913375,0.7541569129934231,0.20786401288127707,0.994603928944355,0.10374499760688398
1769099759.4131844,8.0228219561396,0.7557239256727168,0.20786401288127707,0.994603928944355,0.10374499760688398
1769099759.4635022,8.03020168570659,0.7572828264780984,0.20849678004376296,0.9945710559518084,0.104059668762229
1769099759.513157,8.037680472046297,0.7588626521265045,0.20786401288127704,0.994603928944355,0.10374499760688397
1769099759.563411,8.049119996193381,0.761286710213402,0.20976231436878173,0.9945050113045928,0.10468897979277329
1769099759.6133058,8.056397736329235,0.7628385043083661,0.2103950815312677,0.9944718396565373,0.1050036196049561
1769099759.6635745,8.067907281833712,0.7652983349741334,0.21071146511251074,0.9944552165028484,0.10516093557149887
1769099759.7131746,8.07558212136541,0.7669297239794428,0.20818039646256692,0.9945875048926777,0.1039023344846392
1769099759.7631872,8.083235532534195,0.768540114931854,0.20659847855625826,0.9946693762508783,0.10311562417349214
1769099759.81336,8.09453549068381,0.77088980668902,0.20343464274378162,0.9948312520731136,0.10154201051112374
1769099759.863352,8.102096303185288,0.7724482670651796,0.20311825916249174,0.9948473027378668,0.10138463510409886
1769099759.9134772,8.109656127273905,0.774011511206413,0.2047001770688004,0.9947668004651689,0.10217148668924639
1769099759.9634693,8.120853262501438,0.7763583070826692,0.20849678004376293,0.9945710559518084,0.10405966876222898
1769099760.0135581,8.128181003175172,0.7779183389103581,0.21102784869375363,0.9944385684632732,0.10531824890642677
1769099760.0631824,8.135208820668481,0.7794284701334488,0.21229338301877243,0.9943717274544477,0.10594747585128035
1769099760.1132464,8.146491386207972,0.7818603277570947,0.21229338301877243,0.9943717274544477,0.10594747585128035
1769099760.1634228,8.1539896290871,0.7834703026851586,0.2107114651125107,0.9944552165028484,0.10516093557149886
1769099760.213324,8.161564419461632,0.7850854352337766,0.2094459307875388,0.9945215597981293,0.10453165595500699
1769099760.2635598,8.173127361523878,0.7875375571846686,0.20849678004380984,0.994571055951806,0.10405966876225231
1769099760.3131824,8.180829796150016,0.789160808384544,0.2069148621375481,0.994653051760092,0.10327297141234884
1769099760.3634589,8.18865684667463,0.7908064426750911,0.20754762929998713,0.9946203281064245,0.10358765813294724
1769099760.4131682,8.199925683027361,0.793181295954426,0.207864012881277,0.994603928944355,0.10374499760688395
1769099760.4635336,8.207405965116372,0.7947540223179441,0.20659847855630512,0.9946693762508758,0.10311562417351544
1769099760.513321,8.214812678359628,0.796307610800703,0.20691486213750118,0.9946530517600943,0.10327297141232551
1769099760.5632463,8.225935134032614,0.7986405914988879,0.2065984785562582,0.9946693762508783,0.10311562417349211
1769099760.6133711,8.23336587782965,0.800202902456026,0.207864012881277,0.994603928944355,0.10374499760688395
1769099760.66345,8.241017244865183,0.8018229777708052,0.2094459307875388,0.9945215597981293,0.10453165595500699
1769099760.713429,8.252403414952143,0.8042545571210526,0.2113442322750435,0.9944218955382257,0.1054755596058265
1769099760.7635376,8.259926660723117,0.8058686555706307,0.2113442322750435,0.9944218955382257,0.1054755596058265
1769099760.813194,8.26754992932258,0.8074991686212787,0.2100786979500248,0.9944884379239239,0.10484630101073532
1769099760.863498,8.275176277863348,0.8091152071571526,0.20754762930003406,0.9946203281064221,0.10358765813297058
1769099760.9133713,8.286746914747292,0.81153073251784,0.20406740990626757,0.9947990760581247,0.10185675369803109
1769099760.9634404,8.294307726491946,0.8130891927379982,0.2024854920000527,0.9948793293798704,0.10106987668271465
1769099761.0131736,8.301993237509386,0.8146695544489457,0.20311825916253862,0.9948473027378644,0.10138463510412218
1769099761.063448,8.313293938497328,0.817015670967344,0.20628209497501526,0.9946856758504165,0.1029582743542271
1769099761.1134694,8.32062560509883,0.8185571509831377,0.20818039646251996,0.9945875048926801,0.10390233448461586
1769099761.163519,8.32805386815163,0.820131214807228,0.20944593078749188,0.9945215597981317,0.10453165595498366
1769099761.2135315,8.339119376526542,0.8224888247246422,0.2103950815312677,0.9944718396565373,0.1050036196049561
1769099761.2633374,8.34659615655638,0.8240781135541244,0.20849678004376293,0.9945710559518084,0.10405966876222898
1769099761.313523,8.354225557937177,0.8256796718377091,0.20533294423128629,0.9947344252974816,0.10248620945321868
1769099761.363498,8.365726777542436,0.8280560329759385,0.2021691084188096,0.9948953053563243,0.10091249367618534
1769099761.4135482,8.373366649891064,0.8296068658348581,0.19837250544380014,0.995085075001904,0.09902370175091954
1769099761.4635797,8.381062002497126,0.8311385639476905,0.19457590246879067,0.9952712588111938,0.0971345529890453
1769099761.5134459,8.392593056236155,0.8333655342424724,0.18698269651877172,0.9956328662501392,0.09335521218728163
1769099761.5635228,8.400206290451345,0.8347884457241019,0.1825533263812763,0.9958371767716914,0.0911499718013514
1769099761.6133456,8.407751268550234,0.8361628084520878,0.17780757266253788,0.996050660676043,0.08878671841451498
1769099761.6636243,8.4185671853265,0.8380817695240763,0.17337820252504255,0.996244852406316,0.08658056395010227
1769099761.7135942,8.426049019620125,0.8393774789612691,0.16958159955003305,0.9964074133131392,0.0846892360020971
1769099761.7633133,8.433558861260812,0.8406596918589591,0.16863244880625725,0.9964474925309759,0.08421635606419206
1769099761.8135192,8.444891148963745,0.8425631907527844,0.16420307866876183,0.9966315613830713,0.08200933395133435
1769099761.8635397,8.45250964303925,0.843809444712974,0.1600900921125563,0.9967981054494899,0.07995959587383843
1769099761.9134886,8.460158385611892,0.8450271266736411,0.15566072197506087,0.9969727460662091,0.0777518077037581
1769099761.963556,8.471843806013398,0.8468060340904022,0.14648559811873324,0.9973189450594934,0.0731773313630604
1769099762.013482,8.479609305167886,0.8479291909291018,0.14079069365626593,0.9975232706129864,0.07033722048510778
1769099762.0632977,8.487405974672534,0.8490128199299534,0.13541217277499468,0.9977088183868619,0.06765436950479847
1769099762.1135135,8.498921391799612,0.8505502175234394,0.13003365189381721,0.9978871506134698,0.06497102924019586
1769099762.1631982,8.506526878313766,0.851536234080982,0.1278189668250226,0.9979584839746618,0.06386598674564295
1769099762.2134674,8.514209698661077,0.852516215647674,0.12592066533751786,0.9980186528904346,0.06291874508254566
1769099762.2634678,8.525411551533846,0.8539126631138432,0.12212406236255527,0.9981362933622928,0.06102409256173226
1769099762.3135033,8.532899400891452,0.8548196618147363,0.11896022655003174,0.9982315795268261,0.05944504718963569
1769099762.3636427,8.540440634970226,0.855706507862257,0.11516362357502229,0.9983426254931232,0.05754999672890866
1769099762.413351,8.551960279544412,0.8570021275426813,0.10883595195002216,0.9985197073007046,0.05439112181335492
1769099762.4636183,8.559585475062407,0.8578218907748583,0.10535573255630254,0.998612842022083,0.05265350651740382
1769099762.5135515,8.56738982936168,0.8586322023272279,0.10155912958129308,0.998710994917414,0.05075774454276914
1769099762.563608,8.57917827924658,0.859792122304913,0.0945986907937601,0.9988815944965224,0.04728171079905154
1769099762.613215,8.58711725506184,0.8605263837709829,0.08985293707502168,0.9989909759463041,0.0449113568916667
1769099762.6635478,8.594732158628839,0.8611905990206905,0.08415803261250747,0.9991148088180893,0.04206659958200494
1769099762.7135482,8.606235976138384,0.862124384269292,0.0778303609875542,0.9992428999162835,0.03890535910252445
1769099762.7632294,8.613832262674954,0.8627059230712031,0.07498290875632055,0.9992972777428267,0.03748267194018795
1769099762.8135908,8.621379514516635,0.8632644971020818,0.07276822368752597,0.9993381712184465,0.03637608480541797
1769099762.8632205,8.632765590909814,0.8640782120835988,0.0699207714562923,0.9993889479557787,0.03495326456630041
1769099762.9134915,8.640442076092672,0.8646036324743096,0.06675693564381567,0.9994429906605138,0.03337227021897283
1769099762.9635353,8.648246549682986,0.8651117707758491,0.06327671625004919,0.9994995488950326,0.0316330801318233
1769099763.013569,8.659767996204605,0.8657942189778975,0.05505074313754428,0.9996212008772124,0.02752189595212752
1769099763.063524,8.66757839661982,0.866201079461286,0.049039455093787085,0.9996994065411249,0.024517270674418355
1769099763.113514,8.675517577299203,0.8665655500123126,0.04271178346878692,0.9997719716107991,0.021354268459851604
1769099763.1634972,8.687201951579949,0.8670278840962593,0.03638411184378676,0.9998345291143044,0.0181910524922885
1769099763.2135909,8.694967665850498,0.8672970272025402,0.03290389245002025,0.9998646697851927,0.016451204069842025
1769099763.2636056,8.702708857824268,0.8675420275592618,0.030372823800029557,0.9998846886629871,0.015185828173707134
1769099763.3132222,8.714245533380149,0.8678815769232049,0.028474522312524824,0.9998986519093364,0.014236780179934464
1769099763.3634968,8.721810394790461,0.868095843309618,0.028158138731234954,0.9999008915400235,0.014078604244250018
1769099763.4136052,8.729375323612523,0.8683077162874007,0.02784175515003887,0.9999031061485475,0.01392042795630042
1769099763.4638302,8.74071011658722,0.8686233783855215,0.02784175514999198,0.9999031061485478,0.013920427956276977
1769099763.5137098,8.748426850001024,0.868839502994966,0.028158138731281854,0.9999008915400232,0.014078604244273464
1769099763.5632365,8.755612170939264,0.8690441568903537,0.02879090589381469,0.9998963872565428,0.014394955759348576
1769099763.6135368,8.767376921569445,0.8693773805236553,0.027841755149991987,0.9999031061485478,0.01392042795627698
1769099763.6636045,8.774941850391507,0.869589253501438,0.02815813873128186,0.9999008915400232,0.014078604244273468
1769099763.7135909,8.782709386762058,0.8697994228107384,0.025943453662534144,0.9999158683312236,0.012971363051551608
1769099763.7632248,8.793943819806625,0.8700802781206685,0.024045152175029404,0.999927729702626,0.012022286461069578
1769099763.8135483,8.801787923643696,0.870266443987262,0.02341238501254346,0.9999314833109402,0.011705925148533141
1769099763.8635123,8.809252557396855,0.8704400593186143,0.02309600143125359,0.9999333225807289,0.01154774405085738
1769099763.913544,8.820588287615273,0.8707198583560594,0.026259837243777135,0.9999138038568156,0.01312954137027218
1769099763.9635432,8.828406220177428,0.870938817277024,0.02974005663749674,0.9998894431660954,0.0148694803202923
1769099764.0135393,8.839487293531535,0.871271975225703,0.030372823800029584,0.9998846886629871,0.015185828173707148
1769099764.063398,8.84710233283754,0.8715021308785396,0.03005644021878661,0.9998870784254494,0.015027654435042287
1769099764.1133463,8.854363253336052,0.8717192843921673,0.02974005663749674,0.9998894431660954,0.0148694803202923
1769099764.163545,8.866001446309513,0.8720507659707568,0.027208987987506053,0.9999074602988882,0.01360407433922802
1769099764.213246,8.873617303778452,0.8722520087332688,0.02562707008124428,0.9999179077830946,0.012813184408203875
1769099764.2635262,8.881537042491637,0.872451251938064,0.024677919337562255,0.9999238760029762,0.012338646570215786
1769099764.3135643,8.893328412087973,0.8727348318688719,0.023412385012496578,0.9999314833109404,0.011705925148509702
1769099764.3636494,8.901096691959902,0.872915509518787,0.023096001431253607,0.9999333225807289,0.011547744050857388
1769099764.4138596,8.90886497183183,0.8730961871687022,0.02341238501249658,0.9999314833109404,0.011705925148509704
1769099764.463516,8.920302181297494,0.8733676290128969,0.024045152175029415,0.999927729702626,0.012022286461069584
1769099764.5136552,8.92781713607448,0.8735543096499949,0.02562707008129118,0.9999179077830943,0.012813184408227322
1769099764.563473,8.935357119693595,0.8737523539171388,0.02689260440626308,0.9999095998405954,0.013445897018068725
1769099764.6136844,8.946717161035087,0.8740705176227568,0.02910728947505769,0.9998940975817,0.01455313097851063
1769099764.6635528,8.954357607725692,0.8742978119557696,0.03037282380002958,0.9998846886629871,0.015185828173707146
1769099764.713566,8.962149778029492,0.8745320874082658,0.029740056637496733,0.9998894431660954,0.014869480320292297
1769099764.7634296,8.973888852968894,0.8748775938247064,0.02910728947501078,0.9998940975817004,0.014553130978487178
1769099764.8144844,8.98175724968981,0.87510294896631,0.02815813873128186,0.9999008915400232,0.014078604244273468
1769099764.8635974,8.989524915160958,0.8753082031302775,0.024677919337515352,0.9999238760029765,0.012338646570192334
1769099764.9135826,9.001164551559262,0.8755844492180316,0.022779617850010606,0.9999351368275432,0.01138956266422689
1769099764.9635425,9.008932831171997,0.8757651268619178,0.023728768593786427,0.9999296190182237,0.011864105953248862
1769099765.0135388,9.016498567435738,0.8759458836847962,0.02404515217502939,0.999927729702626,0.012022286461069571
1769099765.0633075,9.028087050627096,0.8762429275860599,0.02720898798750603,0.9999074602988882,0.013604074339228008
1769099765.1135368,9.035829049277933,0.8764609854924821,0.029107289475010765,0.9998940975817004,0.01455313097848717
1769099765.1635876,9.042938306640837,0.8766691007487566,0.029423673056300635,0.9998917828848648,0.014711305833485759
1769099765.21367,9.054348431959127,0.8770067320251016,0.029740056637496712,0.9998894431660954,0.014869480320292287
1769099765.2632637,9.062090220798625,0.8772321381747776,0.028474522312524817,0.9998986519093364,0.01423678017993446
1769099765.3135962,9.069629881693835,0.8774421098242478,0.027208987987506025,0.9999074602988882,0.013604074339228006
1769099765.363504,9.08136989226726,0.877754188414432,0.025943453662534127,0.9999158683312236,0.0129713630515516
1769099765.413654,9.089314838073008,0.8779578386815547,0.025310686500048182,0.9999199222123769,0.012655005444257659
1769099765.4633381,9.097184033667643,0.8781533190923696,0.024361535756272368,0.9999258153641943,0.012180466668036863
1769099765.5135477,9.10884893099611,0.8784320110407471,0.02341238501249655,0.9999314833109404,0.011705925148509688
1769099765.5633223,9.116516051274203,0.8786079088363987,0.02246323426876763,0.9999369260513383,0.01123138099257667
1769099765.613686,9.124183227075557,0.878781380878106,0.022779617850057495,0.999935136827543,0.011389562664250334
1769099765.6666481,9.135291695439872,0.8790362295080385,0.02309600143125358,0.9999333225807289,0.011547744050857374
1769099765.7132492,9.142882820289197,0.8792139883257679,0.023728768593786424,0.9999296190182237,0.01186410595324886
1769099765.7634122,9.150676375134507,0.8793964873786386,0.02309600143125358,0.9999333225807289,0.011547744050857374
1769099765.8135054,9.162139715016096,0.8796304492640368,0.017717480550029238,0.999960761616981,0.008858624407163528
1769099765.863418,9.169934463309616,0.8797512993343821,0.013288110412533813,0.9999779283464015,0.006644006324433312
1769099765.913256,9.17778028865541,0.8798381830468869,0.008858740275038388,0.9999901903561307,0.004429355653995184
1769099765.9667335,9.189321820752758,0.8798856534809227,-0.0006327671624853095,0.9999999499507152,-0.0003163835759643974
1769099766.0135484,9.19694029582747,0.8798627549879046,-0.005378520881223706,0.9999963839413206,-0.002689257199103219
1769099766.0631788,9.204786396191544,0.8798056593014849,-0.009175123856186292,0.9999894771562331,-0.00458754583668271
1769099766.1136687,9.21632712170713,0.8796595996611225,-0.0161355626437193,0.9999674556287955,-0.008067693801379717
1769099766.1633692,9.224121674274295,0.8795264190063579,-0.018033864131224035,0.9999593477434994,-0.009016809879069144
1769099766.2138069,9.231764076065618,0.8793789069341211,-0.020564932781214726,0.9999471359082382,-0.010282285198886519
1769099766.2636669,9.243125658648585,0.8791218478841243,-0.02467791933746718,0.9999238760029768,-0.01233864657016825
1769099766.313775,9.250716307363561,0.8789248760474648,-0.027208987987504762,0.9999074602988882,-0.013604074339227374
1769099766.3636837,9.258179757372625,0.8787063922126528,-0.031321974543757215,0.9998773692453007,-0.015660347093748632
1769099766.413633,9.269613620558742,0.878319173215699,-0.03638411184373858,0.9998345291143048,-0.018191052492264416
1769099766.4635448,9.27704968699219,0.8780390755873415,-0.038915180493729266,0.9998107070631633,-0.01945636250323672
1769099766.5133717,9.284965686845185,0.8777245965090632,-0.040497098399944136,0.999795005131847,-0.020247165564837685
1769099766.5633178,9.296724653434856,0.877227635031657,-0.04397731779371065,0.9997582591803574,-0.021986887016156892
1769099766.613507,9.30425984007681,0.8768936552809752,-0.04461008495619659,0.9997512528532331,-0.02230319300886866
1769099766.663579,9.31202254504122,0.8765483608887052,-0.044293701374953635,0.9997547685260482,-0.02214504028959864
1769099766.7136252,9.323376134022896,0.8760505378757912,-0.043344550631224714,0.9997651654331101,-0.021670578822589187
1769099766.7633226,9.33093717752865,0.8757285939681054,-0.041762632725009845,0.9997819932351033,-0.020879798917707557
1769099766.813492,9.338524155818632,0.875421175286279,-0.039231564074972254,0.9998076167164001,-0.01961452410516567
1769099766.863285,9.349981425302829,0.8749805338505148,-0.0376496461687105,0.9998228182503973,-0.01882371126619191
1769099766.9136546,9.35764535360008,0.8746979235216745,-0.03606772826244874,0.9998373942792095,-0.01803288665080258
1769099766.963661,9.365461313666996,0.8744171353165662,-0.03575134468120576,0.9998402344235402,-0.01787472035809763
1769099767.013499,9.37702070801724,0.8739982023472788,-0.03670049542498158,0.9998316389288989,-0.018349217878478243
1769099767.063523,9.38473494904249,0.8737064045242575,-0.03891518049372929,0.9998107070631633,-0.01945636250323673
1769099767.1133387,9.39254988431295,0.8733984168289748,-0.03986433123750511,0.9998013609634662,-0.019930845832549705
1769099767.163591,9.404233681875377,0.8729212954181422,-0.041762632724962945,0.9997819932351037,-0.020879798917684114
1769099767.2132604,9.411592423213754,0.8726079653942733,-0.04334455063122471,0.9997651654331101,-0.021670578822589184
1769099767.2635763,9.42324992875848,0.8721079020378344,-0.04239539988744888,0.999775337171283,-0.02119611247486996
1769099767.3136039,9.431038924302893,0.8717848924123333,-0.040497098399991036,0.9997950051318466,-0.02024716556486113
1769099767.3633516,9.438474069198584,0.8714812696558241,-0.04112986556247698,0.9997885492221771,-0.02056348327046025
1769099767.4135664,9.446111628872846,0.8711718014541647,-0.039864331237458195,0.9998013609634666,-0.019930845832526255
1769099767.4632773,9.457467590528793,0.8707314580739265,-0.03764964616871048,0.9998228182503973,-0.0188237112661919
1769099767.5133474,9.465080570959715,0.8704410784230525,-0.03859879691243939,0.9998137723900216,-0.019298200414395818
1769099767.5634785,9.472870455850494,0.8701402488246316,-0.03859879691243939,0.9998137723900216,-0.019298200414395818
1769099767.613568,9.484630191524634,0.8696618897768542,-0.04271178346873876,0.9997719716107997,-0.021354268459827526
1769099767.663579,9.492544718936259,0.869312351086438,-0.045559235699972424,0.9997405557246358,-0.0227776478020948
1769099767.7135298,9.500331268178297,0.8689351353496084,-0.051254140162486646,0.9996716446106427,-0.02562426509097942
1769099767.763592,9.511956518076252,0.8682945094158085,-0.058847346112458704,0.9995671549613494,-0.02941942763674592
1769099767.8136003,9.519687447903147,0.8678267655247092,-0.062011181924982235,0.9995193651711086,-0.031000623347668444
1769099767.8636894,9.527290484254179,0.8673414044195893,-0.06549140131870186,0.9994639074502165,-0.032739848874804856
1769099767.9132948,9.538654433460353,0.8665744298692868,-0.06928800429375824,0.9993999565759126,-0.034637072567756604
1769099767.963582,9.546380578233956,0.866033329781482,-0.07055353861873012,0.9993778392982423,-0.03526945306602433
1769099768.0132847,9.553954893284999,0.8654980465792351,-0.07055353861873012,0.9993778392982423,-0.03526945306602433
1769099768.063297,9.565441957517614,0.8646771144216645,-0.07213545652499188,0.9993496299980769,-0.03605990880058876
1769099768.1135752,9.573166351029133,0.8641115728764541,-0.07403375801244973,0.9993149535633806,-0.037008425859773666
1769099768.1633072,9.58068827460268,0.8635536769588404,-0.07403375801244973,0.9993149535633806,-0.037008425859773666
1769099768.2134662,9.592297915880309,0.8626741291079458,-0.07719759382497325,0.9992551589215298,-0.038589213113358715
1769099768.2637265,9.600221801596305,0.8620612061478933,-0.07719759382497325,0.9992551589215298,-0.038589213113358715
1769099768.3137207,9.60799370017551,0.8614526182054618,-0.07909589531247799,0.9992180818386773,-0.03953763936597918
1769099768.3635874,9.619726225437073,0.8605208158601627,-0.07941227889372096,0.9992118148061976,-0.03969570696819969
1769099768.413524,9.627548202381567,0.8599033263834359,-0.07814674456870216,0.9992367329050416,-0.039063430638624906
1769099768.4634998,9.635067767720361,0.859314497701374,-0.07814674456874905,0.9992367329050407,-0.03906343063864833
1769099768.513711,9.646322711983755,0.8584439129907411,-0.07624844308124433,0.9992733598839931,-0.03811498689696127
1769099768.5635698,9.653944513843017,0.8578640590328686,-0.07561567591871148,0.9992853688269293,-0.03779883131034363
1769099768.6133027,9.661592011064556,0.8572883337165855,-0.07466652517498255,0.9993031946902667,-0.03732459084607524
1769099768.663568,9.673177656160604,0.8564271915002877,-0.07371737443120674,0.9993207954887613,-0.036850341975472656
1769099768.713469,9.680901691429371,0.8558567622404099,-0.07371737443125363,0.9993207954887604,-0.03685034197549609
1769099768.763691,9.68885224746759,0.8552607514168744,-0.07593205949995444,0.9992793768587663,-0.03795690957856978
1769099768.8134825,9.700485288758912,0.8543553664137709,-0.07941227889372095,0.9992118148061976,-0.039695706968199684
1769099768.8634756,9.708155294783152,0.8537425480490928,-0.0800450460562069,0.9991992057266398,-0.04001183918857252
1769099768.91355,9.715496840692765,0.8531501286989638,-0.08099419679998272,0.9991801045731782,-0.04048602999965168
1769099768.9636385,9.727025459251252,0.8522088228453271,-0.08194334754375854,0.9991607783825955,-0.040960211692395124
1769099769.0136223,9.734694682567401,0.851586298401168,-0.0800450460562069,0.9991992057266398,-0.04001183918857252
1769099769.0636022,9.742314419873077,0.8509799224961165,-0.07877951173118808,0.9992243238660828,-0.03937957077431992
1769099769.1134758,9.753771243486616,0.8500937221527876,-0.07561567591875835,0.9992853688269284,-0.03779883131036705
1769099769.163483,9.761191675385668,0.8495362714492121,-0.07435014159369267,0.9993090866305004,-0.037166508817952026
1769099769.2133558,9.76871359883373,0.8489783755409039,-0.07371737443125362,0.9993207954887604,-0.03685034197549608
1769099769.26376,9.780223925900914,0.8481283240948106,-0.07371737443125362,0.9993207954887604,-0.03685034197549608
1769099769.3132892,9.787771001900301,0.8475673621717768,-0.07466652517493563,0.9993031946902676,-0.037324590846051796
1769099769.3635604,9.795670891769415,0.8469726360199736,-0.07561567591871145,0.9992853688269293,-0.03779883131034362
1769099769.413594,9.807482160875821,0.846074054389895,-0.0762484430811974,0.999273359883994,-0.038114986896937826
1769099769.4637,9.81530510419791,0.8454689394564951,-0.07814674456874902,0.9992367329050407,-0.03906343063864832
1769099769.5137393,9.822975879622566,0.8448658282358608,-0.07877951173123497,0.9992243238660818,-0.03937957077434335
1769099769.5633488,9.834431577131756,0.8439651292418873,-0.078146744568749,0.9992367329050407,-0.039063430638648304
1769099769.6135263,9.841547407418801,0.8434079155226205,-0.07814674456874898,0.9992367329050407,-0.0390634306386483
1769099769.663509,9.849066972757596,0.8428190868405583,-0.07814674456870208,0.9992367329050416,-0.039063430638624864
1769099769.713614,9.860196413966067,0.8419670650171125,-0.07466652517493558,0.9993031946902676,-0.03732459084605177
1769099769.7632911,9.867818943673937,0.8413968571633654,-0.07466652517498247,0.9993031946902667,-0.0373245908460752
1769099769.8135793,9.879001512327495,0.8405763467981457,-0.07181907294370192,0.9993553218754131,-0.03590181944260515
1769099769.8635502,9.88627186570686,0.840048672693186,-0.07308460726872071,0.9993324043164399,-0.03653417144432671
1769099769.9136229,9.894046017926668,0.8394695959469085,-0.07561567591871139,0.9992853688269293,-0.03779883131034359
1769099769.9637494,9.905478305650204,0.8385943895057313,-0.07719759382497315,0.9992551589215298,-0.03858921311335867
1769099770.0132897,9.913224485817949,0.8379816506116451,-0.08067781321873967,0.9991864966286698,-0.04032796740384088
1769099770.0636454,9.921095124945419,0.8373377635347103,-0.08257611470624437,0.9991477692370656,-0.04127632770239415
1769099770.1133106,9.93274912110339,0.8363769407778996,-0.08194334754371156,0.9991607783825965,-0.040960211692371656
1769099770.1636033,9.940342564041641,0.8357593584107335,-0.08036142963749668,0.9991928636798765,-0.04016990379883713
1769099770.2136838,9.948113686208469,0.8351409353538557,-0.07846312814994505,0.9992305408882557,-0.0392215011972244
1769099770.263789,9.959368354469852,0.8342667898072822,-0.0765648266624872,0.9992673179027622,-0.03827306326151536
1769099770.313867,9.966788608143759,0.8337069915408963,-0.07403375801249652,0.9993149535633797,-0.03700842585979705
1769099770.363783,9.974361014425854,0.8331453513553786,-0.07403375801244963,0.9993149535633806,-0.03700842585977362
1769099770.41359,9.985972037391731,0.8322841697375856,-0.07403375801244963,0.9993149535633806,-0.03700842585977362
1769099770.4632947,9.993695891799469,0.8317112967483579,-0.07403375801244963,0.9993149535633806,-0.03700842585977362
1769099770.5135403,10.001571378608789,0.8311296826107331,-0.07340099085001059,0.9993266124064955,-0.03669225716902841
1769099770.563614,10.013333292170735,0.8302498256937838,-0.07593205949995435,0.9992793768587663,-0.03795690957856974
1769099770.613379,10.021055482880312,0.8296549618395472,-0.077830360987506,0.9992428999162843,-0.03890535910250036
1769099770.6635807,10.028675981854908,0.8290582294267423,-0.07846312814994505,0.9992305408882557,-0.0392215011972244
1769099770.7133024,10.040257699381197,0.8281457786848918,-0.07877951173123492,0.9992243238660818,-0.03937957077434332
1769099770.7636023,10.047852681898435,0.8275474177408846,-0.07846312814994505,0.9992305408882557,-0.0392215011972244
1769099770.8133185,10.055574114634286,0.8269427815875119,-0.0778303609874591,0.9992428999162852,-0.03890535910247693
1769099770.863336,10.067082523966823,0.8260672410232859,-0.07403375801244962,0.9993149535633806,-0.03700842585977361
1769099770.9135468,10.07475607521693,0.8255005400686777,-0.07340099084996367,0.9993266124064962,-0.03669225716900497
1769099770.963572,10.0823794972817,0.8249423911489107,-0.07276822368747772,0.9993381712184474,-0.036376084805393866
1769099771.0135756,10.09341035496775,0.8241295035789635,-0.07435014159369259,0.9993090866305004,-0.037166508817951985
1769099771.0634115,10.101082999118423,0.8235506644876205,-0.07624844308124423,0.9992733598839931,-0.038114986896961224
1769099771.1135657,10.108804810969982,0.8229509144741369,-0.0787795117312349,0.9992243238660818,-0.039379570774343314
1769099771.163434,10.120107976233973,0.8220478138467238,-0.08067781321869273,0.9991864966286708,-0.04032796740381743
1769099771.213656,10.128054397686014,0.8213989925685867,-0.08225973112495451,0.999154286311571,-0.04111827021185619
1769099771.2635002,10.13968392241424,0.820449447777408,-0.08067781321869273,0.9991864966286708,-0.04032796740381743
1769099771.3133664,10.147227680920107,0.8198455153467235,-0.07909589531243097,0.9992180818386783,-0.03953763936595569
1769099771.3635144,10.15482266318393,0.8192471544226851,-0.07814674456874893,0.9992367329050407,-0.03906343063864827
1769099771.4135568,10.166001491165204,0.8183771202714194,-0.07719759382497311,0.9992551589215298,-0.038589213113358646
1769099771.4633765,10.173471864628022,0.8178087867330803,-0.07466652517498243,0.9993031946902667,-0.03732459084607518
1769099771.5133078,10.181144874665085,0.8172348026683808,-0.07466652517498243,0.9993031946902667,-0.03732459084607518
1769099771.5633812,10.188893696762275,0.8166563800824704,-0.07435014159373948,0.9993090866304996,-0.03716650881797541
1769099771.6135447,10.200580306475677,0.8157877333298558,-0.07403375801249648,0.9993149535633797,-0.03700842585979703
1769099771.6634743,10.208353905562623,0.8152012780031668,-0.07656482666244029,0.9992673179027631,-0.038273063261491914
1769099771.7135231,10.216100277652396,0.8145909900261077,-0.0806778132186927,0.9991864966286708,-0.040327967403817416
1769099771.7632465,10.227601389620292,0.8136244520364919,-0.08700548484373978,0.999053904921187,-0.04348902231285426
1769099771.8134196,10.235416487495664,0.8129253316358822,-0.09143485498123517,0.9989551404177929,-0.04570150361714226
1769099771.8636642,10.243026585567163,0.8122081296303829,-0.09649699228121657,0.9988362670925361,-0.04822977856726993
1769099771.9137287,10.254638549173496,0.8110637202216635,-0.09997721167493616,0.9987508298009118,-0.04996778934463852
1769099771.9634278,10.262218174059896,0.8102949168668805,-0.10219189674368388,0.998694886015919,-0.05107371775826007
1769099772.0135431,10.26974572618278,0.8095145487825879,-0.10440658181247849,0.9986377176239024,-0.05217958354493626
1769099772.0632548,10.280643194640488,0.8083499675135619,-0.10851956836873096,0.9985282990358242,-0.05423316351296172
1769099772.1133275,10.287888531192067,0.8075490060637636,-0.11168340418120756,0.9984412572687023,-0.05581268479201848
1769099772.1661615,10.299353304426296,0.8062191371588672,-0.11927661013122653,0.9982221633182139,-0.05960295848617776
1769099772.2137184,10.307040378424537,0.8052731965852811,-0.1256042817561798,0.9980285936318142,-0.06276086593812276
1769099772.2634542,10.314972976970736,0.8042511506142715,-0.13066641905620807,0.9978665449033695,-0.0652867410935152
1769099772.3136027,10.326711427068558,0.8026631812615976,-0.13825962500622704,0.9976114859509556,-0.0690747645578789
1769099772.3633704,10.334354966238266,0.8015811082350577,-0.14300537872496544,0.9974447716477234,-0.07144177708190762
1769099772.4134662,10.342019216821662,0.8004651676761718,-0.14616921453748902,0.9973305086337514,-0.0730195627783598
1769099772.4670274,10.353308621333829,0.7987757722390099,-0.15091496825622738,0.9971544346099184,-0.07538589747276425
1769099772.5135427,10.360639120750104,0.7976527077864124,-0.15312965332497505,0.9970703452571601,-0.07649004254651473
1769099772.5635078,10.368116807063455,0.7964877153310521,-0.1559771055562087,0.996960433894136,-0.07790951963409834
1769099772.6134992,10.379514935722167,0.7946731300549432,-0.15977370853121817,0.9968107419288315,-0.07980190959677937
1769099772.6634195,10.387109825304051,0.7934393710154639,-0.16230477718125574,0.9967089516654565,-0.08106334356505861
1769099772.7136586,10.394825824903114,0.7921621229022415,-0.1657849965749754,0.9965663836185659,-0.08279760287238704
1769099772.7661347,10.405879694404092,0.7902820085781541,-0.17116351745619973,0.9963401159264517,-0.08547732679292734
1769099772.8136306,10.413507363046419,0.7889386615246805,-0.17749118908124675,0.99606469354305,-0.08862915026665816
1769099772.8634338,10.421201298466709,0.7875346501831102,-0.18350247712495704,0.9957938070994438,-0.0916225613175909
1769099772.913591,10.43256629977642,0.7853826122052698,-0.190779299493733,0.9954538561132739,-0.09524505419817583
1769099772.963263,10.440192175692589,0.7838910625832816,-0.19552505321247143,0.995225049067939,-0.09760687326063935
1769099773.0134366,10.447787757229326,0.7823767246195512,-0.19805612186250898,0.9951007272877108,-0.09886628622270047
1769099773.0656152,10.459075743814626,0.7800946485498006,-0.2009035740936957,0.9949589602891642,-0.10028293643639223
1769099773.113554,10.466465188802374,0.7785824753486508,-0.20280187558120044,0.9948633285069218,-0.10122725715995902
1769099773.1632648,10.473974946802537,0.7770271063094576,-0.205649327812481,0.9947182003741275,-0.10264356699012862
1769099773.2133892,10.485191983727521,0.7746520477685801,-0.21166061585623816,0.9944051977281306,-0.10563286766569069
1769099773.2632635,10.49258718887432,0.7730446050593791,-0.21640636957492976,0.9941517446559905,-0.10799216914874081
1769099773.31332,10.500394982404336,0.7713099322165726,-0.22083573971247206,0.9939101381353147,-0.11019363553236457
1769099773.363581,10.511471915192912,0.7687697601394006,-0.23001086356870584,0.9933941610202945,-0.11475208429821675
1769099773.4135811,10.518959250163554,0.766996562647486,-0.23507300086873414,0.9931005339342818,-0.11726606286323654
1769099773.4715874,10.526586281009463,0.765154566090464,-0.23886960384369677,0.9928761383839618,-0.11915105466487398
1769099773.5134497,10.537790646060108,0.7623847497325602,-0.24583004263122976,0.9924554545942086,-0.12260575290826577
1769099773.5645568,10.545127797903367,0.7605302460951833,-0.24931026202494938,0.9922406046742244,-0.12433254777301729
1769099773.6133254,10.552508684032983,0.7586423128446382,-0.2515249470936971,0.9921023176374376,-0.12543122154561384
1769099773.664575,10.563411734586543,0.7558166741420815,-0.2556379336499965,0.9918422714740138,-0.12747120662043118
1769099773.7133334,10.570853660276775,0.753861616304182,-0.25816900229998724,0.9916801580738058,-0.12872631464743936
1769099773.7716053,10.578316017625237,0.751884776578819,-0.25975092020620205,0.9915780306478481,-0.12951065259867706
1769099773.8133287,10.589341207090591,0.7489267521645493,-0.26449667392498744,0.9912679265447935,-0.13186317834629196
1769099773.8645585,10.596934177140621,0.7468509038862097,-0.2692424276436789,0.990952241066103,-0.1342149616327033
1769099773.9133182,10.604443730107505,0.7447582286796615,-0.27430456494375405,0.9906093599758665,-0.13672269719473853
1769099773.9633324,10.615612403571378,0.7415600206560087,-0.2834796887999409,0.9899717143080415,-0.14126572432829307
1769099774.013334,10.623090704161124,0.7393582801853504,-0.289174593262502,0.9895654541148665,-0.14408404499609925
1769099774.063325,10.630558477264767,0.7371210727894664,-0.29297119623746465,0.9892901563491618,-0.14596227783455185
1769099774.113323,10.641067177095264,0.7339220675086489,-0.29803333353744604,0.9889175473508293,-0.14846576892206592
1769099774.1633322,10.647985567595715,0.731792065868679,-0.2992988678624649,0.9888234051153089,-0.1490914937082793
1769099774.2176116,10.659009819239788,0.7283750465202825,-0.30182993651245554,0.9886339329244517,-0.1503427639440314
1769099774.2633805,10.66625762073916,0.7261109500756135,-0.30372823799996035,0.9884907896759003,-0.15128105871494654
1769099774.3135803,10.673570257505538,0.7237999089804108,-0.3084739917187455,0.9881290358198502,-0.1536261975371818
1769099774.3635864,10.68460416352066,0.72024550895773,-0.31480166334369875,0.987638043054154,-0.15675170146496314
1769099774.4156356,10.692035823497227,0.7178086219975193,-0.3189146498999981,0.9873135960197807,-0.15878243956587013
1769099774.4633503,10.699411688857008,0.7153641583342947,-0.3211293349686989,0.9871371641810742,-0.15987563633195273
1769099774.5135963,10.710647992540817,0.711614629174349,-0.3230276364562506,0.9869849734751703,-0.16081250614991763
1769099774.563341,10.718182891606176,0.7090869964795461,-0.3242931707812225,0.9868830190171888,-0.1614370055951204
1769099774.6134498,10.725475500112685,0.7066329386296211,-0.32492593794370844,0.9868318936072763,-0.16174923109392925
1769099774.6633356,10.732790928264158,0.7041673361906149,-0.3252423215249514,0.9868062938593269,-0.16190533777371194
1769099774.713346,10.743535639895203,0.7005440301995193,-0.3252423215249983,0.9868062938593231,-0.16190533777373506
1769099774.7635744,10.750660705054823,0.6981476075674324,-0.3236604036187366,0.9869340456415228,-0.16112476393669822
1769099774.813346,10.761055038790865,0.694673558815305,-0.3214457185499888,0.9871118608166105,-0.16003179132650008
1769099774.8634243,10.76835920856071,0.6922541383634457,-0.31828188273751223,0.9873637827614716,-0.15847006181281528
1769099774.9133406,10.775716044780022,0.6898327608186516,-0.3176491155749324,0.9874138706694675,-0.15815766819708754
1769099774.9633415,10.78677764210261,0.6861997801907194,-0.3170163484124933,0.9874638597387362,-0.15784525875007294
1769099775.0135274,10.794206990220907,0.6837558390958449,-0.3185982663187082,0.987338701744529,-0.15862625267410213
1769099775.0633442,10.801606491580547,0.6813022429608542,-0.32176210213123174,0.9870865327500291,-0.1601879423162859
1769099775.1133404,10.812694043925534,0.6775867510259528,-0.3249259379437084,0.9868318936072763,-0.16174923109392922
1769099775.163343,10.820033848342996,0.6751142257000691,-0.3249259379437084,0.9868318936072763,-0.16174923109392922
1769099775.2133427,10.827325680182568,0.6726578606704327,-0.3249259379437084,0.9868318936072763,-0.16174923109392922
1769099775.2633386,10.838266918562796,0.6689836969071896,-0.32302763645625054,0.9869849734751703,-0.1608125061499176
1769099775.3133602,10.845516930456581,0.666561834837271,-0.32176210213123174,0.9870865327500291,-0.1601879423162859
1769099775.363508,10.852817266687294,0.6641308618471893,-0.3211293349687458,0.9871371641810706,-0.15987563633197588
1769099775.4133441,10.863579051856586,0.660558588460546,-0.31986380064372705,0.9872381306050444,-0.15925097638462812
1769099775.4633465,10.870810764943753,0.6581618988516453,-0.32018018422496997,0.9872129260553962,-0.15940714735902758
1769099775.5133529,10.878185083280936,0.6557127680641228,-0.3211293349687458,0.9871371641810706,-0.15987563633197588
1769099775.5633454,10.885511360456315,0.6532795925260295,-0.32018018422496997,0.9872129260553962,-0.15940714735902758
1769099775.6135125,10.896775827833185,0.6495345227044371,-0.32176210213123174,0.9870865327500291,-0.1601879423162859
1769099775.6633465,10.904363535497763,0.6470051894593872,-0.32176210213123174,0.9870865327500291,-0.1601879423162859
1769099775.7133577,10.91170801832578,0.6445466023979813,-0.3242931707812224,0.9868830190171888,-0.16143700559512036
1769099775.763362,10.922573226918905,0.6408845768469398,-0.3258750886874842,0.9867550202806412,-0.16221753897452437
1769099775.8133717,10.929501932507442,0.6385395471743731,-0.32682423943121314,0.9866779247152885,-0.16268581032017362
1769099775.8634436,10.940169558033755,0.6349253129731096,-0.32650785584997016,0.9867036479291932,-0.1625297239375701
1769099775.913349,10.94724588668597,0.632542789866811,-0.32302763645620364,0.9869849734751741,-0.16081250614989445
1769099775.963362,10.954521822930086,0.6301186632528362,-0.32018018422496997,0.9872129260553962,-0.15940714735902758
1769099776.013353,10.965482661599433,0.626503400993851,-0.3170163484124464,0.98746385973874,-0.1578452587500498
1769099776.063356,10.9724081834014,0.6242288392094064,-0.3176491155749793,0.9874138706694638,-0.1581576681971107
1769099776.1133504,10.979740595637349,0.6218142147558252,-0.3185982663187082,0.987338701744529,-0.15862625267410213
1769099776.1633513,10.990769510998458,0.6181629520794605,-0.3208129513874559,0.9871624428427795,-0.15971947733659786
1769099776.213354,10.997732912556483,0.6158417288803162,-0.32271125287496066,0.9870104003438971,-0.16065637121813736
1769099776.2633486,11.008389615797276,0.612274366369082,-0.3233440200374935,0.9869595219075011,-0.1609686370573992
1769099776.3133662,11.015878109966481,0.6097675710909201,-0.32271125287496066,0.9870104003438971,-0.16065637121813736
1769099776.363519,11.022837831409213,0.6074353350766009,-0.3239767871999795,0.9869085446778726,-0.16128088678390756
1769099776.4133697,11.033371733704636,0.6038998125330863,-0.32366040361873655,0.9869340456415228,-0.1611247639366982
1769099776.4633615,11.04057297015051,0.6014917110120446,-0.32176210213123174,0.9870865327500291,-0.1601879423162859
1769099776.5133898,11.05099406232274,0.5980178799096681,-0.32176210213123174,0.9870865327500291,-0.1601879423162859
1769099776.5633633,11.058126674173021,0.5956440116117925,-0.3208129513874559,0.9871624428427795,-0.15971947733659786
1769099776.6135402,11.065452951592853,0.5932108359925117,-0.32049656780621294,0.9871876968010975,-0.15956331434432017
1769099776.663355,11.072804407185847,0.5907731713239279,-0.31986380064372705,0.9872381306050444,-0.15925097638462812
1769099776.7133594,11.08392943732632,0.5870900886276402,-0.3195474170624371,0.9872633104494148,-0.1590948014250067
1769099776.7633495,11.091425825091623,0.5846069982223057,-0.32018018422496997,0.9872129260553962,-0.15940714735902758
1769099776.8133662,11.10223224114992,0.5810085193677583,-0.32271125287496066,0.9870104003438971,-0.16065637121813736
1769099776.8633637,11.109645974450192,0.5785176176199371,-0.32555870510624124,0.9867806694168989,-0.16206144040189452
1769099776.9133615,11.116910326191476,0.5760589880580955,-0.3271406230124561,0.9866521768101214,-0.1628418926316229
1769099776.9633899,11.12769723424256,0.5724024380834685,-0.32650785584992326,0.9867036479291971,-0.16252972393754694
1769099777.0133646,11.134962363975104,0.5699461068023428,-0.32555870510624124,0.9867806694168989,-0.16206144040189452
1769099777.063353,11.142136170631352,0.5675358167615712,-0.32271125287496066,0.9870104003438971,-0.16065637121813736
1769099777.1133573,11.15301634478612,0.563918511964332,-0.31923103348124104,0.9872884655878664,-0.1589386224841411
1769099777.1633766,11.160298395778375,0.5615128081869756,-0.31891464989999807,0.9873135960197807,-0.1587824395658701
1769099777.2133827,11.167556792845101,0.5591161922048821,-0.31891464989999807,0.9873135960197807,-0.1587824395658701
1769099777.2634037,11.178490742063426,0.555500207348242,-0.31986380064368003,0.9872381306050481,-0.15925097638460495
1769099777.3134067,11.185962711399334,0.5530238934998444,-0.32018018422496997,0.9872129260553962,-0.15940714735902758
1769099777.3633587,11.193314167114973,0.5505862287905936,-0.32018018422496997,0.9872129260553962,-0.15940714735902758
1769099777.4133596,11.200831818050919,0.5480868538350334,-0.32176210213118484,0.9870865327500329,-0.16018794231626274
1769099777.463358,11.21197326221663,0.5443728961587575,-0.32176210213123174,0.9870865327500291,-0.1601879423162859
1769099777.5133557,11.219294906805155,0.541925817693488,-0.3233440200374935,0.9869595219075011,-0.1609686370573992
1769099777.5633667,11.226589066333752,0.5394763749803388,-0.32460955436241845,0.986857468660114,-0.16159312036640666
1769099777.613508,11.23738748766043,0.5358539717389927,-0.3227112528749606,0.9870104003438971,-0.16065637121813733
1769099777.663361,11.244542228637108,0.5334664508354265,-0.3214457185500356,0.9871118608166068,-0.16003179132652318
1769099777.713355,11.25175179736618,0.5310834273201404,-0.3170163484124933,0.9874638597387362,-0.15784525875007294
1769099777.763371,11.262801312984397,0.5274950368016935,-0.31100506036868925,0.9879338253632224,-0.15487658539362917
1769099777.813369,11.270300239677452,0.5251016150561965,-0.3068920738124837,0.988250238728874,-0.15284458005543908
1769099777.8633592,11.277663352556232,0.522782306213569,-0.3034118544186702,0.9885147087290549,-0.15112468569466656
1769099777.9133594,11.288781027727515,0.5193247602558677,-0.29961525144370765,0.9887998076925749,-0.14924791558720973
1769099777.9637067,11.296450431172618,0.5169675243967027,-0.2967677992125209,0.9890112936294249,-0.1478399846910559
1769099778.0133612,11.303785388907043,0.5147283128329132,-0.2958186484687451,0.9890813434690642,-0.14737060765780652
1769099778.063386,11.314909538724034,0.5113784557178018,-0.2891745932625019,0.9895654541148665,-0.1440840449960992
1769099778.1134818,11.322362519855785,0.50918032560031,-0.2844288395437635,0.9899045615953012,-0.1417355245970981
1769099778.1633744,11.329752579268426,0.507037555006667,-0.2799994694062212,0.9902160332329566,-0.13954285194300795
1769099778.213537,11.340639065967544,0.5039573863927833,-0.27145711271247336,0.9908030116042409,-0.13531220268684724
1769099778.2633848,11.34803286393948,0.5019208973621976,-0.26607859183120214,0.9911633181176165,-0.13264718925810887
1769099778.3133504,11.35538925764575,0.49993971271709836,-0.26006730378744497,0.9915575307189515,-0.12966751048175304
1769099778.3633769,11.366553053888769,0.4970106629925115,-0.2531068649999589,0.9920027963625405,-0.12621589443845804
1769099778.4133744,11.374055629805682,0.49508780914708495,-0.2486774948624635,0.9922798917893649,-0.12401861291953799
1769099778.4633834,11.38156724471235,0.4932005826712258,-0.24361535756243521,0.9925906126535264,-0.12150668982445842
1769099778.5133789,11.392924346271293,0.4904158745505047,-0.23728768593743502,0.9929700713879819,-0.11836569320434936
1769099778.563366,11.400551963585,0.4885762901708883,-0.23602215161246312,0.9930447705170456,-0.11773735069530035
1769099778.6133606,11.408060258981093,0.4867818139513025,-0.23317469938118257,0.9932113897526426,-0.11632340807259867
1769099778.6633832,11.419394012148958,0.4841166112208559,-0.22874532924378094,0.9934665734915529,-0.11412347416264985
1769099778.7134838,11.427113568291542,0.48233606963577746,-0.22463234268748164,0.9936991667175277,-0.11208017694887515
1769099778.7633784,11.434544146775554,0.48065433918447864,-0.22051935613127602,0.9939275574276364,-0.11003640572979702
1769099778.8133588,11.445298570917057,0.4782953385962272,-0.21134423227494842,0.9944218955382307,-0.10547555960577921
1769099778.8633845,11.452827872455424,0.4767098182972628,-0.20375102632497638,0.9948151765130687,-0.10169938337704879
1769099778.9133632,11.46014221444527,0.475209397221811,-0.2009035740937427,0.9949589602891618,-0.10028293643641562
1769099778.9634452,11.471311458307143,0.4729789005066869,-0.19331036814367686,0.9953325231121194,-0.09650475861460013
1769099779.0133336,11.478989382802649,0.471489777275798,-0.18983014874995727,0.9954989449696494,-0.0947726256063165
1769099779.063389,11.486573440962722,0.47004871421802763,-0.18571716219370482,0.995691739036074,-0.09272518975617518
1769099779.1133876,11.498170861713271,0.46790014074673314,-0.18065502489367652,0.9959232432538173,-0.09020473128831928
1769099779.1633956,11.505966197690666,0.46648781697185804,-0.17780757266248975,0.9960506606760451,-0.088786718414491
1769099779.2135105,11.513616874162016,0.46512918475567244,-0.1736945861061904,0.9962311436065973,-0.08673816062317335
1769099779.263383,11.5250378893058,0.4631438407448907,-0.17053075029371376,0.9963671096826561,-0.08516209686609434
1769099779.3133566,11.532572881141801,0.46185856044972073,-0.16736691448123708,0.9965005823861509,-0.08358581999395587
1769099779.3633804,11.540112695340824,0.4606018972245356,-0.16293754434374164,0.9966832546703696,-0.08137868185022017
1769099779.4134004,11.55148436468511,0.4587823006278755,-0.1543951876499938,0.9970217452625817,-0.07712094056451567
1769099779.4636226,11.559040935182962,0.4576307175858032,-0.14806751602499363,0.9972607528307598,-0.07396614673907403
1769099779.5133855,11.566629163689669,0.456519716167497,-0.14268899514372238,0.9974560606699686,-0.0712839886141902
1769099779.5633733,11.57790727149498,0.45492856732004094,-0.137626857843741,0.9976332901422339,-0.06875913321138766
1769099779.613378,11.585529630207736,0.4538777673925205,-0.1363613235187222,0.9976765989376235,-0.06812784990190414
1769099779.663376,11.593127741876472,0.4528364334462722,-0.13604493993747924,0.9976873637208956,-0.06797002480247774
1769099779.713467,11.60466056167339,0.45123910988826266,-0.13920877574995588,0.9975785924281926,-0.06954819860345804
1769099779.76338,11.612556474057026,0.4501340473107831,-0.13889239216871294,0.9975895819001944,-0.06939038899008494
1769099779.8133998,11.620225593505987,0.4490520652280736,-0.14142346081875046,0.9975009671463196,-0.07065281694424405
1769099779.8633761,11.6319026185657,0.4473895614366745,-0.1414234608186567,0.997500967146323,-0.07065281694419728
1769099779.9133942,11.639670945998116,0.44628606171330887,-0.14079069365621766,0.9975232706129881,-0.0703372204850837
1769099779.963779,11.647063552737208,0.4452371265612811,-0.14110707723746063,0.997512131360847,-0.07049501959670852
1769099780.013401,11.658366481486633,0.44364065224059335,-0.13952515933119888,0.997567577992143,-0.06970600647641233
1769099780.0634358,11.66593669784857,0.4425823930193973,-0.13825962500622696,0.9976114859509556,-0.06907476455787886
1769099780.1134098,11.673407306209539,0.4415428773541744,-0.13825962500627384,0.997611485950954,-0.06907476455790225
1769099780.163383,11.68496545405749,0.43994390923699456,-0.13667770710001206,0.9976658091878495,-0.06828567329647882
1769099780.213582,11.692688779464813,0.43888416979557476,-0.13604493993752614,0.997687363720894,-0.06797002480250114
1769099780.2633867,11.700462256335818,0.4378175489292122,-0.1366777070999183,0.9976658091878527,-0.06828567329643205
1769099780.3134372,11.711894290915062,0.436230497916112,-0.1392087757500028,0.9975785924281909,-0.06954819860348144
1769099780.3633819,11.719663313106448,0.43513191423076103,-0.14173984439994658,0.9974897779696905,-0.07081061252367134
1769099780.4134023,11.727454404019142,0.4340088304967522,-0.14458729663122713,0.9973879521316843,-0.07223069252447333
1769099780.4635403,11.735042992510746,0.4329002286302783,-0.1455364473749561,0.9973535609084616,-0.07270402013101923
1769099780.5133998,11.746563887664315,0.43121902523350286,-0.14427091304993728,0.9973993659545881,-0.07207291303524237
1769099780.5634155,11.754329751106745,0.43009832398124015,-0.14237261156252634,0.9974673247312307,-0.07112619836263992
1769099780.6134007,11.765156737309258,0.4285708207054295,-0.137943241424984,0.9976224005291667,-0.06891694974694429
1769099780.6633954,11.772528038649305,0.4275522543553434,-0.13667770709996518,0.9976658091878511,-0.06828567329645545
1769099780.7133882,11.780075997513926,0.42651779393500533,-0.1357285563562363,0.997698103537398,-0.06781219800212579
1769099780.7633932,11.791485206706893,0.4249504650344651,-0.13731047426249807,0.9976441547898846,-0.06860131495515832
1769099780.8134468,11.799006943270113,0.4239111115466507,-0.13731047426245122,0.9976441547898862,-0.06860131495513494
1769099780.8634224,11.806854450078212,0.4228254779874874,-0.13762685784369416,0.9976332901422356,-0.06875913321136429
1769099780.9134293,11.818612659082234,0.42119504170184285,-0.1379432414250309,0.9976224005291651,-0.06891694974696769
1769099780.9634025,11.826258244957216,0.42012747946750295,-0.1395251593312458,0.9975675779921414,-0.06970600647643574
1769099781.0134041,11.834002726370098,0.4190361145664081,-0.14047431007492778,0.9975343849024676,-0.07017941961327169
1769099781.0633826,11.845429684860067,0.4174129021513444,-0.1417398443999935,0.9974897779696889,-0.07081061252369474
1769099781.1134048,11.852921856103125,0.41634500313638156,-0.14142346081870363,0.9975009671463213,-0.07065281694422068
1769099781.163385,11.860464481952196,0.415272347293449,-0.14110707723741372,0.9975121313608487,-0.07049501959668512
1769099781.2134068,11.86818303763356,0.4141784088926368,-0.14047431007492775,0.9975343849024676,-0.07017941961327168
1769099781.26339,11.879513291265376,0.41259452478535463,-0.13731047426249804,0.9976441547898846,-0.06860131495515831
1769099781.313414,11.88716122270242,0.41154389772015687,-0.13572855635623626,0.997698103537398,-0.06781219800212578
1769099781.3633916,11.894985866428351,0.41047782171393976,-0.13509578919375032,0.9977195082690193,-0.06749653931444338
1769099781.4134102,11.90637123427071,0.40892294230490833,-0.13636132351876915,0.9976765989376218,-0.06812784990192755
1769099781.4634488,11.91394278231771,0.40787426450719355,-0.13889239216875984,0.9975895819001928,-0.06939038899010835
1769099781.513402,11.921812048775175,0.4067615057155609,-0.1420562279812365,0.9974785638312329,-0.07096840633113514
1769099781.563387,11.933461109090048,0.405082296693009,-0.1442709130499373,0.9973993659545881,-0.07207291303524238
1769099781.6134005,11.941125715551852,0.4039687805685598,-0.1442709130499373,0.9973993659545881,-0.07207291303524238
1769099781.6633806,11.948840771566715,0.402850427440681,-0.14363814588745139,0.9974221187214195,-0.07175734864997897
1769099781.713409,11.960265664388393,0.40121275544898616,-0.14110707723746066,0.997512131360847,-0.07049501959670854
1769099781.7633936,11.967609461892977,0.4001802250678299,-0.138259625006227,0.9976114859509556,-0.06907476455787888
1769099781.8134143,11.975105304279126,0.39913840686704205,-0.13794324142493708,0.9976224005291683,-0.06891694974692089
1769099781.8633862,11.986412238737149,0.3975705459612229,-0.13762685784374104,0.9976332901422339,-0.06875913321138767
1769099781.9134183,11.99393397517488,0.3965311924907482,-0.1369940906811613,0.99765499447185,-0.0684434949821588
1769099781.9633946,12.001781825066853,0.39544804180818716,-0.13731047426249807,0.9976441547898846,-0.06860131495515832
1769099782.0134156,12.013440261698701,0.39383519961965874,-0.13762685784374104,0.9976332901422339,-0.06875913321138767
1769099782.0634086,12.02111209719814,0.3927726317661577,-0.13762685784374104,0.9976332901422339,-0.06875913321138767
1769099782.1134112,12.028832713663995,0.39169334774339326,-0.14015792649368483,0.997545474229004,-0.07002161698526818
1769099782.163393,12.0402601851398,0.3900737507115597,-0.14142346081875048,0.9975009671463196,-0.07065281694424407
1769099782.2134128,12.048053045529738,0.3889629928732532,-0.14173984439994658,0.9974897779696905,-0.07081061252367134
1769099782.2633932,12.055569764767608,0.3878879549323315,-0.14237261156243253,0.997467324731234,-0.07112619836259312
1769099782.3134284,12.06704632415462,0.3862539922238888,-0.14047431007497468,0.9975343849024659,-0.07017941961329507
1769099782.3634028,12.074766598766335,0.3851722655788943,-0.13794324142493708,0.9976224005291683,-0.06891694974692089
1769099782.4134314,12.082238189920542,0.3841398411832282,-0.13667770709996518,0.9976658091878511,-0.06828567329645545
1769099782.4633892,12.093548079144819,0.38259344721474786,-0.13509578919370344,0.9977195082690209,-0.06749653931442
1769099782.513428,12.101222579499508,0.3815503006864017,-0.13509578919370344,0.9977195082690209,-0.06749653931442
1769099782.5634017,12.108770537104895,0.3805158404386444,-0.13731047426249804,0.9976441547898846,-0.06860131495515831
1769099782.6134143,12.1200010208099,0.3789495258313682,-0.13984154291248874,0.9975565385923197,-0.06986381260502211
1769099782.6633706,12.12786958275623,0.37783178768160663,-0.14237261156243253,0.997467324731234,-0.07112619836259312
1769099782.7134414,12.135635801029272,0.37671354338380336,-0.14363814588740442,0.9974221187214212,-0.07175734864995556
1769099782.7634115,12.147083926988188,0.3750596015666403,-0.14332176230625523,0.9974334576647776,-0.0715995637618434
1769099782.8134441,12.154699831740338,0.3739630006519761,-0.14268899514367556,0.9974560606699703,-0.07128398861416685
1769099782.8634071,12.162241435828314,0.37288318624038297,-0.1417398443999466,0.9974897779696905,-0.07081061252367135
1769099782.913429,12.173443614572193,0.37129732723081954,-0.1395251593312458,0.9975675779921414,-0.06970600647643574
1769099782.9634275,12.180913232786535,0.37025072131888415,-0.13889239216875984,0.9975895819001928,-0.06939038899010835
1769099783.0134287,12.188584730571122,0.36918572643572123,-0.13699409068125512,0.9976549944718469,-0.06844349498220559
1769099783.063414,12.200043592650857,0.36760788254507304,-0.1366777070999652,0.9976658091878511,-0.06828567329645546
1769099783.1134267,12.207817069521859,0.3665412616787105,-0.13604493993743239,0.9976873637208972,-0.06797002480245437
1769099783.1634207,12.215516152117567,0.3654910523009516,-0.13509578919370346,0.9977195082690209,-0.06749653931442001
1769099783.2134335,12.226925358645762,0.3639237237664821,-0.1379432414249371,0.9976224005291683,-0.0689169497469209
1769099783.2633774,12.234595501604154,0.3628490213204816,-0.14047431007488095,0.9975343849024693,-0.07017941961324832
1769099783.3134398,12.242464065125754,0.3617312829469519,-0.1417398443999466,0.9974897779696905,-0.07081061252367135
1769099783.3634162,12.254014495306993,0.3600774808082683,-0.14268899514372244,0.9974560606699685,-0.07128398861419023
1769099783.4134495,12.261631092427471,0.358985699207258,-0.1420562279812365,0.9974785638312329,-0.07096840633113514
1769099783.4633994,12.269199284740614,0.35791307156319263,-0.1395251593312927,0.9975675779921398,-0.06970600647645914
1769099783.5134194,12.280555858211983,0.3563346652505306,-0.1366777070999652,0.9976658091878511,-0.06828567329645546
1769099783.5633824,12.287928123373518,0.3553230957837208,-0.1360449399374793,0.9976873637208956,-0.06797002480247777
1769099783.613418,12.295601297317166,0.35427023776724553,-0.1366777070999652,0.9976658091878511,-0.06828567329645546
1769099783.663403,12.307061155128224,0.35269964503603646,-0.13572855635618938,0.9976981035373995,-0.06781219800210239
1769099783.7134156,12.314783806488519,0.35163501900681604,-0.13825962500622696,0.9976114859509556,-0.06907476455787886
1769099783.7634096,12.322530004918685,0.35055590656397584,-0.13857600858742306,0.9976005464078752,-0.06923257764021876
1769099783.8134322,12.334309896590726,0.34889776554042484,-0.1411070772375544,0.9975121313608437,-0.07049501959675529
1769099783.863403,12.34202741009677,0.3477965016157212,-0.1423726115624325,0.997467324731234,-0.07112619836259311
1769099783.9134204,12.349618780478702,0.3467071104818409,-0.14268899514372238,0.9974560606699686,-0.0712839886141902
1769099783.9634175,12.361042637606925,0.34506220910984453,-0.14332176230620833,0.9974334576647793,-0.07159956376182
1769099784.0134249,12.368708297510755,0.34395596835280273,-0.14332176230620833,0.9974334576647793,-0.07159956376182
1769099784.0634205,12.376149679704945,0.3428905038121388,-0.1411070772375544,0.9975121313608437,-0.07049501959675529
1769099784.113416,12.387579187680572,0.3412853704931509,-0.13794324142503084,0.9976224005291651,-0.06891694974696766
1769099784.1633875,12.395301503370149,0.3402183009835369,-0.13667770709996516,0.9976658091878511,-0.06828567329645543
1769099784.2134316,12.40272456196095,0.33920454709216674,-0.13477940561250734,0.9977301731836027,-0.0673387074350122
1769099784.263414,12.414161072102623,0.33765005425232886,-0.1354121727749933,0.997708818386862,-0.06765436950479778
1769099784.3134224,12.421959793199791,0.33658122644749167,-0.1369940906812551,0.9976549944718469,-0.06844349498220557
1769099784.3634126,12.429455964074597,0.33554177996431456,-0.13857600858742306,0.9976005464078752,-0.06923257764021876
1769099784.4134362,12.440683954261717,0.33395770185884865,-0.14173984439994655,0.9974897779696905,-0.07081061252367132
1769099784.46339,12.448552517783309,0.33283996348531897,-0.14047431007497466,0.9975343849024659,-0.07017941961329506
1769099784.5134342,12.456220608348941,0.3317507025225792,-0.14173984439994655,0.9974897779696905,-0.07081061252367132
1769099784.5634255,12.46767236880746,0.33012211878881104,-0.14079069365626457,0.9975232706129865,-0.07033722048510709
1769099784.6134393,12.475191449476212,0.32906373077783835,-0.13889239216871294,0.9975895819001944,-0.06939038899008494
1769099784.6634276,12.482686631133419,0.3280171696630241,-0.13857600858751684,0.9976005464078719,-0.06923257764026555
1769099784.7134454,12.493867474332768,0.32646138449874584,-0.13794324142503087,0.9976224005291651,-0.06891694974696767
1769099784.7634265,12.50113880276142,0.32545897675676816,-0.13604493993747926,0.9976873637208956,-0.06797002480247775
1769099784.8134494,12.508385846564277,0.3244657572502767,-0.13636132351876917,0.9976765989376218,-0.06812784990192756
1769099784.8642104,12.519970331169207,0.3228724828677372,-0.13699409068125515,0.9976549944718469,-0.0684434949822056
1769099784.913442,12.527768035055477,0.3217962532757994,-0.13731047426254497,0.997644154789883,-0.06860131495518172
1769099784.9634192,12.535514231934876,0.3207171410489935,-0.1395251593312927,0.9975675779921398,-0.06970600647645914
1769099785.0134401,12.546539742536808,0.3191473959226374,-0.14332176230620838,0.9974334576647793,-0.07159956376182003
1769099785.0634122,12.553753820527312,0.3181016631800757,-0.14458729663118025,0.997387952131686,-0.07223069252444995
1769099785.1134346,12.565250465804551,0.31642957030454966,-0.1442709130499842,0.9973993659545864,-0.07207291303526576
1769099785.1634011,12.572439988389501,0.3153908804708303,-0.14268899514372244,0.9974560606699685,-0.07128398861419023
1769099785.213435,12.580057273812018,0.3143039187656873,-0.14079069365626462,0.9975232706129865,-0.07033722048510711
1769099785.2651885,12.59133739150814,0.31272704328454237,-0.13699409068125515,0.9976549944718469,-0.0684434949822056
1769099785.3134427,12.598860436255633,0.3116972097969217,-0.1350957891937035,0.9977195082690209,-0.06749653931442003
1769099785.3634322,12.606334616985494,0.31068369974748755,-0.13446302203121754,0.9977408131303467,-0.06718087387043059
1769099785.413458,12.61787044993483,0.3091082715867728,-0.13699409068125515,0.9976549944718469,-0.0684434949822056
1769099785.464249,12.625567525045705,0.30804344893008917,-0.13794324142493714,0.9976224005291683,-0.06891694974692092
1769099785.5134232,12.633213448807409,0.3069783056159032,-0.138892392168713,0.9975895819001944,-0.06939038899008497
1769099785.5641985,12.644567513812804,0.30538193574590355,-0.14047431007497474,0.9975343849024659,-0.0701794196132951
1769099785.6134174,12.652486195573394,0.30425707801967494,-0.14173984439994664,0.9974897779696905,-0.07081061252367137
1769099785.6692154,12.659977349094806,0.30318206839450834,-0.1433217623062084,0.9974334576647793,-0.07159956376182004
1769099785.7134264,12.670947241071698,0.3015812709384109,-0.14648559811873194,0.9973189450594935,-0.07317733136305975
1769099785.765286,12.67853371143108,0.3004582656492154,-0.14743474886241398,0.9972841045925814,-0.0736506261139247
1769099785.8135102,12.68979512908648,0.29875301812205524,-0.15312965332497502,0.9970703452571601,-0.07649004254651472
1769099785.865259,12.697273184608115,0.29759039138696775,-0.15534433839372278,0.9969850332894029,-0.07759409382761184
1769099785.9136832,12.7045738185915,0.29643996714962917,-0.15724263988118062,0.9969109357231345,-0.07854034781960402
1769099785.9682727,12.716118406475536,0.29457958816308727,-0.16230477718125574,0.9967089516654565,-0.08106334356505861
1769099786.0137134,12.723734522584644,0.29331887400602286,-0.1657849965749754,0.9965663836185659,-0.08279760287238704
1769099786.0752716,12.731395292986198,0.29201837386443663,-0.1705307502936669,0.9963671096826581,-0.085162096866071
1769099786.1134639,12.742907663128028,0.2899683331644989,-0.18192055921869535,0.9958659652847848,-0.09083490071224755
1769099786.1636965,12.750595304207982,0.28853025641942365,-0.18793184726254633,0.995588450048158,-0.09382770449449569
1769099786.2134688,12.758175224475988,0.28706760472160764,-0.19331036814372377,0.9953325231121172,-0.09650475861462349
1769099786.2637208,12.769148682449888,0.28489064389814733,-0.19837250544370516,0.9950850750019087,-0.09902370175087229
1769099786.3134751,12.77674089310011,0.2833594875344021,-0.19963803976877087,0.9950222168461292,-0.0996533390439802
1769099786.3634741,12.784109568467672,0.2818721994554103,-0.19868888902490126,0.9950693978144582,-0.09918111480101133
1769099786.413775,12.795320608569337,0.27959275478018863,-0.20248549200000449,0.9948793293798729,-0.10106987668269068
1769099786.4634748,12.802682140470672,0.2780705141195101,-0.20533294423123818,0.994734425297484,-0.10248620945319475
1769099786.513455,12.810260988899246,0.2764745602365306,-0.2097623143687336,0.9945050113045953,-0.10468897979274935
1769099786.563462,12.821514538292925,0.2740284569078988,-0.21830467106243462,0.9940487960144893,-0.1089357202305301
1769099786.613454,12.829244656439009,0.27229435209426867,-0.22305042478121992,0.993787506690645,-0.11129416671861654
1769099786.6636004,12.837040184897484,0.2705053764893286,-0.2281125620812013,0.9935026305621237,-0.11380915194368237
1769099786.7134466,12.848369679969343,0.26782225461420905,-0.2369713023561921,0.9929887834444994,-0.11820861201034855
1769099786.7634728,12.855867038650167,0.2659826799994931,-0.244248124725015,0.99255212025404,-0.1218207231106824
1769099786.813459,12.863424727483242,0.2640711624863694,-0.2512085635124542,0.992122147413388,-0.12527427753472592
1769099786.8634691,12.874414817495678,0.26117839510426344,-0.2635475231812585,0.9913303939317802,-0.1313927321698634
1769099786.9136317,12.881737626001964,0.259170180210366,-0.27177349629366965,0.9907815939274518,-0.13546893789565947
1769099786.9634814,12.889020295924796,0.2571121460057598,-0.2790503186624926,0.9902821453222141,-0.1390729041044055
1769099787.0136034,12.900050633581769,0.25389115364402215,-0.28917459326245526,0.98956545411487,-0.1440840449960761
1769099787.0634735,12.907443204186736,0.2516675517648538,-0.2951858813062124,0.9891279196060966,-0.14705767118962318
1769099787.113451,12.914795563533104,0.24939884752446417,-0.3034118544187173,0.9885147087290513,-0.15112468569468984
1769099787.1637614,12.926071434308,0.24577043964443157,-0.31923103348124116,0.9872884655878664,-0.15893862248414115
1769099787.2134197,12.933485931815177,0.2432818914929208,-0.32840615733752193,0.9865489382897172,-0.16346618108780728
1769099787.2635446,12.940827018511737,0.24073500197294218,-0.3394795826811666,0.9856287562550559,-0.1689258856514056
1769099787.313464,12.951704813053219,0.23680228876445153,-0.35434961100000845,0.9843455590996728,-0.17624931285185913
1769099787.3634717,12.95891016153604,0.2341028147176003,-0.3625755841125134,0.983612324182154,-0.18029641071574634
1769099787.4136605,12.96600027573327,0.23138494340139548,-0.3695360228999526,0.9829788976692745,-0.18371849862465667
1769099787.4634812,12.973143340223551,0.2285935046352432,-0.37554731094370974,0.982422266032366,-0.18667214897737436
1769099787.5138159,12.983833487199904,0.22431028104223294,-0.38662073628744836,0.9813736631294664,-0.19210864976843842
1769099787.5634842,12.990832340790389,0.2214312474524528,-0.39389755865617737,0.9806681986889515,-0.19567801123316633
1769099787.613451,12.998016733133767,0.21840521779769895,-0.40338906609374797,0.9797285191539702,-0.20032979997086967
1769099787.663751,13.008601611552342,0.21380428252216033,-0.4166771765062342,0.9783759024675008,-0.20683470083838265
1769099787.7134244,13.015555024472487,0.210691166470364,-0.4252195331999353,0.9774835530331107,-0.21101161946624128
1769099787.7637632,13.022684021533422,0.20741376503852815,-0.4366093421249636,0.9762660177157011,-0.21657484307630545
1769099787.8143857,13.03327268998121,0.20239283354723125,-0.448948301793768,0.9749112925702589,-0.2225937367020626
1769099787.8637993,13.040371795789106,0.1989339524465873,-0.4578070420686649,0.9739157822114853,-0.22690978198259898
1769099787.9136674,13.04725983494047,0.19550479459985826,-0.4660330151811699,0.9729742702713357,-0.23091355393298585
1769099787.9635036,13.057450736768207,0.1903059918134069,-0.47742282410629205,0.9716434690733331,-0.23645077501911235
1769099788.0136495,13.06422756882305,0.18677011744453464,-0.48438326289373135,0.9708146859301441,-0.23983086870199968
1769099788.0634975,13.07091086409123,0.18321958164170848,-0.4922928524249463,0.9698586145825009,-0.2436683560089654
1769099788.115468,13.08096001276628,0.17775181429102616,-0.5043154285124607,0.9683763395781065,-0.24949401785475264
1769099788.1634943,13.087679988196227,0.17400400376047176,-0.5131741687874516,0.9672617424124669,-0.2537808536221724
1769099788.2136674,13.094475861141156,0.17013311806044107,-0.5223492926437323,0.9660873327697934,-0.2582155407053311
1769099788.263503,13.104476152994376,0.1642702987425252,-0.5381684717061623,0.9640147552976648,-0.2658487381357744
1769099788.313667,13.111088998220206,0.16028725314291348,-0.5460780612374712,0.9629558420611344,-0.2696591297181159
1769099788.3634877,13.11764536437023,0.15626007557396682,-0.5555695686749482,0.9616652671359562,-0.27422602718255973
1769099788.4139378,13.127432832109628,0.15009576605963626,-0.5685412955061445,0.9598664602098111,-0.2804574451931827
1769099788.4635124,13.133814643084358,0.14598128672895416,-0.5767672686187432,0.9587048269053232,-0.2844029797108925
1769099788.5134661,13.140122697443962,0.14184621688515842,-0.5837277074061825,0.9577092382621414,-0.28773775377476796
1769099788.5637314,13.14923578233072,0.13575837404808277,-0.594168365587435,0.9561941096802387,-0.2927333677816995
1769099788.6134734,13.155595097866367,0.1314267043709264,-0.601761571537454,0.95507582859971,-0.29636153870665716
1769099788.6634817,13.16505428691619,0.12485790389438511,-0.6122022297188005,0.953515717109459,-0.30134328800428606
1769099788.713434,13.171374354049574,0.12038101618648345,-0.6204282028312116,0.9522682345730997,-0.30526252541547233
1769099788.7637553,13.177653070628013,0.11584633691258983,-0.6305524774311745,0.950710759334459,-0.31007910617404777
1769099788.8173916,13.187064471234493,0.10886391734017276,-0.6460552729124084,0.9482786757315802,-0.3174390542336602
1769099788.863938,13.192945916434356,0.10438831748877087,-0.6549140131873994,0.9468633229858212,-0.32163620378348023
1769099788.9134374,13.199066053935992,0.0996417843332087,-0.6644055206249698,0.94532625981297,-0.3261261450850287
1769099788.9637585,13.207813238533328,0.09270810800616369,-0.6761117131311943,0.9434012301991939,-0.3316536127628457
1769099789.0136855,13.213760340635824,0.08790603785108153,-0.6824393847562414,0.9423472127205459,-0.3346367144797746
1769099789.0635104,13.219695760130922,0.08304946942619496,-0.6890834399624843,0.9412303425580784,-0.3377653656726846
1769099789.1154816,13.228564317506445,0.07566315625836695,-0.699840481725027,0.9394000590927994,-0.34282288280750006
1769099789.1635096,13.23433245079183,0.07076404114993862,-0.7083828384187278,0.9379272371630857,-0.3468320887513451
1769099789.2136636,13.240098403853462,0.06578455539002315,-0.716292427949943,0.9365482562396814,-0.35053867651717424
1769099789.2635047,13.24893045601066,0.05796735960338173,-0.7327443741749525,0.9336330806761516,-0.358230750588442
1769099789.3136132,13.254679263768512,0.05273959928247096,-0.7431850323562054,0.9317502851827273,-0.36309971917078987
1769099789.363494,13.260397605369995,0.04744120030754928,-0.7514110054687102,0.9302489840902801,-0.36692891355002505
1769099789.4165277,13.268906194178758,0.0393830868011219,-0.7650154994623926,0.9277315407483977,-0.3732481591389354
1769099789.463508,13.27449189736475,0.033981376833758015,-0.7722923218312155,0.9263673728029308,-0.3766211499719525
1769099789.5136628,13.280093213901056,0.02848686782056864,-0.7792527606187485,0.9250510411772452,-0.37984282435883204
1769099789.5635154,13.288104627988254,0.02046238389616306,-0.7931736381937207,0.9223847815866926,-0.386272332295842
1769099789.6134725,13.293359116129933,0.015086557284713198,-0.8004504605624497,0.9209732618387704,-0.38962578325626196
1769099789.663779,13.298624426572186,0.009615455254352256,-0.8086764336749548,0.919362950864437,-0.39341042764247464
1769099789.7175157,13.306462820627043,0.0013170607887476038,-0.8191170918562074,0.9172967011567942,-0.3982044224350892
1769099789.7637746,13.311712027130765,-0.00434334602619546,-0.8270266813875162,0.9157147150613478,-0.4018290191363916
1769099789.8255055,13.317014992822056,-0.010160611427224131,-0.836201805243797,0.9138616700946495,-0.4060256739811141
1769099789.8637087,13.324823244469945,-0.01893295612290158,-0.8507554499811613,0.9108829241025798,-0.4126648744178911
1769099789.9134758,13.329967275875621,-0.024857737960285564,-0.8608797245812179,0.9087822960019379,-0.41727058184521715
1769099789.9635208,13.334628146936234,-0.030330092569492817,-0.8697384648562089,0.9069251413603274,-0.4212918085704375
1769099790.0166206,13.342014014308623,-0.03919898312599468,-0.8830265752686952,0.9041060585822037,-0.427308126338539
1769099790.063835,13.346810114273932,-0.045085737461167286,-0.8912525483811999,0.9023409037424982,-0.43102307761089953
1769099790.123526,13.351639615094866,-0.05110822397194714,-0.8985293707499291,0.9007666954121939,-0.4343033046572359
1769099790.163784,13.35875302218724,-0.06013278583048265,-0.908020878187406,0.8986954630307294,-0.4385732147862918
1769099790.2134237,13.363480861744495,-0.06623540453665333,-0.9152977005562288,0.8970938083866822,-0.441840128275238
1769099790.2636101,13.368178548988977,-0.07239312787488217,-0.9228909065062478,0.8954098554367429,-0.44524284473391734
1769099790.313752,13.374895403915815,-0.08140273575960799,-0.9374445512437061,0.8921462241072391,-0.45174673746602295
1769099790.3638067,13.379449625985632,-0.08766729650835176,-0.9469360586811828,0.8899923068761078,-0.4559755406832082
1769099790.4135342,13.384012546058358,-0.09408146705527304,-0.9580094840250153,0.887454072815069,-0.4608961582004628
1769099790.4636018,13.390623499840352,-0.10363455825407608,-0.9728795123437635,0.8840028060572918,-0.46748159202564776
1769099790.5137832,13.394754846697639,-0.10976271555949868,-0.9823710197812403,0.8817743070655073,-0.47167157154013906
1769099790.563522,13.398973386821856,-0.11613701823770317,-0.9899642257311655,0.8799772066504298,-0.4750159110763627
1769099790.6138654,13.405275968662348,-0.12583607160198595,-0.9991393495874461,0.8777887895225266,-0.47904784832892994
1769099790.6638136,13.409338621011422,-0.1321910133197286,-1.0048342540500073,0.8764211669547977,-0.4815453645437683
1769099790.7136478,13.413387973309355,-0.1386143527773963,-1.0117946928374464,0.8747399792519314,-0.48459258011068507
1769099790.7635334,13.419429624113071,-0.1483888834974022,-1.022551734599989,0.8721209480858706,-0.48929035542283306
1769099790.8135493,13.423354254578477,-0.15488915732404118,-1.0326760091999516,0.8696329295776383,-0.49369886347267844
1769099790.863977,13.427301849156537,-0.161582046510103,-1.043116667381204,0.8670438212245213,-0.49823188584872835
1769099790.9135287,13.433141341896263,-0.17177141105353977,-1.0576703121186624,0.8633953524761597,-0.5045279628747726
1769099790.963758,13.43696496202734,-0.17862299530310638,-1.065896285231261,0.8613129387264159,-0.5080748188824804
1769099791.013513,13.44073644995995,-0.18550342079939408,-1.0728567240187001,0.8595395143832206,-0.5110692939454073
1769099791.0638978,13.44619496468576,-0.19570135458651539,-1.0858284508499902,0.8562067331729293,-0.5166333613592334
1769099791.1135323,13.449751763983295,-0.20252435482901066,-1.0946871911249814,0.8539099811896317,-0.5204207375044955
1769099791.163812,13.453168536375404,-0.20922022889690867,-1.1032295478186822,0.8516793892499014,-0.5240631812357313
1769099791.2139494,13.458063624215354,-0.21905402140795005,-1.1146193567437106,0.848681104863794,-0.5289048896041422
1769099791.2638285,13.46122365330065,-0.22556669479041674,-1.1234780970187017,0.8463300717412156,-0.5326588116857817
1769099791.3135264,13.46611662872967,-0.23590792173757386,-1.1342351387812437,0.8434529275182271,-0.5372030892138766
1769099791.3639264,13.469199145670053,-0.24256937534192546,-1.1405628104061971,0.8417490865633995,-0.539868942679316
1769099791.4135785,13.472521396264433,-0.24990049523071473,-1.150054317843674,0.8391775321445865,-0.5438575820412193
1769099791.4638836,13.47708055904882,-0.2602826497583276,-1.16397519541874,0.8353717472699473,-0.5496854044479944
1769099791.5138462,13.480135435074343,-0.26748231514817006,-1.1750486207624786,0.8323155084692218,-0.5543021688227647
1769099791.5638068,13.484348984964004,-0.2777637115202396,-1.1886531147561608,0.828525781503294,-0.559950916942151
1769099791.6138544,13.4871597783365,-0.2848447342858455,-1.1971954714499558,0.8261265811716086,-0.5634845799857433
1769099791.6635623,13.489741647111519,-0.29149900176988536,-1.2041559102374888,0.8241605321795497,-0.5663562634927962
1769099791.7135427,13.493781428726397,-0.30217533427211263,-1.2139638012561618,0.8213732530893161,-0.5703910755871574
1769099791.763634,13.496255597365968,-0.30887039809986433,-1.219658705718723,0.819745764104778,-0.5727275811695066
1769099791.813901,13.498901775762768,-0.31617630602057156,-1.2269355280875458,0.8176565243594769,-0.5757063558554658
1769099791.8635297,13.502737460327841,-0.32708873511138964,-1.2386417205937705,0.8142728729857539,-0.5804822894107333
1769099791.913565,13.505225871124223,-0.3344231341800176,-1.248765995193733,0.8113239715422166,-0.5845967954077105
1769099791.9638817,13.50764455879559,-0.3417808286577445,-1.257624735468724,0.8087266256219604,-0.5881847031418935
1769099792.0138202,13.511113292528735,-0.35278879509200134,-1.273443914531248,0.8040490770740192,-0.5945629333017809
1769099792.0638864,13.513359581139271,-0.3602538117318451,-1.2835681891312107,0.8010290287755545,-0.5986255048516492
1769099792.113549,13.515454717926108,-0.3674468392451945,-1.2911613950812295,0.7987505177758393,-0.6016623723923814
1769099792.1639578,13.518590725434796,-0.3786068255361175,-1.302551204006258,0.7953111740890313,-0.6062013991811026
1769099792.2135386,13.520607308943276,-0.38605852099304605,-1.3104607935374732,0.792907558733041,-0.6093419428399863
1769099792.2636092,13.522564360112028,-0.39349991158321407,-1.3167884651625201,0.7909757356461256,-0.6118475182748316
1769099792.313907,13.525274187958612,-0.4041452200213323,-1.3262799725999033,0.7880631616789324,-0.6155943901666135
1769099792.3635488,13.527115646804699,-0.4116160573267432,-1.3319748770624646,0.7863070936281256,-0.6178358637292677
1769099792.4138513,13.528902712987286,-0.4190740605939428,-1.3392516994312873,0.7840539530960758,-0.6206926764788002
1769099792.4637463,13.531535712435323,-0.4304672704599334,-1.348110439706184,0.7812969931901109,-0.6241594415148197
1769099792.5136197,13.53328416866339,-0.4382979192554515,-1.3541217277499416,0.7794174658453927,-0.6265049193223834
1769099792.5637467,13.534930076390076,-0.4458660742507303,-1.3591838650500168,0.7778292439850705,-0.6284756695382994
1769099792.613532,13.537385054784952,-0.45745426795779914,-1.3648787695124838,0.7760365386443633,-0.6306879503279539
1769099792.6635237,13.538942438106577,-0.4649636084920049,-1.3677262217437176,0.7751378255306582,-0.631792174240551
1769099792.7135317,13.5404721785358,-0.472452796807505,-1.3708900575562408,0.7741374127168852,-0.6330175876166529
1769099792.7637198,13.542689593808262,-0.4834956164544375,-1.3743702769499606,0.7730347211936018,-0.6343637125727876
1769099792.813535,13.544165824247596,-0.49096973849074876,-1.3772177291812882,0.7721307778452677,-0.6354636589955887
1769099792.8634994,13.54561840020066,-0.4984484924149035,-1.3806979485749138,0.7710238329296627,-0.6368062884853223
1769099792.9135346,13.547783610095166,-0.5098367730690427,-1.3851273187125035,0.7696116178341179,-0.6385123003472617
1769099792.9635277,13.549210603995999,-0.5175007435003569,-1.3882911545250267,0.7686005812515253,-0.6397289633116648
1769099793.0138192,13.550596075842758,-0.5250951538575623,-1.3924041410812322,0.7672833585973674,-0.6413082313673696
1769099793.0635192,13.552623709599265,-0.5366115222816352,-1.4006301141937372,0.7646391839740636,-0.6444586242199557
1769099793.113556,13.553927431038945,-0.5443230874433637,-1.4060086350750085,0.7629033039991827,-0.6465126052499909
1769099793.1635275,13.555170906692378,-0.5519420292180404,-1.4120199231186719,0.7609566741859772,-0.6488026972907993
1769099793.213551,13.556977483348284,-0.5634695306411015,-1.4186639783250088,0.7587971387762931,-0.6513270316706586
1769099793.2637827,13.558159057503156,-0.5712007628985323,-1.4196131290686909,0.7584879495708298,-0.6516870647449114
1769099793.3135428,13.559295931057928,-0.5787595686561603,-1.4234097320437942,0.7572494851657365,-0.6531257284904851
1769099793.363523,13.560950484270844,-0.5899773932845718,-1.425308033531252,0.7566292293897365,-0.6538441780983398
1769099793.4135406,13.562070918150418,-0.5976665696003868,-1.4268899514375137,0.7561118288573531,-0.6544424361714244
1769099793.463516,13.56312895977677,-0.6051090032369213,-1.4322684723186911,0.7543491306797542,-0.6564734488482372
1769099793.5137098,13.564640355741165,-0.6162192860258111,-1.4389125275249344,0.7521641493285136,-0.6589757904998585
1769099793.5635138,13.565658534450746,-0.624075817510648,-1.4449238155686919,0.7501801081816059,-0.661233548217749
1769099793.6135306,13.566610855045896,-0.631787608531611,-1.4509351036125424,0.7481892899907006,-0.6634853324250742
1769099793.6635191,13.56797935439748,-0.6434772238264146,-1.457579158818692,0.7459810490011047,-0.6659671722624257
1769099793.7135491,13.568848526395888,-0.6512752405084553,-1.4620085289561873,0.7445043131997645,-0.6676176507754621
1769099793.7636805,13.569676294997576,-0.6590013993930688,-1.4661215155123926,0.7431297886412521,-0.6691473060799153
1769099793.8135407,13.570850825285081,-0.6704068151943834,-1.470234502068692,0.7417521212656183,-0.6706741314512998
1769099793.8635645,13.571604873688866,-0.6779879211512045,-1.4730819542999258,0.7407965135480002,-0.6717295032340975
1769099793.913545,13.572289973359549,-0.6850925762271218,-1.476245790112449,0.739732966153658,-0.6729005415256485
1769099793.9635344,13.57334897386349,-0.6965092985645518,-1.4803587766686548,0.7383475874628891,-0.6744203734227869
1769099794.0138068,13.574037664631668,-0.7041982754529944,-1.4825734617374966,0.7376003205663187,-0.6752375634548657
1769099794.0635138,13.574699104535881,-0.7118134277600032,-1.48573729755002,0.7365312277101901,-0.6764035412442192
1769099794.1135707,13.575663744574975,-0.72354328105186,-1.491748585593777,0.7344948756403518,-0.6786142333152644
1769099794.1635273,13.576265298153105,-0.7313411090415491,-1.495861572149889,0.733097757865508,-0.6801232810399633
1769099794.2135441,13.576817060905517,-0.7390157361372275,-1.5021892437750297,0.7309422939630359,-0.6824392741453665
1769099794.263661,13.577560084911408,-0.7506348749064896,-1.5116807512124126,0.7276953862061114,-0.6859004482389105
1769099794.3135583,13.57799788945723,-0.7583422026050646,-1.516426504931198,0.7260657817722782,-0.6876252471654968
1769099794.3635294,13.578406545449004,-0.7660764808917848,-1.5195903407437215,0.7249771070580262,-0.6887729627691371
1769099794.4135523,13.578981263180529,-0.7775024646843849,-1.5214886422312732,0.7243230312250306,-0.689460764972876
1769099794.463523,13.579360564224764,-0.7852635820827026,-1.522437792974955,0.723995748571745,-0.6898044331910593
1769099794.5138655,13.579713252010004,-0.7927979132389423,-1.5256016287874785,0.7229036291556274,-0.6909488714468119
1769099794.563519,13.580203241653978,-0.8044051632172443,-1.5316129168312358,0.7208236206219512,-0.6931185381689494
1769099794.6136355,13.580474967489819,-0.8116895703006805,-1.5354095198062452,0.7195065746990928,-0.694485629055619
1769099794.6635306,13.580730649197564,-0.8195063825473824,-1.5407880406875165,0.7176363224434704,-0.696418055990661
1769099794.7135668,13.581025381076271,-0.8308163903062333,-1.5486976302187316,0.7148765270875572,-0.6992507068421404
1769099794.7635972,13.581182393331275,-0.8387117569705279,-1.5531270003562272,0.7133261550805704,-0.700832217066232
1769099794.8135614,13.581297816008076,-0.8465825223442278,-1.5591382883999843,0.7112164840338632,-0.7029730527114888
1769099794.8635154,13.58139526877383,-0.8578453392757198,-1.5651495764437415,0.7091003879362524,-0.7051075377760873
1769099794.9135528,13.581423731434297,-0.8654384873198266,-1.568946179418657,0.7077606044139206,-0.7064523528445791
1769099794.9635289,13.581414237824967,-0.8767523465650032,-1.5743247003000223,0.7058582130342833,-0.7083531485721287
1769099795.013719,13.58138046583754,-0.8842948544019253,-1.5762230017874799,0.7051855612681753,-0.7090227952463083
1769099795.063501,13.581333726486243,-0.8918119822040493,-1.577804919693742,0.7046245328110798,-0.7095803462334392
1769099795.1137395,13.581231378317364,-0.9033025711684447,-1.5816015226687512,0.7032762666193447,-0.7109166567256364
1769099795.1635132,13.58113481471026,-0.9110976612791964,-1.584765358481181,0.7021507753376158,-0.7120282920592306
1769099795.2135704,13.58101116341203,-0.9189683095603399,-1.5882455778749944,0.7009107055778124,-0.7132490328114109
1769099795.2636933,13.580853670906347,-0.9267877163758472,-1.5936240987561718,0.6989900609473471,-0.7151313828219428
1769099795.3135695,13.580531048527096,-0.9385527216384194,-1.6027992226124526,0.6957020075861612,-0.718330506550143
1769099795.363659,13.580258020038473,-0.946419599203293,-1.608177743493724,0.6937677164007858,-0.7201988306572282
1769099795.4135733,13.57995705698435,-0.9539561688377561,-1.6132398807937054,0.6919426234212361,-0.7219524955929839
1769099795.4635038,13.579438150123577,-0.9654861587710882,-1.6183020180937804,0.6901130976461014,-0.723701535480824
1769099795.5138314,13.579065458394037,-0.9732222561879018,-1.6195675524187523,0.6896550249509031,-0.7241380714753017
1769099795.5635083,13.578683208010949,-0.9808311747160785,-1.622415004649986,0.6886233520516396,-0.7251192171009975
1769099795.6137793,13.57807847200269,-0.9922556077387908,-1.6249460732999295,0.6877051375960215,-0.7259901126902742
1769099795.6635492,13.577644055591861,-1.0000645331031996,-1.627793525531257,0.6866708298743763,-0.7269684803343507
1769099795.7135723,13.577189603798676,-1.0076694742197798,-1.6331720464124346,0.6847133416131187,-0.7288124860463058
1769099795.7636306,13.57642991487601,-1.0191607269562042,-1.6404488687811638,0.6820570958382575,-0.7312989252123115
1769099795.813576,13.575893238867685,-1.0265826828211537,-1.6455110060811453,0.6802039452982692,-0.733022914239841
1769099795.8635304,13.575278140043919,-1.03448100088855,-1.6515222941249958,0.6779976702318712,-0.7350640510596032
1769099795.913545,13.574269583277443,-1.046384967918052,-1.6591155000749211,0.6752020441840624,-0.7376328351759184
1769099795.963538,13.573570734295409,-1.054123854546234,-1.6625957194687346,0.6739174605331048,-0.7388066434383297
1769099796.0135465,13.57285441296383,-1.0617594620659023,-1.6660759388624542,0.6726308362729203,-0.7399782146082355
1769099796.0635185,13.571781691986416,-1.072691784628781,-1.6711380761624355,0.6707557480728407,-0.7416783173500786
1769099796.113553,13.571035300889212,-1.0800701593913822,-1.6720872269063052,0.670403690288339,-0.7419965579756935
1769099796.1658337,13.569861002307828,-1.091322915675513,-1.6774657477874824,0.6684058464840273,-0.7437967628229978
1769099796.2135673,13.56907416361386,-1.0985952600234261,-1.6796804328562303,0.6675817990578637,-0.7445364608712364
1769099796.263538,13.568198013562597,-1.1064943705932737,-1.68284426866866,0.6664031686901907,-0.7455915884448223
1769099796.313599,13.566870557445533,-1.118061354933263,-1.6872736388061553,0.6647502851852847,-0.7470656318865717
1769099796.3635209,13.565930493454406,-1.125902125349499,-1.6929685432687165,0.6626203594688644,-0.7489554454153818
1769099796.413594,13.564965231529694,-1.1336123116754198,-1.6977142969875019,0.6608413166356045,-0.7505256519449024
1769099796.4648514,13.563441857220154,-1.1451295653505897,-1.706889420843689,0.657391291875771,-0.7535493941115637
1769099796.5135577,13.562436877784975,-1.1523494278682263,-1.7113187909811844,0.6557208064527348,-0.7550034595847724
1769099796.5635202,13.561327918528066,-1.1600658334475975,-1.7157481611187735,0.6540471048319249,-0.7564538218959418
1769099796.613543,13.559652013168169,-1.1714084268397138,-1.7192283805124928,0.652729802644411,-0.7575907897670009
1769099796.6635332,13.558506877342772,-1.1790171840902723,-1.721126681999951,0.6520104408729094,-0.7582099873997403
1769099796.7135358,13.557339671074983,-1.1866737970417405,-1.7230249834875022,0.6512904917135987,-0.7588285019709387
1769099796.7635372,13.555572002999877,-1.1980280650585224,-1.7274543536249978,0.649608329700455,-0.7602690431576081
1769099796.8135512,13.554357508603047,-1.2056004207541364,-1.732200107343783,0.6478024777504985,-0.7618083419209288
1769099796.8635397,13.553175387399351,-1.2127677520319424,-1.7363130938999887,0.6462344552892365,-0.7631389315170756
1769099796.9135425,13.551215904926025,-1.2242959292625781,-1.742007998362456,0.6440588367447804,-0.7649759570149642
1769099796.9635534,13.549841363874979,-1.232149408968303,-1.7461209849187556,0.6424843080251597,-0.7662988411458234
1769099797.0135453,13.548433096959364,-1.2400483400085054,-1.7483356699874093,0.6416353589882763,-0.7670098213816989
1769099797.0635397,13.546360640775763,-1.2515567594699082,-1.749601204312475,0.6411498919387935,-0.7674156735869248
1769099797.113544,13.545050776694353,-1.2588304791294997,-1.7483356699875028,0.6416353589882404,-0.767009821381729
1769099797.1635396,13.543705575722779,-1.2663550072005396,-1.747070135662531,0.642120569130567,-0.7666036620701969
1769099797.213542,13.541756086485044,-1.2773197516274242,-1.746437368500045,0.6423630778008452,-0.7664004673003698
1769099797.2635324,13.540448377835542,-1.2847224060870381,-1.7448554505937834,0.6429690681126127,-0.7658921447895901
1769099797.3135543,13.5391126606746,-1.2923257306291394,-1.7445390670124936,0.643090217916897,-0.7657904227787117
1769099797.3635375,13.537199665311263,-1.303245512203778,-1.743906299849914,0.6433324692431256,-0.7655869212686061
1769099797.413585,13.535833202332478,-1.311074714986642,-1.7432735326875217,0.6435746561726226,-0.765383343124405
1769099797.4635599,13.534497030816201,-1.3187807325844174,-1.741691614781166,0.644179841602045,-0.7648740626230989
1769099797.513564,13.532583999792326,-1.3298032767695116,-1.7435899162687174,0.643453570758972,-0.7654851417745014
1769099797.5635464,13.531236359257584,-1.3374816002713037,-1.7454882177561752,0.6427267202369349,-0.7660955313102099
1769099797.6135497,13.529262963148337,-1.3485706284690253,-1.7483356699875028,0.6416353589882404,-0.767009821381729
1769099797.6635494,13.52788049282281,-1.3562684755435543,-1.7486520535686993,0.641514016303348,-0.7671113132305818
1769099797.713556,13.526519194546877,-1.3638415467659335,-1.7486520535686993,0.641514016303348,-0.7671113132305818
1769099797.7635489,13.524496938950351,-1.3751532535847821,-1.7467537520812413,0.6422418315016603,-0.7665020742759886
1769099797.8135736,13.523141267818106,-1.3828558614767015,-1.7432735326875217,0.6435746561726226,-0.765383343124405
1769099797.8635488,13.521866479470724,-1.3901871970349444,-1.7426407655250358,0.6438167786812528,-0.7651796883663959
1769099797.9135482,13.519982029005519,-1.401034879655331,-1.7429571491062321,0.6436957254810833,-0.7652815253208337
1769099797.9635556,13.518648966485173,-1.4087157485741417,-1.742324381943746,0.6439378157701734,-0.7650778322635797
1769099798.0135574,13.517320467069231,-1.4163203349507596,-1.7451718341749796,0.6428479022182932,-0.7659938476342611
1769099798.0635457,13.515343493255061,-1.427511554055717,-1.7461209849186616,0.6424843080251955,-0.7662988411457932
1769099798.1135485,13.513939558849305,-1.4354369639738929,-1.7461209849187556,0.6424843080251597,-0.7662988411458234
1769099798.1635497,13.512569267747779,-1.4431369875995124,-1.7477029028250173,0.6418779961849383,-0.766806780104094
1769099798.2135627,13.510513034274053,-1.454596890474421,-1.7489684371499887,0.6413926575647607,-0.7672127858827781
1769099798.2635465,13.509145192006748,-1.4622202171694794,-1.7477029028249234,0.6418779961849743,-0.7668067801040639
1769099798.3135643,13.507808899561708,-1.4696949144275888,-1.7477029028249234,0.6418779961849743,-0.7668067801040639
1769099798.3635466,13.505840095359346,-1.480707635054541,-1.7477029028249234,0.6418779961849743,-0.7668067801040639
1769099798.4135852,13.504489947481744,-1.4883084087831753,-1.7454882177561757,0.6427267202369348,-0.76609553131021
1769099798.463556,13.503166177668893,-1.495836736740183,-1.7442226834312973,0.6432113516280425,-0.7656886816042318
1769099798.513561,13.501176669868551,-1.507257030440819,-1.742324381943746,0.6439378157701734,-0.7650778322635797
1769099798.5635633,13.49987434188234,-1.5147890976212532,-1.7416916147812602,0.6441798416020091,-0.7648740626231292
1769099798.6135511,13.49853996133494,-1.5225211124521707,-1.7416916147812602,0.6441798416020091,-0.7648740626231292
1769099798.663561,13.496554067059446,-1.533942033695067,-1.7442226834312038,0.6432113516280784,-0.7656886816042017
1769099798.7135694,13.495195958608587,-1.5416442146023277,-1.7464373684999515,0.6423630778008811,-0.7664004673003397
1769099798.763561,13.493811894865802,-1.549393201554111,-1.7486520535686993,0.641514016303348,-0.7671113132305818
1769099798.8135896,13.491735143561186,-1.5609779975988767,-1.7477029028250173,0.6418779961849383,-0.766806780104094
1769099798.8635616,13.49037537745506,-1.5685770581041822,-1.7480192864062134,0.6417566856164731,-0.7669083103386997
1769099798.9135716,13.489097077709527,-1.5757535766973163,-1.7461209849187556,0.6424843080251597,-0.7662988411458234
1769099798.9635751,13.48713334010214,-1.5869214252057176,-1.7435899162687176,0.6434535707589719,-0.7654851417745016
1769099799.0135887,13.485903909963532,-1.5939523588305997,-1.7442226834312038,0.6432113516280784,-0.7656886816042017
1769099799.0635617,13.4840265872743,-1.6046985152652435,-1.743273532687428,0.6435746561726584,-0.7653833431243748
1769099799.1135821,13.482676859857644,-1.6124535582653268,-1.7429571491062321,0.6436957254810833,-0.7652815253208337
1769099799.163562,13.481350766076202,-1.620058566860495,-1.743906299850008,0.6433324692430897,-0.7655869212686363
1769099799.2135751,13.479294301452292,-1.6317754900646273,-1.7451718341749796,0.6428479022182932,-0.7659938476342611
1769099799.2635689,13.477916143760009,-1.6395769412446939,-1.7461209849187556,0.6424843080251597,-0.7662988411458234
1769099799.313575,13.476563591054619,-1.6471772881890776,-1.7477029028250173,0.6418779961849383,-0.766806780104094
1769099799.3635573,13.47450640140341,-1.6586113016538804,-1.7499175878937647,0.6410284850574527,-0.7675170886338278
1769099799.4135914,13.473120782285271,-1.6662571421074324,-1.7502339714749606,0.6409070621346391,-0.76761848447386
1769099799.4635608,13.471767939053063,-1.6737288614453392,-1.749601204312475,0.6411498919387935,-0.7674156735869248
1769099799.5135722,13.470418888623875,-1.6812269843155097,-1.7480192864062134,0.6417566856164731,-0.7669083103386997
1769099799.5635633,13.468413587289696,-1.6925160008385625,-1.7451718341749796,0.6428479022182932,-0.7659938476342611
1769099799.6135705,13.467094581530286,-1.700045164298384,-1.7432735326875217,0.6435746561726226,-0.765383343124405
1769099799.663568,13.465804800325154,-1.707476653984252,-1.7420079983624563,0.6440588367447803,-0.7649759570149643
1769099799.7135813,13.463834773205344,-1.7188489538992757,-1.742640765524942,0.6438167786812886,-0.7651796883663657
1769099799.7635677,13.462499280650942,-1.7265294006745775,-1.743273532687428,0.6435746561726584,-0.7653833431243748
1769099799.8136032,13.461159647774396,-1.734183431524415,-1.7448554505936897,0.6429690681126486,-0.7658921447895599
1769099799.8635738,13.459097170809642,-1.74584789371372,-1.7467537520812413,0.6422418315016603,-0.7665020742759886
1769099799.913575,13.457709886295236,-1.7536220176465305,-1.7480192864062134,0.6417566856164731,-0.7669083103386997
1769099799.963579,13.456344455900634,-1.7612457772316188,-1.7480192864062134,0.6417566856164731,-0.7669083103386997
1769099800.013579,13.454390016316205,-1.77215821742204,-1.7480192864062134,0.6417566856164731,-0.7669083103386997
1769099800.06357,13.45304957699971,-1.7796835945578957,-1.7461209849187556,0.6424843080251597,-0.7662988411458234
1769099800.1135807,13.451728346663177,-1.7871352647491623,-1.7464373684999515,0.6423630778008811,-0.7664004673003397
1769099800.163573,13.449741647065537,-1.798350467276458,-1.7458046013374655,0.642605522171534,-0.7661971958149222
1769099800.2135763,13.448471441862372,-1.80555412634944,-1.7448554505936897,0.6429690681126486,-0.7658921447895599
1769099800.2635708,13.44654185064988,-1.8165994778722725,-1.7426407655250358,0.6438167786812528,-0.7651796883663959
1769099800.3136034,13.44521190514915,-1.8242551987101052,-1.7429571491062321,0.6436957254810833,-0.7652815253208337
1769099800.3635757,13.443859724276928,-1.8320098140317327,-1.743906299849914,0.6433324692431256,-0.7655869212686061
1769099800.4135852,13.441832062035584,-1.843551908820627,-1.7454882177562696,0.6427267202368988,-0.7660955313102402
1769099800.4635785,13.440470640450103,-1.8512020923188333,-1.7483356699875032,0.6416353589882403,-0.7670098213817291
1769099800.5136118,13.439072703003214,-1.8589228658766437,-1.751499505800027,0.6404212100889671,-0.7680238757149306
1769099800.563579,13.436974764293218,-1.870426667856389,-1.750866738637447,0.6406641681766045,-0.7678212185232832
1769099800.6135802,13.43560958668631,-1.8779733190256336,-1.7486520535686993,0.6415140163033479,-0.7671113132305818
1769099800.6635776,13.434262005144964,-1.8854974211205826,-1.7473865192437275,0.641999290690672,-0.7667052306803926
1769099800.71359,13.432300000169544,-1.8966141701860748,-1.743589916268718,0.6434535707589718,-0.7654851417745017
1769099800.7635784,13.43101103222944,-1.904020111324913,-1.7426407655249425,0.6438167786812886,-0.7651796883663659
1769099800.8136027,13.42970707914892,-1.911526208954192,-1.7429571491062321,0.6436957254810832,-0.7652815253208337
1769099800.8635712,13.427726258891196,-1.9228966338941968,-1.743589916268718,0.6434535707589718,-0.7654851417745017
1769099800.9135804,13.426362913134037,-1.9307006874354387,-1.743906299850008,0.6433324692430896,-0.7655869212686363
1769099800.963572,13.425020131258123,-1.9383798632956841,-1.7439062998499144,0.6433324692431255,-0.7655869212686062
1769099801.0135815,13.42303367394056,-1.9496979125184006,-1.7451718341749798,0.6428479022182931,-0.7659938476342613
1769099801.0635784,13.421661870048345,-1.9574490800245976,-1.7467537520812415,0.6422418315016601,-0.7665020742759886
1769099801.1135895,13.420333567594033,-1.964899492564147,-1.7477029028250173,0.6418779961849382,-0.766806780104094
1769099801.163579,13.418301477607798,-1.976235153210099,-1.7486520535686993,0.6415140163033479,-0.7671113132305818
1769099801.213597,13.416941711637786,-1.9838342129547422,-1.7470701356624379,0.6421205691306029,-0.766603662070167
1769099801.263574,13.415634462703016,-1.9911598301042202,-1.7477029028249234,0.6418779961849742,-0.7668067801040639
1769099801.3138802,13.41361767876623,-2.0025239283126757,-1.7451718341749798,0.6428479022182931,-0.7659938476342613
1769099801.3636081,13.412266881321546,-2.0102273955711047,-1.743589916268718,0.6434535707589718,-0.7654851417745017
1769099801.413889,13.410937646674917,-2.017857549149265,-1.7429571491062321,0.6436957254810832,-0.7652815253208337
1769099801.4635992,13.40903763689626,-2.028753905726603,-1.743906299850008,0.6433324692430896,-0.7655869212686363
1769099801.5138392,13.407678096335323,-2.0365072341319186,-1.7448554505937834,0.6429690681126127,-0.7658921447895901
1769099801.5636094,13.40633275824772,-2.044108860668077,-1.7470701356624379,0.6421205691306029,-0.766603662070167
1769099801.6136646,13.404247075027385,-2.0557434818515965,-1.7492848207312792,0.6412712827755513,-0.7673142393357489
1769099801.6636226,13.402843402380459,-2.063488941600901,-1.7508667386375412,0.6406641681765685,-0.7678212185233133
1769099801.7136245,13.401420897942007,-2.0713596011182904,-1.7483356699875032,0.6416353589882402,-0.7670098213817291
1769099801.7641728,13.399475382771701,-2.0822222126334706,-1.7477029028250175,0.6418779961849382,-0.7668067801040941
1769099801.8136466,13.39816064860892,-2.0896236218052855,-1.745488217756176,0.6427267202369347,-0.7660955313102101
1769099801.8636162,13.396931218962571,-2.096654552615015,-1.7423243819436525,0.6439378157702091,-0.7650778322635496
1769099801.9136407,13.395023004809222,-2.107806339378715,-1.738211395387447,0.6455098304214442,-0.7637519615878432
1769099801.9636722,13.393765978512441,-2.1153460930554955,-1.7337820252499516,0.6471997160469423,-0.7623204887373534
1769099802.0136423,13.392504666075387,-2.123116000399587,-1.729669038693746,0.648766053346193,-0.76098791582101
1769099802.0636861,13.390704821693866,-2.134593317683903,-1.7230249834875029,0.6512904917135984,-0.7588285019709389
1769099802.113635,13.38951455857819,-2.1424512332624475,-1.7192283805123998,0.6527298026444465,-0.7575907897669705
1769099802.1691701,13.38787915872252,-2.153543954027677,-1.7151153939561938,0.6542864016625939,-0.7562468542740622
1769099802.2136343,13.386772582756961,-2.161235135076253,-1.712267941725054,0.6553624265772365,-0.7553145634970878
1769099802.263695,13.385673957272573,-2.1690552704144115,-1.7084713387499508,0.6567950596607534,-0.754069127869075
1769099802.3136463,13.38462538189065,-2.1767034815991284,-1.705623886518717,0.6578679815480039,-0.7531332676584903
1769099802.3635871,13.383107142203416,-2.1881959006466807,-1.6986634477311842,0.6604850612406977,-0.750839186429339
1769099802.4136493,13.382144320924112,-2.1959063822034826,-1.6913866253624548,0.6632125451491829,-0.748431105684914
1769099802.470198,13.381249369290822,-2.203421168930615,-1.6872736388062497,0.6647502851852495,-0.747065631886603
1769099802.5136352,13.379976880837702,-2.2147141671144785,-1.678731282112455,0.6679350625354221,-0.7442195591596621
1769099802.5635824,13.379175620242377,-2.2222649726206516,-1.6743019119750533,0.6695816350802806,-0.7427384694246139
1769099802.6136413,13.37839245655955,-2.229970338734329,-1.669872541837558,0.671224923442456,-0.7412537366851307
1769099802.6641934,13.377271365067603,-2.24150828586592,-1.6654431716999685,0.6728649195619018,-0.739765368223571
1769099802.7138746,13.376541090236143,-2.2493459572471117,-1.661962952306155,0.6741511730918499,-0.7385933900454855
1769099802.7711687,13.375828615032267,-2.2573631509537946,-1.6569008150061737,0.676018442261414,-0.7368847031404921
1769099802.8139088,13.374836595509077,-2.269116131991076,-1.653104212031258,0.6774160527170772,-0.7356000893972309
1769099802.8635833,13.37421127538537,-2.276785127864025,-1.6512059105437065,0.6781139428465373,-0.734956788197186
1769099802.9138901,13.37360779513844,-2.2844558697584914,-1.647409307568697,0.6795078897650103,-0.7336682000380708
1769099802.9651937,13.372782968497892,-2.2957142387749334,-1.640448868781164,0.6820570958382574,-0.7312989252123117
1769099803.013903,13.372273189419515,-2.303315671607645,-1.6350703478999866,0.6840212803790828,-0.7294620538373193
1769099803.072234,13.371812197530783,-2.3108694994129544,-1.6284262926937434,0.6864407946195705,-0.7271856953227646
1769099803.1136782,13.371195773452055,-2.3224453549919017,-1.619567552418659,0.689655024950937,-0.7241380714752695
1769099803.1662204,13.370837892194421,-2.330232816825912,-1.613872647956285,0.6917141748777363,-0.7221713787413707
1769099803.2136357,13.370527707964293,-2.3378196783692022,-1.609443277818696,0.6933118593703875,-0.7206376798755224
1769099803.2636447,13.370110961314825,-2.3493538126853477,-1.6043811405187145,0.6951336200787759,-0.718880553524837
1769099803.3136625,13.36986719201543,-2.3570443943375134,-1.600584537543705,0.6964970188097782,-0.7175596858722565
1769099803.3636713,13.369654191316727,-2.3648118478755826,-1.59583878382492,0.6981977371579409,-0.7159049656396658
1769099803.413646,13.369406292138665,-2.3766546214662103,-1.587612810712415,0.7011363307773204,-0.7130272404783116
1769099803.4638052,13.369298481604249,-2.384550806518608,-1.5812851390874618,0.7033887189981836,-0.7108053952989484
1769099803.5136487,13.36924877811101,-2.3923463175301753,-1.5730591659749569,0.706306294305474,-0.7079063628930518
1769099803.5638494,13.369289942745198,-2.403811919151938,-1.5613529734687324,0.7104376161817187,-0.7037601818190888
1769099803.6136491,13.36938997880762,-2.4112778820468677,-1.5534433839375172,0.7132152802523073,-0.7009450506385096
1769099803.6638677,13.369550787957063,-2.4187680981025172,-1.5452174108249186,0.7160922170927728,-0.6980056852341227
1769099803.7136257,13.369931183224802,-2.430176763469294,-1.5297146153437786,0.7214811698088295,-0.6924340557853023
1769099803.7636046,13.37026512701242,-2.437483899399613,-1.520539491487404,0.7246501507450588,-0.6891169414730446
1769099803.8136992,13.370690909557961,-2.4452172278718622,-1.5110479840500208,0.7279123574220151,-0.685670183041617
1769099803.8636172,13.3714710773889,-2.456757755205688,-1.4955451885686935,0.7332053386119597,-0.680007302483526
1769099803.9136574,13.372068670631757,-2.464124236095487,-1.4841553796437585,0.7370660046984092,-0.6758207637516952
1769099803.9636693,13.372764128618325,-2.471634649217867,-1.47276557071873,0.7409027663713871,-0.6716123069027441
1769099804.013599,13.373935508535418,-2.48245484863072,-1.4531497886812905,0.7474541258937151,-0.6643134272950248
1769099804.0636578,13.374863885733385,-2.4897358965313123,-1.4347995409686354,0.7535177371444899,-0.6574275776149396
1769099804.1136863,13.375922946877138,-2.49694791226984,-1.4151837589311957,0.7599293698763276,-0.6500056559749058
1769099804.1636703,13.37772378529587,-2.5073986685626415,-1.3851273187125037,0.7696116178341178,-0.6385123003472618
1769099804.2138102,13.379072954815786,-2.5142011754616562,-1.3648787695124842,0.7760365386443632,-0.630687950327954
1769099804.26367,13.380555104760758,-2.520924100955673,-1.342731918825007,0.782972693245805,-0.622056075954098
1769099804.3136709,13.382953891918476,-2.530551103409529,-1.3104607935374732,0.7929075587330409,-0.6093419428399864
1769099804.3636792,13.384768674649607,-2.537060670698863,-1.2873647921062208,0.7998912144986721,-0.6001450199475452
1769099804.4193258,13.387825895088895,-2.546870877915975,-1.2500315295187057,0.810953895486739,-0.5851100575061782
1769099804.4636717,13.389971713045057,-2.553091829464944,-1.2272519116687424,0.817565442109784,-0.5758356952011863
1769099804.513599,13.392186415276734,-2.5590731380822973,-1.2051050609811715,0.8238916606458462,-0.5667473259912479
1769099804.5636718,13.395911637067808,-2.5682957517097442,-1.1687209491374326,0.8340650609199998,-0.551666089362503
1769099804.6136029,13.398592881683,-2.5743884043214633,-1.1437266462187217,0.8408940053488523,-0.5411998445753328
1769099804.663986,13.401360930868313,-2.580274721339666,-1.118732343299917,0.8475916216748252,-0.530649076948825
1769099804.7163167,13.405674239534092,-2.588757352423714,-1.082031847874982,0.8571859157714792,-0.515007092963787
1769099804.7639601,13.408863511770145,-2.594571261631983,-1.0560883942124952,0.8637941432668791,-0.5038448948414962
1769099804.8233247,13.412204334579197,-2.600299418303749,-1.0295121733875228,0.870412832211873,-0.4923225584115619
1769099804.863937,13.417401097825756,-2.6085718329519563,-0.9902806093124561,0.8799020520226274,-0.47515511030227753
1769099804.9136841,13.420968093185587,-2.61385925991529,-0.9643371556499695,0.8859914338361508,-0.46370160574335045
1769099804.9637573,13.424508626779495,-2.6188262575998955,-0.938710085568679,0.8918601950199683,-0.4523111678247002
1769099805.0136783,13.430193172239617,-2.626267784391064,-0.8982129871687342,0.9008353873586512,-0.4341608053272299
1769099805.0636728,13.434316845440987,-2.6312982466681345,-0.8700548484375,0.9068584851072845,-0.42143527141059395
1769099805.1136687,13.438531508076135,-2.6361526020680404,-0.8415803261249757,0.9127664580504603,-0.40848181484371765
1769099805.163664,13.445064988703974,-2.643175572029069,-0.8013996113061332,0.9207882513331249,-0.390062810591943
1769099805.2136743,13.449584158039263,-2.647712149960039,-0.7732414725749929,0.9261885333682768,-0.3770607386842608
1769099805.2636566,13.454208826694128,-2.652104478680178,-0.7460324845874405,0.9312323864776991,-0.36442590793609786
1769099805.3137305,13.461390505648161,-2.6584629655199477,-0.7033207011186543,0.9388020877284314,-0.3444570221039754
1769099805.3636591,13.466352361309125,-2.6625505241894434,-0.6748461788062239,0.9436109008344427,-0.33105659308706076
1769099805.4139705,13.473760036743077,-2.66823766290418,-0.634665463987475,0.9500710738309526,-0.31203357939443105
1769099805.463657,13.479071792753077,-2.6720357473595056,-0.6068237088374369,0.9543226587473621,-0.29877794932251256
1769099805.5138607,13.484464517972024,-2.6756729154544385,-0.5799311044312683,0.9582537253647346,-0.2859192155567859
1769099805.563677,13.489782243771385,-2.6790550969933564,-0.5530385000250059,0.9620115394030749,-0.27300878750568813
1769099805.6138203,13.497884711047615,-2.6838501764885407,-0.5157052374374909,0.9669397995448663,-0.2550047530069463
1769099805.6637025,13.50367475610917,-2.6870302963525954,-0.48881263303122846,0.9702811556809021,-0.24198032756927357
1769099805.718608,13.512570302651358,-2.6915364092170444,-0.44894830179367584,0.9749112925702691,-0.22259373670201768
1769099805.763697,13.518554334629783,-2.6943345935596477,-0.4258523003624229,0.977416743500021,-0.21132086864721678
1769099805.8136466,13.524672162612951,-2.6970214946305786,-0.40180714818739405,0.9798866653193887,-0.1995548123429956
1769099805.8636997,13.533871726632933,-2.700736228758624,-0.36573941992494474,0.9833258794534849,-0.18185217842255957
1769099805.9136152,13.540211520177978,-2.7030760347111795,-0.3413778841687199,0.9854679761790213,-0.16986131968645504
1769099805.9636848,13.546535587271766,-2.705233162336877,-0.3160671976687192,0.9875386580091124,-0.15737661496410818
1769099806.013647,13.55616554678541,-2.708187985390313,-0.2793667022436902,0.9902601327398535,-0.13922955686939384
1769099806.0638032,13.562708242019076,-2.709977810586884,-0.2546887829061754,0.9919026544747922,-0.12700048836859262
1769099806.1136208,13.568873747756946,-2.7115092237027394,-0.23222554863740838,0.9932664821287973,-0.11585204132635503
1769099806.1648438,13.578369800038812,-2.7135780324887535,-0.196790587537445,0.9951630874066254,-0.0982365994083331
1769099806.2266872,13.58443857577993,-2.714722223690851,-0.17590927117503355,0.9961344839786291,-0.08784127633766642
1769099806.2638135,13.594308773823293,-2.716311177411407,-0.14332176230630378,0.9974334576647759,-0.07159956376186762
1769099806.313677,13.601308218484029,-2.717245657618107,-0.12212406236241492,0.9981362933622971,-0.06102409256166221
1769099806.3638813,13.60802313333618,-2.7180062660413156,-0.10345743106865739,0.9986623683107579,-0.051705648820491515
1769099806.4137058,13.618509295261228,-2.718954367045989,-0.07688121024377861,0.9992612509152229,-0.03843113866832397
1769099806.46365,13.625377071181562,-2.7194331678615806,-0.06232756550622666,0.9995144486207039,-0.03115873871725721
1769099806.513921,13.632857493540172,-2.719847761088591,-0.04840668793125443,0.999707113368654,-0.02420098097419186
1769099806.5636733,13.643933687011886,-2.7203141116937015,-0.035751344681160306,0.9998402344235406,-0.01787472035807491
1769099806.6136541,13.651649373275145,-2.720564413880476,-0.029107289474917163,0.9998940975817011,-0.014553130978440373
1769099806.6636777,13.663136354881,-2.7208697663333195,-0.024045152174935795,0.9999277297026267,-0.012022286461022776
1769099806.7138531,13.671081552050863,-2.721063361838416,-0.024677919337515546,0.9999238760029765,-0.012338646570192431
1769099806.763629,13.678570865142564,-2.721262446350008,-0.028474522312431232,0.999898651909337,-0.014236780179887673
1769099806.8140092,13.69018155961523,-2.7216611704703455,-0.04018071481874953,0.9997981955574526,-0.020089005950066244
1769099806.8636289,13.697387852508896,-2.7219839994849035,-0.049355838674936474,0.999695515601633,-0.024675414606148
1769099806.9139595,13.704994717940188,-2.7224043936344926,-0.06106203118116098,0.9995339647461461,-0.03052627260000827
1769099806.9636283,13.715977181400909,-2.7231822795775074,-0.08036142963749825,0.9991928636798765,-0.040169903798837905
1769099807.0137825,13.72359246816383,-2.723841673153425,-0.09238400572501261,0.998933339117305,-0.04617557796012369
1769099807.0636714,13.730945972185362,-2.724581665320594,-0.10820318478744269,0.99853686578313,-0.054075203855404444
1769099807.113629,13.742002454413406,-2.7259138320943084,-0.13161556979998548,0.9978354490544592,-0.0657602966103839
1769099807.1636949,13.749145986951515,-2.7269159007553005,-0.14711836528121947,0.9972957430386172,-0.07349286303480272
1769099807.219577,13.759589176962143,-2.7286089635893154,-0.17432735326877175,0.9962036512165062,-0.08705334745373965
1769099807.2637098,13.76673021419074,-2.729940114546668,-0.19425951888740736,0.9952866122468513,-0.09697710803166795
1769099807.3136523,13.7738428279152,-2.731415576812587,-0.21482445166871653,0.9942368510415024,-0.10720580222673283
1769099807.3637753,13.784366648093267,-2.733874512454825,-0.2442481247250165,0.99255212025404,-0.12182072311068314
1769099807.415428,13.791080172766094,-2.735613258738632,-0.26259837243748413,0.9913926380495747,-0.13092225640090738
1769099807.463951,13.79788287230361,-2.7375077965736496,-0.28063223656875563,0.9901718346068509,-0.13985613304858385
1769099807.520444,13.80467358640773,-2.7395351476660053,-0.2996152514437092,0.9887998076925748,-0.1492479155872105
1769099807.563986,13.814636885079596,-2.7427794972337187,-0.3299880752436912,0.9864193346633242,-0.16424644958830842
1769099807.613701,13.820817080840666,-2.7449653416300794,-0.34992024086251444,0.9847334814793288,-0.1740688669854562
1769099807.6637414,13.830409609182187,-2.748649433109025,-0.38345690047492614,0.9816763351897291,-0.19055595747302853
1769099807.7137063,13.836715848342454,-2.751282128800506,-0.40750205265004885,0.9793144708414464,-0.2023441800510651
1769099807.7636647,13.842611496210703,-2.7539082486753554,-0.43059805408120794,0.9769125538784755,-0.21363956111786647
1769099807.8136945,13.851389288433694,-2.7581387367245678,-0.46761493308743307,0.9727913227933453,-0.231683064331369
1769099807.8636634,13.856820484825057,-2.7609703275573056,-0.49355838674991975,0.9697042350956552,-0.24428200186986815
1769099807.9205403,13.862571717173514,-2.76416832296127,-0.521400141899958,0.9662097667094968,-0.2577570303894346
1769099807.9637086,13.870740332672094,-2.7690990114123086,-0.5647446925312302,0.9603971232132693,-0.27863482503749676
1769099808.013903,13.875947454642803,-2.7725123956044198,-0.5957502834936982,0.9559622705210711,-0.2934895864254787
1769099808.068495,13.880816629046553,-2.775928090119404,-0.627705025199942,0.9511512633633684,-0.30872524063035095
1769099808.113876,13.88751598786107,-2.7810411748468042,-0.6761117131311956,0.9434012301991936,-0.3316536127628463
1769099808.1636448,13.891968895521668,-2.784751040051905,-0.7131285921375146,0.9371016075785793,-0.34905669607334905
1769099808.2138722,13.897943988071805,-2.7902174757762874,-0.7688121024374972,0.9270213320759031,-0.3750085997363503
1769099808.2636905,13.901881359744953,-2.7941900743169703,-0.8108911187437039,0.9189267471886631,-0.39442823593305665
1769099808.3143022,13.90547517534416,-2.79813995411752,-0.8542356693749761,0.9101634632473314,-0.4142492850562612
1769099808.3637228,13.910240321072385,-2.803984937685004,-0.9194106871125293,0.896183270795311,-0.44368406005469496
1769099808.4137168,13.91320245663352,-2.808058148714495,-0.9646535392311656,0.8859180689633316,-0.4638417565121555
1769099808.463721,13.915864504323011,-2.8120930288441666,-1.0105291585124754,0.87504643838291,-0.4840389763989922
1769099808.5137079,13.919483192384341,-2.81833158021783,-1.0798171628062345,0.8577556793706326,-0.5140575789806281
1769099808.563722,13.921622286977806,-2.822581537285643,-1.1291730014812635,0.8448099222558488,-0.5350665334872539
1769099808.6137044,13.923572391321374,-2.8269769223715775,-1.1772633058312274,0.8317011959305274,-0.5552234871542544
1769099808.6639833,13.925957240622626,-2.8333526270485487,-1.2484496116124442,0.8114164398041552,-0.5844684433017319
1769099808.7137055,13.927336430958128,-2.837853347444764,-1.2984382174499598,0.7965561405625978,-0.6045645663880898
1769099808.7638035,13.928458728205394,-2.8422945005897473,-1.3481104397061854,0.7812969931901107,-0.6241594415148202
1769099808.8137202,13.92972925950001,-2.849136196860753,-1.426257184274935,0.7563188458527461,-0.6542031820527703
1769099808.863865,13.930260840775944,-2.8536095070476715,-1.4787768587624877,0.7388807952787242,-0.6738361598847898
1769099808.9137275,13.93055543728602,-2.8581046357996027,-1.5319293004124328,0.7207139659405818,-0.6932325578752039
1769099808.9655776,13.930544630585878,-2.8647342144041983,-1.6129234972124162,0.6920568217209895,-0.7218430269175166
1769099809.0137098,13.930245805046848,-2.869076870827701,-1.6660759388624549,0.67263083627292,-0.7399782146082358
1769099809.0636754,13.92971567138514,-2.873422908698758,-1.7182792297687182,0.6530892630572236,-0.7572809349768239
1769099809.113707,13.92857349723908,-2.8795164287114776,-1.79389490568743,0.6239982107953167,-0.7814257692988141
1769099809.1636777,13.927496606426361,-2.883734030025336,-1.847680114500049,0.6027605416643336,-0.7979221324242857
1769099809.2137127,13.926201456445998,-2.8878632798972017,-1.9017817068937697,0.5809582247359277,-0.813933376334746
1769099809.26463,13.923839907353916,-2.8939223892135826,-1.983092287275043,0.5473965890110579,-0.8368733323144303
1769099809.313707,13.921907889269132,-2.89801973880451,-2.039724948318802,0.5234831331739765,-0.8520360375490914
1769099809.363688,13.91982190217636,-2.901869050567251,-2.0950920750374946,0.49969817163757674,-0.8661995943557483
1769099809.4156113,13.916494690114362,-2.90709979288278,-2.1795664912312915,0.4626775362804386,-0.8865266478913442
1769099809.4637136,13.914084484318563,-2.9103534872231567,-2.2371483030187322,0.4369654098180392,-0.8994783102568694
1769099809.5137825,13.911507717139452,-2.9134440590135444,-2.2944137312249766,0.4110353164916736,-0.9116194209189434
1769099809.5636556,13.907280825705888,-2.917839482555977,-2.3788881474187735,0.372175919518741,-0.9281622083075671
1769099809.6140401,13.904301765510054,-2.920544568012201,-2.429825903999971,0.348418522781577,-0.9373390704450038
1769099809.6637335,13.899413234826085,-2.9244390036646886,-2.5079726485687206,0.3115369066246397,-0.9502340531736119
1769099809.7137187,13.895859183578741,-2.9269082239727817,-2.5608087066374696,0.28632780931080476,-0.9581317162140471
1769099809.7637188,13.892051319437138,-2.929267447803646,-2.6130119975437327,0.26122430315071044,-0.9652781275070029
1769099809.8178003,13.887950211739133,-2.9315261826688657,-2.6633169869624442,0.23686508294189845,-0.971542553099414
1769099809.8637366,13.88159391336968,-2.9345406920487354,-2.7341869091624647,0.20229702179839815,-0.9793242134101956
1769099809.9137516,13.876830752559139,-2.9364661264300853,-2.7806952956062605,0.17947098538667372,-0.9837632669521343
1769099809.9639204,13.869622311071033,-2.938927956888574,-2.844288395437458,0.14810526134457203,-0.988971603010954
1769099810.0137382,13.86453468072629,-2.9403755925387953,-2.8844691102562066,0.12820791662753492,-0.9917473116243003
1769099810.0639942,13.859368596133669,-2.941624451743629,-2.924333441493759,0.10841608675764684,-0.9941056041146525
1769099810.1137362,13.85141278755354,-2.943136662006507,-2.9831807876062655,0.07912314150882555,-0.9968648496550444
1769099810.1640167,13.846199568225943,-2.943868282342218,-3.021146817356173,0.06018652197228268,-0.9981871480703806
1769099810.2137427,13.84068511754041,-2.944427077986604,-3.0600619978500436,0.04075403808978051,-0.9991692090829144
1769099810.263742,13.832447021443397,-2.9448750258003775,-3.1144799738249604,0.013555924668304378,-0.9999081142316965
1769099810.313722,13.82672734690447,-2.9449251453426224,3.132004837929597,0.004793889468211953,0.9999885092458646
1769099810.3637245,13.820933818070833,-2.944762326032798,3.0949879589232783,0.023300238530442826,0.9997285125895052
1769099810.4139922,13.81217635244313,-2.944110549729433,3.0396208322045855,0.050963823381750026,0.9987005000030358
1769099810.4637227,13.806622447667333,-2.9434470702079945,3.005767789010884,0.06786024118904314,0.9976948369445263
1769099810.5140262,13.79795457447255,-2.942036745047878,2.9548300324295926,0.09324565449229409,0.9956431328133106
1769099810.563722,13.792476812154886,-2.940905293181845,2.920976989235891,0.11008426730043883,0.9939222575699397
1769099810.6139634,13.787872559568047,-2.9398090308790383,2.8947171519921144,0.12312452186077082,0.9923912293629749
1769099810.6637177,13.78454454228797,-2.9389298853687342,2.8719375341420577,0.13441943770795733,0.9909245252622808
1769099810.7139678,13.78366682567207,-2.938685202374298,2.8675081640045623,0.1366136920121929,0.9906243986268447
1769099810.763727,13.783252697243894,-2.938568412296223,2.8659262460983945,0.1373971924338726,0.9905160329400475
1769099810.813835,13.783130927411039,-2.9385339466763862,2.8656098625171045,0.13755388221897466,0.9904942854385826
1769099810.8637123,13.783057858974805,-2.938513290421793,2.8665590132608805,0.13708380255268943,0.9905594535804982
1769099810.9137008,13.783057858974805,-2.938513290421793,2.8665590132608805,0.13708380255268943,0.9905594535804982
1769099810.963732,13.783033498476597,-2.938506420416514,2.8668753968420764,0.13692710246445078,0.9905811267183975
1769099811.013731,13.783033498476597,-2.938506420416514,2.8668753968420764,0.13692710246445078,0.9905811267183975
1769099811.0637429,13.783033498476597,-2.938506420416514,2.8668753968420764,0.13692710246445078,0.9905811267183975
1769099811.1137178,13.783033498476597,-2.938506420416514,2.8668753968420764,0.13692710246445078,0.9905811267183975
1769099811.1640432,13.783033498476597,-2.938506420416514,2.8668753968420764,0.13692710246445078,0.9905811267183975
1769099811.2137175,13.783033498476597,-2.938506420416514,2.8668753968420764,0.13692710246445078,0.9905811267183975
1769099811.2639892,13.783033498476597,-2.938506420416514,2.8668753968420764,0.13692710246445078,0.9905811267183975
1769099811.31374,13.783033498476597,-2.938506420416514,2.8668753968420764,0.13692710246445078,0.9905811267183975
1769099811.364031,13.783033498476597,-2.938506420416514,2.8668753968420764,0.13692710246445078,0.9905811267183975
1769099811.4137352,13.783033498476597,-2.938506420416514,2.8668753968420764,0.13692710246445078,0.9905811267183975
1769099811.464015,13.783033498476597,-2.938506420416514,2.8668753968420764,0.13692710246445078,0.9905811267183975
1769099811.513725,13.783033498476597,-2.938506420416514,2.8668753968420764,0.13692710246445078,0.9905811267183975
1769099811.5637617,13.783033498476597,-2.938506420416514,2.8668753968420764,0.13692710246445078,0.9905811267183975
1769099811.6136966,13.783033498476597,-2.938506420416514,2.8668753968420764,0.13692710246445078,0.9905811267183975
1769099811.6637185,13.783033498476597,-2.938506420416514,2.8668753968420764,0.13692710246445078,0.9905811267183975
1769099811.7137213,13.783033498476597,-2.938506420416514,2.8668753968420764,0.13692710246445078,0.9905811267183975
1769099811.7637286,13.783033498476597,-2.938506420416514,2.8668753968420764,0.13692710246445078,0.9905811267183975
1769099811.8137286,13.783033498476597,-2.938506420416514,2.8668753968420764,0.13692710246445078,0.9905811267183975
1769099811.8637228,13.783033498476597,-2.938506420416514,2.8668753968420764,0.13692710246445078,0.9905811267183975
1769099811.9137294,13.783033498476597,-2.938506420416514,2.8668753968420764,0.13692710246445078,0.9905811267183975
1769099811.9637387,13.783033498476597,-2.938506420416514,2.8668753968420764,0.13692710246445078,0.9905811267183975
1769099812.0139856,13.783033498476597,-2.938506420416514,2.8668753968420764,0.13692710246445078,0.9905811267183975
1769099812.0637228,13.783033498476597,-2.938506420416514,2.8668753968420764,0.13692710246445078,0.9905811267183975
1769099812.1140177,13.783033498476597,-2.938506420416514,2.8668753968420764,0.13692710246445078,0.9905811267183975
1769099812.1637263,13.783033498476597,-2.938506420416514,2.8668753968420764,0.13692710246445078,0.9905811267183975
1769099812.2139711,13.783033498476597,-2.938506420416514,2.8668753968420764,0.13692710246445078,0.9905811267183975
1769099812.263734,13.783033498476597,-2.938506420416514,2.8668753968420764,0.13692710246445078,0.9905811267183975
1769099812.314146,13.783033498476597,-2.938506420416514,2.8668753968420764,0.13692710246445078,0.9905811267183975
1769099812.3637364,13.783033498476597,-2.938506420416514,2.8668753968420764,0.13692710246445078,0.9905811267183975
1769099812.4138043,13.783033498476597,-2.938506420416514,2.8668753968420764,0.13692710246445078,0.9905811267183975
1769099812.463731,13.783033498476597,-2.938506420416514,2.8668753968420764,0.13692710246445078,0.9905811267183975
1769099812.513735,13.783033498476597,-2.938506420416514,2.8668753968420764,0.13692710246445078,0.9905811267183975
1769099812.5637176,13.783033498476597,-2.938506420416514,2.8668753968420764,0.13692710246445078,0.9905811267183975
1769099812.6137328,13.783033498476597,-2.938506420416514,2.8668753968420764,0.13692710246445078,0.9905811267183975
1769099812.6637304,13.783009135806042,-2.938499558118838,2.8671917804233664,0.13677039894961368,0.9906027750673645
1769099812.7137384,13.78291166344924,-2.9384721860179193,2.8684573147483383,0.13614355070327094,0.9906891205630078
1769099812.763732,13.782716615204988,-2.9384178119892193,2.870988383398376,0.13488969092825506,0.9908606215211501
1769099812.8137462,13.782619022583123,-2.938390871901939,2.8735194520483196,0.1336356151170707,0.9910305355397896
1769099812.863901,13.782496952234776,-2.938357486354375,2.875734137117161,0.13253812314394547,0.9911779083058099
1769099812.9137378,13.78239921616,-2.9383310715669992,2.879530740092077,0.1306563309726103,0.9914277195926972
1769099812.9639328,13.782325836336208,-2.9383115505272603,2.8836437266483763,0.12861719168514418,0.991694316814928
1769099813.0137384,13.782252376843537,-2.9382923314620144,2.8877567132046758,0.12657750845459534,0.9919567200001354
1769099813.0638301,13.78212978387406,-2.9382609198895873,2.8937680012483393,0.12359547241466318,0.9923326857453584
1769099813.1137395,13.782105235717488,-2.9382547539984456,2.897248220642153,0.12186851843470624,0.9925462529346074
1769099813.163864,13.782056094866038,-2.9382426009311353,2.901044823617162,0.11998414795845386,0.9927758076417272
1769099813.2137408,13.782105292802415,-2.938254520643136,2.9067397280796294,0.11715678367546029,0.993113431607297
1769099813.2637064,13.782154550473711,-2.938266191163003,2.9111690982171248,0.11495706466794746,0.9933704612494421
1769099813.313739,13.782179204010845,-2.9382719211765256,2.9152820847733305,0.11291396334556467,0.9936047689507114
1769099813.3636847,13.782179204010845,-2.9382719211765256,2.9216097563983774,0.10976980111271886,0.9939570366789875
1769099813.4137483,13.782179204010845,-2.9382719211765256,2.9260391265358727,0.1075682319031164,0.9941977044256527
1769099813.463712,13.78215446462094,-2.9382665740376663,2.9314176474170504,0.10489418959614213,0.9944833879904523
1769099813.513762,13.782179227469891,-2.9382718115481854,2.934897866810864,0.10316352147380649,0.9946644096564043
1769099813.5636845,13.782253575120544,-2.938287241919969,2.9390108533670696,0.10111778409550712,0.9948744612963056
1769099813.6140876,13.782328004603565,-2.938302272173051,2.945654908573313,0.0978122317916459,0.995204887102117
1769099813.6636856,13.782352841047269,-2.938307148750943,2.9497678951296122,0.09576539424158774,0.9954039327156354
1769099813.7141418,13.782278249721902,-2.938292943597057,2.9570447174983414,0.09214307955833738,0.9957457772391033
1769099813.7636864,13.782253359347072,-2.938288350211706,2.961157704054547,0.09009514166006373,0.9959331631436183
1769099813.8141131,13.782253359347072,-2.938288350211706,2.9649543070296502,0.08820439905937381,0.9961023963361271
1769099813.86484,13.78230322086035,-2.938297087736971,2.9712819786546034,0.08505245842628945,0.996376474689986
1769099813.9140813,13.782353126018421,-2.938305572754597,2.975078581629613,0.08316088337295789,0.996536134556409
1769099813.9637296,13.782403063030987,-2.9383138682414542,2.978875184604622,0.08126900864543667,0.9966922033575801
1769099814.0137632,13.782378071982796,-2.938309858810778,2.986152006973445,0.07764210266590009,0.9969812956588593
1769099814.0637434,13.782353057252724,-2.9383059996751344,2.9908977606921368,0.07527617245671482,0.9971627238621924
1769099814.113766,13.782302990550784,-2.9382985268383823,2.995959897992118,0.0727520467211438,0.9973500587546403
1769099814.1636918,13.782353096706945,-2.938305730281498,3.0016548024545853,0.06991184897264968,0.9975531732059326
1769099814.2137685,13.782403238712561,-2.938312679992873,3.0060841725920806,0.06770241320788524,0.9977055593940674
1769099814.2678685,13.782478501908704,-2.938322735591669,3.011462693473352,0.06501908153377678,0.9978840208343372
1769099814.3137624,13.782528709663547,-2.9383291931893396,3.0158920636108473,0.06280892504539991,0.998025570280963
1769099814.3639355,13.782503592221548,-2.938326071642416,3.0200050501671467,0.0607563608007802,0.9981526259156189
1769099814.4137654,13.782428187900223,-2.9383171362888945,3.027281872535876,0.05712427698867988,0.9983670752676695
1769099814.4637842,13.78240303564446,-2.9383143089794044,3.0320276262546613,0.05475511626140682,0.9984998133415949
1769099814.5137703,13.78240303564446,-2.9383143089794044,3.0364569963921566,0.052543621159165395,0.9986186298459898
1769099814.5649188,13.782453392357626,-2.938319477917109,3.042151900854624,0.04969989314471033,0.9987641967058112
1769099814.6137455,13.782503773071973,-2.9383244078206463,3.0459485038295395,0.04780384917521676,0.9988567424831416
1769099814.6640198,13.782528972233317,-2.938326781103652,3.049428723223353,0.046065657374393776,0.9989384141230454
1769099814.7137773,13.782478549895174,-2.93832229770374,3.056389162010886,0.042588860578624016,0.9990926828651157
1769099814.7637405,13.782377653043277,-2.9383139372607214,3.061451299310867,0.040059954691986824,0.9991972778335998
1769099814.8137689,13.782377653043277,-2.9383139372607214,3.0658806694483625,0.03784695096543128,0.9992835474992172
1769099814.8658774,13.78240289624701,-2.9383157838716194,3.071259190329634,0.03515948363455428,0.9993817142166208
1769099814.9141266,13.782428147400122,-2.938317518654492,3.0747394097233536,0.03342039746928437,0.9994413824897361
1769099814.96386,13.78245340443771,-2.9383191655474823,3.0782196291170734,0.03168121010768614,0.9994980244733417
1769099815.0137644,13.782529196638121,-2.938323770557555,3.0835981499983447,0.028993188288743175,0.9995796091521942
1769099815.0637004,13.782529196638121,-2.938323770557555,3.08802752013584,0.026779364959709794,0.9996413684979002
1769099815.1138875,13.782478641225858,-2.9383211882671425,3.093089657435915,0.02424912095373086,0.9997059468328531
1769099815.163752,13.78237750127877,-2.938316631586593,3.100050096223354,0.020769785101193334,0.99978428474689
1769099815.2139258,13.782428082846629,-2.938318637906411,3.1038466991983635,0.01887185682367882,0.9998219106521054
1769099815.2709315,13.782478671667123,-2.9383204521740995,3.107643302173373,0.01697386054053267,0.999855933651619
1769099815.3137956,13.782529268489991,-2.9383220263389944,3.11333820663584,0.014126753566787793,0.9999002124380528
1769099815.3643,13.782529268489984,-2.9383220263389944,3.1171348096108495,0.01222861719293656,0.9999252276653233
1769099815.4139242,13.78247865835698,-2.938320964502862,3.1240952483983824,0.0087485909921456,0.9999617303455428
1769099815.4649045,13.78240273505335,-2.9383198161111386,3.1288410021171678,0.006375782538955085,0.9999796744919448
1769099815.513782,13.782352116378336,-2.938319298740763,3.133903139417149,0.003844747614028586,0.9999926089305783
1769099815.5642204,13.7824027369513,-2.9383195758825185,3.1383325095545507,0.0016300712957345346,0.9999986714329029
1769099815.614186,13.782453358251582,-2.9383195967735154,-3.139157893162475,0.0012173799129632367,-0.9999992589927992
1769099815.6642003,13.782453358251574,-2.9383195967735154,-3.1353612901874657,0.0031156766602671747,-0.9999951462676949
1769099815.7138257,13.782478667820195,-2.938319362982193,-3.1293500021437084,0.006121287494793583,-0.9999812647441981
1769099815.7639532,13.78240274431704,-2.938320496749516,-3.1239714812625308,0.008810472175017448,-0.9999611870368036
1769099815.8141406,13.782352132943862,-2.938321500801185,-3.1195421111249417,0.01102504786802525,-0.9999392223127902
1769099815.8641696,13.782377435437159,-2.9383208586741016,-3.1128980559186985,0.014346806620697147,-0.9998970792735562
1769099815.9138174,13.7824280330927,-2.938319310262032,-3.109101452943689,0.01624488574394845,-0.9998680431372762
1769099815.9638596,13.782453328658177,-2.9383184360107317,-3.1049884663874834,0.0183010718531645,-0.9998325213599653
1769099816.014142,13.782529201044847,-2.9383154291456077,-3.098977178343726,0.021306125304256428,-0.9997729987474754
1769099816.0638113,13.782503915626785,-2.9383165594469784,-3.0948641917874267,0.023362105253104518,-0.9997270687733442
1769099816.1137948,13.782453355711766,-2.9383190520210563,-3.0898020544874454,0.02589240556130754,-0.9996647354659705
1769099816.163773,13.78232699465984,-2.9383260231700303,-3.083157999281296,0.029213170425709388,-0.9995732042595372
1769099816.2141242,13.782352259034482,-2.9383244930322103,-3.0790450127249964,0.031268722778733854,-0.999511013934207
1769099816.2638001,13.782352259034482,-2.9383244930322103,-3.074615642587501,0.033482246403933526,-0.9994393124025822
1769099816.313913,13.782377508294088,-2.9383227311591624,-3.0692371217062298,0.03616987469613502,-0.9993456559991972
1769099816.3638813,13.782402749519717,-2.9383208574641353,-3.06575690231251,0.03790879012421217,-0.9992812034814417
1769099816.4139342,13.782327055368642,-2.938326861791196,-3.0591128471062667,0.04122821458161271,-0.9991497557035244
1769099816.4637823,13.78227661685587,-2.9383311599724014,-3.0540507098062855,0.043756996444490076,-0.9990422039444364
1769099816.5139806,13.782251407714773,-2.9383334247357054,-3.049937723249986,0.04581142604559929,-0.9989501054825854
1769099816.5638132,13.782251407714766,-2.9383334247357062,-3.0448755859500047,0.04833968789987556,-0.9988309539525407
1769099816.613882,13.78227659580906,-2.9383309367424566,-3.0413953665561912,0.05007768926544758,-0.9987453254147592
1769099816.6637864,13.78235213365809,-2.9383232098281575,-3.0379151471624715,0.05181553899668154,-0.9986566726951177
1769099816.713791,13.782377300409067,-2.938320514727532,-3.031903859118714,0.054816906887593435,-0.9984964229877226
1769099816.7638035,13.782352148503424,-2.9383233451500232,-3.027158105399929,0.05718605939602445,-0.9983635383019326
1769099816.8138049,13.782327010313457,-2.9383262949049427,-3.0224123516811434,0.05955488991594919,-0.9982250322883609
1769099816.8637848,13.782276767404541,-2.938332472684294,-3.0160846800561902,0.06271280668540906,-0.9980316146684125
1769099816.9137914,13.78230187241594,-2.9383292526919407,-3.0119716934999845,0.06476511793427657,-0.9979005358746729
1769099816.9638028,13.782352056582562,-2.938322614187087,-3.008175090524975,0.06665931617611145,-0.9977757942378304
1769099817.0138056,13.782402208641814,-2.938315737601351,-3.002480186062414,0.06950016101228305,-0.997581940303285
1769099817.0639732,13.782402208641814,-2.938315737601351,-2.9986835830874985,0.07139374593251113,-0.997448210706563
1769099817.1138077,13.782377164623673,-2.9383194018617496,-2.993937829368713,0.07376036449631677,-0.9972759942109157
1769099817.1639671,13.782277076163778,-2.9383346449726586,-2.986977390581274,0.07723065005641605,-0.9970132530171619
1769099817.213816,13.782277076163778,-2.9383346449726586,-2.9825480204437786,0.07943852921465673,-0.9968397665002195
1769099817.263932,13.782277076163771,-2.93833464497266,-2.9768531159812177,0.08227665695336626,-0.9966095282108124
1769099817.313802,13.782302035564957,-2.9383304428017243,-2.972740129425012,0.08432600232369727,-0.9964382195259793
1769099817.363808,13.782326978837316,-2.9383261458995045,-2.9692599100311985,0.0860597855880547,-0.9962899745076922
1769099817.413803,13.782302059079015,-2.938330576889297,-2.9619830876624693,0.08968412054575273,-0.9959702598581621
1769099817.4638135,13.782252272216718,-2.938339730443615,-2.957553717524974,0.0918896592634406,-0.9957691954064701
1769099817.514023,13.78220252936786,-2.9383491201678074,-2.952491580224899,0.09440972242897769,-0.9955334270183415
1769099817.5637884,13.782152837755177,-2.9383587772951056,-2.9467966757625255,0.09724406974029,-0.9952605643249137
1769099817.6140056,13.782202483015373,-2.938348884445859,-2.943000072787516,0.09913319800349278,-0.995074172639206
1769099817.663783,13.782202483015373,-2.938348884445859,-2.937305168325049,0.10196621846279254,-0.9947878619546974
1769099817.7138953,13.782227258400829,-2.9383437065621023,-2.9338249489312354,0.10369710321826651,-0.9946089235393679
1769099817.7639925,13.782227258400821,-2.938343706562104,-2.928762811631254,0.10621419183810012,-0.9943432734484501
1769099817.8140965,13.782153098600276,-2.9383600153388802,-2.921485989262525,0.1098313105102888,-0.9939502418288314
1769099817.8638055,13.782128409989358,-2.9383655922949234,-2.9173730027062255,0.11187512881338982,-0.9937222728473925
1769099817.913833,13.782079077259828,-2.9383769413972387,-2.913576399731216,0.11376131057548856,-0.9935081097888165
1769099817.9638195,13.782103717317865,-2.9383711537512154,-2.9081978788499447,0.11643269804455474,-0.9931985837817459
1769099818.0138178,13.782128329644113,-2.938365249232202,-2.904084892293739,0.11847495660980517,-0.9929570406902328
1769099818.0638194,13.782103749459173,-2.938371286036235,-2.897440837087402,0.1217729275041792,-0.9925579852719245
1769099818.11381,13.782103749459173,-2.938371286036235,-2.8930114669499067,0.12397083041942958,-0.9922858626449925
1769099818.1638148,13.78205471180513,-2.9383838489857563,-2.888582096812505,0.1261681252790396,-0.9920088730266341
1769099818.21381,13.782005734335995,-2.9383966445103606,-2.88351995951243,0.1286785610214935,-0.9916863556253246
1769099818.2639194,13.782030195535063,-2.9383901422073198,-2.8800397401188045,0.13040400837612648,-0.991460939522803
1769099818.3137975,13.782030195535063,-2.9383901422073198,-2.876875904306281,0.13197225436991722,-0.9912534106254172
1769099818.3638957,13.782054604514522,-2.9383834466383503,-2.8708646162625238,0.1349510086605079,-0.9908522721685163
1769099818.413797,13.782078977142667,-2.938376619878782,-2.8661188625437384,0.13730179695816128,-0.9905292608257769
1769099818.464089,13.782030312688825,-2.938390558458034,-2.8591584237562992,0.1407482176490793,-0.9900454228107958
1769099818.5138302,13.782006019389705,-2.9383976623700296,-2.8550454372,0.14278394034745592,-0.9897538817195183
1769099818.5638978,13.78198175551427,-2.9384048661396713,-2.850932450643794,0.1448190591892126,-0.9894581547976404
1769099818.613819,13.781933299031751,-2.938419511472736,-2.845237546181233,0.14763590311763927,-0.9890417787488247
1769099818.6638122,13.781933299031751,-2.938419511472736,-2.8420737103687097,0.14920030063818376,-0.9888069934468888
1769099818.7138066,13.781909130640388,-2.9384270293718497,-2.837960723812504,0.1512334586440281,-0.9884980733347765
1769099818.7638035,13.781933255790129,-2.9384193739702043,-2.830683901443775,0.15482901213866365,-0.9879412821621362
1769099818.8138108,13.781957334515965,-2.9384115736746335,-2.8259381477249894,0.15717283706000884,-0.9875711110044217
1769099818.8638055,13.781909264213063,-2.9384274406476854,-2.8196104760999425,0.16029655805760706,-0.9870689000646734
1769099818.9139736,13.781909264213063,-2.9384274406476854,-2.815181105962447,0.1624822099118556,-0.9867114732596148
1769099818.9638228,13.78188530412525,-2.938435598122556,-2.8117008865687274,0.16419894925145556,-0.9864272426614737
1769099819.014024,13.781837438408452,-2.938452072175574,-2.808537050756204,0.16575919006806072,-0.9861662592625954
1769099819.0638046,13.781837438408452,-2.938452072175574,-2.801576611968765,0.16919025425021494,-0.9855834098982935
1769099819.113871,13.781837438408452,-2.938452072175574,-2.79651447466869,0.17168428891530543,-0.9851520212330916
1769099819.1638045,13.78188503205676,-2.938434827971536,-2.7914523373687086,0.17417722371841565,-0.9847143213834889
1769099819.213818,13.78186128612426,-2.93844358920341,-2.7848082821624653,0.1774475047609123,-0.9841302673193859
1769099819.2638083,13.781790190643212,-2.938470255701249,-2.780695295606166,0.17947098538672024,-0.9837632669521259
1769099819.3138142,13.781790190643212,-2.938470255701249,-2.77689869263125,0.18133814017198369,-0.9834208045994176
1769099819.3638108,13.781719325583568,-2.938497528528065,-2.771520171749979,0.1839821559211683,-0.9829295835931477
1769099819.4138007,13.78169574729444,-2.938506731474853,-2.7674071851936795,0.18600315353265165,-0.9825491473081175
1769099819.463845,13.78174281301412,-2.938488094562274,-2.761712280731212,0.18880015745894463,-0.9820155296854921
1769099819.5137882,13.781742813014112,-2.9384880945622767,-2.7547518419436794,0.19221663668561584,-0.98135251799813
1769099819.5639105,13.781742813014112,-2.9384880945622767,-2.750322471806184,0.19438955028295665,-0.9809244123482654
1769099819.613815,13.781719432016208,-2.9384977878146366,-2.7468422524124643,0.19609617119942035,-0.9805846682673188
1769099819.664101,13.781719432016208,-2.9384977878146366,-2.741147347949997,0.19888754045605817,-0.9800223192618318
1769099819.713822,13.781696140937974,-2.938507695179541,-2.7376671285561835,0.20059258482251843,-0.9796747495542696
1769099819.76397,13.781672887646497,-2.9385176908978057,-2.733554141999978,0.20260685377024487,-0.9792601609405555
1769099819.8138108,13.781742475512157,-2.938487307001232,-2.726277319631155,0.20616845597425834,-0.9785165137907434
1769099819.8638155,13.781765610195857,-2.9384770397689524,-2.7215315659124633,0.2084897725673248,-0.978024547102385
1769099819.91381,13.781765610195864,-2.9384770397689493,-2.717734962937454,0.21034598125346157,-0.9776270087157568
1769099819.963843,13.781765610195857,-2.9384770397689524,-2.7126728256374726,0.21281974591433622,-0.9770914776769662
1769099820.0138364,13.781765610195864,-2.9384770397689493,-2.709508989825043,0.21436515748736723,-0.9767535918825261
1769099820.0638223,13.781742644174143,-2.9384876789442465,-2.7060287704312294,0.21606449047952364,-0.9763790943858968
1769099820.113984,13.781719732333999,-2.938498434225529,-2.699384715224986,0.21930685058783803,-0.9756559359145229
1769099820.1638112,13.781719732333992,-2.938498434225532,-2.694322577925005,0.22177559763043397,-0.9750977306381468
1769099820.2139068,13.781765318531573,-2.938476424761134,-2.68926044062493,0.22424292391093545,-0.9745332785882042
1769099820.2638083,13.781810778621502,-2.9384541560593807,-2.6829327689999767,0.22732505973547812,-0.9738189345131164
1769099820.3140118,13.781810778621495,-2.938454156059384,-2.6791361660249673,0.22917325096885008,-0.9733856486718758
1769099820.3638213,13.781765510358454,-2.938476812308574,-2.675972330212444,0.23071277976508447,-0.9730218976225908
1769099820.4138558,13.781742928457977,-2.9384882441366393,-2.6699610421686866,0.23363629069463185,-0.9723240630933976
1769099820.4638336,13.781697884596692,-2.938511343265959,-2.665531672031285,0.2357891075458629,-0.9718042481707545
1769099820.513799,13.781720349609603,-2.9384996833988177,-2.66015315114992,0.238401686489195,-0.9711666365146135
1769099820.5638437,13.781742740371037,-2.938487881626644,-2.6528763287812844,0.2419336042619164,-0.9702928069035853
1769099820.613845,13.7817650635933,-2.9384759525153776,-2.648763342224985,0.24392849190233393,-0.9697932206600812
1769099820.66383,13.781765063593307,-2.938475952515374,-2.6449667392499756,0.24576901120607225,-0.9693284237712158
1769099820.713812,13.781720618763016,-2.9385001842093432,-2.6399046019499943,0.2482216581358126,-0.9687032612891875
1769099820.764138,13.78169845215567,-2.938512401879618,-2.6357916153937886,0.2502132635920148,-0.9681907470755093
1769099820.8137722,13.78169845215567,-2.938512401879618,-2.6300967109311335,0.252969122407765,-0.9674743526875765
1769099820.8639197,13.781720474183215,-2.9384999255895394,-2.622187121400012,0.2567932966730496,-0.9664663485004468
1769099820.913827,13.781764363535157,-2.9384747017119457,-2.617757751262423,0.2589330837513655,-0.9658952625098688
1769099820.9640834,13.781742472924561,-2.938487407266476,-2.6136447647062173,0.26091889193084034,-0.9653607262746825
1769099821.013819,13.781764302980513,-2.9384745979743783,-2.6082662438250397,0.26351405171566006,-0.9646555574651485
1769099821.0639095,13.78174252986036,-2.938487503842946,-2.604786024431226,0.2651922584004786,-0.9641955538605506
1769099821.1138303,13.78174252986036,-2.938487503842946,-2.599723887131151,0.26763185148239643,-0.963521246300311
1769099821.163842,13.781764162849033,-2.9384743645388394,-2.59181429760003,0.2714402773986495,-0.962455285094193
1769099821.2138271,13.781764162849033,-2.9384743645388394,-2.586752160299955,0.27387544573219524,-0.9617651689601736
1769099821.2638245,13.781785649058127,-2.9384609864684674,-2.582639173743749,0.27585272881119094,-0.961199912613094
1769099821.3138065,13.78178564905812,-2.9384609864684714,-2.577577036443768,0.27828470558039825,-0.9604986322947218
1769099821.3638241,13.78178564905812,-2.9384609864684714,-2.5744132006312443,0.27980378673335277,-0.9600572071130327
1769099821.4138582,13.781785649058127,-2.9384609864684674,-2.570616597656235,0.2816257595200287,-0.9595243256816197
1769099821.4638474,13.78178564905812,-2.9384609864684714,-2.564288926031282,0.2846601223643277,-0.9586285071577655
1769099821.513917,13.78178564905812,-2.9384609864684714,-2.5598595558937864,0.28678248276560264,-0.9579957241965106
1769099821.5638332,13.781806767770348,-2.9384470354849235,-2.5557465693373933,0.2887519867193509,-0.9574039326040121
1769099821.613831,13.781848858921935,-2.938418913432861,-2.54941889771244,0.2917796053330583,-0.9564855785173578
1769099821.6638346,13.781827882529022,-2.938433077512241,-2.5459386783187203,0.29344355257163657,-0.955976402142928
1769099821.7138572,13.781827882529017,-2.9384330775122454,-2.540876541018739,0.29586225194527443,-0.9552306150212476
1769099821.7638624,13.781807032437618,-2.9384474268549634,-2.5367635544624396,0.2978260502746412,-0.9546201568046879
1769099821.8137856,13.781807032437618,-2.9384474268549634,-2.531701417162552,0.3002413028640336,-0.9538632816365811
1769099821.8641348,13.781807032437618,-2.9384474268549634,-2.524740978374925,0.3035591314060619,-0.952812601585431
1769099821.9137828,13.781807032437618,-2.9384474268549634,-2.5196788410750375,0.3059697905900572,-0.9520412214007734
1769099821.9639494,13.781868614022898,-2.9384030042407625,-2.5136675530311865,0.30882990123878684,-0.9511172861959987
1769099822.0137835,13.78188907073464,-2.938388099437881,-2.5101873336374667,0.31048448125056943,-0.9505784485788455
1769099822.0638702,13.78188907073464,-2.938388099437881,-2.5070234978249433,0.31198782920443,-0.950086098429141
1769099822.1138127,13.781889070734646,-2.9383880994378764,-2.50069582619999,0.31499217913729677,-0.9490942666997505
1769099822.164077,13.781868823500442,-2.938403287552123,-2.4953173053187188,0.317543398696466,-0.9482437397337761
1769099822.2138293,13.781848672796523,-2.938418603463963,-2.488040482949896,0.32099138988942916,-0.9470821123940903
1769099822.2638385,13.781868731093994,-2.9384031666783184,-2.483294729231204,0.3232377933311581,-0.9463177737749637
1769099822.313831,13.781908715470406,-2.938372122033533,-2.4794981262562885,0.32503360628845906,-0.9457024663091024
1769099822.363843,13.781928631279872,-2.9383565018717186,-2.4734868382124375,0.32787457881432736,-0.9447212607787164
1769099822.4138346,13.781968319206452,-2.938325079113239,-2.470323002400008,0.32936863942270256,-0.9442014082624733
1769099822.4638712,13.78198810086913,-2.9383092893864973,-2.4655772486812224,0.33160818373049034,-0.9434171995903855
1769099822.5138092,13.781968414504846,-2.9383251977203404,-2.4583004263124932,0.33503852092955283,-0.9422044308393681
1769099822.5638583,13.781948824100418,-2.9383412241267646,-2.4535546725938016,0.3372733106979745,-0.9414067738713311
1769099822.613813,13.781968322901248,-2.938325086429878,-2.4469106173874646,0.3403988231843091,-0.9402811500688172
1769099822.6638458,13.781987734645538,-2.938308844073788,-2.442797630831165,0.342331783884947,-0.939579134369293
1769099822.7137995,13.781987734645538,-2.938308844073788,-2.4396337950186417,0.3438176919856,-0.9390364181849898
1769099822.764137,13.782064834111393,-2.9382432259986766,-2.4333061233937823,0.34678692329661776,-0.937943937466662
1769099822.813851,13.782064834111399,-2.9382432259986717,-2.4288767532561932,0.3488633215671017,-0.9371736140466018
1769099822.8639,13.782007518570136,-2.938293031545458,-2.423498232374922,0.35138236094526654,-0.9362320419727849
1769099822.913846,13.781988513544844,-2.938309747929884,-2.4168541771687724,0.3544906050081942,-0.935059576155939
1769099822.9638665,13.782026348595105,-2.9382761171508576,-2.413057574193763,0.3562649902145931,-0.9343849617515234
1769099823.013839,13.782026348595105,-2.9382761171508576,-2.4098937383812395,0.35774266413032907,-0.9338202108869429
1769099823.0638528,13.782082708407058,-2.938225232621209,-2.404515217499968,0.3602526532366815,-0.9328547721033169
1769099823.1139424,13.78212013641098,-2.9381911494026216,-2.4013513816875385,0.3617279015294878,-0.9322837150004676
1769099823.1638565,13.78212013641098,-2.9381911494026216,-2.396922011550043,0.36379172755852984,-0.9314803159272773
1769099823.2138271,13.782064490450075,-2.9382428135028587,-2.3896451891812203,0.3671784205392137,-0.9301505294791421
1769099823.2638552,13.782046051119751,-2.9382601519111966,-2.384266668299949,0.36967850680817277,-0.9291597287894475
1769099823.3137963,13.782082770333057,-2.9382253062557946,-2.3804700653249395,0.3714416649671038,-0.9284562938159587
1769099823.3640888,13.782101049807443,-2.938207799396479,-2.375091544443762,0.37393717958442324,-0.9274540342919679
1769099823.4138339,13.782119246002152,-2.9381902059759515,-2.3709785578874625,0.3758436905066916,-0.9266830743605444
1769099823.46387,13.782191707146318,-2.9381194991565036,-2.365916420587481,0.3781879825956782,-0.9257288208866628
1769099823.5138478,13.782155746177025,-2.938155126536485,-2.3557921459875186,0.3828692834081276,-0.9238025285863569
1769099823.5638607,13.782102288694947,-2.93820905190352,-2.34788255645621,0.386519729178336,-0.922281138783563
1769099823.614008,13.782102288694942,-2.9382090519035255,-2.339656583343705,0.39030977910166403,-0.9206835918694382
1769099823.6638584,13.78213726702696,-2.938172459433967,-2.3276340072561905,0.3958371880229243,-0.9183207068220253
1769099823.7138348,13.78208538409166,-2.938227901279513,-2.3184588834000035,0.4000458610253588,-0.9164951222327805
1769099823.7639081,13.782119638044842,-2.938190629663805,-2.3096001431249187,0.4041014195694727,-0.914714186345624
1769099823.8138049,13.782119638044842,-2.938190629663805,-2.3013741700125077,0.4078601980953421,-0.9130443903828709
1769099823.8641427,13.782136405131189,-2.938171669529751,-2.2884024431812175,0.4137734592051551,-0.9103798792028522
1769099823.9138453,13.782119848964163,-2.938190814233721,-2.2792273193250305,0.4179455145563261,-0.9084720947075082
1769099823.963882,13.782136228781761,-2.938171518432816,-2.27005219546875,0.422108773956834,-0.906545190792306
1769099824.013862,13.78215240004408,-2.9381520476085408,-2.2577132358000394,0.42769361752220253,-0.9039237631187554
1769099824.0638711,13.782104535932634,-2.9382109938406145,-2.247905344781179,0.43212124991059986,-0.9018155162646632
1769099824.1139965,13.782104535932634,-2.9382109938406145,-2.239679371668768,0.4358267395287952,-0.9000305845423808
1769099824.1638744,13.782104535932628,-2.9382109938406202,-2.2282895627437393,0.4409452326821476,-0.8975340114864098
1769099824.2138374,13.782104535932628,-2.9382109938406202,-2.2194308224687487,0.44491640451485803,-0.8955721037379242
1769099824.2639031,13.7821197076809,-2.938190734482537,-2.207724629962524,0.45015062319470933,-0.8929526395265399
1769099824.31386,13.782149645950886,-2.9381499152598014,-2.1994986568500194,0.45381950752469036,-0.8910936284083999
1769099824.3639932,13.782164443440944,-2.9381293808680846,-2.1909563001562247,0.45762137626295346,-0.889147162165634
1769099824.4138606,13.782164443440944,-2.9381293808680846,-2.177668189743738,0.4635187751712167,-0.8860870978993967
1769099824.4642005,13.782150097716519,-2.938150233377428,-2.1691258330499434,0.4672991717182309,-0.8840992501475473
1769099824.5138566,13.782150097716519,-2.938150233377428,-2.1602670927749528,0.4712105776920888,-0.882020743220412
1769099824.5638685,13.782150097716523,-2.9381502333774216,-2.1463462151999804,0.4773383650223974,-0.8787195714662013
1769099824.613812,13.782150097716519,-2.938150233377428,-2.1381202420874756,0.4809484791372967,-0.8767488582345125
1769099824.6638749,13.782150097716519,-2.938150233377428,-2.129261501812485,0.4848271937163309,-0.8746099657751147
1769099824.7140195,13.78212346470534,-2.9381932820633723,-2.1204027615374,0.4886963963311891,-0.8724539140911165
1769099824.7638721,13.782136538564833,-2.9381716096115476,-2.106798267543718,0.4946196914963292,-0.8691095217428446
1769099824.8139982,13.7821493786065,-2.938149797668916,-2.098888678012409,0.4980529643036961,-0.867146610872868
1769099824.86386,13.7821493786065,-2.938149797668916,-2.090662704899998,0.5016153039107691,-0.8650907969008264
1769099824.9138188,13.78212451038663,-2.9381938891742694,-2.0780073616499974,0.5070792357086015,-0.8618994423441638
1769099824.9638877,13.78211230356509,-2.93821606170275,-2.0700977721186886,0.5104838967700212,-0.8598873130465959
1769099825.0138676,13.782124334631026,-2.9381937933178928,-2.0621881825874735,0.5138805736686314,-0.8578617347836411
1769099825.0639067,13.782100745992425,-2.938238582399464,-2.048900072174987,0.51956887026599,-0.8544285745751501
1769099825.1138916,13.782089189632615,-2.9382611007932633,-2.040990482643678,0.5229438879843565,-0.8523671098885766
1769099825.1638784,13.782089189632615,-2.9382611007932633,-2.0321317423686875,0.5267141951684959,-0.8500424440038294
1769099825.2155614,13.78210030922686,-2.9382383636762053,-2.019160015537491,0.5322163372514382,-0.8466083925656911
1769099825.263868,13.78210030922686,-2.9382383636762053,-2.0109340424248923,0.5356939147163247,-0.8444122392148867
1769099825.3138437,13.78210030922686,-2.9382383636762053,-2.0027080693124812,0.5391624300429384,-0.8422018012508603
1769099825.363867,13.782110755095072,-2.938215309268704,-1.9897363424811911,0.5446134573190224,-0.8386871777409151
1769099825.4138727,13.782110755095076,-2.9382153092686973,-1.9802448350437143,0.548587512241988,-0.8360931415889898
1769099825.46387,13.782090779045975,-2.9382618223695953,-1.9726516290936953,0.5517578646061673,-0.834004351814331
1769099825.5144193,13.782100527367106,-2.938238464456516,-1.9596799022624989,0.5571554597960527,-0.8304082090270116
1769099825.5639124,13.782081541719272,-2.938285390481516,-1.9508211619874143,0.5608281675952093,-0.8279322233322
1769099825.6138444,13.782062972516433,-2.9383324828519384,-1.9419624217125173,0.5644898723450962,-0.8254399941969235
1769099825.6638784,13.782072014496375,-2.9383088425022392,-1.9302562292061989,0.569311555169145,-0.8221218602803902
1769099825.7138178,13.78208081669911,-2.9382851117588333,-1.9217138725124983,0.5728177806234352,-0.81968273752815
1769099825.7640483,13.782072209996704,-2.938308914115545,-1.9138042829811894,0.5760549696288882,-0.817410956597635
1769099825.8155165,13.782055456804237,-2.938356682580499,-1.9024144740561608,0.5807006805072209,-0.8141171412385632
1769099825.8639975,13.782063594975428,-2.9383327159969865,-1.8938721173624598,0.5841726125972736,-0.8116294466634855
1769099825.9226592,13.782071528121076,-2.9383086807696035,-1.885329760668665,0.5876338876633493,-0.8091269455837311
1769099825.964012,13.78206384637222,-2.938332797433084,-1.8729908009999545,0.592614565003825,-0.8054861745215292
1769099826.0164688,13.782063846372218,-2.938332797433091,-1.8647648278874498,0.5959224969481858,-0.8030419525971477
1769099826.0639584,13.782071015205954,-2.938308523397716,-1.8511603338936733,0.6013711577513804,-0.7989697933118399
1769099826.1164513,13.782064115570732,-2.938332875440534,-1.8426179771999724,0.6047782044685628,-0.7963939498764298
1769099826.16397,13.782064115570732,-2.938332875440534,-1.8350247712499534,0.6077974301541827,-0.7940921129805857
1769099826.2137992,13.782070559429616,-2.938308398969113,-1.8214202772561774,0.6131849376783362,-0.7899393851457307
1769099826.2638943,13.782076724120142,-2.9382838505893814,-1.8122451533999901,0.616802368366594,-0.7871180587290324
1769099826.3142319,13.782076724120143,-2.9382838505893742,-1.8040191802874854,0.6200345481225239,-0.7845745083384355
1769099826.3639123,13.782088095879205,-2.9382345234285583,-1.7907310698749055,0.6252335809301665,-0.7804376780225575
1769099826.4142115,13.782082687343554,-2.938259249408798,-1.7815559460187183,0.6288072953154794,-0.7775611778876511
1769099826.4639065,13.782077490216126,-2.938284020710295,-1.7736463564874092,0.6318774647829019,-0.7750682998933272
1769099826.5140002,13.782092351951398,-2.938209557695029,-1.7619401639811847,0.6364031646115718,-0.7713566049969214
1769099826.5638995,13.782082939320905,-2.9382592961242535,-1.75371419086868,0.6395703521132158,-0.7687325703375506
1769099826.6139169,13.782087444846738,-2.9382343897445824,-1.745804601337559,0.6426055221714982,-0.7661971958149522
1769099826.663913,13.782083175930072,-2.9382593377035287,-1.7347311759937265,0.6468378646493466,-0.762627547926164
1769099826.7140322,13.782083175930074,-2.938259337703521,-1.7265052028812218,0.6499690614978311,-0.7599606694399578
1769099826.7638977,13.782079365501561,-2.938284359833559,-1.7173300790249408,0.6534485763801112,-0.7569709096304864
1769099826.8139637,13.782086439648275,-2.938234235531548,-1.7046747357749406,0.6582253259520693,-0.7528209749172058
1769099826.8639042,13.782092990113473,-2.938184039910621,-1.6964487626624356,0.6613160922925644,-0.7501073430349102
1769099826.9139366,13.782092990113473,-2.938184039910621,-1.687590022387445,0.6646320972181712,-0.747170780576553
1769099826.9639091,13.782090203824628,-2.938209196588915,-1.674618295556248,0.669464131574326,-0.7428443824485943
1769099827.013901,13.782092719356035,-2.938184011294449,-1.666075938862547,0.6726308362728859,-0.7399782146082667
1769099827.06389,13.782095027632115,-2.938158806148687,-1.6581663493312384,0.6755520305128552,-0.7373123178612699
1769099827.1138875,13.782095027632115,-2.938158806148687,-1.644878238918752,0.6804358276653854,-0.7328076721960012
1769099827.1639528,13.78209326211476,-2.938184055107162,-1.6363358822250513,0.6835595638368035,-0.7298947339769202
1769099827.2138913,13.78209326211476,-2.938184055107162,-1.6287426762750323,0.6863257512238085,-0.7272942755220029
1769099827.264128,13.78209326211476,-2.938184055107162,-1.6173528673499098,0.6904564708443304,-0.7233739433164512
1769099827.3138907,13.78209216016175,-2.9382093417562345,-1.6113415793062462,0.6926275533853977,-0.7212954126371233
1769099827.3638892,13.78209216016175,-2.938209341756242,-1.6062794420062652,0.694450981050718,-0.7195400162031959
1769099827.413904,13.78209216016175,-2.938209341756242,-1.599951770381218,0.6967240080499854,-0.7173392897414471
1769099827.4639103,13.782093555794031,-2.938158739646819,-1.5967879345686946,0.6978579076807213,-0.7162362324592955
1769099827.5139358,13.782093555794031,-2.938158739646819,-1.5923585644311993,0.6994424326372559,-0.7146889417267331
1769099827.5639036,13.782091693197502,-2.938259965089037,-1.586030892806246,0.7017000866770996,-0.7124724474373383
1769099827.614033,13.7820913676686,-2.9382852736583334,-1.581285139087461,0.703388718998184,-0.710805395298948
1769099827.6638896,13.782091154243497,-2.938310583427149,-1.577172152531161,0.7048489971125351,-0.7093573790900137
1769099827.7139192,13.782091332853996,-2.9382599624376513,-1.5714772480686938,0.706865998184529,-0.7073474822253836
1769099827.763922,13.782091359662763,-2.9382852730971907,-1.5679970286749743,0.7080957895878239,-0.7061163875509449
1769099827.8139236,13.782091974176984,-2.9384118249485023,-1.563884042118675,0.7095464148425723,-0.7046587012050957
1769099827.864147,13.782097047933405,-2.9388927001648897,-1.5566072197499459,0.712105550790212,-0.7020724211459732
1769099827.9139252,13.782102030000768,-2.9391963872912865,-1.5521778496125442,0.7136586724498053,-0.7004936111323082
1769099827.9639025,13.782108936459611,-2.9395253534163817,-1.5474320958937589,0.7153188468274336,-0.6987982164927659
1769099828.0139189,13.782124653989108,-2.9401072857011705,-1.540155273524936,0.7178566217612393,-0.6961909727894645
1769099828.0638509,13.782138085258032,-2.940512033460499,-1.5350931362249547,0.719616427621175,-0.6943718003330336
1769099828.1139426,13.78215669577797,-2.940992575539177,-1.5290818481811972,0.7217002084619348,-0.6922057563369433
1769099828.163883,13.782174608075927,-2.941397149756408,-1.5240197108812161,0.7234499151646194,-0.6903768682743542
1769099828.2139056,13.782194568145869,-2.941801628115871,-1.5189575735812348,0.7251949872264295,-0.6885435574469191
1769099828.264025,13.782223872527704,-2.942332343123445,-1.5123135183749916,0.7274783421488763,-0.6861306447786183
1769099828.3138952,13.782248566023448,-2.942736560118306,-1.5072513810750106,0.7292126538353245,-0.684287151338123
1769099828.363944,13.782277044520919,-2.94316589779989,-1.5018728601937392,0.7310502411075847,-0.682323636536609
1769099828.4139025,13.782322918911879,-2.9437969984696646,-1.4945960378250096,0.7335279707513717,-0.679659264724152
1769099828.4639158,13.782368980046208,-2.9443773182708313,-1.4885847497812525,0.7355674681763433,-0.6774514741002814
1769099828.5139086,13.782426715135943,-2.9450582629626645,-1.4838389960624674,0.7371729047723301,-0.6757041575049877
1769099828.5639,13.782526944423829,-2.9461674118612886,-1.47751132443742,0.739307028723356,-0.6733684855116424
1769099828.6141975,13.782606721051307,-2.946998845188242,-1.4727655707187286,0.7409027663713876,-0.6716123069027435
1769099828.6639144,13.7826931149944,-2.9478550599796574,-1.4677034334186532,0.7426002881867765,-0.6697348818636495
1769099828.7181203,13.78282484410357,-2.949088265743918,-1.4610593782124102,0.7448210642434746,-0.6672642521963977
1769099828.7639153,13.782926926137609,-2.9499937131849094,-1.4559972409124289,0.7465075682947209,-0.6653769236145048
1769099828.8138676,13.783015335830067,-2.9507478688715585,-1.4522006379374195,0.7477693085022471,-0.6639586291796132
1769099828.864316,13.78318177193927,-2.952104471628957,-1.4452401991499804,0.7500754970765209,-0.6613522122783064
1769099828.9138994,13.783327083379111,-2.9532341439815113,-1.440494445431195,0.7516426912984936,-0.6595705152730506
1769099828.9638848,13.783507674202294,-2.9545889367561418,-1.4360650752937936,0.7531015877372702,-0.6579042472484904
1769099829.0156887,13.783848632167805,-2.957045834358974,-1.4297374036687465,0.7551793160668661,-0.6555182686888142
1769099829.063948,13.784138382674934,-2.9590498486641463,-1.424675266368765,0.7568360570801755,-0.6536047603126321
1769099829.1139593,13.784456007566147,-2.961177679908086,-1.4205622798124655,0.7581785895373306,-0.6520469510450791
1769099829.1639462,13.785059320452895,-2.965079776003004,-1.4142346081874184,0.76023776096434,-0.6496449390274098
1769099829.2139158,13.785522620499844,-2.967979029604251,-1.410438005212409,0.7614696124013588,-0.6482006089084802
1769099829.2639155,13.786358266094888,-2.9730486818295034,-1.4044267171687457,0.7634144302370286,-0.6459089778799123
1769099829.313898,13.786937373660765,-2.976467545200169,-1.4015792649375123,0.7643332536875901,-0.6448214305583695
1769099829.3639736,13.787532616285,-2.979935010024967,-1.3999973470311562,0.7648430418285419,-0.6442166726858777
1769099829.413918,13.788475629595464,-2.985397246003911,-1.39968096344996,0.7649449420471403,-0.644095672735423
1769099829.4639304,13.789184816977052,-2.989512853719627,-1.4006301141936421,0.7646391839740942,-0.6444586242199194
1769099829.5139205,13.789880470830425,-2.993553742385701,-1.3999973470311562,0.7648430418285419,-0.6442166726858777
1769099829.5639415,13.790965894858049,-2.999864684609328,-1.4009464977749322,0.7645372263433463,-0.6445795757974517
1769099829.6141548,13.791673484592899,-3.0040062468923283,-1.4022120320999978,0.7641292045231987,-0.6450632207735484
1769099829.6639233,13.792814812299689,-3.010718478987205,-1.402528415681194,0.7640271512566511,-0.6451840916689178
1769099829.7139213,13.79359477111536,-3.0153098690099274,-1.402528415681194,0.7640271512566511,-0.6451840916689178
1769099829.7639146,13.794351415534491,-3.0197768524195907,-1.40347756642497,0.7637208767501272,-0.6455466074699928
1769099829.81392,13.795524157336107,-3.0267404735324552,-1.4044267171687455,0.7634144302370287,-0.6459089778799122
1769099829.864209,13.796352516609232,-3.031683055040446,-1.4050594843312312,0.763210037036513,-0.6461504773400112
1769099829.913903,13.797192633058009,-3.0367006571721396,-1.4047431007500355,0.7633122431875637,-0.6460297356933112
1769099829.963938,13.798445353482336,-3.04418981374774,-1.4053758679125212,0.7631078117863737,-0.6462712028170623
1769099830.0139487,13.799302300628963,-3.049332911207258,-1.4060086350749132,0.7629033039992135,-0.6465126052499546
1769099830.063924,13.800127770281538,-3.0543016355883803,-1.4063250186562033,0.7628010214672498,-0.6466332821998264
1769099830.1140957,13.801442714401471,-3.0622166387482497,-1.406008635075007,0.7629033039991832,-0.6465126052499903
1769099830.1639237,13.80231131591663,-3.067434773221537,-1.4056922514937173,0.7630055674397644,-0.6463919121213717
1769099830.2138953,13.803678366250901,-3.075623350666298,-1.4050594843312312,0.763210037036513,-0.6461504773400112
1769099830.2639234,13.804627436699695,-3.0812642829303964,-1.4031611828436799,0.7638229873675608,-0.6454257850201641
1769099830.313914,13.805612694425406,-3.087053114573222,-1.401262881356222,0.7644352495803277,-0.6447005112446105
1769099830.3640318,13.80662425352335,-3.0929401613126517,-1.3999973470312501,0.7648430418285117,-0.6442166726859135
1769099830.4139104,13.80814690792965,-3.10171844273314,-1.3980990455436986,0.7654541559521328,-0.643490431269656
1769099830.46396,13.809216858275965,-3.107852252547743,-1.3980990455436986,0.7654541559521328,-0.643490431269656
1769099830.513938,13.81028680862228,-3.113986062362346,-1.3980990455436986,0.7654541559521328,-0.643490431269656
1769099830.563939,13.811941825809903,-3.1235634159681323,-1.401262881356222,0.7644352495803277,-0.6447005112446105
1769099830.6139712,13.812957754549211,-3.12952675027129,-1.4028447992624837,0.7639250788705668,-0.6453049464188216
1769099830.6639342,13.814592867397675,-3.1392358834647895,-1.4050594843312312,0.763210037036513,-0.6461504773400112
1769099830.7139223,13.815684840530537,-3.145776759350544,-1.4056922514937173,0.7630055674397644,-0.6463919121213717
1769099830.7639356,13.816761241451236,-3.1522432513533367,-1.406008635075007,0.7629033039991832,-0.6465126052499903
1769099830.8139374,13.818366977366763,-3.161880317466809,-1.4053758679124275,0.763107811786404,-0.6462712028170265
1769099830.8641355,13.819406476722236,-3.168070696221302,-1.40347756642497,0.7637208767501272,-0.6455466074699928
1769099830.9139314,13.820460281808844,-3.174310000912796,-1.40347756642497,0.7637208767501272,-0.6455466074699928
1769099830.963913,13.821496564987683,-3.1804752548911344,-1.4050594843312312,0.763210037036513,-0.6461504773400112
1769099831.0139375,13.823048819292989,-3.189864622547489,-1.4088560873062408,0.7619820742291116,-0.6475981150015037
1769099831.063932,13.824080385481656,-3.196235875496863,-1.4117035395374744,0.7610592999246445,-0.6486823120744161
1769099831.1140072,13.825064051768829,-3.202460992322016,-1.4164492932561656,0.7595179155335623,-0.650486384164613
1769099831.1639185,13.826540821638108,-3.2121442512655847,-1.4224605812999231,0.7575593572650825,-0.652766282998835
1769099831.2139404,13.82747419833461,-3.218479461623838,-1.4265735678561289,0.7562153468170902,-0.6543228172991585
1769099831.263923,13.828415726148291,-3.2250948083647386,-1.4322684723187835,0.7543491306797239,-0.6564734488482721
1769099831.3139427,13.829717490847031,-3.234675437131393,-1.4392289111062226,0.7520598953573386,-0.6590947684476861
1769099831.3641577,13.8305449723492,-3.241076387843185,-1.445240199149886,0.7500754970765521,-0.6613522122782711
1769099831.4139423,13.831344278678287,-3.2475829314286493,-1.4518842543562231,0.7478743319499123,-0.6638403299065766
1769099831.4639206,13.83244320547964,-3.2570870262624334,-1.459477460306242,0.7453486098367914,-0.666674920643009
1769099831.513971,13.83311195206166,-3.263201052606598,-1.4642232140250273,0.7437645754710813,-0.6684416625812025
1769099831.5639186,13.833775081724195,-3.2694938781917675,-1.4673870498374568,0.7427062254548692,-0.6696174002149144
1769099831.6139727,13.834744614165421,-3.2790120605509663,-1.4711836528125604,0.7414337523228194,-0.6710260732017082
1769099831.6639245,13.835339890379625,-3.285006519268436,-1.4724491871374386,0.7410090006539792,-0.6714950937644973
1769099831.713942,13.836250527854205,-3.2944033793350256,-1.4759294065311581,0.7398394042390278,-0.6727835134240734
1769099831.7639315,13.836846673375167,-3.3007537502192656,-1.4784604751811956,0.7389873813818999,-0.6737192665779437
1769099831.81395,13.83742121829492,-3.30715693118043,-1.4841553796436628,0.7370660046984415,-0.6758207637516599
1769099831.8639278,13.838213500304798,-3.31671688230757,-1.4920649691749714,0.7343875152498708,-0.6787304158833025
1769099831.9139395,13.838713272401339,-3.3233040296905516,-1.498076257218729,0.7323441791167443,-0.6809346542171443
1769099831.9639256,13.83916008223984,-3.3297173878633384,-1.5044039288437758,0.7301861519386762,-0.6832482590661966
1769099832.013948,13.839768152434523,-3.3394683440569883,-1.512629901956187,0.7273697928116047,-0.6862457172946169
1769099832.0639179,13.840143186563644,-3.3460891277615508,-1.5157937377687105,0.7262832987678274,-0.6873954974619216
1769099832.113929,13.84047705570429,-3.352407980040931,-1.520223107906206,0.7247591543204523,-0.689002299146166
1769099832.1639385,13.840938949809418,-3.3620149333140517,-1.5252852452061874,0.7230129225491879,-0.6908345053823542
1769099832.213887,13.84122349873731,-3.368488215352085,-1.5284490810188045,0.7219191748738166,-0.6919773875998462
1769099832.2639468,13.841487507830156,-3.3748863731014938,-1.5306637660874585,0.7211524764250291,-0.6927763749912722
1769099832.3138888,13.841729432118235,-3.3811587569894734,-1.533827601899888,0.7200556592005476,-0.6939163117071574
1769099832.3641548,13.84206610774817,-3.390542982288105,-1.5360422869687298,0.7192868148415271,-0.6947132343601428
1769099832.4139473,13.842289046723891,-3.397044006985867,-1.5369914377125056,0.7189570400628228,-0.6950545119227014
1769099832.4639432,13.842501060345,-3.403342800782488,-1.5373078212937017,0.7188470791496555,-0.6951682363270123
1769099832.5138788,13.842837447113823,-3.4131069315460874,-1.5354095198062438,0.7195065746990933,-0.6944856290556184
1769099832.5639472,13.843060965787515,-3.4195066328260078,-1.5363586705500196,0.7191769079115096,-0.6948270109364201
1769099832.6139524,13.843294716277008,-3.4262605422917773,-1.5360422869687298,0.7192868148415271,-0.6947132343601428
1769099832.6639705,13.843621134000037,-3.436050334351926,-1.5388897391999632,0.718297004805404,-0.6957365973467152
1769099832.7139308,13.843821193530161,-3.4425774244686442,-1.5414208078499072,0.7174159512913981,-0.696645069481338
1769099832.76394,13.844088126742765,-3.4519132514693007,-1.5430027257562628,0.7168647092804983,-0.6972122980758348
1769099832.8138924,13.844260279680885,-3.4582132604996985,-1.543951876499945,0.7165337487805343,-0.6975524258853338
1769099832.8641527,13.844430122146816,-3.464538652323975,-1.543951876499945,0.7165337487805343,-0.6975524258853338
1769099832.9139323,13.844694594699982,-3.4740517934601174,-1.5420535750123934,0.7171955083269821,-0.6968720132388743
1769099832.9639585,13.844882929900717,-3.4803260160162175,-1.5395225063624496,0.7180768492225544,-0.6959638199005813
1769099833.0139434,13.845079035458337,-3.486321440319216,-1.536675054131216,0.7190669829843795,-0.6949407701248662
1769099833.0639515,13.845416275734259,-3.4959335855592713,-1.5347767526437581,0.7197262625350805,-0.694257954234076
1769099833.1139324,13.845649724244876,-3.5023835873064266,-1.5344603690624683,0.719836079438126,-0.6941440907615277
1769099833.1639588,13.845881341786782,-3.5087830008045784,-1.5347767526437581,0.7197262625350805,-0.694257954234076
1769099833.2193305,13.84621617800495,-3.518369903494073,-1.536991437712506,0.7189570400628227,-0.6950545119227015
1769099833.2639594,13.846431078522844,-3.5248458741256954,-1.5382569720374777,0.7185170884877506,-0.6955093051506112
1769099833.3138983,13.8466379963563,-3.531296781269326,-1.5392061227811598,0.7181869360001811,-0.695850217330333
1769099833.364088,13.84694423875862,-3.5410365822274237,-1.5395225063624496,0.7180768492225544,-0.6959638199005813
1769099833.413899,13.84714660848486,-3.547538279946132,-1.5398388899437396,0.7179667444753113,-0.6960774050545838
1769099833.4639673,13.847350038877764,-3.554141236096144,-1.5401552735250292,0.7178566217612069,-0.696190972789498
1769099833.5178962,13.847640765071457,-3.563577644693686,-1.5398388899437396,0.7179667444753113,-0.6960774050545838
1769099833.5639555,13.84783462125381,-3.5699023460019186,-1.5404716571062254,0.7177464810830297,-0.6963045231024483
1769099833.614036,13.848028011239197,-3.576277706531488,-1.5404716571062254,0.7177464810830297,-0.6963045231024483
1769099833.663952,13.848317178569657,-3.585663517450713,-1.5395225063624496,0.7180768492225544,-0.6959638199005813
1769099833.713904,13.84850728748954,-3.591709783500032,-1.5392061227812537,0.7181869360001486,-0.6958502173303667
1769099833.7639527,13.84870951768454,-3.5979835748223272,-1.5379405884561879,0.7186271033593671,-0.6953956329438125
1769099833.8148963,13.849024940775863,-3.6072672379845256,-1.5357259033874402,0.7193967037716491,-0.6945994403989152
1769099833.8640661,13.849252267158288,-3.6137174584041136,-1.5354095198061504,0.7195065746991258,-0.6944856290555848
1769099833.9199202,13.849476415121813,-3.619965178176252,-1.5344603690624683,0.719836079438126,-0.6941440907615277
1769099833.9640403,13.849820278415045,-3.62967839558595,-1.53635867055002,0.7191769079115096,-0.6948270109364202
1769099834.0139267,13.850028753209687,-3.635901332449137,-1.5382569720374777,0.7185170884877506,-0.6955093051506112
1769099834.0639522,13.850332723469,-3.6457171692693637,-1.541420807850001,0.7174159512913655,-0.6966450694813716
1769099834.1139753,13.850513717523292,-3.652118213288876,-1.543635492918655,0.7166440868818931,-0.6974390674010295
1769099834.1639621,13.850684244178575,-3.6585448652269514,-1.5449010272437207,0.7162026269015318,-0.6978923965908679
1769099834.2170405,13.850938020067147,-3.6681089377962297,-1.5436354929187488,0.7166440868818604,-0.697439067401063
1769099834.2639623,13.851104018811172,-3.674079952411674,-1.5423699585937771,0.717085259922004,-0.6969854589606529
1769099834.3242347,13.851292844319063,-3.6805060921942894,-1.5404716571062254,0.7177464810830297,-0.6963045231024483
1769099834.3641229,13.851599671626612,-3.6901192537313223,-1.5373078212937021,0.7188470791496555,-0.6951682363270124
1769099834.4149241,13.851818834846519,-3.6965697564596827,-1.53635867055002,0.7191769079115096,-0.6948270109364202
1769099834.4639814,13.852036943784237,-3.7028430161420722,-1.5357259033874402,0.7193967037716491,-0.6945994403989152
1769099834.513877,13.852361759467184,-3.71210103110546,-1.535725903387534,0.7193967037716166,-0.6945994403989489
1769099834.5639818,13.852586755249188,-3.7186019849436125,-1.536675054131216,0.7190669829843795,-0.6949407701248662
1769099834.6144023,13.852802621564877,-3.7249259733945514,-1.536675054131216,0.7190669829843795,-0.6949407701248662
1769099834.6639698,13.853128045661705,-3.7346398268693317,-1.5379405884562813,0.7186271033593344,-0.6953956329438461
1769099834.7139742,13.853346500999308,-3.741191653497225,-1.536991437712412,0.7189570400628553,-0.6950545119226678
1769099834.7639601,13.85356495633691,-3.747743480125118,-1.5379405884562813,0.7186271033593344,-0.6953956329438461
1769099834.8139853,13.85388208202112,-3.7575335805350214,-1.5388897391999636,0.7182970048054039,-0.6957365973467153
1769099834.8641517,13.854084688814513,-3.764009947444145,-1.5401552735250292,0.7178566217612069,-0.696190972789498
1769099834.913966,13.854270199494636,-3.7701576457186405,-1.541104424268711,0.7175261458453521,-0.696531571451226
1769099834.9639766,13.85455043413008,-3.7797463013972945,-1.5420535750124873,0.7171955083269494,-0.6968720132389079
1769099835.0139744,13.854725460078079,-3.785767701453472,-1.541420807850001,0.7174159512913655,-0.6966450694813716
1769099835.0639656,13.854912276483951,-3.791991326686532,-1.5401552735250292,0.7178566217612069,-0.696190972789498
1769099835.1141956,13.85521825045281,-3.801300624751773,-1.53572590338744,0.7193967037716492,-0.6945994403989151
1769099835.163969,13.855442220686895,-3.8075990045237016,-1.5347767526437581,0.7197262625350805,-0.694257954234076
1769099835.2141433,13.855793416090858,-3.8173879423070645,-1.5350931362250477,0.7196164276211426,-0.6943718003330671
1769099835.2639725,13.856011912587594,-3.8235598833598816,-1.53572590338744,0.7193967037716492,-0.6945994403989151
1769099835.3140042,13.856237057297498,-3.8300355062578353,-1.5363586705499261,0.7191769079115422,-0.6948270109363864
1769099835.3639755,13.856563475064092,-3.8398252996245765,-1.5385733556187675,0.7184070556355009,-0.6956229599525381
1769099835.414,13.856762228829925,-3.846276461526689,-1.541420807850001,0.7174159512913655,-0.6966450694813716
1769099835.4639604,13.856954587257706,-3.852930391962785,-1.5423699585936832,0.7170852599220366,-0.6969854589606193
1769099835.5139766,13.857212783482256,-3.862165183429852,-1.543319109337459,0.716754407049457,-0.6973256914635952
1769099835.563975,13.857389409933065,-3.868591671046468,-1.543319109337459,0.716754407049457,-0.6973256914635952
1769099835.6139786,13.857561035761748,-3.8747650932459754,-1.542686342174973,0.7169749935722889,-0.6970988872405522
1769099835.6639674,13.85783901811265,-3.884328492058825,-1.5407880406874217,0.7176363224435035,-0.6964180559906269
1769099835.7139726,13.858031909861666,-3.8907545120372258,-1.5407880406874217,0.7176363224435035,-0.6964180559906269
1769099835.7641106,13.858213516286195,-3.896649104485326,-1.5392061227812537,0.7181869360001486,-0.6958502173303667
1769099835.813987,13.858510338024017,-3.9058574111035274,-1.5379405884561879,0.7186271033593671,-0.6953956329438125
1769099835.8640602,13.858718200944523,-3.9121816676764483,-1.5379405884561879,0.7186271033593671,-0.6953956329438125
1769099835.9139705,13.859038540289841,-3.921743742190688,-1.536675054131216,0.7190669829843795,-0.6949407701248662
1769099835.9640515,13.859247389953428,-3.9278906920545706,-1.536991437712506,0.7189570400628227,-0.6950545119227015
1769099836.013985,13.859468593995484,-3.934341125120437,-1.53604228696873,0.719286814841527,-0.6947132343601429
1769099836.0639782,13.859798646184768,-3.943877544103947,-1.53635867055002,0.7191769079115096,-0.6948270109364202
1769099836.1139765,13.860021247259104,-3.9504292311888283,-1.5373078212937021,0.7188470791496555,-0.6951682363270124
1769099836.1639779,13.860227447262485,-3.956702893290511,-1.5385733556187675,0.7184070556355009,-0.6956229599525381
1769099836.213976,13.860522901995719,-3.9663923778262227,-1.5420535750124873,0.7171955083269494,-0.6968720132389079
1769099836.2639916,13.860705326863481,-3.97284402406057,-1.5430027257561691,0.7168647092805309,-0.6972122980758012
1769099836.314002,13.860873608754751,-3.9789668979868504,-1.543635492918655,0.7166440868818931,-0.6974390674010295
1769099836.3639834,13.861139019008277,-3.9883534091775212,-1.541420807850001,0.7174159512913655,-0.6966450694813716
1769099836.4141502,13.861321665078163,-3.9943745821069307,-1.5395225063625433,0.7180768492225219,-0.695963819900615
1769099836.4639757,13.861636222159525,-4.004038143575231,-1.536991437712506,0.7189570400628227,-0.6950545119227015
1769099836.5140839,13.861845374572095,-4.010109106214463,-1.5357259033874402,0.7193967037716491,-0.6945994403989152
1769099836.563994,13.862072942721587,-4.0165086647779065,-1.5347767526437581,0.7197262625350805,-0.694257954234076
1769099836.6140275,13.862411957946328,-4.026171400256059,-1.536675054131216,0.7190669829843795,-0.6949407701248662
1769099836.6639867,13.862627212427043,-4.032596709585738,-1.5379405884562813,0.7186271033593344,-0.6953956329438461
1769099836.7140014,13.862837810103636,-4.0390981457752515,-1.5388897391999636,0.7182970048054039,-0.6957365973467153
1769099836.7639728,13.863145643365307,-4.048888542775301,-1.5398388899436457,0.7179667444753439,-0.6960774050545502
1769099836.8140004,13.86333309906691,-4.055036182049584,-1.5407880406874217,0.7176363224435035,-0.6964180559906269
1769099836.8639762,13.863530824448617,-4.061588667260372,-1.5404716571062254,0.7177464810830297,-0.6963045231024483
1769099836.9139845,13.863808858857874,-4.07105077859383,-1.5423699585936832,0.7170852599220366,-0.6969854589606193
1769099836.9640214,13.863992714515048,-4.077553026192074,-1.542686342174973,0.7169749935722889,-0.6970988872405522
1769099837.0139797,13.86416996742008,-4.083928855676822,-1.543319109337459,0.716754407049457,-0.6973256914635952
1769099837.0640354,13.864433033239457,-4.093391396261327,-1.542686342174973,0.7169749935722889,-0.6970988872405522
1769099837.1139834,13.864614605707843,-4.099741783073083,-1.5417371914311973,0.7173057387843337,-0.6967585500781898
1769099837.164185,13.864799453051557,-4.105965467100282,-1.5404716571062254,0.7177464810830297,-0.6963045231024483
1769099837.214005,13.865088195830225,-4.1151487061651855,-1.5382569720374777,0.7185170884877506,-0.6955093051506112
1769099837.2640295,13.86530531816982,-4.121599276834184,-1.53604228696873,0.719286814841527,-0.6947132343601429
1769099837.313994,13.86552907864074,-4.1279483171137725,-1.5350931362249542,0.7196164276211751,-0.6943718003330335
1769099837.363987,13.865882734048494,-4.137762493364626,-1.5344603690624683,0.719836079438126,-0.6941440907615277
1769099837.4139993,13.866117896664989,-4.144288414686075,-1.5350931362249542,0.7196164276211751,-0.6943718003330335
1769099837.4640014,13.866344643349102,-4.150839958511678,-1.5373078212937021,0.7188470791496555,-0.6951682363270124
1769099837.514008,13.866654700417783,-4.160554311222798,-1.5404716571062254,0.7177464810830297,-0.6963045231024483
1769099837.5639849,13.866838266057856,-4.166702067882138,-1.5414208078499076,0.7174159512913981,-0.6966450694813381
1769099837.6141317,13.867104441797647,-4.176063237021445,-1.543319109337553,0.7167544070494243,-0.6973256914636289
1769099837.6639812,13.86728028793359,-4.182388464684887,-1.5426863421749732,0.7169749935722889,-0.6970988872405524
1769099837.7140913,13.867456555530554,-4.188485792168113,-1.5411044242687115,0.717526145845352,-0.6965315714512261
1769099837.7639852,13.867756566581022,-4.198124492573929,-1.5382569720374781,0.7185170884877505,-0.6955093051506113
1769099837.8142374,13.867954194119447,-4.204195841713905,-1.5382569720374781,0.7185170884877505,-0.6955093051506113
1769099837.8639972,13.868167753665176,-4.210570557524972,-1.5363586705499264,0.719176907911542,-0.6948270109363865
1769099837.9141705,13.868494788671601,-4.220107080454282,-1.536675054131216,0.7190669829843794,-0.6949407701248662
1769099837.9639986,13.868710208126824,-4.226507059479873,-1.5376242048749917,0.7187371002475644,-0.6952819433350204
1769099838.0139966,13.868919733947198,-4.2328819099990245,-1.5382569720374781,0.7185170884877505,-0.6955093051506113
1769099838.0639908,13.869232011262266,-4.242292304823106,-1.5369914377124123,0.7189570400628552,-0.6950545119226679
1769099838.114004,13.869445570836499,-4.24866702148498,-1.5376242048748983,0.718737100247597,-0.6952819433349867
1769099838.1639943,13.869755864533508,-4.258153455192884,-1.538573355618674,0.7184070556355334,-0.6956229599525044
1769099838.2139971,13.869968775782281,-4.26485740678439,-1.53952250636245,0.7180768492225544,-0.6959638199005814
1769099838.264,13.870168574232796,-4.271409828454287,-1.5411044242687115,0.717526145845352,-0.6965315714512261
1769099838.3140125,13.870353040255562,-4.277861415573169,-1.543319109337459,0.716754407049457,-0.6973256914635952
1769099838.3640416,13.870618675311503,-4.287526448130446,-1.543319109337459,0.716754407049457,-0.6973256914635952
1769099838.4140065,13.870791893765789,-4.293902388498582,-1.5439518764999451,0.7165337487805342,-0.697552425885334
1769099838.4641666,13.87095870950178,-4.300151902061976,-1.544268260081141,0.7164233927482071,-0.6976657669136046
1769099838.514012,13.87121839654517,-4.309336005940727,-1.5407880406875154,0.7176363224434708,-0.6964180559906605
1769099838.5641468,13.871416254702233,-4.315660581734252,-1.5382569720374781,0.7185170884877505,-0.6955093051506113
1769099838.6139927,13.871731064632439,-4.324969590315812,-1.535725903387534,0.7193967037716165,-0.6945994403989489
1769099838.6639996,13.87196247243359,-4.331419664953772,-1.5341439854811785,0.7199458783275309,-0.6940302099182716
1769099838.714005,13.872186961394029,-4.3375154081290646,-1.5338276018998886,0.7200556592005474,-0.6939163117071576
1769099838.7639885,13.8725290336413,-4.347178033285521,-1.536991437712412,0.7189570400628552,-0.6950545119226678
1769099838.8140175,13.872735938500455,-4.353325048918357,-1.5373078212937021,0.7188470791496555,-0.6951682363270124
1769099838.8639984,13.872944692208339,-4.3598012193093725,-1.5398388899437396,0.7179667444753113,-0.6960774050545838
1769099838.9140158,13.87323323434564,-4.369516236333759,-1.5423699585937771,0.717085259922004,-0.6969854589606529
1769099838.9640217,13.873407572856962,-4.375613619890331,-1.5420535750124873,0.7171955083269494,-0.6968720132389079
1769099839.0140035,13.87359730686782,-4.382141019951225,-1.5414208078499076,0.7174159512913981,-0.6966450694813381
1769099839.0640192,13.873866360183179,-4.39160339091907,-1.543319109337459,0.716754407049457,-0.6973256914635952
1769099839.114299,13.874038229553694,-4.3980806458754085,-1.5452174108250105,0.7160922170927407,-0.6980056852341556
1769099839.1639986,13.874262662684771,-4.407620128232836,-1.549330397381216,0.7146552598693723,-0.6994768470371553
1769099839.2142575,13.874379984415864,-4.413566979387411,-1.5528106167750297,0.713437012058069,-0.7007193659559117
1769099839.264032,13.874483404464588,-4.4199950579990315,-1.5566072197499452,0.7121055507902122,-0.702072421145973
1769099839.3140988,13.8745913384708,-4.429511251180993,-1.5623021242125064,0.7101035489412375,-0.7040972587512747
1769099839.3640125,13.874632977333414,-4.435535048145128,-1.5654659600250298,0.7089888368402283,-0.7052197028132015
1769099839.4140236,13.87465505913954,-4.441685502220976,-1.5689461794187494,0.7077606044138881,-0.7064523528446117
1769099839.4640667,13.874643623811682,-4.451581959135115,-1.5749574674625064,0.7056340664043941,-0.7085764350651235
1769099839.5140188,13.8745994101803,-4.458036024971843,-1.580335988343778,0.703725970511073,-0.7104715043041827
1769099839.5640044,13.874467916242008,-4.467779726639687,-1.588245577874993,0.7009107055778129,-0.7132490328114105
1769099839.6140254,13.874340788356584,-4.47385294872902,-1.5952060166624322,0.698424202786724,-0.7156840315123211
1769099839.6640244,13.874159703174733,-4.480456545548225,-1.6012173047062832,0.6962699598511831,-0.7177800101763993
1769099839.7140124,13.873843542799909,-4.4898667956254,-1.6075449763312364,0.6939955407596573,-0.7199792979007875
1769099839.7642534,13.873601014475316,-4.4961391550339265,-1.6113415793062456,0.6926275533853979,-0.721295412637123
1769099839.814024,13.873334526524552,-4.502461209997851,-1.6145054151187692,0.6914856570946717,-0.7223901896014023
1769099839.864294,13.87291334386189,-4.511563307897311,-1.6195675524187503,0.6896550249509038,-0.7241380714753011
1769099839.9140286,13.872595859031083,-4.5179843777346225,-1.6208330867437224,0.6891966761217861,-0.7245743175290453
1769099839.9641027,13.872288855890343,-4.524000492103904,-1.6227313882311802,0.6885086355284918,-0.7252281425887266
1769099840.0140388,13.871754064474734,-4.533781106030507,-1.6281099091124516,0.6865558208373982,-0.7270770969259631
1769099840.0640736,13.87136653074815,-4.540249035483866,-1.6331720464124326,0.6847133416131194,-0.7288124860463051
1769099840.1140163,13.87094954394046,-4.546664405600418,-1.638234183712508,0.6828664759062401,-0.7305432061715396
1769099840.1640189,13.870289872136093,-4.5559299536718,-1.6455110060812372,0.6802039452982354,-0.7330229142398723
1769099840.2140326,13.86979672320181,-4.562314534105514,-1.6502567597999287,0.6784626588615111,-0.7346348892685187
1769099840.264019,13.869005461925926,-4.571671364216428,-1.660064650818789,0.6748519057849954,-0.7379531863596496
1769099840.3140185,13.868433997155872,-4.577922343384082,-1.6638612537937048,0.6734498330645637,-0.7392329283421507
1769099840.364017,13.86785945126116,-4.583944246760432,-1.6679742403500044,0.6719281825233936,-0.7406163092525098
1769099840.414549,13.866879771901084,-4.593690352719555,-1.6739855283937615,0.6696991218302297,-0.7426325378138363
1769099840.4640362,13.866209078838198,-4.600058733171044,-1.6774657477873876,0.6684058464840628,-0.743796762822966
1769099840.51424,13.865523701712617,-4.60637463494164,-1.6803132000187149,0.6673462065379461,-0.7447476355245534
1769099840.564043,13.864460931009678,-4.61580644360657,-1.6856917208999862,0.6653409754345364,-0.7465396080636443
1769099840.6142864,13.863752947717035,-4.621890574896636,-1.6875900223874443,0.6646320972181714,-0.7471707805765527
1769099840.6640236,13.862989658379142,-4.628274011416458,-1.6920193925249394,0.6629757206462902,-0.7486408977831309
1769099840.7140253,13.861795005904344,-4.637792060349394,-1.6992962148937623,0.6602474749970813,-0.7510481154759517
1769099840.7640293,13.860952479103632,-4.644216582247321,-1.7030928178687716,0.6588205704820039,-0.7523001102683469
1769099840.8140283,13.860061387118044,-4.6507622860190265,-1.709104105912435,0.6565564517014313,-0.7542768892981053
1769099840.8640244,13.858647944615969,-4.660608420942661,-1.7176464626062298,0.6533288216207919,-0.7570742703589837
1769099840.9140208,13.857676086813793,-4.667065847157795,-1.722708599906211,0.6514105240034619,-0.7587254636675477
1769099840.9640481,13.856671553225137,-4.673518270979949,-1.7277707372062863,0.64948805325154,-0.7603717963493417
1769099841.0140228,13.855143444659504,-4.6829885119057515,-1.7337820252499496,0.647199716046943,-0.7623204887373527
1769099841.0642343,13.854111184654203,-4.6891800977065445,-1.738211395387445,0.6455098304214449,-0.7637519615878425
1769099841.1140149,13.853027877377656,-4.695517079297833,-1.7420079983624543,0.6440588367447809,-0.7649759570149637
1769099841.1640742,13.851403121733522,-4.704765702303676,-1.747386519243726,0.6419992906906726,-0.7667052306803921
1769099841.2140136,13.850269202534628,-4.711068109755765,-1.7502339714750532,0.6409070621346037,-0.7676184844738897
1769099841.2642145,13.84913001602233,-4.717292388740908,-1.753397807287483,0.639691951291992,-0.7686313859401291
1769099841.3140252,13.847365899407974,-4.726695768118001,-1.7590927117499502,0.6375007197903096,-0.7704497597292358
1769099841.3640685,13.846142956317085,-4.733058845882168,-1.7622565475624734,0.63628113436663,-0.7714572691012215
1769099841.4140267,13.844958156491112,-4.739119936205563,-1.765420383374997,0.635059956672483,-0.7724628479293641
1769099841.464031,13.843065219757744,-4.7485498626073595,-1.7723808221624362,0.632367776018973,-0.7746683134431265
1769099841.514022,13.841827824495205,-4.754522905695128,-1.7777593430437073,0.6302822070011254,-0.7763661117912029
1769099841.5640287,13.840455181925456,-4.760958925692971,-1.7840870146687546,0.627822761676104,-0.7783563322292625
1769099841.6140316,13.83836178312141,-4.770450084228672,-1.7916802206186797,0.6248631340346771,-0.7807343105848246
1769099841.6640353,13.836906315749541,-4.776841926173236,-1.797691508662437,0.622513705682407,-0.7826088973667227
1769099841.7140424,13.83543474479042,-4.783152139618753,-1.802120878800026,0.6207789481982599,-0.7839856487677961
1769099841.7640338,13.833205954809939,-4.79250838847068,-1.8071830161000075,0.6187926403696483,-0.7855543699988938
1769099841.814293,13.831723212894737,-4.798633844664062,-1.8093977011687552,0.6179223833964145,-0.7862391036432204
1769099841.864043,13.830216842595298,-4.804805653503824,-1.810979619075017,0.6173003073118545,-0.7867276088918514
1769099841.9140418,13.82793130103566,-4.814017859641968,-1.8169909071186803,0.6149328994263854,-0.7885794374716215
1769099841.96405,13.826350674240231,-4.8202494317830515,-1.8214202772561756,0.6131849376783368,-0.7899393851457301
1769099842.014232,13.824773153767229,-4.826351161702385,-1.826166030974961,0.6113087842682536,-0.7913921722360348
1769099842.0640452,13.82231624599376,-4.835623920419068,-1.8334428533436904,0.6084253342311565,-0.7936111218132629
1769099842.1140308,13.820570636797594,-4.842047668316636,-1.8388213742249617,0.6062889097068023,-0.7952444642790901
1769099842.1640375,13.818939411305786,-4.847925379959697,-1.8441998951062328,0.6041481004298995,-0.7968720554436226
1769099842.2140179,13.816188753384594,-4.857616201996235,-1.8505275667311862,0.6016239085734805,-0.7987794893666014
1769099842.2640517,13.814412214795839,-4.863742085225284,-1.8555897040311673,0.5996002179152101,-0.8002996805422532
1769099842.3140352,13.811732540962801,-4.872768268355158,-1.8631829099811863,0.5965574836947695,-0.802570351214001
1769099842.3640428,13.80985752778512,-4.878944130116287,-1.8679286636999717,0.5946514053965058,-0.8039836478809507
1769099842.414028,13.807995347680144,-4.8849915824766885,-1.8710924995124014,0.593378825751283,-0.8049233312247996
1769099842.4642777,13.806095141025194,-4.89108024158384,-1.8755218696499907,0.5915947203148374,-0.8062355033708261
1769099842.5140252,13.803256522227091,-4.900031171636107,-1.880267623368776,0.5896799590415198,-0.8076370137040473
1769099842.5642421,13.80132856213359,-4.9060313963352105,-1.88311507560001,0.5885295078822552,-0.8084757376395847
1769099842.6140234,13.799369813432511,-4.912074878053524,-1.8853297606686636,0.5876338876633499,-0.8091269455837307
1769099842.6640587,13.796389767971611,-4.92116636186662,-1.8897591308062531,0.5858404866415254,-0.810426384202551
1769099842.714043,13.794362193515468,-4.927267167728836,-1.8935557337811686,0.5843009984028911,-0.8115370251968697
1769099842.7640657,13.79227526173849,-4.933454863315214,-1.8986178710812438,0.5822450730679921,-0.8130133300801707
1769099842.8140385,13.789088599447664,-4.942690446323656,-1.907476611356235,0.5786382362608359,-0.8155843252153324
1769099842.864057,13.787041146659698,-4.948490140885798,-1.912855132237506,0.5764428278529389,-0.817137483057109
1769099842.9140363,13.783723322365887,-4.957679420074993,-1.9217138725124971,0.5728177806234357,-0.8196827375281497
1769099842.9640615,13.781461069346165,-4.963805189251031,-1.9274087769749642,0.5704814541403811,-0.8213104836064594
1769099843.0140283,13.7793376121347,-4.969469494392026,-1.9315217635312638,0.5687912295125328,-0.8224819373272713
1769099843.0640428,13.775912557475325,-4.978484118123509,-1.936267517249955,0.5668379816862538,-0.8238292920974917
1769099843.1140378,13.773619247847016,-4.984462986122188,-1.9378494351562168,0.5661861892882966,-0.8242773799269256
1769099843.164044,13.771330936638172,-4.990389535606625,-1.9406968873874504,0.5650120706239559,-0.8250826383152355
1769099843.2140768,13.767960047690195,-4.999018166479217,-1.9457590246874317,0.562921922234371,-0.8265100782615786
1769099843.264044,13.765623063205048,-5.004925691090224,-1.949239244081245,0.5614828524999725,-0.827488372334315
1769099843.3141618,13.763224172349808,-5.010917541019387,-1.9539849977999366,0.5595177456061273,-0.828818371147646
1769099843.3640342,13.759733566174571,-5.019471089678756,-1.9625273544937316,0.5559726216657862,-0.8312006039206616
1769099843.414153,13.757264049210637,-5.025406773101487,-1.9675894917937127,0.5538670172565232,-0.8326051448287851
1769099843.4640934,13.754764516771477,-5.03132987949221,-1.972651629093694,0.5517578646061678,-0.8340043518143306
1769099843.514077,13.750869187197159,-5.040399934166137,-1.980244835043713,0.5485875122419885,-0.8360931415889895
1769099843.5640588,13.748235995305578,-5.046430927052283,-1.9846742051812083,0.5467344853952458,-0.8373060387215631
1769099843.6140428,13.745563019279764,-5.052472078281075,-1.9900527260624796,0.5444807770787601,-0.8387733206246546
1769099843.6640396,13.741560476418556,-5.061384475655646,-1.9957476305249469,0.5420902060236404,-0.8403203011550102
1769099843.714043,13.738948546775346,-5.067120110092231,-2.000493384243732,0.5400947051669248,-0.8416042475241273
1769099843.7640429,13.736290053762175,-5.072890096422567,-2.0046063708000315,0.538362810834667,-0.8427131682311584
1769099843.814057,13.732329498737906,-5.081376328235678,-2.0103012752624987,0.5359610460690196,-0.8442427121963223
1769099843.864057,13.72959220971395,-5.087193388267173,-2.0109340424249846,0.5356939147162857,-0.8444122392149115
1769099843.9140317,13.726993629886607,-5.09268407816738,-2.014730645399994,0.5340900014700125,-0.8454276257195302
1769099843.9641352,13.722986794644491,-5.1010644766309055,-2.0188436319561998,0.5323502570892135,-0.8465241897176053
1769099844.0140822,13.720288944286404,-5.106647971600332,-2.022956618512499,0.5306082613123045,-0.8476171736268284
1769099844.0640585,13.71604687622719,-5.1153081754931975,-2.0296006737187424,0.5277895309852673,-0.8493751885841448
1769099844.1140916,13.713129678397863,-5.121178783152673,-2.034346427437434,0.5257725842761848,-0.8506251757522476
1769099844.1640747,13.71021968076272,-5.126968103370037,-2.038775797575023,0.5238874295282798,-0.8517875094072768
1769099844.2140918,13.707300086491387,-5.132724227260069,-2.041623249806163,0.5226741868571282,-0.8525325180855213
1769099844.2640371,13.70285445382422,-5.141424095354361,-2.0447870856186863,0.5213248969769837,-0.8533582786801434
1769099844.3140802,13.699955588349866,-5.147077144343633,-2.0444707020374904,0.5214598847275621,-0.8532757986840583
1769099844.3640316,13.697022980059845,-5.152798223665488,-2.0444707020374904,0.5214598847275621,-0.8532757986840583
1769099844.4140635,13.692620691197963,-5.1614065476034,-2.042572400549939,0.5222695370766931,-0.852780470368369
1769099844.464028,13.689714964356686,-5.167112937278196,-2.040990482643677,0.5229438879843571,-0.8523671098885762
1769099844.5140684,13.686827018073979,-5.172799973982767,-2.040357715481191,0.5232135367656507,-0.8522016163709026
1769099844.5640118,13.68247024261034,-5.181403060820825,-2.038775797574929,0.5238874295283199,-0.8517875094072521
1769099844.614194,13.679765202794588,-5.186757157716709,-2.038459413993733,0.5240221687640322,-0.85170462405921
1769099844.6640122,13.675449484731294,-5.1952959206875855,-2.0390921811563127,0.523752677182432,-0.8518703734396655
1769099844.714163,13.672728779390114,-5.200670458357515,-2.0397249483187987,0.5234831331739779,-0.8520360375490906
1769099844.7640812,13.669844432255404,-5.206359321321009,-2.0403577154812846,0.5232135367656108,-0.8522016163709271
1769099844.8140955,13.665453845142524,-5.215002019780766,-2.0413068662249665,0.5228090439622775,-0.8524498246531871
1769099844.8640196,13.66260465879758,-5.220595184518134,-2.0425724005499384,0.5222695370766933,-0.8527804703683689
1769099844.9140983,13.659564121400397,-5.226545355454796,-2.043837934875004,0.5217298210773398,-0.8531107746351625
1769099844.964047,13.655077002013712,-5.235309296338928,-2.0441543184562,0.5215948594288335,-0.8531932973350267
1769099845.0140636,13.652142584010754,-5.24102944716363,-2.0454198527811718,0.5210548823412577,-0.8535231746053168
1769099845.064047,13.649240142053213,-5.246680660714421,-2.045103469199976,0.5211898961803961,-0.853440737321267
1769099845.1140728,13.644965595929452,-5.2550131643013005,-2.04447070203749,0.5214598847275623,-0.8532757986840582
1769099845.1640537,13.642256543751113,-5.2603084327240754,-2.042888784131228,0.5221346276728172,-0.8528630784510305
1769099845.214071,13.63944269788213,-5.265834382646532,-2.0406740990623864,0.5230787189199532,-0.8522843737937829
1769099845.264072,13.635246014325425,-5.274121344729269,-2.0384594139937326,0.5240221687640324,-0.8517046240592099
1769099845.3140824,13.632372471558197,-5.279815672799888,-2.0378266468312467,0.5242916078917231,-0.8515387894243641
1769099845.3642077,13.628011989460598,-5.288473599095412,-2.0368774960874707,0.5246956681732774,-0.8512898776563703
1769099845.4140823,13.625070668190038,-5.294332163624742,-2.0352955781812088,0.5253688393245001,-0.8508745986729347
1769099845.4640887,13.622194311964453,-5.300081729637665,-2.034030043856237,0.5259071396166686,-0.8505419922027447
1769099845.5140743,13.61788761583974,-5.308738270911519,-2.0308662080437134,0.5272519686312154,-0.8497089864032908
1769099845.564087,13.61507312931892,-5.314433798400488,-2.0286515229749655,0.5281925640812829,-0.8491246170317052
1769099845.6140823,13.612240514225379,-5.32020503719689,-2.025487687162442,0.529535148066006,-0.8482879976533401
1769099845.664109,13.608124081582446,-5.328673088746826,-2.0210583170249468,0.5314125386532335,-0.847113164672894
1769099845.7140846,13.60529704094309,-5.334559573447806,-2.015996179725059,0.5335549357425706,-0.8457654110595569
1769099845.764077,13.60249983459195,-5.340460293534423,-2.0109340424249837,0.5356939147162859,-0.8444122392149113
1769099845.8140867,13.598428453304207,-5.349202026994607,-2.0023916857311894,0.5392956527072342,-0.842116499643059
1769099845.8640752,13.595782745502891,-5.354977886894509,-1.9982786991749841,0.5410263180228065,-0.8410056618160695
1769099845.9140782,13.59331664413029,-5.360418371895337,-1.9944820961999745,0.5426218245557927,-0.8399771160667072
1769099845.9640772,13.589478306957792,-5.369016034455342,-1.9868888902499555,0.5458069657888425,-0.8379109475931062
1769099846.0143318,13.586892838835057,-5.374902139024772,-1.9824595201124602,0.5476613345917979,-0.8367001031391897
1769099846.0640848,13.584386594014061,-5.380684733126354,-1.9770809992311889,0.5499094559921529,-0.8352242753957853
1769099846.1140933,13.580565295311642,-5.3896488189592295,-1.9704369440249456,0.5526810546252673,-0.8333928556559039
1769099846.1640775,13.57806627251378,-5.395599604405193,-1.96632395746874,0.5543937515337407,-0.8322545093061046
1769099846.2143044,13.57567817258405,-5.40134985211663,-1.9625273544937307,0.5559726216657865,-0.8312006039206614
1769099846.2640798,13.571902309916771,-5.4105524316319284,-1.9577816007750393,0.5579433912798323,-0.8298790105353672
1769099846.3142567,13.569469332941473,-5.416530528402902,-1.9568324500312633,0.5583371685745938,-0.8296141308994837
1769099846.3640726,13.567018261918456,-5.422583228630699,-1.9543013813812258,0.5593866263435573,-0.82890687189091
1769099846.4141216,13.563415222889793,-5.43158274984756,-1.948922860499955,0.5616137473413304,-0.8273995400030316
1769099846.4640846,13.561220535311847,-5.437138276776593,-1.9451262575249455,0.5631833882746627,-0.8263319376445948
1769099846.5140977,13.558884964811181,-5.44312793137153,-1.940064120224964,0.5652730849410826,-0.8249038364810722
1769099846.5640786,13.555495020471605,-5.452020474931061,-1.9299398456250012,0.5694416009743618,-0.8220317895797922
1769099846.614093,13.553219207082812,-5.458141216970141,-1.9236121739999539,0.5720395202382397,-0.8202260586482268
1769099846.664082,13.55107475848721,-5.464013652035348,-1.9182336531186828,0.5742432505428989,-0.8186847312646826
1769099846.7140968,13.547882620897227,-5.472925373348152,-1.9112732143311497,0.5770889696778112,-0.8166812848818089
1769099846.7640781,13.545749198512025,-5.4789899740227455,-1.9068438441936544,0.5788962447857569,-0.8154012127615148
1769099846.8141053,13.543672049861659,-5.484967000731651,-1.9036800083812246,0.5801854176935556,-0.8144844265520087
1769099846.8640852,13.540532864755168,-5.494111878004932,-1.8992506382437293,0.581987819862365,-0.8131975021677399
1769099846.914099,13.538506850482397,-5.500106426266379,-1.8941885009436539,0.5840442121729846,-0.8117218478193362
1769099846.9641294,13.53642240702575,-5.5063750327923575,-1.8894427472249626,0.5859686821116694,-0.8103336989070079
1769099847.0140948,13.533412601789983,-5.5156165414000125,-1.8818495412750378,0.5890409669246406,-0.8081031736631682
1769099847.064245,13.531421841933694,-5.521835850397163,-1.879318472625,0.5900631772588768,-0.8073570751799722
1769099847.1141083,13.529431519764804,-5.528108428820649,-1.8767874039749626,0.5910844425615505,-0.8066096836523233
1769099847.1641047,13.526518127767561,-5.537407325354869,-1.872041650256177,0.5929967621554473,-0.8052048435479979
1769099847.2141156,13.524643697271939,-5.5434774862942895,-1.8685614308624576,0.5943970084130945,-0.8041717455802359
1769099847.2640893,13.522785916043944,-5.549579224076562,-1.8641320607249625,0.5961765364073038,-0.8028533723148896
1769099847.3141105,13.520135415736242,-5.558455648360747,-1.8578043890999152,0.5987136446027108,-0.8009631525647974
1769099847.3640814,13.51837332680467,-5.564506649990737,-1.8505275667311862,0.6016239085734805,-0.7987794893666014
1769099847.4141092,13.516629762438647,-5.57064199797749,-1.8448326622687186,0.6038959529622316,-0.7970631580971724
1769099847.4640827,13.514116606060089,-5.579742203987841,-1.835657538412438,0.6075461620320065,-0.7942843703612573
1769099847.5143065,13.512498092012038,-5.585754589728429,-1.8318609354375226,0.6090528576674484,-0.7931296341501274
1769099847.5640862,13.510887523395093,-5.591821499627988,-1.8286970996249987,0.6103067610480585,-0.79216517054149
1769099847.614142,13.508462898595905,-5.6011027645179325,-1.8239513459062136,0.6121847515071785,-0.7907147589504663
1769099847.664076,13.506815423142513,-5.6075001249893255,-1.8217366608374659,0.6130599680806538,-0.7900363760846382
1769099847.714282,13.505236109773614,-5.613705918092727,-1.8182564414437463,0.6144337891787989,-0.78896838892023
1769099847.7640893,13.502797972616342,-5.623453968436769,-1.8135106877249607,0.6163041824572014,-0.7875081934086531
1769099847.8143196,13.50135108566651,-5.629353696807458,-1.8090813175874656,0.6180467522359326,-0.7861413435576428
1769099847.8640912,13.49909724441232,-5.638782020298088,-1.8018044952186427,0.6209029605240122,-0.7838874368252862
1769099847.9141276,13.497627669974747,-5.645092699008666,-1.797375125081241,0.6226375001956116,-0.7825104110171057
1769099847.964111,13.496220620958628,-5.651235983116381,-1.7945276728500077,0.6237509492853751,-0.7816231529743688
1769099848.0141017,13.494141441265729,-5.660522881056612,-1.7875672340624746,0.626467386440614,-0.7794476337293395
1769099848.0641022,13.492783415477206,-5.666754920932305,-1.7831378639249789,0.6281920797083874,-0.7780582953684454
1769099848.1141157,13.491480371320435,-5.672869350600336,-1.7783921102061937,0.6300365459692453,-0.7765654838731523
1769099848.1641018,13.489566731769806,-5.6821659126054,-1.769216986349913,0.6335924459455948,-0.7736669906624416
1769099848.214114,13.48831148964463,-5.688496891035097,-1.7638384654687356,0.6356707443624611,-0.7719602999906632
1769099848.2641003,13.487165059858594,-5.694436512648555,-1.7590927117499502,0.6375007197903096,-0.7704497597292358
1769099848.3141203,13.485385146517785,-5.703965678023466,-1.751815889381221,0.6402997070041971,-0.7681251754827069
1769099848.3641136,13.484275815715122,-5.710092484303049,-1.7480192864062114,0.6417566856164738,-0.7669083103386991
1769099848.4141164,13.483140176830364,-5.716497428385566,-1.7445390670124918,0.6430902179168976,-0.7657904227787111
1769099848.4642243,13.481484017013605,-5.726048894299347,-1.7404260804561926,0.6446636997970548,-0.7644662936742029
1769099848.5141375,13.480384495659518,-5.732511493880744,-1.738211395387445,0.6455098304214449,-0.7637519615878425
1769099848.5641243,13.479298179966712,-5.739001989056432,-1.7350475595749215,0.6467172151390411,-0.7627298628235315
1769099848.6141033,13.477728638618215,-5.748670640924347,-1.728403504368678,0.6492474515971715,-0.7605772456460806
1769099848.6640842,13.476722914933116,-5.7550972627071015,-1.723657750649987,0.6510503782419784,-0.7590345216068746
1769099848.714111,13.475770469249191,-5.761378437415642,-1.7189119969312014,0.6528496391203562,-0.7574875237919241
1769099848.7640858,13.474416337546646,-5.770696106709919,-1.7113187909812764,0.6557208064527,-0.7550034595848026
1769099848.8141193,13.473550411891738,-5.776938688740359,-1.705940270100005,0.6577488338168408,-0.7532373275486193
1769099848.86408,13.472720838409389,-5.783135139364252,-1.7018272835437058,0.6592964693623948,-0.7518830796648378
1769099848.9142287,13.471505535407019,-5.792599542457012,-1.6951832283374624,0.6617906031623164,-0.7496887337862678
1769099848.9640915,13.47070971918174,-5.799106518026376,-1.689804707456285,0.6638043159130659,-0.7479062977239773
1769099849.0143898,13.469964524610875,-5.805466608295972,-1.6850589537374996,0.6655771350054952,-0.7463290677428267
1769099849.0640907,13.468878807010153,-5.815226934047174,-1.6780985149499663,0.6681704879511806,-0.7440081982284075
1769099849.1141496,13.468198750604042,-5.821645228394736,-1.674618295556247,0.6694641315743265,-0.7428443824485939
1769099849.1641476,13.467535396966468,-5.828090716971682,-1.6720872269062095,0.6704036902883745,-0.7419965579756616
1769099849.214168,13.466896949868927,-5.834462412016591,-1.6692397746749759,0.6714594103560738,-0.7410413350443237
1769099849.2641442,13.46596798055504,-5.844086355048947,-1.6648104045374807,0.6730989354980679,-0.7395524477894505
1769099849.3141367,13.46539659071644,-5.850261089187118,-1.661330185143761,0.6743848181689583,-0.7383800627205619
1769099849.3641274,13.464545432788817,-5.8599430382499875,-1.6556352806811996,0.6764845833360297,-0.7364567933753332
1769099849.4141493,13.46401485304597,-5.866350015505483,-1.6512059105437042,0.6781139428465379,-0.7349567881971852
1769099849.4643342,13.463518623554483,-5.872708969113197,-1.6461437732437232,0.6799719948436431,-0.7332380829091985
1769099849.5141442,13.462830744173502,-5.882327750330719,-1.6382341837124146,0.6828664759062743,-0.7305432061715076
1769099849.5643406,13.462426890808576,-5.88854106154596,-1.633172046412433,0.6847133416131193,-0.7288124860463052
1769099849.6141388,13.462072660761619,-5.894453153311925,-1.6281099091124518,0.6865558208373981,-0.7270770969259632
1769099849.664172,13.461590671742584,-5.90345083568188,-1.620516703162527,0.6893112892065689,-0.7244652832071237
1769099849.7141495,13.461289614493063,-5.909847350813332,-1.6151381822811617,0.691257070094915,-0.7226089281511776
1769099849.764127,13.460906612065722,-5.919179120504852,-1.6084941270749185,0.6936537781780087,-0.7203085700027273
1769099849.8141575,13.460674950557243,-5.925705161816359,-1.6040647569375168,0.6952473323825552,-0.7187705800983655
1769099849.8641272,13.46047195480723,-5.932206835459379,-1.5999517703812174,0.6967240080499856,-0.7173392897414469
1769099849.9141157,13.460207414058981,-5.942023810113599,-1.5955224002437218,0.6983109787098073,-0.7157945075322603
1769099849.9641383,13.46005303965107,-5.948602775910519,-1.5929913315937783,0.6992162817875432,-0.7149101980551145
1769099850.0141404,13.459920038223602,-5.955004996077154,-1.5901438793624505,0.7002334091088085,-0.7139139813505938
1769099850.064129,13.459799548475672,-5.9616099849939586,-1.587929194293703,0.7010235269489986,-0.7131381455678742
1769099850.1141238,13.459652041596904,-5.970999087886085,-1.5850817420624694,0.7020381295220393,-0.7121393576380934
1769099850.1641257,13.459567656901488,-5.977402134240025,-1.5828670569937218,0.7028262811398309,-0.7113615245001345
1769099850.2141697,13.459496721682118,-5.983780031820427,-1.5809687555061702,0.703501153774972,-0.7106941160846086
1769099850.2641473,13.459412798662624,-5.993372411652072,-1.5781213032750303,0.7045122742094828,-0.7096918031710543
1769099850.3141851,13.45937266892058,-5.999826510634114,-1.5759066182061887,0.7052977140297879,-0.7089112318085781
1769099850.3641243,13.459343218405166,-6.0061794244449045,-1.574957467462413,0.7056340664044273,-0.7085764350650905
1769099850.4141312,13.459295714349734,-6.0157720560055274,-1.5765393853687684,0.7050733908595472,-0.7091343409409955
1769099850.464134,13.459258792920897,-6.022200864355272,-1.5765393853687684,0.7050733908595472,-0.7091343409409955
1769099850.5140743,13.459216621205723,-6.028654950963936,-1.5781213032749368,0.7045122742095161,-0.7096918031710213
1769099850.5641448,13.459150213987703,-6.03834871607063,-1.5771721525312543,0.704848997112502,-0.7093573790900466
1769099850.614072,13.459105511497643,-6.044726851991567,-1.5784376868562264,0.7043999979777508,-0.7098032423488531
1769099850.664124,13.45905445226434,-6.051408678145626,-1.5784376868562264,0.7043999979777508,-0.7098032423488531
1769099850.7141423,13.458968757771256,-6.061203536959082,-1.580652371924974,0.7036135709468616,-0.7105828190854362
1769099850.7641368,13.45889765256498,-6.067783930304418,-1.5825506734125254,0.7029388038986966,-0.7112503342519213
1769099850.8141465,13.458814610317926,-6.07416168099215,-1.5850817420624694,0.7020381295220393,-0.7121393576380934
1769099850.8641589,13.458664717883167,-6.083702629214065,-1.587929194293797,0.7010235269489651,-0.7131381455679072
1769099850.914131,13.458547374137392,-6.090079841010359,-1.590460262943741,0.7001204650166578,-0.7140247435942672
1769099850.9642587,13.458417684193979,-6.0962289682724915,-1.5933077151749744,0.699103180114849,-0.7150207993850983
1769099851.014139,13.458192628432577,-6.105692486803905,-1.5958387838250119,0.6981977371579079,-0.7159049656396979
1769099851.0641577,13.458029165360575,-6.111942087706667,-1.5980534688937595,0.6974045572332956,-0.7166776706094804
1769099851.1141374,13.457841812208603,-6.118545518267134,-1.6002681539625072,0.6966105221460801,-0.7174494967838263
1769099851.1641104,13.457522306605352,-6.128284875266527,-1.6069122091686565,0.694223295650601,-0.7197596930754169
1769099851.2141347,13.457273876509618,-6.134683650444788,-1.6122907300500215,0.692285166362149,-0.7216240353777941
1769099851.264118,13.45698234860286,-6.141207286023915,-1.618618401674975,0.6899986053699065,-0.7238106966518139
1769099851.314145,13.456486541577144,-6.150863227940085,-1.6255788404625078,0.6874754118288697,-0.726207654965662
1769099851.3641405,13.45611377191978,-6.1573066694455125,-1.631590128506265,0.6852895881301476,-0.7282706779765423
1769099851.4141676,13.455707525036638,-6.16369736618095,-1.6369686493874425,0.6833286029191572,-0.7301109644653699
1769099851.4641533,13.455033743174939,-6.173444016596396,-1.6426635538499097,0.681246879426809,-0.7320537475289877
1769099851.5141625,13.454570898909672,-6.179830871241354,-1.6436127045936852,0.6808993880445572,-0.7323769680707795
1769099851.5641382,13.454095816614,-6.186343723825669,-1.6436127045936852,0.6808993880445572,-0.7323769680707795
1769099851.614117,13.453425545468168,-6.19553239956478,-1.6436127045937792,0.6808993880445229,-0.7323769680708114
1769099851.664157,13.452971184680063,-6.201843736383903,-1.6417144031062276,0.681594217377392,-0.7317303621127802
1769099851.714135,13.452527591413379,-6.2081304664903225,-1.6407652523625456,0.6819414018181128,-0.7314068118949585
1769099851.764159,13.451858977763251,-6.217649141674588,-1.6410816359436478,0.6818256907327305,-0.7315146802743161
1769099851.8141549,13.451414601489498,-6.2239611903056655,-1.6410816359437415,0.6818256907326963,-0.7315146802743481
1769099851.864168,13.450968228216913,-6.230273097922187,-1.6417144031062274,0.6815942173773921,-0.7317303621127801
1769099851.9141512,13.450276464273243,-6.239967752236516,-1.6423471702687131,0.6813626757954818,-0.7319459707060495
1769099851.9641767,13.449808354979286,-6.246455733247325,-1.6432963210123956,0.6810152355484483,-0.732269246214049
1769099852.0141382,13.449323814616857,-6.253069406879357,-1.6445618553374612,0.6805517433089336,-0.7327000236653274
1769099852.0642107,13.448586019096346,-6.2629891067066445,-1.6455110060812368,0.6802039452982356,-0.7330229142398721
1769099852.1141407,13.448099151686147,-6.269424941736428,-1.6470929239874048,0.6796239415486094,-0.7335606982887868
1769099852.1641648,13.447610042346216,-6.275809838905501,-1.6474093075686949,0.6795078897650112,-0.73366820003807
1769099852.2141635,13.446889848652738,-6.285172444914767,-1.6477256911499842,0.6793918209769709,-0.7337756834275686
1769099852.2641609,13.446419112602733,-6.291330285512901,-1.6464601568249186,0.6798559940908289,-0.73334563972166
1769099852.314136,13.445949491768443,-6.2975643613010694,-1.645511006081143,0.6802039452982699,-0.7330229142398402
1769099852.3641453,13.445251845958085,-6.30700481385075,-1.6436127045936852,0.6808993880445572,-0.7323769680707795
1769099852.4141383,13.44478941635479,-6.313442450290329,-1.6413980195250313,0.6817099625848011,-0.7316225303478762
1769099852.4641485,13.444342739152194,-6.319830455540281,-1.6398161016187696,0.6822884326708119,-0.7310830969483613
1769099852.5142806,13.443691022814535,-6.329502511675487,-1.636335882224956,0.6835595638368381,-0.7298947339768876
1769099852.5641513,13.443269530601714,-6.336019050901304,-1.6344375807374985,0.6842520359574314,-0.7292456042295421
1769099852.6141512,13.442875093526824,-6.342334415198991,-1.6319065120874607,0.6851743731134756,-0.7283790760507579
1769099852.66418,13.442306022362962,-6.352011681370476,-1.627160758368769,0.6869007963944149,-0.7267511925774311
1769099852.714243,13.44195994049219,-6.358304530796657,-1.6243133061375354,0.6879347945248058,-0.725772497744378
1769099852.764175,13.441623012288115,-6.364825986166129,-1.6205167031624323,0.6893112892066031,-0.7244652832070911
1769099852.8141348,13.44115975997412,-6.374635589735783,-1.615454565862451,0.6911427506458812,-0.7227182703029206
1769099852.8641448,13.440886876490087,-6.381109369806731,-1.6103924285624696,0.692969784413837,-0.7209666274450157
1769099852.9141262,13.440640688010436,-6.387609552543334,-1.6069122091687504,0.6942232956505673,-0.7197596930754494
1769099852.964176,13.440329481254023,-6.39709593923106,-1.600268153962507,0.6966105221460802,-0.7174494967838262
1769099853.0141075,13.440154269262278,-6.403522460309676,-1.5958387838250117,0.698197737157908,-0.7159049656396977
1769099853.0641792,13.440015666158528,-6.409722021851913,-1.5904602629437403,0.7001204650166579,-0.7140247435942669
1769099853.1141431,13.439866272714934,-6.419136389347635,-1.5828670569937213,0.702826281139831,-0.7113615245001342
1769099853.1644492,13.43980744485923,-6.4255144024317,-1.5771721525311602,0.7048489971125355,-0.7093573790900134
1769099853.214157,13.43978111462501,-6.431842014102028,-1.5727427823936646,0.7064182704426314,-0.7077946221785252
1769099853.2641895,13.439800786715962,-6.441637204489852,-1.5648331928624495,0.709211921287294,-0.7049953550939076
1769099853.3141022,13.43985089461193,-6.448141854639975,-1.56135297346873,0.7104376161817195,-0.703760181819088
1769099853.364446,13.439923639768349,-6.454646291012096,-1.5578727540750106,0.7116611598845464,-0.7025228775718141
1769099853.414136,13.440070367453991,-6.4644404207675565,-1.553759767518711,0.7131043875761204,-0.7010578666698536
1769099853.4642222,13.440184850521334,-6.4709189446335085,-1.5524942331937392,0.7135478511820937,-0.7006064973103066
1769099853.514138,13.440312157101843,-6.477371911856513,-1.5496467809624115,0.714544599432923,-0.6995898908798236
1769099853.5641406,13.44054172458423,-6.486936583827345,-1.5439518764999445,0.7165337487805344,-0.6975524258853337
1769099853.6141045,13.440729063105202,-6.493312118234109,-1.5388897391999632,0.718297004805404,-0.6957365973467152
1769099853.664178,13.4409504158536,-6.49973721392918,-1.533827601899982,0.7200556592005151,-0.6939163117071911
1769099853.7141597,13.441338732323294,-6.509220749877441,-1.5259180123687668,0.7227943176716631,-0.6910632202205199
1769099853.764158,13.441645244590713,-6.5156170040075105,-1.5199067243250095,0.7248681397590065,-0.6888876395772516
1769099853.8141372,13.44197573900285,-6.521834650398608,-1.5154773541875142,0.7263920300044765,-0.6872805968059739
1769099853.864169,13.442538002213203,-6.531334821561524,-1.5078841482374952,0.728996120122826,-0.6845178279970991
1769099853.9141216,13.442959067003466,-6.537775291059274,-1.5031383945187098,0.7306183427908451,-0.6827860844932028
1769099853.9641807,13.443398840936112,-6.544087658205383,-1.4993417915437004,0.7319131594433044,-0.6813979212132365
1769099854.0143967,13.44412304772937,-6.553754543833405,-1.492697736337457,0.7341727393382078,-0.6789627300615491
1769099854.064141,13.444637798651986,-6.560137418943699,-1.487951982618766,0.7357817658816362,-0.6772187187283744
1769099854.1141644,13.445193694573664,-6.5666692699268,-1.4838389960625604,0.7371729047722987,-0.675704157505022
1769099854.1641426,13.446058280957871,-6.576426270874579,-1.4809915438312329,0.7381341749796424,-0.67465394071859
1769099854.2141645,13.446641874608009,-6.582930298011781,-1.4816243109937186,0.7379206886102516,-0.6748874404824645
1769099854.264155,13.44721481854063,-6.589384452728271,-1.4828898453187842,0.7374934942983992,-0.6753542373210796
1769099854.314178,13.448068794888009,-6.5990915754487585,-1.4832062288999803,0.7373866495749993,-0.6754708942867613
1769099854.3641493,13.448623924436754,-6.605471070944551,-1.484788146806242,0.7368521492188367,-0.6760539255056369
1769099854.4141812,13.449172663206552,-6.6118003099969735,-1.4838389960624665,0.7371729047723304,-0.6757041575049874
1769099854.4642398,13.45000894766478,-6.621204078817297,-1.480358776668747,0.7383475874628581,-0.6744203734228209
1769099854.5141926,13.45059232882235,-6.627581052866313,-1.478776858762391,0.7388807952787567,-0.6738361598847541
1769099854.5642118,13.451181105646402,-6.633906692571905,-1.4771949408562233,0.7394135408389203,-0.6732515247840516
1769099854.6141584,13.451777887350833,-6.640231582516991,-1.4762457901124473,0.7397329661536587,-0.6729005415256478
1769099854.6641464,13.452692422753042,-6.649907763820904,-1.4768785572749332,0.7395200344509563,-0.6731345472085476
1769099854.7141778,13.453291274578769,-6.656308725542735,-1.478144091599999,0.7390939489921485,-0.673602356411549
1769099854.7641432,13.453884742911022,-6.662684769390189,-1.477827708018709,0.7392004981068665,-0.6734854293884616
1769099854.8141847,13.454765596903613,-6.672364067121896,-1.4822570781562043,0.7377071283760555,-0.6751208726910716
1769099854.864136,13.455346608291958,-6.6789445562145255,-1.4832062288999799,0.7373866495749994,-0.6754708942867612
1769099854.914169,13.455911383841887,-6.685399431165685,-1.483838996062466,0.7371729047723304,-0.6757041575049872
1769099854.9641366,13.456759217670218,-6.695107092310988,-1.48352261248127,0.7372797863987307,-0.6755875343490598
1769099855.0141616,13.457328405538625,-6.701612396081238,-1.4835226124811762,0.7372797863987623,-0.6755875343490253
1769099855.0641217,13.457877144271805,-6.707941634711295,-1.485104530387532,0.7367451938185037,-0.6761704810070723
1769099855.114192,13.458697659431149,-6.717423014884597,-1.48383899606256,0.7371729047722987,-0.6757041575050219
1769099855.1641247,13.459254407591503,-6.723751553998756,-1.4822570781562043,0.7377071283760555,-0.6751208726910716
1769099855.214255,13.459806933125225,-6.729953419107434,-1.4816243109937184,0.7379206886102517,-0.6748874404824644
1769099855.2641237,13.460664980465129,-6.739482303673558,-1.4803587766687465,0.7383475874628581,-0.6744203734228208
1769099855.3142147,13.461250379104754,-6.745859092192887,-1.478144091599999,0.7390939489921485,-0.673602356411549
1769099855.364173,13.461844515561772,-6.752209652641304,-1.476878557275027,0.7395200344509247,-0.6731345472085822
1769099855.4143257,13.462723879061489,-6.76148238150804,-1.475613022950055,0.7399458238101178,-0.6726664684864009
1769099855.4641502,13.463337651053822,-6.767932781960596,-1.476245790112541,0.7397329661536272,-0.6729005415256825
1769099855.5141625,13.463941910171792,-6.774358658035036,-1.477827708018709,0.7392004981068665,-0.6734854293884616
1769099855.5641246,13.464828889084533,-6.784037400328859,-1.4809915438312324,0.7381341749796425,-0.6746539407185899
1769099855.6141777,13.465398145833742,-6.79041565074337,-1.4825734617374942,0.7376003205663195,-0.6752375634548649
1769099855.6641579,13.465967333616689,-6.796920953536862,-1.4844717632249522,0.7369590861797082,-0.6759373530861936
1769099855.7141714,13.466809024586496,-6.806629149220075,-1.4841553796437559,0.7370660046984101,-0.6758207637516942
1769099855.7641525,13.46735417247595,-6.8128824821178275,-1.48352261248127,0.7372797863987307,-0.6755875343490598
1769099855.814181,13.467925895190227,-6.819311333188173,-1.4806751602500363,0.7382408904583417,-0.6745371655107484
1769099855.8642538,13.468787600069447,-6.828763642924432,-1.4790932423437744,0.7387741906853224,-0.673953036329125
1769099855.9141786,13.469364396068661,-6.835014136099118,-1.4784604751812886,0.7389873813818686,-0.6737192665779781
1769099855.9641988,13.469948481482895,-6.841289372719842,-1.477511324437419,0.7393070287233563,-0.673368485511642
1769099856.014183,13.470834489059158,-6.850841117454076,-1.4790932423437744,0.7387741906853224,-0.673953036329125
1769099856.064229,13.471423214383126,-6.857243018928057,-1.4790932423437744,0.7387741906853224,-0.673953036329125
1769099856.1142266,13.472272389654876,-6.866493144837589,-1.4794096259249707,0.7386675676043911,-0.6740698959079928
1769099856.1641295,13.472867540531173,-6.8730215405310835,-1.4803587766687465,0.7383475874628581,-0.6744203734228208
1769099856.2142265,13.473454776996485,-6.87947441085294,-1.4797260095062605,0.7385609260385364,-0.674186738618537
1769099856.2641337,13.474337141067721,-6.889204408550632,-1.4809915438312324,0.7381341749796425,-0.6746539407185899
1769099856.3142028,13.47491867689218,-6.895708619676219,-1.4822570781562043,0.7377071283760555,-0.6751208726910716
1769099856.364133,13.475485494554611,-6.902163314757141,-1.4841553796437559,0.7370660046984101,-0.6758207637516942
1769099856.4142177,13.476303680215315,-6.9116703003715605,-1.485737297549924,0.7365312277102225,-0.6764035412441838
1769099856.4641323,13.4768444086966,-6.91800022901437,-1.4854209139687276,0.7366382199814172,-0.6762870195875484
1769099856.5142176,13.477382815285367,-6.924279549950034,-1.4851045303875317,0.7367451938185037,-0.6761704810070722
1769099856.5641344,13.478213031510379,-6.9337854902893685,-1.482257078156204,0.7377071283760556,-0.6751208726910715
1769099856.614401,13.478783793881675,-6.940112779384685,-1.4794096259249705,0.7386675676043912,-0.6740698959079927
1769099856.6641457,13.47936723485595,-6.94641349464564,-1.4775113244375124,0.7393070287233248,-0.6733684855116766
1769099856.7142062,13.480261830472429,-6.955862747277286,-1.475296639368765,0.7400522248643908,-0.6725494067154213
1769099856.7641356,13.480873451854517,-6.962237075405882,-1.4749802557874754,0.7401586073991213,-0.6724323281141333
1769099856.8142428,13.481485842653175,-6.968662181624111,-1.4765621736937369,0.7396265095567364,-0.6730175527881268
1769099856.8701777,13.482388131560935,-6.978339510133367,-1.4790932423437744,0.7387741906853225,-0.673953036329125
1769099856.914178,13.482972057213251,-6.984767265176829,-1.4813079274124283,0.7380274410293994,-0.6747706990434575
1769099856.9641373,13.483552748262596,-6.991296962494942,-1.4828898453186903,0.7374934942984309,-0.6753542373210449
1769099857.0141869,13.48441116085074,-7.001054511826948,-1.4832062288999799,0.7373866495749996,-0.6754708942867612
1769099857.064139,13.484967909066828,-7.0073830515745925,-1.4828898453186903,0.7374934942984309,-0.6753542373210449
1769099857.1141906,13.485545329123923,-7.013887629374804,-1.481624310993718,0.7379206886102517,-0.6748874404824643
1769099857.1702302,13.486400361681103,-7.02341678541302,-1.4809915438312322,0.7381341749796425,-0.6746539407185898
1769099857.2141886,13.486967853345893,-7.02971895816567,-1.4809915438312322,0.7381341749796425,-0.6746539407185898
1769099857.2641952,13.487539332666643,-7.036020770146043,-1.4797260095062605,0.7385609260385365,-0.674186738618537
1769099857.3141942,13.488112805777302,-7.042322401319734,-1.4803587766686528,0.7383475874628899,-0.6744203734227862
1769099857.3642576,13.488968529458859,-7.051775255368399,-1.4806751602499424,0.7382408904583734,-0.6745371655107136
1769099857.4142075,13.489552455208592,-7.05820301148421,-1.4797260095062605,0.7385609260385365,-0.674186738618537
1769099857.4712336,13.490143774720513,-7.064655508930294,-1.4790932423437744,0.7387741906853225,-0.673953036329125
1769099857.5142002,13.491032804178598,-7.074206971912136,-1.4768785572750265,0.7395200344509248,-0.6731345472085821
1769099857.5652494,13.491651281220076,-7.08078404572904,-1.4771949408562228,0.7394135408389203,-0.6732515247840515
1769099857.6142063,13.49225413239052,-7.087260895945526,-1.478776858762391,0.7388807952787568,-0.6738361598847541
1769099857.6652055,13.493139574651797,-7.096990612042877,-1.4813079274125223,0.7380274410293678,-0.6747706990434922
1769099857.714214,13.49371850378196,-7.103571281554611,-1.4847881468062418,0.7368521492188368,-0.6760539255056368
1769099857.7722254,13.494260381141931,-7.109926513909001,-1.4866864482936997,0.736210140318703,-0.6767530046419562
1769099857.8142183,13.495065369273695,-7.119510828486487,-1.4873192154561856,0.7359959899362585,-0.6769858955678079
1769099857.8661923,13.495600089402307,-7.125841266877117,-1.4857372975500176,0.7365312277101909,-0.6764035412442183
1769099857.9144044,13.49615000902667,-7.132195807636,-1.4832062288999799,0.7373866495749994,-0.6754708942867612
1769099857.966246,13.496997518303381,-7.141674809676402,-1.4800423930874564,0.7384542659904901,-0.6743035644577644
1769099858.0144472,13.497580290819158,-7.148001004737283,-1.477827708018709,0.7392004981068665,-0.6734854293884616
1769099858.073255,13.49817033207553,-7.154275683727621,-1.4762457901124473,0.7397329661536587,-0.6729005415256478
1769099858.1141958,13.499063687712688,-7.163775900512193,-1.477827708018709,0.7392004981068665,-0.6734854293884616
1769099858.1672356,13.499657156044943,-7.170151944359647,-1.478144091599999,0.7390939489921485,-0.673602356411549
1769099858.2142859,13.500247906756506,-7.176553658822993,-1.4794096259249707,0.7386675676043911,-0.6740698959079928
1769099858.2642035,13.501131013419077,-7.186309002248224,-1.4816243109937184,0.7379206886102517,-0.6748874404824644
1769099858.314206,13.501714607069216,-7.192813029385426,-1.4809915438312324,0.7381341749796425,-0.6746539407185899
1769099858.3642051,13.502292431666623,-7.19924133705386,-1.4813079274125223,0.7380274410293678,-0.6747706990434922
1769099858.4142036,13.503161762810329,-7.208947096708575,-1.4816243109937184,0.7379206886102517,-0.6748874404824644
1769099858.4642403,13.503745732886621,-7.215501913490104,-1.4822570781562043,0.7377071283760555,-0.6751208726910716
1769099858.51421,13.504307714487716,-7.221855400476866,-1.48288984531869,0.7374934942984308,-0.6753542373210449
1769099858.5642033,13.505155857577165,-7.2314614021165005,-1.4825734617374942,0.7376003205663195,-0.6752375634548649
1769099858.6142194,13.50571460801142,-7.2377897654014145,-1.4828898453187842,0.7374934942983992,-0.6753542373210796
1769099858.6642292,13.50626890625098,-7.244067703480865,-1.4825734617374942,0.7376003205663195,-0.6752375634548649
1769099858.7142098,13.507116415753917,-7.253546708051492,-1.4806751602499426,0.7382408904583734,-0.6745371655107137
1769099858.764218,13.5076905734365,-7.259822859748182,-1.478460475181195,0.7389873813819001,-0.6737192665779435
1769099858.814223,13.508293424647174,-7.2662997103968765,-1.4775113244375129,0.7393070287233247,-0.6733684855116767
1769099858.8644695,13.509208806881727,-7.276001234167233,-1.4759294065312512,0.7398394042389965,-0.6727835134241078
1769099858.9142332,13.509821197741683,-7.282426341028605,-1.4756130229499613,0.7399458238101493,-0.6726664684863662
1769099858.9643123,13.510432245042285,-7.2889024224816135,-1.477827708018709,0.7392004981068665,-0.6734854293884616
1769099859.0142248,13.511318437440579,-7.298657478857398,-1.4825734617374944,0.7376003205663194,-0.675237563454865
1769099859.0642183,13.511882023899133,-7.305087049815824,-1.4841553796436624,0.7370660046984417,-0.6758207637516598
1769099859.1142268,13.512433404030256,-7.311517678402299,-1.486370064712504,0.7363171878761555,-0.6766365337743376
1769099859.1642082,13.51324627543394,-7.321177529951018,-1.4873192154562798,0.7359959899362266,-0.6769858955678425
1769099859.214213,13.513758519119094,-7.327230457536033,-1.4854209139687282,0.7366382199814171,-0.6762870195875487
1769099859.2642083,13.514305255357659,-7.333559869461239,-1.4838389960625604,0.7371729047722987,-0.675704157505022
1769099859.3142145,13.515123603420001,-7.342761948869872,-1.480358776668653,0.7383475874628896,-0.6744203734227863
1769099859.364235,13.515691179738324,-7.34898787063162,-1.4794096259249712,0.738667567604391,-0.6740698959079929
1769099859.4142604,13.516267323178834,-7.355263841616563,-1.4790932423437748,0.7387741906853224,-0.6739530363291251
1769099859.4641926,13.517140989645542,-7.364715053897419,-1.478144091599999,0.7390939489921484,-0.673602356411549
1769099859.5142288,13.517731767808062,-7.371040507429213,-1.477194940856223,0.7394135408389202,-0.6732515247840516
1769099859.564198,13.5183380599779,-7.377466192433182,-1.4762457901124473,0.7397329661536586,-0.6729005415256478
1769099859.6142175,13.519241872596051,-7.386761992363949,-1.4715000363936623,0.7413275922301787,-0.6711433535379799
1769099859.664209,13.519862578415868,-7.392855642182369,-1.4670706662562603,0.7428121441370042,-0.6694999018092432
1769099859.7142222,13.520901818464878,-7.402570123971865,-1.4613757617936993,0.7447154991975863,-0.6673820684247441
1769099859.764202,13.52161754926656,-7.40901000677077,-1.4588446931437555,0.7455594975280257,-0.6664390712178854
1769099859.8142242,13.522351414640822,-7.415473322591773,-1.4566300080750079,0.7462970166020625,-0.6656130730468421
1769099859.8642058,13.523471270222181,-7.425025956827053,-1.4515678707749329,0.7479793366823208,-0.6637220140211378
1769099859.9142294,13.524235912842784,-7.431332753053581,-1.4487204185436988,0.7489235366525014,-0.6626564239844879
1769099859.9642057,13.52503291004453,-7.437712068681166,-1.4442910484062037,0.7503892740701615,-0.660996170458238
1769099860.0142162,13.52630186641458,-7.447348146448267,-1.4354323081312128,0.7533097001434923,-0.6576659453474246
1769099860.0642402,13.527157176329121,-7.453489986237085,-1.4294210200874555,0.7552830042261119,-0.6553987973189903
1769099860.1142166,13.52807852447406,-7.459826951935456,-1.4234097320436983,0.7572494851657678,-0.6531257284904488
1769099860.31423,13.532571740208889,-7.488174926883347,-1.4037939500062584,0.7636187470208521,-0.6456674137652479
1769099860.3641691,13.534200047894362,-7.497705502813345,-1.3993645798686694,0.7650468231232954,-0.6439746566666681
1769099860.4142349,13.535315511160585,-7.504088299233254,-1.3962007440562396,0.7660645804879749,-0.6427636101412268
1769099860.4642024,13.536463450457425,-7.510542473421898,-1.3933532918250058,0.7669789231119348,-0.6416722929206595
1769099860.5142379,13.538230428021494,-7.520254194930669,-1.3882911545249306,0.768600581251556,-0.639728963311628
1769099860.5642054,13.539411233241587,-7.526573733794238,-1.3838617843874355,0.7700154933496494,-0.6380251875917565
1769099860.6144414,13.540614264558009,-7.5328633123168895,-1.37974879783123,0.7713259586737881,-0.6364403078655231
1769099860.6641717,13.542464104367617,-7.542275999056606,-1.3737375097874727,0.7732353847636135,-0.6341191053339006
1769099860.7144537,13.543708637313372,-7.5484284305657,-1.3686753724874914,0.7748379052469074,-0.6321599644018786
1769099860.7642074,13.545648599179994,-7.557745408238997,-1.3623477008624443,0.7768340742397256,-0.629705344665351
1769099860.8142388,13.546986299725829,-7.563981839018433,-1.3566527963999768,0.7786239784283265,-0.6274907969177276
1769099860.8642108,13.548372378428072,-7.570259544643533,-1.3503251247749297,0.7806053560174788,-0.6250242220560936
1769099860.9142458,13.550414250628771,-7.579217539510575,-1.3430483024062008,0.7828742792849027,-0.6221799280225488
1769099860.964177,13.551878824820994,-7.58545140180469,-1.3370370143624435,0.7847407916507138,-0.6198240798157257
1769099861.0142436,13.55339367490162,-7.591751365618002,-1.3326076442249482,0.7861115811540926,-0.6180846074571121
1769099861.064209,13.555653337599914,-7.600943893194041,-1.326912739762481,0.7878683582824019,-0.6158436895977687
1769099861.1142502,13.557206515508614,-7.6071562809613535,-1.324698054693733,0.7885498250100594,-0.6149708720554207
1769099861.1642532,13.55879500933759,-7.613438082915546,-1.3215342188812098,0.7895216713799743,-0.6137226820163745
1769099861.2142508,13.561246505174266,-7.622973851748679,-1.3167884651624244,0.7909757356461549,-0.6118475182747938
1769099861.2642128,13.562930446550272,-7.629414045228458,-1.3133082457687049,0.7920392193786516,-0.6104702080904982
1769099861.3142598,13.564599851805184,-7.635701020139306,-1.3091952592124994,0.793292971541645,-0.608840095018903
1769099861.3643918,13.56631029559544,-7.642029405360451,-1.304449505493714,0.7947354394237658,-0.6069559962006421
1769099861.414251,13.568879403360288,-7.651324240387367,-1.2978054502874707,0.796747374994949,-0.6043125188498565
1769099861.464231,13.570569505927349,-7.657316896170095,-1.2940088473124614,0.7978931061009328,-0.6027989641966928
1769099861.5142455,13.572333820566328,-7.663446304883412,-1.2870484085250222,0.7999861425051049,-0.6000184762153595
1769099861.5641801,13.574975439854198,-7.672404570462344,-1.2810371204811715,0.8017859682427558,-0.5976112960185965
1769099861.614255,13.576821581163426,-7.678536275246566,-1.2756585995999,0.8033901994177439,-0.5954529263338267
1769099861.6641846,13.578683899528643,-7.6846101602311965,-1.2709128458812085,0.8048008728004288,-0.5935449057482239
1769099861.7142618,13.581605431438847,-7.6939330153180645,-1.2633196399311895,0.8070485214707277,-0.5904851259700895
1769099861.7642236,13.583609036148365,-7.70020136132664,-1.25952303695618,0.808167985471669,-0.5889520415608254
1769099861.8142598,13.585565289999883,-7.706245649074737,-1.2560428175624605,0.8091916025543249,-0.5875448496545295
1769099861.864467,13.58859523615342,-7.715507229396254,-1.2531953653312269,0.8100272851043226,-0.5863921873511961
1769099861.9144635,13.590605588971412,-7.721587079748573,-1.2497151459375073,0.8110464449471317,-0.5849817639368078
1769099861.9641888,13.592671158559012,-7.727755255306518,-1.2456021593812079,0.8122477401406991,-0.5833126165585032
1769099862.0142655,13.595813072108388,-7.737006182691454,-1.2411727892437125,0.8135376008592411,-0.5815123145628045
1769099862.0642056,13.597923983362834,-7.7431322228881605,-1.2367434191062172,0.8148234713158209,-0.5797091603492527
1769099862.1142647,13.600071331074538,-7.74927240574165,-1.2319976653874316,0.8161967545278483,-0.5777740543657246
1769099862.165496,13.603329295801611,-7.758402502938701,-1.2240880758562165,0.8184753435632248,-0.5745416538242123
1769099862.2142572,13.605521450231896,-7.764419188093192,-1.2187095549749454,0.8200174741870999,-0.5723384855378929
1769099862.2641907,13.607689470232915,-7.7702829651841245,-1.214596568418646,0.8211927496119801,-0.5706509160465054
1769099862.3142588,13.611031638768946,-7.7791665582286615,-1.2073197460499168,0.8232635722227817,-0.5676593086094728
1769099862.3642194,13.613243722281856,-7.784932595152064,-1.2016248415874495,0.8248766153016288,-0.5653128067968465
1769099862.4142635,13.615570466500275,-7.790898523632741,-1.1962463207061784,0.8263939040348216,-0.5630924572164735
1769099862.4665089,13.619072289692278,-7.799720406445737,-1.189602265499935,0.8282599492975975,-0.5603440518016956
1769099862.5142634,13.621539840334265,-7.805821037139857,-1.1832745938749818,0.8300286375399695,-0.557720773204246
1769099862.5642,13.62399791094156,-7.811816221651275,-1.1801107580624584,0.8309098670915368,-0.5564070387494434
1769099862.6142464,13.627780158736028,-7.820934025443688,-1.1750486207624768,0.8323155084692222,-0.5543021688227641
1769099862.664196,13.630296307319915,-7.826932524822606,-1.1722011685312437,0.8331038391263269,-0.5531166181131926
1769099862.7142572,13.63281683716238,-7.832901720762025,-1.170302867043692,0.8336284548307404,-0.5523256279555676
1769099862.7674906,13.636603286010741,-7.841798130664017,-1.1665062640687762,0.8346754327522928,-0.5507421556043923
1769099862.8142633,13.639096161280346,-7.847586502778992,-1.161760510349991,0.8359799250049271,-0.5487600249551314
1769099862.8641908,13.641690147933158,-7.853524137260277,-1.15606560588743,0.8375391017971522,-0.5463773906017887
1769099862.9142492,13.645601844413985,-7.8623107864455575,-1.1478396327749247,0.8397792541519106,-0.5429279918148086
1769099862.9641938,13.6482459480067,-7.86814300364705,-1.1424611118937473,0.8412362904714199,-0.5406676461504654
1769099863.0143101,13.650900232230223,-7.873914923796704,-1.137082591012476,0.8426872428713755,-0.5384033903142136
1769099863.0685177,13.654941718737772,-7.882558893212547,-1.1298057686437468,0.8446405937104735,-0.5353337906917691
1769099863.1142864,13.657641702057802,-7.888253610359215,-1.1263255492500273,0.845570853982767,-0.5338632136557585
1769099863.1645484,13.660393346360678,-7.894007829790477,-1.1231617134375038,0.8464143234025091,-0.5325249225520554
1769099863.214281,13.664578301716475,-7.9026676823311535,-1.1180995761375225,0.8477594679059939,-0.5303808863220338
1769099863.264522,13.667416924690917,-7.908464158871172,-1.1127210552562512,0.8491827329748327,-0.5280991251814321
1769099863.3142676,13.670297019128027,-7.914268411608285,-1.1076589179561762,0.8505166666256886,-0.5259480961006774
1769099863.369547,13.674744927194388,-7.9231090057089775,-1.1016476299125126,0.8520936352597206,-0.5233893739367225
1769099863.414273,13.677717152776616,-7.928951950529446,-1.098800177681185,0.8528379345332432,-0.5221756959310455
1769099863.4655306,13.68068109243738,-7.934742293479291,-1.0965854926125311,0.8534156388954909,-0.5212309922564093
1769099863.5142639,13.685138416695555,-7.943379247154802,-1.0921561224749419,0.8545679075193369,-0.5193396686543617
1769099863.564453,13.688121018946907,-7.949102975210665,-1.0886759030812223,0.8554703212489672,-0.5178518412269951
1769099863.6142704,13.691018423782564,-7.954614183357312,-1.0848793001063066,0.856451818215097,-0.5162269685671745
1769099863.664392,13.694024244275635,-7.9602684812321876,-1.0795007792249416,0.857836988326693,-0.5139218826422837
1769099863.7142699,13.698393298170396,-7.968350940100402,-1.0709584225312405,0.8600242089368165,-0.5102532312907023
1769099863.7642798,13.701434012904794,-7.973871232849246,-1.0636816001625113,0.8618750233948955,-0.507120739122399
1769099863.8142676,13.706109046015746,-7.982189619577137,-1.053873709143651,0.8643515424402963,-0.5028880701319932
1769099863.8642604,13.709198169668543,-7.987595696552062,-1.0494443390062493,0.8654631604821944,-0.5009725719519696
1769099863.9142697,13.71227071731894,-7.992923737832056,-1.0459641196125298,0.8663335969695697,-0.4994658134064504
1769099863.9642556,13.717184821224762,-8.001367839977098,-1.0415347494750344,0.8674376309359974,-0.49754593399619346
1769099864.014271,13.720388272841442,-8.006824697363395,-1.038370913662511,0.8682236220642925,-0.49617309690224093
1769099864.0642567,13.723736009163744,-8.012490320359245,-1.0358398450124735,0.868850850718507,-0.49507393307033104
1769099864.1143415,13.728717366182648,-8.020836015647081,-1.0295121733875203,0.8704128322118736,-0.49232255841156086
1769099864.1642668,13.732068150531935,-8.026381875279302,-1.025082803249931,0.8715010361271037,-0.49039366230548354
1769099864.2143364,13.735283581312649,-8.031654593499706,-1.0212862002750154,0.8724303803389282,-0.48873840800746676
1769099864.264263,13.740134652930255,-8.039516834613794,-1.0146421450687721,0.8740491658261585,-0.4858374787092865
1769099864.3143258,13.743537262043807,-8.044971480040733,-1.0114783092562487,0.8748166268745425,-0.4844541973642579
1769099864.3642519,13.74844554828251,-8.05276824669036,-1.0064161719561735,0.8760400102255437,-0.48223842700891156
1769099864.4142666,13.751813153262653,-8.058065467587733,-1.0026195689812578,0.8769538651731676,-0.4805745710686758
1769099864.4642713,13.75501118134677,-8.063050539493434,-0.9981901988436687,0.8780160349761894,-0.47863121745733517
1769099864.5142686,13.760253121730065,-8.071114577653441,-0.9905969928936496,0.8798268753756138,-0.4752942976375628
1769099864.56427,13.763794380428033,-8.07648023594654,-0.9842693212687903,0.8813262225202472,-0.47250829569245845
1769099864.6142862,13.767197396017874,-8.081573104484235,-0.979207183968715,0.8825193491550859,-0.47027608738578613
1769099864.66429,13.772583541861618,-8.089510965876707,-0.9700320601124343,0.8846674756486536,-0.4662225407779411
1769099864.714285,13.776226017335343,-8.094808444327496,-0.9668682242999106,0.8854038942024677,-0.4648224866883113
1769099864.7644763,13.77991236245942,-8.100137160933802,-0.964337155649967,0.8859914338361514,-0.46370160574334934
1769099864.8142905,13.785438208222105,-8.108071159461177,-0.9605405526749575,0.8868700823993362,-0.4620188924113328
1769099864.8642929,13.789170201493999,-8.113398939907015,-0.9589586347687895,0.8872352429206075,-0.4613172701293661
1769099864.9142864,13.793001387569864,-8.118842631545228,-0.9561111825375558,0.8878911329327753,-0.46005362302600405
1769099864.9642816,13.79878902383399,-8.126994775683833,-0.9507326616561907,0.8891251247840662,-0.4576641918237853
1769099865.014283,13.802444611150426,-8.13209752086376,-0.947568825843761,0.8898479991604944,-0.4562570968106301
1769099865.064261,13.806281704408011,-8.137412670238298,-0.9434558392874617,0.8907844064956633,-0.45442616687881104
1769099865.1143005,13.811765841749349,-8.144941341313501,-0.9390264691499663,0.891788631947459,-0.45245224712590315
1769099865.164253,13.815504414945458,-8.150046485514709,-0.9383937019874804,0.8919317357739748,-0.45217007720461155
1769099865.2142832,13.819203707979044,-8.155086274249966,-0.9368117840812185,0.8922891047041889,-0.45146445444375466
1769099865.2642636,13.824802122263431,-8.16268812064385,-0.9352298661749568,0.892645915404033,-0.4507585492394968
1769099865.31503,13.828666100431274,-8.167920968494318,-0.9342807154312749,0.8928597337804683,-0.45033487072785205
1769099865.3642933,13.83243986899209,-8.1730316486907,-0.9352298661749568,0.892645915404033,-0.4507585492394968
1769099865.4145498,13.838267173163391,-8.180936435450972,-0.9358626333374427,0.8925032581260383,-0.45104094518613963
1769099865.4642842,13.842129495292987,-8.186170505189489,-0.9342807154311811,0.8928597337804894,-0.4503348707278102
1769099865.5143397,13.846023543329842,-8.191444075591328,-0.9352298661750508,0.892645915404012,-0.45075854923953873
1769099865.5642674,13.851730696899672,-8.19918587705757,-0.9358626333374427,0.8925032581260383,-0.45104094518613963
1769099865.614298,13.855553096245508,-8.20438647964834,-0.9380773184062843,0.8920032542077079,-0.45202897526912944
1769099865.6642625,13.859397179567328,-8.209633959740977,-0.9390264691499663,0.891788631947459,-0.4524522471259032
1769099865.714267,13.865037682970996,-8.217361868320586,-0.9415575377999102,0.8912153241171102,-0.4535804736304619
1769099865.7642648,13.868835359346377,-8.2225805534896,-0.9418739213811999,0.8911435602589118,-0.4537214509025015
1769099865.8143024,13.872666148381203,-8.227837746051327,-0.9402920034749382,0.8915021565084617,-0.4530164510707778
1769099865.864273,13.878297825261836,-8.235540759666819,-0.9387100855686765,0.8918601950199688,-0.45231116782469916
1769099865.9142947,13.882102775740435,-8.240722773732813,-0.9361790169187327,0.8924318959842752,-0.451182126230541
1769099865.9643533,13.885797406550731,-8.245734571273285,-0.9349134825937608,0.8927172105366947,-0.4506173343443222
1769099866.014295,13.891511905685327,-8.253470952304042,-0.9342807154311811,0.8928597337804894,-0.4503348707278102
1769099866.0643206,13.895258811855179,-8.258538540213713,-0.9339643318499848,0.8929309618880137,-0.45019362201362506
1769099866.1142757,13.899106930034439,-8.26375163500745,-0.9358626333374427,0.8925032581260383,-0.45104094518613963
1769099866.1643128,13.904882971782788,-8.271599873185334,-0.9368117840812185,0.8922891047041889,-0.45146445444375466
1769099866.2143123,13.908746177675983,-8.276864716905148,-0.9387100855686765,0.8918601950199688,-0.4523111678246991
1769099866.2642937,13.912709921311286,-8.282275542862141,-0.9383937019874804,0.8919317357739748,-0.45217007720461155
1769099866.3143194,13.918461102695929,-8.290142014865078,-0.9406083870562281,0.8914304818704126,-0.45315747372440407
1769099866.3643067,13.922309302134783,-8.295417838312794,-0.9406083870562281,0.8914304818704126,-0.45315747372440407
1769099866.414305,13.92602406747465,-8.300509033804772,-0.9402920034749381,0.8915021565084617,-0.45301645107077776
1769099866.4642718,13.931588756116298,-8.308135603758622,-0.9406083870562281,0.8914304818704126,-0.45315747372440407
1769099866.5144353,13.935364832732953,-8.313307390921185,-0.9396592363124522,0.8916454388541769,-0.45273437175737197
1769099866.5642972,13.93905455243787,-8.3183541934503,-0.9393428527311624,0.8917170465582788,-0.45259331510460965
1769099866.6143842,13.944548702132506,-8.325844199427369,-0.9364954004999287,0.892360511509744,-0.451323295984229
1769099866.6642792,13.948301796619248,-8.330938677283203,-0.9352298661749568,0.892645915404033,-0.4507585492394968
1769099866.7143762,13.952179978739387,-8.336192500081221,-0.9345970990124708,0.8927884833294484,-0.450476108172568
1769099866.7643015,13.957896925251871,-8.343927072751107,-0.9339643318498912,0.8929309618880348,-0.4501936220135832
1769099866.8143063,13.961645434535775,-8.34899347494757,-0.9336479482687888,0.8930021676502597,-0.45005236203350546
1769099866.8646019,13.965454160836284,-8.354141265131128,-0.9339643318499848,0.8929309618880137,-0.45019362201362506
1769099866.9142992,13.971210072227581,-8.361941453882842,-0.9361790169187325,0.8924318959842752,-0.45118212623054094
1769099866.964321,13.975124094938916,-8.367263186415276,-0.9371281676625083,0.8922176755694178,-0.45160560160554375
1769099867.024162,13.978894203693777,-8.372407977939332,-0.9396592363124522,0.8916454388541769,-0.45273437175737197
1769099867.0643227,13.984475020348004,-8.38005411123931,-0.9409247706374241,0.8913587849246557,-0.4532984850378848
1769099867.1142356,13.988232096222871,-8.385208430053542,-0.9409247706374241,0.8913587849246557,-0.4532984850378848
1769099867.1643074,13.992048808222744,-8.390444563452137,-0.9409247706374241,0.8913587849246557,-0.4532984850378848
1769099867.2157416,13.99768442203505,-8.39817604167349,-0.9409247706375179,0.8913587849246344,-0.4532984850379266
1769099867.2642894,14.001289274575031,-8.403128105720084,-0.942190304962396,0.8910717741001857,-0.4538624168202822
1769099867.3240175,14.00503492549001,-8.40829073185168,-0.9440886064500416,0.8906405889368304,-0.4547079736910889
1769099867.3642893,14.010537658397098,-8.415930941334363,-0.949150743749929,0.8894868402109052,-0.45696078725818434
1769099867.4259222,14.014079857723129,-8.420896950994429,-0.9532637303062285,0.8885452231934473,-0.4587890433958802
1769099867.4643302,14.019446618838735,-8.428509724289635,-0.9602241690936676,0.8869431588981302,-0.46187859106458495
1769099867.5172408,14.023120871507105,-8.433785209077303,-0.964653539231163,0.8859180689633321,-0.46384175651215437
1769099867.5643218,14.026712578516552,-8.438994718022547,-0.9697156765312382,0.8847412171576451,-0.46608258781294193
1769099867.6144693,14.032194200578779,-8.447051324532433,-0.9769924988999672,0.8830395646872591,-0.46929854804477705
1769099867.6643178,14.035679851503637,-8.452241161896909,-0.9817382526186588,0.8819234920718411,-0.4713925690248089
1769099867.7143497,14.039223217687399,-8.457575072036972,-0.98711677349993,0.880652607124878,-0.47376258354175166
1769099867.7643309,14.044299033983565,-8.465324396065165,-0.994709979449949,0.8788475760706546,-0.47710264936880736
1769099867.8143163,14.047774616688272,-8.47070272183148,-0.9994557331687343,0.877712997102736,-0.47918670131477203
1769099867.8643208,14.052707342325366,-8.478424044266816,-1.0051506376312016,0.8763449794655812,-0.4816840011516576
1769099867.9143262,14.056075896836916,-8.483750633589423,-1.0086308570249212,0.8755054701093848,-0.48320820751364013
1769099867.9643195,14.059430959952964,-8.489085734019906,-1.0102127749311829,0.8751229984261476,-0.4839005451801319
1769099868.0143154,14.064299906776654,-8.496877301541577,-1.0143257614874823,0.8741260103901735,-0.4856992052282548
1769099868.0643938,14.067686970274762,-8.502341613609262,-1.0174895973000058,0.8733565807064987,-0.4870813925173626
1769099868.1143215,14.070807064374598,-8.507405588046375,-1.0197042823687534,0.8728166794149563,-0.488048198577814
1769099868.164403,14.075841051327194,-8.515660405685566,-1.0266647211562865,0.8711128822972553,-0.491082830381768
1769099868.214324,14.078998631186742,-8.520908978298898,-1.031726858456268,0.8698671289604161,-0.4932861015213817
1769099868.264357,14.08396247422235,-8.529294507743987,-1.0409019823124548,0.867595002883192,-0.49727146607473277
1769099868.3143225,14.087274290909452,-8.534981195996998,-1.045964119612436,0.8663335969695931,-0.49946581340640983
1769099868.3643334,14.090451012231592,-8.54051209998837,-1.0529245583999691,0.8645901033888189,-0.502477813562063
1769099868.4143405,14.095260549172073,-8.549016185490302,-1.0592522300250162,0.862996021531418,-0.5052107152673471
1769099868.464322,14.098448206414725,-8.554715462436137,-1.0624160658374462,0.862195740179728,-0.5065752714216625
1769099868.5143301,14.101496699697652,-8.560202540669156,-1.0649471344873898,0.861553961520291,-0.5076660037748175
1769099868.5643194,14.106100518606665,-8.568560584866106,-1.0696928882061751,0.8603469082302254,-0.5097089340973847
1769099868.6144116,14.109105515444101,-8.574071601700126,-1.0734894911812785,0.8593777774330749,-0.5113412125520379
1769099868.6643302,14.1121247804195,-8.579661267733242,-1.077602477737484,0.8583243911834568,-0.5131074346562795
1769099868.7143574,14.115084341981587,-8.585196815656197,-1.0820318478749793,0.8571859157714797,-0.5150070929637859
1769099868.7643237,14.119594384635679,-8.593749157683595,-1.0889922866624184,0.8553883906353611,-0.517987163128824
1769099868.8143854,14.122558973646077,-8.599453722849281,-1.0940544239624936,0.854074591025986,-0.5201505483644083
1769099868.8643305,14.125578341794993,-8.605329415886565,-1.098167410518793,0.8530030996632505,-0.5219058458811194
1769099868.9143581,14.129988264009466,-8.614019053854964,-1.1041786985624567,0.851430585871736,-0.5244673082682202
1769099868.9643383,14.13294425213267,-8.61992688283177,-1.1095572194437278,0.8500170795643089,-0.5267551275962705
1769099869.0143266,14.13584787524923,-8.625804216433304,-1.1143029731624192,0.8487647626560422,-0.5287706286032087
1769099869.0643475,14.14010592168485,-8.634569258990108,-1.122845329856214,0.8464985538826114,-0.5323910200920444
1769099869.1143293,14.142863912761118,-8.640348491336848,-1.1282238507373914,0.8450637565106605,-0.5346655472649151
1769099869.1644435,14.145574680677203,-8.646094105387462,-1.1317040701312047,0.8441321008582937,-0.5361352406814567
1769099869.2143338,14.149571796191774,-8.654674994007028,-1.138031741756252,0.8424316349960224,-0.5388032482807881
1769099869.264417,14.152166198444078,-8.660307305084475,-1.1402464268249057,0.8418344788655647,-0.5397357781295798
1769099869.3143344,14.154790274379067,-8.666037397810744,-1.1424611118937475,0.8412362904714199,-0.5406676461504655
1769099869.3643844,14.158750403065454,-8.674746772240692,-1.1456249477062712,0.8403799464157039,-0.5419977358461368
1769099869.4143262,14.16142506180821,-8.680676291538635,-1.1484723999375044,0.8396074386219923,-0.5431936570051398
1769099869.4643333,14.164056548593058,-8.686569696344876,-1.1532181536562902,0.8383161444502286,-0.5451844109602764
1769099869.5143478,14.167952842880222,-8.695446176492899,-1.1611277431875051,0.8361535018237715,-0.5484955071719769
1769099869.5643375,14.170545832151692,-8.701467009936279,-1.1671390312312624,0.8345011452047597,-0.5510062056383255
1769099869.6143284,14.173084734264794,-8.707455908093726,-1.1725175521125337,0.833016330194374,-0.5532484013799748
1769099869.6643252,14.176803335488403,-8.716408273401957,-1.181692675968721,0.8304695120932738,-0.557064080230955
1769099869.7143843,14.179227137371116,-8.722362770539709,-1.1867548132687957,0.8290568860486547,-0.5591642689722832
1769099869.7643142,14.181616043536824,-8.728304085721632,-1.1902350326624218,0.8280826241888996,-0.560606071601464
1769099869.814407,14.185192574557625,-8.737314174413317,-1.1956135535436931,0.8265720158796104,-0.562830971575585
1769099869.8643122,14.187589951755822,-8.743415545712503,-1.1971954714499549,0.8261265811716089,-0.563484579985743
1769099869.914347,14.18985967453332,-8.749240711032927,-1.2013084580062543,0.8249660328252896,-0.5651823110152187
1769099869.9643369,14.19328457187644,-8.75814700821718,-1.2060542117250397,0.8236226035537444,-0.5671382608459348
1769099870.0143282,14.195502602642005,-8.763992051589138,-1.2101671982812454,0.8224545467374834,-0.5688308347398555
1769099870.064325,14.197749868983683,-8.769988373489308,-1.2142801848374507,0.8212830116267916,-0.5705210029553928
1769099870.1143258,14.20104478361549,-8.778943555514735,-1.2221897743687595,0.8190203014424499,-0.5737645386612165
1769099870.1643243,14.203208353098004,-8.784943680662398,-1.2272519116687408,0.8175654421097844,-0.5758356952011856
1769099870.214332,14.205399798577096,-8.79112199930397,-1.2326304325500124,0.8160139154563374,-0.5780322566964733
1769099870.2643886,14.208542431106407,-8.800158557816836,-1.239590871337451,0.8139972987017581,-0.5808686578790775
1769099870.3143256,14.210680983011978,-8.80643565436217,-1.2452857757999185,0.8123400052445285,-0.5831841183359843
1769099870.3643446,14.212801810122007,-8.81277216797944,-1.2503479130999937,0.8108613257324886,-0.5852383364334149
1769099870.414339,14.215796068632363,-8.821885619299016,-1.256359201143657,0.8090986476580235,-0.5876728497709908
1769099870.4643974,14.21774167119595,-8.827906749655002,-1.2601558041187604,0.8079816102704308,-0.5892077031614588
1769099870.5143254,14.219671133170928,-8.833959641843068,-1.264268790674966,0.8067682009005429,-0.590868064812866
1769099870.5643175,14.222446887753794,-8.842797706816878,-1.2686981608124612,0.8054576367599242,-0.5926533517876348
1769099870.6143253,14.22431996229788,-8.848841793724509,-1.271861996624891,0.80451910038731,-0.5939267775677346
1769099870.6643152,14.226160972445673,-8.8548427953465,-1.2743930652749282,0.8037668216147748,-0.5949444482229268
1769099870.7143486,14.228967468847122,-8.864121634192145,-1.2797715861561998,0.802163956506319,-0.5971038325803381
1769099870.7643056,14.230819137490336,-8.870357359563341,-1.2845173398749852,0.8007448456600408,-0.5990055860748524
1769099870.814349,14.232635086641896,-8.876577218363568,-1.2889467100124805,0.7994162742590796,-0.6007775132690404
1769099870.8643546,14.235356022196152,-8.886092281924673,-1.2955907652187235,0.7974160673256178,-0.6034298762664522
1769099870.9144263,14.237058184888204,-8.892186702500146,-1.301285669681191,0.7956945991836996,-0.605698031059943
1769099870.9643402,14.23877329388153,-8.89846135995862,-1.3066641905624625,0.794062844114813,-0.607835668249482
1769099871.014381,14.241269137737303,-8.90785470911908,-1.3155229308374532,0.791362734287256,-0.611346892346234
1769099871.0643346,14.242878720698926,-8.914078864893618,-1.3199523009750425,0.7900068538107023,-0.6130980108694821
1769099871.1143415,14.24445874693999,-8.920310587673692,-1.3250144382749303,0.7884525318004602,-0.6150956064689818
1769099871.164327,14.246790503102305,-8.929693880095627,-1.329443808412519,0.7870883562465196,-0.616840270622105
1769099871.2143366,14.24830213628298,-8.935864401376739,-1.3316584934811733,0.7864048203507993,-0.6177114686720873
1769099871.264333,14.24982000230916,-8.942137603252489,-1.3351387128749868,0.7853287445673036,-0.6190789634257836
1769099871.314353,14.25202003871988,-8.951370612637223,-1.3386189322688002,0.784250290823296,-0.6204445836201454
1769099871.364372,14.25345276992288,-8.957481962229402,-1.3424155352437162,0.7830710876131258,-0.621932208318878
1769099871.4143417,14.254881088802055,-8.963698266587514,-1.3474776725436972,0.7814944278828342,-0.6239122207394897
1769099871.4643767,14.256968549939119,-8.9730611124336,-1.3553872620749123,0.7790208780946217,-0.6269979836432368
1769099871.5143363,14.258354823334534,-8.9794942102185,-1.3617149336999594,0.7770332637884847,-0.6294595356067101
1769099871.56435,14.259584121322012,-8.985365524721031,-1.367093454581231,0.7753376754029175,-0.6315469017426973
1769099871.6143558,14.26154472966956,-8.995065818762065,-1.3756358112749318,0.7726331619346641,-0.6348527365293806
1769099871.6643221,14.262810426303352,-9.001549517115057,-1.3803815649937174,0.7711245608089845,-0.636684310877181
1769099871.7143416,14.264018956206348,-9.007889581613286,-1.3844945515499227,0.7698135941205183,-0.6382687759143869
1769099871.7643304,14.265779532392061,-9.017345125762072,-1.388923921687512,0.7683981430465554,-0.6399721038940724
1769099871.8143566,14.266905103447465,-9.023520432782664,-1.3920877574999415,0.767384798693924,-0.6411868454151923
1769099871.8643303,14.26801113124456,-9.02969927001238,-1.3952515933124652,0.7663695339886291,-0.6423999823895169
1769099871.91439,14.269576809303354,-9.038649892447436,-1.3999973470312508,0.7648430418285116,-0.6442166726859138
1769099871.9643602,14.270624793244634,-9.044813162999546,-1.404743100749942,0.7633122431875938,-0.6460297356932756
1769099872.0143907,14.271617489969739,-9.050806062624208,-1.4085397037249514,0.76208450939995,-0.6474775675902892
1769099872.0643451,14.273101474197516,-9.060027045101432,-1.4139182246062225,0.7603405199477298,-0.6495246675266582
1769099872.1143637,14.274095851493776,-9.066378589740804,-1.4170820604187462,0.7593120743118648,-0.6507266506023963
1769099872.164357,14.275561165452435,-9.076037987797037,-1.4234097320436994,0.7572494851657675,-0.6531257284904493
1769099872.2143621,14.276486523761346,-9.08237437282211,-1.4281554857624847,0.7556975678302199,-0.6549207478584643
1769099872.2643633,14.277403478470333,-9.088890945736848,-1.433850390224952,0.7538296512155812,-0.6570699026345639
1769099872.3143413,14.278684020893028,-9.09847442632996,-1.442076363337457,0.7511207630287544,-0.6601648274083539
1769099872.364384,14.279495298759892,-9.104877452871584,-1.4474548842187283,0.7493426939172816,-0.6621823971329888
1769099872.4143808,14.280284330585692,-9.111308766098444,-1.4499859528686718,0.7485040795230288,-0.6631301855121536
1769099872.464419,14.28142835151263,-9.120807560082932,-1.4518842543562236,0.747874331949912,-0.6638403299065768
1769099872.5143654,14.282197085151367,-9.127190347575143,-1.4499859528687657,0.7485040795229977,-0.6631301855121887
1769099872.5643744,14.282961573240383,-9.133446169110142,-1.448404034962504,0.7490283540875533,-0.6625379421383283
1769099872.614341,14.28414465247684,-9.14294017488716,-1.4452401991499806,0.7500754970765208,-0.6613522122783065
1769099872.6643493,14.28494101687668,-9.14921753313667,-1.4439746648250085,0.7504938288483967,-0.6608774567652262
1769099872.714349,14.285754158658795,-9.155594816291103,-1.4439746648250085,0.7504938288483967,-0.6608774567652262
1769099872.7643545,14.286561084387763,-9.16194737545553,-1.444923815568691,0.7501801081816061,-0.6612335482177487
1769099872.8143642,14.287769045452237,-9.171591318757718,-1.4474548842187283,0.7493426939172816,-0.6621823971329888
1769099872.8643405,14.288578652717192,-9.178173110839957,-1.44935318570628,0.7487138455603264,-0.6628933379256936
1769099872.9143326,14.289347343579742,-9.184504913939902,-1.450618720031158,0.7482942385615124,-0.6633669667202658
1769099872.9643636,14.290518544882788,-9.194255370620702,-1.4518842543562236,0.747874331949912,-0.6638403299065768
1769099873.0144553,14.291293230695944,-9.200739413639033,-1.4518842543562236,0.747874331949912,-0.6638403299065768
1769099873.0643458,14.292059875599412,-9.207173435526537,-1.4525170215187095,0.7476642663418912,-0.6640769118373576
1769099873.114362,14.293197864127999,-9.216723936765806,-1.4518842543562236,0.747874331949912,-0.6638403299065768
1769099873.1643603,14.29394651594632,-9.222981673858616,-1.4515678707749338,0.7479793366823204,-0.6637220140211382
1769099873.2143104,14.294713230239783,-9.229364705097995,-1.4509351036124478,0.7481892899907321,-0.6634853324250388
1769099873.2643588,14.295844804687674,-9.238661040718219,-1.448404034962504,0.7490283540875533,-0.6625379421383283
1769099873.3143399,14.296617330819846,-9.24494137761754,-1.448404034962504,0.7490283540875533,-0.6625379421383283
1769099873.3643568,14.297400042735568,-9.2512714627825,-1.4471385006374387,0.7494474363599641,-0.6620638489854869
1769099873.4143493,14.298597053109974,-9.26084025381101,-1.4455565827311767,0.7499708672010953,-0.6614708597887266
1769099873.464359,14.29941275203542,-9.26731926509636,-1.4455565827311767,0.7499708672010953,-0.6614708597887266
1769099873.5143442,14.300215487283499,-9.273646841684045,-1.4436582812437186,0.7505983648458232,-0.6607587265339568
1769099873.5644732,14.301440359014453,-9.283314165943361,-1.4458729663124665,0.7498662185578858,-0.6615894907461098
1769099873.614353,14.302235338396127,-9.289693737665724,-1.4477712677999242,0.749237932722597,-0.6623009287095778
1769099873.6644344,14.303030534625929,-9.296175296284087,-1.449669569287476,0.7486089719085136,-0.6630117700147399
1769099873.7143593,14.304200255504016,-9.305900435366805,-1.4525170215187095,0.7476642663418912,-0.6640769118373576
1769099873.7644336,14.30495091380537,-9.312234401922254,-1.4531497886811955,0.7474541258937467,-0.6643134272949893
1769099873.814368,14.305719444923426,-9.318719177205217,-1.4525170215187095,0.7476642663418912,-0.6640769118373576
1769099873.8643384,14.306863465544993,-9.32821796865419,-1.44935318570628,0.7487138455603264,-0.6628933379256936
1769099873.914352,14.307644174530264,-9.334548299872214,-1.4468221170562423,0.7495521600479614,-0.6619452842701088
1769099873.9643705,14.308422345649605,-9.340776927992469,-1.4461893498936627,0.7497615511495733,-0.6617081051474175
1769099874.0143497,14.309605141174293,-9.350219958329815,-1.4461893498936627,0.7497615511495733,-0.6617081051474175
1769099874.064355,14.310357920818557,-9.356222191026715,-1.4458729663124665,0.7498662185578858,-0.6615894907461098
1769099874.1143415,14.311148496930311,-9.36252579105567,-1.4461893498936627,0.7497615511495733,-0.6617081051474175
1769099874.1643574,14.312358074463848,-9.372195042800387,-1.4465057334749527,0.749656864978715,-0.6618267029897515
1769099874.2143445,14.313107328967455,-9.378223222441653,-1.4477712677999242,0.749237932722597,-0.6623009287095778
1769099874.2643633,14.313919018671138,-9.384804758926446,-1.4484040349624103,0.7490283540875844,-0.6625379421382932
1769099874.3143775,14.315099514444118,-9.394452104670343,-1.449669569287476,0.7486089719085136,-0.6630117700147399
1769099874.3643692,14.315839625496782,-9.400532412293606,-1.449669569287476,0.7486089719085136,-0.6630117700147399
1769099874.4143136,14.317007858370404,-9.410232237822255,-1.4522006379375136,0.7477693085022159,-0.6639586291796484
1769099874.464368,14.317710855792043,-9.416164047474126,-1.4534661722624853,0.7473490276111855,-0.6644316600889932
1769099874.51434,14.318465380724795,-9.422574017276798,-1.4537825558436814,0.7472439106265133,-0.6645498762557973
1769099874.5643613,14.319572024739836,-9.431949819216662,-1.4528334050999996,0.7475592054715043,-0.6641951778768145
1769099874.614342,14.320328679616097,-9.438308562053713,-1.4518842543562236,0.747874331949912,-0.6638403299065768
1769099874.66439,14.321089282073403,-9.44459035150392,-1.4487204185437002,0.748923536652501,-0.6626564239844883
1769099874.7143602,14.322264737729363,-9.45405980052254,-1.4458729663124665,0.7498662185578858,-0.6615894907461098
1769099874.7644153,14.323027646405507,-9.460111779374232,-1.4449238155687845,0.7501801081815751,-0.6612335482177838
1769099874.814356,14.323819610015235,-9.466338668505118,-1.4436582812437186,0.7505983648458232,-0.6607587265339568
1769099874.8643894,14.325033102643044,-9.475879869592758,-1.444923815568691,0.7501801081816061,-0.6612335482177487
1769099874.914356,14.325842478266996,-9.482308655555416,-1.4461893498937564,0.7497615511495422,-0.6617081051474527
1769099874.9643626,14.326647926791185,-9.488788948129224,-1.4480876513812142,0.7491331527784698,-0.662419443712358
1769099875.014385,14.327826906003583,-9.498461975150882,-1.4509351036124478,0.7481892899907321,-0.6634853324250388
1769099875.0643942,14.328603643170851,-9.504945772314144,-1.4522006379374197,0.747769308502247,-0.6639586291796133
1769099875.1143844,14.32938422391905,-9.511505582337268,-1.4525170215187095,0.7476642663418912,-0.6640769118373576
1769099875.1643956,14.330526751346097,-9.521030048177895,-1.4503023364499619,0.7483991684064659,-0.6632485844150067
1769099875.2143292,14.331303562068545,-9.527411858232638,-1.4490368021248963,0.7488187004759049,-0.6627748892479082
1769099875.2643776,14.33207826247126,-9.533742929299557,-1.4490368021249898,0.7488187004758738,-0.6627748892479433
1769099875.314368,14.333221601070578,-9.543037827290279,-1.4477712677999242,0.749237932722597,-0.6623009287095778
1769099875.3643718,14.33400641368405,-9.549393156468833,-1.4480876513812142,0.7491331527784698,-0.662419443712358
1769099875.4143286,14.334772614140682,-9.555597766378334,-1.447771267800018,0.7492379327225659,-0.6623009287096129
1769099875.4643824,14.335965177558922,-9.565192618974017,-1.4465057334750462,0.7496568649786839,-0.6618267029897866
1769099875.514317,14.336703819917643,-9.57112009585363,-1.4471385006374387,0.7494474363599641,-0.6620638489854869
1769099875.564374,14.337525920010641,-9.57770033974811,-1.4458729663124665,0.7498662185578858,-0.6615894907461098
1769099875.6143186,14.338725957853583,-9.587268752541071,-1.4461893498937564,0.7497615511495422,-0.6617081051474527
1769099875.6643758,14.339529231267099,-9.593698304149079,-1.4468221170562423,0.7495521600479614,-0.6619452842701088
1769099875.7143762,14.340320247774493,-9.600103871801615,-1.4490368021248963,0.7488187004759049,-0.6627748892479082
1769099875.7644384,14.34145358407495,-9.609476481805803,-1.451884254356224,0.747874331949912,-0.6638403299065769
1769099875.8143826,14.342212164722916,-9.615885971603495,-1.4540989394250654,0.7471387749422668,-0.6646680757925484
1769099875.8644776,14.343320114434352,-9.625389041304851,-1.4553644737499436,0.7467180452630083,-0.6651407075789241
1769099875.9143217,14.344015723832124,-9.631347204976432,-1.4537825558436819,0.7472439106265131,-0.6645498762557974
1769099875.964423,14.344766342962968,-9.637706663128666,-1.4528334050999998,0.7475592054715042,-0.6641951778768146
1769099876.0143514,14.345908835387494,-9.647180142158978,-1.4487204185437004,0.748923536652501,-0.6626564239844884
1769099876.0643706,14.346703971235552,-9.653610704329836,-1.4468221170561488,0.7495521600479924,-0.6619452842700737
1769099876.1143496,14.347475407222692,-9.659738139723798,-1.4442910484062048,0.7503892740701611,-0.6609961704582384
1769099876.164408,14.348666768424478,-9.669129068135069,-1.444923815568691,0.7501801081816061,-0.6612335482177487
1769099876.214336,14.349473995446953,-9.675532614222952,-1.4458729663124668,0.7498662185578857,-0.66158949074611
1769099876.2644086,14.350275144176202,-9.681936923606427,-1.4468221170562425,0.7495521600479614,-0.6619452842701089
1769099876.3182845,14.351474104233272,-9.691684002408874,-1.449985952868766,0.7485040795229977,-0.6631301855121888
1769099876.364391,14.352248895868659,-9.69806605834027,-1.4499859528686723,0.7485040795230288,-0.6631301855121537
1769099876.4143412,14.353046007563075,-9.704649376320003,-1.450618720031252,0.7482942385614813,-0.6633669667203009
1769099876.4643888,14.354209728603038,-9.714273265942944,-1.4503023364499623,0.7483991684064659,-0.6632485844150068
1769099876.514332,14.35499672166837,-9.720755826583993,-1.4496695692874761,0.7486089719085135,-0.66301177001474
1769099876.5643904,14.355767457290305,-9.727112878075902,-1.450618720031252,0.7482942385614813,-0.6633669667203009
1769099876.6202457,14.35691147836993,-9.736611673328136,-1.451251487193738,0.748084322696782,-0.6636036815263286
1769099876.6644025,14.35768222494212,-9.74301971284634,-1.450935103612448,0.748189289990732,-0.6634853324250389
1769099876.7143292,14.358424694014108,-9.749176222100271,-1.4506187200311584,0.7482942385615123,-0.663366966720266
1769099876.76439,14.359576178373896,-9.758648618154982,-1.4490368021249902,0.7488187004758737,-0.6627748892479434
1769099876.8143296,14.360348704454516,-9.7649289546352,-1.4477712678000183,0.7492379327225659,-0.662300928709613
1769099876.8644216,14.361162419978298,-9.771433721820346,-1.4449238155687847,0.7501801081815751,-0.6612335482177839
1769099876.9202888,14.3619589787997,-9.777736568634094,-1.4452401991499808,0.7500754970765208,-0.6613522122783067
1769099876.9644449,14.363180792131331,-9.787404281874315,-1.4449238155687847,0.7501801081815751,-0.6612335482177839
1769099877.0142815,14.363994441041026,-9.793883549936297,-1.4468221170562425,0.7495521600479614,-0.6619452842701089
1769099877.0644186,14.364779253497378,-9.800238877842524,-1.4490368021249902,0.7488187004758737,-0.6627748892479434
1769099877.114271,14.36596417293351,-9.810064159122136,-1.4525170215187095,0.7476642663418911,-0.6640769118373576
1769099877.1644187,14.366716748853804,-9.816448871884848,-1.4544153230062613,0.747033620561202,-0.6647862586961482
1769099877.222632,14.36746901533667,-9.822910072937784,-1.4553644737499432,0.7467180452630084,-0.665140707578924
1769099877.2643883,14.368590097293627,-9.832539022366882,-1.4544153230062613,0.747033620561202,-0.6647862586961482
1769099877.315285,14.369330828886309,-9.838797699804605,-1.4515678707750277,0.7479793366822892,-0.6637220140211734
1769099877.3644142,14.370450169723444,-9.847993531430907,-1.4477712677999242,0.749237932722597,-0.6623009287095778
1769099877.4144104,14.371214060233235,-9.854147419245901,-1.4468221170562423,0.7495521600479614,-0.6619452842701088
1769099877.4643922,14.371998652923121,-9.860451766811234,-1.4471385006374387,0.7494474363599641,-0.6620638489854869
1769099877.514459,14.373157324330226,-9.869846783287537,-1.4490368021249898,0.7488187004758738,-0.6627748892479433
1769099877.5644295,14.373924011722307,-9.876178828004079,-1.4515678707749338,0.7479793366823204,-0.6637220140211382
1769099877.6144447,14.374676587303608,-9.882563537890839,-1.4553644737500373,0.7467180452629772,-0.665140707578959
1769099877.6644027,14.37541065219266,-9.88900135442796,-1.4591610767249528,0.7454540630097847,-0.6665570042706055
1769099877.7144575,14.376473811239359,-9.89876416661994,-1.4654887483499999,0.7433414586656513,-0.6689121585296697
1769099877.764389,14.377142661398581,-9.90520908496631,-1.4692853513250093,0.7420703231496225,-0.6703220386505391
1769099877.814413,14.377787960178127,-9.911707273205863,-1.4743474886249908,0.7403713168992749,-0.6721981204323867
1769099877.8643997,14.378656964480758,-9.921108050791023,-1.4828898453187853,0.7374934942983987,-0.67535423732108
1769099877.9143896,14.379215860327871,-9.927614241511106,-1.487319215456187,0.735995989936258,-0.6769858955678083
1769099877.9644108,14.379970861240459,-9.93712642539137,-1.4958615721499817,0.7330977578654765,-0.6801232810399973
1769099878.0144024,14.380408628347846,-9.943083681981406,-1.4990254079625052,0.7320209418421885,-0.6812821300345954
1769099878.0643964,14.380845296241318,-9.949294777327411,-1.502189243774935,0.7309422939630683,-0.6824392741453319
1769099878.1143887,14.381476676013808,-9.958790620560736,-1.5066186139125244,0.7294291145546798,-0.6840564061829812
1769099878.1644254,14.38187268813736,-9.965029804308813,-1.5082005318186924,0.7288878259009365,-0.6846331406332928
1769099878.2144065,14.38226522183741,-9.971472078467958,-1.5116807512124117,0.7276953862061117,-0.6859004482389102
1769099878.2644396,14.382811819535911,-9.981175986877963,-1.517375655674973,0.7257393700142212,-0.687969742656871
1769099878.314414,14.383133976672593,-9.987520788035802,-1.5227541765562442,0.7238866181148517,-0.6899189547434126
1769099878.3644297,14.383431183811842,-9.994069507180878,-1.5281326974374216,0.7220286309825378,-0.6918631772550713
1769099878.4144151,14.383797137476074,-10.003756551287431,-1.5379405884561885,0.7186271033593669,-0.6953956329438127
1769099878.4643886,14.383983953641962,-10.009980168525635,-1.5436354929186555,0.716644086881893,-0.6974390674010296
1769099878.5144267,14.384136998581708,-10.01635661448498,-1.5499631645437026,0.7144339211152173,-0.699702917215539
1769099878.5643892,14.38430890659876,-10.02599843913471,-1.55597445258746,0.7123276393330268,-0.7018470875071273
1769099878.6144044,14.384394684015737,-10.032325527647863,-1.5585055212374974,0.7114388575662108,-0.7027480003136863
1769099878.6643913,14.384461711122524,-10.038678153158653,-1.5619857406312172,0.7102149224618791,-0.703984917389902
1769099878.7144823,14.384527030439159,-10.047916318148562,-1.5654659600249365,0.7089888368402611,-0.7052197028131684
1769099878.7644188,14.384551849186618,-10.054269249834789,-1.5683134122562643,0.7079840789126175,-0.7062283936562256
1769099878.8145106,14.38454852757945,-10.06338108405625,-1.5740083167186376,0.7059702598549065,-0.7082414787347575
1769099878.8643975,14.384516924052312,-10.06937962927703,-1.578121303274937,0.7045122742095159,-0.7096918031710214
1769099878.9144545,14.384457629264348,-10.075808266338786,-1.5819179062500401,0.7031637966412686,-0.7110279003618891
1769099878.9644198,14.384327835967195,-10.084995114880016,-1.5879291942937976,0.7010235269489649,-0.7131381455679074
1769099879.0144482,14.384202480732254,-10.09147343263085,-1.5923585644311993,0.6994424326372559,-0.7146889417267331
1769099879.0643961,14.3839637388205,-10.100885958117939,-1.5999517703812183,0.6967240080499854,-0.7173392897414472
1769099879.1144042,14.383756855761733,-10.107412830287021,-1.6050139076811996,0.69490614328762,-0.7191004464058729
1769099879.164387,14.383526301161343,-10.113710966791375,-1.609759661399985,0.6931978517309368,-0.7207473471027237
1769099879.2144177,14.383112553817552,-10.123345433216077,-1.6176692509312,0.6903420303861951,-0.7234831588103938
1769099879.264421,14.382807568694819,-10.129513698853954,-1.6227313882311816,0.6885086355284914,-0.725228142588727
1769099879.3144178,14.382311420894936,-10.138561318864605,-1.6284262926937425,0.6864407946195709,-0.7271856953227642
1769099879.3643987,14.381941944664698,-10.14482748405128,-1.63095736134378,0.685519966713262,-0.728053827156652
1769099879.4144301,14.381561465158525,-10.150966197946769,-1.6344375807374998,0.684252035957431,-0.7292456042295425
1769099879.4645047,14.380951836137273,-10.160209820528946,-1.6388669508749951,0.6826353098572957,-0.7307592173459285
1769099879.5144157,14.380505159113524,-10.166597823221185,-1.6423471702687145,0.6813626757954814,-0.7319459707060499
1769099879.5643735,14.380054787019867,-10.172731805445038,-1.6458273896624338,0.6800879785804355,-0.7331305077476841
1769099879.61442,14.379306056277919,-10.182346054925368,-1.6512059105437051,0.6781139428465376,-0.7349567881971856
1769099879.6643836,14.378784051939387,-10.18860135386693,-1.6569008150062663,0.6760184422613799,-0.7368847031405235
1769099879.7144141,14.377902268344041,-10.198280538299946,-1.6663923224437431,0.6725137693784285,-0.7400846100253793
1769099879.7643805,14.377256936313804,-10.204804155033447,-1.6724036104875006,0.6702863041363987,-0.742102601051342
1769099879.8144286,14.37659228839346,-10.211173166442435,-1.677149364206286,0.6685235006619801,-0.7436910171991131
1769099879.8643858,14.375529441369855,-10.220783230092515,-1.684742570156211,0.6656951898087239,-0.7462237695661583
1769099879.914417,14.37477655312611,-10.227244354354383,-1.6888555567125105,0.6641591790575271,-0.747591188333324
1769099879.9644122,14.374015294231992,-10.233551557557828,-1.6929685432687158,0.6626203594688646,-0.7489554454153816
1769099880.0144541,14.373219607899738,-10.239956545942468,-1.6958159954999497,0.6615533808377138,-0.7498980759424516
1769099880.0643938,14.372026086139632,-10.249321680513274,-1.6992962148936692,0.6602474749971162,-0.751048115475921
1769099880.1144853,14.371200725417888,-10.25564634489398,-1.7018272835437067,0.6592964693623944,-0.7518830796648381
1769099880.1643877,14.370375486716007,-10.261817839939932,-1.7056238865187159,0.6578679815480043,-0.75313326765849
1769099880.2144475,14.369076342903849,-10.271194452553331,-1.7113187909812775,0.6557208064526997,-0.755003459584803
1769099880.264393,14.368166414689469,-10.27753307330122,-1.7154317775374828,0.6541667614324045,-0.7563503475487002
1769099880.3144417,14.367221004633764,-10.283917675304135,-1.7201775312562684,0.6523701952226308,-0.7579004739312324
1769099880.3643985,14.36571178465136,-10.29367275900678,-1.7284035043686792,0.6492474515971711,-0.760577245646081
1769099880.41454,14.36465531951394,-10.300193814458716,-1.7344147924124367,0.6469584979728018,-0.7625252139442841
1769099880.4644053,14.363570114553708,-10.306658826811288,-1.7397933132937078,0.6449055321117945,-0.7642622944065756
1769099880.514425,14.361893605967428,-10.316309509272914,-1.7458046013374648,0.6426055221715341,-0.766197195814922
1769099880.564442,14.360751286048242,-10.322687551293624,-1.7502339714750543,0.6409070621346032,-0.76761848447389
1769099880.6144223,14.359617636897669,-10.328887113065658,-1.753081423706288,0.639813534462705,-0.7685301823079826
1769099880.6644423,14.357883962647326,-10.338193194243354,-1.7568780266812036,0.6383534805514604,-0.769743355845204
1769099880.7144284,14.35672814155284,-10.344311403867788,-1.7581435610062692,0.6378662844682694,-0.7701471308384163
1769099880.7644734,14.355525018322272,-10.350652501189025,-1.7584599445874656,0.6377444455339384,-0.7702480264113694
1769099880.8144443,14.353765483985166,-10.359902209057783,-1.7590927117500452,0.6375007197902731,-0.770449759729266
1769099880.8645377,14.35255462164565,-10.366267599419084,-1.7584599445874656,0.6377444455339384,-0.7702480264113694
1769099880.9144502,14.351332625893818,-10.372708164933591,-1.7581435610062692,0.6378662844682694,-0.7701471308384163
1769099880.9644775,14.34950975428536,-10.382332289841209,-1.7578271774249794,0.6379881074402608,-0.7700462159927768
1769099881.0144515,14.348265206426507,-10.388897387474566,-1.7584599445874656,0.6377444455339384,-0.7702480264113694
1769099881.0644467,14.347103482505474,-10.39498871379562,-1.760041862493727,0.6371350115332665,-0.7707522150980199
1769099881.1144469,14.345243857043947,-10.404631580200585,-1.7625729311437646,0.6361590881989795,-0.7715579139000799
1769099881.1644433,14.344006645903374,-10.4109661135425,-1.7647876162124185,0.6353043194463499,-0.7722618867280776
1769099881.214446,14.342749633195156,-10.41734835005952,-1.7657367669561943,0.6349377514458336,-0.7725632995353253
1769099881.264438,14.340853410709165,-10.426984088653935,-1.7644712326312224,0.6354264769873808,-0.77216137713784
1769099881.314443,14.339651131500645,-10.433119133231905,-1.7641548490499328,0.6355486186271274,-0.7720608482245103
1769099881.3644288,14.338402406588765,-10.439528784178854,-1.7622565475624747,0.6362811343666296,-0.7714572691012219
1769099881.414502,14.336644425895615,-10.448675708464824,-1.7590927117499513,0.6375007197903092,-0.7704497597292361
1769099881.464453,14.335482798219415,-10.454792818285071,-1.7578271774249794,0.6379881074402608,-0.7700462159927768
1769099881.5145059,14.334321306822165,-10.460935715403119,-1.7575107938437833,0.6381099144467918,-0.7699452818770358
1769099881.5644522,14.332554685844405,-10.470287125859633,-1.7575107938437833,0.6381099144467918,-0.7699452818770358
1769099881.6146283,14.331315886833998,-10.476827551612208,-1.7584599445874656,0.6377444455339384,-0.7702480264113694
1769099881.6644585,14.330131437494963,-10.483043378396577,-1.7597254789124372,0.6372569302337698,-0.770651415926184
1769099881.7144349,14.328271269843153,-10.492763463819937,-1.760041862493727,0.6371350115332665,-0.7707522150980199
1769099881.7644563,14.327096176722957,-10.498903773537506,-1.7597254789125312,0.6372569302337338,-0.7706514159262139
1769099881.81445,14.325865707920983,-10.505316954714482,-1.7609910132375028,0.6367691597795426,-0.7710544968766185
1769099881.864552,14.324060285523867,-10.514686729068472,-1.761307396818793,0.6366471773210454,-0.7711552188821298
1769099881.9144523,14.32288700041168,-10.520775839722923,-1.7609910132375028,0.6367691597795426,-0.7710544968766185
1769099881.9644697,14.32173671633319,-10.526740500847495,-1.7616237803998953,0.6365251789307522,-0.7712559215896977
1769099882.0144656,14.319944583989786,-10.536009729003236,-1.7619401639811847,0.6364031646115718,-0.7713566049969214
1769099882.0645103,14.31874256548497,-10.542247960110496,-1.760358246075017,0.6370130768886871,-0.7708529949820573
1769099882.1144488,14.317022282459114,-10.551221715108312,-1.760041862493727,0.6371350115332665,-0.7707522150980199
1769099882.1644447,14.315892814555387,-10.557138825158082,-1.7587763281686617,0.6376225906402806,-0.7703489027091408
1769099882.214439,14.31470483711321,-10.563405508949014,-1.7575107938437833,0.6381099144467918,-0.7699452818770358
1769099882.2644374,14.312900474442886,-10.572981613382945,-1.7565616430999136,0.6384752396434669,-0.769642363934196
1769099882.314447,14.3117560998542,-10.579076223568796,-1.7562452595187175,0.6385969827578226,-0.769541352763193
1769099882.3644397,14.31006421704766,-10.588055375438813,-1.7578271774249792,0.6379881074402609,-0.7700462159927767
1769099882.4144523,14.308859087778892,-10.594396091159563,-1.7594090953312411,0.6373788329871103,-0.7705505974691016
1769099882.4644449,14.307628619079559,-10.600809271801573,-1.7613073968186985,0.6366471773210816,-0.7711552188820998
1769099882.5144362,14.305763406324484,-10.610399492656578,-1.764471232631222,0.6354264769873809,-0.7721613771378399
1769099882.5644433,14.30444981399988,-10.617080148368494,-1.7654203833749043,0.6350599566725189,-0.7724628479293347
1769099882.6144764,14.30324756978622,-10.623189405618149,-1.7647876162125122,0.6353043194463138,-0.7722618867281074
1769099882.664439,14.301448038678064,-10.632379837577606,-1.7635220818874464,0.6357928541903972,-0.7718597324387562
1769099882.7145026,14.300247767297417,-10.638566847014882,-1.7613073968186985,0.6366471773210816,-0.7711552188820998
1769099882.7644384,14.299120366240524,-10.644432811383831,-1.760041862493727,0.6371350115332665,-0.7707522150980199
1769099882.8144453,14.297376856958898,-10.653582507647194,-1.7581435610061753,0.6378662844683056,-0.7701471308383864
1769099882.864455,14.296226593009555,-10.65965024950047,-1.7581435610061753,0.6378662844683056,-0.7701471308383864
1769099882.9144397,14.295104614239294,-10.665568784586863,-1.758143561006269,0.6378662844682695,-0.7701471308384162
1769099882.9644835,14.29331967406214,-10.674968246488403,-1.758776328168755,0.6376225906402445,-0.7703489027091706
1769099883.0144384,14.29212399666795,-10.681259231735172,-1.7584599445874651,0.6377444455339385,-0.7702480264113692
1769099883.064499,14.290329612332936,-10.69070842639702,-1.7584599445874651,0.6377444455339385,-0.7702480264113692
1769099883.1144369,14.289111319810745,-10.69712393224637,-1.7584599445874651,0.6377444455339385,-0.7702480264113692
1769099883.164459,14.28794969205703,-10.703241042474811,-1.7584599445874651,0.6377444455339385,-0.7702480264113692
1769099883.2144277,14.28614634009226,-10.712688528320834,-1.7603582460749232,0.6370130768887233,-0.7708529949820274
1769099883.2644706,14.284969233328567,-10.718802678390784,-1.7616237803999886,0.6365251789307161,-0.7712559215897274
1769099883.3144395,14.283767089485181,-10.725015107628835,-1.7622565475624745,0.6362811343666297,-0.7714572691012218
1769099883.3644638,14.282008183576608,-10.734058738753756,-1.7635220818875401,0.6357928541903611,-0.7718597324387859
1769099883.4144657,14.280798178655541,-10.740269641663067,-1.7628893147249602,0.6360370261117118,-0.771658539390947
1769099883.4644477,14.278980537406934,-10.749662833417323,-1.7609910132375024,0.6367691597795427,-0.7710544968766184
1769099883.5144515,14.277740530087115,-10.756125729177064,-1.759725478912437,0.63725693023377,-0.7706514159261839
1769099883.5644505,14.276567507352269,-10.762292200266565,-1.7578271774249792,0.6379881074402609,-0.7700462159927767
1769099883.6144671,14.27480706030469,-10.771619018205472,-1.7568780266812034,0.6383534805514605,-0.7697433558452039
1769099883.6644495,14.273630709537516,-10.777862141044725,-1.7571944102624935,0.6382317054848863,-0.7698443284936595
1769099883.714466,14.27242790378549,-10.784229058696132,-1.7578271774249792,0.6379881074402609,-0.7700462159927767
1769099883.7644558,14.271228499599493,-10.790545098917041,-1.7590927117500448,0.6375007197902732,-0.7704497597292659
1769099883.8144248,14.269378027508067,-10.800189726043063,-1.7616237803998949,0.6365251789307523,-0.7712559215896976
1769099883.8644748,14.26810820352638,-10.806724198040365,-1.7638384654687365,0.6356707443624607,-0.7719602999906634
1769099883.9144552,14.266859268720319,-10.813108020451873,-1.7641548490499328,0.6355486186271274,-0.7720608482245103
1769099883.964489,14.264956065600764,-10.822819771180551,-1.7644712326312224,0.6354264769873808,-0.77216137713784
1769099884.0144525,14.263728557954108,-10.829104622537118,-1.7628893147249607,0.6360370261117116,-0.7716585393909471
1769099884.064454,14.262509004902038,-10.835391022733008,-1.7619401639811847,0.6364031646115718,-0.7713566049969214
1769099884.1144447,14.260729398902916,-10.844611113125433,-1.7609910132375028,0.6367691597795426,-0.7710544968766185
1769099884.1644547,14.25956569162838,-10.850650516754133,-1.761307396818699,0.6366471773210814,-0.7711552188820999
1769099884.214409,14.258375208887873,-10.85683941821253,-1.760358246075017,0.6370130768886871,-0.7708529949820573
1769099884.2644587,14.256581645764259,-10.866211469574,-1.7594090953312411,0.6373788329871102,-0.7705505974691016
1769099884.3144054,14.255359293985196,-10.872626203136523,-1.7587763281687552,0.6376225906402445,-0.7703489027091707
1769099884.3645282,14.254165607055086,-10.87891756615121,-1.7578271774249794,0.6379881074402608,-0.7700462159927768
1769099884.4144595,14.252408383026737,-10.888219234907565,-1.7571944102624935,0.6382317054848862,-0.7698443284936595
1769099884.464533,14.251211278994443,-10.894561471317632,-1.7575107938436898,0.6381099144468277,-0.769945281877006
1769099884.5144722,14.250015871571318,-10.900878269533763,-1.7581435610062692,0.6378662844682694,-0.7701471308384163
1769099884.56448,14.2481808221328,-10.91050007790225,-1.760358246075017,0.6370130768886871,-0.7708529949820573
1769099884.614464,14.246963438312207,-10.91681267674992,-1.7622565475624747,0.6362811343666296,-0.7714572691012219
1769099884.6644793,14.24570327057642,-10.923297458026825,-1.7632056983062505,0.6359149481078085,-0.7717591455713649
1769099884.7144704,14.24386107634639,-10.932737448081438,-1.7638384654686428,0.6356707443624969,-0.7719602999906336
1769099884.7644684,14.24262203136923,-10.939097412342257,-1.7625729311437646,0.6361590881989795,-0.7715579139000799
1769099884.8144097,14.241408289201082,-10.945359157319512,-1.7619401639812786,0.6364031646115357,-0.7713566049969512
1769099884.8644674,14.23961504847452,-10.954705495605314,-1.7587763281687552,0.6376225906402445,-0.7703489027091707
1769099884.91441,14.238427071032342,-10.960972179396245,-1.7575107938436898,0.6381099144468277,-0.769945281877006
1769099884.9645076,14.237293794001017,-10.966965856341389,-1.7578271774249794,0.6379881074402608,-0.7700462159927768
1769099885.0144587,14.235514801821964,-10.97636644596947,-1.7578271774248857,0.6379881074402969,-0.7700462159927469
1769099885.0644705,14.234311678631538,-10.982707543079135,-1.7587763281687552,0.6376225906402444,-0.7703489027091707
1769099885.1144447,14.233098802447662,-10.989072550024888,-1.7594090953312416,0.6373788329871101,-0.7705505974691017
1769099885.1644764,14.231210028264126,-10.998967549844055,-1.7594090953312416,0.6373788329871101,-0.7705505974691017
1769099885.2144198,14.230013931321556,-11.005206919037938,-1.760991013237503,0.6367691597795425,-0.7710544968766185
1769099885.2644672,14.228721482120163,-11.011891696851093,-1.762572931143765,0.6361590881989794,-0.77155791390008
1769099885.3144464,14.226891583316332,-11.021308295264703,-1.7628893147249611,0.6360370261117115,-0.7716585393909472
1769099885.3644688,14.225654550506874,-11.027668651645126,-1.7628893147249611,0.6360370261117115,-0.7716585393909472
1769099885.4144688,14.224450364189295,-11.033854901589999,-1.7632056983061568,0.6359149481078445,-0.7717591455713352
1769099885.464482,14.222698277034361,-11.042848289152715,-1.7632056983061568,0.6359149481078445,-0.7717591455713352
1769099885.514461,14.221544330333774,-11.048786460513556,-1.762256547562475,0.6362811343666295,-0.7714572691012219
1769099885.56452,14.21976180733855,-11.05800598740642,-1.7613073968186992,0.6366471773210813,-0.7711552188821
1769099885.6144173,14.218626723809706,-11.063922022262236,-1.7594090953312416,0.6373788329871101,-0.7705505974691017
1769099885.6645272,14.217434781253903,-11.070187953085524,-1.7581435610062692,0.6378662844682693,-0.7701471308384163
1769099885.714464,14.215655556223215,-11.079614256453405,-1.7565616430999138,0.6384752396434669,-0.7696423639341962
1769099885.7645,14.214477493564026,-11.085882812103582,-1.7565616431000073,0.6384752396434308,-0.769642363934226
1769099885.8144658,14.213299430904836,-11.09215136775376,-1.7565616430999138,0.6384752396434669,-0.7696423639341962
1769099885.8644617,14.21148886285792,-11.101752058609039,-1.7578271774249794,0.6379881074402608,-0.7700462159927768
1769099885.9144194,14.210287460540776,-11.108067718515224,-1.7597254789124372,0.6372569302337698,-0.770651415926184
1769099885.9644814,14.209045408632551,-11.114530221094487,-1.7616237803999886,0.6365251789307161,-0.7712559215897274
1769099886.0144553,14.207176631102111,-11.124171320021373,-1.7628893147249607,0.6360370261117116,-0.7716585393909471
1769099886.0644758,14.20592993397383,-11.130581366686025,-1.7628893147249607,0.6360370261117116,-0.7716585393909471
1769099886.114465,14.204689079112129,-11.136966764554886,-1.7625729311437646,0.6361590881989795,-0.7715579139000799
1769099886.1644742,14.202874409806089,-11.146360530910865,-1.760674629656213,0.6368911263031193,-0.7709537555757441
1769099886.2144275,14.20168980188042,-11.152550559115845,-1.7590927117499513,0.6375007197903092,-0.7704497597292361
1769099886.2644799,14.200543254843723,-11.158567479844633,-1.7590927117500452,0.6375007197902731,-0.770449759729266
1769099886.3145022,14.19876480078256,-11.167916646937783,-1.7584599445874656,0.6377444455339384,-0.7702480264113694
1769099886.3644881,14.197589986333892,-11.174108541969112,-1.7581435610061755,0.6378662844683055,-0.7701471308383865
1769099886.4145372,14.196381137959944,-11.180474315108786,-1.7587763281687552,0.6376225906402445,-0.7703489027091707
1769099886.464475,14.195162845458077,-11.186889820851105,-1.7581435610061755,0.6378662844683055,-0.7701471308383865
1769099886.5144439,14.19333373721076,-11.196538525109593,-1.7581435610062692,0.6378662844682694,-0.7701471308384163
1769099886.5644805,14.192068224069287,-11.203202693865183,-1.7587763281686617,0.6376225906402806,-0.7703489027091408
1769099886.6144412,14.190889491828218,-11.209393844272956,-1.7590927117499513,0.6375007197903092,-0.7704497597292361
1769099886.6644902,14.18906136013937,-11.21891389521562,-1.7619401639811847,0.6364031646115718,-0.7713566049969214
1769099886.7144384,14.18782050540188,-11.225299292445303,-1.7635220818874469,0.6357928541903972,-0.7718597324387563
1769099886.7644782,14.18658128997418,-11.231633435093617,-1.7644712326312224,0.6354264769873808,-0.77216137713784
1769099886.8148086,14.184707292017581,-11.241196156399353,-1.7641548490500263,0.6355486186270912,-0.77206084822454
1769099886.8645015,14.183505012809064,-11.247331200977314,-1.7644712326312224,0.6354264769873808,-0.77216137713784
1769099886.9144707,14.182250430077644,-11.253765496799522,-1.7622565475623808,0.6362811343666658,-0.771457269101192
1769099886.964509,14.180483319384898,-11.262936441214517,-1.760041862493727,0.6371350115332665,-0.7707522150980199
1769099887.014427,14.179302628542706,-11.269127217761218,-1.7584599445874651,0.6377444455339385,-0.7702480264113692
1769099887.0645208,14.178135459148622,-11.27529479996277,-1.7571944102624935,0.6382317054848863,-0.7698443284936595
1769099887.1158004,14.176384121262217,-11.284597578770544,-1.7565616431000073,0.6384752396434309,-0.769642363934226
1769099887.1645339,14.175166613640652,-11.291064751203752,-1.7571944102624935,0.6382317054848863,-0.7698443284936595
1769099887.2178085,14.174065332841396,-11.296884163442314,-1.7584599445874651,0.6377444455339385,-0.7702480264113692
1769099887.2645679,14.172290133742392,-11.306208184829664,-1.7594090953312411,0.6373788329871103,-0.7705505974691016
1769099887.31443,14.171052171238703,-11.312671472583899,-1.7606746296562128,0.6368911263031194,-0.770953755575744
1769099887.364517,14.169176629731364,-11.322388602241219,-1.7622565475624745,0.6362811343666297,-0.7714572691012218
1769099887.4144328,14.167914723170414,-11.32889882927062,-1.7622565475624745,0.6362811343666297,-0.7714572691012218
1769099887.4645057,14.166722196477775,-11.335061559074761,-1.7616237803999886,0.6365251789307161,-0.7712559215897274
1769099887.5188522,14.1649138097283,-11.344430761753806,-1.7613073968186985,0.6366471773210816,-0.7711552188820998
1769099887.5644782,14.16371941105292,-11.350618908881343,-1.7616237803999886,0.6365251789307161,-0.7712559215897274
1769099887.614847,14.162519366282128,-11.356857519975303,-1.760041862493727,0.6371350115332665,-0.7707522150980199
1769099887.6644819,14.160716586319237,-11.36625357658858,-1.7606746296562128,0.6368911263031194,-0.770953755575744
1769099887.7148957,14.15953576054649,-11.37241855875415,-1.7594090953312411,0.6373788329871103,-0.7705505974691016
1769099887.7644901,14.158336356460543,-11.378734598448196,-1.7575107938436894,0.6381099144468279,-0.7699452818770058
1769099887.8209105,14.157131536380543,-11.385101135232958,-1.7581435610061753,0.6378662844683056,-0.7701471308383864
1769099887.8645031,14.155311709839093,-11.394725836064392,-1.7571944102624935,0.6382317054848863,-0.7698443284936595
1769099887.915874,14.154123994858033,-11.401018329443794,-1.7575107938437828,0.6381099144467918,-0.7699452818770357
1769099887.9645183,14.152313938137496,-11.410541834847553,-1.759725478912437,0.63725693023377,-0.7706514159261839
1769099888.0158608,14.151087228075436,-11.416929964517813,-1.7613073968186985,0.6366471773210816,-0.7711552188820998
1769099888.0645142,14.14985422032315,-11.423291101423503,-1.76320569830625,0.6359149481078086,-0.7717591455713648
1769099888.1218865,14.148595566306067,-11.429724602742859,-1.7647876162124183,0.63530431944635,-0.7722618867280775
1769099888.1644902,14.146722274993822,-11.439235873505574,-1.7657367669561939,0.6349377514458338,-0.7725632995353252
1769099888.2168853,14.14545365347998,-11.445693212894541,-1.7638384654686423,0.635670744362497,-0.7719602999906335
1769099888.2644901,14.143633806169778,-11.455034410402622,-1.7625729311436706,0.6361590881990157,-0.77155791390005
1769099888.3145807,14.14243940773351,-11.46122255629131,-1.7603582460750167,0.6370130768886871,-0.7708529949820572
1769099888.3645377,14.141279546635328,-11.467288470525267,-1.7590927117499509,0.6375007197903093,-0.770449759729236
1769099888.4145582,14.140123604823625,-11.47338089675348,-1.7575107938436894,0.6381099144468279,-0.7699452818770058
1769099888.4644997,14.138334990563607,-11.482856944095579,-1.7571944102624935,0.6382317054848863,-0.7698443284936595
1769099888.5145059,14.137167821169522,-11.489024526297138,-1.7584599445875588,0.6377444455339024,-0.7702480264113991
1769099888.5647132,14.13590965951987,-11.495638564719421,-1.7590927117500448,0.6375007197902732,-0.7704497597292659
1769099888.6144946,14.13412174559668,-11.505037461424774,-1.7584599445874651,0.6377444455339385,-0.7702480264113692
1769099888.6645312,14.132882503671086,-11.511552040622657,-1.7590927117500448,0.6375007197902732,-0.7704497597292659
1769099888.7145097,14.131650676276287,-11.518016500909782,-1.7590927117499509,0.6375007197903093,-0.770449759729236
1769099888.7644928,14.129819053579972,-11.527587428054028,-1.7606746296562128,0.6368911263031194,-0.770953755575744
1769099888.8145921,14.128594096886527,-11.533950121128205,-1.7613073968187924,0.6366471773210454,-0.7711552188821297
1769099888.8644977,14.127393918613885,-11.540162930393889,-1.7619401639811847,0.6364031646115719,-0.7713566049969214
1769099888.9145515,14.12557663995527,-11.549530412108702,-1.7628893147249602,0.6360370261117118,-0.771658539390947
1769099888.9645276,14.124368600102281,-11.555741697636469,-1.7628893147249602,0.6360370261117118,-0.771658539390947
1769099889.0145164,14.12315485799488,-11.562003442300329,-1.7616237803998949,0.6365251789307523,-0.7712559215896976
1769099889.06452,14.121301146433181,-11.571673219390107,-1.758776328168755,0.6376225906402445,-0.7703489027091706
1769099889.114503,14.120209440986315,-11.57741716244151,-1.7584599445874651,0.6377444455339385,-0.7702480264113692
1769099889.164493,14.118984170045614,-11.58390862664401,-1.7562452595187175,0.6385969827578226,-0.769541352763193
1769099889.2145112,14.117248052936212,-11.593162758536375,-1.7562452595187175,0.6385969827578226,-0.769541352763193
1769099889.2645187,14.11606800714668,-11.599430940734841,-1.7575107938436894,0.6381099144468279,-0.7699452818770058
1769099889.314531,14.114861172919706,-11.605797095697055,-1.758776328168755,0.6376225906402445,-0.7703489027091706
1769099889.3645003,14.113099457401765,-11.614994849505946,-1.7613073968187924,0.6366471773210454,-0.7711552188821297
1769099889.4145527,14.111831700883249,-11.621529722927654,-1.7635220818874464,0.6357928541903972,-0.7718597324387562
1769099889.4645,14.110586619900308,-11.627888508283384,-1.7647876162125122,0.6353043194463138,-0.7722618867281074
1769099889.5145836,14.108660842696278,-11.63769900316742,-1.764471232631222,0.6354264769873809,-0.7721613771378399
1769099889.5644882,14.10743909337912,-11.643933400694017,-1.7641548490499324,0.6355486186271274,-0.7720608482245102
1769099889.6145718,14.106192178413735,-11.650317617715455,-1.76320569830625,0.6359149481078086,-0.7717591455713648
1769099889.6645045,14.104409655953795,-11.659537141839735,-1.7603582460749228,0.6370130768887233,-0.7708529949820273
1769099889.7145712,14.103251681507032,-11.665577647281484,-1.7600418624937266,0.6371350115332666,-0.7707522150980198
1769099889.7644992,14.102074756968694,-11.671743375400567,-1.7587763281687545,0.6376225906402446,-0.7703489027091704
1769099889.8145106,14.100299557810455,-11.681067397099024,-1.7590927117499509,0.6375007197903094,-0.770449759729236
1769099889.8645093,14.099092422382856,-11.68740773185397,-1.7587763281687545,0.6376225906402446,-0.7703489027091704
1769099889.914522,14.097962908955143,-11.693350599340048,-1.758459944587465,0.6377444455339386,-0.7702480264113691
1769099889.9645336,14.096127556262232,-11.703023881135984,-1.758143561006269,0.6378662844682697,-0.7701471308384162
1769099890.0145192,14.094907598260704,-11.709464832947539,-1.7578271774249792,0.637988107440261,-0.7700462159927767
1769099890.0645616,14.093702778160603,-11.715831369838522,-1.7578271774249792,0.637988107440261,-0.7700462159927767
1769099890.1145062,14.091895944754508,-11.725329724500567,-1.7597254789124366,0.63725693023377,-0.7706514159261838
1769099890.1645246,14.090663447091732,-11.731742515521521,-1.7616237803999883,0.6365251789307163,-0.7712559215897273
1769099890.214527,14.089430439236594,-11.738103652957829,-1.7628893147249602,0.6360370261117119,-0.771658539390947
1769099890.2645416,14.08759160367105,-11.747518509337823,-1.764471232631222,0.635426476987381,-0.7721613771378399
1769099890.314519,14.086352388243348,-11.753852651986143,-1.7635220818875401,0.6357928541903611,-0.7718597324387859
1769099890.364499,14.08512885760808,-11.760138279230441,-1.7625729311437643,0.6361590881989796,-0.7715579139000798
1769099890.4145296,14.083326746336084,-11.7694829126538,-1.7600418624937266,0.6371350115332666,-0.7707522150980198
1769099890.4645116,14.08210067569625,-11.775922702350979,-1.7578271774249792,0.637988107440261,-0.7700462159927767
1769099890.514538,14.08096929506034,-11.781916737346378,-1.756878026681203,0.6383534805514605,-0.7697433558452038
1769099890.564512,14.079208591701319,-11.791269263790436,-1.756878026681203,0.6383534805514605,-0.7697433558452038
1769099890.6145442,14.078017181579726,-11.797586817156484,-1.7575107938436891,0.638109914446828,-0.7699452818770058
1769099890.6645122,14.07682548519329,-11.80387855751922,-1.758459944587465,0.6377444455339386,-0.7702480264113691
1769099890.714576,14.074946141080478,-11.813749588161297,-1.759409095331147,0.6373788329871465,-0.7705505974690716
1769099890.7645068,14.07374428793229,-11.820013625067457,-1.7613073968187924,0.6366471773210454,-0.7711552188821297
1769099890.8146014,14.072445972646413,-11.826723048308738,-1.7625729311436706,0.6361590881990157,-0.77155791390005
1769099890.8645191,14.070677402331146,-11.835816370169677,-1.76320569830625,0.6359149481078086,-0.7717591455713648
1769099890.91454,14.069440369542322,-11.842176726444004,-1.7625729311436706,0.6361590881990157,-0.77155791390005
1769099890.9645681,14.068240097921386,-11.8483637371199,-1.7622565475624745,0.6362811343666297,-0.7714572691012218
1769099891.0145223,14.0664291175133,-11.857706658352956,-1.7622565475624745,0.6362811343666297,-0.7714572691012218
1769099891.0645137,14.065207739368422,-11.8640184864588,-1.7616237803999886,0.6365251789307161,-0.7712559215897274
1769099891.1145205,14.06405745528993,-11.869983147583373,-1.760991013237409,0.6367691597795788,-0.7710544968765886
1769099891.164524,14.062254675417268,-11.87937920372639,-1.759725478912437,0.63725693023377,-0.7706514159261839
1769099891.2145288,14.06105501757386,-11.885669430918501,-1.758776328168755,0.6376225906402445,-0.7703489027091706
1769099891.2645397,14.059855613327837,-11.891985471455515,-1.7581435610061753,0.6378662844683056,-0.7701471308383864
1769099891.3145323,14.058026381998062,-11.901659912342916,-1.7571944102624935,0.6382317054848863,-0.7698443284936595
1769099891.364543,14.056874432479194,-11.907778852414344,-1.7565616430999136,0.6384752396434669,-0.769642363934196
1769099891.414529,14.055671984271626,-11.914171594004575,-1.7568780266812034,0.6383534805514605,-0.7697433558452039
1769099891.4645932,14.053867954074548,-11.923696242846134,-1.7590927117500452,0.6375007197902731,-0.770449759729266
1769099891.5145333,14.052652795947756,-11.930035043583898,-1.761307396818699,0.6366471773210814,-0.7711552188820999
1769099891.5645144,14.05140635691627,-11.936470922614904,-1.7628893147249607,0.6360370261117116,-0.7716585393909471
1769099891.6145513,14.049544462409177,-11.946036007871022,-1.7632056983062505,0.6359149481078085,-0.7717591455713649
1769099891.6645143,14.04827050362763,-11.9525696763653,-1.7635220818875403,0.635792854190361,-0.771859732438786
1769099891.714537,14.04713586991825,-11.958408463715404,-1.7619401639812786,0.6364031646115357,-0.7713566049969512
1769099891.7645378,14.045327145041988,-11.96780337645385,-1.760041862493727,0.6371350115332665,-0.7707522150980199
1769099891.814625,14.044174904581535,-11.97384497766207,-1.7584599445874656,0.6377444455339384,-0.7702480264113694
1769099891.8645287,14.042988909874643,-11.98011203699591,-1.7571944102623998,0.6382317054849223,-0.7698443284936296
1769099891.9145508,14.041234628800199,-11.989414261398734,-1.7571944102624935,0.6382317054848862,-0.7698443284936595
1769099891.964534,14.040054327865047,-11.995656638423768,-1.7581435610062692,0.6378662844682694,-0.7701471308384163
1769099892.014594,14.0388454794911,-12.002022411563434,-1.7587763281687552,0.6376225906402445,-0.7703489027091707
1769099892.0645235,14.037007214024912,-12.011669375215593,-1.7594090953312411,0.6373788329871102,-0.7705505974691016
1769099892.114535,14.03576013883383,-12.018208228206596,-1.7590927117499513,0.6375007197903092,-0.7704497597292361
1769099892.164532,14.034543235386558,-12.024572466091405,-1.7603582460749232,0.6370130768887232,-0.7708529949820274
1769099892.2145655,14.032702529141195,-12.03414165107728,-1.761307396818793,0.6366471773210453,-0.7711552188821298
1769099892.2645516,14.031481151057445,-12.040453478867226,-1.762572931143765,0.6361590881989794,-0.77155791390008
1769099892.3145514,14.030238276064306,-12.04683848361736,-1.7635220818875408,0.6357928541903609,-0.7718597324387861
1769099892.3645914,14.028396081803539,-12.056278473829469,-1.7635220818874469,0.6357928541903971,-0.7718597324387563
1769099892.414553,14.02719574372259,-12.062413898277056,-1.7644712326312224,0.6354264769873808,-0.77216137713784
1769099892.4646513,14.02594296313983,-12.068822758323336,-1.7632056983062507,0.6359149481078084,-0.771759145571365
1769099892.514554,14.02416379069685,-12.078017151294775,-1.760674629656213,0.6368911263031193,-0.7709537555757441
1769099892.5644794,14.022965901465863,-12.084281947440047,-1.7587763281687552,0.6376225906402444,-0.7703489027091707
1769099892.6145496,14.021783625683117,-12.090523950308272,-1.757194410262494,0.6382317054848861,-0.7698443284936596
1769099892.6682248,14.020022922353467,-12.099876476596307,-1.7565616431000077,0.6384752396434307,-0.7696423639342261
1769099892.7145607,14.018816429390705,-12.10626845539722,-1.7581435610061755,0.6378662844683054,-0.7701471308383865
1769099892.7644806,14.017626255207068,-12.112508956432078,-1.7603582460749234,0.6370130768887231,-0.7708529949820275
1769099892.8145661,14.015767690128841,-12.122048890568317,-1.7660531505374846,0.634815530330058,-0.7726637318081956
1769099892.8644807,14.014474563049564,-12.12850136105742,-1.7711152878374659,0.6328578340586098,-0.7742680168201739
1769099892.91456,14.013232289069034,-12.134550930575227,-1.7755446579749612,0.6311415236149204,-0.7756676976444468
1769099892.9644814,14.01117812071661,-12.144257722964973,-1.78313786392498,0.628192079708387,-0.7780582953684457
1769099893.0145693,14.009886640431281,-12.150193409224531,-1.7869344668999896,0.6267139595160054,-0.7792493907265958
1769099893.072472,14.008508903769883,-12.156421123839436,-1.7900983027125132,0.6254804673010267,-0.7802398253260913
1769099893.1145494,14.006413881744011,-12.165730419010883,-1.7942112892687185,0.6238745878464653,-0.7815244709152767
1769099893.165164,14.005095427323846,-12.171478534979471,-1.798324275824924,0.6222660699245102,-0.7828058113099983
1769099893.2145324,14.00293389026184,-12.180694629395003,-1.8040191802874852,0.6200345481225239,-0.7845745083384353
1769099893.265137,14.00147158443676,-12.186798969999188,-1.8078157832624946,0.6185440728988238,-0.7857501065108006
1769099893.3145535,13.99994120951271,-12.193069129128013,-1.812561536981186,0.6166778450343616,-0.7872156219510483
1769099893.3701644,13.998360647628413,-12.199431199457527,-1.8160417563749998,0.6153070705439604,-0.7882875166705419
1769099893.414548,13.99598348651771,-12.20880308344378,-1.8223694280000469,0.6128099828635954,-0.7902302986488938
1769099893.4665306,13.994309115783459,-12.21524576698105,-1.827747948881224,0.6106826343871654,-0.7918754447878478
1769099893.5145447,13.991781357609906,-12.224761601465723,-1.8331264697624952,0.6085508693822173,-0.79351486399068
1769099893.564611,13.99010583918892,-12.23091587602421,-1.8400869085500284,0.6057855837798977,-0.7956279447608967
1769099893.6145504,13.98834079269119,-12.237229243659481,-1.8467309637561775,0.6031391479654893,-0.7976359872720535
1769099893.6645408,13.986579593273166,-12.243385883806862,-1.8521094846375425,0.6009919186578467,-0.7992550992692884
1769099893.7145743,13.983868964252789,-12.252666813392647,-1.85780438910001,0.5987136446026728,-0.8009631525648258
1769099893.764546,13.982084976031985,-12.258658604466085,-1.8625501428187015,0.5968113739151739,-0.8023815700559693
1769099893.8145711,13.980215362783653,-12.264862548143432,-1.8644484443061595,0.5960495241357266,-0.802947672502744
1769099893.8645515,13.977481716209766,-12.273846097463494,-1.8679286636999728,0.5946514053965054,-0.803983647880951
1769099893.914585,13.97564660815418,-12.279822435629017,-1.8695105816062345,0.5940153013866233,-0.8044537411924685
1769099893.9645665,13.97373645380043,-12.285987521953805,-1.872990800999954,0.5926145650038251,-0.805486174521529
1769099894.0146441,13.970863444276922,-12.29508684262793,-1.8802676233686832,0.5896799590415573,-0.80763701370402
1769099894.0645497,13.96888805990724,-12.301204741358552,-1.8859625278312442,0.5873778637762025,-0.8093128227982705
1769099894.1145802,13.966862038618462,-12.30735937438789,-1.8916574322937114,0.5850710060636591,-0.8109820700013396
1769099894.1645868,13.9637397367117,-12.316616914064532,-1.9005161725687025,0.5814731387084215,-0.8135656021247314
1769099894.2145743,13.961617069962026,-12.322765670926698,-1.9058946934499736,0.5792831489149554,-0.8151263910481451
1769099894.26458,13.95943175423388,-12.328999830682061,-1.9100076800062735,0.577605623211019,-0.8163159584591069
1769099894.3145647,13.95617868431573,-12.338131684384507,-1.9160189680499367,0.5751494627121464,-0.8180483454796112
1769099894.3645718,13.953993533542926,-12.344177841975355,-1.91918280386246,0.5738546582806402,-0.8189571607658179
1769099894.4145646,13.951789264688633,-12.350217055858906,-1.9223466396749835,0.5725584177986595,-0.8198639266414248
1769099894.4646354,13.948486689452945,-12.3591424454436,-1.9280415441374508,0.5702215764404114,-0.8214909334629398
1769099894.5145607,13.946278621411444,-12.36501830546331,-1.932470914274946,0.5684008358038584,-0.822751779005962
1769099894.5645773,13.944030273352144,-12.370933060386301,-1.9356347500874695,0.5670985993738362,-0.8236499126377864
1769099894.6145527,13.940577851221542,-12.379882993291396,-1.9422788052937128,0.5643592874518492,-0.8255292815320612
1769099894.664608,13.938286353636052,-12.385726822024584,-1.946708175431208,0.5625296175301957,-0.8267771340581038
1769099894.7145574,13.935898050522656,-12.391750139771053,-1.9498720112437316,0.5612210206678488,-0.8276659748718308
1769099894.764589,13.932375227456223,-12.400509119132204,-1.9565160664499748,0.5584683997328632,-0.8295257961629734
1769099894.8145878,13.9299816159122,-12.406366591838758,-1.9609454365874701,0.5566298932440604,-0.8307605924374999
1769099894.8645427,13.92748958451363,-12.41237514234415,-1.9669567246312274,0.5541304121289623,-0.8324298687299647
1769099894.9145627,13.92363447485237,-12.421462344864615,-1.9770809992312839,0.5499094559921132,-0.8352242753958113
1769099894.964575,13.92107158502597,-12.427385904445295,-1.9811939857874896,0.5481906612663522,-0.8363533935486599
1769099895.0145729,13.918491705513143,-12.433274458888393,-1.9862561230874707,0.5460720397335332,-0.8377382212966402
1769099895.0645585,13.91468753300866,-12.4418319350375,-1.991951027549938,0.5436844096193599,-0.8392897370615513
1769099895.114669,13.91207079028923,-12.44764874216624,-1.9951148633624611,0.5423560424342484,-0.840148750659703
1769099895.164551,13.90950198628301,-12.453320571758264,-1.9970131648500131,0.5415583704416373,-0.8406631497839062
1769099895.214725,13.90556289053644,-12.461956088373185,-2.0004933842437325,0.5400947051669246,-0.8416042475241274
1769099895.264576,13.90281380019499,-12.467935145548802,-2.00302445289377,0.5390291938862967,-0.8422870817828617
1769099895.314578,13.900163819460458,-12.473653302193693,-2.0065046722873956,0.5375627066223805,-0.8432237760220122
1769099895.3645675,13.896028348182913,-12.48244888552939,-2.0140978782375085,0.5343574541546342,-0.8452586061019302
1769099895.414571,13.893277972098073,-12.48820370664609,-2.01916001553749,0.5322163372514388,-0.8466083925656908
1769099895.4645734,13.89039641264076,-12.494148191307318,-2.025171303581247,0.5296693336370235,-0.8482042189263806
1769099895.5145767,13.886161945358335,-12.502727507667238,-2.033397276693658,0.526176210812433,-0.8503755612522446
1769099895.5645936,13.88327468453631,-12.508471593933114,-2.039724948318705,0.5234831331740177,-0.8520360375490661
1769099895.6145883,13.880296354604212,-12.514311423154949,-2.0451034691999763,0.521189896180396,-0.8534407373212671
1769099895.6646185,13.875814978994308,-12.522992929411128,-2.0495328393374717,0.5192985170941097,-0.8545929148687454
1769099895.714561,13.872806603980223,-12.528760307256352,-2.0536458258936774,0.5175399556488689,-0.8556590409193179
1769099895.764747,13.869814425576942,-12.534450455437867,-2.056176894543715,0.5164566756110992,-0.8563133201210477
1769099895.8145807,13.865379490068303,-12.5428134741188,-2.06060626468121,0.5145589462715944,-0.8574550080394111
1769099895.8645737,13.86236809286303,-12.548436112251668,-2.0644028676562196,0.5129303120131614,-0.8584302505259708
1769099895.9145722,13.859385255641424,-12.55395915571598,-2.067566703468743,0.511571704600201,-0.8592405897374987
1769099895.9645975,13.854858296516934,-12.562243879180988,-2.0742107586749863,0.5087144660773845,-0.8609353007070866
1769099896.014582,13.851691753012057,-12.567954907017993,-2.0799056631374535,0.5062609349241509,-0.8623803486685702
1769099896.064586,13.848519322282648,-12.573604683745446,-2.0849678004375285,0.5040765717587795,-0.8636589661457328
1769099896.1145792,13.843670903644602,-12.5821157973781,-2.0922446228062577,0.5009308957617484,-0.8654872833677757
1769099896.164603,13.84033944686147,-12.587878876782312,-2.0976231436874353,0.4986015664587259,-0.8668312857326418
1769099896.214637,13.837026391972904,-12.593535527383173,-2.1036344317311926,0.495993931953933,-0.8683259868648855
1769099896.2645967,13.83198248509278,-12.602020724048096,-2.1105948705187254,0.49296896939651036,-0.8700468925363405
1769099896.314602,13.828744397848128,-12.607398092032838,-2.1150242406562207,0.4910408821456796,-0.8711365289445695
1769099896.3645802,13.825473629826734,-12.612785280827756,-2.1178716928874546,0.48980012506927284,-0.871834753541131
1769099896.4146237,13.820482857776678,-12.620918182009635,-2.124515748093698,0.4869011685976376,-0.8734570693618862
1769099896.4646034,13.817201963283338,-12.626210074602264,-2.1270468167437353,0.4857953890851555,-0.87407255988482
1769099896.514595,13.813866665314409,-12.631557551953344,-2.1298942689749687,0.48455045722253104,-0.8747633133627839
1769099896.564602,13.8087617531308,-12.639679164967832,-2.134007255531175,0.48275048899521494,-0.8757579376602195
1769099896.6145835,13.805319019688062,-12.645108573479439,-2.137803858506278,0.48108716759072595,-0.8766727651635658
1769099896.66463,13.80178664890277,-12.650630932954916,-2.1419168450624837,0.47928327991479297,-0.877660263196482
1769099896.7146037,13.796509381008953,-12.658792737354098,-2.147611749524951,0.47678224460787255,-0.8790214395716858
1769099896.7646155,13.793043454730896,-12.664086759928288,-2.153306653987418,0.47427734356065365,-0.8803754888597534
1769099896.8145893,13.789478366034757,-12.669467007437351,-2.158685174868783,0.4719080724245566,-0.8816477591309011
1769099896.8646488,13.784021411648926,-12.677570856308868,-2.168176682306166,0.4677186908099312,-0.8838773819184672
1769099896.914595,13.780519644869557,-12.68268861006997,-2.1735552031874374,0.46534002589922996,-0.8851320016224157
1769099896.9646478,13.776919200188102,-12.687892083985354,-2.1786173404875124,0.46309820787573,-0.8863069727031866
1769099897.0145762,13.771578227134741,-12.695522979394733,-2.1843122449499797,0.46057261712391306,-0.8876220278675093
1769099897.0645814,13.767868498030461,-12.70077358083515,-2.187476080762503,0.45916789624653714,-0.888349505012824
1769099897.1146126,13.764188643654185,-12.705952291053233,-2.189690765831251,0.4581839077377569,-0.8888574164004925
1769099897.164575,13.758655351004496,-12.713695186126069,-2.1928546016437744,0.4567772355667839,-0.889581113259475
1769099897.2145898,13.75498959298154,-12.718790629690321,-2.196018437456204,0.4553694203273832,-0.890302583973956
1769099897.2645798,13.751215362472394,-12.723995056313859,-2.2004478075936995,0.4533965653454997,-0.891308899615001
1769099897.3146071,13.745508428855802,-12.731768415518083,-2.2077246299624287,0.45015062319475196,-0.8929526395265185
1769099897.3645868,13.741686195123204,-12.736906174814496,-2.2131031508437,0.4477476161093577,-0.894159981361494
1769099897.4146547,13.737741771928263,-12.742142158551712,-2.2197472060499432,0.44477472679381264,-0.8956424746546411
1769099897.4645896,13.731746321908581,-12.74998397360577,-2.227340411999962,0.44137113054820776,-0.8973246486743786
1769099897.5145988,13.727701675592876,-12.755207111406216,-2.2320861657187474,0.43924064907280347,-0.8983694408215933
1769099897.564586,13.72366510331102,-12.760372397628153,-2.236199152274953,0.437392230848549,-0.8992708359517335
1769099897.6145737,13.717734622290223,-12.767880059579163,-2.2425268238999063,0.4345449012042033,-0.9006501700646201
1769099897.664589,13.713737515425823,-12.77288297871707,-2.247272577618692,0.4324065479011372,-0.9016787550631442
1769099897.7145815,13.709813604791922,-12.777749920039309,-2.251385564174991,0.4305513385504089,-0.9025660889222745
1769099897.7645805,13.703821254049165,-12.785110642071464,-2.2567640850562625,0.428122549299182,-0.9037206884771254
1769099897.8146207,13.69980542758713,-12.790000686306591,-2.259927920868692,0.42669240227554395,-0.9043968121573215
1769099897.864682,13.69580487035077,-12.794837715801702,-2.2637245238437016,0.42497481668967685,-0.9052051729743791
1769099897.914609,13.689599451525401,-12.802285277904092,-2.2672047432374214,0.4233990177776266,-0.9059433049285927
1769099897.964697,13.685515753389149,-12.807151873536096,-2.270684962631235,0.42182193682135566,-0.9066786937037179
1769099898.014609,13.681317120642904,-12.812120220085895,-2.2741651820249547,0.42024357859631994,-0.907411337072972
1769099898.064576,13.674921647243481,-12.819606099676724,-2.281442004393684,0.416939268726266,-0.9089343464706384
1769099898.114905,13.670764519631728,-12.824410116430736,-2.286820525274955,0.41449340281462455,-0.9100523166407266
1769099898.1646051,13.666411821589065,-12.82937944972816,-2.2934645804811984,0.41146790231408514,-0.9114242510298081
1769099898.2146,13.660155494009558,-12.83641584973196,-2.301690553593703,0.40771575686565675,-0.9131088990933472
1769099898.2646122,13.655884255695689,-12.841152835575633,-2.3073854580561703,0.405114073531736,-0.9142661469323488
1769099898.3146791,13.651741770666192,-12.845699082149302,-2.3121312117750494,0.402943494078274,-0.915224857933826
1769099898.3646243,13.645331858332526,-12.852664835048271,-2.3171933490750307,0.4006257089165517,-0.9162418028856304
1769099898.41471,13.641013034429927,-12.857324033246655,-2.3194080341437786,0.39961086997869827,-0.9166848709315911
1769099898.4646158,13.636700417730452,-12.8619544483492,-2.3219391027937224,0.3984504541152438,-0.9171898579985258
1769099898.5146415,13.630136997963504,-12.868950318869501,-2.326684856512414,0.39627295582194,-0.9181327488354518
1769099898.5648785,13.625701652468669,-12.873639102228625,-2.3301650759062276,0.39467470497543117,-0.9188209168562481
1769099898.614579,13.621368626521953,-12.878180705675883,-2.3352272132063026,0.3923478444375748,-0.9198169214388201
1769099898.6648748,13.614652443870416,-12.88513598636659,-2.3421876519937417,0.38914431016912104,-0.9211768048876388
1769099898.7146146,13.610031418607626,-12.889856831544327,-2.348831707199985,0.386081993754012,-0.9224644676619946
1769099898.7645948,13.60552604197706,-12.894407396850156,-2.3535774609187703,0.38389201429376507,-0.9233779948436478
1769099898.8146677,13.598590522952012,-12.901324384458796,-2.3614870504499854,0.3802372512435338,-0.9248889840228187
1769099898.864657,13.593902411580586,-12.905942629417623,-2.3659164205874808,0.37818798259567843,-0.9257288208866628
1769099898.9145536,13.589211276192433,-12.910521638724978,-2.370662174306266,0.37599027945825325,-0.9266236073794497
1769099898.9646585,13.58216289756888,-12.917323597837367,-2.3773062295125094,0.37290994123120147,-0.9278675421259986
1769099899.0146108,13.577585418156323,-12.921692355665321,-2.3817355996500047,0.37085409399017855,-0.9286911440143725
1769099899.0646272,13.5730090744979,-12.926025575256919,-2.3852158190437245,0.369237508871066,-0.9293350644642058
1769099899.1146119,13.566222387569818,-12.932405039866815,-2.389012422018734,0.3674726865128986,-0.930034313704066
1769099899.1646106,13.561651643358086,-12.936670307208608,-2.3924926414124537,0.36585376925178276,-0.9306723481033824
1769099899.2145543,13.556978059219439,-12.941010840290804,-2.3937581757375193,0.36526479714724813,-0.9309036620214681
1769099899.2646139,13.549940977287495,-12.947492738689707,-2.400718614525052,0.3620228426808308,-0.9321692235733222
1769099899.3145485,13.545133558240908,-12.951874713870748,-2.404198833918772,0.36040021869523614,-0.9327977714190927
1769099899.3646116,13.540290075341598,-12.956254617483616,-2.408628204056267,0.3583334832369565,-0.9335936561434368
1769099899.4146514,13.53294671493031,-12.962813234219812,-2.4165377935874823,0.35463851932078877,-0.9350034869528341
1769099899.4646142,13.528008845203972,-12.967163403303555,-2.4222326980499496,0.35197470745261916,-0.9360095113371675
1769099899.5145397,13.523159468510679,-12.9713841079569,-2.4285603696749964,0.349011570373501,-0.9371184150071018
1769099899.5645983,13.51576970486956,-12.97773616394593,-2.4345716577187537,0.3461933537865937,-0.9381631850557718
1769099899.6145947,13.511005607237529,-12.981784315021017,-2.439950178600025,0.3436691398317448,-0.9390907955716042
1769099899.6649587,13.506031344740453,-12.985975938943206,-2.442797630831259,0.342331783884903,-0.9395791343693091
1769099899.7146342,13.49878693563856,-12.992029751921853,-2.4481761517124365,0.3398037760418765,-0.9404963550103117
1769099899.7647896,13.493856316098638,-12.996115716115801,-2.4510236039436704,0.3384644228815687,-0.9409791891659701
1769099899.814589,13.488892609250827,-13.000201362291458,-2.4548202069187735,0.3366775519235285,-0.9416200008659437
1769099899.8646536,13.483955185198537,-13.00423923841357,-2.4573512755687172,0.3354856302019425,-0.9420453237121903
1769099899.914594,13.476479152055584,-13.010290319215668,-2.464944481518736,0.33190664884097115,-0.9433122369900415
1769099899.9646158,13.471434830934541,-13.014316697250468,-2.4709557695624933,0.3290698931200609,-0.9443055678338191
1769099900.014891,13.466530304481964,-13.018193529516896,-2.474435988956213,0.32742620046524434,-0.9448767555871472
1769099900.0645993,13.458872214671677,-13.024178349427308,-2.482029194906232,0.32383652739244073,-0.9461130500772119
1769099900.114557,13.453580051383543,-13.02825784631516,-2.487724099368699,0.3211412064876602,-0.9470313223413732
1769099900.1645966,13.448405055218252,-13.032198952042812,-2.4937353874124564,0.318293321163834,-0.9479922793475147
1769099900.2146482,13.440451678675736,-13.038172908795588,-2.5010122097811855,0.31484203627514434,-0.9491440840010122
1769099900.264599,13.435229670179769,-13.042051518294453,-2.504492429174999,0.3131899456164715,-0.9496905064097206
1769099900.3146837,13.430053500951638,-13.045864410180895,-2.5089217993124944,0.3110859138799546,-0.9503817939046778
1769099900.3647437,13.422405341397427,-13.051442433577053,-2.5139839366124757,0.30867943842861906,-0.9511661286501913
1769099900.414625,13.417361990828482,-13.05509387438611,-2.515882238100027,0.30777649948305297,-0.9514586834781416
1769099900.4646223,13.412330527579543,-13.058718542430222,-2.518729690331261,0.3064215714342663,-0.9518959084688592
1769099900.5145485,13.404688950506298,-13.064175937252035,-2.5241082112124387,0.30386057047125853,-0.9527165127743307
1769099900.5645993,13.399792006534453,-13.067640543678872,-2.5275884306061585,0.3022022800236524,-0.9532438208289137
1769099900.6145964,13.394486547554875,-13.071360274693202,-2.5326505679062334,0.29978858904901773,-0.9540056613437884
1769099900.6647143,13.38639179821914,-13.076965234782495,-2.539294623112383,0.29661770752571054,-0.9549963013447706
1769099900.7145982,13.380981065217687,-13.080666321900331,-2.5440403768311683,0.2943507859687731,-0.9556974494051794
1769099900.7646623,13.37551091188104,-13.084370070646543,-2.5487861305500474,0.2920822070573431,-0.9563932163710235
1769099900.814552,13.367449612095937,-13.089754163398823,-2.5566957200812626,0.2882975938923808,-0.9575408593662538
1769099900.864653,13.361998138536807,-13.093349206762234,-2.5604923230561782,0.2864793742994094,-0.9580864095169177
1769099900.9145515,13.35674054200012,-13.096778333044034,-2.566819994681225,0.28344671745491584,-0.9589879865587645
1769099900.9646266,13.348649818305555,-13.101978997570601,-2.573780433468758,0.2801075190616907,-0.9599686337402408
1769099901.014562,13.343286737773962,-13.10538453637747,-2.5778934200249637,0.27813275910053475,-0.9605426426323425
1769099901.064636,13.337869007845374,-13.108798378034981,-2.5807408722561975,0.27676492803010355,-0.9609376538633979
1769099901.115609,13.32964953110333,-13.113937791282405,-2.584853858812497,0.2747881823551189,-0.9615047866952977
1769099901.1646187,13.324358203438853,-13.117219595023276,-2.5880176946250204,0.2732668175267416,-0.9619382757946616
1769099901.2146595,13.3190996223102,-13.120458096381828,-2.591181530437544,0.27174476885806204,-0.96236935767837
1769099901.2646153,13.310932571204287,-13.125441566989082,-2.5962436677374314,0.26930807810799906,-0.963054078993374
1769099901.314641,13.305471122291268,-13.128736276454827,-2.6013058050375064,0.266869662088134,-0.9637326306901542
1769099901.3646226,13.29743988008708,-13.133503610515294,-2.6104809288936934,0.2624456862427755,-0.9649467662894978
1769099901.4147367,13.292081619536111,-13.136624946931166,-2.6177577512624226,0.2589330837513657,-0.9658952625098687
1769099901.4646144,13.286417838344246,-13.139875242199922,-2.6234526557249835,0.256181697135599,-0.9666286453714913
1769099901.5147307,13.278374041680948,-13.144418912018386,-2.6313622452561987,0.25235688580395105,-0.967634229545096
1769099901.5646076,13.27277963648814,-13.147534792773419,-2.6354752318124044,0.25036642028863865,-0.9681511532771382
1769099901.61764,13.264624458793769,-13.152034766655799,-2.6392718347875075,0.2485281275143519,-0.9686246795504491
1769099901.6646209,13.259053859024139,-13.155089074112507,-2.6408537526936753,0.247761907490178,-0.9688209520839381
1769099901.7206345,13.253853810496645,-13.1579241841516,-2.6440175885061987,0.24622900290973077,-0.9692116786987659
1769099901.764689,13.245727978227043,-13.162319500854661,-2.6474978078999185,0.24454209633207938,-0.9696386765808757
1769099901.8148699,13.240329873426107,-13.16521403443646,-2.651294410874928,0.24270099028594766,-0.9701011438578043
1769099901.8649547,13.23218576222461,-13.169521478011891,-2.6588876168249467,0.23901616107774104,-0.971015589341211
1769099901.9148638,13.22653063008471,-13.172471402278948,-2.662684219799956,0.237172451194123,-0.9714675642524414
1769099901.96463,13.221064478043838,-13.175290923833956,-2.6680627406812274,0.23455906742373805,-0.9721018690905322
1769099902.0146532,13.21264818792269,-13.179568313505605,-2.6747067958874706,0.23132842984115626,-0.9728757153651361
1769099902.0649827,13.206879687176484,-13.182463374504664,-2.6781870152811904,0.22963517000031572,-0.973276779081329
1769099902.1146252,13.200963322021607,-13.185402244296906,-2.682932768999976,0.22732505973547856,-0.9738189345131163
1769099902.1646545,13.192141339181578,-13.189716787869038,-2.6905259749499946,0.2236262264018098,-0.9746749770386467
1769099902.2146828,13.186325994370987,-13.19251655708149,-2.69527172866878,0.22131281530531283,-0.9752028700642941
1769099902.2649212,13.180564702366127,-13.195253348277735,-2.7009666331311535,0.21853507826972132,-0.9758290934203832
1769099902.3149784,13.17210521477601,-13.199211345796353,-2.7069779211750045,0.21560110069388105,-0.9764815233170503
1769099902.3649886,13.166452679262195,-13.201822324977107,-2.710774524150014,0.21374705701453844,-0.9768890395626433
1769099902.4146304,13.160698199990845,-13.20445393064947,-2.7145711271249295,0.21189224308757823,-0.9772930355422137
1769099902.4650016,13.152052175124295,-13.208369907732402,-2.718051346518743,0.21019132605509883,-0.9776602714906641
1769099902.5146477,13.146005008012406,-13.211091530078512,-2.719316880843715,0.20957265270081404,-0.977793077925971
1769099902.5649908,13.14025014782589,-13.213660822410047,-2.7240626345625003,0.2072518823064377,-0.9782876148047865
1769099902.614642,13.131377172058468,-13.217565117092313,-2.730073922606164,0.20431056626728422,-0.978906120376996
1769099902.664726,13.125407602126574,-13.220149132281051,-2.736085210650015,0.201367404509024,-0.9795157826198101
1769099902.7146437,13.11942180301013,-13.222695321662945,-2.7427292658561644,0.1981123208956243,-0.9801793245673718
1769099902.7647343,13.110352987596944,-13.226463463653364,-2.752853540456221,0.1931480014353378,-0.9811696334179604
1769099902.814642,13.104396843110706,-13.228883209744442,-2.7585484449186883,0.19035338852889105,-0.981715634731142
1769099902.8649921,13.098450893453098,-13.231260545220067,-2.7639269657999597,0.18771261436167203,-0.9822239940102798
1769099902.914638,13.0894557163691,-13.23480597223295,-2.768356335937455,0.1855368389771925,-0.9826373091748305
1769099902.9646776,13.08346572053737,-13.237140678948819,-2.7715201717499784,0.18398215592116848,-0.9829295835931477
1769099903.01464,13.077445859164015,-13.239468397383611,-2.7737348568187263,0.18289360360726634,-0.9831327121805825
1769099903.0649493,13.068606511318523,-13.242855830476445,-2.7775314597937357,0.18102699290530241,-0.9834781277891561
1769099903.114682,13.062619371495021,-13.245127453062949,-2.7803789120249696,0.17962660641319642,-0.9837348638065435
1769099903.164646,13.056742494520156,-13.247332813003986,-2.7848082821625586,0.17744750476086643,-0.9841302673193942
1769099903.214713,13.047813504492582,-13.250625623146549,-2.7917687209499977,0.17402144781793094,-0.9847418624692215
1769099903.2649498,13.041792562200026,-13.252806062803053,-2.7965144746686894,0.17168428891530566,-0.9851520212330916
1769099903.314627,13.035786194563983,-13.254952250241697,-2.800311077643699,0.16981386515491456,-0.9854761545573533
1769099903.3646286,13.026496274590224,-13.258213823501993,-2.807587900012428,0.16622718160343614,-0.986087482983218
1769099903.4146383,13.02020227888894,-13.260381156029679,-2.8123336537312134,0.1638868516549533,-0.9864791431422295
1769099903.4646418,13.0140648769977,-13.262458791227159,-2.8180285581936806,0.16107723881801567,-0.986941803317077
1769099903.514939,13.00474314452719,-13.265548782364093,-2.8249889969812134,0.1576414962703139,-0.9874964094383618
1769099903.5647132,12.998700626044283,-13.267510479929198,-2.8303675178624847,0.15498529440121886,-0.9879167771221256
1769099903.6147707,12.992552420438269,-13.26947428495881,-2.8344805044186905,0.15295332389272312,-0.9882334140830129
1769099903.6646588,12.983545636262317,-13.272304117749576,-2.839859025299962,0.1502951569812881,-0.9886411714004075
1769099903.7146373,12.977621472891936,-13.274136634157655,-2.8433392446937753,0.14857458621492858,-0.9889012045351461
1769099903.765007,12.97154690496658,-13.275996739604587,-2.845553929762523,0.14747944298102095,-0.9890651211613964
1769099903.8146503,12.962363961275273,-13.278770577993932,-2.8509324506437945,0.1448190591892124,-0.9894581547976404
1769099903.8647292,12.956128730095886,-13.280623919979734,-2.8544126700375143,0.143097075073645,-0.9897086576894069
1769099903.91464,12.94988650871725,-13.282453575601668,-2.85852565659372,0.14106144471601423,-0.9900008428353134
1769099903.9649384,12.943636814809539,-13.284257541647571,-2.8626386431500195,0.13902521778647847,-0.9902888411061807
1769099904.0147164,12.934184876357111,-13.286922770813913,-2.870864616262524,0.1349510086605077,-0.9908522721685163
1769099904.0646663,12.927888723641367,-13.288655209336348,-2.875293986399926,0.1327562537661887,-0.9911487159281231
1769099904.1146636,12.918602527424571,-13.291159885903731,-2.8809888908624868,0.12993347076483708,-0.9915227144019462
1769099904.1649797,12.912339669707185,-13.292821503866952,-2.8835199595124306,0.12867856102149328,-0.9916863556253246
1769099904.214654,12.906171574049923,-13.294445453404812,-2.884785493837496,0.12805102874091762,-0.9917675806550609
1769099904.2650042,12.899929269133523,-13.296085773518723,-2.884469110256206,0.12820791662753514,-0.9917473116243003
1769099904.3146803,12.890580779702656,-13.298553390507706,-2.8825708087687483,0.12914917643419072,-0.9916251762769894
1769099904.364985,12.884807691515284,-13.300087021461257,-2.8813052744437764,0.1297766183860657,-0.9915432564040146
1769099904.41505,12.875516747326607,-13.302574068223233,-2.878774205793739,0.13103134615321615,-0.9913782256663075
1769099904.464683,12.869505149421675,-13.30419551882082,-2.8775086714686733,0.13165863146610582,-0.9912951148676524
1769099904.514655,12.863299643932862,-13.305875590318974,-2.876875904306281,0.13197225436991722,-0.9912534106254172
1769099904.5646899,12.854163970739835,-13.308355177633212,-2.876243137143795,0.13228586406354118,-0.9912116071601272
1769099904.6146898,12.848057761924665,-13.310014587799325,-2.876243137143795,0.13228586406354118,-0.9912116071601272
1769099904.6650176,12.841779770639622,-13.311717482197881,-2.877192287887477,0.13181544456732883,-0.9912742751496769
1769099904.714668,12.83229887297196,-13.314277891811962,-2.878457822212449,0.1311881724097804,-0.9913574851786724
1769099904.7647164,12.825845753344995,-13.31601186093488,-2.8797233565375144,0.1305608477251932,-0.9914402982738189
1769099904.8147404,12.819561873645045,-13.317692896277865,-2.8806725072812904,0.13009031989202355,-0.9915021475873822
1769099904.8650477,12.81014510073659,-13.32019926338842,-2.8822544251874582,0.1293060417798644,-0.9916047335300613
1769099904.9147377,12.803955374560118,-13.321840430554294,-2.8825708087687483,0.12914917643419072,-0.9916251762769894
1769099904.965061,12.797888229628107,-13.323450123358986,-2.8819380416062623,0.12946290388965395,-0.9915842659685854
1769099905.0146663,12.791773184107242,-13.325076667282637,-2.8813052744437764,0.1297766183860657,-0.9915432564040146
1769099905.0650458,12.782700368791666,-13.327497635396053,-2.8803561237000004,0.13024716576379275,-0.9914815559608253
1769099905.1146717,12.776392839974621,-13.329188205271418,-2.8790905893750285,0.13087451661763952,-0.9913989413450567
1769099905.1646693,12.770258270491285,-13.330839701100755,-2.8781414386312525,0.13134499538336109,-0.9913367198826768
1769099905.2147112,12.760899949000091,-13.33336859626064,-2.8771922878874765,0.13181544456732905,-0.9912742751496769
1769099905.264999,12.754646654293232,-13.33506585380255,-2.8759267535625046,0.13244266394672896,-0.9911906682201431
1769099905.3146138,12.748418053858334,-13.336757466816163,-2.8768759043062806,0.13197225436991744,-0.9912534106254172
1769099905.3647313,12.73896118892199,-13.339309781118441,-2.8790905893749343,0.1308745166176862,-0.9913989413450506
1769099905.4146643,12.732896089510904,-13.340927149867829,-2.8828871923500374,0.12899230785660548,-0.9916455942088518
1769099905.465039,12.726458485299498,-13.342620967277455,-2.8857346445812713,0.1275803458702294,-0.9918282388335354
1769099905.5146108,12.717117974157093,-13.345018635769474,-2.8949097684374583,0.12302894585441658,-0.9924030826644741
1769099905.564655,12.710781988740989,-13.346599196132392,-2.8993391385749536,0.12083078564384239,-0.9926731190279566
1769099905.6146483,12.704857238041994,-13.348050318857714,-2.903452125131253,0.11878910597953124,-0.9929195074630086
1769099905.664648,12.695455689750956,-13.35030733157805,-2.9085142624311406,0.11627558072597892,-0.993216990051437
1769099905.7146568,12.689616861022309,-13.351682699541104,-2.911994481825048,0.11454709904250043,-0.9934178184937834
1769099905.7646513,12.680814506426815,-13.353723834643906,-2.9154747012186735,0.11281827051272308,-0.993615638885841
1769099905.8146098,12.674671018297673,-13.355129996359862,-2.9176893862874214,0.1117179287085291,-0.9937399581404966
1769099905.864657,12.66867168464252,-13.356485196949935,-2.921169605681235,0.10998854390395532,-0.9939328549806007
1769099905.9146645,12.659304783071283,-13.358554432058822,-2.9271808937248984,0.10700064324610939,-0.994258951352674
1769099905.9646804,12.653242140725228,-13.359857559804002,-2.9325594146062635,0.10432643828273641,-0.994543108304129
1769099906.0146155,12.646901114370955,-13.361190120422236,-2.936356017581273,0.1024383087821015,-0.9947393592765207
1769099906.064666,12.637278550597925,-13.363151969919912,-2.9445819906937776,0.09834610425002212,-0.9951522716543654
1769099906.1146104,12.630747134315348,-13.364437384195865,-2.949960511574955,0.09566952821401076,-0.995413151094212
1769099906.164666,12.62438311210645,-13.365655380553665,-2.95502264887503,0.09314976543941944,-0.9956521085191259
1769099906.2146552,12.614826834827191,-13.367427980945488,-2.9613503204999834,0.08999922468949506,-0.9959418354277974
1769099906.2646794,12.608549356594581,-13.368557503895062,-2.9657796906374787,0.08779330826497042,-0.9961387127423027
1769099906.3146536,12.602341214082328,-13.369643148493516,-2.97115821151875,0.0851141175946447,-0.9963712094325513
1769099906.3646686,12.592883626336262,-13.371247741089615,-2.9759039652374417,0.08274961400784278,-0.9965703695081211
1769099906.414627,12.586765028518386,-13.372255984814336,-2.980649718956227,0.08038464449582133,-0.9967639183524253
1769099906.4647582,12.580267968293812,-13.373302326466488,-2.9831807876062646,0.07912314150882599,-0.9968648496550444
1769099906.5146494,12.570942254577034,-13.374772451531495,-2.9872937741624703,0.07707292977899426,-0.9970254577969824
1769099906.564713,12.564512962166207,-13.375760977440471,-2.990773993556284,0.07533788029969339,-0.9971580635947087
1769099906.6146615,12.558079964348336,-13.376725086619988,-2.9948869801124895,0.07328707358203426,-0.9973108867578763
1769099906.664723,12.548585241138532,-13.378092815099865,-3.0021638024812187,0.06965796941542106,-0.9975709334663477
1769099906.714633,12.542165779588888,-13.378973017795095,-3.008491474106172,0.06650147540320077,-0.9977863267098811
1769099906.7646766,12.53564075588783,-13.379827765823435,-3.014186378568733,0.06366006074392568,-0.9979716412133561
1769099906.814711,12.526220778569463,-13.380990567941305,-3.02336150242492,0.059081150211276176,-0.9982531831603206
1769099906.8646688,12.519784336010364,-13.381736541916535,-3.029056406887481,0.056238436284275405,-0.9984173667781924
1769099906.9146872,12.513219217683167,-13.382471128684976,-3.0312710919562287,0.055132812012939056,-0.9984790298446663
1769099906.964699,12.503708946998934,-13.383515457442359,-3.0331693934436865,0.054185080207241804,-0.9985309094279129
1769099907.0147634,12.497393596891675,-13.384205916885788,-3.0322202427000047,0.05465895226526017,-0.9985050820788365
1769099907.0646765,12.491154488501069,-13.384895033057177,-3.030954708375033,0.05529076250804645,-0.9984702957931592
1769099907.1147504,12.481822461132495,-13.38593921588619,-3.029372790468677,0.056080494150245803,-0.9984262507445727
1769099907.1646988,12.475610156135101,-13.386640296400948,-3.0290564068874812,0.05623843628427518,-0.9984173667781924
1769099907.2147107,12.46932228594572,-13.387348897374205,-3.029689174049967,0.0559225506127751,-0.9984351097256955
1769099907.2646759,12.459764043634562,-13.38841992292651,-3.030321941212453,0.055606659343507704,-0.9984527527312722
1769099907.3146827,12.453249001119005,-13.389146819607436,-3.030638324793743,0.05544871161956906,-0.9984615367552873
1769099907.3646815,12.44678449655359,-13.389870148461787,-3.029689174049967,0.0559225506127751,-0.9984351097256955
1769099907.414692,12.43700004825949,-13.390968088255601,-3.0300055576312572,0.05576460567586256,-0.9984439437213366
1769099907.4647095,12.430510275055754,-13.391693205014489,-3.030638324793743,0.05544871161956906,-0.9984615367552873
1769099907.514671,12.42394469190611,-13.392423637591081,-3.030954708374939,0.055290762508093234,-0.9984702957931566
1769099907.5646825,12.414384767759213,-13.39347954140208,-3.032220242699911,0.054658952265306954,-0.9985050820788339
1769099907.6146812,12.407968553440346,-13.394178974186618,-3.0338021606062666,0.05386915871543418,-0.9985480027215974
1769099907.6647153,12.401979571650445,-13.394827041351368,-3.033802160606173,0.05386915871548096,-0.9985480027215949
1769099907.7146852,12.392517986973965,-13.395850878552823,-3.033802160606173,0.05386915871548096,-0.9985480027215949
1769099907.7646806,12.386277796265167,-13.396530124108804,-3.0325366262812947,0.054500996275106385,-0.9985137161827177
1769099907.814694,12.380113838392608,-13.397207979031194,-3.031587475537425,0.054974860138152525,-0.9984877389095925
1769099907.8646762,12.370555940995674,-13.39828202797363,-3.0277908725625093,0.0568701907074951,-0.9983815810645212
1769099907.9146821,12.364294687063824,-13.399000672265457,-3.0268417218187333,0.057343991595626864,-0.9983544794449919
1769099907.9646914,12.357832975274547,-13.399748539005016,-3.0258925710749573,0.0578177795686428,-0.9983271529742902
1769099908.0146813,12.348353431086112,-13.400839605913715,-3.0281072561437052,0.05671225422656711,-0.9983905649697122
1769099908.0646696,12.341839315004288,-13.40157474687311,-3.030321941212547,0.05560665934346092,-0.9984527527312749
1769099908.1146927,12.33539917097034,-13.40228813013058,-3.0322202427000047,0.05465895226526017,-0.9985050820788365
1769099908.1646667,12.325609962351564,-13.40334271961368,-3.0363332292562104,0.05260541914237533,-0.9986153763470974
1769099908.214715,12.319015485907478,-13.404041535114468,-3.0357004620937245,0.05292136201329377,-0.9985986828764887
1769099908.2646968,12.312622582078868,-13.404721035392454,-3.0357004620937245,0.05292136201329377,-0.9985986828764887
1769099908.314693,12.302983702948039,-13.405753260378328,-3.0341185441874625,0.053711195945516245,-0.9985565118860836
1769099908.3646817,12.296718242609176,-13.406434253666212,-3.0325366262812006,0.05450099627515339,-0.9985137161827151
1769099908.4147782,12.290428380206059,-13.407124947381003,-3.0319038591187146,0.05481690688759321,-0.9984964229877226
1769099908.4646764,12.281070045126096,-13.408161582513486,-3.0306383247937427,0.05544871161956928,-0.9984615367552873
1769099908.514705,12.274831593204572,-13.408856620274328,-3.030638324793649,0.055448711619616065,-0.9984615367552847
1769099908.5646691,12.268567875946866,-13.409553469743951,-3.030954708374939,0.055290762508093234,-0.9984702957931566
1769099908.6150184,12.259335810751772,-13.410580553098775,-3.030638324793649,0.055448711619616065,-0.9984615367552847
1769099908.6646557,12.252820998757834,-13.411309510971448,-3.029689174049967,0.0559225506127751,-0.9984351097256955
1769099908.7146685,12.246382219683904,-13.412035118368063,-3.0290564068874812,0.05623843628427518,-0.9984173667781924
1769099908.764668,12.23664946749256,-13.413139731204005,-3.0281072561437052,0.05671225422656711,-0.9983905649697122
1769099908.814708,12.230186580509448,-13.413877375139098,-3.0277908725625093,0.0568701907074951,-0.9983815810645212
1769099908.8646767,12.224074881680806,-13.414567101893116,-3.030638324793649,0.055448711619616065,-0.9984615367552847
1769099908.9146893,12.2146659044895,-13.41560633345199,-3.0325366262812943,0.05450099627510661,-0.9985137161827177
1769099908.9647014,12.208350119167998,-13.41629279656548,-3.034118544187462,0.05371119594551647,-0.9985565118860836
1769099909.0146759,12.19901292652723,-13.417289726113944,-3.03633322925621,0.05260541914237555,-0.9986153763470974
1769099909.0646782,12.192720698769357,-13.41795852555552,-3.035067694931238,0.05323729958685979,-0.99858188944758
1769099909.1146798,12.186580315470591,-13.418619045203192,-3.033802160606266,0.0538691587154344,-0.9985480027215974
1769099909.1647587,12.177095704863527,-13.419665111888548,-3.0296891740499667,0.055922550612775325,-0.9984351097256955
1769099909.214675,12.170883622609228,-13.420368157769115,-3.028107256143705,0.05671225422656733,-0.9983905649697122
1769099909.2646744,12.164471495516565,-13.421104118741752,-3.026525338237537,0.057501922360216826,-0.9983453956045871
1769099909.31468,12.155066872242752,-13.422182040398063,-3.028423639724995,0.056554316326388444,-0.9983995238905389
1769099909.364662,12.148653588515812,-13.422907857043844,-3.0293727904686767,0.056080494150246026,-0.9984262507445726
1769099909.4147012,12.142264884946389,-13.423625774387725,-3.0300055576312563,0.055764605675863006,-0.9984439437213366
1769099909.4646745,12.132529029807122,-13.424702668912698,-3.032853009862396,0.05434303892117888,-0.9985223252991449
1769099909.5146866,12.125886245816904,-13.4254257367988,-3.0334857770249757,0.05402712013734312,-0.9985394685688018
1769099909.5646708,12.119419041655862,-13.426124517341751,-3.0344349277687517,0.05355323183144827,-0.9985649960620526
1769099909.6147046,12.109504170006078,-13.427194231159346,-3.033802160606172,0.053869158715481404,-0.9985480027215949
1769099909.6646845,12.103213222747778,-13.427874973979463,-3.033802160606172,0.053869158715481404,-0.9985480027215949
1769099909.7147615,12.096746239777323,-13.428575800628003,-3.033485777024976,0.0540271201373429,-0.9985394685688018
1769099909.7646828,12.087310304587525,-13.429601393031696,-3.033169393443686,0.054185080207242026,-0.9985309094279129
1769099909.8147137,12.08144744352292,-13.430238627778525,-3.033485777024976,0.0540271201373429,-0.9985394685688018
1769099909.8646896,12.0751819825569,-13.430919621134574,-3.0331693934437802,0.054185080207195015,-0.9985309094279154
1769099909.9146938,12.065722361003616,-13.431961417142698,-3.0306383247937427,0.05544871161956928,-0.9984615367552873
1769099909.9647174,12.059458864531132,-13.432660248314711,-3.0303219412124527,0.055606659343507926,-0.9984527527312722
1769099910.0147095,12.053045123243216,-13.433382006651945,-3.028740023306285,0.05639637701095802,-0.9984084578267743
1769099910.0646725,12.043388689782002,-13.434485694661205,-3.0268417218186396,0.05734399159567363,-0.9983544794449892
1769099910.1146982,12.037002056238341,-13.435221800610588,-3.0268417218187333,0.057343991595626864,-0.9983544794449919
1769099910.164691,12.030539170549096,-13.435959444398009,-3.0290564068874812,0.05623843628427518,-0.9984173667781924
1769099910.2147195,12.020854992173723,-13.43704303024418,-3.031271091956229,0.05513281201293884,-0.9984790298446663
1769099910.2646856,12.014414173932549,-13.43775030051373,-3.033169393443687,0.05418508020724158,-0.9985309094279129
1769099910.3147104,12.007921916795224,-13.438452827057208,-3.0344349277687526,0.05355323183144783,-0.9985649960620526
1769099910.3646824,11.9985096974864,-13.4394622851402,-3.0350676949312385,0.05323729958685957,-0.9985818894475801
1769099910.414724,11.992092384322678,-13.440151567175494,-3.0341185441874625,0.053711195945516245,-0.9985565118860836
1769099910.4646895,11.985801437169323,-13.440832309984255,-3.0334857770249766,0.05402712013734268,-0.9985394685688018
1769099910.514702,11.976669038390474,-13.44183953089355,-3.030005557631257,0.055764605675862784,-0.9984439437213366
1769099910.5646784,11.970330865556793,-13.442553800638844,-3.028740023306191,0.05639637701100479,-0.9984084578267717
1769099910.6146984,11.96411878268069,-13.443256846589783,-3.0290564068874812,0.05623843628427518,-0.9984173667781924
1769099910.6646888,11.954863037761903,-13.444299907222419,-3.029689174049967,0.0559225506127751,-0.9984351097256955
1769099910.7146957,11.948549903548532,-13.445010343931358,-3.029372790468677,0.056080494150245803,-0.9984262507445727
1769099910.7646785,11.94213548073435,-13.445726014265443,-3.0315874755375187,0.05497486013810575,-0.9984877389095951
1769099910.8147187,11.932576226642528,-13.446787967070726,-3.030321941212453,0.055606659343507704,-0.9984527527312722
1769099910.864671,11.926161802544204,-13.447503637548088,-3.030638324793649,0.055448711619616065,-0.9984615367552847
1769099910.9147012,11.91667751767397,-13.448552705586174,-3.032220242699911,0.054658952265306954,-0.9985050820788339
1769099910.9646747,11.910261746575463,-13.449256198270565,-3.032536626281201,0.05450099627515317,-0.9985137161827151
1769099911.0147016,11.903719611154957,-13.449968310546993,-3.0338021606062666,0.05386915871543418,-0.9985480027215974
1769099911.064682,11.89408138646866,-13.451006634561297,-3.0347513113500426,0.053395266377228925,-0.9985734552492895
1769099911.1147053,11.887839917278818,-13.451674033170642,-3.0353840785125286,0.05307933146419881,-0.9985902986567182
1769099911.164693,11.881447228752895,-13.452355556024392,-3.0353840785125286,0.05307933146419881,-0.9985902986567182
1769099911.2147052,11.87236232719404,-13.453331363075906,-3.0338021606062666,0.05386915871543418,-0.9985480027215974
1769099911.2646928,11.866021927523335,-13.454025576202612,-3.031271091956229,0.05513281201293884,-0.9984790298446663
1769099911.3147516,11.859733388436537,-13.454728208627138,-3.0293727904686776,0.05608049415024558,-0.9984262507445727
1769099911.364691,11.850604218385644,-13.45576431827233,-3.0277908725624156,0.05687019070754187,-0.9983815810645186
1769099911.4148254,11.844292444169357,-13.456486737926095,-3.0274744889812197,0.05702812576531367,-0.9983725721751853
1769099911.4646919,11.83785505401002,-13.457224566764193,-3.0274744889812197,0.05702812576531367,-0.9983725721751853
1769099911.5147002,11.828147626552932,-13.45832786082846,-3.0293727904686776,0.05608049415024558,-0.9984262507445727
1769099911.564663,11.821683122418909,-13.45905118963454,-3.0309547083750332,0.05529076250804623,-0.9984702957931592
1769099911.6147394,11.815569909216624,-13.459727379423043,-3.031903859118715,0.05481690688759299,-0.9984964229877226
1769099911.664696,11.805983002262572,-13.460769380957519,-3.034751311349949,0.05339526637727571,-0.998573455249287
1769099911.7147112,11.799414693275835,-13.461474881417185,-3.034434927768753,0.053553231831447605,-0.9985649960620526
1769099911.7646997,11.790204747104283,-13.46247148883933,-3.0331693934436874,0.05418508020724136,-0.9985309094279129
1769099911.814729,11.784191534794271,-13.463130840740268,-3.0315874755374255,0.0549748601381523,-0.9984877389095925
1769099911.8646986,11.777826748819843,-13.463834857292532,-3.0312710919562296,0.05513281201293862,-0.9984790298446663
1769099911.914699,11.768493733633846,-13.464870182255446,-3.0309547083749395,0.05529076250809301,-0.9984702957931566
1769099911.964667,11.762129170717254,-13.46557621248622,-3.0312710919562296,0.05513281201293862,-0.9984790298446663
1769099912.014714,11.755764607800653,-13.466282242716993,-3.0309547083750337,0.055290762508046015,-0.9984702957931593
1769099912.0646992,11.746256335908281,-13.467344623031494,-3.029689174049968,0.05592255061277466,-0.9984351097256955
1769099912.1147063,11.73971671797221,-13.468079499065048,-3.029689174049968,0.05592255061277466,-0.9984351097256955
1769099912.1646774,11.733655103050204,-13.468761631522636,-3.029372790468772,0.05608049415019836,-0.9984262507445754
1769099912.214712,11.723871351455116,-13.46986576237381,-3.0290564068873884,0.056238436284321514,-0.9984173667781898
1769099912.2646794,11.71778512836158,-13.470555539415876,-3.0284236397249025,0.05655431632643456,-0.9983995238905363
1769099912.3147314,11.711270549280295,-13.47128655821206,-3.03127109195623,0.0551328120129384,-0.9984790298446663
1769099912.364669,11.701533339090773,-13.472351130819094,-3.034118544187464,0.05371119594551558,-0.9985565118860837
1769099912.4147308,11.695065256857143,-13.47304172622059,-3.0363332292562117,0.05260541914237467,-0.9986153763470974
1769099912.464671,11.688999040867333,-13.473681650995427,-3.036649612837502,0.052447445730267626,-0.9986236855975181
1769099912.5147133,11.67948487303869,-13.47468986567511,-3.035384078512436,0.053079331464244935,-0.9985902986567158
1769099912.5646706,11.673067560303204,-13.475379147664409,-3.0338021606061742,0.0538691587154803,-0.9985480027215949
1769099912.614716,11.66677726295056,-13.476065861131152,-3.0319038591187164,0.054816906887592325,-0.9984964229877226
1769099912.6646712,11.657369610987887,-13.477116998957664,-3.028740023306193,0.056396377011003904,-0.9984084578267718
1769099912.7147589,11.651459754340925,-13.477789628505327,-3.027790872562511,0.05687019070749421,-0.9983815810645212
1769099912.764675,11.645172785945412,-13.478506186424577,-3.028423639724997,0.05655431632638734,-0.998399523890539
1769099912.8149624,11.635590928817159,-13.479593673516401,-3.028740023306193,0.056396377011003904,-0.9984084578267718
1769099912.8646739,11.62917741577474,-13.480317461068214,-3.029689174049969,0.055922550612774215,-0.9984351097256956
1769099912.9147317,11.62271314016655,-13.481042835173636,-3.030005557631165,0.05576460567590868,-0.998443943721334
1769099912.9646764,11.612903017881843,-13.482138941902187,-3.0306383247937445,0.055448711619568394,-0.9984615367552873
1769099913.014738,11.60668895954643,-13.482824296280437,-3.0328530098624924,0.05434303892113077,-0.9985223252991474
1769099913.0646784,11.5969524226587,-13.483895030310883,-3.0312710919562305,0.055132812012938175,-0.9984790298446663
1769099913.114727,11.59083920925244,-13.48457122012195,-3.0315874755375205,0.05497486013810486,-0.9984877389095951
1769099913.164707,11.58472556940333,-13.48524354153477,-3.0325366262812965,0.054500996275105504,-0.9985137161827177
1769099913.2147274,11.575919151934276,-13.486204940516524,-3.0331693934437824,0.05418508020719391,-0.9985309094279154
1769099913.264701,11.56988046566978,-13.486864185532584,-3.032536626281203,0.054500996275152286,-0.9985137161827151
1769099913.3147366,11.560797746585228,-13.487860110470091,-3.032220242700007,0.05465895226525906,-0.9985050820788366
1769099913.36473,11.554759269197268,-13.48852126599431,-3.032853009862493,0.05434303892113055,-0.9985223252991475
1769099913.4147344,11.548419531295362,-13.489221496802472,-3.0303219412124554,0.055606659343506594,-0.9984527527312723
1769099913.4647024,11.53881201109297,-13.490307278534598,-3.0277908725625116,0.05687019070749399,-0.9983815810645212
1769099913.5147243,11.532349357811755,-13.491046967184069,-3.0274744889812215,0.057028125765312784,-0.9983725721751854
1769099913.5646868,11.526037812473074,-13.491771383743373,-3.0271581053999315,0.057186059396023114,-0.9983635383019326
1769099913.6147218,11.516254764758596,-13.492881704839357,-3.030005557631259,0.05576460567586168,-0.9984439437213366
1769099913.6646922,11.50986515860917,-13.493591536392097,-3.031903859118717,0.0548169068875921,-0.9984964229877226
1769099913.714732,11.50322214884444,-13.494312502285586,-3.0350676949312403,0.05323729958685868,-0.9985818894475801
1769099913.765291,11.493456611364216,-13.495350479018912,-3.036333229256212,0.052605419142374446,-0.9986153763470975
1769099913.8147442,11.487012722693576,-13.496029213766287,-3.036965996418698,0.05228947100572879,-0.9986319698577355
1769099913.8646817,11.48051914494745,-13.496719414651816,-3.0344349277687543,0.05355323183144694,-0.9985649960620527
1769099913.9147227,11.471107888477071,-13.49773780584275,-3.0331693934436887,0.05418508020724069,-0.9985309094279129
1769099913.9646857,11.464742216855022,-13.49843376695505,-3.032220242700007,0.05465895226525906,-0.9985050820788366
1769099914.0147364,11.458654054635147,-13.499106210961003,-3.030954708375035,0.05529076250804535,-0.9984702957931593
1769099914.0672626,11.449195756718376,-13.500159977871151,-3.0303219412124554,0.055606659343506594,-0.9984527527312723
1769099914.1148312,11.442907216687367,-13.500862610401176,-3.0303219412124554,0.055606659343506594,-0.9984527527312723
1769099914.1646886,11.436668984976611,-13.50155962187096,-3.0303219412124554,0.055606659343506594,-0.9984527527312723
1769099914.2147472,11.42685817156659,-13.502649520802699,-3.0315874755374272,0.05497486013815142,-0.9984877389095925
1769099914.2646835,11.420443296113701,-13.503361132276375,-3.0306383247937454,0.05544871161956796,-0.9984615367552874
1769099914.3148708,11.413903214590565,-13.504091870095408,-3.0300055576312594,0.05576460567586146,-0.9984439437213366
1769099914.3682783,11.404219377589975,-13.505178520019872,-3.0296891740499694,0.055922550612774,-0.9984351097256956
1769099914.414733,11.397830673913969,-13.505896437375728,-3.0296891740499694,0.055922550612774,-0.9984351097256956
1769099914.4647648,11.391315403050644,-13.506621272622716,-3.0319038591187173,0.05481690688759188,-0.9984964229877226
1769099914.5147617,11.381829798144057,-13.507658337135872,-3.0334857770249792,0.054027120137341345,-0.9985394685688019
1769099914.5647614,11.37531248845788,-13.508364617688294,-3.0338021606062693,0.05386915871543285,-0.9985480027215975
1769099914.6147466,11.369072730051794,-13.509047811559022,-3.031271091956138,0.05513281201298429,-0.9984790298446637
1769099914.6647599,11.359566849537957,-13.510131245343498,-3.024943420331185,0.05829155451983377,-0.9982996016585709
1769099914.714754,11.353108523185103,-13.510907724826438,-3.0189321322875213,0.06129181993208512,-0.9981198889960128
1769099914.764749,11.346880605268252,-13.511691506778343,-3.01386999498754,0.06381793086762007,-0.9979615582274578
1769099914.8147266,11.337371326980074,-13.512954013390072,-3.0053276382937453,0.06807980759291096,-0.9976798784169761
1769099914.8647654,11.331029170861896,-13.5138389534776,-3.00058188457496,0.07044698520478425,-0.9975155248293417
1769099914.914739,11.324690416403294,-13.514747966324174,-2.997734432343726,0.07186710223056254,-0.9974142166707781
1769099914.9647605,11.315225763038532,-13.516146532669923,-2.992039527881259,0.07470689638091935,-0.9972055353000857
1769099915.0147202,11.308719688600398,-13.51713527824904,-2.9895084592312213,0.07596883405365558,-0.9971101926329548
1769099915.064745,11.302216137582471,-13.518140487964518,-2.9869773905812775,0.07723065005641427,-0.9970132530171621
1769099915.114726,11.295665471101076,-13.519172086777104,-2.983813554768754,0.07880774588288018,-0.9968898330251239
1769099915.1647255,11.285946620987252,-13.520748335985484,-2.977802266724903,0.08180368136843982,-0.9966484624553287
1769099915.2147264,11.279381602007735,-13.52184935277556,-2.9730565130062114,0.08416837292307186,-0.9964515467394702
1769099915.264717,11.273245390458898,-13.522905419934974,-2.969259910031202,0.08605978558805294,-0.9962899745076924
1769099915.3147192,11.263825455214166,-13.52457884425524,-2.962299471243669,0.08952656510546206,-0.9959844346878205
1769099915.3647454,11.257974648183115,-13.525649759811511,-2.9588192518500436,0.09125955086112464,-0.995827140811409
1769099915.414749,11.24897066384717,-13.527346449646114,-2.9518588130624166,0.09472468812946931,-0.9955035075070177
1769099915.4647453,11.242784628449504,-13.528551698045971,-2.946480292181239,0.09740151057371146,-0.9952451686584363
1769099915.5147338,11.236480478037285,-13.52981207893922,-2.9420509220437436,0.09960542451782341,-0.9950270144104753
1769099915.5647283,11.227034874508478,-13.531754975452637,-2.9354068668375004,0.10291037603007053,-0.9946906325613756
1769099915.614752,11.22066971243511,-13.533095762637327,-2.9325594146062666,0.10432643828273486,-0.9945431083041292
1769099915.6647604,11.214381588593662,-13.534433833273747,-2.9312938802812947,0.10495573157549681,-0.9944768948595298
1769099915.7147808,11.205049371393748,-13.53642429643853,-2.931610263862397,0.1047984121822536,-0.9944934855513526
1769099915.7647543,11.198811180244562,-13.537753804902042,-2.9316102638624906,0.10479841218220699,-0.9944934855513575
1769099915.8147366,11.192447719230788,-13.539102646522007,-2.9338249489312385,0.10369710321826496,-0.994608923539368
1769099915.8647356,11.18288536776617,-13.541105848409037,-2.9363560175811823,0.10243830878214656,-0.994739359276516
1769099915.9147265,11.176342723592716,-13.542463496765102,-2.937621551906248,0.10180884991446552,-0.994803979726204
1769099915.9647903,11.170320319238547,-13.543712197722755,-2.936672401162472,0.10228094790059303,-0.9947555517294469
1769099916.0147462,11.160804370518639,-13.545689969888592,-2.936672401162472,0.10228094790059303,-0.9947555517294469
1769099916.0647469,11.15453536739787,-13.54699600853331,-2.935723250418696,0.10275302285082344,-0.9947068996920742
1769099916.1147568,11.148367111007845,-13.548289205433601,-2.934141332512434,0.10353976295487055,-0.9946253151248712
1769099916.164779,11.139179716263488,-13.550230553006692,-2.932559414606266,0.10432643828273508,-0.9945431083041291
1769099916.2147403,11.132989785466876,-13.551543635230662,-2.9325594146061724,0.10432643828278168,-0.9945431083041242
1769099916.2647793,11.1268993027601,-13.552837635110956,-2.93192664744378,0.10464109016632778,-0.9945100513563463
1769099916.3147542,11.117641035097908,-13.554810794464359,-2.9312938802812942,0.10495573157549704,-0.9944768948595297
1769099916.3649046,11.111600881863751,-13.556098096288505,-2.9319266474436865,0.10464109016637438,-0.9945100513563413
1769099916.4147534,11.105238702696504,-13.557452977454982,-2.9316102638624906,0.10479841218220699,-0.9944934855513575
1769099916.4647546,11.095806199269283,-13.559458591348704,-2.9325594146061724,0.10432643828278168,-0.9945431083041242
1769099916.5147479,11.08971408465195,-13.56074488230824,-2.934457716093724,0.10338242010038352,-0.9946416818202362
1769099916.5647366,11.080498552379993,-13.562675429591035,-2.9357232504187896,0.10275302285077684,-0.994706899692079
1769099916.6147516,11.07455147620872,-13.563913418731381,-2.9369887847437615,0.10212358445949533,-0.9947717192889756
1769099916.6647515,11.06820667745854,-13.565227918969734,-2.9376215519062474,0.10180884991446575,-0.994803979726204
1769099916.7147593,11.059232975698977,-13.567078187809022,-2.9388870862312193,0.10117935028315132,-0.9948682018620755
1769099916.7647493,11.05291151540978,-13.568380554031574,-2.9379379354875375,0.10165147881836338,-0.9948200726031013
1769099916.8147647,11.043915676329114,-13.570248743355494,-2.935723250418696,0.10275302285082344,-0.9947068996920742
1769099916.864752,11.03801971750996,-13.571483878445026,-2.934457716093724,0.10338242010038352,-0.9946416818202362
1769099916.9147644,11.032075793820235,-13.572736916061888,-2.933192181768752,0.10401177595621514,-0.9945760656995694
1769099916.964781,11.022940378639202,-13.574679360690016,-2.930977496700004,0.10511304834235399,-0.9944602792812682
1769099917.0147524,11.016802451138432,-13.57599359223232,-2.9303447295375182,0.10542767398083497,-0.9944269734671274
1769099917.0647388,11.00769517601728,-13.577946623785387,-2.9303447295375182,0.10542767398083497,-0.9944269734671274
1769099917.1147306,11.001432442651497,-13.579282398533062,-2.932559414606172,0.1043264382827819,-0.9945431083041242
1769099917.16474,10.995390260872416,-13.580560143659973,-2.9338249489312376,0.1036971032182654,-0.994608923539368
1769099917.2147367,10.985952711947702,-13.582541876708937,-2.9354068668374995,0.10291037603007097,-0.9946906325613756
1769099917.2647626,10.979486333108326,-13.583893305045734,-2.9357232504186954,0.10275302285082366,-0.9947068996920742
1769099917.314745,10.97336600199833,-13.585168370441961,-2.9366724011624714,0.10228094790059325,-0.9947555517294469
1769099917.3647506,10.96417311599911,-13.58708354964034,-2.9357232504187896,0.10275302285077684,-0.994706899692079
1769099917.4147475,10.95797906181299,-13.588377041400374,-2.9357232504187896,0.10275302285077684,-0.994706899692079
1769099917.4647577,10.949035735324006,-13.5902490879249,-2.93477409967492,0.10322507465883522,-0.9946580236250436
1769099917.5147424,10.94321428794749,-13.591469575081483,-2.93509048325621,0.10306772663406949,-0.9946743405388945
1769099917.5647545,10.936971921784647,-13.592779340289418,-2.934457716093724,0.10338242010038352,-0.9946416818202362
1769099917.61474,10.927858514552216,-13.594703547903682,-2.9325594146061724,0.10432643828278168,-0.9945431083041242
1769099917.6648467,10.921842103820977,-13.595980815582827,-2.9322430310249765,0.10448376553188907,-0.9945265922740715
1769099917.7147489,10.912335648403783,-13.598003725622599,-2.9316102638624906,0.10479841218220699,-0.9944934855513575
1769099917.764754,10.905949359969856,-13.599366909611815,-2.9309774967000046,0.10511304834235377,-0.9944602792812682
1769099917.8148026,10.899587181439452,-13.600721790642673,-2.9325594146061724,0.10432643828278168,-0.9945431083041242
1769099917.8647928,10.890102620288268,-13.602725931129182,-2.9341413325124344,0.10353976295487033,-0.9946253151248712
1769099917.9147427,10.883736186986118,-13.604060676524263,-2.9357232504186963,0.10275302285082322,-0.9947068996920743
1769099917.9647667,10.877318511854575,-13.605397688417474,-2.9366724011624723,0.1022809479005928,-0.9947555517294469
1769099918.0147562,10.87104745157895,-13.606693808167645,-2.93888708623122,0.10117935028315088,-0.9948682018620755
1769099918.0647438,10.861551629951268,-13.608643902972698,-2.9392034698125102,0.10102196903551038,-0.9948841951564957
1769099918.114758,10.855254754749343,-13.609940165741115,-2.9379379354875383,0.10165147881836294,-0.9948200726031013
1769099918.1647475,10.84895870062034,-13.61124041279238,-2.9379379354875383,0.10165147881836294,-0.9948200726031013
1769099918.2148328,10.839616530152634,-13.613183609042785,-2.935090483256211,0.10306772663406905,-0.9946743405388946
1769099918.2647543,10.833548573280602,-13.61446179154898,-2.932875798187463,0.10416910842289542,-0.9945595994460961
1769099918.3147614,10.827482644967972,-13.615749571676337,-2.931926647443687,0.10464109016637416,-0.9945100513563414
1769099918.3647587,10.818175496398288,-13.61773622731313,-2.930661113118715,0.10527036247879404,-0.9944436388169936
1769099918.4147651,10.811863680479812,-13.619084558791963,-2.931610263862397,0.1047984121822536,-0.9944934855513526
1769099918.4647589,10.805551438076694,-13.620430893293339,-2.931293880281201,0.1049557315755434,-0.9944768948595248
1769099918.5147476,10.795846279936805,-13.622492876567222,-2.9331921817687525,0.10401177595621491,-0.9945760656995694
1769099918.5647547,10.789407889086826,-13.62385440835069,-2.9331921817687525,0.10401177595621491,-0.9945760656995694
1769099918.6147418,10.783340335902201,-13.625134510808365,-2.9341413325125285,0.1035397629548235,-0.9946253151248761
1769099918.6647608,10.773777983320867,-13.627137712929333,-2.9360396339999864,0.10259566710017143,-0.9947231419305931
1769099918.7147474,10.767583520205216,-13.628429244927615,-2.9360396339998927,0.10259566710021803,-0.9947231419305883
1769099918.7647514,10.758489149936683,-13.630320898078956,-2.9369887847437623,0.10212358445949489,-0.9947717192889756
1769099918.8147585,10.752194332773968,-13.631627120448096,-2.9369887847437623,0.10212358445949489,-0.9947717192889756
1769099918.8647625,10.745899929298618,-13.632935334306799,-2.9363560175811827,0.10243830878214634,-0.994739359276516
1769099918.9147515,10.73968130506024,-13.634234983650023,-2.934774099675015,0.10322507465878795,-0.9946580236250485
1769099918.9647975,10.730294546347173,-13.636212253928955,-2.933192181768753,0.10401177595621469,-0.9945760656995694
1769099919.0147538,10.724302693735906,-13.637483317436935,-2.931926647443781,0.10464109016632733,-0.9945100513563463
1769099919.06478,10.714723585510631,-13.639529608603548,-2.930344729537519,0.10542767398083452,-0.9944269734671274
1769099919.1147583,10.70853615859454,-13.640854438787319,-2.930977496700005,0.10511304834235355,-0.9944602792812682
1769099919.1647859,10.702570873547058,-13.642128744266696,-2.931293880281295,0.10495573157549659,-0.9944768948595298
1769099919.2147691,10.693360258980276,-13.64408261009442,-2.933824948931239,0.10369710321826474,-0.9946089235393681
1769099919.2647781,10.686994248288276,-13.645419369657633,-2.9354068668374067,0.10291037603011713,-0.9946906325613708
1769099919.3147647,10.680576151540075,-13.646754350814202,-2.9376215519062483,0.1018088499144653,-0.994803979726204
1769099919.3647604,10.670858140228052,-13.648754882163939,-2.939519853393706,0.10086458525987804,-0.9949001635542899
1769099919.4147677,10.66451044573037,-13.650055327480722,-2.939519853393706,0.10086458525987804,-0.9949001635542899
1769099919.464781,10.658163163095825,-13.651357781016973,-2.93888708623122,0.10117935028315088,-0.9948682018620755
1769099919.5147696,10.648768351315809,-13.653296427067982,-2.9373051683249582,0.1019662184628376,-0.9947878619546928
1769099919.564797,10.642671796212689,-13.654561508553996,-2.9366724011624723,0.1022809479005928,-0.9947555517294469
1769099919.614855,10.636650977356469,-13.655817829985265,-2.9350904832562104,0.10306772663406927,-0.9946743405388946
1769099919.664785,10.62748681837874,-13.657746696857274,-2.933192181768659,0.10401177595626152,-0.9945760656995645
1769099919.7147834,10.621197005779148,-13.659076808676508,-2.933192181768659,0.10401177595626152,-0.9945760656995645
1769099919.7647865,10.614981690336023,-13.660392193736481,-2.932875798187463,0.10416910842289542,-0.9945595994460961
1769099919.814762,10.605251446144731,-13.662457898185673,-2.931926647443687,0.10464109016637416,-0.9945100513563414
1769099919.8647857,10.599161373041486,-13.663753824951522,-2.931926647443687,0.10464109016637416,-0.9945100513563414
1769099919.9147658,10.592774223201506,-13.665112967657167,-2.931926647443687,0.10464109016637416,-0.9945100513563414
1769099919.9648044,10.583315376049145,-13.667116364470523,-2.9338249489312385,0.10369710321826496,-0.994608923539368
1769099920.014769,10.577024303911287,-13.668440505689114,-2.9344577160937244,0.1033824201003833,-0.9946416818202362
1769099920.0647829,10.571004679803652,-13.669702541302534,-2.9354068668375004,0.10291037603007053,-0.9946906325613756
1769099920.1147697,10.561588476651256,-13.671662690611244,-2.9373051683249582,0.1019662184628376,-0.9947878619546928
1769099920.1647913,10.555267841722127,-13.672969056585288,-2.9382543190687342,0.10149410517851547,-0.9948361405849772
1769099920.2147763,10.54929383152259,-13.67420181053004,-2.937937935487444,0.10165147881840976,-0.9948200726030966
1769099920.2647803,10.539877630883657,-13.676161959315529,-2.9347740996750145,0.10322507465878818,-0.9946580236250485
1769099920.3147867,10.533858806555774,-13.677427803696505,-2.9338249489312385,0.10369710321826496,-0.994608923539368
1769099920.3647876,10.52447455860161,-13.679416951455131,-2.9316102638624906,0.10479841218220699,-0.9944934855513575
1769099920.414773,10.518360347332711,-13.680721048011364,-2.9312938802812005,0.10495573157554362,-0.9944768948595248
1769099920.4647985,10.512147540084095,-13.68204822923677,-2.9309774967000046,0.10511304834235377,-0.9944602792812682
1769099920.5147762,10.502740744534478,-13.684053043452725,-2.9322430310249765,0.10448376553188907,-0.9945265922740715
1769099920.5647905,10.49674849007948,-13.685322211173334,-2.9335085653499484,0.10385444088672348,-0.9945925070641273
1769099920.6147459,10.490655562250906,-13.686604647092508,-2.934774099675014,0.1032250746587884,-0.9946580236250485
1769099920.6647983,10.481513441358617,-13.688515286963625,-2.936356017581276,0.10243830878209996,-0.9947393592765208
1769099920.7147949,10.475342740794483,-13.689796772416138,-2.937305168324958,0.10196621846283782,-0.9947878619546927
1769099920.7648015,10.46602320726358,-13.691724496190357,-2.9379379354875375,0.10165147881836338,-0.9948200726031013
1769099920.8147786,10.46004958738614,-13.69295914015212,-2.9376215519062474,0.10180884991446575,-0.994803979726204
1769099920.8647885,10.451126629601312,-13.694804833158226,-2.9376215519062474,0.10180884991446575,-0.994803979726204
1769099920.9147847,10.44498050931715,-13.696080199795745,-2.936356017581182,0.10243830878214678,-0.994739359276516
1769099920.9648714,10.439082603698514,-13.697306006482247,-2.9369887847436678,0.10212358445954194,-0.9947717192889708
1769099921.0147893,10.429964355361356,-13.699207141298267,-2.93509048325621,0.10306772663406949,-0.9946743405388945
1769099921.0647843,10.423672446609913,-13.700527301468172,-2.934457716093724,0.10338242010038352,-0.9946416818202362
1769099921.1147718,10.41728315566979,-13.701876338328173,-2.9325594146061724,0.10432643828278168,-0.9945431083041242
1769099921.1647873,10.408048710057308,-13.703839839594206,-2.9316102638624906,0.10479841218220699,-0.9944934855513575
1769099921.2147837,10.40166199054743,-13.705201003021134,-2.9316102638624906,0.10479841218220699,-0.9944934855513575
1769099921.2647922,10.395374714337285,-13.70654305237486,-2.9309774967000046,0.10511304834235377,-0.9944602792812682
1769099921.3147788,10.38628942437363,-13.708477843574569,-2.9325594146061724,0.10432643828278168,-0.9945431083041242
1769099921.3648007,10.380024165963063,-13.709801727499075,-2.9341413325124344,0.10353976295487033,-0.9946253151248712
1769099921.4147685,10.373930427870993,-13.711080307757113,-2.9354068668375,0.10291037603007075,-0.9946906325613756
1769099921.4648,10.364661685205844,-13.713003642254378,-2.9385707026500234,0.10133672899876792,-0.9948521836714388
1769099921.5147545,10.35829106043384,-13.71431823874081,-2.9376215519062474,0.10180884991446575,-0.994803979726204
1769099921.564794,10.348748765211454,-13.716293614401586,-2.9373051683249574,0.10196621846283804,-0.9947878619546927
1769099921.6147883,10.342429373067464,-13.717605979021629,-2.9363560175811814,0.102438308782147,-0.9947393592765159
1769099921.664837,10.336211160950455,-13.718907595640093,-2.9341413325125276,0.10353976295482395,-0.994625315124876
1769099921.714792,10.32724634113163,-13.720800430462015,-2.932875798187462,0.10416910842289587,-0.9945595994460961
1769099921.764796,10.3210813772547,-13.722109235571047,-2.931926647443686,0.1046410901663746,-0.9945100513563413
1769099921.814794,10.315214309306697,-13.723358678514451,-2.93161026386249,0.10479841218220722,-0.9944934855513575
1769099921.8647974,10.306103343762317,-13.725294418075894,-2.932875798187462,0.10416910842289587,-0.9945595994460961
1769099921.9147692,10.30006156614004,-13.726574074871326,-2.932875798187462,0.10416910842289587,-0.9945595994460961
1769099921.9648187,10.290775115307035,-13.728536353546504,-2.933824948931238,0.10369710321826518,-0.994608923539368
1769099922.0147638,10.284286331512746,-13.729904253036196,-2.933824948931238,0.10369710321826518,-0.994608923539368
1769099922.0648084,10.278118484577698,-13.73119940140678,-2.9354068668375,0.10291037603007075,-0.9946906325613756
1769099922.11476,10.26880262723719,-13.733144812981418,-2.936039633999986,0.10259566710017165,-0.9947231419305931
1769099922.1648097,10.26253321122101,-13.734448868151144,-2.9369887847436678,0.10212358445954194,-0.9947717192889708
1769099922.2147882,10.256212989920964,-13.735757233804886,-2.9379379354874438,0.10165147881840998,-0.9948200726030966
1769099922.2648106,10.24726378535469,-13.737600975790539,-2.9388870862312197,0.1011793502831511,-0.9948682018620755
1769099922.314808,10.241388545791793,-13.738811410279734,-2.9379379354874438,0.10165147881840998,-0.9948200726030966
1769099922.3648064,10.232292384156034,-13.740694430651983,-2.936988784743762,0.10212358445949511,-0.9947717192889756
1769099922.4147747,10.226345700457884,-13.74193430118417,-2.9350904832562104,0.10306772663406927,-0.9946743405388946
1769099922.4647994,10.220054629159648,-13.743258442226036,-2.9331921817687525,0.10401177595621491,-0.9945760656995694
1769099922.5147634,10.211240761053023,-13.745131059689053,-2.931293880281201,0.1049557315755434,-0.9944768948595248
1769099922.5648127,10.205002990850694,-13.746462541747247,-2.9312938802812947,0.10495573157549681,-0.9944768948595298
1769099922.6147907,10.195572394987252,-13.748477107671075,-2.9309774967000046,0.10511304834235377,-0.9944602792812682
1769099922.6648204,10.18930966057665,-13.7498128826416,-2.9319266474436865,0.10464109016637438,-0.9945100513563413
1769099922.7147655,10.182921224541815,-13.751165962164755,-2.933824948931238,0.10369710321826518,-0.994608923539368
1769099922.7648158,10.173557056527235,-13.75312764691423,-2.936356017581182,0.10243830878214678,-0.994739359276516
1769099922.8147652,10.167411339748158,-13.754404958083358,-2.9369887847437615,0.10212358445949533,-0.9947717192889756
1769099922.8648255,10.160967403517503,-13.755739997387938,-2.9376215519061537,0.10180884991451235,-0.9948039797261993
1769099922.9147675,10.151747013806506,-13.75764721349425,-2.9376215519061537,0.10180884991451235,-0.9948039797261993
1769099922.9648173,10.145477185940862,-13.75894928497156,-2.936039633999986,0.10259566710017165,-0.9947231419305931
1769099923.0147727,10.139629612759686,-13.76016849117794,-2.936039633999892,0.10259566710021825,-0.9947231419305882
1769099923.0648038,10.130711356466222,-13.762036762586096,-2.9341413325124344,0.10353976295487033,-0.9946253151248712
1769099923.1147923,10.124841535786327,-13.76327320876819,-2.9338249489312385,0.10369710321826496,-0.994608923539368
1769099923.1648033,10.115802723642204,-13.765183160012029,-2.9328757981874625,0.10416910842289565,-0.9945595994460961
1769099923.2147918,10.109760946019927,-13.766462816807461,-2.9328757981874625,0.10416910842289565,-0.9945595994460961
1769099923.264805,10.100599848593765,-13.768406178466519,-2.9322430310249765,0.10448376553188907,-0.9945265922740715
1769099923.3147829,10.094559288380752,-13.769691569220956,-2.9316102638624906,0.10479841218220699,-0.9944934855513575
1769099923.364817,10.088097652174703,-13.771065493699334,-2.9325594146062666,0.10432643828273486,-0.9945431083041292
1769099923.414776,10.078861347063418,-13.773020229201315,-2.9335085653500426,0.10385444088667665,-0.9945925070641322
1769099923.4648378,10.072966171469233,-13.77425909470912,-2.9354068668375004,0.10291037603007053,-0.9946906325613756
1769099923.5147722,10.063475317976721,-13.776233217423272,-2.9376215519062483,0.1018088499144653,-0.994803979726204
1769099923.5648127,10.057451338573724,-13.777474295740765,-2.9392034698125102,0.10102196903551038,-0.9948841951564957
1769099923.6147733,10.051128644779332,-13.778770661402097,-2.939519853393706,0.10086458525987804,-0.9949001635542899
1769099923.6648326,10.041706897118688,-13.780703990869968,-2.93888708623122,0.10117935028315088,-0.9948682018620755
1769099923.714774,10.035460419156943,-13.781993999561784,-2.9369887847437623,0.10212358445949489,-0.9947717192889756
1769099923.7648492,10.029191003140756,-13.78329805473151,-2.9360396339999864,0.10259566710017143,-0.9947231419305931
1769099923.8158298,10.020521052306435,-13.785117172620636,-2.933508565349949,0.10385444088672326,-0.9945925070641273
1769099923.8648155,10.014380229559162,-13.786417807309526,-2.932243031024977,0.10448376553188884,-0.9945265922740715
1769099923.9148076,10.008117495566474,-13.787753582190913,-2.930661113118715,0.10527036247879404,-0.9944436388169936
1769099923.9648275,9.998761472775948,-13.789753765436938,-2.931293880281201,0.1049557315755434,-0.9944768948595248
1769099924.0147796,9.992721319541792,-13.791041067261084,-2.9319266474437806,0.10464109016632755,-0.9945100513563463
1769099924.0648222,9.986457320100582,-13.792370897351784,-2.9328757981874625,0.10416910842289565,-0.9945595994460961
1769099924.114846,9.976725119627597,-13.79442736540337,-2.9338249489312385,0.10369710321826496,-0.994608923539368
1769099924.1648247,9.970285011298422,-13.795780748003782,-2.9350904832562104,0.10306772663406927,-0.9946743405388946
1769099924.2209883,9.960944686619868,-13.797732811091798,-2.9360396339999864,0.10259566710017143,-0.9947231419305931
1769099924.2648242,9.954650697356922,-13.79904301633091,-2.9366724011624723,0.1022809479005928,-0.9947555517294469
1769099924.314782,9.94872820534956,-13.800274910386104,-2.9363560175811823,0.10243830878214656,-0.994739359276516
1769099924.3648124,9.93941173297904,-13.802217374479115,-2.93572325041879,0.10275302285077662,-0.994706899692079
1769099924.4147823,9.933539575729018,-13.803442675750778,-2.936039633999986,0.10259566710017165,-0.9947231419305931
1769099924.464824,9.927320951075655,-13.804742325180731,-2.93509048325621,0.10306772663406949,-0.9946743405388945
1769099924.5147824,9.918329270004039,-13.806630433172279,-2.934141332512528,0.10353976295482373,-0.9946253151248761
1769099924.5648232,9.912311650265822,-13.80790198966894,-2.9325594146061724,0.10432643828278168,-0.9945431083041242
1769099924.6158595,9.903127338068233,-13.809857868511152,-2.9309774967000046,0.10511304834235377,-0.9944602792812682
1769099924.6648295,9.89708800050481,-13.81114899210949,-2.9309774967000046,0.10511304834235377,-0.9944602792812682
1769099924.7218616,9.89080114910682,-13.812493030609401,-2.9309774967000046,0.10511304834235377,-0.9944602792812682
1769099924.7648158,9.881689574774436,-13.814425886836935,-2.9341413325124344,0.10353976295487033,-0.9946253151248712
1769099924.8147864,9.875299005420265,-13.815768858869172,-2.934774099675014,0.1032250746587884,-0.9946580236250485
1769099924.8648326,9.869229033554115,-13.817037440897419,-2.936356017581276,0.10243830878209996,-0.9947393592765208
1769099924.9147859,9.859933379182351,-13.818955625536061,-2.9398362369749957,0.10070719896009891,-0.9949161070550677
1769099924.964857,9.853858240403719,-13.82019923131643,-2.9395198533937057,0.10086458525987826,-0.9949001635542899
1769099925.0148768,9.84426262276284,-13.822166656849504,-2.93920346981251,0.1010219690355106,-0.9948841951564957
1769099925.06484,9.838337803514621,-13.82338730589428,-2.937621551906248,0.10180884991446552,-0.994803979726204
1769099925.117887,9.829341963533484,-13.825255495405205,-2.936039633999986,0.10259566710017165,-0.9947231419305931
1769099925.1648095,9.823593881344658,-13.826455855738493,-2.9354068668374063,0.10291037603011735,-0.9946906325613707
1769099925.2239456,9.817451009296935,-13.827746774418895,-2.9335085653499484,0.10385444088672348,-0.9945925070641273
1769099925.2648351,9.808511850730786,-13.829638622987835,-2.9325594146062666,0.10432643828273486,-0.9945431083041292
1769099925.3158934,9.802544957783342,-13.830905378175792,-2.9322430310249765,0.10448376553188907,-0.9945265922740715
1769099925.3648305,9.793210855537765,-13.832886982764418,-2.9325594146061724,0.10432643828278168,-0.9945431083041242
1769099925.4159005,9.786822846955651,-13.834242083619557,-2.932559414606266,0.10432643828273508,-0.9945431083041291
1769099925.464834,9.780409863560642,-13.835601422333603,-2.932875798187462,0.10416910842289587,-0.9945595994460961
1769099925.5189388,9.771123412727638,-13.837563701008781,-2.933824948931238,0.10369710321826518,-0.994608923539368
1769099925.5648324,9.764806942974873,-13.838890057773837,-2.9354068668375,0.10291037603007075,-0.9946906325613756
1769099925.6269312,9.758488799309083,-13.840208419857586,-2.936356017581276,0.10243830878209996,-0.9947393592765208
1769099925.664838,9.749046883988058,-13.842169246995768,-2.937305168324958,0.10196621846283782,-0.9947878619546927
1769099925.7179177,9.742850385629742,-13.843450978228626,-2.9379379354875375,0.10165147881836338,-0.9948200726031013
1769099925.7648425,9.73657932409866,-13.844747098238276,-2.9376215519062474,0.10180884991446575,-0.994803979726204
1769099925.8148675,9.727510034753111,-13.846635031299348,-2.93509048325621,0.10306772663406949,-0.9946743405388945
1769099925.8648362,9.72124268927967,-13.847949002578563,-2.93477409967492,0.10322507465883522,-0.9946580236250436
1769099925.9148467,9.715249233392479,-13.849212482070174,-2.932875798187462,0.10416910842289587,-0.9945595994460961
1769099925.964906,9.706138267848099,-13.851148221631618,-2.93161026386249,0.10479841218220722,-0.9944934855513575
1769099926.0148497,9.700098930687696,-13.852439345143797,-2.9303447295375182,0.10542767398083497,-0.9944269734671274
1769099926.0648592,9.691113875685696,-13.854358734532635,-2.93192664744378,0.10464109016632778,-0.9945100513563463
1769099926.1148727,9.685146582853678,-13.855623601703648,-2.933508565349948,0.1038544408867237,-0.9945925070641273
1769099926.1648686,9.679078624969321,-13.856901784423084,-2.934457716093724,0.10338242010038352,-0.9946416818202362
1769099926.214877,9.669664286535296,-13.858870870243738,-2.9363560175812755,0.10243830878210018,-0.9947393592765208
1769099926.264855,9.66317078243106,-13.860216178901878,-2.9382543190687334,0.10149410517851591,-0.9948361405849772
1769099926.314886,9.653824936907363,-13.862141638048088,-2.9385707026499293,0.10133672899881474,-0.994852183671434
1769099926.3648527,9.647775576207994,-13.863384953055425,-2.939203469812509,0.10102196903551104,-0.9948841951564957
1769099926.4148514,9.641850370667589,-13.86460372760494,-2.938254319068733,0.10149410517851613,-0.994836140584977
1769099926.4648602,9.63292799861597,-13.866452243318413,-2.936356017581275,0.1024383087821004,-0.9947393592765208
1769099926.5148575,9.62678309130776,-13.867733443039334,-2.9357232504186954,0.10275302285082366,-0.9947068996920742
1769099926.564866,9.617938859849115,-13.869584746666083,-2.9347740996749194,0.10322507465883544,-0.9946580236250436
1769099926.614843,9.611671930408276,-13.870900700764711,-2.9344577160937235,0.10338242010038375,-0.994641681820236
1769099926.664843,9.605332168855291,-13.872239279974632,-2.932559414606172,0.1043264382827819,-0.9945431083041242
1769099926.7148445,9.596147237696503,-13.874192253083741,-2.93161026386249,0.10479841218220722,-0.9944934855513575
1769099926.7648416,9.589735547407322,-13.875557678072528,-2.931926647443686,0.1046410901663746,-0.9945100513563413
1769099926.814865,9.583323857118158,-13.876923103061316,-2.93161026386249,0.10479841218220722,-0.9944934855513575
1769099926.8648467,9.573866278754155,-13.878932484888683,-2.932875798187462,0.10416910842289587,-0.9945595994460961
1769099926.9148915,9.567873222411178,-13.880197860653615,-2.9341413325125276,0.10353976295482395,-0.994625315124876
1769099926.964867,9.561581313974648,-13.881518020757444,-2.9354068668374995,0.10291037603007097,-0.9946906325613756
1769099927.0148435,9.552263616673569,-13.883454588819568,-2.9379379354874433,0.1016514788184102,-0.9948200726030966
1769099927.064846,9.546314589150102,-13.884683168710529,-2.9379379354874433,0.1016514788184102,-0.9948200726030966
1769099927.1148655,9.537118684691468,-13.88658380319109,-2.9376215519062474,0.10180884991446575,-0.994803979726204
1769099927.164849,9.530823867948822,-13.887890025473062,-2.9363560175812755,0.10243830878210018,-0.9947393592765208
1769099927.2148502,9.524481576793274,-13.889216567499608,-2.934457716093724,0.10338242010038352,-0.9946416818202362
1769099927.2648504,9.515392630384449,-13.891134108604165,-2.932875798187556,0.10416910842284904,-0.994559599446101
1769099927.3148634,9.509277184289669,-13.892432401222358,-2.93192664744378,0.10464109016632778,-0.9945100513563463
1769099927.3648415,9.503138012150037,-13.893740806355096,-2.9312938802812005,0.10495573157554362,-0.9944768948595248
1769099927.4148633,9.493780725582361,-13.895735069017093,-2.93192664744378,0.10464109016632778,-0.9945100513563463
1769099927.4648612,9.487417690576866,-13.897085924089463,-2.932875798187462,0.10416910842289587,-0.9945595994460961
1769099927.5148733,9.481053376272646,-13.89843073907485,-2.933824948931238,0.10369710321826518,-0.994608923539368
1769099927.5648654,9.471591370958247,-13.900419170433915,-2.93509048325621,0.10306772663406949,-0.9946743405388945
1769099927.6148894,9.465100431487418,-13.901776803470407,-2.935723250418696,0.10275302285082344,-0.9947068996920742
1769099927.6648617,9.458658189954614,-13.903119996726211,-2.936356017581182,0.10243830878214678,-0.994739359276516
1769099927.7148757,9.449117146913679,-13.905101409976083,-2.937305168324958,0.10196621846283782,-0.9947878619546927
1769099927.764845,9.442945232806418,-13.906377037927207,-2.938254319068734,0.10149410517851569,-0.9948361405849772
1769099927.8148763,9.43674832923952,-13.907656808625608,-2.937621551906154,0.10180884991451214,-0.9948039797261993
1769099927.864853,9.427502851171948,-13.909567689114146,-2.937937935487444,0.10165147881840976,-0.9948200726030966
1769099927.9148526,9.421232200235039,-13.910865793076486,-2.9369887847437623,0.10212358445949489,-0.9947717192889756
1769099927.9648771,9.415086888191388,-13.912145048521513,-2.9357232504186968,0.10275302285082301,-0.9947068996920743
1769099928.0148568,9.405575979791074,-13.914146899011083,-2.932559414606267,0.10432643828273463,-0.9945431083041292
1769099928.0648906,9.399237490655338,-13.915491495208428,-2.9325594146061733,0.10432643828278124,-0.9945431083041243
1769099928.114868,9.392900281550542,-13.916842106778093,-2.9306611131187155,0.10527036247879382,-0.9944436388169937
1769099928.164906,9.383841888394258,-13.918781658199494,-2.9306611131187155,0.10527036247879382,-0.9944436388169937
1769099928.2148705,9.377604539867239,-13.920115113696843,-2.9312938802812014,0.10495573157554318,-0.9944768948595248
1769099928.2648487,9.371588534145832,-13.921394284677556,-2.9328757981874634,0.1041691084228952,-0.9945595994460961
1769099928.3148994,9.362003001983625,-13.923410258456686,-2.935723250418697,0.10275302285082279,-0.9947068996920743
1769099928.3648934,9.355584483190533,-13.924743208966039,-2.937937935487539,0.10165147881836271,-0.9948200726031015
1769099928.4148989,9.34946214248627,-13.926008590951746,-2.937621551906155,0.1018088499145117,-0.9948039797261994
1769099928.4648957,9.339845176873729,-13.92799783785833,-2.9376215519062487,0.10180884991446508,-0.9948039797262042
1769099928.5149007,9.333500794644921,-13.92931434535512,-2.936356017581183,0.10243830878214612,-0.994739359276516
1769099928.5648913,9.32723179131498,-13.930620384043415,-2.9360396339999872,0.10259566710017098,-0.9947231419305931
1769099928.6148665,9.318041949232864,-13.932550102650882,-2.9331921817687534,0.10401177595621447,-0.9945760656995695
1769099928.6648693,9.311801662716732,-13.933869741148705,-2.9331921817686597,0.10401177595626107,-0.9945760656995646
1769099928.7148855,9.305957194255035,-13.935103744022548,-2.9338249489312394,0.10369710321826452,-0.9946089235393681
1769099928.7648733,9.296596765105484,-13.937083201637188,-2.9325594146061738,0.10432643828278101,-0.9945431083041243
1769099928.8148904,9.290258275969748,-13.938427797834535,-2.9325594146062675,0.10432643828273441,-0.9945431083041292
1769099928.864902,9.283795771467435,-13.939797633372628,-2.9328757981874634,0.1041691084228952,-0.9945595994460961
1769099928.9148839,9.274484245909752,-13.9417636717512,-2.9341413325124353,0.10353976295486989,-0.9946253151248712
1769099928.9648764,9.26801958252706,-13.943123282427987,-2.9344577160937253,0.10338242010038286,-0.9946416818202362
1769099929.0148752,9.25872942405181,-13.945067928964967,-2.9360396339999872,0.10259566710017098,-0.9947231419305931
1769099929.0648541,9.252757371641135,-13.946310131715578,-2.936988784743669,0.10212358445954127,-0.9947717192889708
1769099929.1149616,9.246436737133799,-13.947616497602445,-2.9385707026500247,0.10133672899876725,-0.9948521836714389
1769099929.1648748,9.236989889704281,-13.949553420220195,-2.9401526205562867,0.10054981014015744,-0.9949320256584258
1769099929.2149072,9.230840162487965,-13.950811280990076,-2.9395198533938007,0.100864585259831,-0.9949001635542947
1769099929.2648907,9.224592462406225,-13.952095360359614,-2.938254319068735,0.10149410517851502,-0.9948361405849772
1769099929.3148623,9.215398369145914,-13.954004721645205,-2.9354068668375013,0.10291037603007008,-0.9946906325613756
1769099929.3648734,9.209205134782206,-13.955302132518472,-2.9347740996749216,0.10322507465883433,-0.9946580236250437
1769099929.4148853,9.202939458457266,-13.956624034019537,-2.932559414606268,0.10432643828273419,-0.9945431083041292
1769099929.46488,9.193656124025742,-13.958601000504252,-2.9309774966999123,0.10511304834239969,-0.9944602792812633
1769099929.5148706,9.187393812336898,-13.959938756878863,-2.9312938802812023,0.10495573157554274,-0.994476894859525
1769099929.5648816,9.181131500648046,-13.961276513253477,-2.9309774967000064,0.10511304834235288,-0.9944602792812683
1769099929.6148825,9.171550455458185,-13.963313711278097,-2.9331921817687543,0.10401177595621403,-0.9945760656995695
1769099929.664857,9.16513575755137,-13.964664932919899,-2.9347740996750162,0.10322507465878729,-0.9946580236250486
1769099929.714912,9.158620259305932,-13.966028778448848,-2.935723250418698,0.10275302285082234,-0.9947068996920743
1769099929.7648604,9.152252141511319,-13.967355465925893,-2.936672401162474,0.10228094790059192,-0.994755551729447
1769099929.8148909,9.142611337833246,-13.969354415195555,-2.93762155190625,0.10180884991446443,-0.9948039797262042
1769099929.86487,9.13626695560444,-13.970670922692346,-2.9363560175811845,0.10243830878214545,-0.9947393592765161
1769099929.914892,9.130146624290232,-13.971945988131115,-2.9360396339999886,0.10259566710017032,-0.9947231419305932
1769099929.9648843,9.120855236236402,-13.973884755966022,-2.9357232504186985,0.10275302285082212,-0.9947068996920744
1769099930.0148842,9.114587891390308,-13.97519872711371,-2.9341413325125307,0.1035397629548224,-0.9946253151248762
1769099930.0648816,9.10839589115131,-13.976502015736429,-2.9341413325125307,0.1035397629548224,-0.9946253151248762
1769099930.1148725,9.099059288903945,-13.978471806048852,-2.9331921817687547,0.1040117759562138,-0.9945760656995695
1769099930.165037,9.092671280748117,-13.97982690681356,-2.931926647443689,0.10464109016637305,-0.9945100513563415
1769099930.2148802,9.08623461811868,-13.981196585509172,-2.931926647443783,0.10464109016632646,-0.9945100513563464
1769099930.264877,9.076703727148292,-13.983226271303312,-2.931610263862493,0.1047984121822059,-0.9944934855513576
1769099930.3149025,9.070266631926717,-13.984593913384767,-2.9328757981874647,0.10416910842289455,-0.9945595994460962
1769099930.3648834,9.06427357558374,-13.9858592891497,-2.9341413325125303,0.10353976295482262,-0.9946253151248762
1769099930.4148939,9.055081906047555,-13.987780284343799,-2.936988784743764,0.102123584459494,-0.9947717192889757
1769099930.464861,9.048711282338369,-13.989094880610917,-2.939203469812512,0.1010219690355095,-0.9948841951564958
1769099930.5148807,9.039437697562882,-13.990994749909207,-2.939836236974998,0.1007071989600978,-0.9949161070550678
1769099930.5648654,9.033114184736716,-13.992287114518264,-2.940152620556288,0.10054981014015679,-0.9949320256584258
1769099930.6148958,9.026866079227242,-13.993569217046893,-2.9382543190687365,0.10149410517851437,-0.9948361405849773
1769099930.6648686,9.017472496039506,-13.995513807437789,-2.9366724011624745,0.1022809479005917,-0.994755551729447
1769099930.7148893,9.01137714474046,-13.99678467483929,-2.935406866837409,0.10291037603011602,-0.9946906325613709
1769099930.7648625,9.005308379683884,-13.99805901761356,-2.933824948931147,0.10369710321831045,-0.9946089235393634
1769099930.8149068,8.99607269502187,-14.000016674906352,-2.9316102638624932,0.10479841218220567,-0.9944934855513577
1769099930.8648853,8.989784994419118,-14.001356735024334,-2.9316102638624932,0.10479841218220567,-0.9944934855513577
1769099930.9149387,8.983496870262963,-14.002694805727723,-2.932243031024979,0.10448376553188773,-0.9945265922740716
1769099930.964913,8.9742868718698,-14.004651586067153,-2.932243031024979,0.10448376553188773,-0.9945265922740716
1769099931.0149236,8.967749867009793,-14.006036132671456,-2.933508565349951,0.10385444088672215,-0.9945925070641274
1769099931.0648847,8.96138512733437,-14.007378934069822,-2.933824948931241,0.10369710321826364,-0.9946089235393683
1769099931.1148942,8.952096818186403,-14.009332397620712,-2.934774099675017,0.10322507465878684,-0.9946580236250486
1769099931.1648717,8.945679990785045,-14.010673470050573,-2.936356017581279,0.1024383087820984,-0.994739359276521
1769099931.2148995,8.93988159113111,-14.01188050954296,-2.9363560175811854,0.10243830878214502,-0.9947393592765161
1769099931.2648697,8.930737058969804,-14.013779578346083,-2.9373051683249614,0.10196621846283604,-0.9947878619546929
1769099931.3148978,8.924764221530376,-14.015018001970919,-2.9369887847437655,0.10212358445949334,-0.9947717192889758
1769099931.364878,8.915521169459083,-14.01694058133182,-2.9360396339998958,0.10259566710021649,-0.9947231419305884
1769099931.4149103,8.909550298775969,-14.018188451900023,-2.935090483256214,0.1030677266340675,-0.9946743405388947
1769099931.464875,8.903506907450113,-14.019460461404808,-2.9331921817686624,0.10401177595625974,-0.9945760656995647
1769099931.5148973,8.894395942665735,-14.02139620080478,-2.9312938802812045,0.10495573157554164,-0.9944768948595251
1769099931.5648715,8.888381153178026,-14.022681081433365,-2.9309774967000086,0.10511304834235179,-0.9944602792812685
1769099931.614894,8.879247583955953,-14.024632196461951,-2.9312938802812045,0.10495573157554164,-0.9944768948595251
1769099931.6648774,8.873331005083433,-14.025892183185626,-2.9322430310249805,0.10448376553188707,-0.9945265922740717
1769099931.7148943,8.86699209127979,-14.027234773832221,-2.933508565350046,0.10385444088667489,-0.9945925070641324
1769099931.7648668,8.857380195395868,-14.029248354701304,-2.936672401162476,0.10228094790059104,-0.9947555517294471
1769099931.8149266,8.85088669074998,-14.030593663471663,-2.9379379354874477,0.101651478818408,-0.9948200726030968
1769099931.8648508,8.84444107046454,-14.031920546620437,-2.9392034698124196,0.10102196903555545,-0.9948841951564912
1769099931.9149013,8.834820970061063,-14.033894577794252,-2.9392034698125133,0.10102196903550884,-0.994884195156496
1769099931.9648967,8.82854827326785,-14.035182760524478,-2.9388870862312233,0.10117935028314934,-0.9948682018620757
1769099932.0148957,8.822301795306105,-14.036472769216294,-2.9369887847437655,0.10212358445949334,-0.9947717192889758
1769099932.0648756,8.813182945176816,-14.038371019231494,-2.9357232504187936,0.10275302285077485,-0.9947068996920793
1769099932.1149068,8.807064233014822,-14.03965382900809,-2.934141332512438,0.10353976295486855,-0.9946253151248714
1769099932.1648567,8.800897206224553,-14.040952880060164,-2.933824948931148,0.10369710321831002,-0.9946089235393634
1769099932.2149122,8.791462172178225,-14.042946555194142,-2.932875798187466,0.10416910842289388,-0.9945595994460962
1769099932.26489,8.785049619390579,-14.04430792275735,-2.931926647443784,0.10464109016632579,-0.9945100513563465
1769099932.3149307,8.778637929101407,-14.045673347746135,-2.931610263862494,0.10479841218220523,-0.9944934855513577
1769099932.3648865,8.76942855041601,-14.04763304184716,-2.93224303102498,0.10448376553188729,-0.9945265922740717
1769099932.4149425,8.76333765861374,-14.048925114733994,-2.932875798187466,0.10416910842289388,-0.9945595994460962
1769099932.4648967,8.757270510736184,-14.050207136801774,-2.933824948931242,0.1036971032182632,-0.9946089235393683
1769099932.5149302,8.74783296181147,-14.052188869850738,-2.935406866837504,0.10291037603006875,-0.9946906325613758
1769099932.5649025,8.741787565026671,-14.05345131778747,-2.93603963399999,0.10259566710016967,-0.9947231419305933
1769099932.6149158,8.732667516333516,-14.055343797156246,-2.9379379354874477,0.101651478818408,-0.9948200726030968
1769099932.6649022,8.7264206297131,-14.05663182967237,-2.9385707026499337,0.10133672899881253,-0.9948521836714342
1769099932.7149124,8.720422027360573,-14.057870647646418,-2.9373051683250555,0.10196621846278922,-0.9947878619546977
1769099932.7649019,8.710931798923077,-14.059847773011933,-2.9350904832563076,0.1030677266340209,-0.9946743405388996
1769099932.8149295,8.704690263619323,-14.061161487746382,-2.9331921817686624,0.10401177595625974,-0.9945760656995647
1769099932.8648896,8.698427532134204,-14.062497262092931,-2.9297119623749426,0.10574228906620119,-0.9943935681122641
1769099932.9149075,8.689128642660293,-14.06452217896806,-2.9246498250749613,0.10825882605620438,-0.9941227422109065
1769099932.9648604,8.682976381698902,-14.065889438406472,-2.9211696056812415,0.109988543903952,-0.993932854980601
1769099933.0149112,8.676680333981377,-14.067309570824715,-2.9183221534500077,0.11140352011554129,-0.9937752541223122
1769099933.064894,8.667280742869325,-14.069464140574421,-2.9142091668937082,0.11344697523328831,-0.9935440522746929
1769099933.1149085,8.660773594838915,-14.070982817194587,-2.9104125639187926,0.11533281584705386,-0.9933269057006306
1769099933.1648612,8.654444405192983,-14.072484264097564,-2.906932344524979,0.11706113814276493,-0.9931247101631901
1769099933.2149258,8.644775446140436,-14.074820037943176,-2.9021865908061937,0.11941736901572331,-0.9928441428428546
1769099933.2648635,8.638458821353332,-14.076373497204205,-2.898706371412474,0.12114484506750701,-0.9926348404693287
1769099933.314941,8.632221559539142,-14.077931526537945,-2.8949097684374645,0.1230289458544135,-0.9924030826644745
1769099933.3648846,8.622950450415379,-14.080294191718178,-2.8892148639749973,0.12585426364977517,-0.9920487408999483
1769099933.4149435,8.616974212594016,-14.081851464464648,-2.8841527266749223,0.1283648013057923,-0.991727017775418
1769099933.4648836,8.610932299045851,-14.083457532618931,-2.8794069729562306,0.13071768380701826,-0.9914196322143961
1769099933.514943,8.601970337457638,-14.085900629699987,-2.871497383424922,0.13463751252122855,-0.9908949188597629
1769099933.5648663,8.59607242717073,-14.087553637331148,-2.8651697117999686,0.13777186227115762,-0.9904639892324896
1769099933.614952,8.58743802288349,-14.090040029235794,-2.8572601222687535,0.14168785645829035,-0.9899113855958295
1769099933.6648793,8.581151328010119,-14.091897849540342,-2.851248834224996,0.14466253322061057,-0.9894810516034128
1769099933.7149658,8.575357184845988,-14.093636056916436,-2.8490341491562483,0.1457581387589516,-0.9893202540055097
1769099933.7648954,8.566035130840532,-14.096474459826302,-2.843022861112491,0.14873102040757674,-0.9888776888819573
1769099933.814938,8.560014835980734,-14.09833879968534,-2.8395426417186775,0.15045155001730087,-0.988617383570303
1769099933.8648942,8.553832311358576,-14.100278057874279,-2.835746038743762,0.15232797166028295,-0.9883300000758168
1769099933.9149036,8.544474092572909,-14.103255760735323,-2.8313166686062665,0.15451643599388584,-0.9879902180729055
1769099933.9649372,8.538235148141228,-14.105268144179442,-2.827836449212453,0.15623541254876455,-0.9877198468521918
1769099934.0149226,8.53229259705941,-14.107209864843455,-2.8237234626562473,0.15826631997020255,-0.9873964613887826
1769099934.064922,8.523041471780225,-14.110271578927119,-2.820243243262434,0.1599842576465503,-0.9871195658608344
1769099934.1149046,8.516896870704512,-14.112327844001626,-2.817079407450004,0.16154559893467493,-0.9868652488890453
1769099934.1649806,8.510900743573744,-14.114349200546544,-2.815813873125032,0.16217002247533305,-0.9867628305780219
1769099934.2149277,8.502269086706125,-14.117268148174029,-2.8151811059624525,0.16248220991185297,-0.9867114732596153
1769099934.2649462,8.496348397068992,-14.11927555418216,-2.8142319552187707,0.16295046056133125,-0.9866342520928665
1769099934.3149261,8.490669853982658,-14.121208876500903,-2.812650037312415,0.16373079670295518,-0.9865050563534966
1769099934.3649476,8.48147464177001,-14.124357353398867,-2.810751735824957,0.16466706481881713,-0.9863492068045452
1769099934.4149177,8.475442246691403,-14.126429268258084,-2.810751735824957,0.16466706481881713,-0.9863492068045452
1769099934.4649136,8.466442508902727,-14.129523544250707,-2.8101189686624712,0.1649791212665471,-0.9862970594836619
1769099934.5149179,8.460266485782004,-14.131644790274542,-2.811384502987443,0.16435499188814953,-0.9864012553932838
1769099934.5649383,8.454087115268704,-14.133756263510588,-2.8132828044749947,0.1634186745108633,-0.9865568087145882
1769099934.6149328,8.444977877005728,-14.136843138305949,-2.8164466402874244,0.1618578188059183,-0.9868140891228654
1769099934.6649556,8.439028451267234,-14.138844559798194,-2.81771217461249,0.16123336289299442,-0.9869163098714177
1769099934.7149146,8.432884498915055,-14.14090276954173,-2.818977708937462,0.16060884242320236,-0.9870181354643283
1769099934.7649374,8.423811607756464,-14.143938974656487,-2.818344941774976,0.16092111071208487,-0.986967272064879
1769099934.8149688,8.417740620681453,-14.145975946184208,-2.8173957910312,0.16138948293321495,-0.9868907917285222
1769099934.8649328,8.411647906065102,-14.148027716901696,-2.816130256706228,0.16201392266779602,-0.986788472197458
1769099934.9149516,8.402515185116346,-14.15112416005726,-2.8132828044749942,0.1634186745108635,-0.9865568087145882
1769099934.9649532,8.396719031379057,-14.153104689216654,-2.8113845029874427,0.16435499188814973,-0.9864012553932837
1769099935.014919,8.390804722269628,-14.155130817304126,-2.8117008865687327,0.16419894925145292,-0.9864272426614742
1769099935.0649292,8.382064006908559,-14.158122127953792,-2.8120172701499286,0.16404290250578252,-0.9864532052446676
1769099935.1149147,8.376389759444928,-14.160068021705536,-2.8104353522436667,0.16482309510502507,-0.9863231454852917
1769099935.1649263,8.367651887516908,-14.163067627162944,-2.8113845029874427,0.16435499188814973,-0.9864012553932837
1769099935.2149074,8.361522409512547,-14.165168551448064,-2.8113845029875364,0.1643549918881035,-0.9864012553932915
1769099935.2649314,8.35551232211794,-14.167227491326427,-2.8117008865687323,0.16419894925145315,-0.9864272426614741
1769099935.314952,8.34605216839677,-14.170461670141977,-2.812650037312414,0.16373079670295562,-0.9865050563534965
1769099935.3654404,8.340277784920788,-14.172427622373274,-2.814231955218676,0.1629504605613779,-0.9866342520928588
1769099935.4149473,8.331359362084935,-14.175446689646062,-2.8161302567062276,0.16201392266779624,-0.986788472197458
1769099935.4649515,8.325579403492181,-14.177396191843656,-2.8164466402874235,0.16185781880591874,-0.9868140891228653
1769099935.5149353,8.319870481636801,-14.179318717257837,-2.8170794074499095,0.1615455989347216,-0.9868652488890376
1769099935.5649347,8.310828804577259,-14.182368353170387,-2.8154974895437417,0.16232611822466989,-0.986737164265191
1769099935.6149592,8.304884464121319,-14.184384826472463,-2.813599188056284,0.1632626072786241,-0.9865826478631102
1769099935.664964,8.29903914539853,-14.186378025481549,-2.8123336537312182,0.1638868516549509,-0.98647914314223
1769099935.714915,8.290275908629951,-14.189381690219438,-2.8104353522436667,0.16482309510502507,-0.9863231454852917
1769099935.764949,8.284077633515082,-14.191516061437591,-2.809486201499985,0.1652911612001032,-0.9862448134358535
1769099935.815018,8.277975084656816,-14.193617469393686,-2.810435352243761,0.16482309510497864,-0.9863231454852994
1769099935.8649502,8.268782863737997,-14.196774672936016,-2.811068119406247,0.1645110304118752,-0.9863752434407623
1769099935.9149308,8.262963703134897,-14.198766148045904,-2.8126500373124146,0.1637307967029554,-0.9865050563534966
1769099935.9649515,8.256878166013603,-14.200839110278718,-2.81391557163748,0.16310653596084226,-0.9866084623227466
1769099936.0149136,8.247577151830793,-14.2039909727532,-2.8158138731250317,0.16217002247533327,-0.9867628305780218
1769099936.064946,8.241460125216346,-14.206049853387022,-2.8180285581936855,0.16107723881801325,-0.9869418033170774
1769099936.1149328,8.235149848430993,-14.208169334197358,-2.8170794074500036,0.16154559893467516,-0.9868652488890451
1769099936.164942,8.226008344798979,-14.211239760770507,-2.8180285581936855,0.16107723881801325,-0.9869418033170774
1769099936.2149446,8.220273301481424,-14.213164014570385,-2.8177121746124896,0.16123336289299461,-0.9869163098714175
1769099936.2649574,8.21130213976317,-14.216185125532313,-2.815813873124938,0.16217002247537948,-0.9867628305780143
1769099936.3149362,8.205811740832132,-14.218042769071467,-2.814864722381162,0.16263829753297748,-0.9866857575619375
1769099936.3649514,8.19969994395448,-14.22011712605421,-2.81391557163748,0.16310653596084226,-0.9866084623227466
1769099936.4149554,8.191196863840817,-14.223021102128556,-2.8110681194062463,0.16451103041187543,-0.9863752434407622
1769099936.464986,8.185522000633657,-14.224965200673939,-2.812017270149928,0.16404290250578274,-0.9864532052446676
1769099936.5149324,8.17939252303833,-14.22706612481886,-2.81075173582505,0.16466706481877136,-0.9863492068045528
1769099936.564935,8.170104549663323,-14.230256215951307,-2.8107517358249563,0.16466706481881757,-0.9863492068045451
1769099936.6149292,8.164191523805151,-14.232286086013499,-2.811068119406152,0.16451103041192186,-0.9863752434407546
1769099936.6649356,8.155211337689256,-14.235359350071969,-2.812650037312508,0.1637307967029094,-0.9865050563535043
1769099936.7149217,8.148981377210266,-14.237479308788508,-2.8145483387999657,0.1627943810840903,-0.9866600171728092
1769099936.7649405,8.142939218209342,-14.239522571855048,-2.8164466402874235,0.16185781880591874,-0.9868140891228653
1769099936.815013,8.133775183402477,-14.242605406572938,-2.817712174612489,0.16123336289299484,-0.9869163098714175
1769099936.8649614,8.127776502577625,-14.244619173330884,-2.817712174612489,0.16123336289299484,-0.9869163098714175
1769099936.9149113,8.121778459275797,-14.246634837838506,-2.8170794074499095,0.1615455989347216,-0.9868652488890376
1769099936.9649749,8.112476452551007,-14.249783756048704,-2.813282804474994,0.16341867451086373,-0.9865568087145881
1769099937.0149481,8.106846435887388,-14.2517025449439,-2.8129664208937037,0.16357473765360947,-0.9865309448778344
1769099937.0649776,8.100596226976364,-14.253841536514484,-2.810751735824956,0.1646670648188178,-0.9863492068045451
1769099937.114952,8.091739138964119,-14.256883633728416,-2.810751735824956,0.1646670648188178,-0.9863492068045451
1769099937.1649694,8.085945495522045,-14.258871496796681,-2.811384502987442,0.16435499188815017,-0.9864012553932837
1769099937.2149365,8.080198487122118,-14.260839295120542,-2.8120172701500215,0.16404290250573675,-0.9864532052446753
1769099937.2649674,8.071361026768736,-14.263860591380682,-2.8123336537312174,0.16388685165495134,-0.9864791431422298
1769099937.314955,8.065492068323726,-14.265862887742692,-2.8132828044749933,0.16341867451086395,-0.9865568087145881
1769099937.3650455,8.056839682814942,-14.26879952596167,-2.8154974895437412,0.1623261182246701,-0.986737164265191
1769099937.4149463,8.050822466469903,-14.270837536922699,-2.8145483388000594,0.16279438108404407,-0.9866600171728167
1769099937.4649909,8.041828759467931,-14.273870993180816,-2.818028558193779,0.161077238817967,-0.9869418033170849
1769099937.5149493,8.035924804959016,-14.275848804205236,-2.818661325356265,0.1607649785791639,-0.9869927161141773
1769099937.5649543,8.027283956092392,-14.278740428172293,-2.8186613253561714,0.16076497857921013,-0.9869927161141697
1769099937.6149004,8.021715409045013,-14.280603919173286,-2.818661325356265,0.1607649785791639,-0.9869927161141773
1769099937.6649554,8.015547783639786,-14.28267114455253,-2.817712174612489,0.16123336289299484,-0.9869163098714175
1769099937.714947,8.006794843405446,-14.285626478078209,-2.8142319552187693,0.16295046056133192,-0.9866342520928664
1769099937.7649548,8.001067763195493,-14.287574303626704,-2.8132828044749933,0.16341867451086395,-0.9865568087145881
1769099937.8149598,7.995344392581071,-14.28953299679582,-2.8104353522437595,0.1648230951049793,-0.9863231454852993
1769099937.8649697,7.98644136569285,-14.292597171883576,-2.80980258508118,0.16513514329957288,-0.9862709488002926
1769099937.9149668,7.980578132280447,-14.2946161717519,-2.81011896866247,0.16497912126654773,-0.9862970594836618
1769099937.96498,7.971962299664245,-14.297581502531454,-2.81011896866247,0.16497912126654773,-0.9862970594836618
1769099938.0149152,7.9659764828984,-14.299633185855988,-2.8126500373124137,0.16373079670295584,-0.9865050563534965
1769099938.064969,7.957183127148672,-14.302626980332693,-2.8142319552186756,0.16295046056137813,-0.9866342520928587
1769099938.1149082,7.951310378318324,-14.30461813204116,-2.8151811059625453,0.16248220991180717,-0.9867114732596228
1769099938.1649778,7.942773716357786,-14.307501946057458,-2.8164466402874235,0.16185781880591874,-0.9868140891228653
1769099938.2149048,7.937017433928121,-14.309442448470074,-2.8164466402874235,0.16185781880591874,-0.9868140891228653
1769099938.2649882,7.931092944101546,-14.311438611680716,-2.8167630238687136,0.1617017108935607,-0.9868396813536104
1769099938.314912,7.922244077691461,-14.314426333619384,-2.8151811059624516,0.16248220991185341,-0.9867114732596153
1769099938.3649838,7.916276088197428,-14.316451882067364,-2.8135991880561897,0.16326260727867054,-0.9865826478631026
1769099938.4149206,7.907987234598725,-14.319278303613032,-2.8123336537313115,0.1638868516549049,-0.9864791431422375
1769099938.464993,7.902286884199549,-14.321226097045718,-2.812333653731218,0.16388685165495112,-0.9864791431422298
1769099938.5149643,7.893425953550363,-14.324256982827105,-2.811700886568732,0.16419894925145337,-0.9864272426614741
1769099938.5649865,7.887845660342685,-14.326164738938555,-2.812650037312508,0.1637307967029094,-0.9865050563535043
1769099938.6149676,7.8820974079352215,-14.328128900350508,-2.812017270150022,0.16404290250573653,-0.9864532052446753
1769099938.6649842,7.872852301979866,-14.331287926621407,-2.812650037312508,0.1637307967029094,-0.9865050563535043
1769099938.714963,7.866793669747014,-14.333361355439518,-2.811068119406246,0.16451103041187565,-0.9863752434407622
1769099938.7649608,7.857498659691044,-14.336530866925823,-2.8148647223812553,0.1626382975329315,-0.9866857575619452
1769099938.814913,7.851241043442135,-14.338648093841627,-2.8158138731250313,0.1621700224753335,-0.9867628305780218
1769099938.865009,7.8450766963448775,-14.340725073168688,-2.817395791031199,0.1613894829332154,-0.9868907917285222
1769099938.9149687,7.838957068432891,-14.342776211054018,-2.818977708937461,0.16060884242320278,-0.9870181354643282
1769099938.9649904,7.830122332233156,-14.345726503542195,-2.819610476099947,0.16029655805760487,-0.9870689000646737
1769099939.014928,7.8242894511633185,-14.347677426826953,-2.818028558193685,0.16107723881801347,-0.9869418033170774
1769099939.064969,7.8152458471098045,-14.35072134054833,-2.8158138731250313,0.1621700224753335,-0.9867628305780218
1769099939.1149628,7.809565472894018,-14.352649271753341,-2.8129664208937037,0.16357473765360947,-0.9865309448778344
1769099939.164991,7.803722049137685,-14.354648017785657,-2.811068119406246,0.16451103041187565,-0.9863752434407622
1769099939.2149205,7.795152218176917,-14.357591452338138,-2.81043535224376,0.16482309510497908,-0.9863231454852993
1769099939.2650037,7.789121792777215,-14.359669091776848,-2.8091698179186944,0.1654471749643284,-0.9862186533909825
1769099939.3157048,7.7802656700418105,-14.362713990262932,-2.811700886568732,0.16419894925145337,-0.9864272426614741
1769099939.3649752,7.77449502836013,-14.364690900664073,-2.811384502987442,0.16435499188815017,-0.9864012553932837
1769099939.4149609,7.768650972525846,-14.366687797833045,-2.8132828044749933,0.16341867451086395,-0.9865568087145881
1769099939.4649758,7.759520210600241,-14.36979001997881,-2.8148647223812553,0.1626382975329315,-0.9866857575619452
1769099939.514919,7.753311210260145,-14.37189298753466,-2.8151811059625453,0.16248220991180717,-0.9867114732596228
1769099939.564972,7.744129561108577,-14.375002781256239,-2.8148647223811616,0.1626382975329777,-0.9866857575619375
1769099939.6149154,7.738422467352594,-14.37693072417373,-2.816763023868807,0.16170171089351468,-0.986839681353618
1769099939.6649818,7.732091909572847,-14.379069282704059,-2.8148647223812553,0.1626382975329315,-0.9866857575619452
1769099939.7186449,7.723174441027715,-14.382091171921981,-2.8148647223812553,0.1626382975329315,-0.9866857575619452
1769099939.7650106,7.717229461997632,-14.38410576473393,-2.8148647223812553,0.1626382975329315,-0.9866857575619452
1769099939.8149178,7.711237182512451,-14.386138500188773,-2.8142319552186756,0.16295046056137813,-0.9866342520928587
1769099939.864975,7.702564094897689,-14.389092879187526,-2.8123336537313115,0.1638868516549049,-0.9864791431422375
1769099939.9149213,7.696697039577115,-14.391100745173048,-2.811384502987442,0.16435499188815017,-0.9864012553932837
1769099939.9649887,7.690711870732002,-14.393154322722909,-2.810751735824956,0.1646670648188178,-0.9863492068045451
1769099940.0149198,7.681712132943327,-14.396248598715532,-2.81011896866247,0.16497912126654773,-0.9862970594836618
1769099940.0649724,7.67553678095004,-14.398371798731747,-2.8107517358250496,0.16466706481877158,-0.9863492068045528
1769099940.122711,7.669167870636144,-14.400554790226078,-2.8120172701499278,0.16404290250578296,-0.9864532052446675
1769099940.1649857,7.6597984676400825,-14.403741398735274,-2.8154974895437412,0.1623261182246701,-0.986737164265191
1769099940.2170827,7.65377803586369,-14.40576988806955,-2.817712174612489,0.16123336289299484,-0.9869163098714175
1769099940.26498,7.647537423730368,-14.4078582828433,-2.819610476099947,0.16029655805760487,-0.9870689000646737
1769099940.3149376,7.638942761883874,-14.410728404339958,-2.818977708937461,0.16060884242320278,-0.9870181354643282
1769099940.3649824,7.6328941677781454,-14.41275254108313,-2.818344941774975,0.1609211107120853,-0.986967272064879
1769099940.4196978,7.624041528276617,-14.415729061790124,-2.816130256706227,0.16201392266779646,-0.9867884721974579
1769099940.4649982,7.618024312935442,-14.417767072411147,-2.8139155716374793,0.1631065359608427,-0.9866084623227465
1769099940.5257633,7.6122269071448,-14.419743933558534,-2.8120172701500215,0.16404290250573675,-0.9864532052446753
1769099940.565001,7.603224236926663,-14.422829665896387,-2.8107517358250496,0.16466706481877158,-0.9863492068045528
1769099940.6166954,7.597334192049899,-14.4248485226919,-2.8120172701500215,0.16404290250573675,-0.9864532052446753
1769099940.6650546,7.588713679450016,-14.427800220177687,-2.811384502987442,0.16435499188815017,-0.9864012553932837
1769099940.715056,7.583015180367834,-14.42975342322401,-2.8113845029875355,0.16435499188810396,-0.9864012553932914
1769099940.764986,7.5772924278287395,-14.431713927729703,-2.8117008865687314,0.1641989492514536,-0.9864272426614741
1769099940.8149984,7.5682623941623195,-14.434797869238814,-2.8132828044749933,0.16341867451086395,-0.9865568087145881
1769099940.8649833,7.561889350924965,-14.436968766840094,-2.8132828044749933,0.16341867451086395,-0.9865568087145881
1769099940.9149942,7.556090070923023,-14.438940124650268,-2.8145483387999652,0.1627943810840905,-0.986660017172809
1769099940.965002,7.546741112120389,-14.442108234261365,-2.815181105962545,0.1624822099118074,-0.9867114732596228
1769099941.0150537,7.540650998663786,-14.444167713976315,-2.815813873124937,0.16217002247537993,-0.9867628305780142
1769099941.06499,7.5345589334989285,-14.44622141222595,-2.817079407449909,0.1615455989347218,-0.9868652488890375
1769099941.1149843,7.525829504708615,-14.449167269105185,-2.815181105962451,0.16248220991185364,-0.9867114732596152
1769099941.164993,7.519956126008524,-14.451156562739097,-2.814864722381161,0.16263829753297793,-0.9866857575619375
1769099941.2149992,7.511115806395276,-14.454169468049573,-2.8113845029874414,0.1643549918881504,-0.9864012553932837
1769099941.2649949,7.505177874578547,-14.456204738450785,-2.811384502987535,0.16435499188810418,-0.9864012553932914
1769099941.314996,7.498931057195639,-14.458353614658265,-2.809169817918787,0.16544717496428263,-0.9862186533909902
1769099941.3650115,7.4898151195067015,-14.461499134369262,-2.809486201499983,0.1652911612001041,-0.9862448134358534
1769099941.4149938,7.4836168443918245,-14.463633505587417,-2.810435352243759,0.1648230951049795,-0.9863231454852993
1769099941.4649997,7.477799576231533,-14.465630503193307,-2.811384502987441,0.16435499188815061,-0.9864012553932836
1769099941.5150027,7.468552476901558,-14.46878367757019,-2.8145483387999644,0.16279438108409094,-0.986660017172809
1769099941.5650036,7.46260622518636,-14.470794507889641,-2.816446640287422,0.1618578188059194,-0.9868140891228652
1769099941.6150496,7.456608820208048,-14.47281206987779,-2.817712174612488,0.1612333628929955,-0.9869163098714174
1769099941.664986,7.447416404837724,-14.475889890369572,-2.8192940925187497,0.160452702248017,-0.9870435301147104
1769099941.7149987,7.441248126116654,-14.477955164172148,-2.817712174612488,0.1612333628929955,-0.9869163098714174
1769099941.7649758,7.435154114121992,-14.480003079311894,-2.817079407450002,0.16154559893467602,-0.986865248889045
1769099941.8149936,7.426112437062442,-14.483052715224446,-2.81549748954374,0.16232611822467075,-0.9867371642651909
1769099941.8649836,7.420623215052635,-14.484913832411426,-2.813915571637478,0.16310653596084337,-0.9866084623227463
1769099941.9149795,7.411877778914123,-14.487891312130548,-2.812966420893702,0.16357473765361033,-0.9865309448778343
1769099941.9650111,7.405914290004307,-14.489930072817463,-2.81138450298744,0.16435499188815106,-0.9864012553932836
1769099942.0149941,7.400215173341046,-14.491881472821957,-2.812017270149926,0.16404290250578385,-0.9864532052446674
1769099942.0649722,7.391163635111164,-14.494980755182036,-2.81138450298744,0.16435499188815106,-0.9864012553932836
1769099942.1149943,7.384986940862998,-14.497100047213497,-2.810751735824954,0.16466706481881865,-0.986349206804545
1769099942.1649785,7.378690884989722,-14.499261406834371,-2.811068119406244,0.1645110304118765,-0.9863752434407621
1769099942.214988,7.370071306689888,-14.502215831561033,-2.81170088656873,0.16419894925145423,-0.986427242661474
1769099942.2650054,7.364036294463956,-14.504280110525652,-2.812333653731216,0.163886851654952,-0.9864791431422297
1769099942.3149912,7.355216611331825,-14.507275085920801,-2.8161302567062254,0.16201392266779735,-0.9867884721974578
1769099942.3649983,7.349100235399154,-14.509335902122139,-2.8170794074500014,0.16154559893467624,-0.986865248889045
1769099942.4150147,7.343318429038755,-14.511279917390421,-2.8173957910312915,0.16138948293316982,-0.9868907917285297
1769099942.4650095,7.3345862069532775,-14.514217487792191,-2.816763023868712,0.16170171089356158,-0.9868396813536102
1769099942.5150044,7.328832387304721,-14.516165272609552,-2.8135991880561884,0.1632626072786712,-0.9865826478631025
1769099942.56501,7.322865680108661,-14.518194597202683,-2.8139155716374784,0.16310653596084315,-0.9866084623227465
1769099942.6149905,7.31397936258142,-14.521229456705733,-2.8110681194062446,0.16451103041187629,-0.9863752434407621
1769099942.6649864,7.308258473625017,-14.52319539201675,-2.8101189686624686,0.1649791212665484,-0.9862970594836616
1769099942.7150033,7.299427726158999,-14.526236253042914,-2.8098025850811785,0.16513514329957354,-0.9862709488002925
1769099942.764972,7.293277313967206,-14.528354142700707,-2.8101189686624686,0.1649791212665484,-0.9862970594836616
1769099942.8150377,7.287172773712547,-14.53044975733247,-2.8117008865687305,0.164198949251454,-0.986427242661474
1769099942.8649979,7.2779042180414235,-14.533618433792261,-2.8126500373124124,0.1637307967029565,-0.9865050563534964
1769099942.9150157,7.272273595149908,-14.535535441154728,-2.8142319552186743,0.1629504605613788,-0.9866342520928586
1769099942.965022,7.265946427363768,-14.537684011750358,-2.8142319552186743,0.1629504605613788,-0.9866342520928586
1769099943.0150075,7.256978139569696,-14.540713635526291,-2.8173957910312915,0.16138948293316982,-0.9868907917285297
1769099943.0650065,7.251051757752251,-14.542704174604697,-2.8177121746124874,0.16123336289299572,-0.9869163098714174
1769099943.1150079,7.242342135890983,-14.545629541752316,-2.8173957910311973,0.16138948293321628,-0.986890791728522
1769099943.1650183,7.23677595161403,-14.547500078446594,-2.817395791031291,0.16138948293317004,-0.9868907917285297
1769099943.215002,7.227733310152295,-14.550546853568392,-2.815813873125029,0.16217002247533457,-0.9867628305780216
1769099943.26498,7.222147607702759,-14.552438712222699,-2.8142319552186734,0.1629504605613792,-0.9866342520928586
1769099943.3150377,7.216373224226783,-14.554404664453994,-2.8126500373125056,0.16373079670291052,-0.986505056353504
1769099943.3650246,7.2074663288792,-14.557457569240903,-2.810118968662468,0.16497912126654862,-0.9862970594836615
1769099943.4150825,7.201793930349936,-14.559408848026838,-2.810435352243758,0.16482309510497994,-0.9863231454852992
1769099943.4650147,7.1926281412804585,-14.562565080368739,-2.809486201499982,0.1652911612001045,-0.9862448134358532
1769099943.5150971,7.186861262765871,-14.564552941619041,-2.8098025850812722,0.16513514329952733,-0.9862709488003003
1769099943.5650232,7.1808773948548055,-14.566610305872867,-2.811068119406244,0.1645110304118765,-0.9863752434407621
1769099943.6150103,7.172111312127098,-14.569605651276525,-2.813599188056188,0.1632626072786714,-0.9865826478631023
1769099943.6649995,7.166239193950235,-14.571598660793615,-2.81518110596245,0.16248220991185428,-0.9867114732596151
1769099943.7149966,7.156910714184593,-14.574748318880719,-2.8167630238688055,0.16170171089351534,-0.9868396813536179
1769099943.7649856,7.151321429923808,-14.576629570973733,-2.8170794074500014,0.16154559893467624,-0.986865248889045
1769099943.815015,7.145468585668716,-14.578600563415161,-2.8164466402874218,0.1618578188059196,-0.9868140891228652
1769099943.8650048,7.13630845963241,-14.581694993061866,-2.81518110596245,0.16248220991185428,-0.9867114732596151
1769099943.9150171,7.130197320372663,-14.58377128326655,-2.812966420893702,0.16357473765361033,-0.9865309448778343
1769099943.9650173,7.124184632132464,-14.58582261552628,-2.812650037312412,0.16373079670295673,-0.9865050563534964
1769099944.0150194,7.115419495766828,-14.58882073482484,-2.81138450298744,0.16435499188815106,-0.9864012553932836
1769099944.0649903,7.1094336774031905,-14.590872418697028,-2.81138450298744,0.16435499188815106,-0.9864012553932836
1769099944.115005,7.103376357774506,-14.592949681011252,-2.811068119406244,0.1645110304118765,-0.9863752434407621
1769099944.164986,7.094136260705076,-14.596123328322028,-2.810435352243758,0.16482309510497994,-0.9863231454852992
1769099944.2150295,7.088557176710662,-14.598034614758753,-2.812650037312506,0.1637307967029103,-0.986505056353504
1769099944.2650099,7.082234783266592,-14.600197192613452,-2.811384502987534,0.16435499188810462,-0.9864012553932913
1769099944.3150382,7.073275158527187,-14.603252340843904,-2.814548338799964,0.16279438108409117,-0.9866600171728089
1769099944.365019,7.067281594293457,-14.605281284072817,-2.815813873124936,0.1621700224753806,-0.9867628305780141
1769099944.4150193,7.0578551802498,-14.608457365300577,-2.8173957910311977,0.16138948293321606,-0.9868907917285221
1769099944.4650197,7.051903857540774,-14.610453138990279,-2.8186613253562633,0.16076497857916477,-0.9869927161141772
1769099944.5150352,7.045759253902279,-14.612509404922411,-2.8186613253562633,0.16076497857916477,-0.9869927161141772
1769099944.5650067,7.037263319365059,-14.615355523225842,-2.8180285581937774,0.1610772388179679,-0.9869418033170848
1769099944.6150155,7.031313894122846,-14.617356944551135,-2.816130256706226,0.16201392266779713,-0.9867884721974578
1769099944.6650147,7.0253682788989416,-14.619369656066326,-2.814231955218768,0.16295046056133256,-0.9866342520928663
1769099944.7150257,7.0162913273351375,-14.622472828099538,-2.8101189686624686,0.1649791212665484,-0.9862970594836616
1769099944.7649958,7.010405768522501,-14.62450472435826,-2.8082206671750107,0.16591519139975655,-0.986140025180391
1769099944.8150258,7.001586635794219,-14.627579088076052,-2.8041076806187113,0.16794282946220027,-0.9857967366715261
1769099944.8650072,6.995689194061872,-14.629653797804648,-2.8025257627124494,0.16872250160187316,-0.9856635924356778
1769099944.9150188,6.989963687736234,-14.631683301083267,-2.799361926899926,0.170281528727003,-0.9853954541068245
1769099944.9650333,6.981077845001995,-14.634872652318426,-2.7946161731812342,0.17261926921446916,-0.9849886232316912
1769099945.015005,6.975343792208795,-14.636953302173431,-2.7924014881124863,0.17370988295643044,-0.984796870711551
1769099945.0650206,6.966243797464962,-14.640294464850854,-2.787022967231215,0.1763576268855393,-0.984326159074979
1769099945.1150095,6.960386113643018,-14.64247889028605,-2.7822772135124296,0.17869281296413295,-0.9839049133910072
1769099945.1650643,6.954253316265183,-14.644794686276652,-2.77879699411871,0.18040464404145637,-0.9835924788286434
1769099945.215033,6.945439221479457,-14.64817723997,-2.7715201717499807,0.1839821559211674,-0.982929583593148
1769099945.2650826,6.93935715258833,-14.650554486047948,-2.7664580344499994,0.18646942619610266,-0.9824607641499462
1769099945.3150322,6.933450029841919,-14.65289248612755,-2.7629778150562796,0.1881787325228777,-0.9821347996207462
1769099945.3650596,6.925018244089781,-14.656279199877666,-2.7563337598500364,0.19144036707931097,-0.981504246477079
1769099945.4150317,6.919065931716438,-14.658708366365598,-2.751904389712541,0.19361361861090834,-0.9810778596464145
1769099945.4650085,6.913242541224129,-14.661118300144896,-2.746525868831176,0.1962512891897065,-0.9805536351935973
1769099945.5150373,6.904289794019392,-14.664901482811038,-2.7370343613936994,0.20090252778354847,-0.979611236322951
1769099945.565023,6.898454806593234,-14.66741410078638,-2.7329213748374936,0.20291666546143403,-0.9791960104483741
1769099945.6150398,6.892676614041237,-14.669930484747008,-2.728808388281194,0.204929944971689,-0.9787766433941405
1769099945.665055,6.884016367393252,-14.673752626390463,-2.723113483818727,0.2077161301587996,-0.9781891480035201
1769099945.7150455,6.878120335812088,-14.676378236711773,-2.722164333074951,0.2081803312289664,-0.978090460892753
1769099945.7650592,6.869409610771122,-14.680273805255721,-2.7199496480062972,0.20926328454125778,-0.9778593343334228
1769099945.8150406,6.863571421234525,-14.68290470656407,-2.7164694286124837,0.2109645493697914,-0.9774937129768154
1769099945.8650289,6.8575789912590395,-14.685624525587205,-2.714571127124932,0.21189224308757695,-0.977293035542214
1769099945.9150238,6.849092165359131,-14.689523543226152,-2.7072943047562967,0.2154466266361487,-0.9765156174230415
1769099945.965046,6.843658837744223,-14.69206567086551,-2.70065024954996,0.21868944368630105,-0.9757945107553004
1769099946.0150266,6.837784560541996,-14.694859551145463,-2.6946389615062025,0.2216213424001313,-0.9751328015161647
1769099946.065019,6.829494237942719,-14.698878384476956,-2.685780221231212,0.22593837836145705,-0.9741415960646558
1769099946.1150243,6.823841045917959,-14.701664262675395,-2.681667234675006,0.22794121482849838,-0.9736748957339448
1769099946.1650305,6.815577641369729,-14.705795099612061,-2.674390412306277,0.2314823278975005,-0.9728391089338226
1769099946.2150204,6.809912307172138,-14.708669868634026,-2.6696446585874916,0.23379010145523976,-0.9722870915843471
1769099946.265049,6.804213794765596,-14.711591007985716,-2.666164439193678,0.23548163284165785,-0.971878799333655
1769099946.315055,6.795853380665955,-14.715921867769701,-2.6611023018937905,0.23794076789213436,-0.9712796667154633
1769099946.365035,6.790452710795491,-14.718757556992326,-2.6550910138499395,0.24085900965527893,-0.9705601153292248
1769099946.4150589,6.784687002991953,-14.721823416705071,-2.650661643712538,0.24300790220783136,-0.9700243086977507
1769099946.465025,6.776151713556083,-14.726419289873595,-2.644650355668687,0.2459223479293707,-0.9692895330028616
1769099946.514983,6.770637700725483,-14.729418790054506,-2.642119287018743,0.24714881984501008,-0.9689775337174845
1769099946.5650492,6.7649744040607125,-14.73251460711832,-2.640537369112481,0.24791516391064033,-0.968781746062115
1769099946.6171017,6.756483115381496,-14.737191287469757,-2.6357916153937895,0.25021326359201435,-0.9681907470755095
1769099946.6650577,6.750798258295459,-14.740352835237573,-2.632311395999976,0.2518976420287166,-0.9677538829373781
1769099946.7221122,6.745586670952754,-14.74327172444476,-2.6297803273499385,0.2531221657421045,-0.9674343229439539
1769099946.7650342,6.737123384883091,-14.748050583852436,-2.625350957212443,0.25526410558030244,-0.9668713649717258
1769099946.8149846,6.731889191534195,-14.751032375871754,-2.6221871214000134,0.256793296673049,-0.966466348500447
1769099946.8650587,6.723636491673056,-14.75577185510649,-2.618390518425004,0.2586274773947437,-0.9659771363424868
1769099946.9149904,6.71831121877821,-14.758849203288497,-2.616808600518742,0.25939144467883857,-0.9657722704796535
1769099946.965057,6.712855455235247,-14.762004261858554,-2.617757751262424,0.2589330837513651,-0.9658952625098689
1769099947.015083,6.704874859364876,-14.766607641429335,-2.6190232855874895,0.25832184514992745,-0.9660589134821628
1769099947.065059,6.69954375397808,-14.76967487530396,-2.6199724363312655,0.2578633483091526,-0.9661813978745362
1769099947.1180696,6.691283566979048,-14.774401293520265,-2.623769039306181,0.25602878121455364,-0.9666691591179426
1769099947.1650367,6.685916450122621,-14.777456560076244,-2.624401806468667,0.25572293015515973,-0.9667501140381931
1769099947.215074,6.680127759415582,-14.780743328397454,-2.625983724374929,0.25495819058456887,-0.9669520779510444
1769099947.2650583,6.671520213038657,-14.785627017900646,-2.6250345736312473,0.25541705349822075,-0.966830972188152
1769099947.3150866,6.666173649264435,-14.788667225803888,-2.6240854228874713,0.2558758588864349,-0.9667096486738556
1769099947.3650608,6.6605650773288865,-14.791861117096513,-2.6237690393062754,0.25602878121450817,-0.9666691591179546
1769099947.4160657,6.6525598371035395,-14.796421506792797,-2.6237690393061817,0.25602878121455347,-0.9666691591179426
1769099947.4651105,6.647303175563947,-14.799414997063138,-2.6240854228874717,0.25587585888643466,-0.9667096486738557
1769099947.5190814,6.639341920307815,-14.803950329597521,-2.6234526557249858,0.25618169713559796,-0.9666286453714915
1769099947.565039,6.633891737893463,-14.80706430770989,-2.621554354237434,0.25709905790016135,-0.9663850549480003
1769099947.6271303,6.628269814867238,-14.810285854472564,-2.6209215870749483,0.2574047933919807,-0.9663036646618037
1769099947.6650534,6.6199974192124085,-14.81504186699883,-2.6187069020062004,0.258474664506476,-0.9660180369994469
1769099947.7163467,6.614407127219026,-14.818267646500622,-2.6177577512624244,0.25893308375136487,-0.965895262509869
1769099947.7650456,6.609081853791123,-14.821344994990671,-2.6174413676812285,0.2590858772119802,-0.9658542893362843
1769099947.8150978,6.600947043923643,-14.82603561364444,-2.6196560527499764,0.2580161870474633,-0.9661405939207235
1769099947.8650546,6.595349621933636,-14.829249004294763,-2.6212379706562383,0.25725192886486703,-0.9663443718961193
1769099947.915043,6.589636754184389,-14.832515466388422,-2.62313627214379,0.2563346066457871,-0.966588107435504
1769099947.9650517,6.581431367035714,-14.83718471846906,-2.6253509572124436,0.2552641055803022,-0.9668713649717259
1769099948.015048,6.576036923785103,-14.84024312425743,-2.6263001079562196,0.2548052235144088,-0.9669923981447693
1769099948.0650325,6.567491589154879,-14.845082585684679,-2.6263001079562196,0.2548052235144088,-0.9669923981447693
1769099948.1150548,6.5619680152168955,-14.848221134382984,-2.6234526557249858,0.25618169713559796,-0.9666286453714915
1769099948.165035,6.5566936451384805,-14.851234661588506,-2.621554354237528,0.25709905790011606,-0.9663850549480123
1769099948.215064,6.549034253354907,-14.85563501874206,-2.6187069020062004,0.258474664506476,-0.9660180369994469
1769099948.2650537,6.543616379814594,-14.858754456345508,-2.6196560527499764,0.2580161870474633,-0.9661405939207235
1769099948.3151326,6.538023028588762,-14.861974928365264,-2.6187069020062945,0.25847466450643053,-0.966018036999459
1769099948.365057,6.529818699936445,-14.866696989391318,-2.6199724363311727,0.25786334830919744,-0.9661813978745242
1769099948.4150517,6.524222294330418,-14.869912151135033,-2.6202888199124628,0.2577105031179482,-0.9662221776499927
1769099948.4650524,6.518865842953485,-14.872986077894911,-2.6209215870750424,0.25740479339193517,-0.9663036646618159
1769099948.5150435,6.510255713463244,-14.877916347271562,-2.6221871213999206,0.25679329667309386,-0.9664663485004351
1769099948.565075,6.504630735142489,-14.881132556585147,-2.6221871214000143,0.25679329667304857,-0.9664663485004471
1769099948.615057,6.498938295741173,-14.884383754604162,-2.623136272143696,0.25633460664583235,-0.9665881074354921
1769099948.6650364,6.49042493159496,-14.8892282601141,-2.6253509572125378,0.2552641055802567,-0.9668713649717379
1769099948.7150612,6.484766270715746,-14.892436465369656,-2.6263001079562196,0.2548052235144088,-0.9669923981447693
1769099948.7650442,6.47919468324687,-14.895592974974079,-2.6259837243750237,0.2549581905845231,-0.9669520779510564
1769099948.8150876,6.470825541222875,-14.900332653612413,-2.6266164915375096,0.25465225006783937,-0.9670326941398552
1769099948.8650558,6.4656503514541175,-14.903264589313155,-2.6256673407937337,0.25511115127444534,-0.9669117335597014
1769099948.9150503,6.457557146416665,-14.907875090412903,-2.6218707378187243,0.2569461805015981,-0.9664257138164527
1769099948.9650862,6.452067983574701,-14.911022868591951,-2.6199724363312664,0.2578633483091522,-0.9661813978745363
1769099949.0150757,6.446562371559034,-14.914192823192014,-2.6183905184249108,0.25862747739478875,-0.9659771363424747
1769099949.0652418,6.438584690153585,-14.918801251699882,-2.617124984099939,0.25923866418910924,-0.9658132919925291
1769099949.1151047,6.4332818163717835,-14.921866775075479,-2.617757751262425,0.25893308375136465,-0.965895262509869
1769099949.1650658,6.427734357874514,-14.925065499167644,-2.6193396691686868,0.25816901932901143,-0.9660997657895879
1769099949.2150824,6.419569449014923,-14.929754560522678,-2.6212379706562383,0.25725192886486703,-0.9663443718961193
1769099949.2650735,6.41412321099241,-14.932875434001083,-2.6212379706562383,0.25725192886486703,-0.9663443718961193
1769099949.3151543,6.4058812645273004,-14.937582765626605,-2.624085422887566,0.2558758588863892,-0.9667096486738677
1769099949.3651013,6.400161175846027,-14.940836567951255,-2.624718190049958,0.2555699950244637,-0.9667905552099667
1769099949.4150767,6.394486109945813,-14.944067136524984,-2.623452655724986,0.25618169713559774,-0.9666286453714916
1769099949.4650793,6.386133514111252,-14.948835912612934,-2.6221871214000143,0.25679329667304857,-0.9664663485004471
1769099949.515088,6.380860096935543,-14.95185110884442,-2.6221871214000143,0.25679329667304857,-0.9664663485004471
1769099949.5650463,6.375389421573031,-14.954980240376617,-2.6218707378187243,0.2569461805015981,-0.9664257138164527
1769099949.6150725,6.3674396714416375,-14.959535708617715,-2.6206052034937524,0.25755765147758586,-0.9662629332460966
1769099949.6650696,6.361886150244672,-14.962723896523247,-2.6202888199125565,0.2577105031179029,-0.9662221776500047
1769099949.71508,6.356597960097682,-14.96576421273028,-2.6193396691686868,0.25816901932901143,-0.9660997657895879
1769099949.7650616,6.348239313101221,-14.970573332669469,-2.619656052749977,0.2580161870474631,-0.9661405939207236
1769099949.8150787,6.342490849020415,-14.973879482220626,-2.619656052749977,0.2580161870474631,-0.9661405939207236
1769099949.8650706,6.337246544093851,-14.97689456768837,-2.6199724363311727,0.25786334830919744,-0.9661813978745242
1769099949.9150608,6.32875471979855,-14.981776735370442,-2.619656052749977,0.2580161870474631,-0.9661405939207236
1769099949.9650826,6.323045991109574,-14.98505042429435,-2.6221871213999206,0.25679329667309386,-0.9664663485004351
1769099950.015064,6.3151741269381745,-14.989538132287809,-2.624718190049958,0.2555699950244637,-0.9667905552099667
1769099950.0650558,6.309449925804032,-14.992784692606914,-2.6266164915375096,0.25465225006783937,-0.9670326941398552
1769099950.1150835,6.304139752021195,-14.99578644743793,-2.6275656422811915,0.254193291508046,-0.9671534369231728
1769099950.1651118,6.2957235490892,-15.000545746971145,-2.6263001079562196,0.2548052235144088,-0.9669923981447693
1769099950.2150755,6.290352570703881,-15.003594218404835,-2.6244018064687618,0.255722930155114,-0.9667501140382052
1769099950.2650616,6.284854466520404,-15.006726353976237,-2.62313627214379,0.2563346066457871,-0.966588107435504
1769099950.3150954,6.276683632213702,-15.01140507735777,-2.6199724363312664,0.2578633483091522,-0.9661813978745363
1769099950.365058,6.27155137805187,-15.014361145619384,-2.618074134843715,0.258780283810996,-0.9659362115122822
1769099950.4150765,6.263551048520505,-15.018980969405586,-2.617757751262519,0.2589330837513192,-0.9658952625098812
1769099950.4650576,6.258004601954514,-15.022181448675994,-2.618706902006295,0.2584746645064303,-0.9660180369994591
1769099950.5150905,6.252343901534043,-15.025437122172654,-2.620605203493659,0.25755765147763093,-0.9662629332460845
1769099950.5650718,6.244044286209276,-15.030196563414602,-2.6212379706562388,0.25725192886486686,-0.9663443718961194
1769099950.6150825,6.238267068824538,-15.033503457924956,-2.6221871213999206,0.25679329667309386,-0.9664663485004351
1769099950.6650753,6.232510255074393,-15.036795047144327,-2.6221871213999206,0.25679329667309386,-0.9664663485004351
1769099950.7150764,6.224577439415256,-15.041329149940694,-2.6225035049812107,0.2566404064183838,-0.9665069589989546
1769099950.7651055,6.218906466170062,-15.044566898078246,-2.6231362721436966,0.2563346066458322,-0.9665881074354922
1769099950.8150856,6.213367376023597,-15.047729349747483,-2.6225035049812107,0.2566404064183838,-0.9665069589989546
1769099950.8650584,6.204990531831948,-15.0525067001609,-2.6240854228874726,0.25587585888643427,-0.9667096486738558
1769099950.9150794,6.199711400409689,-15.055511880430029,-2.6240854228874726,0.25587585888643427,-0.9667096486738558
1769099950.9650888,6.194235782047825,-15.058632353787136,-2.6231362721437907,0.25633460664578667,-0.9665881074355042
1769099951.0150726,6.186104460831998,-15.063278208616516,-2.621870737818725,0.2569461805015977,-0.9664257138164528
1769099951.065063,6.180899318280323,-15.066259832769692,-2.620921587074949,0.25740479339198025,-0.966303664661804
1769099951.115066,6.172496796675403,-15.071094195819933,-2.6180741348437153,0.25878028381099577,-0.9659362115122823
1769099951.16508,6.167191984104329,-15.074156363148733,-2.6180741348437153,0.25878028381099577,-0.9659362115122823
1769099951.2150917,6.161931012959454,-15.07719322330953,-2.6180741348437153,0.25878028381099577,-0.9659362115122823
1769099951.265215,6.153575411525727,-15.082007630881023,-2.6196560527499773,0.2580161870474629,-0.9661405939207236
1769099951.3150983,6.147911623530618,-15.085257930053983,-2.621554354237435,0.2570990579001609,-0.9663850549480004
1769099951.3650665,6.1422621224869385,-15.088482234080038,-2.6244018064687626,0.2557229301551136,-0.9667501140382053
1769099951.4150996,6.133674282770274,-15.093349356450943,-2.627565642281286,0.25419329150800024,-0.9671534369231848
1769099951.4650722,6.127965458172902,-15.09657169713445,-2.627882025862482,0.25404029259412036,-0.9671936361136242
1769099951.5151002,6.122522107815726,-15.099646462418121,-2.626932875118706,0.25449927024873364,-0.9670729659352815
1769099951.5650806,6.114110426668425,-15.104413747653954,-2.625034573631248,0.2554170534982203,-0.9668309721881521
1769099951.6151257,6.1086123235856595,-15.107545882598307,-2.6225035049812107,0.2566404064183838,-0.9665069589989546
1769099951.6650746,6.100703629683608,-15.112071179051068,-2.621237970656145,0.2572519288649121,-0.9663443718961073
1769099951.7150865,6.095259367900841,-15.115195497896543,-2.619972436331267,0.257863348309152,-0.9661813978745363
1769099951.7650952,6.090080420137994,-15.118171917885823,-2.619972436331173,0.2578633483091972,-0.9661813978745242
1769099951.815097,6.08207133520831,-15.122776546319823,-2.6196560527499773,0.2580161870474629,-0.9661405939207236
1769099951.8651068,6.076431036413178,-15.126016924910271,-2.6206052034937533,0.2575576514775854,-0.9662629332460967
1769099951.9151015,6.070833613862877,-15.12923031588225,-2.620288819912463,0.25771050311794796,-0.9662221776499927
1769099951.9650862,6.062602110112442,-15.13395589084104,-2.6206052034937533,0.2575576514775854,-0.9662629332460967
1769099952.0151074,6.056983247351622,-15.137182772204211,-2.6199724363312673,0.25786334830915175,-0.9661813978745364
1769099952.0650702,6.051651171631315,-15.140248319353418,-2.6196560527499773,0.2580161870474629,-0.9661405939207236
1769099952.1150844,6.043045726305415,-15.145186758406904,-2.621554354237529,0.25709905790011567,-0.9663850549480124
1769099952.1650684,6.037770403676532,-15.148198616385802,-2.6240854228874726,0.25587585888643427,-0.9667096486738558
1769099952.2150745,6.029387519734231,-15.15296536211064,-2.6250345736312486,0.2554170534982201,-0.9668309721881521
1769099952.2650607,6.023819931397211,-15.15612892022067,-2.6247181900499585,0.2555699950244635,-0.9667905552099667
1769099952.3150983,6.018230839255784,-15.15930586671444,-2.6247181900499585,0.2555699950244635,-0.9667905552099667
1769099952.3650742,6.010160350888124,-15.163905117842956,-2.6225035049812107,0.2566404064183838,-0.9665069589989546
1769099952.4151058,6.004559881988364,-15.167113193928262,-2.6202888199124628,0.2577105031179482,-0.9662221776499927
1769099952.465073,5.9990338479904075,-15.17029839971221,-2.6171249840999393,0.259238664189109,-0.9658132919925292
1769099952.5151052,5.990862653469476,-15.17502723773443,-2.6168086005187434,0.25939144467883796,-0.9657722704796536
1769099952.565078,5.985209176745379,-15.178295440177903,-2.618074134843809,0.25878028381095053,-0.9659362115122944
1769099952.6151025,5.97963928338335,-15.181505926497614,-2.619339669168781,0.2581690193289659,-0.9660997657896
1769099952.665074,5.971492629754152,-15.186175938983993,-2.6228198885625007,0.2564875097413394,-0.9665475453109827
1769099952.7150955,5.966149917747833,-15.18922291071084,-2.6237690393061825,0.256028781214553,-0.9666691591179427
1769099952.765069,5.960339739744483,-15.19252309487709,-2.62630010795622,0.2548052235144086,-0.9669923981447694
1769099952.815094,5.95170630888096,-15.197412447659259,-2.62630010795622,0.2548052235144086,-0.9669923981447694
1769099952.8650634,5.946025120332138,-15.200632237593815,-2.625667340793734,0.2551111512744451,-0.9669117335597015
1769099952.9150956,5.9407000805874866,-15.203659091672774,-2.6237690393062763,0.25602878121450773,-0.9666691591179548
1769099952.9650977,5.932344468482187,-15.208422581796425,-2.6231362721436966,0.2563346066458322,-0.9665881074354922
1769099953.0151055,5.927177648056761,-15.211369241795191,-2.6234526557249866,0.2561816971355975,-0.9666286453714916
1769099953.0650415,5.921747970325908,-15.214468087451191,-2.6225035049812107,0.2566404064183838,-0.9665069589989546
1769099953.1150994,5.913749954409517,-15.219041134992652,-2.6218707378187247,0.2569461805015979,-0.9664257138164528
1769099953.1650748,5.908237335082632,-15.222198888842644,-2.620921587075043,0.257404793391935,-0.9663036646618159
1769099953.215102,5.9001814370143295,-15.226823651381338,-2.619972436331173,0.2578633483091972,-0.9661813978745242
1769099953.2650945,5.894828880353462,-15.229904354296732,-2.6187069020062013,0.2584746645064756,-0.966018036999447
1769099953.3151107,5.889237567869655,-15.233128365068076,-2.6183905184250054,0.25862747739474307,-0.9659771363424869
1769099953.3650784,5.880795782354877,-15.237995989173836,-2.6187069020062013,0.2584746645064756,-0.966018036999447
1769099953.415108,5.875443225694009,-15.24107669208923,-2.619972436331173,0.2578633483091972,-0.9661813978745242
1769099953.4650817,5.869799854773714,-15.244311715187376,-2.622187121399921,0.25679329667309364,-0.9664663485004351
1769099953.515119,5.861642876075514,-15.248963675360507,-2.6244018064687626,0.2557229301551136,-0.9667501140382053
1769099953.5650816,5.856008762944322,-15.252163854586634,-2.6256673407937345,0.2551111512744449,-0.9669117335597015
1769099953.6150942,5.847773241559602,-15.256831302011141,-2.6263001079562205,0.2548052235144084,-0.9669923981447694
1769099953.6650772,5.842247681466425,-15.259966355677381,-2.6247181900500527,0.25556999502441796,-0.9667905552099787
1769099953.7151034,5.83690304286283,-15.26300994589864,-2.623136272143697,0.25633460664583196,-0.9665881074354922
1769099953.7650828,5.8288669138248945,-15.267618290077511,-2.6187069020062017,0.2584746645064754,-0.966018036999447
1769099953.815116,5.823494868497312,-15.270715869053902,-2.6183905184249117,0.2586274773947883,-0.9659771363424748
1769099953.8650854,5.818256296732388,-15.273740904254069,-2.61744136768123,0.2590858772119795,-0.9658542893362845
1769099953.9150972,5.810278614927667,-15.278349332992581,-2.6180741348437158,0.25878028381099555,-0.9659362115122823
1769099953.965095,5.804730144684277,-15.281546301799896,-2.6196560527499777,0.25801618704746265,-0.9661405939207237
1769099954.0150983,5.796607658024622,-15.286207583559566,-2.6215543542375292,0.25709905790011545,-0.9663850549480125
1769099954.0650516,5.791114515499827,-15.28934841275777,-2.622819888562501,0.25648750974133916,-0.9665475453109829
1769099954.1151104,5.783089454255766,-15.29392513983719,-2.623769039306183,0.2560287812145528,-0.9666691591179428
1769099954.1650894,5.777392904721225,-15.29716913138539,-2.624085422887473,0.25587585888643405,-0.9667096486738558
1769099954.2151117,5.7719817950134065,-15.300249441161249,-2.624085422887473,0.25587585888643405,-0.9667096486738558
1769099954.2650816,5.763862938911814,-15.304866053162467,-2.625034573631249,0.2554170534982199,-0.9668309721881522
1769099954.315128,5.758250329489565,-15.308052844059059,-2.625350957212445,0.25526410558030155,-0.966871364971726
1769099954.3650897,5.750260614900238,-15.312589334629504,-2.625034573631155,0.2554170534982654,-0.9668309721881402
1769099954.41513,5.745022649999045,-15.315564501452334,-2.6250345736312486,0.2554170534982201,-0.9668309721881521
1769099954.4650915,5.739831504879929,-15.318519594939945,-2.623136272143697,0.25633460664583196,-0.9665881074354922
1769099954.5151122,5.731812243403768,-15.3231064735769,-2.620921587074949,0.25740479339198025,-0.966303664661804
1769099954.5650575,5.726260741810482,-15.326298174290809,-2.6187069020062954,0.25847466450643014,-0.9660180369994591
1769099954.6151168,5.720758140671896,-15.329473353329828,-2.6177577512625194,0.25893308375131896,-0.9658952625098812
1769099954.665091,5.712627784944523,-15.334171691971012,-2.6174413676812294,0.25908587721197973,-0.9658542893362844
1769099954.7151217,5.707038513814579,-15.337399239987931,-2.618390518424911,0.25862747739478853,-0.9659771363424748
1769099954.7650902,5.7014012935435545,-15.340644970395168,-2.619972436331267,0.257863348309152,-0.9661813978745363
1769099954.8151217,5.692948749332009,-15.345493886197076,-2.621554354237529,0.25709905790011567,-0.9663850549480124
1769099954.8650572,5.687607003208997,-15.348542547202257,-2.6244018064686685,0.25572293015515907,-0.9667501140381932
1769099954.9150813,5.67897976747687,-15.353442821642261,-2.625667340793734,0.2551111512744451,-0.9669117335597015
1769099954.9651043,5.673345654345684,-15.356643000868386,-2.6244018064686685,0.25572293015515907,-0.9667501140381932
1769099955.0151076,5.667625565568982,-15.35989680324732,-2.6244018064686685,0.25572293015515907,-0.9667501140381932
1769099955.065095,5.662129445498923,-15.363032416583488,-2.6218707378187247,0.2569461805015979,-0.9664257138164528
1769099955.1151168,5.653872246467421,-15.36776406315435,-2.620605203493753,0.25755765147758564,-0.9662629332460966
1769099955.1650932,5.648341178437237,-15.370940524496222,-2.619972436331267,0.257863348309152,-0.9661813978745363
1769099955.2151177,5.642833561129438,-15.374106995008361,-2.619656052749977,0.2580161870474631,-0.9661405939207236
1769099955.2650905,5.634517278421622,-15.378888239327502,-2.619972436331267,0.257863348309152,-0.9661813978745363
1769099955.315119,5.629272019834012,-15.381901665432395,-2.6202888199124628,0.2577105031179482,-0.9662221776499927
1769099955.3651268,5.621107109748484,-15.386590727491477,-2.6202888199125565,0.2577105031179029,-0.9662221776500047
1769099955.4151406,5.615357600039887,-15.389895058102415,-2.619656052749977,0.2580161870474631,-0.9661405939207236
1769099955.4650862,5.610067487492468,-15.39293202730527,-2.6212379706562388,0.25725192886486686,-0.9663443718961194
1769099955.5151327,5.601851233271995,-15.397633307508972,-2.6225035049812107,0.2566404064183838,-0.9665069589989546
1769099955.5651886,5.596199692371481,-15.400854036500874,-2.6247181900500522,0.2555699950244182,-0.9667905552099787
1769099955.6151423,5.590499042207322,-15.404090816166278,-2.625667340793734,0.2551111512744451,-0.9669117335597015
1769099955.6650636,5.581997756261066,-15.408905331594779,-2.626932875118706,0.25449927024873364,-0.9670729659352815
1769099955.7151377,5.576709143467594,-15.411893794496164,-2.6275656422812856,0.25419329150800046,-0.9671534369231848
1769099955.765102,5.57115709336586,-15.41503343712017,-2.62630010795622,0.2548052235144086,-0.9669923981447694
1769099955.8151436,5.562837974861059,-15.41975870081276,-2.6237690393061825,0.256028781214553,-0.9666691591179427
1769099955.865068,5.5575645598847725,-15.422773895786678,-2.620605203493659,0.25755765147763093,-0.9662629332460845
1769099955.9151304,5.549951830417294,-15.427153854539478,-2.6183905184250054,0.25862747739474307,-0.9659771363424869
1769099955.9650695,5.544713258652364,-15.430178889739649,-2.6174413676812294,0.25908587721197973,-0.9658542893362844
1769099956.015239,5.5392340815886865,-15.433344019367746,-2.6180741348437153,0.25878028381099577,-0.9659362115122823
1769099956.0650704,5.531143123793843,-15.438009352445913,-2.6190232855874913,0.25832184514992657,-0.966058913482163
1769099956.1151676,5.525767163214784,-15.441100130126475,-2.6206052034937533,0.2575576514775854,-0.9662629332460967
1769099956.1665761,5.517575103964935,-15.445792728164108,-2.622187121400015,0.2567932966730481,-0.9664663485004472
1769099956.215342,5.511861202284058,-15.449057383072468,-2.622819888562501,0.25648750974133916,-0.9665475453109829
1769099956.2651227,5.5061227338328145,-15.452330056408716,-2.623769039306183,0.2560287812145528,-0.9666691591179428
1769099956.3151355,5.497588138175881,-15.457188431096087,-2.624401806468669,0.25572293015515885,-0.9667501140381933
1769099956.3650792,5.49191511808259,-15.460422589748394,-2.622503504981305,0.25664040641833835,-0.9665069589989667
1769099956.4151416,5.486705265361078,-15.463395976066098,-2.6234526557249866,0.2561816971355975,-0.9666286453714916
1769099956.4650743,5.4787014683687945,-15.467958898260662,-2.6234526557249866,0.2561816971355975,-0.9666286453714916
1769099956.5151556,5.4732053469233515,-15.471094512381505,-2.622819888562407,0.2564875097413847,-0.9665475453109708
1769099956.5651019,5.467712204398557,-15.47423534157971,-2.621554354237435,0.2570990579001609,-0.9663850549480004
1769099956.6151252,5.459695845348964,-15.478827294542675,-2.621237970656239,0.25725192886486664,-0.9663443718961194
1769099956.665082,5.454339394240118,-15.481901221148705,-2.6199724363312673,0.25786334830915175,-0.9661813978745364
1769099956.7151372,5.445959571926793,-15.486724288827723,-2.6187069020062017,0.2584746645064754,-0.966018036999447
1769099956.765127,5.440675233461697,-15.489771295086136,-2.6183905184249117,0.2586274773947883,-0.9659771363424748
1769099956.8151484,5.435018656890381,-15.493034130274376,-2.6183905184250054,0.25862747739474307,-0.9659771363424869
1769099956.8650792,5.426899123530017,-15.49770054949775,-2.621554354237529,0.25709905790011567,-0.9663850549480124
1769099956.9151268,5.421513412418339,-15.500774302363055,-2.6244018064687626,0.2557229301551136,-0.9667501140382053
1769099956.965131,5.413258094380371,-15.505458147013094,-2.6266164915375105,0.2546522500678389,-0.9670326941398553
1769099957.0151112,5.407902895803354,-15.508483118325124,-2.6281984094437725,0.25388728732292726,-0.9672338111004005
1769099957.0651112,5.402191015481465,-15.511700038915519,-2.6291475601874543,0.2534282334041243,-0.9673541908286047
1769099957.1151133,5.394073125073413,-15.516266946808443,-2.6291475601874543,0.2534282334041243,-0.9673541908286047
1769099957.1651301,5.388445455750476,-15.519427065539992,-2.6307294780937163,0.25266301675143704,-0.9675543395417453
1769099957.215141,5.38294630107194,-15.52250587184092,-2.6316786288374923,0.25220381085555615,-0.9676741382252265
1769099957.2651265,5.374962364106729,-15.52694932612646,-2.6357916153937917,0.2502132635920133,-0.9681907470755098
1769099957.3150864,5.36973241223427,-15.529835179471924,-2.6389554512062214,0.24868135287656815,-0.9685853523213531
1769099957.3651457,5.361333793744073,-15.53441762429592,-2.6452831228312683,0.24561566833249018,-0.9693672902824729
1769099957.4151096,5.355604508281794,-15.537497914502884,-2.651294410874932,0.24270099028594574,-0.9701011438578048
1769099957.465133,5.349903449292775,-15.540523615960856,-2.6560401645937173,0.24039837862154836,-0.970674311783376
1769099957.515119,5.3414277705505055,-15.544961911012624,-2.6623678362186705,0.23732612641944464,-0.9714300333625381
1769099957.565141,5.335713716029607,-15.547908159986564,-2.6686955078437173,0.2342514986186777,-0.9721760310740559
1769099957.6150947,5.329739119196631,-15.550956516234383,-2.6709101929124652,0.2331748233481229,-0.9724348316245011
1769099957.6651387,5.321013460856857,-15.555351261117742,-2.67913616602497,0.22917325096884877,-0.9733856486718762
1769099957.715122,5.315570136629725,-15.55804764380264,-2.6841983033249512,0.2267088136228049,-0.9739625833807685
1769099957.7651384,5.309750338640414,-15.560896198906445,-2.6886276734624466,0.22455123901131255,-0.9744622830353591
1769099957.8151371,5.301453655664728,-15.564901919020611,-2.6949553450874935,0.22146708162378825,-0.9751678479918431
1769099957.8651948,5.295764801476018,-15.567614233775316,-2.6984355644812132,0.21976984815273787,-0.9755517484187718
1769099957.9151204,5.28997413990928,-15.570348154213148,-2.702548551037419,0.21776316923250805,-0.9760016404319278
1769099957.965141,5.281307672633906,-15.574401321757014,-2.7057123868499424,0.21621894293269886,-0.9763449025406269
1769099958.0151277,5.275568271423625,-15.577065656676984,-2.70824345549998,0.21498317212966048,-0.976617753115859
1769099958.0651453,5.269545453533009,-15.579840740840966,-2.7114072913124097,0.21343797466903758,-0.976956616728286
1769099958.1151416,5.2611123960535755,-15.583674738933308,-2.7183677301000366,0.21003666559677112,-0.9776935097999732
1769099958.165157,5.254990343758546,-15.586414938338338,-2.7231134838187283,0.20771613015879897,-0.9781891480035203
1769099958.215127,5.249129903380925,-15.588995867973555,-2.730390306187551,0.20415570879942724,-0.9789384283828086
1769099958.2651424,5.240014030916857,-15.592912731395694,-2.7411473479499997,0.19888754045605686,-0.9800223192618321
1769099958.315124,5.234297025338526,-15.59531473500805,-2.7465258688311773,0.19625128918970583,-0.9805536351935974
1769099958.3651466,5.228356311348697,-15.597772120931623,-2.7522207732937383,0.19345841772566572,-0.9811084754557376
1769099958.415092,5.21980113698252,-15.601258792197594,-2.7569665270125236,0.19112982567453188,-0.9815647659414141
1769099958.4651725,5.21386273262625,-15.603654930150416,-2.7591812120812715,0.19004278029869565,-0.9817758102827456
1769099958.5151165,5.205193863057411,-15.607130502342393,-2.7613958971500194,0.1889555018910029,-0.9819856507633496
1769099958.5650876,5.199691317089992,-15.609321472910974,-2.763926965799963,0.18771261436167028,-0.9822239940102802
1769099958.615155,5.193711721264381,-15.611682688546106,-2.7670908016124867,0.18615858241363378,-0.9825197108423557
1769099958.6676857,5.184843558906805,-15.615135979933823,-2.77341847323744,0.18304912484237396,-0.983103767612779
1769099958.7151556,5.178865087658894,-15.617430316504034,-2.7768986926312533,0.18133814017198216,-0.9834208045994179
1769099958.772729,5.17280731936321,-15.619729833040758,-2.7806952956062627,0.1794709853866726,-0.9837632669521346
1769099958.8151574,5.16411100298342,-15.622994786797857,-2.7841755149999825,0.17775885853297968,-0.9840740765882678
1769099958.8650901,5.158063591160516,-15.625249964886091,-2.7851246657437585,0.1772918212120647,-0.9841583257440386
1769099958.9151602,5.152203831349439,-15.627428831476113,-2.7860738164875345,0.17682474396117023,-0.9842423532459201
1769099958.9650962,5.142900308398061,-15.630876489617261,-2.7873393508124127,0.1762019123619081,-0.9843540450874403
1769099959.0151632,5.137154118019472,-15.632997620516,-2.7886048851374783,0.17557901021231792,-0.9844653427992591
1769099959.0677133,5.128033005132542,-15.636354726312959,-2.7892376522999642,0.17526753275914586,-0.9845208438425881
1769099959.115155,5.12237849990378,-15.638431854940876,-2.78987041946245,0.17495603776194446,-0.9845762463367889
1769099959.1738017,5.116699906284384,-15.6405168127453,-2.78955403588116,0.17511178745162329,-0.9845485574086722
1769099959.2151594,5.10781735848243,-15.643789303931765,-2.7876557343937023,0.17604619342884179,-0.9843819064668016
1769099959.2650926,5.101882598840017,-15.645984310730087,-2.78702296723131,0.17635762688549253,-0.9843261590749874
1769099959.3151686,5.095950622597507,-15.64818682611675,-2.7851246657437585,0.1772918212120647,-0.9841583257440386
1769099959.365713,5.0872006954599,-15.651452969746895,-2.783542747837403,0.17807019451168724,-0.9840177873527337
1769099959.4151902,5.081037986766118,-15.653761143406959,-2.782909980674917,0.1783815126657769,-0.9839613996184349
1769099959.4738338,5.0749708082111304,-15.656035726410424,-2.7829099806750106,0.1783815126657308,-0.9839613996184432
1769099959.5152009,5.065723465441872,-15.65948921046875,-2.7854410493249544,0.17713613322660046,-0.9841863595404724
1769099959.577308,5.060028099567965,-15.66160182342546,-2.7873393508124122,0.17620191236190832,-0.9843540450874403
1769099959.615233,5.051120248602937,-15.664878836347608,-2.7908195702062257,0.1744887624392716,-0.98465916528635
1769099959.6652358,5.045319831393604,-15.666999156435779,-2.7914523373687117,0.1741772237184141,-0.9847143213834891
1769099959.715178,5.03939952689682,-15.6691601163459,-2.7917687209500017,0.17402144781792897,-0.9847418624692218
1769099959.7651732,5.0302445857775835,-15.672498463274497,-2.7920851045312918,0.17386566756261929,-0.9847693789121414
1769099959.8151698,5.024229871566036,-15.674696040247039,-2.790503186624936,0.17464452525189395,-0.9846315502763155
1769099959.8651614,5.0181952323374,-15.67691280747845,-2.7886048851374783,0.17557901021231792,-0.9844653427992591
1769099959.9151545,5.009482497189937,-15.680133698610751,-2.7863902000687304,0.17666904268908928,-0.9842703131535161
1769099959.9651935,5.003622048314535,-15.68231071115996,-2.7854410493249544,0.17713613322660046,-0.9841863595404724
1769099960.015157,4.997952745419759,-15.684420801022444,-2.7851246657436644,0.177291821212111,-0.9841583257440303
1769099960.0651813,4.989390497554544,-15.687610717000116,-2.7848082821624685,0.17744750476091078,-0.9841302673193862
1769099960.1151867,4.983367156373522,-15.689858004170794,-2.7841755149999825,0.17775885853297968,-0.9840740765882678
1769099960.16515,4.974640425843524,-15.693113916292099,-2.784808282162562,0.17744750476086468,-0.9841302673193946
1769099960.215175,4.968782736549024,-15.695298343768101,-2.7844918985811784,0.1776031838691965,-0.9841021842672255
1769099960.265159,4.962663096729208,-15.697577149323028,-2.785757432906244,0.1769804408083217,-0.9842143687080026
1769099960.315161,4.953693947453472,-15.700907353032123,-2.78639020006873,0.1766690426890895,-0.9842703131535161
1769099960.3651626,4.947498421517235,-15.70319992003888,-2.787972117974992,0.17589047009028239,-0.9844097432123574
1769099960.4151733,4.938757356167209,-15.706417145998248,-2.7898704194624497,0.17495603776194468,-0.9845762463367888
1769099960.4651694,4.932981714443619,-15.708531517280356,-2.7914523373687117,0.1741772237184141,-0.9847143213834891
1769099960.5151675,4.927109641088041,-15.710676978017712,-2.7911359537875158,0.17433299526013013,-0.9846867556556407
1769099960.565163,4.918508094141044,-15.713833586094832,-2.7886048851374783,0.17557901021231792,-0.9844653427992591
1769099960.61515,4.912739847202832,-15.715968044533627,-2.7857574329062444,0.17698044080832148,-0.9842143687080027
1769099960.6651568,4.904082727651666,-15.719193305517845,-2.7841755149999825,0.17775885853297968,-0.9840740765882678
1769099960.7151814,4.898132286799079,-15.721418757130476,-2.7832263642563007,0.17822585581868197,-0.9839896057975909
1769099960.7651699,4.892017708513642,-15.723711110275412,-2.782593597093721,0.1785371650488458,-0.9839331688160132
1769099960.8151882,4.885902405577409,-15.726001528638843,-2.7838591314187866,0.177914528748411,-0.9840459442832081
1769099960.8651836,4.877199902938399,-15.729249969810262,-2.7848082821624685,0.17744750476091078,-0.9841302673193862
1769099960.9151611,4.8710547369242185,-15.731532747770496,-2.7870229672312163,0.17635762688553863,-0.9843261590749791
1769099960.9651859,4.8619853639572455,-15.734883848757537,-2.7882885015561882,0.17573474235017278,-0.9844375553234032
1769099961.0151768,4.855833005760694,-15.737147173255323,-2.78987041946245,0.17495603776194446,-0.9845762463367889
1769099961.0652313,4.849630976354008,-15.73942208975545,-2.7901868030437402,0.17480028369405334,-0.9846039106262368
1769099961.1151907,4.840814042175611,-15.742652993953126,-2.790503186624936,0.17464452525189395,-0.9846315502763155
1769099961.1651776,4.834705646819452,-15.7448891810885,-2.790819570206226,0.1744887624392714,-0.98465916528635
1769099961.215191,4.828692323764568,-15.747090563754835,-2.790503186624936,0.17464452525189395,-0.9846315502763155
1769099961.265164,4.819759157032411,-15.750372077451727,-2.7886048851374783,0.17557901021231792,-0.9844653427992591
1769099961.3151684,4.814155434183867,-15.752440618328183,-2.7873393508125064,0.17620191236186197,-0.9843540450874486
1769099961.3651938,4.8082695319085005,-15.754621789805238,-2.786073816487441,0.17682474396121634,-0.9842423532459118
1769099961.4152029,4.799397381430491,-15.757922367764408,-2.7848082821625626,0.17744750476086446,-0.9841302673193946
1769099961.465197,4.793375464268463,-15.760173465557001,-2.782909980675011,0.17838151266573057,-0.9839613996184433
1769099961.5152066,4.787188686516872,-15.762489538091277,-2.783859131418787,0.17791452874841077,-0.9840459442832082
1769099961.565207,4.778322817069026,-15.765806952275922,-2.783226364256301,0.17822585581868175,-0.983989605797591
1769099961.615262,4.772206789482011,-15.768095435857843,-2.7838591314186933,0.17791452874845687,-0.9840459442831999
1769099961.6652026,4.766063792935941,-15.770384045477837,-2.7860738164874412,0.1768247439612161,-0.9842423532459119
1769099961.7151802,4.756994423146384,-15.773735145290836,-2.7892376523000584,0.1752675327590995,-0.9845208438425963
1769099961.7652197,4.750793114003244,-15.77601202382137,-2.7901868030436465,0.17480028369409947,-0.9846039106262285
1769099961.8151858,4.744851439434323,-15.77818824306008,-2.790819570206226,0.1744887624392714,-0.98465916528635
1769099961.8651881,4.73584333888965,-15.781485966500956,-2.7905031866250303,0.1746445252518476,-0.9846315502763238
1769099961.9151976,4.729760475742515,-15.783718264372556,-2.7892376522999647,0.17526753275914564,-0.9845208438425881
1769099961.9652047,4.723824329845593,-15.785909514862324,-2.786706583650021,0.17651333699588215,-0.9842982484301077
1769099962.015176,4.714737075718084,-15.789285206160727,-2.7851246657436652,0.17729182121211057,-0.9841583257440304
1769099962.0651927,4.708713734838518,-15.791532493218934,-2.7838591314186933,0.17791452874845687,-0.9840459442831999
1769099962.115191,4.702763293787396,-15.793757944905817,-2.7835427478374974,0.1780701945116407,-0.9840177873527421
1769099962.1651938,4.6939901719679025,-15.797034327873483,-2.7848082821624693,0.17744750476091034,-0.9841302673193862
1769099962.2151928,4.688036218080411,-15.799250363596549,-2.785757432906151,0.17698044080836736,-0.9842143687079944
1769099962.2652066,4.681915137124027,-15.801525296540213,-2.785757432906245,0.17698044080832126,-0.9842143687080027
1769099962.3151991,4.672874273433614,-15.804880500219047,-2.786706583650021,0.17651333699588215,-0.9842982484301077
1769099962.365184,4.666607900918981,-15.80720041009153,-2.787339350812413,0.17620191236190788,-0.9843540450874403
1769099962.4151995,4.660718556066729,-15.809372267647948,-2.7892376523000584,0.1752675327590995,-0.9845208438425963
1769099962.4652076,4.651499216609352,-15.812755594109596,-2.7905031866249366,0.17464452525189372,-0.9846315502763157
1769099962.5152156,4.64576978528531,-15.814848938182253,-2.7920851045311985,0.17386566756266522,-0.9847693789121333
1769099962.5652156,4.639752987349282,-15.817040805514699,-2.7924014881124886,0.17370988295642936,-0.9847968707115512
1769099962.6151495,4.631145461986922,-15.820181080213441,-2.7911359537875167,0.1743329952601297,-0.9846867556556408
1769099962.6652167,4.625251321109548,-15.822339889590197,-2.789870419462451,0.17495603776194404,-0.9845762463367889
1769099962.7151864,4.61667802637249,-15.825499986754545,-2.7870229672312172,0.1763576268855382,-0.9843261590749792
1769099962.7652042,4.610747446579911,-15.827706254670877,-2.783859131418694,0.17791452874845665,-0.9840459442831999
1769099962.8151946,4.604654043287622,-15.829982976667276,-2.784175514999984,0.17775885853297904,-0.984074076588268
1769099962.8652089,4.5957881742835,-15.833300390685888,-2.782909980675012,0.17838151266573013,-0.9839613996184433
1769099962.9151804,4.589767681944194,-15.835555298799948,-2.783542747837498,0.17807019451164047,-0.9840177873527421
1769099962.9652133,4.583697630090697,-15.837822201610013,-2.78480828216247,0.17744750476091012,-0.9841302673193864
1769099963.0152056,4.574918306277047,-15.841081924001596,-2.7873393508125073,0.17620191236186153,-0.9843540450874486
1769099963.0651863,4.568816303315316,-15.843335495336774,-2.788288501556189,0.17573474235017233,-0.9844375553234032
1769099963.1151924,4.562829877056949,-15.845536701825216,-2.7901868030437407,0.17480028369405312,-0.9846039106262369
1769099963.1652653,4.553704522790384,-15.848882261911296,-2.7901868030437407,0.17480028369405312,-0.9846039106262369
1769099963.2152038,4.547526614597379,-15.85114943955061,-2.7895540358812547,0.1751117874515767,-0.9845485574086805
1769099963.2652173,4.541469273111602,-15.853377809378607,-2.7886048851374787,0.1755790102123177,-0.9844653427992591
1769099963.3152034,4.532423113682505,-15.856718706738164,-2.787022967231217,0.1763576268855384,-0.9843261590749792
1769099963.365189,4.526394810243936,-15.858952648604692,-2.786390200068731,0.17666904268908906,-0.9842703131535162
1769099963.415221,4.520842479739905,-15.861014203281753,-2.785757432906245,0.17698044080832126,-0.9842143687080027
1769099963.4652193,4.511874384385211,-15.8643472445713,-2.785757432906151,0.17698044080836736,-0.9842143687079944
1769099963.5152116,4.50625186162585,-15.866437898008812,-2.7854410493249553,0.17713613322660002,-0.9841863595404725
1769099963.5651832,4.5002738347016304,-15.868661816996019,-2.785441049325049,0.17713613322655392,-0.9841863595404808
1769099963.61519,4.491547105336343,-15.871917728682774,-2.7835427478374974,0.1780701945116407,-0.9840177873527421
1769099963.6652062,4.485264767174799,-15.874267309149005,-2.7838591314186933,0.17791452874845687,-0.9840459442831999
1769099963.7151406,4.476393663165462,-15.877570693284351,-2.786390200068731,0.17666904268908906,-0.9842703131535162
1769099963.765198,4.470102451138009,-15.879896404864892,-2.7886048851374787,0.1755790102123177,-0.9844653427992591
1769099963.8151755,4.464352912975287,-15.882008442935767,-2.7905031866249366,0.17464452525189372,-0.9846315502763157
1769099963.865196,4.455247634149112,-15.885335209657043,-2.7920851045311985,0.17386566756266522,-0.9847693789121333
1769099963.915221,4.449539670967253,-15.88741354844241,-2.792717871693778,0.173554094003166,-0.9848243378667793
1769099963.9652207,4.4436407630721275,-15.889559299012936,-2.792717871693778,0.173554094003166,-0.9848243378667793
1769099964.015187,4.434678127783051,-15.892833948519431,-2.7898704194625443,0.17495603776189814,-0.9845762463367971
1769099964.06521,4.428764001692912,-15.89501175699452,-2.7876557343937027,0.17604619342884156,-0.9843819064668016
1769099964.1151743,4.423044569919026,-15.897132267649573,-2.785441049324955,0.17713613322660024,-0.9841863595404725
1769099964.1651971,4.414294643657266,-15.900398410952784,-2.783226364256301,0.17822585581868175,-0.983989605797591
1769099964.215177,4.4082982093472936,-15.902645390118739,-2.782909980675011,0.17838151266573057,-0.9839613996184433
1769099964.2651975,4.399621984599953,-15.905891843409677,-2.784175514999983,0.17775885853297949,-0.984074076588268
1769099964.3151739,4.393574572777036,-15.908147021497918,-2.785124665743759,0.17729182121206447,-0.9841583257440387
1769099964.3652678,4.387573176825662,-15.910380714950673,-2.785441049325049,0.17713613322655392,-0.9841863595404808
1769099964.4151945,4.3785080528097104,-15.91374329057343,-2.787339350812507,0.17620191236186175,-0.9843540450874486
1769099964.4652174,4.3723351808478474,-15.916024144762536,-2.787972117974899,0.17589047009032807,-0.9844097432123493
1769099964.5151746,4.366137481090605,-15.918310830478353,-2.788288501556283,0.1757347423501262,-0.9844375553234115
1769099964.5651999,4.357278166232585,-15.921573170625862,-2.7892376522999647,0.17526753275914564,-0.9845208438425881
1769099964.6151972,4.351435634303311,-15.923725665008272,-2.787972117974993,0.17589047009028197,-0.9844097432123575
1769099964.6652143,4.3454038044963665,-15.92595006780245,-2.7886048851374787,0.1755790102123177,-0.9844653427992591
1769099964.7151985,4.336472714794584,-15.929237233895304,-2.7892376523000584,0.1752675327590995,-0.9845208438425963
1769099964.765221,4.330606090746514,-15.931397550293251,-2.7882885015562824,0.17573474235012643,-0.9844375553234114
1769099964.8151522,4.324955539002693,-15.933485409023397,-2.787022967231217,0.1763576268855384,-0.9843261590749792
1769099964.8652217,4.316414498087601,-15.936659733213743,-2.7844918985811793,0.17760318386919605,-0.9841021842672256
1769099964.9151742,4.310391156806085,-15.938907020421917,-2.7844918985811793,0.17760318386919605,-0.9841021842672256
1769099964.9652185,4.304203647009734,-15.94122113529098,-2.7829099806750115,0.17838151266573035,-0.9839613996184433
1769099965.0152292,4.295458896713914,-15.944501116823389,-2.7825935970938156,0.17853716504879927,-0.9839331688160217
1769099965.0652046,4.289224711119706,-15.946834936884182,-2.7841755149999834,0.17775885853297926,-0.984074076588268
1769099965.1151829,4.28030511777242,-15.950153164328565,-2.786706583650021,0.17651333699588215,-0.9842982484301077
1769099965.1652203,4.274582339446274,-15.9522646243808,-2.7895540358812547,0.1751117874515767,-0.9845485574086805
1769099965.2151825,4.268450532109526,-15.954510482335408,-2.7914523373687126,0.17417722371841368,-0.9847143213834892
1769099965.2653,4.259747895534123,-15.957685456360995,-2.792085104531292,0.1738656675626191,-0.9847693789121414
1769099965.3152146,4.254041248599431,-15.959767406541708,-2.7914523373687126,0.17417722371841368,-0.9847143213834892
1769099965.3651876,4.24505639650827,-15.963055007370858,-2.790186803043647,0.17480028369409925,-0.9846039106262287
1769099965.4152093,4.238926723079679,-15.965306684510276,-2.788921268718675,0.17542327368070698,-0.9844931056392136
1769099965.4652367,4.232967877765947,-15.967509528015205,-2.7860738164874412,0.1768247439612161,-0.9842423532459119
1769099965.515211,4.224286528978277,-15.97074225190486,-2.7841755149999834,0.17775885853297926,-0.984074076588268
1769099965.5652037,4.2183587435695395,-15.972956024328036,-2.7841755149999834,0.17775885853297926,-0.984074076588268
1769099965.6151898,4.21236017923899,-15.975197310962624,-2.7838591314187875,0.17791452874841054,-0.9840459442832082
1769099965.665219,4.203347819355047,-15.978556542488123,-2.7857574329062453,0.17698044080832104,-0.9842143687080027
1769099965.7151666,4.1974413073312125,-15.98075492055602,-2.7848082821624693,0.17744750476091034,-0.9841302673193862
1769099965.7652118,4.1915829272129015,-15.98293749464601,-2.7851246657437594,0.17729182121206424,-0.9841583257440387
1769099965.8151689,4.182616942692533,-15.986276209984164,-2.7851246657436657,0.17729182121211035,-0.9841583257440304
1769099965.8652139,4.176543312381435,-15.98853350763809,-2.7863902000687313,0.17666904268908887,-0.9842703131535162
1769099965.9152024,4.170277674161804,-15.990855399971812,-2.7870229672312172,0.1763576268855382,-0.9843261590749792
1769099965.9652197,4.1612304590860285,-15.994193434773756,-2.789237652299965,0.17526753275914542,-0.9845208438425882
1769099966.0151548,4.1551000735705585,-15.996443172472478,-2.790503186624937,0.17464452525189353,-0.9846315502763157
1769099966.0652657,4.149229358967559,-15.998592348435267,-2.790819570206227,0.17448876243927094,-0.9846591652863501
1769099966.1152089,4.1406510739419025,-16.00173888013771,-2.789237652299965,0.17526753275914542,-0.9845208438425882
1769099966.1652148,4.134667438877806,-16.003947660631397,-2.7867065836499276,0.17651333699592806,-0.9842982484300995
1769099966.215218,4.125984046266731,-16.007174890601796,-2.78480828216247,0.17744750476091012,-0.9841302673193864
1769099966.2652786,4.119986192543452,-16.00941807452236,-2.782593597093722,0.17853716504884537,-0.9839331688160133
1769099966.4652092,4.093167320916708,-16.019428933510532,-2.7860738164875354,0.1768247439611698,-0.9842423532459202
1769099966.5152287,4.084050467515682,-16.022797578348733,-2.789237652299965,0.17526753275914542,-0.9845208438425882
1769099966.5652218,4.077991014104201,-16.025020197695337,-2.790819570206227,0.17448876243927094,-0.9846591652863501
1769099966.6151989,4.071881911560895,-16.02725445212282,-2.791135953787517,0.17433299526012946,-0.9846867556556408
1769099966.6652205,4.062799880733734,-16.030571096398507,-2.7917687209499094,0.17402144781797446,-0.9847418624692138
1769099966.7152066,4.0566886602983,-16.032799551361233,-2.7920851045311994,0.17386566756266478,-0.9847693789121333
1769099966.765235,4.050698066275084,-16.03498938984855,-2.7901868030437416,0.1748002836940527,-0.9846039106262369
1769099966.8181734,4.041979231734507,-16.038193736110124,-2.7886048851374796,0.17557901021231725,-0.9844653427992592
1769099966.8652189,4.036067174784783,-16.040377157219126,-2.7870229672312177,0.17635762688553797,-0.9843261590749792
1769099966.9151597,4.030181272214831,-16.04255832880535,-2.7863902000687317,0.17666904268908865,-0.9842703131535163
1769099966.9652352,4.021282784033648,-16.045860694741165,-2.786073816487536,0.17682474396116957,-0.9842423532459202
1769099967.0151658,4.0154470914732485,-16.04803166313142,-2.7848082821624702,0.1774475047609099,-0.9841302673193864
1769099967.0652463,4.009304818083468,-16.050322216638648,-2.78449189858118,0.17760318386919563,-0.9841021842672257
1769099967.11616,4.0004126148177495,-16.053641468627553,-2.7841755149999843,0.17775885853297882,-0.9840740765882681
1769099967.1652384,3.9943659165970677,-16.055898559980005,-2.78449189858118,0.17760318386919563,-0.9841021842672257
1769099967.2151642,3.9880806102021293,-16.058240187974125,-2.785441049324956,0.17713613322659957,-0.9841863595404726
1769099967.265224,3.9790365702152255,-16.06158680743713,-2.788921268718676,0.17542327368070654,-0.9844931056392137
1769099967.3151662,3.972858662846746,-16.06385398477386,-2.7908195702062275,0.17448876243927072,-0.9846591652863501
1769099967.3652418,3.9669156124273575,-16.066026443880588,-2.7914523373687135,0.17417722371841324,-0.9847143213834892
1769099967.4181435,3.957905426995115,-16.06931846663143,-2.7911359537875176,0.17433299526012927,-0.9846867556556409
1769099967.46524,3.951963752723578,-16.07149468576122,-2.789870419462452,0.1749560377619436,-0.984576246336789
1769099967.5231748,3.946333988659547,-16.073565758757265,-2.78828850155619,0.1757347423501719,-0.9844375553234033
1769099967.5652232,3.937243536709104,-16.07693282257597,-2.7854410493250503,0.17713613322655325,-0.984186359540481
1769099967.6151667,3.931266918603316,-16.079160523668175,-2.7841755149999847,0.1777588585329786,-0.9840740765882681
1769099967.6652312,3.9253164777507368,-16.081385975280803,-2.7832263642562087,0.17822585581872719,-0.9839896057975828
1769099967.7151666,3.9165686184893733,-16.084657655141598,-2.7841755149999847,0.1777588585329786,-0.9840740765882681
1769099967.7652242,3.9105452773083376,-16.08690494231228,-2.7848082821624707,0.17744750476090967,-0.9841302673193864
1769099967.8206887,3.90444899782992,-16.089173951000834,-2.7857574329061525,0.17698044080836672,-0.9842143687079945
1769099967.865249,3.8957635641477206,-16.09239568602856,-2.787022967231218,0.17635762688553777,-0.9843261590749793
1769099967.915182,3.8895673127775203,-16.094686292910787,-2.787972117974994,0.1758904700902813,-0.9844097432123576
1769099967.9652436,3.880683730057668,-16.097955973641227,-2.789870419462452,0.1749560377619436,-0.984576246336789
1769099968.0171912,3.874385190729469,-16.100261769483854,-2.7914523373688076,0.17417722371836689,-0.9847143213834975
1769099968.0652313,3.868607544172363,-16.10237065807084,-2.7917687209500035,0.1740214478179281,-0.984741862469222
1769099968.1151872,3.8599534624417746,-16.105531020679088,-2.7911359537875176,0.17433299526012927,-0.9846867556556409
1769099968.1652439,3.8539628675190833,-16.107720859495206,-2.791135953787424,0.1743329952601754,-0.9846867556556327
1769099968.2232332,3.8480205047275216,-16.109895198776748,-2.790503186624938,0.17464452525189308,-0.9846315502763158
1769099968.265228,3.8391834003305263,-16.11314459845164,-2.787972117974994,0.1758904700902813,-0.9844097432123576
1769099968.3162258,3.8336057071360825,-16.115210551723187,-2.7857574329062462,0.1769804408083206,-0.9842143687080028
1769099968.3698502,3.8246175945929024,-16.118562364871615,-2.7835427478374983,0.17807019451164025,-0.9840177873527423
1769099968.4152415,3.818810082716606,-16.120736456020392,-2.7832263642563024,0.17822585581868108,-0.9839896057975911
1769099968.465178,3.8127421848245717,-16.123009119354368,-2.7832263642562087,0.17822585581872719,-0.9839896057975828
1769099968.5152485,3.8035654328915096,-16.12643458672115,-2.7854410493250503,0.17713613322655325,-0.984186359540481
1769099968.5651762,3.7975130432117137,-16.128676365503836,-2.78828850155619,0.1757347423501719,-0.9844375553234033
1769099968.6152694,3.7914294773544075,-16.130906737555012,-2.7920851045311994,0.17386566756266478,-0.9847693789121333
1769099968.668313,3.782570997891676,-16.13409734491943,-2.799678310481218,0.17012564512565623,-0.985422378917071
1769099968.7152526,3.776509470181499,-16.13623948269154,-2.8041076806187135,0.16794282946219918,-0.9857967366715263
1769099968.7651782,3.7707737646866293,-16.1382399764245,-2.807904283593723,0.16607118857953065,-0.9861137664203771
1769099968.8152463,3.7615581175065183,-16.14140685596775,-2.8132828044749942,0.1634186745108635,-0.9865568087145882
1769099968.8651793,3.755350450340921,-16.143513751532065,-2.815497489543742,0.16232611822466966,-0.986737164265191
1769099968.9153574,3.749448379178197,-16.14549716424943,-2.8192940925187515,0.16045270224801614,-0.9870435301147106
1769099968.9652534,3.740609918569587,-16.14843627298062,-2.8218251611686953,0.15920343662517433,-0.9872457980496722
1769099969.0154588,3.73466983253297,-16.15038551161451,-2.8272036820499666,0.15654790306649252,-0.9876703670990054
1769099969.0682511,3.7258266297980285,-16.15322863958906,-2.83384773725621,0.15326597705895142,-0.9881849727030688
1769099969.115252,3.7200339746216327,-16.155057693636067,-2.8376443402312193,0.1513898290313616,-0.9884741370748428
1769099969.1651807,3.713919373035756,-16.156959721667366,-2.8423900939500046,0.14904387762309595,-0.9888305833372426
1769099969.2152557,3.7048394566653844,-16.159724397889143,-2.849666916318734,0.14544512678412463,-0.989366319971905
1769099969.2651803,3.6985311514999433,-16.161598374136748,-2.8559945879437807,0.1423142114695639,-0.9898215320014999
1769099969.315248,3.6925033606635456,-16.163349656812475,-2.861689492406248,0.13949516880812618,-0.9902227516469173
1769099969.3651838,3.683298318413666,-16.165957846970844,-2.8692826983562667,0.13573468984093165,-0.9907452215245784
1769099969.4152534,3.6773464167071808,-16.16760569467916,-2.873712068493762,0.1335401701079245,-0.9910434011523142
1769099969.4672418,3.66813786917105,-16.17010662550807,-2.8790905893749397,0.13087451661768357,-0.9913989413450509
1769099969.5152426,3.662366242312106,-16.171645734479263,-2.8828871923500428,0.12899230785660284,-0.9916455942088521
1769099969.5726702,3.656711920742389,-16.17313346003677,-2.8857346445812766,0.12758034587022676,-0.9918282388335358
1769099969.615239,3.6475976077237866,-16.175496130761843,-2.890164014718772,0.1253834475947441,-0.9921083565161902
1769099969.6663167,3.641785467241545,-16.17698024429433,-2.8930114669499116,0.12397083041942715,-0.9922858626449929
1769099969.715248,3.632334724941085,-16.17935528106332,-2.897757220668697,0.12161591145616048,-0.992577236330094
1769099969.766319,3.625994757942575,-16.180919799905844,-2.9015538236437064,0.1197314826192583,-0.9928063114574737
1769099969.8152874,3.6200659022327493,-16.1823540456087,-2.9069323445249777,0.1170611381427656,-0.9931247101631901
1769099969.8672857,3.610705122668559,-16.184563717718884,-2.912627248987445,0.11423279222770204,-0.9934540095947384
1769099969.9152553,3.6045385361066895,-16.185982354443322,-2.918322153449912,0.11140352011558873,-0.9937752541223068
1769099969.9727497,3.598586465127976,-16.187316986163516,-2.9237006743312772,0.10873060001741361,-0.9940712532911578
1769099970.015254,3.5889894991246374,-16.18940045215756,-2.931926647443782,0.1046410901663269,-0.9945100513563463
1769099970.0652688,3.583069363404351,-16.190643585168562,-2.9373051683249596,0.10196621846283693,-0.9947878619546928
1769099970.1152527,3.5735955912583095,-16.192575099010842,-2.9436328399500065,0.09881836791685518,-0.9951054869521366
1769099970.165249,3.567612397006758,-16.193762455131598,-2.947745826506212,0.09677173265488295,-0.9953066018865603
1769099970.2152524,3.5613273690162828,-16.19498905471837,-2.94996051157496,0.09566952821400833,-0.9954131510942122
1769099970.2652636,3.552129368167492,-16.19674944007925,-2.9550226488749414,0.09314976543946366,-0.9956521085191217
1769099970.315264,3.5459852051159495,-16.197904212715063,-2.9566045667812033,0.09236221643414755,-0.9957254747044346
1769099970.3652554,3.539663748480626,-16.19907471532133,-2.9604011697562127,0.09047186400378479,-0.9958990118599781
1769099970.4153063,3.5301736144449136,-16.200786949761614,-2.965779690637484,0.08779330826496777,-0.9961387127423029
1769099970.4652674,3.5239651306276425,-16.20187062982598,-2.9717909786812413,0.08479887784851277,-0.9963980882737747
1769099970.5152428,3.517475863431062,-16.202964220125274,-2.9774858831438022,0.08196134194905345,-0.9966355093141677
1769099970.565267,3.5078297705084363,-16.204514577835454,-2.986977390581185,0.07723065005646032,-0.9970132530171585
1769099970.615316,3.5011503124149317,-16.20554156758198,-2.9910903771374846,0.07518013713810787,-0.9971699689520815
1769099970.6652577,3.4947409911004965,-16.206492800287673,-2.997418048762438,0.07202488407162927,-0.9974028354052681
1769099970.715268,3.485394035162553,-16.207821136080774,-3.0034293368062888,0.06902672538322177,-0.9976148110282191
1769099970.765281,3.4790252706183744,-16.208698493536755,-3.0059604054562326,0.06776415465796301,-0.997701367816789
1769099970.8152726,3.472829225817948,-16.20953109267684,-3.010073392012532,0.06571224665482454,-0.9978386145262046
1769099970.8652847,3.463491879823021,-16.210742224443848,-3.0151355293124196,0.06318644083016962,-0.9980017403267468
1769099970.915289,3.457313937364296,-16.211517731518693,-3.018299365124943,0.061607605604241535,-0.9981004473156558
1769099970.9652631,3.4510578413176063,-16.21227993861644,-3.0224123516812424,0.059554889915899765,-0.9982250322883639
1769099971.0152724,3.44158004730112,-16.213385998575106,-3.0284236397249997,0.05655431632638601,-0.9983995238905391
1769099971.0654054,3.4353921276270176,-16.214077388569407,-3.0322202426999154,0.05465895226530473,-0.998505082078834
1769099971.1152642,3.4289502003213044,-16.21477446892647,-3.0353840785125326,0.05307933146419682,-0.9985902986567183
1769099971.1652682,3.41948449476385,-16.21575938115552,-3.04044621581242,0.050551663542590344,-0.9987214473080454
1769099971.2152562,3.4130870214432383,-16.2163943673979,-3.0448755859499155,0.04833968789992014,-0.9988309539525386
1769099971.265254,3.4065099277271234,-16.21701252679736,-3.0508868739937665,0.045337343786720094,-0.9989717339636617
1769099971.3152785,3.3972302701113524,-16.217815134762308,-3.059745614268757,0.04091209794553408,-0.9991627496267538
1769099971.3652601,3.390770951762596,-16.218326482450117,-3.0654405187312244,0.03806686773216033,-0.9992751941187483
1769099971.4152687,3.3813546846591622,-16.219007495550223,-3.0733501082624395,0.03411465203651208,-0.9994179258530576
1769099971.4652715,3.375116767537779,-16.219422944864476,-3.076830327656253,0.032375504440872546,-0.9994757759506726
1769099971.5152674,3.368700556004356,-16.219826825913948,-3.0806269306312624,0.03047814089483287,-0.9995354335528054
1769099971.5652668,3.359251226061118,-16.220391623854646,-3.083157999281206,0.02921317042575422,-0.9995732042595359
1769099971.6152558,3.3527825119882926,-16.220765944704254,-3.084423533606178,0.02858066751941296,-0.9995914892815688
1769099971.665266,3.346515159698403,-16.221114688555346,-3.0875873694187015,0.026999360742042115,-0.9996354508117052
1769099971.715278,3.3368840385639107,-16.221600188622094,-3.0948641917874307,0.02336210525310252,-0.9997270687733443
1769099971.7652903,3.330410748878879,-16.221884425568966,-3.1005590962499916,0.02051533931752399,-0.9997895382792755
1769099971.8153741,3.3242394518804677,-16.22212019797537,-3.1062540007125525,0.01766840704401061,-0.9998439015128947
1769099971.8652816,3.3145249136348895,-16.22242363953428,-3.1144799738249636,0.013555924668302823,-0.9999081142316965
1769099971.9152553,3.307794117177855,-16.22258060374634,-3.1220731797749823,0.009759581968311152,-0.999952374145791
1769099971.9653106,3.301340880770311,-16.22269330794495,-3.1261861663312818,0.007703167444450541,-0.9999703301655118
1769099972.0152748,3.2916223217356273,-16.222812294820514,-3.132513837956235,0.004539392226786667,-0.9999896969060288
1769099972.065266,3.2853707674584256,-16.22286015196295,-3.135361290187469,0.0031156766602656203,-0.999995146267695
1769099972.115263,3.2789925460613807,-16.22288980736939,-3.1385251259999922,0.0015337631935548968,-0.9999988237845413
1769099972.165269,3.269678224430921,-16.22289775102086,3.140230811042099,0.0006809212212284436,0.9999997681731184
1769099972.2152767,3.2635024614724695,-16.222875663139906,3.1358014409046038,0.0028956022962104465,0.9999958077348835
1769099972.265326,3.257124328988413,-16.222830653525442,3.1332703722545663,0.004161128659201866,0.9999913424666643
1769099972.315252,3.248089043109267,-16.222725439109936,3.1266263170484168,0.007483098430714564,0.9999720012269725
1769099972.365266,3.2417622405030095,-16.222620732012565,3.1234624812358933,0.00906496202236102,0.9999589123876707
1769099972.415279,3.2324246972814383,-16.222423346020488,3.117451193192136,0.012070437078314173,0.9999271496207803
1769099972.4652774,3.226326867816326,-16.222265489371132,3.1139709737983226,0.013810400854936624,0.9999046318665725
1769099972.5152822,3.219698554861983,-16.222063467908015,3.1082760693358553,0.016657521695266627,0.9998612538602402
1769099972.5664358,3.2097835020860277,-16.221698460902584,3.101315630548416,0.02013715032035643,0.999797227030049
1769099972.6153376,3.2035880288129177,-16.22143406425447,3.096569876829631,0.022509487106613546,0.9997466293967673
1769099972.6653273,3.1970401302594866,-16.221119336993432,3.0905585887858735,0.025514263388249935,0.9996744581931435
1769099972.7152739,3.1877394898137528,-16.220614767667374,3.0842309171608266,0.028676936266451847,0.9995887320925391
1769099972.7652771,3.181397364963191,-16.220243526326254,3.0820162320920788,0.02978380557823144,0.9995563640562137
1769099972.8152769,3.175081159663261,-16.219862772522408,3.080750697767107,0.03041628601762021,0.999537317735008
1769099972.8652725,3.165733533641186,-16.219293341870713,3.080750697767107,0.03041628601762021,0.999537317735008
1769099972.9152734,3.1592910655645454,-16.21890395382902,3.0816998485107887,0.029941926815988087,0.9995516399959263
1769099972.9652805,3.1529239692062285,-16.21852619715792,3.0829653828358543,0.02930943740886204,0.9995703861553602
1769099973.0152824,3.1433220789564724,-16.217968715154484,3.084230917160826,0.02867693626645207,0.9995887320925391
1769099973.065289,3.1367774527113803,-16.21759185300951,3.083914533579536,0.028835062638415825,0.9995841831294844
1769099973.1152802,3.130485862090398,-16.21722356972986,3.0823326156733684,0.029625683595145925,0.9995610631029603
1769099973.165268,3.120607603400873,-16.216623382896383,3.079485163442041,0.03104875427854944,0.9995178712047875
1769099973.2153044,3.114241860274859,-16.216223469665465,3.0782196291171626,0.03168121010764153,0.999498024473343
1769099973.2652726,3.1076996176896188,-16.21580727293298,3.0779032455358726,0.031839322092814204,0.9994930002599668
1769099973.3152943,3.097874021836615,-16.215175956946133,3.0769540947920966,0.03231365325185255,0.9994777775486151
1769099973.365279,3.091408150444115,-16.21475537497726,3.0763213276296106,0.03262986998793541,0.9994675040162989
1769099973.4152865,3.0848664400272168,-16.214330899161876,3.0772704783733866,0.03215554366885286,0.9994828767974769
1769099973.4652762,3.07562188573381,-16.21373544789901,3.077270478373293,0.03215554366889968,0.9994828767974755
1769099973.5152838,3.0692312015315597,-16.213328892830365,3.078852396279555,0.031364983762913905,0.999507997863725
1769099973.5652697,3.063016900204606,-16.212940467406938,3.0794851634421345,0.03104875427850261,0.999517871204789
1769099973.615278,3.0539476167613624,-16.212380792190096,3.0804343141859105,0.030574404234444585,0.9995324936217476
1769099973.6652837,3.048035761651062,-16.212022536197907,3.0816998485108824,0.029941926815941256,0.9995516399959278
1769099973.7153187,3.038889377199831,-16.211479885741806,3.0829653828358543,0.02930943740886204,0.9995703861553602
1769099973.7653165,3.032319783498198,-16.21109637213699,3.0835981499983403,0.028993188288745392,0.9995796091521942
1769099973.8153007,3.0259019149848125,-16.21071967833784,3.0823326156733684,0.029625683595145925,0.9995610631029603
1769099973.8652802,3.0161243364305648,-16.210131818196906,3.0807506977671064,0.030416286017620434,0.999537317735008
1769099973.9152715,3.009631588600209,-16.209735267641527,3.0804343141858164,0.030574404234491637,0.9995324936217461
1769099973.9653003,3.003114022933105,-16.209329956721287,3.0785360126983585,0.03152309732970495,0.999503023674637
1769099974.0152745,2.9932628694986496,-16.208701692876524,3.077270478373293,0.03215554366889968,0.9994828767974755
1769099974.0652936,2.986973864619915,-16.20829161635762,3.075688560467125,0.032946083457814745,0.9994571304387151
1769099974.1152866,2.9805838315503674,-16.207874952264113,3.077270478373387,0.032155543668852635,0.9994828767974769
1769099974.1652882,2.9710865009018015,-16.207266236620228,3.0779032455357793,0.031839322092860806,0.9994930002599653
1769099974.215283,2.9646450394580435,-16.206860543541314,3.079485163442135,0.03104875427850239,0.999517871204789
1769099974.265364,2.9583039967742084,-16.20647124479308,3.081067081348397,0.030258167039592318,0.9995421168352058
1769099974.3152914,2.9487281772932743,-16.205901596007067,3.083281766417145,0.029151313213530563,0.9995750101607817
1769099974.3653066,2.942335398232922,-16.205529419044368,3.083598149998435,0.028993188288698117,0.9995796091521956
1769099974.4152865,2.9360438071920942,-16.20516113574014,3.082648999254565,0.029467560870734655,0.9995657371360472
1769099974.4652922,2.926417636379053,-16.20458543524345,3.081067081348303,0.03025816703963915,0.9995421168352043
1769099974.5152912,2.920076347994482,-16.204200148937907,3.0807506977671073,0.03041628601761999,0.999537317735008
1769099974.5652711,2.9135330729436584,-16.203800512385993,3.0804343141859114,0.03057440423444414,0.9995324936217476
1769099974.6152885,2.903731269385891,-16.203194076081537,3.079168779860846,0.03120686941117808,0.9995129470404841
1769099974.6652942,2.8971131823763896,-16.20277410552071,3.0772704783732943,0.032155543668899014,0.9994828767974755
1769099974.715315,2.8904448438359047,-16.202346709430323,3.077903245535874,0.03183932209281354,0.9994930002599668
1769099974.7652776,2.8840545483942845,-16.201934088823055,3.076321327629612,0.03262986998793475,0.9994675040162989
1769099974.8152914,2.8744064548059822,-16.201303449125987,3.076321327629612,0.03262986998793475,0.9994675040162989
1769099974.8652778,2.8684711707448587,-16.200914551233584,3.076004944048322,0.03278797713315175,0.9994623297331
1769099974.9152927,2.859075451847878,-16.20030339309065,3.077270478373294,0.032155543668899236,0.9994828767974755
1769099974.9652905,2.853114002873014,-16.199926985127576,3.079801547023425,0.030890638368842278,0.9995227703565164
1769099975.0152938,2.8468485679935474,-16.19954531274807,3.081699848510883,0.029941926815941034,0.9995516399959278
1769099975.0652976,2.8371964999569186,-16.198978789116307,3.0842309171609203,0.028676936266405016,0.9995887320925404
1769099975.115298,2.8308792356644488,-16.198616021900396,3.0842309171609203,0.028676936266405016,0.9995887320925404
1769099975.1653109,2.8242587426859473,-16.19823584185812,3.0842309171609203,0.028676936266405016,0.9995887320925404
1769099975.2152991,2.8149350611327213,-16.197690072715197,3.0820162320920788,0.02978380557823144,0.9995563640562137
1769099975.2653167,2.8085432458334756,-16.197301716476996,3.079801547023425,0.030890638368842278,0.9995227703565164
1769099975.3153036,2.8020511340870744,-16.19689489546875,3.0782196291170694,0.03168121010768814,0.9994980244733416
1769099975.3652968,2.792326178892802,-16.196276224650187,3.0779032455357793,0.031839322092860806,0.9994930002599653
1769099975.4153154,2.786112249039264,-16.195881901093884,3.078536012698359,0.03152309732970473,0.999503023674637
1769099975.4652896,2.779746888358549,-16.19547594599419,3.077270478373387,0.032155543668852635,0.9994828767974769
1769099975.5152848,2.770047486845117,-16.194854278953628,3.077903245535873,0.03183932209281398,0.9994930002599668
1769099975.5652912,2.7636061536485235,-16.1944465478952,3.078852396279555,0.031364983762913905,0.999507997863725
1769099975.6152837,2.7571641845894654,-16.19404900706934,3.0810670813483028,0.03025816703963937,0.9995421168352043
1769099975.665343,2.7476392560082203,-16.193476337074713,3.0820162320921725,0.029783805578184608,0.9995563640562152
1769099975.7152896,2.7413480171477964,-16.19310208225647,3.0823326156733684,0.029625683595145925,0.9995610631029603
1769099975.7653127,2.7350313347327937,-16.192729322111347,3.0829653828358543,0.02930943740886204,0.9995703861553602
1769099975.8152854,2.7256069328637134,-16.192171673116444,3.0820162320920783,0.02978380557823166,0.9995563640562137
1769099975.865291,2.719113565847136,-16.191785394047013,3.082332615673274,0.029625683595192978,0.999561063102959
1769099975.915286,2.712695936549769,-16.191404639281686,3.082332615673368,0.029625683595146148,0.9995610631029603
1769099975.9652917,2.7028171096755784,-16.190813828496314,3.081383464929592,0.030100047304412108,0.9995468909222179
1769099976.015321,2.696096795410423,-16.190406580211302,3.080750697767106,0.030416286017620656,0.999537317735008
1769099976.0652905,2.6895792305044437,-16.190001269338396,3.078219629117162,0.03168121010764175,0.999498024473343
1769099976.1153061,2.6798550692913263,-16.18937029196447,3.0753721768858346,0.033104188958060596,0.9994519061332712
1769099976.1653082,2.67351607789345,-16.188948899070382,3.0750557933046387,0.033262293629838686,0.999446656816902
1769099976.21531,2.667151764782549,-16.188526834102237,3.0756885604671247,0.03294608345781497,0.9994571304387151
1769099976.2652996,2.657679985213752,-16.187915242435892,3.0785360126983585,0.03152309732970495,0.999503023674637
1769099976.315278,2.6514658070892514,-16.18752485092903,3.0791687798608445,0.031206869411178745,0.9995129470404841
1769099976.365306,2.644998139994051,-16.18713291295878,3.082965382835854,0.02930943740886226,0.9995703861553602
1769099976.4153647,2.635598567467107,-16.186584193493424,3.08359814999834,0.028993188288745614,0.9995796091521942
1769099976.4652967,2.629028852647276,-16.186202758412986,3.08359814999834,0.028993188288745614,0.9995796091521942
1769099976.5152826,2.6227370296185066,-16.18583845628228,3.08391453357963,0.028835062638368995,0.9995841831294857
1769099976.5652974,2.613135316227468,-16.18527793642637,3.082648999254658,0.029467560870688265,0.9995657371360487
1769099976.6152823,2.606692603478579,-16.18489262507032,3.081067081348396,0.030258167039592762,0.9995421168352058
1769099976.6653,2.600326235687949,-16.184502782418623,3.0798015470233304,0.03089063836888955,0.9995227703565149
1769099976.7152934,2.590574956240069,-16.183899472034238,3.079801547023424,0.030890638368842722,0.9995227703565164
1769099976.7652967,2.584082844493668,-16.18349265102599,3.0782196291170685,0.03168121010768858,0.9994980244733416
1769099976.8152988,2.577388776272069,-16.18307104838643,3.0791687798608445,0.031206869411178745,0.9995129470404841
1769099976.865297,2.5676632382465527,-16.182461608293615,3.0788523962796486,0.031364983762867074,0.9995079978637265
1769099976.9153137,2.5612973685945546,-16.182063709079372,3.0794851634421345,0.03104875427850261,0.999517871204789
1769099976.965317,2.5549313732661907,-16.181667823935044,3.0794851634421345,0.03104875427850261,0.999517871204789
1769099977.015291,2.5486664254827116,-16.181278222681897,3.079485163442041,0.03104875427854944,0.9995178712047875
1769099977.0653336,2.5391929399918522,-16.1806936037228,3.080434314185817,0.030574404234491415,0.9995324936217461
1769099977.1152823,2.533028559690945,-16.180318087299298,3.0810670813483965,0.03025816703959254,0.9995421168352058
1769099977.1653576,2.5265858469420635,-16.179932775943247,3.0826489992545643,0.0294675608707351,0.9995657371360472
1769099977.2152941,2.516958954626571,-16.179369258116296,3.0835981499983403,0.028993188288745392,0.9995796091521942
1769099977.265352,2.510515639763371,-16.17899413904322,3.0832817664171444,0.029151313213530785,0.9995750101607815
1769099977.3153133,2.503870304426229,-16.178605149034208,3.0829653828358543,0.02930943740886204,0.9995703861553602
1769099977.3653266,2.494143072426098,-16.17802340449605,3.0807506977671064,0.030416286017620434,0.999537317735008
1769099977.415326,2.4874991324307696,-16.17761128974702,3.0785360126983585,0.03152309732970495,0.999503023674637
1769099977.4653232,2.4811339010371065,-16.1772033208061,3.076637711210807,0.03247176202621441,0.9994726532881792
1769099977.5153153,2.4715367213490116,-16.176569910075184,3.074739409723349,0.033420397469286586,0.999441382489736
1769099977.5653198,2.465172542091071,-16.17614583156402,3.075372176885929,0.03310418895801355,0.9994519061332727
1769099977.6153235,2.4587574509755274,-16.175724476069576,3.0766377112109007,0.032471762026167576,0.9994726532881807
1769099977.6653183,2.449032305398056,-16.175108882406178,3.0801179306046205,0.030732521686202253,0.9995276444955422
1769099977.7152717,2.443196524495324,-16.17475060344266,3.0804343141858164,0.030574404234491637,0.9995324936217461
1769099977.7653208,2.4366780779379,-16.174359727905625,3.082965382835854,0.02930943740886226,0.9995703861553602
1769099977.8152664,2.427253324779141,-16.173808042455583,3.0832817664170498,0.029151313213578063,0.9995750101607802
1769099977.8653128,2.42121474732283,-16.173448818023243,3.081067081348396,0.030258167039592762,0.9995421168352058
1769099977.9153216,2.4116392886164792,-16.172873109991507,3.082016232092078,0.029783805578231883,0.9995563640562137
1769099977.9653249,2.4053734934584132,-16.17249738457506,3.0813834649296856,0.030100047304365277,0.9995468909222193
1769099978.01532,2.3989056987996773,-16.172107492653904,3.081383464929592,0.030100047304412108,0.9995468909222179
1769099978.0653074,2.3892295499142024,-16.171519585681395,3.080434314185816,0.03057440423449186,0.9995324936217461
1769099978.1152997,2.3825601509657326,-16.17110906896463,3.0798015470234237,0.030890638368842944,0.9995227703565164
1769099978.1653173,2.3760173871266415,-16.170701152009382,3.078852396279554,0.03136498376291435,0.999507997863725
1769099978.2153206,2.369424493148955,-16.170283827278993,3.077903245535778,0.03183932209286147,0.9994930002599653
1769099978.2653093,2.3597756093517375,-16.169665398087602,3.0772704783733857,0.0321555436688533,0.9994828767974769
1769099978.3152559,2.35346102308575,-16.16925866908291,3.0772704783733857,0.0321555436688533,0.9994828767974769
1769099978.3653085,2.3471209856309683,-16.1688533219574,3.0782196291171617,0.03168121010764197,0.999498024473343
1769099978.4153175,2.3381786321920495,-16.1682915390854,3.07948516344204,0.031048754278549882,0.9995178712047875
1769099978.4653978,2.3317365370351673,-16.16789603637305,3.081067081348302,0.030258167039639815,0.9995421168352043
1769099978.515304,2.3221858944097074,-16.16732940147984,3.0835981499983394,0.028993188288745836,0.9995796091521942
1769099978.5652952,2.3157677883934147,-16.16695676874741,3.0835981499983394,0.028993188288745836,0.9995796091521942
1769099978.615294,2.3091727449777157,-16.166574909887512,3.0839145335795353,0.02883506263841627,0.9995841831294844
1769099978.665329,2.2996215669203055,-16.166017340136104,3.0826489992545634,0.02946756087073554,0.9995657371360472
1769099978.7152658,2.2933809784929533,-16.165644116979458,3.0810670813483956,0.030258167039592984,0.9995421168352058
1769099978.765343,2.2869390094338953,-16.165246576153596,3.0788523962796477,0.03136498376286752,0.9995079978637265
1769099978.8153257,2.2772649680929566,-16.164624997875052,3.07600494404832,0.03278797713315264,0.9994623297331
1769099978.8653193,2.2707236632959313,-16.164194313168124,3.0756885604671242,0.03294608345781519,0.9994571304387151
1769099978.915306,2.2642835169907016,-16.163768242384624,3.0753721768859283,0.03310418895801377,0.9994519061332727
1769099978.9653265,2.2544840864677456,-16.16312459698366,3.0766377112108065,0.03247176202621463,0.9994726532881792
1769099979.015326,2.2481696293055204,-16.16271587017476,3.077270478373386,0.03215554366885308,0.9994828767974769
1769099979.0653183,2.241955576560541,-16.162323512721727,3.0798015470234237,0.030890638368842944,0.9995227703565164
1769099979.1152751,2.2326083128827614,-16.161748167323232,3.0804343141859096,0.03057440423444503,0.9995324936217476
1769099979.1653135,2.2263428771670872,-16.16136649489279,3.081067081348302,0.030258167039639815,0.9995421168352043
1769099979.215347,2.2204057005062037,-16.16100764707769,3.081383464929592,0.030100047304412108,0.9995468909222179
1769099979.265321,2.2109562988401654,-16.16044401854498,3.0826489992546575,0.029467560870688487,0.9995657371360487
1769099979.3153012,2.2047912167002592,-16.16008020463727,3.082648999254564,0.02946756087073532,0.9995657371360472
1769099979.365355,2.1983483819376928,-16.159696931643428,3.081699848510882,0.029941926815941478,0.9995516399959278
1769099979.41588,2.188570989209623,-16.159105978027213,3.080750697767106,0.030416286017620656,0.999537317735008
1769099979.4654114,2.182052914848283,-16.158708915572788,3.080750697767106,0.030416286017620656,0.999537317735008
1769099979.515327,2.1725792448677277,-16.15812729389817,3.07980154702333,0.03089063836888977,0.9995227703565149
1769099979.5653276,2.1659103716729597,-16.157708337215013,3.077903245535872,0.031839322092814426,0.9994930002599668
1769099979.615273,2.159620979982986,-16.157304230066618,3.076954094792096,0.03231365325185277,0.9994777775486151
1769099979.6653457,2.153180299627894,-16.15688630984834,3.0766377112109002,0.0324717620261678,0.9994726532881807
1769099979.715276,2.1437590333876226,-16.15627797982153,3.077586861954582,0.03199743328121944,0.9994879510346355
1769099979.7653546,2.137393544587956,-16.15587403863773,3.0788523962796477,0.03136498376286752,0.9995079978637265
1769099979.8152735,2.1310274252824994,-16.15548016766872,3.0807506977671055,0.030416286017620878,0.999537317735008
1769099979.8653476,2.121426430859422,-16.154907497081684,3.0832817664170493,0.029151313213578285,0.9995750101607802
1769099979.9153254,2.1149577886832027,-16.154531930239518,3.0839145335795353,0.02883506263841627,0.9995841831294844
1769099979.9653447,2.105760357961259,-16.153995011219646,3.082648999254657,0.02946756087068871,0.9995657371360486
1769099980.015277,2.0992164591239804,-16.153605726100405,3.081699848510881,0.029941926815941922,0.9995516399959278
1769099980.0653656,2.092875049370116,-16.153222446106426,3.080750697767105,0.030416286017621096,0.999537317735008
1769099980.11528,2.0863065743367546,-16.152820227477402,3.080117930604619,0.03073252168620292,0.9995276444955422
1769099980.1653578,2.0766315605236123,-16.15221395342852,3.0779032455358712,0.03183932209281487,0.9994930002599668
1769099980.215282,2.0703926860359743,-16.151813092120676,3.0769540947920953,0.03231365325185322,0.9994777775486151
1769099980.2653615,2.060466257735799,-16.151172143840487,3.077270478373291,0.03215554366890057,0.9994828767974754
1769099980.3152807,2.0539498720491864,-16.15074827609619,3.0760049440483193,0.03278797713315308,0.9994623297331
1769099980.3653603,2.047812409047123,-16.15034808091248,3.0769540947920953,0.03231365325185322,0.9994777775486151
1769099980.4152856,2.038719590581817,-16.149759514297845,3.0769540947920953,0.03231365325185322,0.9994777775486151
1769099980.4653673,2.0327839400715355,-16.149376250059056,3.0772704783733853,0.03215554366885352,0.9994828767974769
1769099980.5198808,2.0265194912991826,-16.148978720673238,3.079168779860937,0.031206869411132585,0.9995129470404855
1769099980.565343,2.01750038545469,-16.148427870474663,3.0820162320921707,0.029783805578185496,0.9995563640562151
1769099980.615286,2.0111078438153753,-16.148051648483737,3.0835981499983385,0.02899318828874628,0.9995796091521942
1769099980.6653504,2.0018343536484724,-16.14751470518265,3.0839145335796285,0.02883506263836966,0.9995841831294857
1769099980.7152762,1.9952646389382518,-16.147133270108576,3.0832817664171426,0.029151313213531673,0.9995750101607815
1769099980.7653387,1.989124766519223,-16.14677191852796,3.0823326156733666,0.02962568359514681,0.9995610631029603
1769099980.8169322,1.9793975328962956,-16.146190173892748,3.0813834649296847,0.03010004730436572,0.9995468909222193
1769099980.8653593,1.9728795854638757,-16.14579104930645,3.079485163442133,0.031048754278503277,0.999517871204789
1769099980.9226906,1.966766573513047,-16.145405071604323,3.0775868619545816,0.031997433281219664,0.9994879510346355
1769099980.9653451,1.9569411778898242,-16.14477064699192,3.0766377112109,0.03247176202616802,0.9994726532881807
1769099981.0158637,1.950626720727599,-16.144361920183016,3.077270478373292,0.032155543668900124,0.9994828767974754
1769099981.0653343,1.944160584391231,-16.143945429682212,3.0772704783733857,0.0321555436688533,0.9994828767974769
1769099981.1158757,1.9345113124918794,-16.143333106192763,3.0791687798608436,0.03120686941117919,0.9995129470404841
1769099981.1653516,1.9281451926553825,-16.142939235190898,3.0804343141858155,0.03057440423449208,0.9995324936217461
1769099981.2221472,1.9217280507835213,-16.142550359028434,3.081699848510881,0.029941926815941922,0.9995516399959278
1769099981.265354,1.91255648600387,-16.14200475864896,3.082648999254563,0.02946756087073576,0.9995657371360472
1769099981.3158982,1.9061387365631537,-16.141626034335196,3.082648999254563,0.02946756087073576,0.9995657371360472
1769099981.3653386,1.897017876553943,-16.141080554337023,3.081067081348395,0.030258167039593206,0.9995421168352058
1769099981.417946,1.8906259374254122,-16.140694220306298,3.081383464929591,0.030100047304412552,0.9995468909222179
1769099981.4653394,1.884537290215495,-16.14032428406511,3.080434314185815,0.030574404234492304,0.9995324936217461
1769099981.519409,1.874659218613683,-16.139720971741557,3.080750697767105,0.030416286017621096,0.999537317735008
1769099981.5653374,1.867964361901461,-16.13931207720002,3.080434314185909,0.03057440423444525,0.9995324936217476
1769099981.6155374,1.8617247387406652,-16.138923059936946,3.0782196291171613,0.031681210107642195,0.999498024473343
1769099981.6653378,1.8519247036773194,-16.138288716088276,3.075688560467124,0.03294608345781541,0.9994571304387151
1769099981.7153928,1.8455603905664182,-16.13786665112013,3.075055793304638,0.03326229362983913,0.999446656816902
1769099981.7653475,1.839499267362493,-16.13746276681705,3.075055793304638,0.03326229362983913,0.999446656816902
1769099981.8153527,1.8303059879480266,-16.13685893458404,3.0769540947920957,0.032313653251852995,0.9994777775486151
1769099981.8653557,1.8241934685445294,-16.13646522091407,3.0775868619545816,0.031997433281219664,0.9994879510346355
1769099981.9153624,1.8178276014413814,-16.13606732185914,3.080750697767105,0.030416286017621096,0.999537317735008
1769099981.9653401,1.8083276701174997,-16.135500679383547,3.0832817664171426,0.029151313213531673,0.9995750101607815
1769099982.015349,1.8021117092762835,-16.135139783121154,3.083914533579535,0.02883506263841649,0.9995841831294844
1769099982.065334,1.7924844619912974,-16.134582356969347,3.0835981499984326,0.028993188288699227,0.9995796091521956
1769099982.1153493,1.786445657834007,-16.134226953586616,3.0820162320921707,0.029783805578185496,0.9995563640562151
1769099982.165353,1.7800283932492733,-16.13384010772191,3.080750697767105,0.030416286017621096,0.999537317735008
1769099982.215352,1.7706813133166655,-16.13326180510868,3.0788523962795535,0.03136498376291457,0.999507997863725
1769099982.2653463,1.764138808685563,-16.13284974817552,3.0785360126983576,0.031523097329705395,0.999503023674637
1769099982.3153858,1.7577481240568396,-16.132443193079745,3.0775868619545816,0.031997433281219664,0.9994879510346355
1769099982.365349,1.7479225278759931,-16.131811877071833,3.0772704783733857,0.0321555436688533,0.9994828767974769
1769099982.4153686,1.7413300327520853,-16.13138829486601,3.0775868619545816,0.031997433281219664,0.9994879510346355
1769099982.465349,1.734863764968589,-16.130973850165386,3.0775868619546753,0.031997433281172834,0.999487951034637
1769099982.5153468,1.72529017626821,-16.130367849926834,3.079168779860843,0.03120686941117941,0.9995129470404841
1769099982.5653536,1.7190000285836862,-16.129975682647892,3.079485163442133,0.031048754278503277,0.999517871204789
1769099982.6153429,1.7126844331917117,-16.129584937586806,3.0801179306045254,0.030732521686249747,0.9995276444955408
1769099982.6653678,1.7033116341073342,-16.129012485247756,3.081067081348395,0.030258167039593206,0.9995421168352058
1769099982.7153633,1.6973239282833803,-16.1286505834087,3.081383464929591,0.030100047304412552,0.9995468909222179
1769099982.7653453,1.6909571929161775,-16.12826678354881,3.081383464929591,0.030100047304412552,0.9995468909222179
1769099982.8153691,1.681558322809857,-16.127706169072425,3.0826489992546566,0.02946756087068893,0.9995657371360486
1769099982.8653622,1.6748879060683233,-16.12731253435261,3.0826489992546566,0.02946756087068893,0.9995657371360486
1769099982.9153395,1.6654135091927995,-16.126742902490122,3.0804343141859087,0.030574404234445473,0.9995324936217475
1769099982.9653656,1.658795027321972,-16.126329213728045,3.0779032455358712,0.03183932209281487,0.9994930002599668
1769099983.0153494,1.652329157547533,-16.12590863186442,3.0753721768858338,0.03310418895806104,0.9994519061332712
1769099983.0653503,1.643035435456567,-16.125289342610024,3.074739409723348,0.03342039746928725,0.999441382489736
1769099983.1153615,1.636621018596269,-16.124857839477922,3.074106642560862,0.03373660263517948,0.9994307588035481
1769099983.1653392,1.6306862320456164,-16.124461430632923,3.075688560467124,0.03294608345781541,0.9994571304387151
1769099983.2153583,1.6209870315863866,-16.12383669514228,3.0788523962796472,0.03136498376286774,0.9995079978637265
1769099983.2653708,1.6147474073846286,-16.123447677814305,3.0798015470234232,0.030890638368843166,0.9995227703565164
1769099983.315402,1.6083301450481586,-16.123060832085127,3.0829653828359467,0.029309437408815874,0.9995703861553616
1769099983.3653848,1.5988043221504264,-16.122503230437232,3.083281766417049,0.029151313213578507,0.9995750101607802
1769099983.4153752,1.5924621960301892,-16.12213198902179,3.082965382835853,0.029309437408862705,0.9995703861553602
1769099983.4653456,1.5860950996718723,-16.12175423235069,3.0816998485107874,0.029941926815988753,0.9995516399959263
1769099983.5153744,1.5765449967804082,-16.12117853257046,3.0810670813483014,0.030258167039640037,0.9995421168352043
1769099983.5653794,1.5701026520072408,-16.120787106244112,3.0807506977671055,0.030416286017620878,0.999537317735008
1769099983.6153567,1.5637364078750478,-16.12039524939772,3.0794851634421336,0.031048754278503055,0.999517871204789
1769099983.665355,1.5538850581334935,-16.119770102452705,3.07695409479219,0.03231365325180595,0.9994777775486167
1769099983.7153668,1.547318567534807,-16.119336716213745,3.0744230261421523,0.03357850047235461,0.9994360831519082
1769099983.765359,1.5407029825029397,-16.118879063499758,3.070626423167143,0.035475669835347313,0.9993705403151193
1769099983.815367,1.5309094233860234,-16.118151733534685,3.06429875154219,0.038637331312754326,0.9992532995337211
1769099983.865377,1.524651891627189,-16.117657139472314,3.0611349157295726,0.0402180189966749,0.9991909281753829
1769099983.9153423,1.5182449399287183,-16.117126251207786,3.0567055455920773,0.04243081178592417,0.9990994075722333
1769099983.9653687,1.5090667840332646,-16.116324789523954,3.0522761754546757,0.0446433964592951,0.9990029865583877
1769099984.0153477,1.5028154697622396,-16.115756979065893,3.049745106804638,0.045907632942192765,0.9989456888328038
1769099984.0653706,1.496490292114496,-16.11516328618412,3.0462648874109184,0.047645837641003046,0.9988642921615964
1769099984.1153572,1.486792767039528,-16.114206609969443,3.040253599367161,0.05064784839549361,0.9987165741354787
1769099984.1653743,1.4803479467818188,-16.11353682891452,3.035824229229572,0.05285956506257962,0.9986019559270826
1769099984.215383,1.473856054569814,-16.11283099860966,3.030762091929591,0.055386923151106875,0.9984649662075548
1769099984.2653556,1.463999400912995,-16.111696183731755,3.0231688859796657,0.05917728992693262,0.998247488530226
1769099984.3153799,1.4575177177903686,-16.110902103315087,3.016208447192133,0.06265104480810288,0.9980354936496262
1769099984.3653831,1.4510913904358593,-16.11007349802848,3.010513542729572,0.06549264537443428,0.9978530520080893
1769099984.415373,1.4447450019877341,-16.109219451800282,3.0051350218483943,0.06817589205292243,0.9976733171448399
1769099984.4653633,1.435145144915509,-16.107871876151908,2.9991237338045433,0.07117423043279182,0.9974638985558825
1769099984.5153537,1.4289087834094665,-16.10696222016349,2.9943779800858517,0.07354088683984604,0.9972922028988339
1769099984.5653605,1.4224753586415129,-16.10600094208476,2.9921632950171038,0.07464518560143446,0.997210156519942
1769099984.6153574,1.4131425967149094,-16.104576246027655,2.988050308460898,0.07669578229634377,0.9970545406235066
1769099984.665361,1.406815417802488,-16.103589873685316,2.98583562339215,0.07779981595016167,0.9969690008411098
1769099984.7153685,1.400565909819519,-16.102598387545427,2.9826717875796267,0.07937684106118859,0.996844680531098
1769099984.7653491,1.3911733558252513,-16.10106557578571,2.9769768831171595,0.08221498304238382,0.9966146178756062
1769099984.815377,1.3848337053855988,-16.09999800624748,2.972547512979664,0.08442196712640247,0.9964300936174643
1769099984.865351,1.3786237184797314,-16.098922952072016,2.9678017592608787,0.08678613314802136,0.9962269656525133
1769099984.915373,1.3690074707563737,-16.097197044949343,2.96020855331086,0.09056777684785824,0.9958902940569491
1769099984.9653723,1.3626877343577695,-16.09601732721345,2.953880881685813,0.09371815168410585,0.9955987686035549
1769099985.0153518,1.3561759828855053,-16.09476334834609,2.948818744385832,0.09623777763117876,0.9953583727264326
1769099985.0653841,1.346892696332216,-16.092911601493782,2.940592771273327,0.10033084768470224,0.9949541300999102
1769099985.1153562,1.3405214978084057,-16.091599810045054,2.9364797847171213,0.10237675056528643,0.9947456966198411
1769099985.1653745,1.334179884377089,-16.090270040319073,2.933315948904598,0.10395022784157769,0.9945825004149651
1769099985.2153506,1.3248981926056627,-16.088285413852063,2.9285701951858125,0.1063099547788094,0.9943330395370192
1769099985.2654011,1.3187896549528422,-16.08695500454247,2.925722742954673,0.10772550447160563,0.9941806755747861
1769099985.315392,1.312562445482011,-16.085574998288497,2.921293372817084,0.10992703558204628,0.9939396595609532
1769099985.365366,1.3033553183194984,-16.08348719460296,2.915914851935906,0.11259959746436077,0.9936404433450079
1769099985.4153674,1.2972152348872206,-16.08206624817414,2.9124346325420927,0.11432846948775849,0.9934430034302857
1769099985.4653697,1.2878805659819381,-16.07985616355985,2.9057905773358494,0.11762807764077318,0.9930577200498147
1769099985.5153441,1.2816820981699,-16.078352317877062,2.901361207198354,0.11982709747515748,0.9927947757269269
1769099985.5653667,1.2750982608047732,-16.076719641717343,2.895666302735887,0.12265354357655588,0.9924495494724727
1769099985.6153572,1.2658268655187548,-16.074358125589725,2.888705863948354,0.12610673598901792,0.9920166788608931
1769099985.6653683,1.2595822952291456,-16.072726481459302,2.8833273430670827,0.12877406797494145,0.9916739582227544
1769099985.7154095,1.2532987507623583,-16.071044238799963,2.8766832878608395,0.1320677196119735,0.9912406960150966
1769099985.7653842,1.2440018585483879,-16.068482613277954,2.8687736983296244,0.1359868301145003,0.9907106449591677
1769099985.8153882,1.2378140197284273,-16.066738611820977,2.864977095354615,0.13786725145850265,0.9904507160759075
1769099985.8654065,1.2317312929273732,-16.064995116092295,2.8599149580546337,0.14037370592882545,0.9900985924057298
1769099985.9154031,1.2256060521002774,-16.063216342874142,2.858016656567176,0.14131339537264234,0.9899649106348443
1769099985.965403,1.2164002599689516,-16.060519273141526,2.8551692043358483,0.14272269057252637,0.9897627158040148
1769099986.0153983,1.2103326436228752,-16.058723879397725,2.8526381356859045,0.14397515463792038,0.9895813027977979
1769099986.0654073,1.2042695909722743,-16.05691313386773,2.850107067035867,0.1452273881160769,0.9893983049010051
1769099986.115389,1.1950167147747126,-16.054108237125423,2.8444121625734,0.1480440599696047,0.9889807663992844
1769099986.16541,1.1888982796608234,-16.052218577118175,2.8396664088546144,0.15039037055820614,0.9886266921560258
1769099986.2153797,1.1799220354890447,-16.049376142472298,2.8301749014170436,0.1550804381913067,0.9879018461822977
1769099986.2653928,1.173784238945732,-16.047380058996033,2.8241636133732864,0.15804901450904632,0.9874312679942434
1769099986.3153615,1.1676098578778977,-16.0453331238458,2.8187850924921087,0.16070389964058604,0.9870026629347605
1769099986.3653946,1.1585491763628726,-16.042260757843408,2.810559119379604,0.16476205759405005,0.9863333434378941
1769099986.4154735,1.1525211302920535,-16.04017623553142,2.8067625164045946,0.166634117658605,0.98601879841722
1769099986.465417,1.1463805746666318,-16.03802994219029,2.803915064173361,0.16803776901482353,0.9857805578243674
1769099986.515374,1.1373858670396806,-16.03484446931461,2.7985365432920895,0.17068817884227905,0.9853250964039768
1769099986.5654068,1.1317396484622162,-16.032818689035754,2.7956890910608556,0.17209083844837625,0.9850810846433581
1769099986.6153958,1.1258384452928654,-16.030679270027726,2.79189248808594,0.17396050814477557,0.9847526296517372
1769099986.6654058,1.1168351737155742,-16.02736841890551,2.7865139672046686,0.1766081321920204,0.9842812441795514
1769099986.7153919,1.1111676183565078,-16.02525365189443,2.782400980648369,0.17863192507542933,0.9839159696558676
1769099986.765409,1.1052013649361445,-16.022998352539908,2.777971610510874,0.18081054922157658,0.9835179435527305
1769099986.8153906,1.0961505284778994,-16.019526230453792,2.7725930896296025,0.18345482811019054,0.983028141022962
1769099986.8654137,1.0900419515199924,-16.01714728845867,2.767847335910817,0.18578691417413123,0.9825900582245141
1769099986.9154475,1.0839678944664048,-16.01474964103593,2.7634179657734155,0.18796258429938822,0.9821761893384992
1769099986.9654157,1.0749983299220625,-16.011139971128287,2.7545592254983307,0.1923111481108642,0.9813340014043543
1769099987.0154011,1.0689820442164932,-16.00866667252594,2.748547937454667,0.19525981568583298,0.9807515507906854
1769099987.0654128,1.0603699580742258,-16.005052757867553,2.7400055807608723,0.19944698668051272,0.9799086179353989
1769099987.1153998,1.0542710756598734,-16.00244909801719,2.736208977785863,0.20130678819202039,0.9795282420776917
1769099987.1654112,1.048647696979657,-16.00002104199577,2.731779607648274,0.20347563930325294,0.9790800090953408
1769099987.2153592,1.0426851802620876,-15.997420774146551,2.728932155417134,0.20486937438839134,0.9787893233161614
1769099987.2654104,1.03427390751731,-15.993724056630272,2.7260847031858066,0.20626269420427873,0.9784966535352035
1769099987.3153465,1.0284399652259406,-15.99114573673553,2.7248191688609285,0.206881813420674,0.9783659413919586
1769099987.3654275,1.0225882096762766,-15.98854514652776,2.721971716629601,0.20827452841726,0.978070406879059
1769099987.415389,1.013793325568055,-15.984589852800939,2.7159604285858436,0.21121331469796478,0.9774399908405111
1769099987.4653988,1.0078535126257477,-15.981876651935957,2.7102655241233764,0.21399566836320835,0.9768346092976967
1769099987.515401,1.0020427785508228,-15.979185660911007,2.705519770404591,0.21631297197209073,0.9763240743506233
1769099987.5654252,0.9932277779442515,-15.97503202457923,2.6969774137107962,0.2204810404470665,0.9753912603685656
1769099987.6153948,0.9873638018037115,-15.97221658793626,2.6909661256671327,0.22341171904301846,0.9747241680569141
1769099987.6654198,0.9789479727144952,-15.968108567710416,2.6840056868796,0.22680261317662478,0.9739407449410125
1769099987.7154353,0.9734580887144718,-15.96539213001293,2.6802090839045905,0.2286510365841048,0.9735084506407812
1769099987.7654262,0.9675940958593443,-15.962461654738135,2.6760960973483847,0.23065256525661862,0.9730361730894393
1769099987.8154294,0.9590801860337904,-15.9581529092672,2.6700848093045337,0.2335761193651041,0.9723385194788585
1769099987.8655128,0.9533132697084917,-15.955198758099105,2.666288206329618,0.23542148906306168,0.9718933699163353
1769099987.9154131,0.9477365621176702,-15.95231749805431,2.6631243705170946,0.23695864937980152,0.9715197365386358
1769099987.965426,0.9393921159206748,-15.947955963741343,2.6567966988920477,0.24003118722679306,0.9707651771455835
1769099988.0154052,0.9337763506166075,-15.944985522096903,2.653316479498328,0.24172006086748488,0.9703460270306771
1769099988.0654054,0.9281709570891261,-15.941995554385464,2.649836260104608,0.24340820258442675,0.969923938726444
1769099988.1153471,0.9196825639899274,-15.937419357996786,2.644457739223337,0.24601569734090886,0.9692658441634402
1769099988.1654081,0.9139734828378582,-15.93430177600441,2.639079218342159,0.2486214128829503,0.968600739756111
1769099988.2153497,0.9081699999330582,-15.931093200555724,2.634017081042084,0.2510722088598271,0.967968359988201
1769099988.265404,0.8995646995326879,-15.926257073981855,2.6251583407671872,0.2553572220590065,0.9668467764554564
1769099988.3154109,0.8938503998445141,-15.922993129722261,2.6200962034671123,0.25780355706327546,0.9661973535285234
1769099988.365399,0.88815373953253,-15.91969849927543,2.6144012990045513,0.2605537090227782,0.9654593542529242
1769099988.4154358,0.8799021517809633,-15.914856306740127,2.607440860217112,0.2639121347064385,0.9645467252314377
1769099988.4654207,0.8745268240518319,-15.911664119410036,2.6039606408232987,0.26559015140863357,0.9640860290838879
1769099988.5154052,0.8690757689614493,-15.908401246149396,2.600480421429579,0.26726736390885303,0.9636224137021786
1769099988.5654101,0.8637873011471424,-15.905211783073403,2.597316585617149,0.2687914004106941,0.9631984131347279
1769099988.6153994,0.8556550147182258,-15.900268541641665,2.593519982642046,0.27061935599172576,0.9626864308603418
1769099988.6654058,0.8501730494910849,-15.896910124937074,2.5903561468295226,0.2721419076520928,0.962257128889924
1769099988.7154148,0.8447238102198225,-15.893546809589974,2.586875927435897,0.27381592774761426,0.961782115508348
1769099988.765405,0.8363047224624157,-15.888296991080542,2.5811810229734298,0.27655344263072845,0.9609985397330697
1769099988.815361,0.830995239104362,-15.884948755438032,2.5767516528358407,0.27868107178444923,0.9603837046873872
1769099988.8654077,0.8253601884841569,-15.881357722583807,2.5716895155358594,0.28111097361795573,0.9596752682608659
1769099988.9153893,0.817431631711306,-15.876232505270801,2.5637799260045506,0.28490408411082374,0.958556030108294
1769099988.9654226,0.8120358180858173,-15.87269102380534,2.557768637960887,0.2877838710784559,0.9576953813959315
1769099989.0153766,0.80659758935319,-15.869075985081471,2.552073733498326,0.2905096925712795,0.9568720491905596
1769099989.0654094,0.7984957162285463,-15.86361606742673,2.545113294710887,0.29383805119749057,0.9558552189889747
1769099989.115356,0.7934562378368236,-15.860179195949854,2.5410003081545876,0.29580313830015065,0.9552489222039363
1769099989.1654105,0.7881581332454002,-15.856537631279057,2.537836472342064,0.29731389292655225,0.9547797908800011
1769099989.2153544,0.78027251820677,-15.851075232371825,2.5337234857858584,0.2992767610700985,0.9541663483289438
1769099989.2654126,0.7750840678783693,-15.847453164180237,2.530559649973335,0.30078579880790907,0.9536917233757919
1769099989.3153775,0.7677137110335677,-15.84226965822381,2.5267630469983255,0.30259565018975715,0.95311902325273
1769099989.3654168,0.762511628824177,-15.838579008451568,2.522333676860924,0.304705764843882,0.9524465322898209
1769099989.4153953,0.7572859744575531,-15.834834226993229,2.517271539560849,0.30711549380959613,0.9516722510728617
1769099989.4654338,0.7494876967769755,-15.829161412187908,2.508096415704568,0.311478102154577,0.9502533303694246
1769099989.5153813,0.7441727340512522,-15.825238211514266,2.5033506619858765,0.31373205728147685,0.9495115566615986
1769099989.5654306,0.7388764496519779,-15.82128983161061,2.498604908267091,0.31598424592691227,0.9487644366891081
1769099989.615371,0.7309510545238558,-15.815320761251627,2.49354277096711,0.318384619139096,0.9479616206870681
1769099989.6654356,0.7256678908574581,-15.811312815067938,2.4916444694795583,0.31928423406705236,0.9476589987311974
1769099989.7154024,0.7208318377874223,-15.80763682163388,2.4916444694795583,0.31928423406705236,0.9476589987311974
1769099989.765435,0.7132745963790832,-15.80189427733881,2.491960853060942,0.3191343181987161,0.9477094950182997
1769099989.815475,0.7082553819488897,-15.798082815733137,2.4922772366420443,0.31898439434429104,0.9477599675892656
1769099989.8654442,0.7031958525433541,-15.79424073997802,2.4919608530608484,0.31913431819876054,0.9477094950182847
1769099989.9154377,0.6957138334264994,-15.7885665490645,2.4935427709671103,0.31838461913909577,0.9479616206870682
1769099989.9654543,0.690626224916715,-15.784719620966664,2.494808305292082,0.31778471645456835,0.948162894226456
1769099990.015375,0.6854933356115605,-15.780848654439495,2.496073839617054,0.31718468653086185,0.9483637881268553
1769099990.0654266,0.6777875764218386,-15.775050733837666,2.49702299036083,0.31673458073187094,0.9485142093656825
1769099990.1153631,0.672464581489348,-15.7710535452054,2.497972141104606,0.3162844035973542,0.9486644169784518
1769099990.1654208,0.6677662242355602,-15.76753122311693,2.498604908267092,0.3159842459269119,0.9487644366891083
1769099990.2153807,0.6599951719623331,-15.761693795694178,2.4960738396170545,0.3171846865308616,0.9483637881268554
1769099990.265425,0.6551036145145437,-15.758007256714723,2.4954410724545686,0.3174847173825979,0.9482633886365601
1769099990.3154156,0.6498740588746834,-15.754054297270551,2.493226387385915,0.31853457490093406,0.9479112429930775
1769099990.3654232,0.6419521678057372,-15.748038618109291,2.491011702317167,0.3195840418298737,0.9475579350138341
1769099990.4153686,0.6369389892398631,-15.744219221418208,2.4900625515732973,0.3200336934837895,0.9474061615986693
1769099990.465416,0.6315998245984049,-15.740159468709862,2.492910003804625,0.31868452269160336,0.9478608415779317
1769099990.5154116,0.6240949384121475,-15.734473543976605,2.4935427709671107,0.31838461913909555,0.9479616206870682
1769099990.5654209,0.6189853093562456,-15.730613775292033,2.4957574560358586,0.31733470592730123,0.9483136002473197
1769099990.6154423,0.6140509750488339,-15.726899890775318,2.4970229903609242,0.3167345807318263,0.9485142093656975
1769099990.6658416,0.6064436264379586,-15.721181667771807,2.4970229903609242,0.3167345807318263,0.9485142093656975
1769099990.7154002,0.6012433045326588,-15.717274024132387,2.49733937394212,0.3165845296081801,0.9485643023078443
1769099990.7654684,0.5963077954601488,-15.713561700943885,2.4960738396171482,0.3171846865308172,0.9483637881268703
1769099990.8175902,0.5885671215676664,-15.707725995369369,2.4951246888733722,0.3176347208929086,0.9482131532958631
1769099990.8654592,0.583598271087177,-15.703973803983754,2.4944919217107926,0.31793470406377894,0.9481126114296115
1769099990.9153934,0.578268395238748,-15.69994368863194,2.4938591545484003,0.3182346554097513,0.9480119746586732
1769099990.965442,0.5702985424592875,-15.693907475604497,2.4929100038046244,0.3186845226916036,0.9478608415779316
1769099991.0153847,0.5655166307916035,-15.690285747788025,2.493859154548306,0.31823465540979595,0.9480119746586583
1769099991.0654352,0.5602920814210681,-15.686326172932588,2.4922772366420443,0.31898439434429104,0.9477599675892656
1769099991.116456,0.5526963624023478,-15.680550598862698,2.4906953187358765,0.31973393371699027,0.947507367586057
1769099991.16543,0.5475819011425421,-15.676655316329736,2.4906953187358765,0.31973393371699027,0.947507367586057
1769099991.21537,0.5425479825797395,-15.672821376828788,2.4906953187358765,0.31973393371699027,0.947507367586057
1769099991.2654285,0.5350099898892362,-15.667095339866961,2.4932263873858203,0.3185345749009789,0.9479112429930624
1769099991.315372,0.5298832305552312,-15.663216258377158,2.494491921710886,0.31793470406373475,0.9481126114296262
1769099991.365428,0.5248519829308327,-15.65942069617136,2.4960738396170536,0.31718468653086207,0.9483637881268553
1769099991.4153748,0.5171214048882002,-15.653613672016439,2.498604908267091,0.31598424592691227,0.9487644366891081
1769099991.465462,0.5124624460716627,-15.650123188558657,2.498604908267091,0.31598424592691227,0.9487644366891081
1769099991.5204587,0.5071957969747025,-15.646177424649858,2.498604908267091,0.31598424592691227,0.9487644366891081
1769099991.5654447,0.4997872519879918,-15.640615969651407,2.4967066067796333,0.31688462392934785,0.9484640926873066
1769099991.6164439,0.4946531386577666,-15.636746627602616,2.4948083052920818,0.31778471645456857,0.9481628942264559
1769099991.6654313,0.48665641269180604,-15.630703984305224,2.494175538129596,0.3180846837167432,0.9480623049066024
1769099991.716473,0.4815333385252645,-15.626820039273575,2.491644469479652,0.31928423406700795,0.9476589987312124
1769099991.7654474,0.47623319321754565,-15.622792601541299,2.491960853060848,0.31913431819876076,0.9477094950182847
1769099991.8215048,0.4685935053900643,-15.616991220221824,2.492277236642138,0.3189843943442467,0.9477599675892806
1769099991.8654344,0.4635095509101639,-15.613139465271436,2.494175538129596,0.3180846837167432,0.9480623049066024
1769099991.9176097,0.45850269775690217,-15.609353599271728,2.494175538129596,0.3180846837167432,0.9480623049066024
1769099991.965445,0.4509484295183084,-15.60364904842626,2.4954410724545677,0.31748471738259837,0.94826338863656
1769099992.0154366,0.4457934881194898,-15.599765287730722,2.4963902231983437,0.3170346591969444,0.9484139522739411
1769099992.0654292,0.44086032882420145,-15.596049842071594,2.4957574560358577,0.3173347059273017,0.9483136002473196
1769099992.115436,0.43562452542481545,-15.592105159508037,2.496073839617148,0.3171846865308174,0.9483637881268702
1769099992.1654358,0.4279610412801311,-15.586335249103218,2.4963902231983437,0.3170346591969444,0.9484139522739411
1769099992.215434,0.42278403444820395,-15.582438714268287,2.4963902231983437,0.3170346591969444,0.9484139522739411
1769099992.2654238,0.4176082607613498,-15.578540541773469,2.4957574560358577,0.3173347059273017,0.9483136002473196
1769099992.3154519,0.40982716533564556,-15.572674362344861,2.495441072454662,0.31748471738255374,0.948263388636575
1769099992.3654346,0.40455596645388514,-15.568692545240062,2.493859154548306,0.31823465540979595,0.9480119746586583
1769099992.415463,0.39943289168906215,-15.564808599754839,2.491960853060942,0.3191343181987161,0.9477094950182997
1769099992.4654515,0.39170265954876204,-15.558917225124176,2.488797017248325,0.3206331168825527,0.9472034651320588
1769099992.5154524,0.3866150932267889,-15.555028419558763,2.489113400829615,0.32048327305905866,0.9472541748070329
1769099992.5654354,0.38150680038097895,-15.55112505124523,2.489113400829615,0.32048327305905866,0.9472541748070329
1769099992.6154282,0.37371711349071735,-15.545186416648509,2.491328085898363,0.31943414194532554,0.9476084787292975
1769099992.6654525,0.3687761586241769,-15.541439310316653,2.4941755381295967,0.31808468371674276,0.9480623049066025
1769099992.7154386,0.36362367663301565,-15.537552289169676,2.4963902231983446,0.31703465919694396,0.9484139522739412
1769099992.765445,0.3562362514382582,-15.53200486100476,2.498604908267186,0.3159842459268672,0.9487644366891231
1769099992.8154612,0.3513955593906761,-15.528377027623671,2.498288524685896,0.316134328717685,0.9487144387044073
1769099992.86543,0.3463142320635386,-15.524563827679442,2.49733937394212,0.3165845296081801,0.9485643023078443
1769099992.9154382,0.3385891683414113,-15.518749467978445,2.4954410724545686,0.3174847173825979,0.9482633886365601
1769099992.965454,0.333336283323046,-15.51478539897383,2.4948083052921763,0.3177847164545237,0.9481628942264709
1769099993.0154486,0.3281666826985825,-15.51087904371087,2.4941755381296904,0.31808468371669835,0.9480623049066174
1769099993.0654426,0.32023338474902374,-15.50487841231576,2.4938591545483066,0.31823465540979573,0.9480119746586583
1769099993.1154375,0.3150479362317551,-15.500951053459929,2.492910003804625,0.31868452269160336,0.9478608415779317
1769099993.1654477,0.30988204591389534,-15.497039793422772,2.4941755381295967,0.31808468371674276,0.9480623049066025
1769099993.2154548,0.3022331905954809,-15.491250504909262,2.4932263873858207,0.3185345749009787,0.9479112429930625
1769099993.2654517,0.29717001676046273,-15.487413233140161,2.492910003804625,0.31868452269160336,0.9478608415779317
1769099993.3154595,0.2920860616020331,-15.483561477675702,2.4935427709671107,0.31838461913909555,0.9479616206870682
1769099993.3654613,0.2846390227981601,-15.477924940649938,2.4938591545483066,0.31823465540979573,0.9480119746586583
1769099993.4154565,0.2794681872159037,-15.474020221680359,2.495757456035858,0.31733470592730145,0.9483136002473196
1769099993.46544,0.2744333389616731,-15.470229436342995,2.496706606779634,0.31688462392934746,0.9484640926873068
1769099993.5154476,0.26670459661891677,-15.464419965196978,2.49733937394212,0.3165845296081801,0.9485643023078443
1769099993.5654705,0.2614625596093614,-15.460483570176834,2.497655757523316,0.31643447056211926,0.9486143715125084
1769099993.6154475,0.25640207730124187,-15.456684761547399,2.497655757523316,0.31643447056211926,0.9486143715125084
1769099993.6654446,0.24857496887889985,-15.450795536091823,2.495441072454568,0.31748471738259815,0.9482633886365601
1769099993.7154672,0.2437284689402961,-15.447133328521568,2.4935427709671103,0.31838461913909577,0.9479616206870682
1769099993.765445,0.2383438352362539,-15.44304974638165,2.4919608530608484,0.31913431819876054,0.9477094950182847
1769099993.8154693,0.2308936377519908,-15.437375517434873,2.4894297844109046,0.32033342121558545,0.9473048607773098
1769099993.8655536,0.2257243860510325,-15.433426864046222,2.4891134008296145,0.3204832730590588,0.9472541748070329
1769099993.9154596,0.22055513435008756,-15.429478210657578,2.4894297844109046,0.32033342121558545,0.9473048607773098
1769099993.965454,0.21288252084585535,-15.423636502503438,2.4922772366421384,0.31898439434424647,0.9477599675892806
1769099994.015458,0.20804298096354934,-15.419965100929137,2.4929100038045306,0.318684522691648,0.9478608415779167
1769099994.065445,0.20095413013331576,-15.41461024558743,2.496390223198344,0.3170346591969442,0.9484139522739411
1769099994.1154685,0.19587884116150356,-15.410789012047555,2.496073839617054,0.31718468653086185,0.9483637881268553
1769099994.165451,0.19086481031871003,-15.407012657380196,2.496073839617148,0.3171846865308174,0.9483637881268702
1769099994.215454,0.1832242784374536,-15.401254344428818,2.495441072454662,0.31748471738255374,0.948263388636575
1769099994.265453,0.1779088807830096,-15.39724705822174,2.4957574560358577,0.3173347059273017,0.9483136002473196
1769099994.3154588,0.17277599122096365,-15.393376091500839,2.495124688873372,0.31763472089290884,0.9482131532958631
1769099994.3654554,0.164937070370471,-15.38746048073372,2.495124688873372,0.31763472089290884,0.9482131532958631
1769099994.4154615,0.1597441757162592,-15.383542972362115,2.495441072454662,0.31748471738255374,0.948263388636575
1769099994.4654384,0.15483299081120627,-15.379840422748737,2.4957574560358577,0.3173347059273017,0.9483136002473196
1769099994.515442,0.1470785918150206,-15.373980891320622,2.4932263873858203,0.3185345749009789,0.9479112429930624
1769099994.5654454,0.14203619471997264,-15.370158109821027,2.4925936202233343,0.31883446250730657,0.9478104164429071
1769099994.6154573,0.1368141513614365,-15.36619522943855,2.4922772366420443,0.31898439434429104,0.9477599675892656
1769099994.6654599,0.12929540845998133,-15.360485690567398,2.4919608530608484,0.31913431819876054,0.9477094950182847
1769099994.7154534,0.12435326765822374,-15.356740147160147,2.4941755381295962,0.318084683716743,0.9480623049066024
1769099994.7654505,0.1193452170532785,-15.352955865499156,2.494808305292176,0.31778471645452394,0.9481628942264709
1769099994.815463,0.11168538621913271,-15.347181107626707,2.4963902231983437,0.3170346591969444,0.9484139522739411
1769099994.8654487,0.10664694254285623,-15.34339510307877,2.4979721411046056,0.3162844035973544,0.9486644169784518
1769099994.9154537,0.101564408866615,-15.339583510846722,2.4982885246858015,0.31613432871772984,0.9487144387043924
1769099994.9654768,0.09389362960887615,-15.333823304038614,2.4967066067796337,0.3168846239293477,0.9484640926873067
1769099995.0154586,0.08879994236786404,-15.329984429250048,2.494808305292176,0.31778471645452394,0.9481628942264709
1769099995.065454,0.08375029748637632,-15.326171226558778,2.494808305292176,0.31778471645452394,0.9481628942264709
1769099995.115454,0.07596297246487937,-15.320271317773125,2.4916444694796525,0.31928423406700773,0.9476589987312125
1769099995.1654634,0.0709473781139831,-15.316455094021238,2.4906953187357828,0.3197339337170346,0.947507367586042
1769099995.2154613,0.06567310303147345,-15.31243545659609,2.4900625515733905,0.32003369348374533,0.9474061615986842
1769099995.265449,0.05798127598080516,-15.306577197429577,2.4913280858983624,0.31943414194532577,0.9476084787292975
1769099995.3154695,0.05282281945882694,-15.302656137831999,2.4919608530608484,0.31913431819876054,0.9477094950182847
1769099995.365449,0.04568449848968914,-15.297240820780935,2.4932263873858203,0.3185345749009789,0.9479112429930624
1769099995.4154768,0.04060054324644406,-15.293389065252216,2.493226387385914,0.3185345749009345,0.9479112429930774
1769099995.465459,0.03565484909101979,-15.28964821399359,2.4948083052920818,0.31778471645456857,0.9481628942264559
1769099995.5154681,0.028079477069113068,-15.28392960827064,2.495124688873372,0.31763472089290884,0.9482131532958631
1769099995.5654454,0.022825338147329788,-15.279967201390974,2.4957574560358577,0.3173347059273017,0.9483136002473196
1769099995.615457,0.017772076236795144,-15.27615879329081,2.4957574560358577,0.3173347059273017,0.9483136002473196
1769099995.6654534,0.009946830154911268,-15.270267090778516,2.4967066067796337,0.3168846239293477,0.9484640926873067
1769099995.7154796,0.0050910758034516945,-15.266617161262701,2.4973393739421197,0.31658452960818034,0.9485643023078442
1769099995.7654598,-6.877667067684001e-05,-15.262739927301403,2.4970229903608296,0.31673458073187116,0.9485142093656825
1769099995.815433,-0.007894022230370279,-15.256848225182273,2.4954410724545677,0.31748471738259837,0.94826338863656
1769099995.865454,-0.013042812532158665,-15.252956315304809,2.49322638738582,0.31853457490097914,0.9479112429930624
1769099995.915444,-0.018244068262080138,-15.249007913349685,2.491328085898362,0.31943414194532593,0.9476084787292974
1769099995.965477,-0.025870886587020525,-15.243189628710207,2.488480633667128,0.3207829526822734,0.9471527317536714
1769099996.0154405,-0.030836597737796012,-15.239391476523158,2.488797017248418,0.3206331168825085,0.9472034651320738
1769099996.065469,-0.035897305142254865,-15.235509231270832,2.485633181435801,0.3221311131935961,0.9466950649035066
1769099996.1154516,-0.043191219697487515,-15.229880750979154,2.4831021127858572,0.3233289300148343,0.946286638928957
1769099996.16548,-0.04825283597303942,-15.225958229815923,2.4815201948795953,0.3240773026861992,0.9460306030375749
1769099996.21546,-0.05294509850979967,-15.22230289462893,2.4780399754858755,0.3257230082313391,0.945465240983891
1769099996.2654781,-0.06042393880352903,-15.216417618690663,2.4717123038608286,0.3287126698108386,0.9444299766027286
1769099996.3154695,-0.06543424461139236,-15.212429774799832,2.466966550142137,0.33095275832933085,0.9436473238208264
1769099996.3654788,-0.07270480415364011,-15.2065673993005,2.459056960610922,0.3346820919843549,0.9423310974943869
1769099996.4154518,-0.07756308408120827,-15.20259268616061,2.452729288985781,0.3376617928254914,0.9412675037766229
1769099996.465465,-0.08259363524549479,-15.19842898397446,2.447667151685893,0.34004312136953585,0.9404098444876378
1769099996.515455,-0.09019675999452781,-15.192054509865297,2.4400739457358744,0.34361102488469314,0.9391120612459893
1769099996.5654619,-0.09521549838524646,-15.187797884619783,2.436277342760865,0.345393122527488,0.9384580922506405
1769099996.6154466,-0.09989031797939563,-15.183801058433785,2.4321643562045656,0.34732232356376647,0.9377458096703318
1769099996.6654544,-0.10718615406713061,-15.177495105003413,2.425520300998416,0.35043561879851703,0.9365868230320671
1769099996.715458,-0.11189525174956416,-15.173383097323063,2.4220400816046026,0.3520648512325913,0.9359756089378469
1769099996.765469,-0.11664504657182584,-15.169202330422348,2.4176107114671073,0.3541368773351275,0.935193601406321
1769099996.8154674,-0.12375881517207166,-15.162880627320995,2.412548574167126,0.356502779659549,0.9342942620475708
1769099996.865462,-0.1283777931152914,-15.158743130056285,2.409701121935892,0.3578325970359168,0.9337857529961202
1769099996.9154525,-0.1332287416436284,-15.154371492516725,2.4065372861233687,0.35930932109154873,0.9332185230570225
1769099996.9654868,-0.14025435092968985,-15.147989536820159,2.4017915324045833,0.36152272009850744,0.932363299820717
1769099997.015471,-0.14505259792410197,-15.143597518573875,2.3989440801733495,0.36284978322675443,0.9318476457084052
1769099997.0654702,-0.14977900720045023,-15.139239545677173,2.394514710035854,0.36491264074911756,0.9310417630920245
1769099997.1154609,-0.1569370359947534,-15.13255309054239,2.3859723533420594,0.36888594553762766,0.9294746683932867
1769099997.1654754,-0.16167436410159597,-15.128058593660835,2.3790119145546202,0.372118480817078,0.9281852381041136
1769099997.2154279,-0.1661276448897,-15.123779716998389,2.373317010092153,0.374759931808436,0.9271218870843987
1769099997.2654655,-0.17307197871067026,-15.117015898788715,2.365407420560844,0.37842356834271357,0.9256325420612478
1769099997.3154316,-0.17770150247292582,-15.112446387347127,2.3600288996796666,0.3809114639183259,0.9246115166141929
1769099997.365483,-0.18224186452713376,-15.107930721747879,2.3578142146109187,0.38193509183097946,0.9241891503518429
1769099997.415435,-0.1889314873530732,-15.101233134057527,2.3533848444733296,0.3839809414068583,0.9233410186037999
1769099997.4654717,-0.19324771243939187,-15.09688708974566,2.3521193101483577,0.384565124372334,0.9230978632390454
1769099997.5154483,-0.19767958028882648,-15.092406211045326,2.34927185791703,0.3858789727076195,0.9225494124555672
1769099997.5654826,-0.20430960755185845,-15.085649626992256,2.344209720617049,0.38821277008118016,0.9215697722613827
1769099997.6154354,-0.20864656732046982,-15.08118206705724,2.3385148161545817,0.3908353186289414,0.9204606204027491
1769099997.6654756,-0.21318959769875745,-15.076456078004869,2.334401829598376,0.3927274119201562,0.9196549243746243
1769099997.7154598,-0.21953328522807625,-15.06977489733492,2.326175856485871,0.39650660778283064,0.918031867630178
1769099997.7654884,-0.2237723938524392,-15.065249001599577,2.3207973356046,0.39897399780072257,0.9169622397235935
1769099997.8154802,-0.23038417367389652,-15.058090698863378,2.312254978910805,0.40288685592713935,0.9152497917624153
1769099997.865509,-0.23457764151409732,-15.053488182022452,2.307192841610824,0.4052021230004893,0.914227126875973
1769099997.915457,-0.2390028090414903,-15.048583263607636,2.302447087892132,0.40737032860449585,0.9132630592401431
1769099997.9654815,-0.24554306227478917,-15.041257421823946,2.296752183429571,0.4099691465511977,0.9120993908977697
1769099998.0154371,-0.2495845218900592,-15.036688499950529,2.2932719640358514,0.4115556780554289,0.9113846190606555
1769099998.0654733,-0.25563913171469466,-15.029777875355682,2.287260675992094,0.4142931126887262,0.9101435143858833
1769099998.1154618,-0.2597380714375572,-15.025057397166409,2.2844132237608603,0.4155884874561738,0.9095527522325957
1769099998.1654716,-0.2638235532253632,-15.020325266594627,2.2815657715296265,0.41688301982754034,0.9089601464197815
1769099998.2154617,-0.26998127745772393,-15.013135612788421,2.2765036342295515,0.41918232256193605,0.9079020764661688
1769099998.2654836,-0.2738824338184003,-15.008545530696928,2.2739725655796077,0.420330967820355,0.9073708599526457
1769099998.3154573,-0.2781111907862479,-15.003536367887829,2.269859579023402,0.4221960797552106,0.9065045340423465
1769099998.3654847,-0.2841299127259742,-14.99632861284072,2.2632155238171587,0.42520517765286137,0.9050969875638735
1769099998.415438,-0.2883351661625826,-14.991233892452389,2.2584697700983734,0.42735166226692556,0.904085480890881
1769099998.4654872,-0.29243371479920777,-14.986215310076695,2.252774865635906,0.4299242665288365,0.902864953938097
1769099998.5154727,-0.2983632423844681,-14.978836365834413,2.2426505910358494,0.4344891649261598,0.9006770595289791
1769099998.5654871,-0.3024495840013417,-14.9736780322173,2.2388539880608396,0.4361981376499977,0.8998506457799947
1769099998.6154702,-0.3080568777960304,-14.966527986595565,2.2328427000170827,0.4389007940090272,0.898535526853694
1769099998.6654916,-0.3119666653783386,-14.961488530661068,2.2284133298795874,0.44088968923090244,0.8975612970320624
1769099998.7154536,-0.31565734510612087,-14.956695584461922,2.2255658776483536,0.4421671234173896,0.8969326814030086
1769099998.7655056,-0.32151175930774634,-14.949032668907401,2.220820123929662,0.4442941874039561,0.8958809491439464
1769099998.8155131,-0.32539609169942474,-14.943909888432335,2.2182890552795307,0.44542759940797716,0.895317962338323
1769099998.8654828,-0.3292835024300309,-14.938757700365334,2.216074370210877,0.44641874977350504,0.8948241725895991
1769099998.9154847,-0.33490156214140576,-14.931265059759466,2.2122777672358676,0.4481165904656201,0.8939751234511326
1769099998.965512,-0.3387546547432556,-14.926087158983204,2.2087975478421478,0.44967152601736754,0.893193998350421
1769099999.0154903,-0.3425486435329912,-14.920959951320656,2.20689924635469,0.4505190990862733,0.8927667900176914
1769099999.0654912,-0.3482526002114983,-14.913215797156194,2.2043681777045587,0.4516485650312409,0.892195927868549
1769099999.1154811,-0.35212943472700653,-14.907929559997276,2.202786259798297,0.4523541140354619,0.8918384133435789
1769099999.165488,-0.3560277743361344,-14.902596328950429,2.201204341892129,0.4530593800396546,0.8914803408702201
1769099999.2154818,-0.36164407495629547,-14.894882098440268,2.1989896568232874,0.4540462761655796,0.8909781024807345
1769099999.2655373,-0.3652453162907561,-14.889927407252806,2.199622423985867,0.45376436260267733,0.8911217106724457
1769099999.3155413,-0.3690565520432025,-14.884687286500673,2.199622423985867,0.45376436260267733,0.8911217106724457
1769099999.3654957,-0.37467529360053486,-14.876974832509873,2.201204341892129,0.4530593800396546,0.8914803408702201
1769099999.415514,-0.37816808742035946,-14.872191656468296,2.201837109054615,0.45277730762620993,0.8916236367990479
1769099999.465491,-0.38195020819067027,-14.867024288272056,2.203419026960877,0.4520719283690237,0.8919814861199263
1769099999.51551,-0.3872431916157817,-14.859826188366586,2.2062664791921107,0.4508015332876846,0.8926242084917216
1769099999.565485,-0.3910290654085658,-14.854692984572331,2.2062664791921107,0.4508015332876846,0.8926242084917216
1769099999.6154954,-0.39660629856862517,-14.84713841412557,2.2072156299358867,0.4503778650727229,0.8928380472697924
1769099999.6654766,-0.40050150722403544,-14.84186570065952,2.2068992463545967,0.45051909908631493,0.8927667900176703
1769099999.7154982,-0.40416876680643643,-14.836896615810787,2.2062664791921107,0.4508015332876846,0.8926242084917216
1769099999.7654808,-0.4097874842608078,-14.829278289544707,2.2062664791921107,0.4508015332876846,0.8926242084917216
1769099999.8155122,-0.41341844394089877,-14.82434533650428,2.204368177704559,0.45164856503124073,0.8921959278685491
1769099999.8654943,-0.4191351669333483,-14.816547742870924,2.2024698762171013,0.45249518989040416,0.8917668434776251
1769099999.9154928,-0.42294388979413444,-14.811337114488929,2.2015207254734195,0.452918349499971,0.8915519999900298
1769099999.965515,-0.42649485012638433,-14.806471051045271,2.20088795831084,0.45320039924168865,0.8914086594414338
1769100000.0155122,-0.4322241306624601,-14.798619923472302,2.201520725473326,0.45291834950001275,0.8915519999900086
1769100000.065481,-0.43585361950626744,-14.793654501131812,2.2024698762171018,0.45249518989040394,0.8917668434776252
1769100000.1155035,-0.4396090852304315,-14.788530357005401,2.2040517941233637,0.45178969745087366,0.8921244696101818
1769100000.16696,-0.4453056901114909,-14.780780790863894,2.2053173284483356,0.4512250999723223,0.8924101686752386
1769100000.2155046,-0.4491057715161477,-14.775626616544498,2.2068992463545976,0.45051909908631455,0.8927667900176706
1769100000.2719333,-0.4526543135524908,-14.770821574890228,2.2068992463545976,0.45051909908631455,0.8927667900176706
1769100000.315493,-0.4583193154731591,-14.763143035404141,2.2059500956109157,0.450942733468394,0.8925528842214634
1769100000.3654573,-0.46209868942292953,-14.75800504534,2.204051794123364,0.45178969745087344,0.8921244696101819
1769100000.4155104,-0.4659705038526516,-14.75271513209795,2.2012043418921303,0.453059380039654,0.8914803408702204
1769100000.4659543,-0.47164519622414924,-14.74488691576938,2.1948766702670834,0.45587760523487664,0.890042475978149
1769100000.5155034,-0.4755811866069404,-14.739393480893519,2.1901309165483918,0.4579882810290557,0.888958229862377
1769100000.5709398,-0.4810286586752651,-14.731682784702611,2.181588559854597,0.4617809911016827,0.8869939775765942
1769100000.6154988,-0.48477386853775084,-14.726302500545556,2.1762100389734194,0.46416467621426044,0.8857489222996044
1769100000.6654584,-0.4884343760601876,-14.720986710144567,2.171464285254634,0.46626514061352314,0.8846450240908222
1769100000.7155106,-0.49197064502789833,-14.715800565407372,2.1670349151171386,0.468223205662774,0.8836102249741543
1769100000.76546,-0.49712720846141867,-14.708165728144659,2.1626055449796433,0.4701789741577594,0.882571091901359
1769100000.8155215,-0.500565975655495,-14.703035868675405,2.160074476329606,0.4712955213567946,0.8819753576767477
1769100000.868186,-0.5056717004754052,-14.69536693802287,2.15627787335469,0.47296892631674214,0.8810791081048217
1769100000.9155014,-0.5091879349309079,-14.690045407896422,2.153114037542073,0.4743621287596131,0.8803298079689499
1769100000.9654684,-0.5127558868471318,-14.68460640950515,2.149633818148353,0.4758932802420606,0.8795030334344797
1769100001.015523,-0.5180720301056057,-14.676409478995526,2.1426733793608204,0.4789512555876405,0.8778414975216327
1769100001.0654595,-0.5213788972747015,-14.671253656714443,2.1395095435483906,0.4803393289131292,0.8770827378869593
1769100001.1155121,-0.5247315783595962,-14.66597694534113,2.1341310226671193,0.4826962930450223,0.8757878103060089
1769100001.1654613,-0.5298099131801711,-14.657868556217856,2.1265378167171005,0.4860178248283392,0.8739488966462111
1769100001.2155094,-0.5332126515170063,-14.652354425116826,2.1208429122545396,0.4885043788902037,0.8725614429970513
1769100001.2681432,-0.5380844029064442,-14.644326817079913,2.1116677883983526,0.49250215405001646,0.8703112249397303
1769100001.3155217,-0.5412646287260237,-14.639003288325249,2.106922034679661,0.49456590695110814,0.8691401289099634
1769100001.3760164,-0.5445500857351404,-14.633447864434196,2.1028090481233614,0.4963522407241821,0.8681212202959236
1769100001.4155362,-0.5494927375217036,-14.625020436120268,2.0996452123109317,0.4977249156028201,0.8673349459050785
1769100001.4669945,-0.552651180773764,-14.619595902663576,2.0964813764984083,0.49909634494294486,0.8665465010399575
1769100001.5155401,-0.5558819948296019,-14.614008521033215,2.0936339242671744,0.5003295635770044,0.8658350465364891
1769100001.5680933,-0.5605063672781523,-14.605952404036152,2.090153704873361,0.5018354532828495,0.864963107784602
1769100001.6155221,-0.5634979390022063,-14.600694655289875,2.086040718317155,0.5036131816740221,0.8639292582406087
1769100001.673016,-0.5665026059435914,-14.595357071415282,2.08097858101708,0.50579823045082,0.8626518127685232
1769100001.715506,-0.5711894183727195,-14.586900317993962,2.0727526079045755,0.5093420175539619,0.8605641807291653
1769100001.7655504,-0.5743634890124927,-14.581077894025716,2.0670577034421083,0.5117903647720562,0.859110366906654
1769100001.8155336,-0.5772774351280823,-14.57566148950163,2.061679182560837,0.5140988828471139,0.857730924390248
1769100001.8655672,-0.5818055847325032,-14.567118720626418,2.054718743773398,0.5170808552579698,0.8559365567176616
1769100001.9155142,-0.5848399276833434,-14.561307798377634,2.0493402228920328,0.5193808190104441,0.8545428981882889
1769100001.96554,-0.5891054920697321,-14.553027610072336,2.0436453184295655,0.5218119802401071,0.8530605238070146
1769100002.0155218,-0.5919995367225355,-14.5473436784886,2.03984871545465,0.5234304051416475,0.8520684309216312
1769100002.065531,-0.5947141027339862,-14.541966040063636,2.0366848796421264,0.5247776519548986,0.8512393412012296
1769100002.1155248,-0.5989170950707294,-14.533540624980992,2.0303572080171732,0.5274682025020737,0.8495747732537916
1769100002.1655347,-0.601568455501418,-14.528159747188015,2.0268769886233597,0.5289457564753431,0.8486556349348816
1769100002.2155294,-0.6055608891434052,-14.519969139480342,2.0218148513233785,0.5310920655601546,0.8473141199691224
1769100002.2655199,-0.608396106478011,-14.51408658532282,2.018018248348369,0.5326995653407194,0.846304421048247
1769100002.3155084,-0.6110144582393693,-14.508605295301608,2.0148544125358456,0.5340376823694742,0.8454606754955789
1769100002.3655126,-0.6151799218028722,-14.499795854741333,2.010108658817154,0.5360423510984169,0.8441910908253424
1769100002.415521,-0.6179675272580119,-14.49383465944662,2.0063120558421446,0.5376439135123786,0.8431720004027019
1769100002.4655335,-0.6206802349486367,-14.487978193273868,2.002831836448331,0.5391103105582157,0.8422351649330633
1769100002.5155175,-0.6247338791334474,-14.479116749216475,1.9968205484045736,0.5416393307038226,0.8406109893611402
1769100002.5655434,-0.6274117179880749,-14.47318866660526,1.9933403290108542,0.5431012652626983,0.8396672053081841
1769100002.6155376,-0.6300632484235571,-14.467276496343864,1.9914420275233964,0.5438979912589851,0.8391513421930761
1769100002.6655223,-0.6339824475704399,-14.458493162969424,1.9895437260358448,0.5446942272646451,0.8386347230973513
1769100002.715503,-0.6366002654000473,-14.452621369011483,1.9908092603609102,0.5441634577396982,0.838979219802717
1769100002.76552,-0.6392066825765372,-14.446799925989891,1.9927075618483683,0.5433668949939041,0.8394953349630262
1769100002.815517,-0.6430850283790277,-14.43819244649256,1.995555014079602,0.5421711332641777,0.8402680895137202
1769100002.8655236,-0.6457531893856996,-14.432315550220803,1.9984024663108353,0.5409742725558901,0.8410391408446015
1769100002.9155214,-0.6483676457619971,-14.426581060625004,1.9987188498920319,0.5408412202999479,0.8411247080097358
1769100002.9655383,-0.6523324474891385,-14.417873808844083,1.9974533155671534,0.5413733480843128,0.8407823130775179
1769100003.0155041,-0.6550215360563323,-14.411950817489574,1.9965041648233777,0.5417723016837062,0.8405252959479205
1769100003.0655277,-0.6576518748557074,-14.406140143351477,1.995238630498312,0.5423040499935058,0.8401823119779666
1769100003.1154783,-0.6616965845568439,-14.397163441015437,1.9930239454295644,0.5432340869254403,0.8395812806407031
1769100003.1655805,-0.6643594117097882,-14.39122859683372,1.9920747946858823,0.543632470334861,0.8393233805855861
1769100003.2155674,-0.667095731529896,-14.38513253616462,1.9933403290108542,0.5431012652626983,0.8396672053081841
1769100003.2655656,-0.6697284028719688,-14.379267386884504,1.9920747946858823,0.543632470334861,0.8393233805855861
1769100003.3155458,-0.6737118365829069,-14.370374144338452,1.9917584111045923,0.543765237600708,0.8392373718901259
1769100003.3655376,-0.6763483510195378,-14.364482980415183,1.9914420275233025,0.5438979912590244,0.8391513421930505
1769100003.4155164,-0.6789115841774014,-14.358753129139224,1.9914420275233964,0.5438979912589851,0.8391513421930761
1769100003.4655306,-0.6828005246105615,-14.35006716537632,1.9920747946858823,0.543632470334861,0.8393233805855861
1769100003.5155144,-0.6853502771702082,-14.344386745207384,1.9933403290108542,0.5431012652626983,0.8396672053081841
1769100003.5655222,-0.687946967325928,-14.338616422244751,1.9939730961734339,0.5428355811677934,0.8398389916038812
1769100003.6155198,-0.6918633686899085,-14.329942807060542,1.9958713976607978,0.5420382029672501,0.8403538460220398
1769100003.6655343,-0.694375454185701,-14.324412007499385,1.9984024663109294,0.5409742725558506,0.8410391408446269
1769100003.7155201,-0.6983037511096057,-14.315799379490677,1.9990352334734152,0.5407081545095684,0.8412102541260755
1769100003.7655392,-0.7009638931404822,-14.309974451664369,1.9993516170546113,0.5405750751882397,0.8412957791913787
1769100003.8155167,-0.7036910048936136,-14.303985337881787,1.996820548404574,0.5416393307038225,0.8406109893611403
1769100003.8655128,-0.7076546156121286,-14.29522195750745,1.9942894797546302,0.5427027187423183,0.8399248532277731
1769100003.9155147,-0.7103230744484765,-14.289289643818904,1.9927075618483687,0.543366894993904,0.8394953349630263
1769100003.9655633,-0.7128579865562448,-14.283630308219724,1.9911256439421068,0.5440307313064485,0.8390652914965383
1769100004.0155692,-0.7168123281430354,-14.274779507083776,1.990809260360817,0.5441634577397374,0.8389792198026915
1769100004.0655775,-0.7194582460649048,-14.268864822290396,1.9920747946858823,0.5436324703348608,0.8393233805855861
1769100004.1155167,-0.7219250798421264,-14.263369131232642,1.9933403290108545,0.5431012652626982,0.8396672053081842
1769100004.1655447,-0.7258803710075066,-14.254601992742217,1.9958713976607982,0.54203820296725,0.8403538460220399
1769100004.2154896,-0.7283437043332077,-14.249160249932292,1.9958713976608922,0.5420382029672106,0.8403538460220653
1769100004.265545,-0.7309681821283074,-14.243374708286376,1.9974533155671537,0.5413733480843127,0.840782313077518
1769100004.315493,-0.7349219613574185,-14.234662445886784,1.996187781242088,0.5419052591059708,0.8404395815008303
1769100004.3655589,-0.7374061703478283,-14.229174586703916,1.995555014079602,0.5421711332641777,0.8402680895137202
1769100004.4154892,-0.7414323654681896,-14.22027283478963,1.995555014079602,0.5421711332641777,0.8402680895137202
1769100004.4655685,-0.744100720110179,-14.214368237804106,1.9949222469171162,0.5424369531518295,0.8400965134169763
1769100004.5154922,-0.7468202387516598,-14.208347886302533,1.9952386304983125,0.5423040499935058,0.8401823119779667
1769100004.5655477,-0.7508408002629903,-14.199443588675013,1.99460586333592,0.5425698427358624,0.8400106938328711
1769100004.6155276,-0.7535432564153499,-14.193443307806666,1.9933403290108545,0.5431012652626982,0.8396672053081842
1769100004.665543,-0.7562268057795123,-14.187462278466239,1.9917584111045927,0.5437652376007079,0.839237371890126
1769100004.7155328,-0.7601398483679676,-14.17870391477237,1.990176493198425,0.5444288697504275,0.8388070134317381
1769100004.7655623,-0.7627482851713587,-14.172855650307689,1.9904928767796208,0.5442961705554911,0.8388931271137151
1769100004.8154924,-0.7652930551867234,-14.167145274643204,1.9895437260358453,0.544694227264645,0.8386347230973514
1769100004.8655288,-0.7679108730163282,-14.16127348068527,1.990809260360817,0.5441634577397374,0.8389792198026915
1769100004.915541,-0.7717548746204699,-14.15270606370906,1.9942894797546304,0.5427027187423182,0.8399248532277731
1769100004.965539,-0.7742147637277448,-14.147262764089522,1.996187781242088,0.5419052591059706,0.8404395815008303
1769100005.015523,-0.7782131669421561,-14.13845957375996,1.99808608272964,0.5411073112741444,0.8409535526327636
1769100005.0655432,-0.780720883509872,-14.132954591275286,1.9984024663108357,0.5409742725558899,0.8410391408446016
1769100005.1155264,-0.783447995945453,-14.126965475993952,1.9977696991483502,0.5412403364514212,0.8408679433763381
1769100005.1655402,-0.7874554700797187,-14.11813860619864,1.996187781242088,0.5419052591059706,0.8404395815008303
1769100005.215496,-0.7900821313298589,-14.11232626931676,1.9942894797545367,0.5427027187423575,0.8399248532277477
1769100005.2655635,-0.7927619154364418,-14.106371296317363,1.9930239454296583,0.5432340869254008,0.8395812806407287
1769100005.3155277,-0.7967806415879446,-14.097410662517477,1.991758411104593,0.5437652376007078,0.839237371890126
1769100005.3655574,-0.7994397129222612,-14.091474134376352,1.9920747946858828,0.5436324703348607,0.8393233805855862
1769100005.415522,-0.802072384264334,-14.085608985096234,1.9933403290108545,0.5431012652626982,0.8396672053081842
1769100005.4655612,-0.8060283489274305,-14.076814386879981,1.9936567125921445,0.5429684300090412,0.8397531089632935
1769100005.515497,-0.8086363423127736,-14.07102139504367,1.9939730961733406,0.5428355811678325,0.8398389916038559
1769100005.5655499,-0.8112140698916627,-14.065298049833455,1.9939730961733406,0.5428355811678325,0.8398389916038559
1769100005.6155002,-0.8151430256368942,-14.056574563988875,1.9939730961733406,0.5428355811678325,0.8398389916038559
1769100005.6655483,-0.8177130639737067,-14.050875516032598,1.9949222469171166,0.5424369531518294,0.8400965134169764
1769100005.7155056,-0.8203682038590827,-14.044992723079035,1.9946058633358266,0.5425698427359017,0.8400106938328458
1769100005.7655644,-0.8243436352740785,-14.036206909398382,1.9968205484046684,0.541639330703783,0.8406109893611659
1769100005.815502,-0.8270478891434538,-14.030263009148777,1.998718849892126,0.5408412202999081,0.8411247080097614
1769100005.8655791,-0.8297234862289384,-14.024389492467812,1.9977696991483502,0.5412403364514211,0.8408679433763381
1769100005.9155061,-0.8324449127275377,-14.0183977917437,1.9965041648233783,0.5417723016837058,0.8405252959479207
1769100005.965577,-0.8364953005647036,-14.009423653258983,1.9930239454295648,0.5432340869254402,0.8395812806407033
1769100006.0155072,-0.8390112952909115,-14.00381131205627,1.9914420275233968,0.5438979912589849,0.8391513421930762
1769100006.0655587,-0.8430158414329076,-13.994844332176006,1.9901764931983312,0.5444288697504667,0.8388070134317126
1769100006.1155047,-0.8455569974312742,-13.989132347789102,1.9885945752921632,0.5450921612967566,0.8383761302022086
1769100006.1655781,-0.8481916825178275,-13.98321265139953,1.990492876779621,0.544296170555491,0.8388931271137152
1769100006.2155018,-0.8520723769115168,-13.974523000358996,1.9911256439421072,0.5440307313064484,0.8390652914965384
1769100006.2655547,-0.8546315913444622,-13.968819085679314,1.9939730961733406,0.5428355811678325,0.8398389916038559
1769100006.315503,-0.8572677525649657,-13.962983267192843,1.996187781242088,0.5419052591059706,0.8404395815008303
1769100006.3655503,-0.861030631433767,-13.954684683087635,1.9968205484045745,0.5416393307038224,0.8406109893611404
1769100006.415504,-0.8635409676197712,-13.949153087544152,1.9968205484045745,0.5416393307038224,0.8406109893611404
1769100006.4655719,-0.8661863578533335,-13.943321445381065,1.9965041648233781,0.5417723016837059,0.8405252959479206
1769100006.5155067,-0.8701736174619077,-13.934513201251097,1.9952386304983125,0.5423040499935057,0.8401823119779667
1769100006.565557,-0.8727168930224841,-13.92888538215538,1.9952386304983125,0.5423040499935057,0.8401823119779667
1769100006.6155565,-0.8754023280881746,-13.922932955357066,1.9939730961733406,0.5428355811678325,0.8398389916038559
1769100006.6655767,-0.8794380571750828,-13.913979966003374,1.9946058633358266,0.5425698427359017,0.8400106938328458
1769100006.715508,-0.8821026750925026,-13.908073681654308,1.9946058633358266,0.5425698427359017,0.8400106938328458
1769100006.7655761,-0.8847956827720989,-13.90209690455171,1.9936567125921445,0.5429684300090412,0.8397531089632935
1769100006.8162575,-0.8887371008899745,-13.893323518331293,1.9923911782671726,0.5434996894648054,0.8394093682772787
1769100006.8655653,-0.8913359269784209,-13.887526408113638,1.9920747946858828,0.5436324703348607,0.8393233805855862
1769100006.9155166,-0.8939234857548323,-13.88175198452575,1.992074794685789,0.5436324703349,0.8393233805855607
1769100006.965587,-0.8977972065174296,-13.873114672131706,1.9927075618483687,0.5433668949939039,0.8394953349630263
1769100007.015512,-0.9003090351215626,-13.867528204802532,1.9939730961733406,0.5428355811678325,0.8398389916038559
1769100007.0655668,-0.9040640341858284,-13.859226056220754,1.997136931985864,0.5415063461695689,0.840696661738396
1769100007.1155136,-0.9066443017612729,-13.853559432518555,1.999035233473322,0.5407081545096077,0.8412102541260503
1769100007.165563,-0.9091344869776314,-13.848102091447707,1.9987188498921258,0.5408412202999082,0.8411247080097612
1769100007.2162662,-0.9131622220655231,-13.839256629321053,1.9974533155670602,0.541373348084352,0.8407823130774927
1769100007.2655597,-0.9159140909105483,-13.833195358012745,1.9965041648233781,0.5417723016837059,0.8405252959479206
1769100007.3213136,-0.9185444297099234,-13.827384683874648,1.9952386304983125,0.5423040499935057,0.8401823119779667
1769100007.3655646,-0.922456105744637,-13.81868118547013,1.9911256439421072,0.5440307313064484,0.8390652914965384
1769100007.4155116,-0.925073923355872,-13.812809392002002,1.9892273424546494,0.5448268855772069,0.8385485464493043
1769100007.4655907,-0.9289141066783841,-13.804184815778147,1.9901764931983312,0.5444288697504667,0.8388070134317126
1769100007.5155134,-0.9315225434817727,-13.798336551313472,1.990492876779621,0.544296170555491,0.8388931271137152
1769100007.5655863,-0.9341064474868128,-13.792560492426746,1.9923911782671726,0.5434996894648054,0.8394093682772787
1769100007.620298,-0.9380298819213708,-13.78383452352475,1.9942894797546304,0.5427027187423182,0.8399248532277731
1769100007.6655905,-0.9406017232147299,-13.778136288971618,1.9952386304983125,0.5423040499935057,0.8401823119779667
1769100007.7253644,-0.94320753833827,-13.772370080881748,1.9952386304984062,0.5423040499934663,0.8401823119779921
1769100007.7655988,-0.9469716524827163,-13.764044271782472,1.9955550140796023,0.5421711332641775,0.8402680895137203
1769100007.8163192,-0.9494636837306984,-13.75853217102146,1.9952386304983125,0.5423040499935057,0.8401823119779667
1769100007.865586,-0.9521206847022583,-13.752650218404986,1.9949222469171166,0.5424369531518294,0.8400965134169764
1769100007.9173446,-0.9561587217405902,-13.74372604456047,1.9965041648233781,0.5417723016837059,0.8405252959479206
1769100007.9655862,-0.9587509272267893,-13.738009242081505,1.9965041648232844,0.5417723016837453,0.8405252959478952
1769100008.0224059,-0.9613867801781169,-13.732201066857753,1.997136931985864,0.5415063461695689,0.840696661738396
1769100008.0655754,-0.9654632320819632,-13.723210934527057,1.9958713976607982,0.5420382029672499,0.8403538460220399
1769100008.1163802,-0.9679934237014916,-13.717604980011252,1.9936567125920508,0.5429684300090805,0.839753108963268
1769100008.165573,-0.9719735249260095,-13.708737983414025,1.991758411104593,0.5437652376007078,0.839237371890126
1769100008.2155428,-0.9744824150288953,-13.703122462628778,1.9901764931983312,0.5444288697504667,0.8388070134317126
1769100008.265586,-0.9770590075528112,-13.697343137481361,1.9901764931983312,0.5444288697504667,0.8388070134317126
1769100008.315595,-0.9809479464288642,-13.688657177196259,1.9933403290108545,0.5431012652626982,0.8396672053081842
1769100008.3655756,-0.9835351589040924,-13.682910344849198,1.9942894797545367,0.5427027187423575,0.8399248532277477
1769100008.415602,-0.9861977402050837,-13.677030919718884,1.9977696991483502,0.5412403364514211,0.8408679433763381
1769100008.4655826,-0.9901625421306619,-13.668323667502172,1.9984024663108362,0.5409742725558898,0.8410391408446017
1769100008.515574,-0.9927847656264124,-13.662564902808583,1.9977696991483502,0.5412403364514211,0.8408679433763381
1769100008.565566,-0.9954680566903887,-13.656667078419552,1.9977696991483502,0.5412403364514211,0.8408679433763381
1769100008.615592,-0.9994399833912717,-13.647907464056122,1.9952386304984062,0.5423040499934662,0.8401823119779921
1769100008.6655793,-1.0020082180858259,-13.642207604218065,1.9930239454295648,0.5432340869254402,0.8395812806407033
1769100008.7155957,-1.0046785783421317,-13.636248399970128,1.9911256439421072,0.5440307313064484,0.8390652914965384
1769100008.7655945,-1.0086948678389014,-13.627258943986085,1.9908092603609109,0.544163457739698,0.8389792198027171
1769100008.8156042,-1.011400884294039,-13.621204777022722,1.9914420275233968,0.5438979912589849,0.8391513421930762
1769100008.8655856,-1.0140373987306681,-13.615313613099458,1.991758411104593,0.5437652376007078,0.839237371890126
1769100008.9155772,-1.0180029380082072,-13.606467823699948,1.9927075618483687,0.5433668949939039,0.8394953349630263
1769100008.9656022,-1.0205621532950744,-13.600763907117074,1.992391178267079,0.5434996894648447,0.8394093682772532
1769100009.0156462,-1.0231609793835155,-13.594966796899424,1.9920747946858828,0.5436324703348607,0.8393233805855862
1769100009.0656438,-1.026874209826933,-13.586701344254914,1.9939730961734343,0.5428355811677932,0.8398389916038813
1769100009.1155887,-1.029442445035638,-13.581001483275768,1.9942894797546304,0.5427027187423182,0.8399248532277731
1769100009.165577,-1.032065428254338,-13.575187484716658,1.9949222469171166,0.5424369531518294,0.8400965134169764
1769100009.2155898,-1.036061728475735,-13.566355550395087,1.9965041648232844,0.5417723016837453,0.8405252959478952
1769100009.2656016,-1.0387717438022053,-13.560386465722644,1.997453315567154,0.5413733480843125,0.8407823130775182
1769100009.3156004,-1.041414944953635,-13.554581631202028,1.998718849892032,0.5408412202999475,0.8411247080097359
1769100009.3656106,-1.045475557001021,-13.545667705886197,1.9977696991483502,0.5412403364514211,0.8408679433763381
1769100009.415615,-1.04813418134965,-13.5398142751788,1.9965041648233783,0.5417723016837058,0.8405252959479207
1769100009.465624,-1.0508347502367323,-13.533840911951632,1.9942894797546307,0.5427027187423181,0.8399248532277732
1769100009.5156167,-1.054820994631064,-13.524948936374198,1.9901764931983312,0.5444288697504667,0.8388070134317126
1769100009.565614,-1.0574181998951677,-13.519123376625611,1.9901764931983312,0.5444288697504667,0.8388070134317126
1769100009.6155894,-1.0600566306396593,-13.513205347674653,1.9901764931983312,0.5444288697504667,0.8388070134317126
1769100009.6655974,-1.0638214544451965,-13.504796598888019,1.9933403290108545,0.5431012652626982,0.8396672053081842
1769100009.7155926,-1.066486071651351,-13.498890316115515,1.9958713976607982,0.5420382029672499,0.8403538460220399
1769100009.7655826,-1.0689415383297378,-13.49347279643513,1.9968205484046684,0.541639330703783,0.8406109893611659
1769100009.815603,-1.072907159345192,-13.48473811239521,1.9971369319858645,0.5415063461695688,0.8406966617383961
1769100009.8656206,-1.0755657838712378,-13.478884681297199,1.9971369319858645,0.5415063461695688,0.8406966617383961
1769100009.9156115,-1.0781597978868334,-13.473168699330959,1.9965041648233783,0.5417723016837058,0.8405252959479207
1769100009.9656055,-1.0821679332001644,-13.46431433873958,1.9952386304984062,0.5423040499934662,0.8401823119779921
1769100010.0156107,-1.0848438976228074,-13.458385406431267,1.9942894797546307,0.5427027187423181,0.8399248532277732
1769100010.0656087,-1.0873895484518519,-13.452730892676119,1.993340329010855,0.5431012652626981,0.8396672053081843
1769100010.1156085,-1.091437536968319,-13.443727907536566,1.993340329010855,0.5431012652626981,0.8396672053081843
1769100010.1655946,-1.0941041190514085,-13.437794749294492,1.9930239454295653,0.5432340869254401,0.8395812806407034
1769100010.2156131,-1.0968102978518246,-13.431768389684906,1.9927075618483692,0.5433668949939039,0.8394953349630264
1769100010.2655933,-1.10058946713721,-13.423338329291115,1.9917584111045934,0.5437652376007077,0.8392373718901261
1769100010.3156254,-1.1032259815738392,-13.417447165367848,1.991442027523397,0.5438979912589847,0.8391513421930762
1769100010.3656158,-1.105787401729847,-13.411716503509398,1.9908092603609113,0.5441634577396979,0.8389792198027172
1769100010.4156096,-1.1096322512100665,-13.403121727169014,1.992074794685883,0.5436324703348606,0.8393233805855862
1769100010.465612,-1.1122234631609267,-13.397348942444488,1.993340329010855,0.5431012652626981,0.8396672053081843
1769100010.5156395,-1.1148351211160703,-13.391557603179793,1.9955550140796026,0.5421711332641774,0.8402680895137203
1769100010.5655956,-1.1187979776291233,-13.382821666668589,1.9977696991483502,0.5412403364514211,0.8408679433763381
1769100010.6156259,-1.121464007564259,-13.376971605228023,1.999035233473322,0.5407081545096076,0.8412102541260503
1769100010.6655934,-1.1241872359674048,-13.371008536820854,1.9993516170546122,0.5405750751882394,0.8412957791913789
1769100010.71559,-1.1281785534978095,-13.362257738747306,1.99808608272964,0.5411073112741442,0.8409535526327636
1769100010.7656038,-1.130858111672914,-13.356358218526445,1.9961877812420885,0.5419052591059705,0.8404395815008304
1769100010.8156066,-1.1347509502880224,-13.347729509834087,1.9930239454295653,0.5432340869254401,0.8395812806407034
1769100010.8655827,-1.137402480944687,-13.341817339079517,1.9917584111045934,0.5437652376007077,0.8392373718901261
1769100010.9155955,-1.1400784591425595,-13.335832918006346,1.9908092603609113,0.5441634577396979,0.8389792198027172
1769100010.965618,-1.1427262480202622,-13.329919071127271,1.9927075618483692,0.5433668949939039,0.8394953349630264
1769100011.0156083,-1.1466524430116989,-13.32119434397222,1.9946058633358268,0.5425698427359016,0.8400106938328458
1769100011.0656033,-1.149277265552774,-13.315381175572906,1.9952386304983127,0.5423040499935056,0.8401823119779668
1769100011.11561,-1.1530531272347808,-13.307032900600857,1.9958713976608924,0.5420382029672104,0.8403538460220654
1769100011.1655898,-1.1557043419158348,-13.30117610961051,1.9958713976608924,0.5420382029672104,0.8403538460220654
1769100011.2156093,-1.1582911200847246,-13.295456849408662,1.9952386304984062,0.5423040499934662,0.8401823119779921
1769100011.2655954,-1.162108703995262,-13.287016328304329,1.9958713976607987,0.5420382029672498,0.84035384602204
1769100011.3156173,-1.1646233474672236,-13.281458896490864,1.9955550140796026,0.5421711332641774,0.8402680895137203
1769100011.3655899,-1.1673371892214544,-13.275463756207058,1.996187781242182,0.5419052591059311,0.8404395815008557
1769100011.4156158,-1.17134187074576,-13.266635618365406,1.9971369319858645,0.5415063461695688,0.8406966617383961
1769100011.4655952,-1.174040482100688,-13.260689153255377,1.9965041648233783,0.5417723016837058,0.8405252959479207
1769100011.5156245,-1.1767846778140756,-13.254624404622028,1.9949222469171166,0.5424369531518294,0.8400965134169764
1769100011.565592,-1.1806250755741132,-13.246083114590462,1.9917584111045934,0.5437652376007077,0.8392373718901261
1769100011.615625,-1.183188308689214,-13.240353263410096,1.9911256439421072,0.5440307313064483,0.8390652914965384
1769100011.665585,-1.1870724306962503,-13.231637428323644,1.9889109588733598,0.5449595302557101,0.8384623488168541
1769100011.715612,-1.1895518583742835,-13.226064196222001,1.9898601096171353,0.5445615553212653,0.83872087875889
1769100011.7656,-1.192130279080736,-13.220285686941008,1.9911256439421072,0.5440307313064483,0.8390652914965384
1769100011.8156114,-1.1958680321887365,-13.21194801216169,1.993340329010855,0.5431012652626981,0.8396672053081843
1769100011.8655884,-1.1983548300026015,-13.206433549674584,1.9955550140796026,0.5421711332641774,0.8402680895137203
1769100011.915608,-1.200947035099583,-13.200716748053992,1.997453315567154,0.5413733480843125,0.8407823130775182
1769100011.9656155,-1.2049328146136409,-13.19196342615783,1.998718849892126,0.5408412202999081,0.8411247080097614
1769100012.0156102,-1.2075969935519852,-13.186112521521972,1.997453315567154,0.5413733480843125,0.8407823130775182
1769100012.0656013,-1.210297486135751,-13.180166910505864,1.9968205484045745,0.5416393307038224,0.8406109893611404
1769100012.1156118,-1.2143146543635037,-13.171288857311499,1.9946058633358268,0.5425698427359016,0.8400106938328458
1769100012.1656308,-1.216924480338709,-13.165496691084659,1.993656712592051,0.5429684300090803,0.839753108963268
1769100012.2156386,-1.2196325655545284,-13.159471188168258,1.9927075618483692,0.5433668949939039,0.8394953349630264
1769100012.2656038,-1.2236362167904318,-13.150559274350961,1.993340329010855,0.5431012652626981,0.8396672053081843
1769100012.3156276,-1.2262933579704747,-13.144649622567043,1.993340329010855,0.5431012652626981,0.8396672053081843
1769100012.365605,-1.2289504991505114,-13.138739970783137,1.993340329010855,0.5431012652626981,0.8396672053081843
1769100012.4156244,-1.232882929537638,-13.12999029384248,1.9930239454296588,0.5432340869254008,0.8395812806407288
1769100012.4655957,-1.2353610013127287,-13.124471903242135,1.9927075618483692,0.5433668949939039,0.8394953349630264
1769100012.5156417,-1.237922021097031,-13.11876879663842,1.9930239454296588,0.5432340869254008,0.8395812806407288
1769100012.565595,-1.2418509762523415,-13.110045312103647,1.9949222469171166,0.5424369531518294,0.8400965134169764
1769100012.6156425,-1.2444567913324072,-13.104279104109974,1.9955550140796026,0.5421711332641774,0.8402680895137203
1769100012.6656015,-1.2471288816750352,-13.098376196753609,1.996187781242182,0.5419052591059311,0.8404395815008557
1769100012.715625,-1.251127284889444,-13.089573006424056,1.99808608272964,0.5411073112741442,0.8409535526327636
1769100012.7656102,-1.253793314958017,-13.083722944690692,1.998718849892126,0.5408412202999081,0.8411247080097614
1769100012.8156254,-1.2565108821938606,-13.077757294414731,1.9977696991483502,0.5412403364514211,0.8408679433763381
1769100012.8656092,-1.2605280484110497,-13.068879245663767,1.9936567125920508,0.5429684300090805,0.839753108963268
1769100012.9156103,-1.2632436383090284,-13.062829367777116,1.991758411104593,0.5437652376007078,0.839237371890126
1769100012.9656105,-1.2658445288853302,-13.057005453495327,1.989860109617135,0.5445615553212653,0.8387208787588899
1769100013.015629,-1.2698114912492593,-13.04807714933215,1.9879618081295836,0.5453573824533999,0.838203630034836
1769100013.0656078,-1.27242935375868,-13.042177673605678,1.9889109588733593,0.5449595302557101,0.838462348816854
1769100013.1156223,-1.2750059455948275,-13.036398350000935,1.9914420275233031,0.5438979912590242,0.8391513421930507
1769100013.1656084,-1.2789031275887135,-13.027716083513416,1.9939730961734348,0.5428355811677931,0.8398389916038814
1769100013.215623,-1.2814862859351708,-13.021995188391912,1.9958713976608924,0.5420382029672104,0.8403538460220654
1769100013.265581,-1.2841071025666686,-13.016207986641705,1.9961877812420885,0.5419052591059705,0.8404395815008304
1769100013.3156278,-1.2879926975477411,-13.007631553155582,1.9961877812420885,0.5419052591059705,0.8404395815008304
1769100013.365562,-1.2906457650885808,-13.001775601259144,1.9961877812420885,0.5419052591059705,0.8404395815008304
1769100013.415639,-1.2933064873456557,-12.995895331279275,1.9952386304983127,0.5423040499935056,0.8401823119779668
1769100013.465604,-1.2972881728544297,-12.987084565317943,1.9952386304983127,0.5423040499935056,0.8401823119779668
1769100013.515625,-1.30001715502015,-12.98104071563294,1.9946058633358268,0.5425698427359016,0.8400106938328458
1769100013.5655632,-1.3026551627298946,-12.975205730892595,1.9961877812420885,0.5419052591059705,0.8404395815008304
1769100013.615615,-1.3067022186947987,-12.966257856508511,1.9949222469170227,0.5424369531518687,0.840096513416951
1769100013.6656022,-1.3093763071667022,-12.96032807786575,1.9939730961733406,0.5428355811678325,0.8398389916038559
1769100013.71563,-1.3120221373734102,-12.954441092650628,1.9923911782670793,0.5434996894648446,0.8394093682772533
1769100013.765612,-1.3159407211830585,-12.945685206754849,1.9908092603609113,0.5441634577396979,0.8389792198027172
1769100013.8156357,-1.3185434545673882,-12.939862114866425,1.991442027523397,0.5438979912589847,0.8391513421930762
1769100013.8656049,-1.321024002784675,-12.934317097502598,1.991442027523397,0.5438979912589847,0.8391513421930762
1769100013.9156067,-1.3247462934559033,-12.92602796961763,1.9942894797546307,0.5427027187423181,0.8399248532277732
1769100013.9656281,-1.3274468623429856,-12.920054606390462,1.9965041648233783,0.5417723016837058,0.8405252959479207
1769100014.0156193,-1.3300331178331963,-12.914362899969387,1.99808608272964,0.5411073112741442,0.8409535526327636
1769100014.0656123,-1.3340426591174186,-12.90556477563025,1.998718849892126,0.5408412202999081,0.8411247080097614
1769100014.1156209,-1.3367621137417594,-12.899599985247477,1.9984024663108362,0.5409742725558898,0.8410391408446017
1769100014.1655955,-1.339382514996557,-12.89384039150192,1.9971369319858645,0.5415063461695688,0.8406966617383961
1769100014.2156224,-1.3434295695435923,-12.884892520252684,1.9939730961733406,0.5428355811678325,0.8398389916038559
1769100014.2656102,-1.3460622403586142,-12.879027372146746,1.9914420275233033,0.543897991259024,0.8391513421930508
1769100014.3156273,-1.3488095700420715,-12.87288077515341,1.9908092603608174,0.5441634577397372,0.8389792198026916
1769100014.36558,-1.3527878286335175,-12.863957497721273,1.9895437260358457,0.5446942272646449,0.8386347230973515
1769100014.4156313,-1.3553850337243043,-12.858131938361439,1.9908092603608174,0.5441634577397372,0.8389792198026916
1769100014.4655724,-1.358000869354493,-12.85228698023048,1.9923911782671733,0.5434996894648052,0.8394093682772789
1769100014.5156276,-1.3619215431664848,-12.84355976972701,1.9936567125920515,0.5429684300090802,0.8397531089632682
1769100014.5655742,-1.3645200588276545,-12.837790268603296,1.9942894797546307,0.542702718742318,0.8399248532277732
1769100014.6156783,-1.3670900972502196,-12.832091220456864,1.9946058633358272,0.5425698427359015,0.8400106938328459
1769100014.6656485,-1.3709530654756108,-12.82353233345384,1.9949222469171168,0.5424369531518293,0.8400965134169766
1769100014.7156723,-1.3736082053609877,-12.817649540500279,1.9946058633358272,0.5425698427359015,0.8400106938328459
1769100014.7655797,-1.3762253592548457,-12.811860682121516,1.9961877812421824,0.541905259105931,0.8404395815008558
1769100014.8156502,-1.3801673042539644,-12.803170844089395,1.997136931985865,0.5415063461695686,0.8406966617383962
1769100014.865578,-1.3826505809427472,-12.797710356156893,1.9980860827296403,0.5411073112741441,0.8409535526327637
1769100014.9156313,-1.3853872311994841,-12.791697772750714,1.9977696991483507,0.5412403364514209,0.8408679433763382
1769100014.9656253,-1.3892782517035602,-12.783123800945686,1.9958713976608928,0.5420382029672103,0.8403538460220655
1769100015.0156484,-1.3919769308515995,-12.777149583003823,1.9942894797546311,0.5427027187423179,0.8399248532277733
1769100015.0656245,-1.3958209324557411,-12.768582166027612,1.9908092603608176,0.5441634577397372,0.8389792198026917
1769100015.1156456,-1.3983074113458862,-12.76301207600309,1.9904928767796215,0.5442961705554907,0.8388931271137153
1769100015.1656086,-1.4009139976369296,-12.757162986759708,1.9895437260358457,0.5446942272646448,0.8386347230973515
1769100015.215645,-1.4048125694198852,-12.748425881455653,1.9914420275233973,0.5438979912589846,0.8391513421930763
1769100015.2655795,-1.4074376469660594,-12.742585071012224,1.9949222469170231,0.5424369531518686,0.8400965134169511
1769100015.3156447,-1.4100452861187014,-12.736819688032792,1.9961877812420887,0.5419052591059704,0.8404395815008304
1769100015.365607,-1.4138735485468903,-12.728384005391911,1.9974533155671546,0.5413733480843125,0.8407823130775183
1769100015.4156368,-1.4165358763550113,-12.722532257853551,1.9980860827295466,0.5411073112741835,0.8409535526327383
1769100015.4656055,-1.4191448885723403,-12.716795289519403,1.9971369319858645,0.5415063461695687,0.8406966617383961
1769100015.5156398,-1.4231823458708082,-12.707898640168718,1.9965041648233783,0.5417723016837058,0.8405252959479207
1769100015.565608,-1.4258108459174137,-12.702087134610222,1.9946058633358272,0.5425698427359015,0.8400106938328459
1769100015.6156244,-1.4285340901940202,-12.696040697735196,1.993340329010855,0.543101265262698,0.8396672053081843
1769100015.665592,-1.4324312729681141,-12.687358429509505,1.9920747946857895,0.5436324703348999,0.8393233805855609
1769100015.7156374,-1.4350828037574832,-12.681446258459035,1.9927075618483692,0.5433668949939038,0.8394953349630264
1769100015.7655914,-1.4377663533902592,-12.67546522851992,1.9923911782671733,0.5434996894648052,0.8394093682772789
1769100015.8156564,-1.4417111850225197,-12.666665630938546,1.9920747946858834,0.5436324703348605,0.8393233805855863
1769100015.8655882,-1.4443627158118897,-12.660753459888083,1.9927075618483692,0.5433668949939038,0.8394953349630264
1769100015.9156442,-1.4467734689592802,-12.655371316236613,1.9911256439421074,0.5440307313064482,0.8390652914965385
1769100015.9655962,-1.4505059461352214,-12.647031276607839,1.9920747946858834,0.5436324703348605,0.8393233805855863
1769100016.0156546,-1.4529710411659646,-12.64153480508436,1.9927075618483692,0.5433668949939038,0.8394953349630264
1769100016.0667777,-1.456843940566574,-12.632924871209552,1.9942894797546307,0.542702718742318,0.8399248532277732
1769100016.1156712,-1.4594062672046206,-12.627250111865663,1.995555014079603,0.5421711332641773,0.8402680895137205
1769100016.1655881,-1.46190527170757,-12.6217411703718,1.9977696991483505,0.541240336451421,0.8408679433763382
1769100016.215638,-1.4659477038526267,-12.612874590960605,1.9993516170546122,0.5405750751882393,0.8412957791913789
1769100016.2655883,-1.4686270169707,-12.607002768485362,1.9984024663108364,0.5409742725558897,0.8410391408446017
1769100016.3156512,-1.47132939015231,-12.601058012951743,1.996504164823285,0.5417723016837451,0.8405252959478954
1769100016.3655922,-1.475213181060444,-12.592452990702892,1.9930239454296592,0.5432340869254006,0.8395812806407289
1769100016.4156635,-1.4777291757866493,-12.586840649500186,1.9914420275233973,0.5438979912589846,0.8391513421930763
1769100016.467852,-1.481609869986113,-12.578150998894564,1.9901764931983317,0.5444288697504666,0.8388070134317128
1769100016.5156806,-1.484208918188294,-12.572326261247806,1.9908092603609113,0.5441634577396979,0.8389792198027172
1769100016.5655913,-1.4867325919623573,-12.566689625941182,1.9927075618483692,0.5433668949939038,0.8394953349630264
1769100016.6156678,-1.4906289956424819,-12.558034759392516,1.9949222469171168,0.5424369531518293,0.8400965134169766
1769100016.6656022,-1.4931210268073105,-12.552522658815429,1.9958713976608924,0.5420382029672104,0.8403538460220654
1769100016.7156692,-1.4957532040086416,-12.54671281687337,1.9965041648233783,0.5417723016837058,0.8405252959479207
1769100016.7655988,-1.499674236963532,-12.53806907848935,1.9968205484045747,0.5416393307038223,0.8406109893611405
1769100016.8156772,-1.5023177819406888,-12.532236599854725,1.9958713976608924,0.5420382029672104,0.8403538460220654
1769100016.8679621,-1.5061262668671134,-12.523819742543864,1.995555014079603,0.5421711332641773,0.8402680895137205
1769100016.915649,-1.5086939786807285,-12.518147417506114,1.9961877812420887,0.5419052591059704,0.8404395815008304
1769100016.965598,-1.5112503588885096,-12.51249774634898,1.9952386304984067,0.5423040499934662,0.8401823119779922
1769100017.0156775,-1.51527373743926,-12.503594721058212,1.9952386304984067,0.5423040499934662,0.8401823119779922
1769100017.0655978,-1.5180121757394707,-12.497527370096797,1.9942894797546307,0.542702718742318,0.8399248532277732
1769100017.1156723,-1.5207032923301744,-12.491549741269926,1.993340329010855,0.543101265262698,0.8396672053081843
1769100017.165596,-1.5246895387195911,-12.482657761242127,1.9911256439422012,0.5440307313064089,0.8390652914965641
1769100017.215665,-1.5271648225977845,-12.477110392332374,1.9898601096170416,0.5445615553213046,0.8387208787588645
1769100017.2729023,-1.5297620278185597,-12.471284832680976,1.990492876779621,0.5442961705554908,0.8388931271137152
1769100017.315661,-1.5336049396231424,-12.4626614718597,1.9895437260358457,0.5446942272646449,0.8386347230973515
1769100017.3655963,-1.5361757770293512,-12.45690729758421,1.9923911782670793,0.5434996894648446,0.8394093682772533
1769100017.415669,-1.539982673893605,-12.448461956888067,1.9961877812421824,0.5419052591059311,0.8404395815008558
1769100017.4655974,-1.5425976072461935,-12.442699878581456,1.9974533155671546,0.5413733480843125,0.8407823130775183
1769100017.5156794,-1.5452713459135552,-12.43682551567948,1.99840246631093,0.5409742725558503,0.8410391408446272
1769100017.5718775,-1.5479373760266018,-12.430975453848527,1.99840246631093,0.5409742725558503,0.8410391408446272
1769100017.6156955,-1.5519413491439291,-12.422174794605322,1.9971369319858645,0.5415063461695687,0.8406966617383961
1769100017.6655996,-1.5544935242237905,-12.416551005896599,1.9965041648233783,0.5417723016837058,0.8405252959479207
1769100017.7156649,-1.5584842341554084,-12.40771654667918,1.993656712592051,0.5429684300090803,0.839753108963268
1769100017.7658648,-1.561201738226155,-12.401667527758782,1.9923911782671728,0.5434996894648053,0.8394093682772787
1769100017.8156757,-1.5637177332042107,-12.396055185994289,1.992074794685883,0.5436324703348606,0.8393233805855862
1769100017.8671355,-1.5677157444725598,-12.387140740582254,1.9927075618483692,0.5433668949939039,0.8394953349630264
1769100017.915656,-1.5702275730766928,-12.38155427325308,1.9939730961733406,0.5428355811678325,0.8398389916038559
1769100017.9719424,-1.572867665032486,-12.375692460013594,1.9939730961733406,0.5428355811678325,0.8398389916038559
1769100018.015678,-1.576642034995075,-12.36731574124667,1.9942894797546307,0.5427027187423181,0.8399248532277732
1769100018.0658605,-1.5792423759449705,-12.361547062443153,1.9942894797546307,0.5427027187423181,0.8399248532277732
1769100018.1156776,-1.5818635196224649,-12.355732234209208,1.9942894797545372,0.5427027187423574,0.8399248532277478
1769100018.1658542,-1.5856015399638181,-12.347450184797989,1.9952386304983127,0.5423040499935056,0.8401823119779668
1769100018.2156632,-1.5883039990406163,-12.341477675289012,1.9961877812420885,0.5419052591059705,0.8404395815008304
1769100018.2709525,-1.590968441695427,-12.33559908990777,1.9965041648232846,0.5417723016837452,0.8405252959478953
1769100018.315663,-1.5949668452433645,-12.326795898843894,1.9977696991483502,0.5412403364514211,0.8408679433763381
1769100018.3672092,-1.5976806371583656,-12.32082852997593,1.9974533155670606,0.5413733480843519,0.8407823130774928
1769100018.4156678,-1.6017214965128335,-12.311905636230723,1.9946058633358268,0.5425698427359016,0.8400106938328458
1769100018.4656923,-1.6044333937456563,-12.30588184850988,1.9930239454296588,0.5432340869254008,0.8395812806407288
1769100018.5156662,-1.6070492287648817,-12.300036891744089,1.9901764931983312,0.5444288697504667,0.8388070134317126
1769100018.5656862,-1.610854464945315,-12.291479876213534,1.9882781917107797,0.5452247786971451,0.8382898906074492
1769100018.615662,-1.6133174572523963,-12.285927038567907,1.9882781917107797,0.5452247786971451,0.8382898906074492
1769100018.6656804,-1.615774559834017,-12.280399280060333,1.9898601096171353,0.5445615553212653,0.83872087875889
1769100018.7156749,-1.6196814216467779,-12.27166588135481,1.9930239454295653,0.5432340869254401,0.8395812806407034
1769100018.7656882,-1.6222609591805197,-12.26594335350923,1.9955550140796026,0.5421711332641774,0.8402680895137203
1769100018.815697,-1.6247660438767273,-12.26040937786265,1.9961877812420885,0.5419052591059705,0.8404395815008304
1769100018.865665,-1.6286570647053775,-12.251835405342414,1.9974533155670606,0.5413733480843519,0.8407823130774928
1769100018.915675,-1.6313175410278233,-12.245982815682497,1.9974533155670606,0.5413733480843519,0.8407823130774928
1769100018.9656646,-1.6352267535531135,-12.237361510012727,1.9955550140796026,0.5421711332641774,0.8402680895137203
1769100019.0156724,-1.637855253994389,-12.231550003581631,1.9955550140796026,0.5421711332641774,0.8402680895137203
1769100019.0656703,-1.6404384125563185,-12.225829107982923,1.9942894797546307,0.5427027187423181,0.8399248532277732
1769100019.1156921,-1.644423532863371,-12.216992122395542,1.9946058633358268,0.5425698427359016,0.8400106938328458
1769100019.1656933,-1.6471316831041598,-12.210994408967682,1.9952386304983127,0.5423040499935056,0.8401823119779668
1769100019.2156916,-1.6496826997716596,-12.205342313965595,1.9942894797546307,0.5427027187423181,0.8399248532277732
1769100019.2656894,-1.6536594302553969,-12.196501550764381,1.9927075618483692,0.5433668949939039,0.8394953349630264
1769100019.3156745,-1.6563015351061985,-12.190612891944017,1.9923911782671728,0.5434996894648053,0.8394093682772787
1769100019.3657088,-1.6587554067514638,-12.185139126519378,1.992074794685883,0.5436324703348606,0.8393233805855862
1769100019.4156816,-1.6626498425983467,-12.176455625289016,1.9927075618483692,0.5433668949939039,0.8394953349630264
1769100019.4656882,-1.6650847235392892,-12.171028822062402,1.9923911782670793,0.5434996894648446,0.8394093682772533
1769100019.515675,-1.667743733593337,-12.165120012827328,1.9949222469171166,0.5424369531518294,0.8400965134169764
1769100019.5656946,-1.6716892414632856,-12.15640400234723,1.9968205484046684,0.541639330703783,0.8406109893611659
1769100019.615677,-1.674307820346069,-12.150643579838018,1.99808608272964,0.5411073112741442,0.8409535526327636
1769100019.6656885,-1.6770253876725896,-12.144677929363006,1.9984024663108362,0.5409742725558898,0.8410391408446017
1769100019.7156832,-1.6810293607899194,-12.135877270119796,1.9971369319858645,0.5415063461695688,0.8406966617383961
1769100019.7657003,-1.6836084109030036,-12.130182295832416,1.9949222469171166,0.5424369531518294,0.8400965134169764
1769100019.815685,-1.687605906669694,-12.12129536884159,1.992074794685883,0.5436324703348606,0.8393233805855862
1769100019.8656774,-1.690157901151422,-12.115588218623698,1.990492876779621,0.5442961705554908,0.8388931271137152
1769100019.915673,-1.6927944592207522,-12.109669355607766,1.9892273424545555,0.5448268855772461,0.8385485464492788
1769100019.9656863,-1.6967553707887753,-12.100766059214708,1.9895437260358457,0.5446942272646449,0.8386347230973515
1769100020.0156734,-1.6993544186440772,-12.094941322345338,1.9914420275233033,0.543897991259024,0.8391513421930508
1769100020.065687,-1.7019419772478148,-12.08916689914279,1.9927075618483692,0.5433668949939039,0.8394953349630264
1769100020.1156902,-1.705847398720782,-12.08048833456527,1.9946058633358268,0.5425698427359016,0.8400106938328458
1769100020.1656818,-1.7082960073775801,-12.07506771174663,1.9955550140796026,0.5421711332641774,0.8402680895137203
1769100020.2156904,-1.7109036467042336,-12.069302328382468,1.9955550140796026,0.5421711332641774,0.8402680895137203
1769100020.2656734,-1.7148400922704017,-12.060609997756837,1.9965041648233783,0.5417723016837058,0.8405252959479207
1769100020.315672,-1.71748145620644,-12.054804328423602,1.999035233473322,0.5407081545096076,0.8412102541260503
1769100020.365687,-1.7202429050235564,-12.048775245483652,2.0015663021233596,0.5396431413497725,0.8418938650412826
1769100020.4156725,-1.7242802334445024,-12.0400734968521,2.0088431244921825,0.5365764201497648,0.8438517318458635
1769100020.4656966,-1.727063227588358,-12.034166058672206,2.013272494629584,0.5347062399392818,0.8450380091865662
1769100020.5156562,-1.729848734176694,-12.028315820551137,2.0170690976045935,0.5331011405732204,0.8460515196603168
1769100020.5657046,-1.7340850001933545,-12.019512109488796,2.021498467742089,0.5312260970522776,0.8472300949627581
1769100020.6156614,-1.7369489440062984,-12.013615334529312,2.0243459199734164,0.5300193354510947,0.8479855565090598
1769100020.6657095,-1.7397509034062044,-12.007885445929091,2.02687698862336,0.5289457564753429,0.8486556349348817
1769100020.71564,-1.744018687913098,-11.999237876568708,2.031622742342052,0.5269305139217736,0.849908367706858
1769100020.7657065,-1.746732017827729,-11.993802978458543,2.036052112479547,0.5250469438369633,0.8510732675671729
1769100020.8156478,-1.7496432131762059,-11.988042608477967,2.0414306333609122,0.5227562903245753,0.8524821763099146
1769100020.865706,-1.7540246768464107,-11.97953743988694,2.051554907960781,0.5184342290709281,0.8551175066197817
1769100020.9156978,-1.7569433424573726,-11.973980224358534,2.057249812423342,0.5159972243822075,0.8565902546899876
1769100020.9657028,-1.7599284104143746,-11.96837222504993,2.0626283333046134,0.5136917669968385,0.8579748064597618
1769100021.0157049,-1.764510615758938,-11.959887081146295,2.0692723885109503,0.5108387217348828,0.8596765673067233
1769100021.0656843,-1.7675428272940028,-11.95433324463222,2.071803457160894,0.5097503627472363,0.860322362651966
1769100021.1156354,-1.7706639926548071,-11.948654981233362,2.074967292973324,0.5083887661483657,0.8611276690794126
1769100021.1656811,-1.775402594497802,-11.940111157100887,2.079396663110819,0.506480394336677,0.8622514773269827
1769100021.215678,-1.7786065796585195,-11.934392015851452,2.0835096496671186,0.5047061102252479,0.8632912268182157
1769100021.2656822,-1.781882073019652,-11.928596940885932,2.0869898690608384,0.5032031254281095,0.8641681633567522
1769100021.3156927,-1.7867033043795426,-11.92015772672535,2.0926847735233993,0.5007404112082263,0.8655975049542463
1769100021.3657053,-1.7899730198615498,-11.914505132491003,2.097746910823287,0.49854792289129296,0.8668621393167297
1769100021.4157083,-1.7929835338810678,-11.909345930791819,2.100277979473418,0.49745048016029925,0.8674923744842301
1769100021.4659252,-1.7978021545479375,-11.901168563426872,2.1062892675170817,0.4948408638604777,0.8689836128799071
1769100021.515686,-1.800884152553883,-11.895992739632407,2.109453103329605,0.4934655845356953,0.8697653228767198
1769100021.5656903,-1.8041751793615397,-11.89049953783939,2.111667788398353,0.4925021540500163,0.8703112249397305
1769100021.6156828,-1.8091560128025317,-11.882271657209913,2.118628227185792,0.48947030358859045,0.8720199664599964
1769100021.665702,-1.8124461748962295,-11.876896291179664,2.1214756794171197,0.4882282903312835,0.8727159540882657
1769100021.7156806,-1.8158436816437287,-11.871378926868273,2.1240067480670635,0.48712344766266574,0.8733331247223124
1769100021.7656975,-1.820929019223878,-11.863155621843202,2.1252722823920354,0.4865707336555894,0.8736411855847122
1769100021.815703,-1.8242622264878232,-11.857777038740425,2.125905049554615,0.48629430358062586,0.8737950848482922
1769100021.8657007,-1.8276345710685398,-11.852333379208591,2.124955898810933,0.4867089304303304,0.8735642031581673
1769100021.9156904,-1.8327266974319687,-11.844084518098969,2.1227412137420916,0.4876759666283056,0.8730247141823351
1769100021.9657097,-1.8361048450599302,-11.838584961510499,2.1205265286733437,0.4886424048343787,0.8724841546971929
1769100022.015924,-1.8395271432051699,-11.832993715647403,2.119577377929662,0.489056409284521,0.8722521588037092
1769100022.0657055,-1.844671084380579,-11.824568764096703,2.11831184360469,0.489608243863496,0.871942525365579
1769100022.1157126,-1.8480441203313067,-11.819036403666214,2.1183118436045962,0.48960824386353685,0.871942525365556
1769100022.1656818,-1.851431210739868,-11.813482968216363,2.118628227185792,0.48947030358859045,0.8720199664599964
1769100022.215694,-1.856398203880682,-11.805365163217912,2.1211592958359233,0.48836634072129925,0.8726387094614173
1769100022.2656884,-1.8596422038827924,-11.800080247844614,2.1214756794170255,0.4882282903313246,0.8727159540882428
1769100022.315728,-1.8629425650986455,-11.79471113560309,2.1224248301608952,0.48781406586854414,0.8729475569246985
1769100022.3656783,-1.8679181043502382,-11.786628269660829,2.122741213742091,0.48767596662830576,0.873024714182335
1769100022.4157088,-1.8712749348319768,-11.781175029438456,2.122424830160801,0.4878140658685853,0.8729475569246755
1769100022.4657145,-1.874433555176731,-11.776045603521581,2.123057597323287,0.48753785518415066,0.87310184959284
1769100022.5157244,-1.8795589914738926,-11.76772807161275,2.123057597323287,0.48753785518415066,0.87310184959284
1769100022.5657213,-1.8831070360691413,-11.761976436291754,2.124006748067063,0.48712344766266596,0.8733331247223124
1769100022.615694,-1.8862813718199973,-11.756826964497929,2.122424830160801,0.4878140658685853,0.8729475569246755
1769100022.6656995,-1.8912637670409227,-11.74871860134746,2.121159295835829,0.48836634072134033,0.8726387094613943
1769100022.7157016,-1.8944374669272648,-11.743539029827538,2.1198937615108573,0.4889184200350116,0.8723295125985753
1769100022.7657084,-1.8992887206940354,-11.735587798290593,2.1173626928609135,0.4900219911609837,0.8717100711696664
1769100022.8157032,-1.9026810496208286,-11.730007918811403,2.116729925698334,0.49029776138529546,0.8715549926313129
1769100022.8657045,-1.906029569607865,-11.72449027149919,2.115780774954652,0.49071132469161016,0.8713222112510418
1769100022.915686,-1.910836933239044,-11.716571585386315,2.117046309279624,0.4901598824061774,0.8716325428066362
1769100022.965711,-1.9140098579933769,-11.711361880864292,2.118628227185886,0.4894703035885496,0.8720199664600192
1769100023.0156806,-1.9173247330306777,-11.705942289436837,2.1208429122546337,0.4885043788901626,0.8725614429970743
1769100023.0657144,-1.9222977130879189,-11.697857852417693,2.1236903644858676,0.4872615956978328,0.8732560548647812
1769100023.1156929,-1.9254910548305242,-11.692690367476885,2.1249558988108395,0.4867089304303714,0.8735642031581444
1769100023.1657023,-1.930484482867918,-11.68461854060064,2.1246395152296436,0.48684711502543637,0.8734871988709448
1769100023.2156901,-1.9336512135878294,-11.679494117777864,2.1240067480671576,0.4871234476626246,0.8733331247223354
1769100023.2657073,-1.9370663726177124,-11.673957899510091,2.1230575973233816,0.48753785518410936,0.8731018495928631
1769100023.3156955,-1.942169339911373,-11.665656261485475,2.12084291225454,0.4885043788902035,0.8725614429970514
1769100023.3657274,-1.945660409961075,-11.659958732528402,2.120210145092148,0.4887804185504522,0.8724068445637304
1769100023.4157457,-1.9488836722739578,-11.65469079392389,2.119577377929568,0.48905640928456184,0.8722521588036862
1769100023.4656982,-1.9539920119342788,-11.646333072520722,2.1192609943483722,0.4891943862956095,0.8721747831810216
1769100023.5157864,-1.9572136073965893,-11.641064114392606,2.119893761510858,0.48891842003501124,0.8723295125985755
1769100023.5656962,-1.9604599283781958,-11.635750941000426,2.1186282271857926,0.4894703035885902,0.8720199664599965
1769100023.6156888,-1.9654073072430336,-11.627650808344683,2.1195773779295686,0.4890564092845616,0.8722521588036863
1769100023.6656995,-1.9686957695917648,-11.622274399836321,2.1198937615108586,0.48891842003501107,0.8723295125985756
1769100023.7157276,-1.972012359796846,-11.616855856367355,2.1202101450920545,0.48878041855049287,0.8724068445637075
1769100023.7657113,-1.9770835914379568,-11.608594133172453,2.122424830160896,0.48781406586854376,0.8729475569246987
1769100023.8157294,-1.9804280129794627,-11.603162976319291,2.123057597323382,0.48753785518410914,0.8731018495928632
1769100023.8657098,-1.983853822732487,-11.597603589706655,2.123057597323382,0.48753785518410914,0.8731018495928632
1769100023.915701,-1.9889167627728952,-11.589396199978948,2.124006748067064,0.4871234476626656,0.8733331247223125
1769100023.9657173,-1.9923212501205283,-11.583883138274453,2.1240067480671576,0.4871234476626246,0.8733331247223354
1769100024.0157123,-1.9956956777789356,-11.578411011407175,2.1227412137421857,0.4876759666282645,0.8730247141823579
1769100024.0657191,-2.000778838739725,-11.57012691467739,2.1195773779295686,0.4890564092845616,0.8722521588036863
1769100024.115693,-2.0040341350954747,-11.564789567278545,2.1173626928608207,0.4900219911610242,0.8717100711696436
1769100024.1657052,-2.0074229321265737,-11.559207543107235,2.115464391373363,0.49084915457192374,0.8712445738459595
1769100024.2157016,-2.012449655618468,-11.55091866243501,2.1164135421170447,0.4904356280948869,0.8714774206456377
1769100024.265715,-2.0156176343608045,-11.545705948328369,2.1173626928609144,0.49002199116098333,0.8717100711696666
1769100024.315699,-2.020619287169069,-11.537490684425247,2.1179954600233066,0.48974617188625286,0.8718650624510429
1769100024.3657136,-2.0238656075007713,-11.53217751209675,2.120526528673344,0.4886424048343785,0.872484154697193
1769100024.4156978,-2.0271501756986527,-11.526828403779696,2.122424830160802,0.4878140658685849,0.8729475569246757
1769100024.4657173,-2.0321162716759025,-11.518769448530175,2.1236903644858676,0.4872615956978328,0.8732560548647812
1769100024.5156944,-2.035467563852821,-11.51334252850535,2.1243231316483535,0.4869852874373674,0.8734101727250173
1769100024.565722,-2.038870306560816,-11.507828390320864,2.1230575973233816,0.48753785518410936,0.8731018495928631
1769100024.6156924,-2.0437953031556724,-11.499833299403212,2.1227412137420916,0.4876759666283056,0.8730247141823351
1769100024.6657038,-2.0471131817244226,-11.49444524687963,2.1227412137420916,0.4876759666283056,0.8730247141823351
1769100024.7156975,-2.050335673769214,-11.489206530118063,2.1217920629984097,0.48809022772348837,0.8727931768757323
1769100024.7656953,-2.05552741129104,-11.480751486811043,2.12115929583583,0.48836634072133994,0.8726387094613945
1769100024.8158994,-2.0589144391500085,-11.475227681570136,2.120526528673344,0.4886424048343785,0.872484154697193
1769100024.8656957,-2.0622029011695693,-11.469851273599946,2.118944610767082,0.48933235106478357,0.8720973857324716
1769100024.9157038,-2.0672361029164206,-11.461595955070967,2.1176790764421103,0.4898840876532053,0.871787577718441
1769100024.965724,-2.0705283737930706,-11.456192217537318,2.1183118436045962,0.48960824386353685,0.871942525365556
1769100025.015696,-2.0736782360796298,-11.451027738655942,2.1186282271858863,0.48947030358854937,0.8720199664600193
1769100025.0657127,-2.07873377585757,-11.44275640279806,2.1202101450921482,0.488780418550452,0.8724068445637305
1769100025.1157043,-2.08206788123937,-11.43731890728619,2.12147567941712,0.4882282903312833,0.8727159540882659
1769100025.165719,-2.086939776514913,-11.429410019448591,2.124323131648354,0.48698528743736724,0.8734101727250174
1769100025.2157176,-2.090150527022864,-11.424223541464531,2.125905049554616,0.4862943035806255,0.8737950848482924
1769100025.2657266,-2.093522871603584,-11.418779881932693,2.12495589881084,0.48670893043037117,0.8735642031581445
1769100025.3157058,-2.0985403634248225,-11.410663417725647,2.124006748067064,0.4871234476626656,0.8733331247223125
1769100025.3657157,-2.101967931676274,-11.405105115632114,2.122741213742092,0.4876759666283054,0.8730247141823352
1769100025.415719,-2.1053743283665263,-11.399563502162271,2.121159295835924,0.48836634072129886,0.8726387094614175
1769100025.4657323,-2.110561864495029,-11.391076207930908,2.1176790764421107,0.48988408765320507,0.8717875777184411
1769100025.5156994,-2.113799776630183,-11.385757905420695,2.1176790764421107,0.48988408765320507,0.8717875777184411
1769100025.5657184,-2.1171921053871947,-11.380178026220767,2.116413542117045,0.49043562809488667,0.8714774206456378
1769100025.615704,-2.1222240729717967,-11.371892327676845,2.116729925698429,0.49029776138525405,0.8715549926313362
1769100025.665975,-2.1254479845941736,-11.366595134772169,2.118311843604691,0.4896082438634956,0.8719425253655793
1769100025.715726,-2.1287156131714435,-11.361235660605127,2.118311843604597,0.48960824386353646,0.8719425253655563
1769100025.7657146,-2.1336127543460357,-11.353223479675357,2.1205265286734387,0.48864240483433724,0.8724841546972161
1769100025.8157344,-2.136893937584409,-11.347872293348232,2.121159295835831,0.48836634072133955,0.8726387094613948
1769100025.8657396,-2.140259704568762,-11.342394835262535,2.1224248301608966,0.4878140658685436,0.8729475569246988
1769100025.9157264,-2.1453320271979335,-11.334163495943503,2.1236903644858685,0.4872615956978324,0.8732560548647814
1769100025.9657385,-2.148771997969212,-11.328583105635545,2.1227412137420925,0.4876759666283052,0.8730247141823353
1769100026.0157113,-2.1521446943364673,-11.323109911154724,2.123373980904672,0.4873997315394524,0.8731789631543294
1769100026.065715,-2.15711588901023,-11.315054099497647,2.124006748067158,0.48712344766262444,0.8733331247223355
1769100026.1157134,-2.1603167882401766,-11.309861535889642,2.122424830160896,0.48781406586854376,0.8729475569246987
1769100026.165726,-2.163670167306885,-11.304406172849058,2.1214756794170264,0.4882282903313242,0.872715954088243
1769100026.2158196,-2.168759995711185,-11.296096472739746,2.1192609943483727,0.4891943862956093,0.8721747831810217
1769100026.2657244,-2.172094368425535,-11.290629472630132,2.1176790764421107,0.48988408765320507,0.8717875777184411
1769100026.3157032,-2.17548846256477,-11.28505066670736,2.117046309279625,0.490159882406177,0.8716325428066364
1769100026.3657413,-2.1805190517928876,-11.27679375685794,2.1189446107671763,0.4893323510647425,0.8720973857324946
1769100026.4158027,-2.183700214110875,-11.271589077811534,2.119893761510858,0.48891842003501124,0.8723295125985755
1769100026.465739,-2.1870202319957985,-11.26617263459876,2.12147567941712,0.4882282903312833,0.8727159540882659
1769100026.5157208,-2.191983777009734,-11.25811211017507,2.124006748067064,0.4871234476626656,0.8733331247223125
1769100026.565735,-2.1952852527162188,-11.252773420001725,2.1252722823921295,0.48657073365554826,0.8736411855847351
1769100026.6157064,-2.1986558749561453,-11.247328693606237,2.1249558988108395,0.4867089304303714,0.8735642031581444
1769100026.665734,-2.2037240070111226,-11.2391245097311,2.1233739809045775,0.4873997315394937,0.8731789631543063
1769100026.715678,-2.206935713251343,-11.233908875236333,2.1221084465796056,0.48795215290145083,0.8728703778218385
1769100026.7657483,-2.2104339909219783,-11.22821576890957,2.1214756794171197,0.4882282903312835,0.8727159540882657
1769100026.8157403,-2.21543514899468,-11.220059525641757,2.120210145092054,0.48878041855049303,0.8724068445637074
1769100026.8659465,-2.2188662196646454,-11.214443976996495,2.1183118436045962,0.48960824386353685,0.871942525365556
1769100026.915719,-2.223973170171175,-11.206055760588914,2.1170463092796243,0.49015988240617725,0.8716325428066363
1769100026.9657483,-2.227037582213722,-11.201017051744495,2.1173626928608202,0.49002199116102435,0.8717100711696435
1769100027.0157228,-2.2302211899478195,-11.195784218194756,2.117362692860914,0.4900219911609835,0.8717100711696665
1769100027.0657146,-2.23514642693278,-11.187700227249014,2.118628227185886,0.4894703035885496,0.8720199664600192
1769100027.1157174,-2.238243571858895,-11.182622183160628,2.118311843604596,0.4896082438635371,0.8719425253655559
1769100027.1658812,-2.24156562690008,-11.17717731672386,2.1189446107670817,0.48933235106478373,0.8720973857324715
1769100027.2157235,-2.2466144896415075,-11.168931569248489,2.1214756794171192,0.4882282903312837,0.8727159540882656
1769100027.2657309,-2.2500085051815812,-11.163412055106107,2.122741213742091,0.48767596662830576,0.873024714182335
1769100027.3157191,-2.2533970868722633,-11.157918920615547,2.124323131648353,0.48698528743736763,0.8734101727250172
1769100027.3657331,-2.2584557999015136,-11.149738669134072,2.124955898810839,0.48670893043037156,0.8735642031581443
1769100027.415703,-2.2618122415892596,-11.144314932344274,2.124955898810839,0.48670893043037156,0.8735642031581443
1769100027.4657397,-2.2651776941087087,-11.138867009718524,2.123373980904671,0.48739973153945276,0.8731789631543292
1769100027.515692,-2.270280660721307,-11.130565372801879,2.1205265286733437,0.4886424048343787,0.8724841546971929
1769100027.5657415,-2.2736483627895305,-11.12505941283241,2.118944610767176,0.4893323510647427,0.8720973857324945
1769100027.6156979,-2.2770741021983794,-11.119440609645151,2.1176790764421103,0.4898840876532053,0.871787577718441
1769100027.6657388,-2.282169214243357,-11.111074817728817,2.1179954600234003,0.489746171886212,0.8718650624510658
1769100027.7156887,-2.285526458614079,-11.105562474218052,2.1176790764421103,0.4898840876532053,0.871787577718441
1769100027.765731,-2.288901244237248,-11.10003118206814,2.119577377929568,0.48905640928456184,0.8722521588036862
1769100027.8157372,-2.293820478650738,-11.092002846881948,2.1214756794171197,0.4882282903312835,0.8727159540882657
1769100027.8657434,-2.296935277388587,-11.086935612437141,2.1224248301608957,0.487814065868544,0.8729475569246986
1769100027.9157221,-2.3002407332139256,-11.081569635153931,2.1233739809045775,0.4873997315394937,0.8731789631543063
1769100027.9657545,-2.3052599427683464,-11.073424487461995,2.1227412137421853,0.4876759666282647,0.8730247141823578
1769100028.0156963,-2.308616773250085,-11.067971247239623,2.1224248301608952,0.48781406586854414,0.8729475569246985
1769100028.0657287,-2.3120390645202185,-11.06240969400018,2.1224248301608015,0.48781406586858506,0.8729475569246756
1769100028.115723,-2.317185766120259,-11.05404580773312,2.1224248301608952,0.48781406586854414,0.8729475569246985
1769100028.1657376,-2.320606297577937,-11.048483172108089,2.1217920629983156,0.48809022772352945,0.8727931768757093
1769100028.2157202,-2.324076285411399,-11.042832097244723,2.1211592958358296,0.48836634072134016,0.8726387094613944
1769100028.2657497,-2.3291106304917313,-11.034607138486248,2.118944610767176,0.4893323510647427,0.8720973857324945
1769100028.3156981,-2.332445003428592,-11.029140138011806,2.117995460023306,0.489746171886253,0.8718650624510428
1769100028.3657436,-2.335760164980061,-11.023691072034383,2.116729925698428,0.49029776138525444,0.871554992631336
1769100028.4157062,-2.3407251473394464,-11.015512756459302,2.1160971585358483,0.49057348253146155,0.8713998268515744
1769100028.4657607,-2.3440491362596205,-11.010039436193853,2.11704630927953,0.4901598824062183,0.8716325428066132
1769100028.5157745,-2.3472064331333247,-11.004849849288954,2.11767907644211,0.48988408765320546,0.8717875777184408
1769100028.565751,-2.352050773487419,-10.996924055439315,2.1211592958359233,0.48836634072129925,0.8726387094614173
1769100028.6156905,-2.3553635362672924,-10.991532856536075,2.1224248301608952,0.48781406586854414,0.8729475569246985
1769100028.665741,-2.3587645339385257,-10.986017642515723,2.124323131648353,0.48698528743736763,0.8734101727250172
1769100028.7156932,-2.3637287899379125,-10.977987294371845,2.124639515229549,0.4868471150254777,0.8734871988709219
1769100028.7657452,-2.3670976893871334,-10.972541501839341,2.124955898810839,0.48670893043037156,0.8735642031581443
1769100028.8157036,-2.3705039205792486,-10.967029517902475,2.123690364485867,0.48726159569783295,0.8732560548647811
1769100028.8657737,-2.3755419106315157,-10.958836491967753,2.1205265286733437,0.4886424048343787,0.8724841546971929
1769100028.915695,-2.3790170628021667,-10.953158894817193,2.1195773779295677,0.489056409284562,0.8722521588036861
1769100028.9657655,-2.382407666450866,-10.947607603903798,2.118628227185886,0.4894703035885496,0.8720199664600192
1769100029.0156946,-2.3875344297541012,-10.939201820285152,2.11831184360469,0.489608243863496,0.871942525365579
1769100029.0659823,-2.3908969045445394,-10.93369266597172,2.119260994348372,0.4891943862956097,0.8721747831810215
1769100029.1156955,-2.394183665721336,-10.928315217316968,2.119577377929662,0.489056409284521,0.8722521588037092
1769100029.1657472,-2.399138730603436,-10.92021978411751,2.1205265286733437,0.4886424048343787,0.8724841546971929
1769100029.215697,-2.4022611469109236,-10.915127526161045,2.1211592958359233,0.48836634072129925,0.8726387094614173
1769100029.26576,-2.405570497875023,-10.909734231769843,2.1211592958358296,0.48836634072134016,0.8726387094613944
1769100029.3156962,-2.4106350050162773,-10.901498082447514,2.123057597323381,0.4875378551841095,0.873101849592863
1769100029.3657746,-2.4139670107987854,-10.896089004764676,2.122741213742091,0.48767596662830576,0.873024714182335
1769100029.4156997,-2.417392820494655,-10.890529618244788,2.1233739809046708,0.48739973153945293,0.8731789631543291
1769100029.4657826,-2.422496934812102,-10.882258410554098,2.1240067480671567,0.487123447662625,0.8733331247223352
1769100029.5156994,-2.4257808916360304,-10.87693864788577,2.1236903644858667,0.48726159569783317,0.873256054864781
1769100029.5657609,-2.4308677982205946,-10.868686564920708,2.122741213742185,0.4876759666282649,0.8730247141823577
1769100029.615701,-2.4340729006845514,-10.863466871124118,2.1202101450921473,0.48878041855045234,0.8724068445637303
1769100029.6657639,-2.437465260274447,-10.857916653590241,2.1186282271857917,0.4894703035885906,0.8720199664599962
1769100029.7157001,-2.442330226167293,-10.849914504052776,2.115464391373362,0.49084915457192413,0.8712445738459593
1769100029.765767,-2.445517841125419,-10.844654492485319,2.115780774954652,0.49071132469161016,0.8713222112510418
1769100029.820532,-2.450310820714705,-10.83675668358745,2.116729925698428,0.49029776138525444,0.871554992631336
1769100029.86576,-2.453662831529016,-10.83124115602918,2.117046309279624,0.4901598824061774,0.8716325428066362
1769100029.9157014,-2.456944486121725,-10.825860591960607,2.1198937615108577,0.48891842003501146,0.8723295125985754
1769100029.9657626,-2.4617413640661248,-10.81805414011626,2.123690364485867,0.48726159569783295,0.8732560548647811
1769100030.0157068,-2.465090939142826,-10.812626159978695,2.123690364485867,0.48726159569783295,0.8732560548647811
1769100030.0657535,-2.4684031831478235,-10.807264370159182,2.124639515229643,0.48684711502543654,0.8734871988709447
1769100030.1195667,-2.4734687192801115,-10.799058583220916,2.123057597323381,0.4875378551841095,0.873101849592863
1769100030.1657467,-2.4768662268778296,-10.793541217528816,2.1224248301608952,0.48781406586854414,0.8729475569246985
1769100030.215708,-2.4801135702428274,-10.788258356086349,2.1214756794170255,0.4882282903313246,0.8727159540882428
1769100030.2657428,-2.485290729429863,-10.779824062572228,2.1211592958359233,0.48836634072129925,0.8726387094614173
1769100030.31677,-2.4887448010641613,-10.774192916775059,2.1208429122545396,0.4885043788902037,0.8725614429970513
1769100030.3657477,-2.4919961635852035,-10.768882827023674,2.1195773779296614,0.48905640928452115,0.8722521588037091
1769100030.4157069,-2.4968285568592865,-10.76097938969965,2.1195773779295677,0.489056409284562,0.8722521588036861
1769100030.4657648,-2.5001540565678617,-10.755536626440128,2.1189446107670817,0.48933235106478373,0.8720973857324715
1769100030.5205307,-2.5049670108402537,-10.747650973924456,2.118628227185886,0.4894703035885496,0.8720199664600192
1769100030.5657585,-2.5082627004202185,-10.742249320623264,2.118628227185792,0.48947030358859045,0.8720199664599964
1769100030.6255474,-2.511401823653605,-10.737107939676026,2.119260994348278,0.48919438629565054,0.8721747831809985
1769100030.6657727,-2.516429441118733,-10.72890854455454,2.1224248301608952,0.48781406586854414,0.8729475569246985
1769100030.7166486,-2.51969591066526,-10.723607734417165,2.123690364485867,0.48726159569783295,0.8732560548647811
1769100030.7657757,-2.5230330489762203,-10.718201821746103,2.124006748067157,0.48712344766262483,0.8733331247223353
1769100030.817609,-2.5281397799976726,-10.70993222918936,2.1240067480670635,0.48712344766266574,0.8733331247223124
1769100030.8657858,-2.5314520241131824,-10.704570439190949,2.1243231316483535,0.4869852874373674,0.8734101727250173
1769100030.9226375,-2.534709390084913,-10.699293751700042,2.1233739809046717,0.48739973153945254,0.8731789631543293
1769100030.965785,-2.5398534438580196,-10.690928239752735,2.120842912254634,0.4885043788901624,0.8725614429970744
1769100031.0189924,-2.543219402976227,-10.685421215859446,2.1179954600234003,0.489746171886212,0.8718650624510658
1769100031.065772,-2.548344671911343,-10.676984894458748,2.115464391373363,0.49084915457192374,0.8712445738459595
1769100031.1156693,-2.5515585223835373,-10.671681590615004,2.1157807749545587,0.4907113246916508,0.8713222112510189
1769100031.1657846,-2.554905296621662,-10.666162883978078,2.116097158535849,0.4905734825314614,0.8713998268515745
1769100031.2160366,-2.5597057694611736,-10.658269629214029,2.1183118436046904,0.48960824386349583,0.8719425253655791
1769100031.2657528,-2.562975093469955,-10.652911189228643,2.1189446107670826,0.48933235106478334,0.8720973857324718
1769100031.3157868,-2.56606465617672,-10.647858172260317,2.1202101450921482,0.488780418550452,0.8724068445637305
1769100031.3657537,-2.570991507898175,-10.639834510721757,2.122741213742092,0.4876759666283054,0.8730247141823352
1769100031.4157922,-2.574190764446314,-10.63464093414182,2.123057597323382,0.48753785518410914,0.8731018495928632
1769100031.4657593,-2.5775369042050795,-10.629210835589948,2.123057597323382,0.48753785518410914,0.8731018495928632
1769100031.515789,-2.582538979499118,-10.621084861300456,2.122108446579606,0.4879521529014506,0.8728703778218386
1769100031.565771,-2.585920607066363,-10.615587442293162,2.122424830160802,0.4878140658685849,0.8729475569246757
1769100031.6158075,-2.5893694277261825,-10.609982776237917,2.1224248301608957,0.487814065868544,0.8729475569246986
1769100031.6657727,-2.594460451291104,-10.60170350460996,2.1217920629984097,0.48809022772348837,0.8727931768757323
1769100031.7159991,-2.5976796279104537,-10.596462749635291,2.1214756794171197,0.4882282903312835,0.8727159540882657
1769100031.7658074,-2.6027549244882198,-10.588173830707177,2.118944610767082,0.48933235106478357,0.8720973857324716
1769100031.815771,-2.605892420916005,-10.583031456850229,2.1183118436045962,0.48960824386353685,0.871942525365556
1769100031.8657677,-2.609104008347943,-10.577756392923817,2.1170463092796243,0.49015988240617725,0.8716325428066363
1769100031.915761,-2.614146457231386,-10.569477069969729,2.1186282271858863,0.48947030358854937,0.8720199664600193
1769100031.9657753,-2.6174191710665013,-10.564120700045907,2.119893761510858,0.48891842003501124,0.8723295125985755
1769100032.0157695,-2.620645765950952,-10.558854802333983,2.1211592958359238,0.4883663407212991,0.8726387094614174
1769100032.0657694,-2.6256478397428804,-10.5507288304847,2.1240067480670635,0.48712344766266574,0.8733331247223124
1769100032.116074,-2.62881457046279,-10.545604407661923,2.1246395152295494,0.4868471150254775,0.873487198870922
1769100032.165787,-2.6336578056814783,-10.537767055109441,2.124006748067157,0.48712344766262483,0.8733331247223353
1769100032.2157872,-2.637048125479465,-10.532274992435655,2.123690364485867,0.48726159569783295,0.8732560548647811
1769100032.2658126,-2.640394265014935,-10.526844894246144,2.1224248301608952,0.48781406586854414,0.8729475569246985
1769100032.3157668,-2.6453356343928185,-10.518800443999723,2.1208429122546333,0.4885043788901628,0.8725614429970742
1769100032.3658242,-2.6488654640309184,-10.513037612053408,2.1198937615109514,0.4889184200349706,0.8723295125985983
1769100032.4157796,-2.6521101035786026,-10.507723412287788,2.1179954600234,0.4897461718862122,0.8718650624510657
1769100032.4658227,-2.657276142740552,-10.499223012693855,2.1157807749545583,0.490711324691651,0.8713222112510188
1769100032.5157743,-2.6605738548484124,-10.493792960144638,2.1173626928608202,0.49002199116102435,0.8717100711696435
1769100032.565794,-2.663927610517291,-10.488278493383584,2.1170463092796243,0.49015988240617725,0.8716325428066363
1769100032.6157668,-2.6687713161523483,-10.480322659265056,2.1183118436045962,0.48960824386353685,0.871942525365556
1769100032.6657903,-2.6720406401611356,-10.474964219279663,2.118944610767082,0.48933235106478357,0.8720973857324716
1769100032.7157767,-2.6753802006028327,-10.46950038608988,2.119893761510858,0.48891842003501124,0.8723295125985755
1769100032.7657785,-2.6803403866858986,-10.461408090453245,2.12147567941712,0.4882282903312833,0.8727159540882659
1769100032.8157802,-2.6837874337187895,-10.455802333902383,2.1227412137421857,0.4876759666282645,0.8730247141823579
1769100032.8660092,-2.687161861377197,-10.450330207035105,2.1240067480671576,0.4871234476626246,0.8733331247223354
1769100032.915775,-2.6922712084210865,-10.442062230716004,2.1246395152296436,0.48684711502543637,0.8734871988709448
1769100032.9659927,-2.69567918357133,-10.436551324362865,2.12463951522955,0.4868471150254773,0.8734871988709221
1769100033.0157833,-2.6990321925688816,-10.431125464903456,2.124006748067064,0.4871234476626656,0.8733331247223125
1769100033.0660388,-2.7041138749622746,-10.422870167242243,2.121159295835924,0.48836634072129886,0.8726387094614175
1769100033.1157773,-2.7074709725698227,-10.417387392102631,2.1192609943483727,0.4891943862956093,0.8721747831810217
1769100033.1657841,-2.7108844213169263,-10.4117907398165,2.1176790764421107,0.48988408765320507,0.8717875777184411
1769100033.2159958,-2.7159795333618995,-10.40342494790017,2.1179954600233066,0.48974617188625286,0.8718650624510429
1769100033.2657712,-2.7192841150758227,-10.397999072522913,2.1176790764421107,0.48988408765320507,0.8717875777184411
1769100033.3157973,-2.7226993339990946,-10.392403501036114,2.1198937615108586,0.48891842003501107,0.8723295125985756
1769100033.365782,-2.727647569351391,-10.384333567894027,2.1217920629983165,0.48809022772352906,0.8727931768757096
1769100033.4157863,-2.730947930677363,-10.378964455473355,2.1221084465796065,0.48795215290145044,0.8728703778218387
1769100033.4657845,-2.734239265997922,-10.373619507726648,2.1233739809045784,0.4873997315394933,0.8731789631543065
1769100033.515782,-2.7392224748653824,-10.365541367961333,2.1236903644857743,0.4872615956978735,0.8732560548647584
1769100033.565784,-2.7426093186749467,-10.360047161287467,2.1227412137420925,0.4876759666283052,0.8730247141823353
1769100033.6157787,-2.745952021720238,-10.354614946586084,2.1221084465796065,0.48795215290145044,0.8728703778218387
1769100033.6658413,-2.750936982377386,-10.346508159648465,2.1221084465796065,0.48795215290145044,0.8728703778218387
1769100033.715786,-2.7542232432194957,-10.341160090068783,2.1214756794171206,0.4882282903312831,0.872715954088266
1769100033.7657764,-2.757689654370415,-10.335506820925486,2.1202101450921487,0.4887804185504518,0.8724068445637305
1769100033.8160987,-2.7628125190294908,-10.327128314157498,2.118944610767083,0.4893323510647832,0.8720973857324719
1769100033.865787,-2.7661468919663514,-10.321661313683057,2.117995460023401,0.4897461718862116,0.871865062451066
1769100033.9159117,-2.7692408230530923,-10.316581310839807,2.117679076442111,0.4898840876532049,0.8717875777184412
1769100033.9658031,-2.7742280174497758,-10.308386876913954,2.1173626928609153,0.49002199116098294,0.8717100711696668
1769100034.0160573,-2.7773590035684355,-10.303240536480738,2.1173626928608216,0.4900219911610238,0.8717100711696438
1769100034.0657635,-2.7822961274782934,-10.295134149235388,2.1183118436045976,0.4896082438635363,0.8719425253655564
1769100034.1157842,-2.7857148864114962,-10.28954073990706,2.1205265286733455,0.48864240483437793,0.8724841546971933
1769100034.1658354,-2.7888389135131355,-10.284449470341512,2.1217920629983174,0.48809022772352867,0.8727931768757098
1769100034.2157962,-2.7938872680838207,-10.276262826715303,2.1249558988109345,0.48670893043032987,0.8735642031581676
1769100034.266135,-2.797149641068252,-10.270989233156158,2.1246395152296444,0.486847115025436,0.8734871988709451
1769100034.3157852,-2.8003071013220433,-10.265888837453883,2.1255886659734204,0.486432524704466,0.8737181461487675
1769100034.365793,-2.805363224735616,-10.257706987935585,2.123057597323383,0.48753785518410875,0.8731018495928633
1769100034.4160292,-2.808758986389448,-10.252188547880216,2.1217920629983174,0.48809022772352867,0.8727931768757098
1769100034.4658215,-2.8120153875208147,-10.24688154655342,2.120526528673439,0.4886424048343371,0.8724841546972162
1769100034.515796,-2.817150125841343,-10.238480634473419,2.1183118436045976,0.4896082438635363,0.8719425253655564
1769100034.565784,-2.8203897203839734,-10.233163356740292,2.1176790764421116,0.4898840876532047,0.8717875777184413
1769100034.6160302,-2.8254993247845306,-10.224776756088067,2.1183118436046913,0.48960824386349544,0.8719425253655794
1769100034.6657536,-2.8288107701504135,-10.219355067658963,2.119893761510859,0.48891842003501085,0.8723295125985757
1769100034.7158017,-2.8321273603554964,-10.21393652418999,2.120210145092149,0.4887804185504516,0.8724068445637306
1769100034.7660728,-2.8370516738507012,-10.205911303340848,2.122108446579607,0.4879521529014502,0.8728703778218388
1769100034.8158014,-2.8403661423727424,-10.20052115245147,2.122108446579607,0.4879521529014502,0.8728703778218388
1769100034.865779,-2.8436823160287865,-10.195132050565178,2.1227412137421866,0.4876759666282641,0.8730247141823582
1769100034.9160016,-2.847065682719869,-10.18963570172444,2.1224248301608966,0.4878140658685436,0.8729475569246988
1769100034.9657984,-2.852135401088338,-10.181402757605763,2.1230575973233825,0.48753785518410897,0.8731018495928633
1769100035.0157988,-2.855536399213486,-10.175887542849324,2.1236903644858685,0.4872615956978324,0.8732560548647814
1769100035.065783,-2.8590171082321927,-10.170243065247027,2.1230575973233825,0.48753785518410897,0.8731018495928633
1769100035.1158803,-2.8641518645685053,-10.161901547872944,2.1221084465796065,0.48795215290145044,0.8728703778218387
1769100035.1657846,-2.8675423868620458,-10.1563798872141,2.1208429122546346,0.48850437889016224,0.8725614429970745
1769100035.2161293,-2.8708854037460823,-10.150918168646673,2.1192609943483727,0.4891943862956093,0.8721747831810217
1769100035.265747,-2.8759015201321785,-10.142682081678663,2.116413542117139,0.49043562809484587,0.8714774206456608
1769100035.3157876,-2.8792377781753604,-10.137186599692617,2.116413542117139,0.49043562809484587,0.8714774206456608
1769100035.3657944,-2.8825600353713856,-10.131712227862947,2.116097158535849,0.4905734825314614,0.8713998268515745
1769100035.4158034,-2.8875920027880984,-10.12342652959548,2.1170463092795306,0.49015988240621805,0.8716325428066133
1769100035.4658036,-2.890863020045683,-10.118069127366933,2.1208429122546337,0.4885043788901626,0.8725614429970743
1769100035.515747,-2.8942498608040848,-10.112574925642726,2.125588665973419,0.48643252470446663,0.8737181461487672
1769100035.5660372,-2.899264301676982,-10.10454598412576,2.1325491047608582,0.4833888541911278,0.8754057434377436
1769100035.6157818,-2.902621332508777,-10.099242059190267,2.1376112420608395,0.4811715961554071,0.8766264284478639
1769100035.6657932,-2.9060401781300618,-10.093887448877835,2.1404586942920734,0.4799230329708461,0.8773105963249641
1769100035.715789,-2.9112905391183075,-10.085738400966092,2.1458372151733447,0.4775619837039599,0.8785980603898115
1769100035.7658038,-2.914795555544975,-10.08034898862688,2.149001050985868,0.47617151673873176,0.8793524245982015
1769100035.815804,-2.918445044051846,-10.074781855925862,2.153114037542074,0.4743621287596127,0.8803298079689501
1769100035.8658113,-2.9238641101513396,-10.066591819553617,2.157543407679569,0.4724113137398028,0.8813782109007652
1769100035.9157844,-2.9275047945725268,-10.061140258815039,2.1616563942358686,0.47059776769892064,0.8823478571611044
1769100035.9658039,-2.931166150849977,-10.055702558477815,2.1651366136295884,0.4690616739309744,0.8831654126204628
1769100036.0159996,-2.936460702363651,-10.047916638855266,2.1708315180921494,0.46654500443346697,0.8844974611824368
1769100036.065796,-2.940119526897457,-10.04259969201512,2.176210038973327,0.46416467621430135,0.885748922299583
1769100036.115766,-2.943671095096696,-10.037485520765289,2.1793738747858504,0.46276291394042907,0.8864820841288126
1769100036.1657953,-2.9491547760890264,-10.029676483486153,2.1866506971546733,0.4595344716943806,0.8881599345413902
1769100036.2157857,-2.952900573276139,-10.02442045159073,2.193294752360823,0.4565814496243441,0.8896816171299329
1769100036.2658043,-2.956632643689468,-10.019248006799035,2.198356889660898,0.45432814427901436,0.8908344051034328
1769100036.3157847,-2.962385542330879,-10.011382819574981,2.206266479192113,0.4508015332876836,0.8926242084917222
1769100036.365877,-2.9661685107629197,-10.006278952576114,2.2110122329108046,0.4486821788184537,0.8936913910353648
1769100036.415776,-2.9698655730263908,-10.001332004309152,2.214176068723328,0.44726787158850273,0.8944000508970752
1769100036.4658074,-2.9756433249859384,-9.9936744484801,2.220187356767179,0.44457760718567724,0.8957403369219551
1769100036.515755,-2.979324270765706,-9.988842166988986,2.223351192579609,0.44316006382870404,0.8964425011272831
1769100036.5658028,-2.983281485600354,-9.98367946912379,2.2261986448108426,0.44188332651809803,0.8970725309278509
1769100036.6157968,-2.989264969800569,-9.975924183060544,2.2296788642045624,0.44032165368886905,0.8978400978418706
1769100036.665799,-2.9933201703304864,-9.970709233266996,2.233791850760862,0.4384743217682124,0.8987437171685297
1769100036.7157898,-2.997393496930084,-9.965508426105155,2.2366393029920957,0.4371943129063271,0.8993670734257312
1769100036.766079,-3.0033586775666636,-9.957963665922657,2.2429669746171426,0.4343466797734448,0.9007457808781479
1769100036.8159943,-3.007326370995174,-9.953002041455075,2.2477127283358342,0.432208100155994,0.9017738952528768
1769100036.8661253,-3.0113008867714837,-9.948078365280146,2.2521420984733296,0.43020989665421544,0.9027288877734938
1769100036.9158082,-3.0172611948512555,-9.940789518499644,2.2603680715859285,0.4264933564913506,0.9044906947386147
1769100036.9658287,-3.0212869233782853,-9.935940485904165,2.267012126792078,0.42348626560345987,0.9059025239203365
1769100037.0158274,-3.025327724315824,-9.931137033376856,2.273339798417125,0.42061802402048726,0.9072378287246959
1769100037.0661066,-3.0315680360382498,-9.923818206214877,2.2803002372046577,0.41745809646303406,0.9086961745806241
1769100037.1157622,-3.035817361399665,-9.918893149703305,2.2850459909233494,0.415300699103986,0.9096841920819227
1769100037.165852,-3.0401201353587455,-9.91394741911978,2.288526210317163,0.4137171208577671,0.9104054832376395
1769100037.2157817,-3.0464484624260733,-9.906738195113222,2.2939047311983405,0.4112673103325025,0.9115147829036395
1769100037.2658403,-3.050758236007107,-9.901865940863926,2.2961194162670884,0.4102576992994612,0.9119696377432271
1769100037.315798,-3.055046692252308,-9.897042442550493,2.298966868498322,0.40895888895289845,0.9125528078672548
1769100037.3661656,-3.0612809908990064,-9.890088145503535,2.3043453893795935,0.4065033209254179,0.913649303659017
1769100037.4159195,-3.065390491922349,-9.885546134777305,2.308141992354603,0.4047682077078752,0.9144193228650379
1769100037.4660938,-3.071690513630389,-9.87865132505382,2.31415328039836,0.4020179645592018,0.91563177979561
1769100037.51597,-3.0761220323152414,-9.873855024077322,2.3192154176983415,0.3996991524160241,0.9166463808677324
1769100037.565834,-3.080508692390232,-9.869155229920477,2.324277554998323,0.3973777796781314,0.9176551096234785
1769100037.615817,-3.0869582011809436,-9.862330237741833,2.331554377367052,0.39403635018265926,0.9190948562225385
1769100037.6658242,-3.0912247208464616,-9.85786511036615,2.335350980342155,0.39229092213341066,0.9198411995620323
1769100037.7157733,-3.0957935375114176,-9.853128820386278,2.3410458848046223,0.3896701314535198,0.9209544986876369
1769100037.7661223,-3.102069472594902,-9.846698587208586,2.347057172848286,0.386900314119495,0.9221215467248535
1769100037.8158343,-3.1063520835366605,-9.842354893903261,2.3511701594045853,0.38500316056140305,0.9229152541581109
1769100037.865825,-3.1108509540108553,-9.83783353358255,2.3562322967045666,0.3826659679652995,0.9238867663091513
1769100037.9163296,-3.1176970002869036,-9.831041937265075,2.3641418862358754,0.37900920242145714,0.9253929027606873
1769100037.9658298,-3.12239444235674,-9.826433179578823,2.367305722048399,0.37754483320041704,0.92599130607348
1769100038.0157704,-3.12919373774991,-9.819810629572025,2.3714187086046046,0.37563974129681676,0.9267657658537353
1769100038.0658262,-3.1339013495653454,-9.815248552644597,2.3723678593483806,0.37519987880421773,0.926943930853048
1769100038.1158576,-3.138562271503113,-9.810747423038158,2.3748989279983244,0.3740264992997963,0.9274180167656543
1769100038.1659155,-3.1455426851762125,-9.804057352661781,2.3799610652983993,0.37167794507446394,0.9283617318401398
1769100038.2157683,-3.1502771750786107,-9.799559852676811,2.383757668273315,0.36991496599688467,0.9290656155146005
1769100038.2658288,-3.1549414792296315,-9.795172338180723,2.389768956317166,0.36712085880266554,0.9301732500088321
1769100038.3161223,-3.1595771344976207,-9.790865367686978,2.396096627942119,0.36417611086004587,0.9313301027449138
1769100038.366002,-3.166657219543127,-9.784392925012552,2.405904518960886,0.35960455812185405,0.9331047967822189
1769100038.4160342,-3.171302004277117,-9.780208412016446,2.4106502726795775,0.3573894050357547,0.9339554663730971
1769100038.465828,-3.1760394598432526,-9.775975581016706,2.414130492073391,0.35576367980824863,0.9345759488288226
1769100038.5158262,-3.183213015725557,-9.76960683781957,2.416977944304625,0.35443273950666065,0.9350815115089185
1769100038.5661404,-3.187896002060387,-9.765465113100504,2.4179270950483067,0.3539889329543062,0.9352496112513876
1769100038.6159565,-3.1927320168002904,-9.761190773130313,2.417610711467111,0.35413687733512583,0.9351936014063217
1769100038.6658406,-3.200013467769254,-9.754752968025562,2.417610711467111,0.35413687733512583,0.9351936014063217
1769100038.7160797,-3.204756646582042,-9.750564689429309,2.4188762457921764,0.35354504667584663,0.9354175003553085
1769100038.7660747,-3.212006248564802,-9.744167292748742,2.4182434786295968,0.3538409797149961,0.935305597692183
1769100038.815855,-3.21691949565761,-9.739827458561912,2.417927095048401,0.3539889329542622,0.9352496112514043
1769100038.8658593,-3.221563262769009,-9.735717800932214,2.416345177142139,0.35472856619998516,0.9349693280111935
1769100038.916155,-3.22856351939093,-9.729496971090274,2.4138141084921014,0.3559115175990413,0.9345196582417875
1769100038.9658425,-3.2333636939142076,-9.725220376120474,2.4138141084921014,0.3559115175990413,0.9345196582417875
1769100039.0160663,-3.2380309222074484,-9.721060901715266,2.4134977249109055,0.35605934648323173,0.9344633442687487
1769100039.0658379,-3.245196414157882,-9.714683083749737,2.4150796428170733,0.35532011303360356,0.9347446802596885
1769100039.1160624,-3.2499485740877194,-9.71046676404711,2.416661560723429,0.354580657289928,0.935025431459403
1769100039.166038,-3.2547466583396885,-9.706225949160979,2.4188762457920827,0.3535450466758905,0.9354175003552918
1769100039.215834,-3.2620063695869455,-9.699840030353492,2.42140731444212,0.3523609609221671,0.9358641745563333
1769100039.265829,-3.2667614553160433,-9.695665274484375,2.4207745472796343,0.3526570353409164,0.9357526464961538
1769100039.3159945,-3.2716476462453663,-9.691371306047888,2.420458163698344,0.35280505931449097,0.9356968473400444
1769100039.3658328,-3.2787853691592885,-9.685076652502199,2.4172943278859145,0.3542848128537968,0.93513756815837
1769100039.415846,-3.283652491669068,-9.680761084374552,2.4150796428171666,0.35532011303356,0.934744680259705
1769100039.4660397,-3.2885296328677978,-9.676418684934745,2.413181341329615,0.3562071664572085,0.9344070069110818
1769100039.5158455,-3.295871748218791,-9.669858637451977,2.411599423423353,0.3569461325436728,0.9341249694029781
1769100039.5661435,-3.3008720325253433,-9.665388127973756,2.412548574167035,0.35650277965959154,0.9342942620475546
1769100039.6160266,-3.305574397751756,-9.661191997411605,2.4134977249109046,0.3560593464832322,0.9344633442687486
1769100039.66583,-3.312757784612656,-9.654796214757452,2.4147632592358765,0.35546797752183,0.9346884598391807
1769100039.715839,-3.3174876889192237,-9.65059295029888,2.4153960263983625,0.3551722396535751,0.9348008772885611
1769100039.7658424,-3.322011383979719,-9.646576775808134,2.4157124099796525,0.3550243573854879,0.934857050924376
1769100039.8158462,-3.329131157107035,-9.640261820954864,2.4163451771420448,0.3547285662000292,0.9349693280111768
1769100039.8658419,-3.333754027569408,-9.636166742717924,2.4169779443046244,0.3544327395066608,0.9350815115089184
1769100039.9160082,-3.3386435144886697,-9.631838247640065,2.4169779443046244,0.3544327395066608,0.9350815115089184
1769100039.965845,-3.345791230473403,-9.625516667805709,2.4179270950483063,0.35398893295430645,0.9352496112513875
1769100040.0158367,-3.3506678994770445,-9.62121188867819,2.4188762457920823,0.3535450466758907,0.9354175003552918
1769100040.066142,-3.355263142826969,-9.61716199454784,2.419509012954568,0.35324907824743157,0.9355293093844468
1769100040.116184,-3.3625927458561886,-9.610702246058937,2.418876245792176,0.35354504667584685,0.9354175003553084
1769100040.1659586,-3.3674877063909934,-9.606379942547598,2.4176107114671104,0.354136877335126,0.9351936014063216
1769100040.215832,-3.3720543776679035,-9.602335936346812,2.4160287935609426,0.354876466233043,0.9349132011657274
1769100040.2660275,-3.3794130726771843,-9.595794493909812,2.413814108492101,0.35591151759904155,0.9345196582417874
1769100040.315845,-3.3841741078423735,-9.591550066461174,2.413181341329615,0.3562071664572085,0.9344070069110818
1769100040.3658445,-3.3887618672369046,-9.587453595782083,2.412232190585839,0.3566505728805565,0.9342378545445323
1769100040.4161208,-3.3959034181975385,-9.581086956202359,2.4147632592358765,0.35546797752183,0.9346884598391807
1769100040.4658566,-3.4006947871883053,-9.576838557017254,2.4176107114671104,0.354136877335126,0.9351936014063216
1769100040.516106,-3.4054379660010987,-9.572650278420996,2.4188762457920823,0.3535450466758907,0.9354175003552918
1769100040.565954,-3.412561671181493,-9.566377996607162,2.420458163698344,0.35280505931449097,0.9356968473400444
1769100040.6160564,-3.4171620362070083,-9.562333921089099,2.420458163698344,0.35280505931449097,0.9356968473400444
1769100040.6658456,-3.424037828046578,-9.556277990886342,2.4185598622108864,0.3536930176209422,0.93536156072729
1769100040.7158537,-3.428855551174977,-9.552021175371028,2.4172943278858208,0.3542848128538406,0.9351375681583535
1769100040.7661226,-3.4337057756796403,-9.547724700058776,2.416028793560849,0.3548764662330868,0.9349132011657107
1769100040.8158324,-3.441028696112337,-9.541219205591304,2.414446875654681,0.35561583311459677,0.9346322160284286
1769100040.865854,-3.4460192598654764,-9.536775819524976,2.4138141084921014,0.3559115175990413,0.9345196582417875
1769100040.915882,-3.4508207871128134,-9.532500743536918,2.414446875654681,0.35561583311459677,0.9346322160284286
1769100040.9658577,-3.4581574694143105,-9.52597263327015,2.4144468756545874,0.35561583311464057,0.934632216028412
1769100041.0159857,-3.462978579256683,-9.52168148882687,2.4141304920733915,0.3557636798082484,0.9345759488288227
1769100041.0658803,-3.4677031604015633,-9.51747224187957,2.413497724910812,0.35605934648327553,0.934463344268732
1769100041.11605,-3.4746378680275534,-9.511291970192481,2.413814108492102,0.3559115175990411,0.9345196582417876
1769100041.166084,-3.4792125514679295,-9.507218866298349,2.414446875654588,0.35561583311464035,0.9346322160284121
1769100041.215855,-3.483998541565481,-9.502964405597409,2.415396026398364,0.3551722396535745,0.9348008772885613
1769100041.2660875,-3.49110435620807,-9.496671866298254,2.4182434786295977,0.35384097971499573,0.9353055976921831
1769100041.3158355,-3.4959274622208882,-9.492421151538679,2.420141780117149,0.35295307445920054,0.9356410247684729
1769100041.3658512,-3.50068122664989,-9.488244891656493,2.421407314442121,0.35236096092216673,0.9358641745563334
1769100041.4158452,-3.508003041393758,-9.481814609420677,2.420458163698345,0.3528050593144905,0.9356968473400447
1769100041.4658892,-3.5128681894156824,-9.477535039724824,2.419825396535859,0.35310108077143,0.9355851787828022
1769100041.5159817,-3.5177265602092787,-9.473247780195013,2.4172943278858217,0.3542848128538402,0.9351375681583536
1769100041.5658474,-3.525055651303766,-9.466749239862724,2.4150796428170738,0.35532011303360334,0.9347446802596885
1769100041.6160364,-3.529876760663558,-9.462458095848977,2.413497724910812,0.35605934648327553,0.934463344268732
1769100041.6660895,-3.5348085282122934,-9.458062861760878,2.413814108492102,0.3559115175990411,0.9345196582417876
1769100041.7158527,-3.542047606636501,-9.451615440439042,2.414130492073392,0.3557636798082482,0.9345759488288227
1769100041.765856,-3.5465504749353727,-9.447613933208546,2.4160287935608498,0.3548764662330864,0.934913201165711
1769100041.8158457,-3.5513249146821466,-9.443384590323053,2.4172943278859154,0.3542848128537964,0.9351375681583702
1769100041.865877,-3.5584187274775143,-9.43711668086349,2.4185598622107936,0.3536930176209856,0.9353615607272736
1769100041.9162164,-3.5632601475057637,-9.432848464599568,2.4195090129546633,0.3532490782473871,0.9355293093844635
1769100041.965859,-3.5679496798468504,-9.428714153159614,2.4185598622108873,0.35369301762094174,0.9353615607272902
1769100042.0160255,-3.5750654422491195,-9.422432860448794,2.418243478629597,0.3538409797149959,0.9353055976921831
1769100042.0660129,-3.5798818183498855,-9.418174520898054,2.4169779443046253,0.35443273950666043,0.9350815115089186
1769100042.1159897,-3.58473476079474,-9.41388111529366,2.4176107114671113,0.3541368773351256,0.9351936014063218
1769100042.1658604,-3.591958314855873,-9.407492462781056,2.417294327885821,0.35428481285384045,0.9351375681583535
1769100042.2158515,-3.5967158073523375,-9.403282160053267,2.4169779443046253,0.35443273950666043,0.9350815115089186
1769100042.2658615,-3.6016797092422657,-9.398884985880812,2.4163451771421394,0.354728566199985,0.9349693280111936
1769100042.31584,-3.6087178050891753,-9.392630529931616,2.413814108492102,0.3559115175990411,0.9345196582417876
1769100042.366163,-3.6135726203201317,-9.388301119696838,2.41286495774842,0.3563549775171836,0.9343506461702307
1769100042.415808,-3.6183869358947813,-9.384002354025963,2.41254857416713,0.3565027796595472,0.9342942620475716
1769100042.4658766,-3.6255025599677815,-9.377644672410117,2.41223219058584,0.35665057288055607,0.9342378545445326
1769100042.515858,-3.63012677189851,-9.373513022553666,2.41254857416713,0.3565027796595472,0.9342942620475716
1769100042.5660422,-3.63475751242634,-9.369388694363604,2.415396026398364,0.3551722396535745,0.9348008772885613
1769100042.6160617,-3.6418832733366764,-9.363080502617578,2.4185598622107936,0.3536930176209856,0.9353615607272736
1769100042.6658654,-3.6466134131029717,-9.358915707910088,2.420774547279635,0.352657035340916,0.9357526464961539
1769100042.715819,-3.651444580203745,-9.354674155947055,2.421407314442121,0.35236096092216673,0.9358641745563334
1769100042.7660396,-3.6587103511978105,-9.348295128979043,2.420774547279635,0.352657035340916,0.9357526464961539
1769100042.8159268,-3.663270157270047,-9.344281590076028,2.4188762457920836,0.35354504667589004,0.935417500355292
1769100042.8658664,-3.6705915784213916,-9.337812571761654,2.416977944304532,0.354432739506704,0.9350815115089021
1769100042.916069,-3.67540121175378,-9.333546618786512,2.415079642817168,0.3553201130335593,0.9347446802597053
1769100042.9660928,-3.680320312314666,-9.329175223676677,2.415079642817074,0.3553201130336031,0.9347446802596886
1769100043.0158536,-3.6877368023910857,-9.322584504895687,2.415079642817074,0.3553201130336031,0.9347446802596886
1769100043.0658984,-3.6924667067765564,-9.318381240366994,2.415079642817074,0.3553201130336031,0.9347446802596886
1769100043.1158512,-3.6973310983738665,-9.314062592627732,2.41602879356085,0.35487646623308616,0.9349132011657111
1769100043.1658633,-3.702045392959418,-9.309879868679355,2.4157124099796543,0.35502435738548704,0.9348570509243763
1769100043.215818,-3.70918910623354,-9.303553768326289,2.417927095048308,0.3539889329543056,0.9352496112513878
1769100043.265878,-3.7136262403437255,-9.299630730906031,2.417294327885822,0.35428481285384,0.9351375681583537
1769100043.3158972,-3.7207719561651054,-9.293306889757122,2.416977944304626,0.35443273950666,0.9350815115089187
1769100043.3658879,-3.7255321113737874,-9.289099598678192,2.418559862210888,0.35369301762094135,0.9353615607272904
1769100043.4158535,-3.7303904834642267,-9.284812338003984,2.4185598622107944,0.35369301762098515,0.9353615607272738
1769100043.46612,-3.737548190721676,-9.278502073174579,2.419509012954664,0.3532490782473867,0.9355293093844638
1769100043.5158632,-3.7422783314349264,-9.274337277633313,2.41982539653586,0.3531010807714296,0.9355851787828025
1769100043.5661795,-3.7471970666368177,-9.270003664947541,2.418876245792084,0.3535450466758899,0.935417500355292
1769100043.6158655,-3.754438563791791,-9.263597101337389,2.4157124099796543,0.35502435738548704,0.9348570509243763
1769100043.6662488,-3.7593744998699545,-9.25920655109821,2.4134977249109064,0.35605934648323134,0.9344633442687489
1769100043.7158806,-3.7642461421154247,-9.254857982585056,2.412232190585841,0.3566505728805557,0.9342378545445327
1769100043.7661943,-3.7712247079322156,-9.248612826786262,2.410966656260869,0.35724165647699097,0.9340119907568508
1769100043.817245,-3.7761076291014355,-9.244238899647014,2.411283039842159,0.35709389897838306,0.9340684917672881
1769100043.8658772,-3.7807891243429945,-9.24005739978038,2.4138141084921965,0.3559115175989969,0.9345196582418044
1769100043.915864,-3.7876399483069596,-9.233973242464982,2.4169779443045325,0.35443273950670384,0.9350815115089021
1769100043.9659142,-3.7923818013842565,-9.229783463763962,2.418876245792084,0.3535450466758899,0.935417500355292
1769100044.0159085,-3.7969023499873535,-9.225801940259865,2.4201417801171496,0.3529530744592003,0.935641024768473
1769100044.0660675,-3.8041040473312506,-9.219465031653753,2.4198253965358596,0.3531010807714298,0.9355851787828023
1769100044.1158485,-3.8085878573088525,-9.215518384473206,2.4198253965358596,0.3531010807714298,0.9355851787828023
1769100044.1659136,-3.815955437187096,-9.209025166109859,2.418559862210794,0.3536930176209854,0.9353615607272737
1769100044.2158182,-3.8203742266835983,-9.205119593116272,2.416977944304626,0.35443273950666,0.9350815115089187
1769100044.265884,-3.8253788235798565,-9.20069201858674,2.417610711467206,0.35413687733508137,0.9351936014063384
1769100044.3158312,-3.8326981987726056,-9.19422068324708,2.417610711467112,0.35413687733512517,0.9351936014063219
1769100044.3662093,-3.8375890548303144,-9.189893735411399,2.416977944304626,0.35443273950666,0.9350815115089187
1769100044.415948,-3.8424981805537595,-9.185549239767983,2.4172943278859162,0.354284812853796,0.9351375681583703
1769100044.4658759,-3.8496957138304038,-9.179169382257735,2.4153960263983647,0.35517223965357403,0.9348008772885614
1769100044.5158226,-3.8545404974388346,-9.174866771974973,2.4153960263983647,0.35517223965357403,0.9348008772885614
1769100044.565932,-3.8592129857949398,-9.170713207575243,2.4144468756545887,0.35561583311463996,0.9346322160284122
1769100044.6158226,-3.8663646007485246,-9.164357872031971,2.4157124099796543,0.35502435738548704,0.9348570509243763
1769100044.6660228,-3.871157314742621,-9.16011098797803,2.417294327885822,0.35428481285384,0.9351375681583537
1769100044.71592,-3.875935766861275,-9.15588617844853,2.4179270950484018,0.3539889329542618,0.9352496112514045
1769100044.7660398,-3.8832094155740293,-9.149477787868506,2.4207745472796356,0.3526570353409158,0.935752646496154
1769100044.8158252,-3.887964501303128,-9.14530303199939,2.4214073144421215,0.3523609609221665,0.9358641745563335
1769100044.8662307,-3.8928717497755647,-9.140994683942454,2.4207745472796356,0.3526570353409158,0.935752646496154
1769100044.9159086,-3.900013455382639,-9.134704547228864,2.418243478629692,0.35384097971495165,0.9353055976921998
1769100044.965967,-3.9048846718241323,-9.130393600677397,2.41602879356085,0.35487646623308616,0.9349132011657111
1769100045.015926,-3.9095206292040072,-9.126275135187651,2.4144468756545883,0.3556158331146401,0.9346322160284121
1769100045.0658884,-3.916582619752371,-9.119971398543738,2.4112830398421585,0.3570938989783833,0.934068491767288
1769100045.1158488,-3.9216555077114243,-9.115430198659912,2.4115994234233544,0.3569461325436722,0.9341249694029783
1769100045.166001,-3.9261079613245604,-9.111448210272783,2.4122321905858404,0.3566505728805559,0.9342378545445327
1769100045.217368,-3.9332495122851943,-9.10508157069306,2.414763259235878,0.3554679775218294,0.9346884598391809
1769100045.2659154,-3.938019935200083,-9.10084769840346,2.4166615607233357,0.3545806572899716,0.9350254314593864
1769100045.3223433,-3.942813993078545,-9.096602330473113,2.4169779443046258,0.3544327395066602,0.9350815115089186
1769100045.3662086,-3.9496204388040628,-9.090582576731641,2.4179270950483076,0.35398893295430583,0.9352496112513878
1769100045.415906,-3.9541163444449765,-9.086611377108941,2.4182434786296914,0.3538409797149519,0.9353055976921998
1769100045.4661453,-3.961325976721539,-9.080245193217799,2.4182434786295977,0.35384097971499573,0.9353055976921831
1769100045.51583,-3.9660298956020257,-9.076088932191672,2.4176107114671117,0.3541368773351254,0.9351936014063218
1769100045.5658855,-3.971019022792346,-9.071682073685679,2.4185598622108877,0.3536930176209415,0.9353615607272903
1769100045.6193466,-3.9780228881468247,-9.065503497256962,2.4188762457920836,0.35354504667589004,0.935417500355292
1769100045.6660922,-3.9828629577007337,-9.061233749318415,2.4185598622107936,0.3536930176209856,0.9353615607272736
1769100045.715832,-3.9875315496313886,-9.057113959764296,2.4185598622108873,0.35369301762094174,0.9353615607272902
1769100045.7660155,-3.9948668045390057,-9.050622379636843,2.4157124099796534,0.35502435738548743,0.9348570509243762
1769100045.8158367,-3.999806906676209,-9.046236515444013,2.4153960263983634,0.35517223965357464,0.9348008772885612
1769100045.8661973,-4.004496331773056,-9.04206390950826,2.413497724910812,0.35605934648327553,0.934463344268732
1769100045.9184055,-4.011673645196514,-9.035661311298643,2.4128649577484196,0.3563549775171838,0.9343506461702306
1769100045.9658947,-4.016434680123417,-9.031416884062436,2.4141304920732978,0.3557636798082922,0.934575948828806
1769100046.0244129,-4.020974111153169,-9.027380313980723,2.4153960263983634,0.35517223965357464,0.9348008772885612
1769100046.0658922,-4.028217631976955,-9.02097604434621,2.4198253965358587,0.3531010807714302,0.9355851787828022
1769100046.1159635,-4.0328940357817435,-9.016865124879029,2.4210909308608306,0.3525090025422695,0.9358084222353709
1769100046.1661234,-4.037763243649576,-9.012590174797731,2.4210909308609243,0.35250900254222567,0.9358084222353874
1769100046.2158785,-4.044624816518665,-9.006556398741377,2.4195090129545687,0.35324907824743135,0.9355293093844469
1769100046.266134,-4.049466236546914,-9.002288182477455,2.418559862210887,0.35369301762094196,0.9353615607272902
1769100046.3224444,-4.054320536464016,-8.997996313052047,2.4166615607233353,0.3545806572899718,0.9350254314593863
1769100046.3662355,-4.061587709936832,-8.991542399350648,2.4141304920732978,0.3557636798082922,0.934575948828806
1769100046.4170651,-4.066631428147595,-8.98704452987381,2.41254857416713,0.3565027796595472,0.9342942620475716
1769100046.4661775,-4.07144574372224,-8.982745764202939,2.412864957748326,0.35635497751722756,0.9343506461702139
1769100046.5167873,-4.078738440078528,-8.976244379626845,2.4141304920732978,0.3557636798082922,0.934575948828806
1769100046.5658977,-4.083579137598762,-8.971937172924747,2.4147632592358774,0.35546797752182957,0.9346884598391809
1769100046.623452,-4.088307711903642,-8.967732412142363,2.4147632592358774,0.35546797752182957,0.9346884598391809
1769100046.666144,-4.095475222049753,-8.961356860901828,2.4144468756545874,0.35561583311464057,0.934632216028412
1769100046.7174304,-4.1001281390881275,-8.957219376360992,2.4150796428170733,0.35532011303360356,0.9347446802596885
1769100046.7660933,-4.1048972228731095,-8.952983994434561,2.4157124099795593,0.35502435738553145,0.9348570509243594
1769100046.8173835,-4.111943229721159,-8.946738449193019,2.416977944304625,0.35443273950666065,0.9350815115089185
1769100046.865901,-4.116779243976984,-8.942464109650684,2.4185598622107927,0.353693017620986,0.9353615607272735
1769100046.9163394,-4.121563038909157,-8.938245350797924,2.4191926293733723,0.35339706688345673,0.9354734165748215
1769100046.9659226,-4.128840742884405,-8.931841562530902,2.4207745472796343,0.3526570353409164,0.9357526464961538
1769100047.0161889,-4.133764958645868,-8.927514177997628,2.420458163698344,0.35280505931449097,0.9356968473400444
1769100047.0659013,-4.138341850483279,-8.923481743700213,2.4182434786295963,0.35384097971499634,0.9353055976921829
1769100047.1161559,-4.145677106369895,-8.916990162706362,2.4160287935609426,0.354876466233043,0.9349132011657274
1769100047.1660898,-4.150500929576498,-8.912702070620409,2.413814108492101,0.35591151759904155,0.9345196582417874
1769100047.2161,-4.155434087458268,-8.908308397082552,2.414130492073391,0.35576367980824863,0.9345759488288226
1769100047.265946,-4.1626313033320494,-8.901890088952683,2.412548574167129,0.3565027796595476,0.9342942620475714
1769100047.3159244,-4.1671643431620975,-8.897846342917415,2.413814108492101,0.35591151759904155,0.9345196582417874
1769100047.366174,-4.171950332461198,-8.89359188292625,2.416028793560849,0.3548764662330868,0.9349132011657107
1769100047.4160023,-4.179062115284018,-8.88730609199843,2.4195090129545687,0.35324907824743135,0.9355293093844469
1769100047.4661734,-4.183907584311508,-8.883042472893834,2.4204581636983447,0.35280505931449074,0.9356968473400445
1769100047.516123,-4.188563034945767,-8.878946054538435,2.419509012954663,0.3532490782473873,0.9355293093844635
1769100047.5659146,-4.195704742459174,-8.872655916145822,2.419509012954663,0.3532490782473873,0.9355293093844635
1769100047.6162477,-4.200487201767632,-8.868435644553308,2.4176107114671113,0.3541368773351256,0.9351936014063218
1769100047.666006,-4.205303578189806,-8.8641773047184,2.4176107114671113,0.3541368773351256,0.9351936014063218
1769100047.7161186,-4.212824160265681,-8.857513222502408,2.4153960263983634,0.35517223965357464,0.9348008772885612
1769100047.7660704,-4.217594583817254,-8.853279349647735,2.4160287935608493,0.35487646623308655,0.9349132011657109
1769100047.81592,-4.222575336643457,-8.848863028072664,2.4163451771421394,0.354728566199985,0.9349693280111936
1769100047.8661635,-4.229918210697455,-8.842341885341998,2.414446875654588,0.35561583311464035,0.9346322160284121
1769100047.9159884,-4.234455086836677,-8.838302443463512,2.413814108492102,0.3559115175990411,0.9345196582417876
1769100047.9661386,-4.239293058009737,-8.833992174517576,2.413814108492102,0.3559115175990411,0.9345196582417876
1769100048.0161138,-4.246168168418646,-8.827859159697415,2.41254857416713,0.3565027796595472,0.9342942620475716
1769100048.065926,-4.25073898358061,-8.82378171577852,2.4138141084921956,0.35591151759899736,0.9345196582418043
1769100048.1162233,-4.257699443912296,-8.817592308836176,2.4157124099795597,0.35502435738553123,0.9348570509243596
1769100048.1659129,-4.262492157906387,-8.81334542478224,2.4172943278858217,0.3542848128538402,0.9351375681583536
1769100048.2161195,-4.267254973920802,-8.809141147036147,2.4195090129545695,0.35324907824743096,0.935529309384447
1769100048.2660284,-4.274404634190681,-8.802860053430793,2.422040081604607,0.35206485123258924,0.9359756089378477
1769100048.3159316,-4.279334322461084,-8.79853890412525,2.421723698023411,0.35221291048435704,0.9359199034576294
1769100048.366117,-4.284107765001531,-8.79434669442789,2.420141780117149,0.35295307445920054,0.9356410247684729
1769100048.416209,-4.291435322071882,-8.787884628913389,2.4176107114671117,0.3541368773351254,0.9351936014063218
1769100048.465928,-4.296247653796181,-8.783621720170107,2.415712409979654,0.3550243573854872,0.9348570509243763
1769100048.516121,-4.301149900744587,-8.779269464132016,2.415396026398364,0.3551722396535745,0.9348008772885613
1769100048.5661137,-4.308582173054512,-8.772658405064142,2.413814108492102,0.3559115175990411,0.9345196582417876
1769100048.6162784,-4.313308085699537,-8.768450653107386,2.414446875654588,0.35561583311464035,0.9346322160284121
1769100048.6664402,-4.318189346699602,-8.76411288440325,2.4157124099795597,0.35502435738553123,0.9348570509243596
1769100048.715928,-4.325291180340306,-8.757815848147004,2.4166615607234294,0.35458065728992777,0.935025431459403
1769100048.766211,-4.330107556039312,-8.753557508951475,2.4185598622107936,0.3536930176209856,0.9353615607272736
1769100048.8159194,-4.334527581268772,-8.749653333925242,2.4176107114671117,0.3541368773351254,0.9351936014063218
1769100048.8662188,-4.341641355779692,-8.743369790428096,2.4185598622107936,0.3536930176209856,0.9353615607272736
1769100048.9162233,-4.34642381580622,-8.739149518201922,2.4185598622108873,0.35369301762094174,0.9353615607272902
1769100048.9659188,-4.350939322261996,-8.735162276778727,2.4179270950484013,0.353988932954262,0.9352496112514044
1769100049.0160627,-4.358376627012685,-8.728595055611114,2.4185598622108873,0.35369301762094174,0.9353615607272902
1769100049.066034,-4.363083174975296,-8.724441771832979,2.4185598622108873,0.35369301762094174,0.9353615607272902
1769100049.1159263,-4.368035745607282,-8.72006999210624,2.418243478629597,0.3538409797149959,0.9353055976921831
1769100049.1659255,-4.3752972178605045,-8.713647804002829,2.4166615607233353,0.3545806572899718,0.9350254314593863
1769100049.2159061,-4.379972332740221,-8.709497197724083,2.4144468756545874,0.35561583311464057,0.934632216028412
1769100049.2660825,-4.384846725234977,-8.705151713059015,2.4125485741671295,0.35650277965954735,0.9342942620475715
1769100049.315923,-4.3920715061867295,-8.698688275930103,2.4109666562608676,0.3572416564769916,0.9340119907568506
1769100049.365908,-4.396669676577699,-8.694565482443391,2.4103338890983816,0.3575371446509317,0.9338989186174587
1769100049.4159448,-4.401308165494262,-8.69041183037392,2.412232190585933,0.3566505728805125,0.9342378545445492
1769100049.4659362,-4.408240916048802,-8.684229366206264,2.414446875654587,0.3556158331146408,0.9346322160284118
1769100049.5160635,-4.4129186549550505,-8.680081720262958,2.4179270950483067,0.3539889329543062,0.9352496112513876
1769100049.5659013,-4.420040373668581,-8.673807186405234,2.4207745472796343,0.3526570353409164,0.9357526464961538
1769100049.6159189,-4.424643296654351,-8.669766022723927,2.42140731444212,0.3523609609221671,0.9358641745563333
1769100049.6659248,-4.4293787041120645,-8.665607216810383,2.420458163698344,0.35280505931449097,0.9356968473400444
1769100049.7159283,-4.436710349554259,-8.659149788472636,2.4185598622108864,0.3536930176209422,0.93536156072729
1769100049.7660089,-4.441450876817061,-8.654958509736879,2.416661560723335,0.354580657289972,0.9350254314593862
1769100049.8161075,-4.446395139574657,-8.650577336420552,2.416345177142139,0.35472856619998516,0.9349693280111935
1769100049.866156,-4.453684309674571,-8.64411007270009,2.415396026398363,0.35517223965357486,0.9348008772885612
1769100049.9161987,-4.458565570918944,-8.639772303778846,2.414763259235877,0.3554679775218298,0.9346884598391808
1769100049.965925,-4.4634860539428995,-8.635402465502027,2.416028793560849,0.3548764662330868,0.9349132011657107
1769100050.015968,-4.470697467166925,-8.629000112238767,2.415079642817167,0.35532011303355976,0.9347446802597051
1769100050.0658786,-4.475503050022562,-8.624729595477618,2.415079642817167,0.35532011303355976,0.9347446802597051
1769100050.1161432,-4.480195115172945,-8.62055995706516,2.415079642817167,0.35532011303355976,0.9347446802597051
1769100050.1660345,-4.487310890979106,-8.614240498317786,2.4157124099795593,0.35502435738553145,0.9348570509243594
1769100050.2161267,-4.492063051384633,-8.610024178193106,2.4160287935608493,0.35487646623308655,0.9349132011657109
1769100050.2659175,-4.496590556210832,-8.60601229931316,2.4169779443046253,0.35443273950666043,0.9350815115089186
1769100050.3159554,-4.503896069839589,-8.599563507615098,2.419825396535859,0.35310108077143,0.9355851787828022
1769100050.3661244,-4.50860787015503,-8.595416183459273,2.419825396535859,0.35310108077143,0.9355851787828022
1769100050.416108,-4.5135110271458805,-8.591103179625167,2.420458163698345,0.3528050593144905,0.9356968473400447
1769100050.4660132,-4.52073072069582,-8.584748409165307,2.419192629373373,0.35339706688345635,0.9354734165748217
1769100050.5160823,-4.525548442859731,-8.580491594502192,2.4166615607234294,0.35458065728992777,0.935025431459403
1769100050.5659075,-4.530450688826721,-8.576139339335409,2.414446875654588,0.35561583311464035,0.9346322160284121
1769100050.615912,-4.537741326427149,-8.569635649097373,2.411915807004644,0.3567983571764679,0.9341814236625419
1769100050.6658998,-4.542737364961193,-8.56516039590866,2.4103338890982884,0.3575371446509753,0.933898918617442
1769100050.7159157,-4.547448605115883,-8.560936222254234,2.410966656260868,0.35724165647699135,0.9340119907568507
1769100050.7659123,-4.554619836481851,-8.554526816181205,2.413497724910812,0.35605934648327553,0.934463344268732
1769100050.8159375,-4.559366656235184,-8.5503044862577,2.4157124099796534,0.35502435738548743,0.9348570509243762
1769100050.8659632,-4.564121483162129,-8.546091174409723,2.417294327885821,0.35428481285384045,0.9351375681583535
1769100050.9160087,-4.571273197326526,-8.539774119102141,2.418876245792083,0.35354504667589026,0.9354175003552919
1769100050.9659264,-4.575906417894217,-8.535690754772368,2.419509012954663,0.3532490782473873,0.9355293093844635
1769100051.0159118,-4.580823781766044,-8.531355586096463,2.418559862210793,0.35369301762098576,0.9353615607272735
1769100051.0659058,-4.587861676015516,-8.525139067063286,2.4176107114671113,0.3541368773351256,0.9351936014063218
1769100051.1159117,-4.592734257101377,-8.520829661037721,2.4172943278859154,0.3542848128537964,0.9351375681583702
1769100051.1659265,-4.597587199627193,-8.516536255361702,2.4172943278858217,0.3542848128538402,0.9351375681583536
1769100051.2159243,-4.602497699632007,-8.512193313102475,2.4176107114671117,0.3541368773351254,0.9351936014063218
1769100051.2659025,-4.6099129222332,-8.50563932514818,2.4179270950484018,0.3539889329542618,0.9352496112514045
1769100051.3159878,-4.614725253395495,-8.501376416902739,2.4153960263983643,0.35517223965357425,0.9348008772885614
1769100051.3658946,-4.6196611899677436,-8.496985866224067,2.4138141084921023,0.35591151759904094,0.9345196582417876
1769100051.415934,-4.626746883457462,-8.490632719540853,2.4074864368670554,0.35886639811843996,0.9333889373147174
1769100051.466151,-4.631474195605239,-8.486350769919644,2.403689833892046,0.3606376040663572,0.9327060193508335
1769100051.5159366,-4.636111778176484,-8.482120621589592,2.4005259980796163,0.3621126165629562,0.932134353473752
1769100051.5659318,-4.643175481697324,-8.475630258045932,2.3964130115234106,0.36402877752733637,0.9313877007626593
1769100051.615941,-4.647912880769775,-8.47124687545083,2.3935655592921767,0.36535444913031145,0.9308684797009117
1769100051.6659293,-4.652527963846849,-8.466954935871113,2.391350874223335,0.3663850151810176,0.9304633365430395
1769100051.7159357,-4.65955134114031,-8.460383851091954,2.3875542712483258,0.3681506539131269,0.9297661512570443
1769100051.7659037,-4.664244115538894,-8.455952735079705,2.3821757503670544,0.3706497029745321,0.928772737371684
1769100051.815949,-4.668877770551785,-8.45153285901725,2.3774299966483627,0.37285252076312453,0.927890617346993
1769100051.8658981,-4.675877685562411,-8.44475363817981,2.36698933846711,0.3776913126986727,0.9259315699942159
1769100051.9159603,-4.680546145077897,-8.44015152407386,2.359712516098381,0.3810577251030914,0.9245512479788542
1769100051.965915,-4.685166752561424,-8.435537109354037,2.3540176116359137,0.3836887922555407,0.9234624576546058
1769100052.016017,-4.692050412577055,-8.42856851074928,2.346108022104605,0.3873378867097987,0.9219378295303795
1769100052.065904,-4.69649064500036,-8.424024867606697,2.3432605698732774,0.3886500806651674,0.9213854322697743
1769100052.115917,-4.701042132630923,-8.419342251932079,2.3407295012233336,0.3898158140184837,0.9208928445487602
1769100052.1659002,-4.7077075259211085,-8.412443462509934,2.337249281829614,0.3914176776009136,0.9202131283901068
1769100052.215922,-4.712105882812441,-8.40785927226848,2.333769062435894,0.39301835597805546,0.9195306258435911
1769100052.265907,-4.716453339778871,-8.403296451733555,2.3302888430420805,0.3946178443031285,0.9188453389757995
1769100052.3159258,-4.722935452019071,-8.396432609098305,2.324910322160903,0.3970874287845296,0.9177807874984588
1769100052.3658936,-4.727290521051138,-8.391772576006232,2.3198481848609216,0.39940912055145017,0.9167727932374069
1769100052.4159489,-4.731574040361186,-8.387149679119068,2.316367965467108,0.4010038002721278,0.9160763899191549
1769100052.4659464,-4.738060462131781,-8.380082366221291,2.3103566774234445,0.40375538433943003,0.9148669791925595
1769100052.5160272,-4.742449318302116,-8.3752469962843,2.3052945401233695,0.406069679706934,0.9138421172296165
1769100052.5659018,-4.746781334873603,-8.370428495766486,2.300865169985874,0.40809255469374,0.9129405603890851
1769100052.6159275,-4.753204456566547,-8.363201702105892,2.2939047311983414,0.4112673103325021,0.9115147829036397
1769100052.6659071,-4.757494148652321,-8.35831176944003,2.287893443154678,0.41400513749388523,0.9102745443703615
1769100052.7159383,-4.761523765889927,-8.353665189530949,2.2825149222734065,0.41645160279864457,0.9091578864677136
1769100052.7659109,-4.767547539722752,-8.346627428326038,2.2749217163233877,0.41990030463937056,0.9075702364906882
1769100052.815956,-4.7716689419033695,-8.341759509705286,2.2717578805108642,0.42133548025622336,0.9069048533761729
1769100052.868741,-4.77748027324755,-8.334840258581796,2.2670121267921726,0.423486265603417,0.9059025239203565
1769100052.9159322,-4.781612432782934,-8.329882209517825,2.264164674560845,0.4247755930468243,0.9052986775378161
1769100052.9659193,-4.7853891605803565,-8.325319900026834,2.2603680715858356,0.4264933564913926,0.9044906947385948
1769100053.0159307,-4.79156077544799,-8.317811507794982,2.257204235773406,0.4279236522785575,0.9038148858148887
1769100053.0659187,-4.795415438230302,-8.313083930671032,2.2524584820546205,0.4300670869726623,0.9027969321518813
1769100053.1159656,-4.799521961164223,-8.308006590245668,2.249294646242097,0.4314946988960568,0.9021154720015622
1769100053.165931,-4.805459700115895,-8.300569359349304,2.2398031388045263,0.4357710415905431,0.9000575533326151
1769100053.2159357,-4.8094012951309075,-8.295554746666879,2.2341082343421528,0.4383321424045235,0.8988130689609829
1769100053.2658951,-4.814965498349375,-8.288371134400903,2.225565877648358,0.4421671234173876,0.8969326814030096
1769100053.315931,-4.818820744988239,-8.283321643307064,2.2201873567670867,0.4445776071857186,0.8957403369219346
1769100053.371752,-4.8244249171378355,-8.275881910109225,2.212594150817068,0.4479751653337004,0.8940460006309764
1769100053.4159381,-4.82829394180076,-8.270684316321276,2.2087975478420585,0.4496715260174074,0.893193998350401
1769100053.465911,-4.832128990874127,-8.265493037321624,2.205317328448433,0.4512250999722789,0.8924101686752605
1769100053.515926,-4.837636197977794,-8.257981222754811,2.2015207254733298,0.452918349500011,0.8915519999900094
1769100053.565926,-4.841406865011507,-8.25280549154963,2.199306040404676,0.4539053250634937,0.8910499177257154
1769100053.6159263,-4.845103395980048,-8.247701045241996,2.1958258210108625,0.4554551616749144,0.8902587240255934
1769100053.665946,-4.850604413928835,-8.240028440546565,2.1898145329671053,0.45812890119216165,0.8888857687534786
1769100053.7159333,-4.8542230296955955,-8.234930418569503,2.1863343135733855,0.459674965554375,0.888087228847811
1769100053.7659385,-4.857716329033444,-8.229960801176732,2.1806394091108245,0.4622018845810827,0.8867747278140574
1769100053.8159254,-4.8631109380638575,-8.222182195095975,2.1736789703233854,0.46528524988184905,0.8851607968286809
1769100053.8659365,-4.866771435167456,-8.216835695796675,2.168616833023404,0.4675241598531526,0.8839802938717604
1769100053.9159222,-4.870503298700799,-8.211323447336595,2.163238312142039,0.4698997196275789,0.8827198046344733
1769100053.965962,-4.875718325311701,-8.203514466652308,2.15596148977331,0.47310829988007236,0.8810042772793941
1769100054.0159497,-4.8793557779463335,-8.198000004664229,2.151848503217104,0.4749190775511404,0.8800294709712703
1769100054.0659926,-4.882800983623181,-8.192722674326772,2.146469982335833,0.4772839858061414,0.8787491091847565
1769100054.1159444,-4.887779616172482,-8.185000741255415,2.1404586942920756,0.47992303297084515,0.8773105963249647
1769100054.1660917,-4.891212933323252,-8.179625340508327,2.137927625642038,0.48103291503100903,0.8767025348752963
1769100054.215934,-4.896245959184027,-8.171667865118325,2.1315999540171786,0.48380424574688696,0.8751762404209141
1769100054.2660918,-4.899629812038787,-8.166261190771733,2.1284361182045615,0.4851880967840678,0.8744098070922204
1769100054.3159323,-4.903010762803531,-8.160822874454336,2.1255886659733276,0.4864325247045066,0.8737181461487449
1769100054.3660944,-4.907945221053831,-8.152803904091892,2.1192609943482807,0.4891943862956494,0.8721747831809992
1769100054.4159293,-4.911286691627389,-8.147311594491214,2.115464391373365,0.4908491545719228,0.8712445738459601
1769100054.4659586,-4.914699693617593,-8.14165546617095,2.1119841719796453,0.49236447179715265,0.870389123847438
1769100054.515954,-4.919646418028995,-8.133348071466674,2.1037581988670464,0.4959401958940532,0.8683566790763851
1769100054.5659552,-4.92296196337102,-8.12769287795896,2.0983796779858688,0.4982736369957789,0.8670198283055577
1769100054.6160202,-4.9261691876939135,-8.122150339839186,2.0923683899421115,0.5008773353615159,0.8655182811016457
1769100054.6660721,-4.930982870600293,-8.11367772491917,2.082560498923345,0.505115750129479,0.8630516085212597
1769100054.7159271,-4.934105558833597,-8.10808711838826,2.0778147452045594,0.5071622413602784,0.8618506024470939
1769100054.7659535,-4.937207001161713,-8.102484693205623,2.0749672929733256,0.5083887661483649,0.8611276690794131
1769100054.8159623,-4.941853634115763,-8.09400578019435,2.0692723885108584,0.5108387217349223,0.8596765673066997
1769100054.865968,-4.94466900498565,-8.088823802976373,2.0676904706046906,0.5115185307472427,0.8592722459745701
1769100054.9159226,-4.94770242282757,-8.083213011940709,2.065159401954653,0.5126055593606551,0.8586242137935256
1769100054.9661949,-4.952180670114982,-8.074873101424776,2.061995566142036,0.5139631904243276,0.8578122398805268
1769100055.0159113,-4.955169288624644,-8.069266987228312,2.0591481139108962,0.5151839587993184,0.8570796279202196
1769100055.0660014,-4.9581693662155875,-8.063581007740611,2.053453209448429,0.5176223602499824,0.8556091935978934
1769100055.1159377,-4.962621657396529,-8.054998467766039,2.0452272363358306,0.5211370812246219,0.8534729887774316
1769100055.166139,-4.965611284423511,-8.049135988876444,2.039532331873363,0.5235651888225943,0.851985617867556
1769100055.215978,-4.968569337733746,-8.043257513421898,2.0344701945733816,0.5257199435485915,0.8506577108069178
1769100055.265962,-4.972912657465896,-8.034477898840729,2.025927837879587,0.5293484479587256,0.8484045147473511
1769100055.316116,-4.975751723236298,-8.028653462903437,2.022764002067157,0.5306898913549074,0.8475660677573853
1769100055.3659613,-4.978416349112001,-8.023138244953023,2.0189673990921477,0.532297870132673,0.8465571318299905
1769100055.4159746,-4.98255932285502,-8.014458232657601,2.013272494629587,0.5347062399392807,0.8450380091865669
1769100055.465978,-4.985286722602139,-8.008692479735565,2.012006960304615,0.5352408451602069,0.8446994954847478
1769100055.5159473,-4.987950168891699,-8.003036484201413,2.009792275235867,0.5361758884910287,0.844106282763525
1769100055.5661023,-4.991992384296633,-7.9944207823261415,2.009159508073381,0.5364429230200439,0.8439366032716623
1769100055.6159756,-4.994656728371244,-7.988737242010619,2.009159508073381,0.5364429230200439,0.8439366032716623
1769100055.6660447,-4.997443942677977,-7.982803812515858,2.010741425979643,0.5357752360737664,0.844360643570092
1769100055.715988,-5.001567270091411,-7.974058438030964,2.012006960304615,0.5352408451602069,0.8446994954847478
1769100055.7659712,-5.0042829383936045,-7.968315135244879,2.012956111048391,0.5348399113241035,0.8449534124759928
1769100055.81598,-5.007075276369699,-7.962412102195912,2.012323343885905,0.5351072139379112,0.8447841556229654
1769100055.8659678,-5.011238983078766,-7.953573837107455,2.0097922752358675,0.5361758884910285,0.8441062827635251
1769100055.9159982,-5.014051833421597,-7.94756856243545,2.0078939737484096,0.536976830959842,0.8435969908743898
1769100055.965976,-5.016754290711987,-7.941763147976912,2.005046521517082,0.5381773373962246,0.8428316282111808
1769100056.0160944,-5.020847151354981,-7.932919733485939,2.00346460361082,0.5388438142028441,0.8424056884276903
1769100056.065975,-5.023531228667821,-7.927105796026279,2.0031482200296242,0.5389770691243637,0.8423204372197738
1769100056.1160831,-5.026207444756623,-7.921316108333096,2.004413754354596,0.5384439685453034,0.8426613155575521
1769100056.1659732,-5.030283674148806,-7.912548686119078,2.0075775901671196,0.5371102743590279,0.843512034992963
1769100056.2159855,-5.032901505662366,-7.906955159050734,2.009475891654671,0.5363094124659922,0.8440214535782739
1769100056.2659729,-5.035485122338519,-7.901457408877324,2.010741425979643,0.5357752360737664,0.844360643570092
1769100056.316008,-5.03947624116722,-7.892985494625828,2.011374193142129,0.5355080674187824,0.8445301117955479
1769100056.3662195,-5.042229647769094,-7.887148048880453,2.011690576723419,0.5353744629882521,0.8446148142082524
1769100056.4159958,-5.044971336814722,-7.88133306136648,2.0110578095608393,0.5356416584484146,0.8444453882487795
1769100056.4660678,-5.049107906326247,-7.872537969391493,2.0097922752358675,0.5361758884910285,0.8441062827635251
1769100056.5159655,-5.051924556422238,-7.866534474999682,2.0091595080733815,0.5364429230200438,0.8439366032716624
1769100056.5660048,-5.054645368351609,-7.860737637972933,2.0101086588171575,0.5360423510984154,0.8441910908253434
1769100056.61599,-5.058666082409536,-7.852167764728048,2.008843124492092,0.536576420149803,0.8438517318458392
1769100056.6659904,-5.061285683885498,-7.846575065338819,2.008843124492092,0.536576420149803,0.8438517318458392
1769100056.7161012,-5.065274106127494,-7.838045965979196,2.00757759016712,0.5371102743590278,0.8435120349929631
1769100056.7662227,-5.068065806525753,-7.832058744602133,2.006628439423344,0.5375105238972343,0.8432570407056917
1769100056.8162436,-5.070552939909946,-7.826711467426442,2.005679288679568,0.5379106523763642,0.8430018564985692
1769100056.865989,-5.07457992266266,-7.818060709473659,2.00726120658583,0.5372437043172211,0.8434270580029493
1769100056.9160857,-5.077210287834673,-7.812417164988718,2.006628439423344,0.5375105238972343,0.8432570407056917
1769100056.9659967,-5.079964797169537,-7.806524315353853,2.0094758916546716,0.536309412465992,0.844021453578274
1769100057.0161674,-5.083885920025256,-7.79818730178133,2.0113741931421294,0.5355080674187822,0.844530111795548
1769100057.0659788,-5.0864466848050585,-7.792762721123198,2.0123233438859054,0.5351072139379109,0.8447841556229655
1769100057.1159787,-5.0892291298648535,-7.7868830082563125,2.0132724946296814,0.5347062399392407,0.8450380091865922
1769100057.1660023,-5.0933607557537695,-7.778141552098582,2.01137419314213,0.5355080674187821,0.8445301117955483
1769100057.2159626,-5.09618500107906,-7.772141627381026,2.010108658817158,0.5360423510984152,0.8441910908253435
1769100057.265988,-5.098869018268314,-7.76641140412655,2.0075775901671205,0.5371102743590276,0.8435120349929632
1769100057.3160167,-5.103051955236209,-7.757414468242006,2.004413754354597,0.5384439685453031,0.8426613155575523
1769100057.3660142,-5.10566445189433,-7.751762630255794,2.003148220029625,0.5389770691243633,0.842320437219774
1769100057.41603,-5.109569902022088,-7.743306611760998,2.003780987192111,0.5387105457969107,0.8424909185547311
1769100057.4662182,-5.112305753958371,-7.7374050760310125,2.005995672260859,0.5377772896732125,0.843086938999611
1769100057.5161407,-5.114783055235927,-7.73208114025385,2.0066284394233453,0.5375105238972339,0.8432570407056921
1769100057.5659788,-5.118820982187895,-7.7234354863774515,2.0088431244921865,0.5365764201497631,0.8438517318458646
1769100057.6159742,-5.12148532621806,-7.717751946156741,2.0094758916546724,0.5363094124659916,0.8440214535782742
1769100057.666004,-5.124161316285697,-7.712045911612006,2.0091595080733824,0.5364429230200434,0.8439366032716626
1769100057.716829,-5.1282344096015,-7.703360822887287,2.0094758916545783,0.5363094124660314,0.844021453578249
1769100057.7661462,-5.130771544844796,-7.697953095024294,2.0094758916545783,0.5363094124660314,0.844021453578249
1769100057.816002,-5.133568578562851,-7.691996313471352,2.0101086588170642,0.5360423510984548,0.8441910908253184
1769100057.866106,-5.137538123246467,-7.683570194475534,2.012006960304616,0.5352408451602065,0.844699495484748
1769100057.9159772,-5.140243876963848,-7.677850201497322,2.0132724946296814,0.5347062399392407,0.8450380091865922
1769100057.9661899,-5.144400375076133,-7.669120549301037,2.017069097604597,0.533101140573219,0.8460515196603178
1769100058.0161862,-5.147202529885348,-7.663278263851384,2.018967399092055,0.5322978701327123,0.8465571318299658
1769100058.0661361,-5.150015770058216,-7.657441308259649,2.0208657005796065,0.5314941201518991,0.8470619813472675
1769100058.116025,-5.154260541942854,-7.648697930139174,2.024662303554616,0.5298851844662951,0.8480693906061699
1769100058.1659882,-5.157102275502616,-7.642902974337492,2.0287752901108216,0.5281400162090222,0.8491573018462091
1769100058.2159805,-5.159910735734663,-7.63723270704007,2.0325718930859247,0.5265271090190836,0.8501583402331627
1769100058.2659826,-5.164234034898205,-7.628641107988218,2.0414306333608216,0.5227562903246139,0.852482176309891
1769100058.3160212,-5.167030488019321,-7.623191557214609,2.0483910721483545,0.5197863055209453,0.8542963166213972
1769100058.3660836,-5.16992073560529,-7.617648038585403,2.0544023601921118,0.5172162509241072,0.855854748061849
1769100058.4161687,-5.174388281633951,-7.609216380804485,2.061679182560841,0.5140988828471122,0.8577309243902491
1769100058.4662285,-5.1772748464058065,-7.603842725453871,2.065792169117046,0.5123338791059833,0.858786350799904
1769100058.5160146,-5.180302412714434,-7.598257549918551,2.06927238851086,0.5108387217349215,0.8596765673067002
1769100058.5659986,-5.184949045668481,-7.589778636907284,2.074967292973421,0.5083887661483238,0.8611276690794373
1769100058.6159806,-5.188097722381202,-7.584086638598401,2.077181978042169,0.5074348913526794,0.8616901015085959
1769100058.6659763,-5.191326914522648,-7.57829460006613,2.0816113481795706,0.5055252762706423,0.8628117958462846
1769100058.7159846,-5.196246406596251,-7.56956192573144,2.0860407183171596,0.5036131816740202,0.8639292582406098
1769100058.7659817,-5.199401576373439,-7.564018690328561,2.0904700884545613,0.5016986169414702,0.865042483210516
1769100058.8160021,-5.202668694288025,-7.558335378083641,2.0945830750108607,0.4999186032607063,0.8660723931138
1769100058.8659744,-5.207398630905793,-7.550194090103348,2.099645212310842,0.49772491560285903,0.8673349459050562
1769100058.9159875,-5.210613501617855,-7.544714587405283,2.103125431704562,0.49621490486393954,0.8681997282831131
1769100058.966006,-5.213849151958559,-7.539247330851394,2.1072384182608612,0.49442840993023934,0.869218354301067
1769100059.015984,-5.218585309577292,-7.531344831653822,2.114198857048394,0.49140035122536285,0.870933806219273
1769100059.0659902,-5.221925039799791,-7.525851469265707,2.1198937615108613,0.4889184200350099,0.8723295125985763
1769100059.1159856,-5.22527117397617,-7.520421379772901,2.126221433135908,0.4861560702874015,0.8738720016814311
1769100059.165986,-5.2304179788363045,-7.512206556147383,2.1347637898296092,0.4824191840072054,0.8759404836527549
1769100059.2160976,-5.233868250427571,-7.506781938402627,2.1398259271295905,0.4802005756147372,0.8771587126508378
1769100059.2659795,-5.2372911711233305,-7.501460006741779,2.144888064429572,0.4779788909108768,0.8783713223025944
1769100059.3160033,-5.2424671546568025,-7.49350402215657,2.150266585310843,0.47561499610915076,0.8796535542337633
1769100059.365983,-5.246035107644467,-7.488065022131989,2.152481270379591,0.4746406269107996,0.8801796835224743
1769100059.4160004,-5.249575853999293,-7.482699016097326,2.1556451061921145,0.47324766160395515,0.880929424407193
1769100059.4659812,-5.255076935441181,-7.474441913941094,2.1613400106546754,0.47073734199752143,0.882273401417672
1769100059.5159888,-5.258507264671663,-7.4693368735852,2.1635546957234233,0.46976007472205056,0.8827941278673831
1769100059.5659866,-5.262225807752001,-7.463846171663224,2.1686168330234046,0.46752415985315243,0.8839802938717605
1769100059.615984,-5.26773466507837,-7.455808154935382,2.174628121067162,0.4648651219870956,0.8853815100621442
1769100059.665988,-5.271281376139024,-7.450690617065145,2.1790574912045635,0.4629031423378676,0.8864088677431696
1769100059.7160099,-5.274910397186277,-7.445507032501266,2.1841196285046385,0.46065810028771953,0.8875776668209433
1769100059.7659876,-5.280151677327931,-7.4381155195714745,2.1910800672920776,0.45756635178793414,0.8891754797066103
1769100059.8160138,-5.283900160534452,-7.432892517937704,2.195509437429573,0.4555959875972165,0.8901866636191069
1769100059.866012,-5.287610725882108,-7.427766985292224,2.1993060404045823,0.4539053250635354,0.8910499177256941
1769100059.916008,-5.293328796751354,-7.419939023355823,2.2040517941233677,0.4517896974508719,0.8921244696101827
1769100059.966028,-5.297032386585222,-7.4149023913674075,2.2056337120295355,0.45108392236450534,0.8924815376153463
1769100060.0160158,-5.300846669790047,-7.409727240911238,2.206266479192115,0.4508015332876826,0.8926242084917226
1769100060.0659976,-5.306659443113407,-7.401843186914125,2.2059500956109193,0.4509427334683924,0.8925528842214642
1769100060.115985,-5.310484632201737,-7.3966446351115245,2.2043681777046573,0.45164856503119694,0.8921959278685712
1769100060.165998,-5.3142999456033415,-7.391438831838856,2.2021534926358157,0.4526362544218562,0.8916952512955044
1769100060.2160017,-5.320013066244661,-7.383607247513538,2.199938807567068,0.4536233887865656,0.8911934813191759
1769100060.2660153,-5.323808588461464,-7.378386995693242,2.198989656823386,0.45404627616553567,0.8909781024807569
1769100060.3160386,-5.327616507674794,-7.373144464365495,2.198989656823386,0.45404627616553567,0.8909781024807569
1769100060.366001,-5.3333011117647295,-7.365323422904295,2.199622423985872,0.45376436260267516,0.8911217106724468
1769100060.4160178,-5.3371156622757425,-7.3600857151754155,2.200887958310844,0.45320039924168687,0.8914086594414347
1769100060.466026,-5.3409210872597175,-7.354872677801976,2.2018371090545257,0.45277730762624974,0.8916236367990277
1769100060.516013,-5.346469597662766,-7.347296988576398,2.2040517941233673,0.45178969745087205,0.8921244696101825
1769100060.5660052,-5.350173187496639,-7.3422603565879765,2.205633712029629,0.45108392236446354,0.8924815376153675
1769100060.6160064,-5.3538831486412475,-7.33722841531586,2.206582862773311,0.4506603218258255,0.8926955104243794
1769100060.666008,-5.35956439513827,-7.329530406692267,2.206582862773311,0.4506603218258255,0.8926955104243794
1769100060.7160068,-5.3633961604909715,-7.32433669943953,2.206266479192115,0.4508015332876826,0.8926242084917226
1769100060.7660177,-5.367284693099304,-7.319059060852962,2.2053173284484333,0.4512250999722787,0.8924101686752606
1769100060.8160164,-5.373117472619613,-7.311126874722438,2.2043681777046573,0.45164856503119694,0.8921959278685712
1769100060.866018,-5.377025929539985,-7.305801053148897,2.2034190269608813,0.4520719283690217,0.8919814861199273
1769100060.9160013,-5.380883629466684,-7.3005321730442745,2.2021534926359094,0.4526362544218144,0.8916952512955256
1769100060.9660184,-5.386328248354626,-7.293068652734243,2.1999388075671615,0.45362338878652386,0.8911934813191972
1769100061.0159996,-5.3901129978792,-7.287871864336894,2.200571574729554,0.4533414071025432,0.891336955705465
1769100061.0660138,-5.393794242716282,-7.2828188767336774,2.200255191148358,0.453482403618651,0.891265229664128
1769100061.1159956,-5.399250227070594,-7.275332316899393,2.200887958310844,0.45320039924168687,0.8914086594414347
1769100061.1660173,-5.403013326375033,-7.2701823952517985,2.2027862597983954,0.4523541140354179,0.8918384133436013
1769100061.2160008,-5.40682864041315,-7.264976591110641,2.2037354105420772,0.4519308185646715,0.8920529890266979
1769100061.2660158,-5.4125414646457735,-7.257207536068126,2.205950095610919,0.4509427334683926,0.8925528842214641
1769100061.3160045,-5.416327338375403,-7.252074332359502,2.2065828627734048,0.4506603218257837,0.8926955104244005
1769100061.3660817,-5.4201749550506335,-7.246860866201729,2.206582862773311,0.4506603218258255,0.8926955104243794
1769100061.4160116,-5.425673485943662,-7.239405498910635,2.205950095610919,0.4509427334683926,0.8925528842214641
1769100061.466056,-5.429470305448888,-7.234248920712408,2.205000944867143,0.4513662662883893,0.8923387774028869
1769100061.5160186,-5.433276397030907,-7.229067743110482,2.203735410542171,0.4519308185646297,0.892052989026719
1769100061.5660155,-5.438891177590934,-7.221383736494325,2.199938807567068,0.4536233887865656,0.8911934813191759
1769100061.6160161,-5.4427445594516275,-7.216080379312631,2.198356889660806,0.4543281442790553,0.8908344051034119
1769100061.666007,-5.448506836654277,-7.2080968412175155,2.193611135942114,0.45644070358391897,0.8897538334347411
1769100061.7160249,-5.45208586737433,-7.203094930377637,2.1901309165483007,0.45798828102909617,0.8889582298623562
1769100061.7660186,-5.455604282019196,-7.198143055517573,2.186967080735871,0.45939396633474044,0.8882326180090637
1769100061.8160262,-5.461102785285236,-7.190344430272621,2.1828540941795715,0.4612196380295714,0.8872859998308725
1769100061.8660226,-5.464630993785615,-7.1853065397971685,2.1806394091108237,0.4622018845810831,0.8867747278140572
1769100061.9160266,-5.46827581270108,-7.180072241113846,2.177475573298394,0.46360411049498446,0.8860424531207036
1769100061.9660234,-5.473642497118799,-7.172305072878605,2.1733625867420945,0.46542526923092603,0.8850871814467318
1769100062.016029,-5.477001943069145,-7.167396621467202,2.168616833023309,0.4675241598531946,0.8839802938717382
1769100062.0660276,-5.48237728456552,-7.159451416449176,2.1626055449796455,0.4701789741577584,0.8825710919013595
1769100062.1160302,-5.485713454992626,-7.154466086928476,2.158492558423346,0.47199298016463276,0.8816023064144675
1769100062.1660209,-5.489376219073169,-7.148938019497032,2.153430421123365,0.474222861876141,0.8804048371482306
1769100062.2160301,-5.494718265145927,-7.1407579559393,2.14520444801086,0.47783993379850537,0.8784469236484581
1769100062.266017,-5.498197663110888,-7.1353519739256726,2.140142310710879,0.4800618102994587,0.8772346654641542
1769100062.3160315,-5.501660655380226,-7.129905453918013,2.1341310226671215,0.4826962930450214,0.8757878103060095
1769100062.366026,-5.506756285466375,-7.121778026797534,2.1274869674608783,0.48560301549037044,0.8741794503113528
1769100062.4160342,-5.510114440222177,-7.116355356635095,2.123057597323383,0.48753785518410875,0.8731018495928633
1769100062.4660175,-5.5134361696196095,-7.110939967344974,2.1189446107670835,0.48933235106478296,0.872097385732472
1769100062.5160272,-5.518458917268317,-7.1026782901494565,2.115148007792168,0.49098697216887166,0.8711669146383164
1769100062.5660203,-5.521741153446321,-7.0972388708190595,2.1123005555608403,0.49222677722308644,0.870467000973945
1769100062.6160324,-5.525061699007198,-7.0917043445299965,2.1100858704921865,0.49319038037495233,0.8699214037518619
1769100062.6660087,-5.529925558261365,-7.083524341132579,2.1043909660296256,0.4956654372812216,0.8685135429484191
1769100062.7160318,-5.533210656452614,-7.077939319834435,2.100594363054616,0.4973132437645607,0.8675710562117496
1769100062.7660236,-5.536380971247376,-7.072492415966317,2.095215842173345,0.49964456715936084,0.8662305158028866
1769100062.8160436,-5.541221438402048,-7.064035068895211,2.086040718317158,0.503613181674021,0.8639292582406094
1769100062.86614,-5.544445961721594,-7.058298436573141,2.079713046692111,0.5063439868948151,0.8623315875783881
1769100062.9160292,-5.5476359434508495,-7.052542522652803,2.07401814222955,0.5087973788667097,0.8608863033283581
1769100062.9660294,-5.552349951867347,-7.0438985351313175,2.066108552698335,0.51219801974545,0.8588673870678987
1769100063.0160272,-5.555417080940196,-7.03819090567014,2.0616791825608396,0.5140988828471128,0.8577309243902488
1769100063.0660198,-5.558414934597733,-7.032561033461924,2.058515346748316,0.515455098932338,0.8569165892808084
1769100063.1160457,-5.561362129502587,-7.026990236449195,2.0563006616796624,0.5164036828986754,0.8563452786631595
1769100063.1660273,-5.56574793143793,-7.018629919243324,2.0515549079607833,0.5184342290709272,0.8551175066197823
1769100063.216036,-5.568641956237553,-7.01305982521732,2.0483910721483536,0.5197863055209456,0.8542963166213969
1769100063.2660162,-5.571516577873428,-7.007479694126699,2.044594469173344,0.5214070799782624,0.8533080668483932
1769100063.3160417,-5.575857641593624,-6.998953803151822,2.038899564710877,0.5238347168749824,0.8518199277995948
1769100063.3660178,-5.578778805978133,-6.993141768541798,2.0341538109920916,0.525854504036552,0.8505745355843143
1769100063.4160526,-5.58167419881495,-6.987316850709307,2.030040824435886,0.5276025916563283,0.8494913214845257
1769100063.4660323,-5.585961884516868,-6.978566259860125,2.0227640020671567,0.5306898913549076,0.8475660677573852
1769100063.5160432,-5.588782508549701,-6.972732870750714,2.0196001662546332,0.5320300067189186,0.8467254997640423
1769100063.5660355,-5.591600962804467,-6.96684227005764,2.0145380289545582,0.5341714206250409,0.8453761845400104
1769100063.6161427,-5.595799326455178,-6.957908454642302,2.0056792886795676,0.5379106523763644,0.8430018564985691
1769100063.6660223,-5.598429454390704,-6.952209007057674,2.0006171513795863,0.5400426226591718,0.8416376688999866
1769100063.7160392,-5.6011241604104915,-6.946288577635157,1.9952386304984087,0.5423040499934652,0.8401823119779928
1769100063.766029,-5.604995141882006,-6.937650054359406,1.9889109588733618,0.5449595302557091,0.8384623488168547
1769100063.8160443,-5.607598088907498,-6.9317716545170045,1.9863798902233243,0.5460201964578316,0.8377720125786913
1769100063.866039,-5.610110296112537,-6.9260468831280315,1.9822669036671186,0.5477419131516607,0.8366473549692001
1769100063.9160402,-5.613905577122795,-6.917319591399956,1.979735835017175,0.5488002801892431,0.8359534989843683
1769100063.9660702,-5.616483640557096,-6.911347440411936,1.9768883827858474,0.5499898924072429,0.8351713107200638
1769100064.0160425,-5.618990222832736,-6.905482323162472,1.972459012648352,0.551838183524014,0.8339512091273186
1769100064.0660346,-5.622632600757961,-6.896827276677519,1.9658149574421089,0.5546055423610419,0.8321133891378113
1769100064.1160352,-5.625126484997812,-6.890792100533628,1.959487285817062,0.5572354323507868,0.830354546523852
1769100064.166025,-5.62755452335721,-6.884812006439342,1.9534759977733982,0.559728661770251,0.8286759470341128
1769100064.2160294,-5.631172520848328,-6.875682258632224,1.942718956010856,0.5641775951338184,0.8256534631121105
1769100064.2660275,-5.63358082161238,-6.869476467945729,1.9392387366170427,0.565613467846683,0.8246704826719878
1769100064.3160322,-5.636871819383315,-6.860871232579749,1.9329110649920895,0.5682197546478146,0.8228768500984686
1769100064.3660402,-5.6391952868104465,-6.854714275414889,1.9303799963421453,0.5692606782450437,0.8221570897365009
1769100064.4160504,-5.6413868429698155,-6.848859251692708,1.927532544110818,0.5704306274249612,0.8213457854616197
1769100064.466039,-5.644592503370053,-6.840194863292414,1.9227867903921263,0.5723779720870729,0.8199899127852062
1769100064.5160635,-5.646633461146307,-6.834607977362068,1.919306570998407,0.573803977190737,0.8189926713714185
1769100064.5660346,-5.64876585667403,-6.828704232630857,1.9155099680233976,0.5753576373983895,0.8179019434426986
1769100064.6160533,-5.651849007777747,-6.82002236291122,1.9085495292358645,0.5782006255167625,0.815894623497437
1769100064.6660423,-5.653908498569456,-6.814119593207443,1.904436542679565,0.5798772834906122,0.8147038333600427
1769100064.716063,-5.656007679885771,-6.8080162842106535,1.8996907889607797,0.5818088410382127,0.8133255636519559
1769100064.7660434,-5.6591141226121975,-6.798833513062337,1.8943122680796023,0.5839939788105503,0.8117579890047418
1769100064.8160713,-5.661210317920147,-6.792542139877473,1.890515665104593,0.5855338870580756,0.8106479304276677
1769100064.8660445,-5.663260857494485,-6.786288995392856,1.8848207606421254,0.5878397914489155,0.8089773665494576
1769100064.9160414,-5.666265066355496,-6.776912688831005,1.8769111711109105,0.5910345255445942,0.8066462605220931
1769100064.9660783,-5.668219174533091,-6.770681770481021,1.8724818009734154,0.5928195420518176,0.805335328022727
1769100065.016067,-5.670111908188436,-6.764537798834256,1.8667868965108538,0.5951102895455979,0.8036440401551888
1769100065.066025,-5.67284154534901,-6.755473715862331,1.8598264577234147,0.5979035375113445,0.8015680631308986
1769100065.1160426,-5.67462925833294,-6.749430222762388,1.8569790054920876,0.5990441445368141,0.8007160001499637
1769100065.1660318,-5.676377478778551,-6.743454261791975,1.8538151696796579,0.6003100614438208,0.7997673600049681
1769100065.2160544,-5.679025976589203,-6.7342607226254305,1.8487530323796764,0.6023324024899689,0.7982453738736367
1769100065.2660182,-5.680797990102725,-6.728028199945326,1.846854730892125,0.6030897862498007,0.7976733101471866
1769100065.3160331,-5.6825307157691185,-6.721863482262746,1.842741744335919,0.6047289196114414,0.7964313741846053
1769100065.3660212,-5.685028659032248,-6.712811568771021,1.8373632234545543,0.6068685416828568,0.7948022226414083
1769100065.4160593,-5.686710114267091,-6.706580228309736,1.831351935410891,0.6092546894434668,0.7929746045058094
1769100065.4660308,-5.688387322531428,-6.700216777914749,1.8256570309484235,0.6115101737871008,0.7912365685146697
1769100065.516045,-5.690788211776152,-6.690824836128997,1.816481907092143,0.615133572986838,0.7884229115040015
1769100065.5660305,-5.692341173866997,-6.684560234831675,1.8111033862108714,0.6172516206184612,0.7867658081309096
1769100065.6160457,-5.693860419369038,-6.678287371548091,1.8057248653296,0.619365204213924,0.7851030147751593
1769100065.666034,-5.696092894970543,-6.6688279529467245,1.799397193704647,0.6218460372285877,0.7831395188490374
1769100065.716044,-5.69753319169583,-6.662588430200334,1.7959169743109273,0.6232078437426107,0.7820562534099996
1769100065.766102,-5.698980807335996,-6.656220752023777,1.7927531384984041,0.6244442122400815,0.7810694116401333
1769100065.8160594,-5.701075159338991,-6.646885360261831,1.7902220698483666,0.6254321820791652,0.7802785307950578
1769100065.8660274,-5.702414416987743,-6.640830592142811,1.7867418504545534,0.6267890047332928,0.7791890294052197
1769100065.916045,-5.703758517977943,-6.634647326611771,1.7829452474796375,0.628267010206506,0.7779977916974945
1769100065.9660769,-5.70563349779231,-6.625833969200268,1.7778831101796562,0.6302341614892473,0.7764051144164015
1769100066.0160503,-5.7069455569241025,-6.619514519560961,1.7731373564608708,0.6320746992099473,0.7749074619712051
1769100066.0660183,-5.708195490243067,-6.613337358049024,1.7677588355795995,0.6341563390615085,0.773204848425115
1769100066.1160514,-5.7100679532963365,-6.603748574071562,1.7595328624670945,0.6373311473464559,0.7705900392699416
1769100066.1660354,-5.711291972953054,-6.59725687874743,1.7547871087483091,0.6391578666429157,0.7690755629380488
1769100066.2160628,-5.712494314234129,-6.5907096589086525,1.7500413550296177,0.6409809871341602,0.7675567562939679
1769100066.2660382,-5.714217319425375,-6.580990053083748,1.7424481490795987,0.6438904687911974,0.765117679968155
1769100066.316185,-5.715303415823886,-6.574653548924766,1.738651546104683,0.6453417318039179,0.7638940038986562
1769100066.36603,-5.716359075211059,-6.568363225332848,1.7354877102920654,0.6465493414310614,0.7628721708746891
1769100066.4160652,-5.717878887412978,-6.559045487830859,1.7294764222484025,0.6488393397309858,0.7609254307863934
1769100066.4660401,-5.718863924098404,-6.552820584937057,1.7259962028545885,0.6501624504469042,0.7597952276955132
1769100066.516059,-5.719825320064046,-6.546591988369402,1.721883216298383,0.6517235883025139,0.7584565672799566
1769100066.566038,-5.721239142204533,-6.537155190273638,1.7171374625795977,0.6535214758724618,0.7569079736490291
1769100066.6160548,-5.7221618858608005,-6.530818421151726,1.7136572431858783,0.6548375886870413,0.7557696292141813
1769100066.6660285,-5.723081877086194,-6.524327834607639,1.7095442566295789,0.6563904380463434,0.754421362927462
1769100066.7160494,-5.724389529274903,-6.514696923194073,1.7019510506796538,0.6592499388923425,0.7519238778429919
1769100066.7660415,-5.725224921021804,-6.508245948980929,1.6972052969608682,0.6610323040205263,0.7503574435169644
1769100066.8160698,-5.726027646273181,-6.501790830294887,1.691826776079691,0.6630478178457874,0.7485770442980065
1769100066.866039,-5.727156936407727,-6.492162869386219,1.6832844193858962,0.6662390662172988,0.7457382293042927
1769100066.9160516,-5.727880464803882,-6.485571069626387,1.6769567477608491,0.6685951211216182,0.7436266294400494
1769100066.9660738,-5.728533032143555,-6.47927714590202,1.6712618432983821,0.670709849087949,0.7417198246888247
1769100067.016057,-5.729486425408172,-6.469604723784555,1.6668324731607926,0.6723508787078688,0.7402325958107739
1769100067.0660615,-5.730077847197269,-6.463330178568148,1.6627194866045871,0.6738717392516212,0.7388483464405906
1769100067.1160593,-5.7306665036875355,-6.456877438500046,1.6608211851171293,0.6745727140626855,0.7382084078646777
1769100067.166067,-5.73149815929909,-6.447498668074652,1.6576573493046058,0.6757396546277044,0.7371403659844106
1769100067.2160578,-5.732003262492704,-6.4416229498356845,1.655442664235858,0.676555507043474,0.7363916389321294
1769100067.2660968,-5.732506116112869,-6.435594634286755,1.6525952120046246,0.677603241009398,0.7354276631821514
1769100067.316089,-5.733251172638232,-6.42608165834719,1.6453183896358954,0.6802745382776348,0.732957401607454
1769100067.3660648,-5.733688966531712,-6.419997520999051,1.6399398687545301,0.6822431893339469,0.7311253179910023
1769100067.416057,-5.734311069339943,-6.4103742704726,1.6307647448984373,0.6855900811040635,0.727987802570705
1769100067.4660423,-5.734668501922523,-6.40415811605473,1.6257026075983623,0.6874304701917835,0.7262501970064473
1769100067.516047,-5.734989516226137,-6.398016009758852,1.6203240867171849,0.6893810579734982,0.7243988935022888
1769100067.5660405,-5.735446626724547,-6.388130111981983,1.6136800315108475,0.6917837227116946,0.7221047576294932
1769100067.6160562,-5.735705929042977,-6.3817824281791315,1.6095670449545483,0.693267262412058,0.7206805831071701
1769100067.6660295,-5.735948721677327,-6.375256788889478,1.6064032091421188,0.6944064520175514,0.7195829899298595
1769100067.7160583,-5.736252495512895,-6.365896778614724,1.6000755375170712,0.6966796152012718,0.7173824041353453
1769100067.766036,-5.736429134301576,-6.359520934641485,1.596911701704642,0.6978135830909231,0.7162794170250932
1769100067.8160594,-5.736584358324169,-6.3531951698420635,1.5937478658921183,0.6989458047274189,0.7151746374515394
1769100067.8660388,-5.736772652477809,-6.343756175902191,1.587736577848361,0.7010922047651185,0.7130706279307718
1769100067.916055,-5.736863185595486,-6.337403846352504,1.5823580569670894,0.7030072998942152,0.7111826321666221
1769100067.9660645,-5.736930130117544,-6.331000593911877,1.5801433718984355,0.7037943914951797,0.7104037264119112
1769100068.0160758,-5.736996031047417,-6.321332146582761,1.5750812345983605,0.7055902158153317,0.7086201008620019
1769100068.0660381,-5.737008468495828,-6.314827318146967,1.570335480879575,0.7072696960491837,0.7069438287802613
1769100068.1160522,-5.7369651719707795,-6.305361247101046,1.5621095077670701,0.7101713560035413,0.7040288666752886
1769100068.1660388,-5.7368907056202945,-6.299160587447182,1.555465452560827,0.7125062363553935,0.7016657773859805
1769100068.2160666,-5.73676993934439,-6.292631558024972,1.5491377809358737,0.7147226219268944,0.6994080166154415
1769100068.2660327,-5.736532043095125,-6.283345607118857,1.5412281914046584,0.7174830406126215,0.6965759731955067
1769100068.316073,-5.736323882957808,-6.276894747484107,1.5358496705233873,0.7193537181025,0.6946439579036939
1769100068.3660345,-5.736096555002192,-6.270647144488752,1.5330022182920597,0.7203419714488947,0.6936190915546658
1769100068.4160535,-5.735723910257654,-6.261188289268623,1.52983838247963,0.721438318137448,0.6924787022883884
1769100068.46604,-5.735460765505992,-6.2548407593506266,1.5288892317358542,0.7217668702209642,0.6921362474624732
1769100068.5160608,-5.735187668212012,-6.248518985494622,1.5263581630859107,0.7226422141832974,0.6912222727026823
1769100068.566102,-5.7347316796798244,-6.23878505493486,1.521612409367125,0.7242803635460513,0.6895055873461794
1769100068.6160505,-5.734407527890608,-6.2325417321823675,1.5162338884858537,0.7261320023703653,0.6875553178716631
1769100068.6660798,-5.734026628525127,-6.225895936203659,1.5108553676045824,0.7279783897228201,0.6856000759163973
1769100068.7161,-5.733417237522178,-6.216347946816899,1.5032621616546573,0.7305760881528216,0.6828312964556623
1769100068.7660384,-5.732967163071907,-6.209934813049438,1.4982000243545823,0.7323020390485596,0.6809799729840239
1769100068.8161013,-5.7324787868220035,-6.203473717273416,1.4925051198921149,0.7342381256270724,0.6788920200412165
1769100068.8660386,-5.73168491251323,-6.193786909492804,1.4855446811046757,0.7365963675171914,0.6763326040939316
1769100068.916086,-5.731114472093219,-6.187281720795984,1.4811153109670867,0.7380924235733309,0.6746996178030981
1769100068.9660676,-5.73051986881282,-6.180829530334245,1.476685940829591,0.7395848594130908,0.6730633222267565
1769100069.016105,-5.729588784111957,-6.171256655835748,1.470991036367124,0.7414983742127266,0.6709546639228937
1769100069.066042,-5.728958585103911,-6.1650622040071745,1.4678272005546005,0.7425588411807947,0.669780835336631
1769100069.116111,-5.728293926903624,-6.1587949967245486,1.4624486796733291,0.7443573689777184,0.6677814816604072
1769100069.1660693,-5.727249453952746,-6.149386606284192,1.4580193095359275,0.7458344679729134,0.6661313281805331
1769100069.2161126,-5.726519746433205,-6.143024716676718,1.4551718573046002,0.7467821003192758,0.665068789406578
1769100069.2660756,-5.725789682967086,-6.136841240522263,1.4513752543295906,0.7480432551008834,0.663649974382637
1769100069.3162966,-5.724652049508989,-6.127571153297831,1.4459967334483192,0.7498252756038871,0.6616358938763485
1769100069.3660705,-5.723824855322,-6.12109360499381,1.441567363310824,0.751288750659165,0.6599736457867018
1769100069.4161055,-5.7225663548693015,-6.111711464926317,1.433341390198319,0.7539968510998765,0.6568780317010691
1769100069.4660275,-5.721625234527081,-6.1050704989931655,1.4266973349920755,0.756174853538583,0.6543696133500565
1769100069.5160735,-5.720678541727329,-6.098660501602701,1.4216351976920945,0.7578286840406208,0.6524535888821986
1769100069.566097,-5.719251682084673,-6.08940490795937,1.4140419917421694,0.7603003235879513,0.6495717188671751
1769100069.6160755,-5.718319045247374,-6.083581734616923,1.40992900518587,0.7616345548028555,0.6480067938920518
1769100069.666154,-5.7172956353858595,-6.077337374998024,1.4067651693733467,0.7626586949445209,0.6468011402475419
1769100069.7160745,-5.7157146084860235,-6.067978489595569,1.400121114167103,0.7648031739378013,0.6442640026686771
1769100069.7660587,-5.714644551459171,-6.061793319220659,1.3988555798421316,0.7652106899040534,0.6437799313869319
1769100069.8160918,-5.713552059305721,-6.055560674862969,1.3956917440296077,0.7662281390244492,0.6425686258814145
1769100069.866031,-5.7119210468885715,-6.04646739803622,1.3909459903109165,0.7677507166766568,0.6407486535627521
1769100069.9160628,-5.710759469285376,-6.040118560226199,1.3887313052420749,0.768459774058824,0.6398980978667316
1769100069.9660742,-5.709041479817513,-6.030989814910208,1.3808217157108598,0.7709844236081016,0.6368540009717166
1769100070.016085,-5.707842511856744,-6.024828340145496,1.3763923455733642,0.7723929627290642,0.6351449528466855
1769100070.0660634,-5.7066518223590155,-6.018845808362933,1.3722793590170648,0.7736974998466623,0.6335551899645555
1769100070.1160696,-5.7046652932489375,-6.009176625093612,1.3640533859046537,0.776296752299757,0.6303676327103491
1769100070.1660583,-5.703336258694972,-6.002938343841505,1.3577257142796069,0.7782872433574228,0.6279084063994554
1769100070.2160852,-5.701919619440346,-5.996460031911068,1.3532963441421115,0.7796759529103134,0.6261832067800882
1769100070.2676816,-5.6997963311392414,-5.987001448506824,1.3466522889358683,0.7817518447854613,0.6235896512727965
1769100070.3160825,-5.698339453540283,-5.980661851355719,1.343172069542055,0.7828357750720505,0.6222283738848158
1769100070.3660398,-5.696899829197684,-5.974500125797777,1.339375466567139,0.7840155409173972,0.6207411953463383
1769100070.416096,-5.69469360857599,-5.965242576210128,1.334313329267064,0.785584166497817,0.6187548119796161
1769100070.4660835,-5.693232198811051,-5.959216124322461,1.3314658770358303,0.786464307397319,0.6176357285569346
1769100070.5160925,-5.691744730879019,-5.953169984300228,1.327669274060821,0.7876353484846792,0.6161416702491546
1769100070.5686848,-5.689404469847407,-5.943867097873023,1.3210252188545777,0.7896778382402732,0.6135217288671763
1769100070.6160865,-5.687783630234825,-5.9375674275336205,1.3169122322982785,0.7909378708241701,0.6118964655038697
1769100070.6660771,-5.686153165705335,-5.9313487108534515,1.3118500949983904,0.7924840876367344,0.6098925895947357
1769100070.7160966,-5.683571128468479,-5.921742596060341,1.3045732726295678,0.7946978772994204,0.6070051761029681
1769100070.7660928,-5.681804585771108,-5.915324571514438,1.2998275189108761,0.7961359871937739,0.6051177487853047
1769100070.8161123,-5.680046619421198,-5.90906178624009,1.294448998029605,0.7977604255815678,0.6029745462089722
1769100070.8696945,-5.6773648221078545,-5.899746155710667,1.2865394084982964,0.8001388213060175,0.5998148603019243
1769100070.9160995,-5.675570629106534,-5.89365179776028,1.2824264219420907,0.8013706437060844,0.5981681129967528
1769100070.9662201,-5.6738283518731585,-5.887832456881181,1.2773642846421094,0.8028820797353677,0.5961378750254094
1769100071.016108,-5.671073386328517,-5.8788024912298695,1.2719857637609322,0.8044823445387111,0.5939765629429317
1769100071.0660722,-5.66918415406575,-5.872710416529209,1.2681891607859226,0.8056084409593413,0.5924483436174496
1769100071.1160953,-5.6674101899573515,-5.867059628534232,1.265025324973399,0.8065446372088018,0.5911731964405375
1769100071.1660786,-5.664512805453677,-5.857941462511655,1.2612287219983898,0.8076654082820417,0.5896410673151955
1769100071.2161028,-5.662646228556953,-5.852134195855904,1.2583812697671561,0.8085040768176535,0.588490575769259
1769100071.2717214,-5.659694716797924,-5.843060019738251,1.2542682832108565,0.809712593230127,0.5868266493305692
1769100071.3161032,-5.657680071124321,-5.83695493372528,1.2498389130733614,0.8110102426354482,0.5850319532644276
1769100071.3660755,-5.655625526860712,-5.830836458137342,1.243827625029604,0.8127649744925262,0.5825917062902315
1769100071.4161139,-5.652472897186648,-5.821669460067898,1.235285268335903,0.8152459063976659,0.5791149385932365
1769100071.4660985,-5.650314657472329,-5.815533099060287,1.2299067474546317,0.816800347438364,0.5769204385567976
1769100071.5161576,-5.648119570932715,-5.809409826527197,1.2232626922482948,0.8187123824889431,0.5742038268413739
1769100071.5667171,-5.644882031707002,-5.8005683876430805,1.2163022534608556,0.8207057756617653,0.5713510565277885
1769100071.616107,-5.642738886954465,-5.794803362392762,1.2134548012296222,0.8215183910237769,0.5701820176134151
1769100071.6660783,-5.6405063574055845,-5.78885557664285,1.2099745818358085,0.8225093260098744,0.5687516229662841
1769100071.7162142,-5.6371276906352,-5.779931631558157,1.2077598967671546,0.8231386244612451,0.5678404748871371
1769100071.7660437,-5.6348513536987355,-5.773973371505693,1.2039632937921452,0.824215073122444,0.5662768874303137
1769100071.8161137,-5.632605311849376,-5.768166164843965,1.199533923654556,0.8254671757480647,0.5644501233612352
1769100071.8677118,-5.629113988769643,-5.75928570593449,1.1928898684484066,0.8273377363205477,0.561704789066278
1769100071.9160998,-5.6267455604905825,-5.7533634528007385,1.1878277311484253,0.8287567980957383,0.5596089434686508
1769100071.9757779,-5.624338604429704,-5.747429430075229,1.18308197742964,0.8300823467869289,0.5576408320350157
1769100072.0161092,-5.620596599742712,-5.73837716740714,1.1745396207358452,0.8324565514224014,0.5540903265659154
1769100072.0668728,-5.618073604836615,-5.732381546993975,1.1704266341796397,0.8335942733539993,0.5523772148010977
1769100072.1161056,-5.615486319552436,-5.726303199558583,1.1663136476233402,0.8347284698794715,0.5506617669428997
1769100072.1687846,-5.611567172998586,-5.717243410677487,1.1587204416733214,0.8368130929976955,0.5474886732961974
1769100072.2161064,-5.608929282120254,-5.711242108380887,1.1546074551171157,0.8379372294710267,0.5457666162989635
1769100072.276781,-5.606324710190361,-5.705392130059867,1.1492289342359383,0.8394019062427348,0.5435112140481215
1769100072.3161087,-5.602382205473739,-5.696674776696129,1.1429012626108912,0.8411172824744183,0.5408527684341179
1769100072.3678126,-5.5997763149047355,-5.690992037318035,1.1387882760545918,0.8422277631620912,0.5391218739385191
1769100072.416116,-5.597127592659744,-5.6852732976161695,1.1353080566608724,0.8431646187644509,0.5376554897551017
1769100072.46983,-5.593151472969478,-5.676766391352096,1.1318278372671524,0.8440989212803709,0.5361874775610804
1769100072.5161152,-5.590413624092913,-5.670949595747363,1.129929535779601,0.844607463728187,0.53538605904024
1769100072.5777955,-5.58772608317871,-5.665276990452285,1.1267656999670776,0.8454533433687311,0.534049290034763
1769100072.6161659,-5.583476517068374,-5.6564235205476585,1.1198052611796385,0.8473068282837931,0.5311036986725461
1769100072.6662567,-5.580627448266273,-5.650575806923502,1.1150595074608531,0.8485646853793487,0.5290916505928316
1769100072.7162192,-5.577759097120016,-5.64476574395567,1.109364602998386,0.8500678064722816,0.5266732615193253
1769100072.7661235,-5.573370536399081,-5.636036978587067,1.1005058627233015,0.8523922907985662,0.5229028423972973
1769100072.816305,-5.570403654688365,-5.630248154497012,1.093861807517058,0.8541246818398794,0.5200682915463359
1769100072.8661358,-5.56742719653379,-5.624521232133036,1.0891160537983666,0.855356334103675,0.5180400966225708
1769100072.916337,-5.5631122536857935,-5.616323831168312,1.0834211493358055,0.8568279589338739,0.5156024134827258
1769100072.9661446,-5.560129111585745,-5.610714800932076,1.0805736971046658,0.8575611669139067,0.5143820029912193
1769100073.0162117,-5.557082215710135,-5.60502503657229,1.077726244873432,0.8582926366211574,0.5131605498495592
1769100073.0661411,-5.55255904498097,-5.596651828962081,1.0732968747359366,0.859427019810876,0.5112584450344035
1769100073.1161733,-5.549508044532152,-5.591050579448725,1.070765806085899,0.8600733465300782,0.5101704015214447
1769100073.1661243,-5.546452397151039,-5.585480717457995,1.0672855866920856,0.8609597964019511,0.5086730079132477
1769100073.2161224,-5.541828895540048,-5.57716250701971,1.0596923807420666,0.8628848162042086,0.5054006271901818
1769100073.2661204,-5.538668304147469,-5.57156415991227,1.0539974762795994,0.8643204202771948,0.5029415583264653
1769100073.3161275,-5.5355547402265355,-5.566113745693388,1.0495681061421043,0.8654321568548496,0.5010261289409595
1769100073.3663192,-5.530708474904368,-5.557747343863361,1.041974900192085,0.8673281123307,0.49773682359341737
1769100073.416347,-5.527320878090194,-5.551987701951672,1.0362799957296178,0.8687418761054488,0.4952651337423068
1769100073.466405,-5.524018015018823,-5.546442612574413,1.0309014748483465,0.8700706300102407,0.4929270724900216
1769100073.516411,-5.518885498996025,-5.537951516921114,1.0233082688983275,0.8719358032282585,0.48962021511442083
1769100073.5662215,-5.515516207609776,-5.532446532397812,1.019828049504608,0.8727864755798682,0.4881022106535393
1769100073.6161115,-5.51214020086211,-5.526975383635134,1.0160314465296922,0.8737114676121549,0.48644452033404023
1769100073.6663432,-5.5071042717988306,-5.518900174604048,1.010336542067131,0.8750930512582114,0.4839546999870892
1769100073.7161884,-5.503841709475585,-5.5137162019747255,1.0078054734170936,0.8757048116149009,0.48284685244341286
1769100073.7664242,-5.500537314572206,-5.50849877532373,1.0046416376045701,0.8764675396684204,0.4814609557457239
1769100073.8164463,-5.495427169397934,-5.500500340436121,0.9998958838858787,0.8776075186632639,0.4793798527115098
1769100073.8661373,-5.491944497519123,-5.4950964620050495,0.996732048073355,0.8783647598293863,0.4779909504267465
1769100073.9161263,-5.488387899677434,-5.489619828683098,0.9929354450983456,0.8792705476020886,0.47632268906648073
1769100073.9663956,-5.48305060128442,-5.481497161186473,0.9859750063108126,0.8809229268909511,0.4732597562416226
1769100074.0161366,-5.479416970554349,-5.476040900356728,0.9805964854296353,0.8821924586284632,0.4708890165835973
1769100074.066429,-5.475769044731299,-5.470624674908958,0.9755343481296539,0.8833814839863814,0.4686546209630484
1769100074.1161366,-5.470325204229497,-5.462664865665653,0.966359224273373,0.8855221628563019,0.46459713633458516
1769100074.1663723,-5.466629411883368,-5.457342703253893,0.9612970869733916,0.8866952523848255,0.46235433316690205
1769100074.2163355,-5.462978612188626,-5.452143477490177,0.9559185660921204,0.8879354357617787,0.45996810967559504
1769100074.2661479,-5.457434862908707,-5.444345885744628,0.9495908944670733,0.8893862528622771,0.45715653032588055
1769100074.316134,-5.4536414136086035,-5.439061688463827,0.9467434422358397,0.8900362169424836,0.45588982499142516
1769100074.3663719,-5.44993585499431,-5.433932533547973,0.9435796064233162,0.8907562832774519,0.454481290925974
1769100074.4161713,-5.44429242825608,-5.426175440158425,0.9400993870295966,0.8915457815831741,0.4529305899817842
1769100074.46644,-5.440567027636914,-5.421092025603658,0.9366191676357832,0.8923325803052365,0.45137851757233494
1769100074.5161552,-5.436781295808274,-5.415958719225582,0.9340880989859333,0.8929031005906485,0.4502488789054407
1769100074.5664303,-5.431110384690937,-5.408347603472711,0.9268112766171104,0.8945353773978735,0.4469971572433588
1769100074.6163523,-5.427300137854193,-5.403295734335967,0.922381906479615,0.8955231407474705,0.4450149484969984
1769100074.6662078,-5.4233545143929405,-5.398124184574734,0.9157378512732782,0.8969965485382809,0.44203754581529775
1769100074.7162006,-5.417365942324782,-5.390404876167505,0.9062463438358952,0.8990842408514665,0.4377756592737223
1769100074.766131,-5.413309294710071,-5.385255345639905,0.9008678229546239,0.9002582810533982,0.4353562074839185
1769100074.816406,-5.409178520748334,-5.380067660538306,0.8958056856546425,0.9013573126605994,0.43307619989242374
1769100074.8663347,-5.4031104363840745,-5.372540284432138,0.8888452468671094,0.9028590512264396,0.429936662333527
1769100074.9162047,-5.399114283998989,-5.367634149404454,0.8856814110546798,0.9035380457614397,0.42850787607883994
1769100074.9661837,-5.395136258099919,-5.362778570265181,0.8831503424046421,0.9040796134995673,0.42736407482903027
1769100075.0161657,-5.38915887448624,-5.355536485577989,0.8784045886858568,0.9050911496425318,0.42521760410260545
1769100075.0664058,-5.385048526192557,-5.350593211882413,0.875873520035913,0.9056285521859188,0.42407183998190295
1769100075.1161315,-5.381101989553823,-5.3458758586515955,0.8723933006420996,0.9063651122214277,0.4224953057110088
1769100075.1663156,-5.37494221205623,-5.338588264503302,0.8657492454358564,0.9077636494496456,0.41948201002887
1769100075.2161343,-5.370735222092893,-5.333660223930764,0.862585409623333,0.9084260994530895,0.41804547818681836
1769100075.2664216,-5.366460820550564,-5.328689953415378,0.8584724230671275,0.9092838856218727,0.4161764233451831
1769100075.3163886,-5.360095931833805,-5.321378236748705,0.8505628335359124,0.9109226628987689,0.4125771469887976
1769100075.3661747,-5.3558145906067285,-5.316514651061815,0.8473989977233888,0.9115741860276267,0.4111356264884736
1769100075.4164004,-5.351511752847272,-5.311670081194004,0.8417040932608277,0.9127411779905868,0.4085382993066329
1769100075.466304,-5.344968617459831,-5.304414869480834,0.8322125858233509,0.9146697144255148,0.40420207014901255
1769100075.5162778,-5.340628392927859,-5.29967215899607,0.8271504485233696,0.9156898466945635,0.40188568606070896
1769100075.566151,-5.336246285002048,-5.294933588452482,0.8217719276420983,0.9167673094808105,0.3994217073060949
1769100075.6163146,-5.331945372656696,-5.290326870488144,0.8176589410858928,0.9175867783787918,0.3975355382156797
1769100075.6661515,-5.325368011923896,-5.283344105336374,0.8129131873671076,0.9185274971175688,0.3953571006557676
1769100075.7164598,-5.320927765145386,-5.278659959635006,0.8113312694609395,0.9188399210006272,0.3946304595131517
1769100075.7661552,-5.3166167833377695,-5.274132304939542,0.808483817229612,0.9194008352597736,0.39332188360632914
1769100075.8161561,-5.309996430353602,-5.267225300165949,0.8046872142546025,0.9201458217757938,0.39157587600431804
1769100075.8663487,-5.305528782770958,-5.262602422545544,0.8002578441171071,0.9210107817342652,0.3895370841514807
1769100075.9161322,-5.301022302609399,-5.2579819702448995,0.7955120903983217,0.9219325115047957,0.38735054437867983
1769100075.9663825,-5.294172217326426,-5.251051366946027,0.7869697337046208,0.9235785403540249,0.3834092849652037
1769100076.016133,-5.289583211809375,-5.246476952039558,0.7806420620796675,0.924786959916177,0.3804853200440135
1769100076.0662775,-5.284855652028228,-5.24182663322076,0.7736816232921344,0.9261055291625575,0.3772645608250785
1769100076.1164014,-5.277840953537028,-5.235026266998957,0.7660884173421154,0.9275311749511558,0.3737457952856842
1769100076.1664207,-5.2731645187925595,-5.230541257911227,0.7629245815296858,0.9281212493139334,0.3722780500807745
1769100076.2161417,-5.268544426668472,-5.226143837778974,0.7584952113920964,0.9289434511413776,0.370221642508305
1769100076.2663057,-5.261585139857935,-5.219578468333037,0.7540658412546009,0.929761096661002,0.3681634190624195
1769100076.3161597,-5.256927651416616,-5.215220673693544,0.7502692382796851,0.9304583061881746,0.36639778990249533
1769100076.3662696,-5.252327842236522,-5.210949483221945,0.7464726353046757,0.9311521627647028,0.36463084041070415
1769100076.4161417,-5.245417440258739,-5.204591558803321,0.7410941144233106,0.932129381776458,0.3621254142269475
1769100076.4663167,-5.24062899770847,-5.200226338193818,0.7372975114483011,0.932815125089857,0.36035530022964074
1769100076.5163486,-5.23597284125498,-5.1960166466935,0.7328681413108995,0.9336109102914522,0.3582885264486795
1769100076.5663614,-5.228792074650959,-5.189579949181677,0.7287551547546003,0.9343457535219664,0.3563678056102555
1769100076.616281,-5.223930538641696,-5.185258093669794,0.7246421681983947,0.9350766452518688,0.3544455776342973
1769100076.666152,-5.219048549437051,-5.180959360544102,0.7192636473171234,0.9360264592812015,0.3519296343383108
1769100076.7163243,-5.21154165711554,-5.174433188206198,0.7119868249483945,0.937300725604627,0.3485216632880084
1769100076.7661488,-5.206604319695422,-5.170198144066251,0.7059755369045433,0.9383440223457404,0.34570290095400774
1769100076.816416,-5.20164161356494,-5.165992856022623,0.69996424886088,0.9393788421909061,0.3428810155783969
1769100076.8661444,-5.194535411792735,-5.16004996983859,0.693003810073347,0.9405664521039625,0.33960970124035694
1769100076.9162493,-5.1896584042100535,-5.156018325041479,0.6885744399359454,0.9413162733653309,0.3375258116020251
1769100076.9661524,-5.184764854763231,-5.1520067724853345,0.684777836960842,0.9419553026918369,0.3357383024480972
1769100077.0163891,-5.177460643074673,-5.1460652705860745,0.6809812339858325,0.942590937637693,0.333949583445308
1769100077.0661523,-5.172501185868321,-5.142054485928442,0.6790829324983747,0.9429074815016035,0.33305477226471814
1769100077.11614,-5.167550685435457,-5.138072917270527,0.6756027131045614,0.9434856054949775,0.3314135063991443
1769100077.1663158,-5.1599510677757285,-5.132014000495851,0.6705405758045799,0.944321412807255,0.32902442054308045
1769100077.2161412,-5.1548655424372365,-5.127998810980129,0.6661112056670845,0.9450477818159764,0.3269322408155896
1769100077.266431,-5.149761020615525,-5.124007802238653,0.6610490683671032,0.9458722417456445,0.3245392153424129
1769100077.3161316,-5.142060898877929,-5.118077180110788,0.6515575609296262,0.9474017676206833,0.32004670082537146
1769100077.3663628,-5.136856014049837,-5.114133579774044,0.6452298893046728,0.9484095994709563,0.3170476803752714
1769100077.4161637,-5.131769975528786,-5.110326678262891,0.6398513684234016,0.9492587927231081,0.3144960165691566
1769100077.46649,-5.123910621380724,-5.1045230993629,0.6322581624733827,0.9504459649747303,0.3108897998700723
1769100077.5161397,-5.118676355468872,-5.100703833282763,0.6284615594983732,0.951034414701258,0.30908500781150094
1769100077.566155,-5.113430030492983,-5.0969011453792685,0.6259304908483356,0.9514248107061991,0.30788119392498325
1769100077.6161757,-5.105515705035829,-5.091216017894529,0.6199192028046723,0.9523458930497012,0.3050201632537874
1769100077.666424,-5.10048452313011,-5.0876344279374015,0.6173881341545409,0.9527311438054993,0.30381469290188223
1769100077.7163131,-5.0953180409720975,-5.083981094909857,0.6135915311796252,0.953306158736622,0.3020055756353291
1769100077.766322,-5.087712495392206,-5.078648039172561,0.6094785446234197,0.9539252148914754,0.30004447069434964
1769100077.816374,-5.082558840514583,-5.075064583586088,0.6056819416483162,0.954493070657054,0.29823309351523697
1769100077.8664165,-5.077327401703611,-5.071460092433789,0.6009361879296248,0.9551980532426161,0.2959673615139284
1769100077.9163666,-5.069355430004358,-5.066034049666579,0.5942921327233817,0.956175992464078,0.29279253992432147
1769100077.966157,-5.063873231004568,-5.062348154059254,0.5895463790045964,0.9568680605601697,0.2905228298771361
1769100078.0161374,-5.058396401811126,-5.058699738581095,0.5857497760295869,0.9574178360893212,0.2887058834489553
1769100078.06614,-5.050153569028761,-5.053268777795494,0.5794221044046336,0.9583264607749462,0.2856753307140214
1769100078.1161423,-5.044682495020272,-5.049703634047418,0.5756255014296241,0.9588670316670451,0.2838556245383029
1769100078.166141,-5.039308064528204,-5.046222021133456,0.5740435835233624,0.9590912498499656,0.28309711136150933
1769100078.2161822,-5.031337116132221,-5.041069090476704,0.5737271999421663,0.9591360214882804,0.2829453874577794
1769100078.2661343,-5.02602369410209,-5.037632962832449,0.5743599671045584,0.9590464542107352,0.2832488281808352
1769100078.316141,-5.0207538580613695,-5.034222656692231,0.5743599671045584,0.9590464542107352,0.2832488281808352
1769100078.366145,-5.012724899213235,-5.029019608919352,0.5756255014296241,0.9588670316670451,0.2838556245383029
1769100078.416178,-5.007398425094186,-5.025557088263428,0.5772074193358858,0.9586422136015361,0.28461396013046664
1769100078.4661858,-5.0019273478910895,-5.021991942433633,0.5778401864983718,0.9585521184397033,0.28491724453735146
1769100078.5161827,-4.99376904040953,-5.016662823637953,0.5794221044046335,0.9583264607749462,0.28567533071402135
1769100078.5661848,-4.988452446700624,-5.013185149810827,0.5791057208233437,0.9583716402759779,0.2855237277613397
1769100078.616136,-4.9829847560958935,-5.009614812889402,0.5778401864983718,0.9585521184397033,0.28491724453735146
1769100078.666135,-4.974987726831083,-5.004409073154669,0.57625826859211,0.9587771764188868,0.28415898011188534
1769100078.716176,-4.969488095887286,-5.000841411645641,0.5746763506858482,0.9590016345716966,0.28340053791200537
1769100078.7661517,-4.96404603950149,-4.997324539008774,0.5727780491982967,0.9592701923865693,0.2824901732779999
1769100078.8161557,-4.955811618966053,-4.99201973428276,0.5718288984546147,0.959404147236292,0.2820348954753709
1769100078.8661404,-4.950236326814786,-4.988429249621371,0.5724616656171946,0.95931486801001,0.2823384210746691
1769100078.916144,-4.9448760183727725,-4.984972413840282,0.5730944327796804,0.9592254927576951,0.28264191841225017
1769100078.96619,-4.939412144893715,-4.981442667317859,0.5740435835233625,0.9590912498499656,0.2830971113615094
1769100079.0161374,-4.931551500174377,-4.976352223682269,0.5753091178483344,0.9589119232987358,0.283703936094513
1769100079.0661495,-4.926287065900851,-4.97293358559275,0.5765746521733062,0.9587322128046678,0.2843106472340866
1769100079.1161351,-4.921132481707133,-4.96957816161408,0.5775238029170822,0.9585971780149023,0.2847656058969654
1769100079.1661406,-4.913225193201767,-4.964420147317438,0.5784729536608578,0.9584619273281746,0.2852205004244277
1769100079.216135,-4.907820521893698,-4.9608921806513315,0.578156570079568,0.9585070348770937,0.2850688760477405
1769100079.2661443,-4.902392975623255,-4.957352954247288,0.5775238029170822,0.9585971780149023,0.2847656058969654
1769100079.316149,-4.89410068220721,-4.951951273561395,0.5772074193358859,0.9586422136015361,0.2846139601304667
1769100079.366153,-4.888627350192347,-4.948389590363101,0.5765746521733999,0.9587322128046545,0.2843106472341315
1769100079.4161532,-4.8830668727721696,-4.944776205034156,0.5759418850109139,0.9588221160400496,0.28400730587870726
1769100079.466185,-4.874910470813168,-4.939490569642295,0.5740435835233624,0.9590912498499656,0.28309711136150933
1769100079.5161915,-4.869554541317437,-4.9360269529191,0.5740435835233624,0.9590912498499656,0.28309711136150933
1769100079.5662305,-4.864176808132954,-4.932550442369347,0.5737271999420726,0.9591360214882937,0.2829453874577345
1769100079.616187,-4.856202600993717,-4.927402556670028,0.5727780491983905,0.959270192386556,0.28249017327804493
1769100079.666155,-4.850801956505263,-4.92391486781023,0.5740435835233624,0.9590912498499656,0.28309711136150933
1769100079.7162385,-4.845490710073282,-4.920475378867265,0.5753091178483343,0.9589119232987358,0.28370393609451294
1769100079.7661605,-4.837383450183913,-4.915207008594616,0.5772074193358859,0.9586422136015361,0.2846139601304667
1769100079.8161597,-4.83199830688823,-4.911695432572603,0.5784729536608578,0.9584619273281746,0.2852205004244277
1769100079.8661528,-4.826679513686033,-4.908221123607387,0.5787893372420538,0.9584167957941018,0.2853721176635289
1769100079.9161494,-4.8186703660280426,-4.902987630288272,0.5787893372421478,0.9584167957940884,0.28537211766357384
1769100079.9661689,-4.813372215952098,-4.899528001315295,0.578156570079568,0.9585070348770937,0.2850688760477405
1769100080.0161521,-4.807966428723825,-4.896001744775003,0.5778401864983719,0.9585521184397033,0.2849172445373515
1769100080.0661561,-4.799774278247475,-4.890678209742498,0.5746763506858482,0.9590016345716966,0.28340053791200537
1769100080.1161528,-4.79422763331723,-4.887090015078116,0.5737271999421663,0.9591360214882804,0.2829453874577794
1769100080.1661592,-4.788677585148319,-4.883507086631388,0.5727780491983905,0.959270192386556,0.28249017327804493
1769100080.2161624,-4.780400609467997,-4.87817486689387,0.5718288984546147,0.959404147236292,0.2820348954753709
1769100080.2662961,-4.774889718205271,-4.874624622904113,0.5727780491983905,0.959270192386556,0.28249017327804493
1769100080.316153,-4.7696363010824765,-4.871235544002298,0.5730944327795866,0.9592254927577083,0.28264191841220515
1769100080.3661635,-4.761663723048822,-4.866085135652453,0.5740435835233624,0.9590912498499656,0.28309711136150933
1769100080.4161634,-4.7567783781254604,-4.862919260287535,0.5759418850109139,0.9588221160400496,0.28400730587870726
1769100080.4662757,-4.751768674208274,-4.85966603995299,0.5759418850109139,0.9588221160400496,0.28400730587870726
1769100080.5161567,-4.743814070298135,-4.8544879173929925,0.578156570079568,0.9585070348770937,0.2850688760477405
1769100080.5661662,-4.738472431873414,-4.851002301162267,0.5781565700796618,0.9585070348770802,0.28506887604778547
1769100080.6161425,-4.730480346441805,-4.845788972865439,0.577840186498372,0.9585521184397033,0.28491724453735157
1769100080.6661477,-4.725116957544733,-4.842290373239187,0.5781565700796618,0.9585070348770802,0.28506887604778547
1769100080.7161527,-4.719924234131094,-4.838900758207043,0.5784729536608579,0.9584619273281746,0.28522050042442776
1769100080.7661517,-4.712142535863339,-4.833828176736071,0.5768910357545962,0.9586872251985045,0.2844623072415605
1769100080.8161676,-4.707050016236379,-4.830516594087072,0.5762582685921102,0.9587771764188867,0.28415898011188545
1769100080.8661475,-4.698958166319419,-4.825270972876194,0.5740435835233626,0.9590912498499656,0.28309711136150945
1769100080.916163,-4.693834456169796,-4.82196097711003,0.5730944327795868,0.9592254927577083,0.28264191841220526
1769100080.9661744,-4.688348761887286,-4.818418363838915,0.5737271999421666,0.9591360214882804,0.2829453874577796
1769100081.0162933,-4.680272360401487,-4.813195449819646,0.5743599671046525,0.9590464542107218,0.2832488281808803
1769100081.0661666,-4.674855443931399,-4.80968631403978,0.5753091178484281,0.9589119232987224,0.28370393609455796
1769100081.1161726,-4.669548554542759,-4.806240106288245,0.5765746521734,0.9587322128046544,0.2843106472341316
1769100081.1661634,-4.661597228770804,-4.801056951353079,0.5787893372421478,0.9584167957940884,0.28537211766357384
1769100081.2161717,-4.656302365055301,-4.797592295369543,0.5800548715671197,0.958236029828696,0.28597851516877704
1769100081.2661703,-4.651054214018454,-4.79414871216279,0.5813204058920916,0.9580548801910893,0.2865847981698218
1769100081.316171,-4.643002429149435,-4.788841800389778,0.5841678581233251,0.9576458910808721,0.2879485150090594
1769100081.3661711,-4.637645231016682,-4.785287741628349,0.5873316939358486,0.9571891821218218,0.2894630712698217
1769100081.4161742,-4.632130928486147,-4.781604279254124,0.5904955297483722,0.9567300778315506,0.290976903159744
1769100081.4661796,-4.623925129053644,-4.776072109271576,0.5958740506296433,0.9559441065078468,0.2935487442196176
1769100081.5161757,-4.618484344968394,-4.772370153309161,0.599037886442073,0.955478540578965,0.29506060139078394
1769100081.5662014,-4.613075594978241,-4.768666161863354,0.6018853386733067,0.9550574868615426,0.2964206416390639
1769100081.6161668,-4.6050383375114174,-4.763111553980712,0.6075802431358679,0.9542095725917962,0.299138916849984
1769100081.6661663,-4.599933001193822,-4.7595472993459245,0.6113768461107836,0.9536399978122941,0.30094975423244263
1769100081.7161744,-4.594680340249842,-4.755840500849672,0.6177045177358307,0.9526830708945272,0.30396540334546834
1769100081.7661934,-4.5896525617562185,-4.7522541383531465,0.6215011207108403,0.9521043367444305,0.305773334273033
1769100081.8161778,-4.581938215959497,-4.746681151234739,0.6297270938233451,0.9508386454765851,0.3096867292414267
1769100081.8661723,-4.576753251761826,-4.742880233640895,0.6354219982859065,0.9499529738102791,0.3123929377386872
1769100081.9161704,-4.571609740846935,-4.739065743273519,0.6408005191670838,0.9491094337678276,0.31494647598110015
1769100081.9661822,-4.563877496170283,-4.733260961050351,0.6471281907921309,0.9481082462695429,0.31794772110473096
1769100082.016348,-4.558857184242005,-4.729450952448242,0.6512411773483365,0.9474523845269703,0.31989682563938937
1769100082.0661871,-4.55369179491794,-4.725497255372632,0.6553541639046359,0.9467925158537074,0.32184457727823734
1769100082.116323,-4.5461039716651515,-4.719628225021253,0.661365451948393,0.9458208904711917,0.32468884050469304
1769100082.1661716,-4.541117851898645,-4.715732331057956,0.6651620549233086,0.9452028293772481,0.3264837076137871
1769100082.2162833,-4.535968234841663,-4.7116757879843885,0.669275041479608,0.9445294195918965,0.32842681913235255
1769100082.2661657,-4.528262872952059,-4.705546508624334,0.6746535623608794,0.9436427799303527,0.33096571406312747
1769100082.3163393,-4.523131604453244,-4.7014262322854945,0.678450165335795,0.9430128073696152,0.3327564351547194
1769100082.3661819,-4.518036344239441,-4.697301620680166,0.6825631518921882,0.9423265024022971,0.33469502964677195
1769100082.416359,-4.510567950356666,-4.691201003231761,0.6873089056107861,0.9415296601523628,0.33693011004268547
1769100082.466196,-4.505665676238338,-4.687160206797628,0.6914218921670854,0.9408347751929939,0.33886564562898497
1769100082.5162423,-4.500800168327447,-4.6831146913174,0.6958512623045808,0.940081987804454,0.34094846561559206
1769100082.5661817,-4.493653761287126,-4.677101587391952,0.7031280846734037,0.9388352574181266,0.34436660614618253
1769100082.616184,-4.488708398822478,-4.67287592808475,0.7110376742046187,0.9374660198461156,0.3480768042169464
1769100082.6661794,-4.48426649741549,-4.669035252961559,0.7148342771796282,0.936803576426103,0.34985576913245625
1769100082.7161949,-4.476968759914808,-4.662654335189457,0.7221110995483573,0.9355244593783975,0.3532619225231573
1769100082.7661903,-4.472078026588679,-4.658327256522897,0.7265404696858527,0.9347398018195308,0.3553329465366029
1769100082.8161886,-4.467280679512145,-4.654047495855402,0.7303370726608622,0.93406358897406,0.35710672319755915
1769100082.8661816,-4.459999256018957,-4.647495600421708,0.7350828263796476,0.9332135898473337,0.35932213364090515
1769100082.9161823,-4.455273414889999,-4.6432120241735815,0.7376138950295912,0.9327581081682004,0.3605028594151228
1769100082.9661932,-4.450408748881587,-4.638780134391405,0.7401449636796289,0.9323011326051978,0.3616830078163272
1769100083.016183,-4.44323131789847,-4.63218909779065,0.7455234845608063,0.9313251027170405,0.3641888974819166
1769100083.0662594,-4.438498203675488,-4.6278010923074895,0.7496364711171057,0.9305741818624139,0.3661033898383066
1769100083.1161776,-4.433803753233084,-4.623408714048044,0.754698608417087,0.9296445692680617,0.3684575617766583
1769100083.1662207,-4.4268957792525105,-4.616862777329275,0.762291814367106,0.9282389855228838,0.3719843891286941
1769100083.2162104,-4.422326177910179,-4.6124857762592555,0.7654556501796296,0.927649375560098,0.3734523209500247
1769100083.2662396,-4.417809652610834,-4.608126614107246,0.769885020317125,0.9268200219768225,0.37550585463196484
1769100083.316189,-4.411055153162636,-4.601530655224383,0.7771618426858541,0.9254476456583167,0.37887551404845193
1769100083.366179,-4.406610057618753,-4.597134602565461,0.7825403635671253,0.9244254054815975,0.38136291075586265
1769100083.4162045,-4.402150049060147,-4.592681735953657,0.7866533501233308,0.9236391809989991,0.38326317762537304
1769100083.4662042,-4.395639066917371,-4.586092137060596,0.7961448575609014,0.9218099140123324,0.3876422092968933
1769100083.5161817,-4.391100189323674,-4.581432572933043,0.8008906112795928,0.9208874925026795,0.3898284573400552
1769100083.5661955,-4.384483208466664,-4.574557444949456,0.8081674336483219,0.919463044048743,0.39317643702111565
1769100083.6163325,-4.379943071265299,-4.569793646401287,0.8106985022983596,0.9189647296093302,0.3943397339021909
1769100083.6662014,-4.375537650980663,-4.565146240183041,0.8135459545295932,0.918402366652636,0.3956476878825873
1769100083.7161913,-4.3710216863221545,-4.560359519412742,0.8154442560171448,0.9180264237233868,0.3965192118241544
1769100083.7661905,-4.364321295427738,-4.553214502369885,0.8195572425733502,0.917209043962659,0.3984062871907332
1769100083.8163424,-4.360009698520334,-4.5485831389742035,0.8227210783858738,0.9165776505446587,0.39985673749736106
1769100083.8661852,-4.353402636096877,-4.541420461535429,0.8287323664296311,0.9153716852110587,0.40260983335465916
1769100083.9162233,-4.349107020597337,-4.536705573063128,0.8350600380545843,0.9140933145608773,0.4055038992107339
1769100083.9662013,-4.344857504721409,-4.531983086691161,0.8410713260984353,0.9128703871165778,0.4082495025418029
1769100084.0162024,-4.340686161788302,-4.527292548181344,0.8467662305609025,0.9117042169637056,0.41084719881069687
1769100084.0661943,-4.334391432802899,-4.520121201902363,0.8540430529296317,0.9102033546386491,0.41416162690977243
1769100084.1161907,-4.33026094128847,-4.515361082444347,0.8581560394858372,0.9093497099379793,0.41603257689237866
1769100084.16635,-4.324292183521284,-4.508409501339534,0.8644837111108843,0.9080289021414513,0.4189075230594347
1769100084.2161922,-4.320161682207134,-4.50354930261984,0.8682803140858938,0.9072320537822786,0.4206304798632509
1769100084.266364,-4.315858705876789,-4.4984371913312655,0.8739752185483611,0.9060306522932913,0.4232120710766567
1769100084.3162198,-4.309734754533374,-4.491086479201381,0.8784045886858566,0.9050911496425318,0.42521760410260534
1769100084.3662198,-4.305578772918855,-4.486049547820945,0.8834667259859319,0.9040119966994602,0.42750708745406224
1769100084.4162333,-4.301443540539034,-4.480995562307823,0.8866305617983615,0.9033345847362232,0.4289366247121307
1769100084.4663544,-4.295395970648725,-4.473549246119195,0.890743548354567,0.9024505698978799,0.4307934178826225
1769100084.5161908,-4.291265854257308,-4.468425892920028,0.8939073841670905,0.9017679611855471,0.4322204809807854
1769100084.5663552,-4.287325238571915,-4.463507430296209,0.8967548363983243,0.9011516838670659,0.43350391308908814
1769100084.6161914,-4.28157167449184,-4.456279397412343,0.9002350557921377,0.9003959755498573,0.43507135876040004
1769100084.6661987,-4.277607413174346,-4.451250416514266,0.906246343835801,0.8990842408514871,0.43777565927368
1769100084.7161896,-4.27386004490399,-4.446437351018828,0.9122576318796519,0.8977643839256756,0.4404760049702504
1769100084.7661974,-4.268055329654717,-4.438863919540317,0.921432755735839,0.895734233028564,0.4445899051718676
1769100084.8162324,-4.264216216762037,-4.433770426680054,0.928393194523372,0.8941815412133559,0.44770455811093496
1769100084.866199,-4.26049688378447,-4.428776939381285,0.9328225646608673,0.8931878245205329,0.4496837890432316
1769100084.9162693,-4.254874248767845,-4.421130095638118,0.9407321541920826,0.8914024371622232,0.4532126377554456
1769100084.966495,-4.251155720476076,-4.4160103371045025,0.9445287571671859,0.890540497349012,0.4549039707250031
1769100085.01632,-4.2473818466622175,-4.410774417368264,0.9480089765609053,0.8897475666680466,0.45645291937755206
1769100085.0662107,-4.241965555998729,-4.403196789376216,0.9524383466984007,0.88873448599993,0.45842230900605196
1769100085.1163619,-4.2382039405058505,-4.397889885075169,0.9559185660921204,0.8879354357617787,0.45996810967559504
1769100085.1662097,-4.232648995975879,-4.389976241481264,0.9616134705545877,0.8866221006306602,0.46249459529088066
1769100085.216232,-4.228977063650209,-4.384699137074455,0.9641445392046253,0.8860360880046746,0.4636162753327072
1769100085.2662103,-4.225235503080483,-4.379285513702037,0.967941142179541,0.8851544086316262,0.46529740261471053
1769100085.3162608,-4.219901025354585,-4.371496193462704,0.9726868958983261,0.8840478242788198,0.46739645311863987
1769100085.3662002,-4.216359704910731,-4.366282866686469,0.9755343481295599,0.8833814839864035,0.46865462096300686
1769100085.4164302,-4.212761587924439,-4.360955158729231,0.9780654167795974,0.882787678233616,0.46977219496145317
1769100085.4663417,-4.207457720839562,-4.353053339596778,0.981229252592121,0.8820434329244123,0.47116810422068867
1769100085.5162172,-4.203901520689648,-4.347727968990841,0.9828111704982891,0.8816704824225733,0.47186561691306456
1769100085.5662386,-4.200368612288653,-4.3424174918388605,0.9847094719859345,0.8812222137457754,0.47270224243279724
1769100085.6162045,-4.1950106481436436,-4.334338772133167,0.9856586227296166,0.880997781676506,0.47312039554544194
1769100085.666331,-4.191418787086704,-4.328915529479643,0.9859750063109064,0.8809229268909289,0.4732597562416639
1769100085.716219,-4.187923924363444,-4.323640554465155,0.9853422391483266,0.8810726144154285,0.4729810230095512
1769100085.766221,-4.18263212437147,-4.31566981176721,0.9840767048234486,0.8813717248670612,0.47242341453918363
1769100085.8162189,-4.179067790763458,-4.310319442293151,0.9821784033358969,0.8818197288268278,0.47158664723651783
1769100085.8662188,-4.17543873301425,-4.304890548655,0.9809128690108313,0.8821179568137921,0.47102856629578305
1769100085.916227,-4.169950193958743,-4.296716395820853,0.9780654167795976,0.882787678233616,0.4697721949614532
1769100085.9662678,-4.166270532916726,-4.291260505941975,0.9767998824546257,0.8830847579010366,0.46921350189744926
1769100086.016216,-4.162630770328871,-4.2858692950357495,0.9771162660359155,0.8830105211278461,0.4693531927850601
1769100086.0662181,-4.1589944199720135,-4.2804757822666915,0.9780654167796913,0.882787678233594,0.4697721949614946
1769100086.1163993,-4.153672686342492,-4.272555470644265,0.9802801018483454,0.8822669383666054,0.47074945508754074
1769100086.1662257,-4.150192602440843,-4.267361891598336,0.9805964854295414,0.8821924586284853,0.47088901658355586
1769100086.2163184,-4.146762095573479,-4.262226504502662,0.9831275540796727,0.8815958261242348,0.4720050840407632
1769100086.2662122,-4.141546849403644,-4.254387228052964,0.9843930884046447,0.8812969803335003,0.4725628343988278
1769100086.3163223,-4.138030470584079,-4.249096154068324,0.9840767048233549,0.8813717248670834,0.47242341453914233
1769100086.3662157,-4.134474604981011,-4.243740152361244,0.9853422391484206,0.8810726144154063,0.47298102300959255
1769100086.4163747,-4.129047988058661,-4.235555107484993,0.9853422391483266,0.8810726144154285,0.4729810230095512
1769100086.4662397,-4.125439567527816,-4.230112474551811,0.9853422391484206,0.8810726144154063,0.47298102300959255
1769100086.5162838,-4.121827704041231,-4.224672126361151,0.9840767048234487,0.8813717248670612,0.4724234145391837
1769100086.566213,-4.116421225297498,-4.2165648807537535,0.9812292525921212,0.8820434329244122,0.4711681042206888
1769100086.6162045,-4.113040565807102,-4.211517953618511,0.9799637182670558,0.8823413960263328,0.4706098818111475
1769100086.6662455,-4.107708484528326,-4.203574100352547,0.9793309511046636,0.8824902451030466,0.47033069993140436
1769100086.716225,-4.104080670691209,-4.198174841746534,0.9790145675233737,0.8825646365163522,0.47019109133495823
1769100086.7663949,-4.100509320882683,-4.192859618293914,0.9793309511045698,0.8824902451030686,0.470330699931363
1769100086.816241,-4.09516439372398,-4.184893904085958,0.9802801018483456,0.8822669383666053,0.47074945508754085
1769100086.8663938,-4.091618055471549,-4.179592385968402,0.9821784033358972,0.8818197288268277,0.471586647236518
1769100086.9162061,-4.088023950026648,-4.174201023997123,0.9834439376608691,0.8815211477643201,0.47214453935662076
1769100086.9667034,-4.084520747277656,-4.168931584430199,0.984709471985841,0.8812222137457975,0.47270224243275605
1769100087.0162442,-4.079284944819801,-4.161045187689556,0.984709471985841,0.8812222137457975,0.47270224243275605
1769100087.066239,-4.075732469030376,-4.1556869370198815,0.9859750063109068,0.8809229268909289,0.47325975624166405
1769100087.1162343,-4.072263909991888,-4.150455259200681,0.9847094719859348,0.8812222137457753,0.4727022424327974
1769100087.1662276,-4.066865127959967,-4.142342884599881,0.9824947869170934,0.8817451166573786,0.4717261379771804
1769100087.2162192,-4.06325099198466,-4.136934461593819,0.9809128690109253,0.8821179568137699,0.47102856629582457
1769100087.2662911,-4.059528754717685,-4.131385196406544,0.9790145675233737,0.8825646365163522,0.47019109133495823
1769100087.3162475,-4.054009265088389,-4.123201364455398,0.97585073171085,0.8833073356198754,0.4687943587972414
1769100087.3662398,-4.050369237675326,-4.117840902827092,0.9726868958983266,0.8840478242788198,0.46739645311864003
1769100087.4162176,-4.046710577432675,-4.112493142711333,0.9688902929233172,0.8849334902740053,0.46571742268404254
1769100087.466233,-4.0413490222712465,-4.1047224329441985,0.9647773063671116,0.8858893630841367,0.4638965793950011
1769100087.516353,-4.037707659970399,-4.099485728997379,0.9616134705545881,0.88662210063066,0.46249459529088083
1769100087.566231,-4.034153767014343,-4.0944040269226125,0.9593987854858405,0.8871336968720047,0.4615125175704448
1769100087.6164467,-4.028745413489485,-4.086727659446271,0.9546530317671491,0.8882263106958197,0.45940616124263417
1769100087.6662397,-4.0250219018966105,-4.081486822973818,0.9514891959546253,0.8889519418483606,0.4580004858993371
1769100087.7162983,-4.021252378419001,-4.076216619828953,0.9483253601421019,0.8896753484309001,0.4565936644264311
1769100087.766231,-4.015480231042706,-4.0682402352915465,0.9404157706107931,0.8914741205271198,0.45307161953757186
1769100087.8162518,-4.011698253047467,-4.0630727644512605,0.9375683183795595,0.8921182666990725,0.4518019457924486
1769100087.8662202,-4.0078792066666535,-4.057901138688754,0.9318734139170922,0.8934011327812638,0.449259853475864
1769100087.9164228,-4.0020676617851,-4.050142340129691,0.9239638243858771,0.8951708720995639,0.44572313126480906
1769100087.9662602,-3.9981608657619274,-4.045004849235685,0.9173197691795402,0.8966466344325432,0.44274689491942604
1769100088.0162315,-3.994379224872857,-4.040090280398903,0.9125740154609424,0.8976946930048874,0.4406180184137515
1769100088.0664184,-3.9884956484315928,-4.032545818149723,0.9043480423483438,0.8994993508950021,0.4369220957327175
1769100088.11623,-3.9844670903002886,-4.027438596020465,0.90150059011711,0.9001204964423728,0.4356410126289033
1769100088.1663399,-3.980485347083003,-4.022423437028848,0.8980203707233906,0.900877196436354,0.43407404545880746
1769100088.216243,-3.974477496543484,-4.014912597150653,0.8942237677482873,0.9016995761708022,0.4323631278605931
1769100088.2664773,-3.9705093481831284,-4.009983783357391,0.8916926990983434,0.9022460243332939,0.43122165016933606
1769100088.3162496,-3.966593958205925,-4.005142489494213,0.8897943976108856,0.9026549122109223,0.43036508857189165
1769100088.3663635,-3.960559582282493,-3.9977507286980685,0.8825175752421567,0.9042147792252624,0.42707801749868846
1769100088.4162352,-3.956403597963921,-3.992713794040397,0.8793537394296332,0.9048892499243867,0.42564709017128366
1769100088.4663808,-3.95238577087142,-3.9878911087040114,0.8730260678046797,0.906231396282833,0.42278204360079785
1769100088.5162563,-3.9460124009891286,-3.980353233715368,0.8648000946920811,0.9079626230490103,0.4190511605352749
1769100088.566211,-3.9419922248169357,-3.9756650913524845,0.8591051902296138,0.9091521687278143,0.4164640850031511
1769100088.6162355,-3.9376153057156804,-3.970616141795045,0.8540430529295384,0.9102033546386684,0.41416162690973
1769100088.6662266,-3.931200236592112,-3.9633146886352653,0.8458170798170337,0.9118990922507476,0.4104144801932097
1769100088.7164953,-3.92692949020858,-3.958509313432359,0.8426532440046038,0.9125471929979445,0.40897141776849427
1769100088.7662454,-3.922675806146409,-3.953756551645741,0.8388566410295945,0.913321899378814,0.40723839224105024
1769100088.8164625,-3.916361129729932,-3.946772453589939,0.832528969404641,0.9146057615318808,0.4043467583308767
1769100088.8662386,-3.9121292911073398,-3.9421364133753167,0.8293651335921176,0.9152442602585651,0.4028994217714291
1769100088.9162345,-3.907796445829165,-3.9374212728095443,0.8258849141983979,0.9159439634243226,0.4013061871770023
1769100088.9662507,-3.9013111517626986,-3.9304217719547268,0.8211391604796127,0.9168936340653377,0.39913163719562317
1769100089.0164497,-3.896975692345432,-3.925778050535301,0.818291708248379,0.9174609587390758,0.39782582770551195
1769100089.0662365,-3.892485403462228,-3.9210019220522465,0.8141787216920797,0.9182771442569397,0.3959382355056398
1769100089.1162739,-3.885902296954262,-3.9140594111536178,0.809749351554678,0.9191517700427178,0.3939035714833503
1769100089.1662245,-3.8813866294012604,-3.9093422502000124,0.8046872142546029,0.9201458217757938,0.39157587600431815
1769100089.2163415,-3.876865474992185,-3.9046654873795728,0.7999414605359113,0.9210723917788716,0.3893913829333527
1769100089.2662377,-3.870041758367041,-3.8977089337697888,0.7901335695171446,0.9229708629827736,0.38486983005275177
1769100089.3162355,-3.865431510132768,-3.893084172056147,0.7838058978920975,0.9241839065034675,0.38194778040982263
1769100089.3663979,-3.8608668803727566,-3.8885570309180713,0.778743760592116,0.9251476812221625,0.3796073865578171
1769100089.416239,-3.853978178988629,-3.8818086979489195,0.7714669382232933,0.9265227223734022,0.37623881368856604
1769100089.466238,-3.84936086544976,-3.877335298120217,0.7676703352483776,0.9272352672598162,0.37447931738564305
1769100089.5162423,-3.8448226647158306,-3.8729621437421304,0.766088417342116,0.9275311749511557,0.3737457952856844
1769100089.5663865,-3.8379176165384448,-3.866339747511025,0.7629245815295924,0.9281212493139507,0.3722780500807312
1769100089.6162386,-3.8333369513548883,-3.8619743264235646,0.7597607457171627,0.9287090010869553,0.37080937326349994
1769100089.666242,-3.828648504317676,-3.8575386272963366,0.7556477591608634,0.9294696037021183,0.36889870668494784
1769100089.716241,-3.8216817937850838,-3.851018134090668,0.7490037039546201,0.9306899643874913,0.3658089531277359
1769100089.766355,-3.816944517922515,-3.8466346240460942,0.7442579502359289,0.931555363028297,0.36359951266911494
1769100089.8162444,-3.8121076591112626,-3.8422098306184553,0.7376138950295918,0.9327581081682003,0.36050285941512306
1769100089.866385,-3.8048680067806693,-3.8356872264910766,0.729071538335891,0.9342893673700694,0.35651560697848206
1769100089.9162388,-3.7999868697788113,-3.83134932809663,0.7240094010358156,0.9351887392113047,0.35414971700168024
1769100089.9662466,-3.795066885977862,-3.827017139626634,0.7198964144796102,0.9359150676775466,0.35222576012286966
1769100090.0164373,-3.787757046044715,-3.8206500843122497,0.7132523592733669,0.9370800049104806,0.3491146865959288
1769100090.0662506,-3.7827722504212895,-3.8163537595912707,0.7094557562983574,0.9377410410351951,0.3473351982713941
1769100090.1163294,-3.777982115642997,-3.812258114805519,0.7053427697420581,0.9384533501023183,0.34540600701455026
1769100090.1662588,-3.7707755726190606,-3.806159278938795,0.6993314816983948,0.9394872770975058,0.34258379438016967
1769100090.2164857,-3.765946778576108,-3.802109282068092,0.6964840294670672,0.9399740702592515,0.34124587505236703
1769100090.266256,-3.7611440842182957,-3.7981069908428697,0.6930038100733478,0.9405664521039623,0.33960970124035733
1769100090.316358,-3.7538423657230466,-3.792082583074924,0.6866761384483945,0.9416362121825264,0.33663220865886306
1769100090.3662462,-3.748885599287327,-3.7880283766311003,0.684461453379553,0.9420084019488202,0.33558928865181326
1769100090.416274,-3.744152960365451,-3.7841799260672397,0.6809812339859271,0.9425909376376772,0.3339495834453526
1769100090.4662604,-3.7364845846389065,-3.7780044404330213,0.6749699459420762,0.9435904120644751,0.33111498646239795
1769100090.5163183,-3.731376016655635,-3.7739368374445714,0.6699078086420949,0.9444254634673946,0.3287256362901999
1769100090.5662606,-3.726185345298122,-3.769850615026237,0.6638965205983376,0.9454092283058287,0.32588554898027833
1769100090.6162708,-3.71846401497325,-3.7638646424172277,0.6550377803233469,0.9468434171769118,0.32169479844838755
1769100090.6663215,-3.7133948330682154,-3.7599934789705767,0.6493428758608795,0.9477555880175532,0.318997406543536
1769100090.7162578,-3.7083061171186746,-3.756148023855822,0.6449135057233839,0.9484597419442198,0.31689764579609
1769100090.7663534,-3.7021078074987703,-3.751503995843938,0.6411169027483744,0.9490595999454804,0.3150966133606085
1769100090.8162613,-3.699875963902379,-3.7498395117794545,0.6404841355858883,0.9491592438390355,0.31479633072021396
1769100090.866456,-3.698901379614954,-3.749114116197269,0.6392186012609167,0.9493582465877332,0.3141956709374986
1769100090.9162588,-3.6983126376332085,-3.7486757632431837,0.6408005191671783,0.9491094337678128,0.31494647598114495
1769100090.966484,-3.6982517763526066,-3.748630358594351,0.6411169027483744,0.9490595999454804,0.3150966133606085
1769100091.0162647,-3.698272058656699,-3.7486454998950425,0.6414332863296643,0.949009742373256,0.3152467428549364
1769100091.066272,-3.698272058656699,-3.7486454998950425,0.6414332863296643,0.949009742373256,0.3152467428549364
1769100091.1162636,-3.698272058656699,-3.7486454998950425,0.6414332863296643,0.949009742373256,0.3152467428549364
1769100091.1662426,-3.698272058656699,-3.7486454998950425,0.6414332863296643,0.949009742373256,0.3152467428549364
1769100091.2164137,-3.698272058656699,-3.7486454998950425,0.6414332863296643,0.949009742373256,0.3152467428549364
1769100091.2662644,-3.698292340960791,-3.748660641195734,0.6411169027483744,0.9490595999454804,0.3150966133606085
1769100091.3164601,-3.698272058656699,-3.7486454998950425,0.6414332863296643,0.949009742373256,0.3152467428549364
1769100091.3662395,-3.698272058656699,-3.7486454998950425,0.6414332863296643,0.949009742373256,0.3152467428549364
1769100091.4165695,-3.698272058656699,-3.7486454998950425,0.6414332863296643,0.949009742373256,0.3152467428549364
1769100091.4662542,-3.698272058656699,-3.7486454998950425,0.6414332863296643,0.949009742373256,0.3152467428549364
1769100091.5164483,-3.698272058656699,-3.7486454998950425,0.6414332863296643,0.949009742373256,0.3152467428549364
1769100091.5662498,-3.698272058656699,-3.7486454998950425,0.6414332863296643,0.949009742373256,0.3152467428549364
1769100091.6164804,-3.698292340960791,-3.748660641195734,0.6411169027483744,0.9490595999454804,0.3150966133606085
1769100091.6662323,-3.698272058656699,-3.7486454998950425,0.6414332863296643,0.949009742373256,0.3152467428549364
1769100091.7163315,-3.698272058656699,-3.7486454998950425,0.6414332863296643,0.949009742373256,0.3152467428549364
1769100091.7663724,-3.698272058656699,-3.7486454998950425,0.6414332863296643,0.949009742373256,0.3152467428549364
1769100091.816267,-3.698272058656699,-3.7486454998950425,0.6414332863296643,0.949009742373256,0.3152467428549364
1769100091.8663487,-3.698272058656699,-3.7486454998950425,0.6414332863296643,0.949009742373256,0.3152467428549364
1769100091.9162548,-3.698272058656699,-3.7486454998950425,0.6414332863296643,0.949009742373256,0.3152467428549364
1769100091.9664338,-3.698272058656699,-3.7486454998950425,0.6414332863296643,0.949009742373256,0.3152467428549364
1769100092.0162718,-3.698272058656699,-3.7486454998950425,0.6414332863296643,0.949009742373256,0.3152467428549364
1769100092.0663488,-3.698272058656699,-3.7486454998950425,0.6414332863296643,0.949009742373256,0.3152467428549364
1769100092.116265,-3.698272058656699,-3.7486454998950425,0.6414332863296643,0.949009742373256,0.3152467428549364
1769100092.1663074,-3.698272058656699,-3.7486454998950425,0.6414332863296643,0.949009742373256,0.3152467428549364
1769100092.2162693,-3.698272058656699,-3.7486454998950425,0.6414332863296643,0.949009742373256,0.3152467428549364
1769100092.2662551,-3.698292340960791,-3.748660641195734,0.6411169027483744,0.9490595999454804,0.3150966133606085
1769100092.3162656,-3.698272058656699,-3.7486454998950425,0.6414332863296643,0.949009742373256,0.3152467428549364
1769100092.3662333,-3.698272058656699,-3.7486454998950425,0.6414332863296643,0.949009742373256,0.3152467428549364
1769100092.4164941,-3.698272058656699,-3.7486454998950425,0.6414332863296643,0.949009742373256,0.3152467428549364
1769100092.4662585,-3.698272058656699,-3.7486454998950425,0.6414332863296643,0.949009742373256,0.3152467428549364
1769100092.5164733,-3.698272058656699,-3.7486454998950425,0.6414332863296643,0.949009742373256,0.3152467428549364
1769100092.5662587,-3.698272058656699,-3.7486454998950425,0.6414332863296643,0.949009742373256,0.3152467428549364
1769100092.6164086,-3.698292340960791,-3.748660641195734,0.6411169027483744,0.9490595999454804,0.3150966133606085
1769100092.6662443,-3.698272058656699,-3.7486454998950425,0.6414332863296643,0.949009742373256,0.3152467428549364
1769100092.7164073,-3.698272058656699,-3.7486454998950425,0.6414332863296643,0.949009742373256,0.3152467428549364
1769100092.7662475,-3.698272058656699,-3.7486454998950425,0.6414332863296643,0.949009742373256,0.3152467428549364
1769100092.8163118,-3.698272058656699,-3.7486454998950425,0.6414332863296643,0.949009742373256,0.3152467428549364
1769100092.866242,-3.698272058656699,-3.7486454998950425,0.6414332863296643,0.949009742373256,0.3152467428549364
1769100092.9163122,-3.698272058656699,-3.7486454998950425,0.6414332863296643,0.949009742373256,0.3152467428549364
1769100092.9663973,-3.698272058656699,-3.7486454998950425,0.6414332863296643,0.949009742373256,0.3152467428549364
1769100093.0162745,-3.698272058656699,-3.7486454998950425,0.6414332863296643,0.949009742373256,0.3152467428549364
1769100093.0664237,-3.698272058656699,-3.7486454998950425,0.6414332863296643,0.949009742373256,0.3152467428549364
1769100093.1162717,-3.698272058656699,-3.7486454998950425,0.6414332863296643,0.949009742373256,0.3152467428549364
1769100093.1663752,-3.698272058656699,-3.7486454998950425,0.6414332863296643,0.949009742373256,0.3152467428549364
1769100093.2162762,-3.698292340960791,-3.748660641195734,0.6411169027483744,0.9490595999454804,0.3150966133606085
1769100093.2664042,-3.698272058656699,-3.7486454998950425,0.6414332863296643,0.949009742373256,0.3152467428549364
1769100093.3162813,-3.698272058656699,-3.7486454998950425,0.6414332863296643,0.949009742373256,0.3152467428549364
1769100093.3663676,-3.698272058656699,-3.7486454998950425,0.6414332863296643,0.949009742373256,0.3152467428549364
1769100093.4162834,-3.698272058656699,-3.7486454998950425,0.6414332863296643,0.949009742373256,0.3152467428549364
1769100093.4662828,-3.698272058656699,-3.7486454998950425,0.6414332863296643,0.949009742373256,0.3152467428549364
1769100093.5162766,-3.698272058656699,-3.7486454998950425,0.6414332863296643,0.949009742373256,0.3152467428549364
1769100093.5662422,-3.698272058656699,-3.7486454998950425,0.6414332863296643,0.949009742373256,0.3152467428549364
1769100093.616264,-3.698272058656699,-3.7486454998950425,0.6414332863296643,0.949009742373256,0.3152467428549364
1769100093.6662512,-3.698272058656699,-3.7486454998950425,0.6414332863296643,0.949009742373256,0.3152467428549364
1769100093.7164514,-3.698272058656699,-3.7486454998950425,0.6414332863296643,0.949009742373256,0.3152467428549364
1769100093.7662475,-3.698272058656699,-3.7486454998950425,0.6414332863296643,0.949009742373256,0.3152467428549364
1769100093.8164284,-3.698292340960791,-3.748660641195734,0.6411169027483744,0.9490595999454804,0.3150966133606085
1769100093.866249,-3.698272058656699,-3.7486454998950425,0.6414332863296643,0.949009742373256,0.3152467428549364
1769100093.9164498,-3.698272058656699,-3.7486454998950425,0.6414332863296643,0.949009742373256,0.3152467428549364
1769100093.9662688,-3.698272058656699,-3.7486454998950425,0.6414332863296643,0.949009742373256,0.3152467428549364
1769100094.0164797,-3.698272058656699,-3.7486454998950425,0.6414332863296643,0.949009742373256,0.3152467428549364
1769100094.0662255,-3.698272058656699,-3.7486454998950425,0.6414332863296643,0.949009742373256,0.3152467428549364
1769100094.1163588,-3.698272058656699,-3.7486454998950425,0.6414332863296643,0.949009742373256,0.3152467428549364
1769100094.1662264,-3.698272058656699,-3.7486454998950425,0.6414332863296643,0.949009742373256,0.3152467428549364
1769100094.2162898,-3.698272058656699,-3.7486454998950425,0.6414332863296643,0.949009742373256,0.3152467428549364
1769100094.2662566,-3.698272058656699,-3.7486454998950425,0.6414332863296643,0.949009742373256,0.3152467428549364
1769100094.3162897,-3.698272058656699,-3.7486454998950425,0.6414332863296643,0.949009742373256,0.3152467428549364
1769100094.3663533,-3.698272058656699,-3.7486454998950425,0.6414332863296643,0.949009742373256,0.3152467428549364
1769100094.41628,-3.698272058656699,-3.7486454998950425,0.6414332863296643,0.949009742373256,0.3152467428549364
1769100094.4663272,-3.698272058656699,-3.7486454998950425,0.6414332863296643,0.949009742373256,0.3152467428549364
1769100094.5162895,-3.698272058656699,-3.7486454998950425,0.6414332863296643,0.949009742373256,0.3152467428549364
1769100094.5689878,-3.698292340960791,-3.748660641195734,0.6411169027483744,0.9490595999454804,0.3150966133606085
1769100094.6162739,-3.698272058656699,-3.7486454998950425,0.6414332863296643,0.949009742373256,0.3152467428549364
1769100094.6663938,-3.698272058656699,-3.7486454998950425,0.6414332863296643,0.949009742373256,0.3152467428549364
1769100094.7162824,-3.698272058656699,-3.7486454998950425,0.6414332863296643,0.949009742373256,0.3152467428549364
1769100094.7662635,-3.698272058656699,-3.7486454998950425,0.6414332863296643,0.949009742373256,0.3152467428549364
1769100094.8163044,-3.698272058656699,-3.7486454998950425,0.6414332863296643,0.949009742373256,0.3152467428549364
1769100094.8703504,-3.698272058656699,-3.7486454998950425,0.6414332863296643,0.949009742373256,0.3152467428549364
1769100094.9163704,-3.698272058656699,-3.7486454998950425,0.6414332863296643,0.949009742373256,0.3152467428549364
1769100094.9662623,-3.698272058656699,-3.7486454998950425,0.6414332863296643,0.949009742373256,0.3152467428549364
1769100095.0164201,-3.698292340960791,-3.748660641195734,0.6411169027483744,0.9490595999454804,0.3150966133606085
1769100095.066248,-3.698292340960791,-3.748660641195734,0.6411169027483744,0.9490595999454804,0.3150966133606085
1769100095.1164694,-3.698272058656699,-3.7486454998950425,0.6414332863296643,0.949009742373256,0.3152467428549364
1769100095.1710079,-3.698292340960791,-3.748660641195734,0.6411169027483744,0.9490595999454804,0.3150966133606085
1769100095.216387,-3.698292340960791,-3.748660641195734,0.6411169027483744,0.9490595999454804,0.3150966133606085
1769100095.2662294,-3.698272058656699,-3.7486454998950425,0.6414332863296643,0.949009742373256,0.3152467428549364
1769100095.3164885,-3.698272058656699,-3.7486454998950425,0.6414332863296643,0.949009742373256,0.3152467428549364
1769100095.3662317,-3.698272058656699,-3.7486454998950425,0.6414332863296643,0.949009742373256,0.3152467428549364
1769100095.416298,-3.698272058656699,-3.7486454998950425,0.6414332863296643,0.949009742373256,0.3152467428549364
1769100095.4690201,-3.698272058656699,-3.7486454998950425,0.6414332863296643,0.949009742373256,0.3152467428549364
1769100095.5162978,-3.698272058656699,-3.7486454998950425,0.6414332863296643,0.949009742373256,0.3152467428549364
1769100095.5664086,-3.698272058656699,-3.7486454998950425,0.6414332863296643,0.949009742373256,0.3152467428549364
1769100095.6162815,-3.698292340960791,-3.748660641195734,0.6411169027483744,0.9490595999454804,0.3150966133606085
1769100095.666292,-3.698272058656699,-3.7486454998950425,0.6414332863296643,0.949009742373256,0.3152467428549364
1769100095.7162912,-3.698272058656699,-3.7486454998950425,0.6414332863296643,0.949009742373256,0.3152467428549364
1769100095.7673404,-3.698272058656699,-3.7486454998950425,0.6414332863296643,0.949009742373256,0.3152467428549364
1769100095.8162918,-3.698272058656699,-3.7486454998950425,0.6414332863296643,0.949009742373256,0.3152467428549364
1769100095.8720584,-3.698272058656699,-3.7486454998950425,0.6414332863296643,0.949009742373256,0.3152467428549364
1769100095.9162817,-3.698272058656699,-3.7486454998950425,0.6414332863296643,0.949009742373256,0.3152467428549364
1769100095.9662626,-3.698272058656699,-3.7486454998950425,0.6414332863296643,0.949009742373256,0.3152467428549364
1769100096.016329,-3.698272058656699,-3.7486454998950425,0.6414332863296643,0.949009742373256,0.3152467428549364
1769100096.0662596,-3.698272058656699,-3.7486454998950425,0.6414332863296643,0.949009742373256,0.3152467428549364
1769100096.11646,-3.698272058656699,-3.7486454998950425,0.6414332863296643,0.949009742373256,0.3152467428549364
1769100096.1700592,-3.698272058656699,-3.7486454998950425,0.6414332863296643,0.949009742373256,0.3152467428549364
1769100096.2164624,-3.698272058656699,-3.7486454998950425,0.6414332863296643,0.949009742373256,0.3152467428549364
1769100096.2751334,-3.698272058656699,-3.7486454998950425,0.6414332863296643,0.949009742373256,0.3152467428549364
1769100096.316459,-3.698292340960791,-3.748660641195734,0.6411169027483744,0.9490595999454804,0.3150966133606085
1769100096.3662393,-3.698272058656699,-3.7486454998950425,0.6414332863296643,0.949009742373256,0.3152467428549364
1769100096.416331,-3.698272058656699,-3.7486454998950425,0.6414332863296643,0.949009742373256,0.3152467428549364
1769100096.466238,-3.698272058656699,-3.7486454998950425,0.6414332863296643,0.949009742373256,0.3152467428549364
1769100096.5163496,-3.698292340960791,-3.748660641195734,0.6411169027483744,0.9490595999454804,0.3150966133606085
1769100096.5731027,-3.698292340960791,-3.748660641195734,0.6411169027483744,0.9490595999454804,0.3150966133606085
1769100096.6162949,-3.698292340960791,-3.748660641195734,0.6411169027483744,0.9490595999454804,0.3150966133606085
1769100096.6690788,-3.698272058656699,-3.7486454998950425,0.6414332863296643,0.949009742373256,0.3152467428549364
1769100096.7162998,-3.698272058656699,-3.7486454998950425,0.6414332863296643,0.949009742373256,0.3152467428549364
1769100096.7665093,-3.698272058656699,-3.7486454998950425,0.6414332863296643,0.949009742373256,0.3152467428549364
1769100096.816301,-3.698292340960791,-3.748660641195734,0.6411169027483744,0.9490595999454804,0.3150966133606085
1769100096.8665087,-3.698272058656699,-3.7486454998950425,0.6414332863296643,0.949009742373256,0.3152467428549364
1769100096.916296,-3.698272058656699,-3.7486454998950425,0.6414332863296643,0.949009742373256,0.3152467428549364
