timestamp,x,y,theta,qw,qz
1769099703.9625347,0.0,0.0,0.0,1.0,0.0
1769099704.0125253,0.0,0.0,3.2256158805912645e-05,0.9999999998699425,1.612807940225713e-05
1769099704.0625045,0.0,0.0,2.504722691575815e-05,0.9999999999215795,1.2523613457551706e-05
1769099704.1125233,2.5310686491215816e-05,6.45146346296847e-10,2.548908921854143e-05,0.9999999999187883,1.2744544608925713e-05
1769099704.1625092,1.8786242093199457e-15,9.925179501205934e-11,6.825022419896617e-06,0.9999999999941774,3.4125112099416853e-06
1769099704.2125235,4.532889953531435e-15,1.4115374365533394e-10,-3.498001071028465e-06,0.9999999999984704,-1.7490005355133408e-06
1769099704.262516,2.5310686503191035e-05,1.4248788996100273e-10,5.367824326574363e-07,0.999999999999964,2.6839121632871485e-07
1769099704.312541,4.731756436324175e-15,-1.095121946146722e-11,1.6367175146867185e-05,0.9999999999665145,8.183587573342248e-06
1769099704.3625166,6.420308038715999e-15,-6.790349275349037e-11,2.5136467310272348e-05,0.9999999999210197,1.2568233654805294e-05
1769099704.412553,5.441590571857544e-15,-3.4892843526517574e-11,1.8199059431012618e-05,0.9999999999585992,9.099529715380735e-06
1769099704.4625223,5.23632548250924e-15,-2.796956475356393e-11,1.6209635647283947e-05,0.9999999999671559,8.104817823553242e-06
1769099704.512556,5.384224041389839e-15,-3.295795784319937e-11,1.8171492286392883e-05,0.9999999999587246,9.085746143071437e-06
1769099704.562514,5.347444341467251e-15,-3.171743459320056e-11,1.7503415715134444e-05,0.9999999999617039,8.751707857455503e-06
1769099704.612527,5.621713967120119e-15,-4.0968131257582636e-11,2.4327270539811947e-05,0.999999999926023,1.216363526960603e-05
1769099704.6625197,5.802099925104915e-15,-4.7052274829293e-11,3.047553264104336e-05,0.9999999998839052,1.5237766319932005e-05
1769099704.7125392,5.891806897759575e-15,-5.0077954361734513e-11,3.4664503176509863e-05,0.9999999998497965,1.7332251587387146e-05
1769099704.7625144,5.7470787320926095e-15,-4.5196493805573473e-11,2.5405085589468653e-05,0.9999999999193228,1.2702542794392723e-05
1769099704.812544,5.642252810257588e-15,-4.1660875148743665e-11,1.6216293469522902e-05,0.999999999967129,8.108146734672611e-06
1769099704.8625197,2.5310686503501385e-05,2.385964582431592e-10,1.1014977822506193e-05,0.9999999999848338,5.5074889112252535e-06
1769099704.9125373,9.325626073230717e-15,-1.4051031125627993e-10,2.5258172311073566e-05,0.9999999999202531,1.2629086155201074e-05
1769099704.9625268,9.188992971386811e-15,-1.3833275103822205e-10,2.4834528115808033e-05,0.9999999999229058,1.2417264057584917e-05
1769099705.0125442,9.507037820854864e-15,-1.4340152136117821e-10,2.6185676047387055e-05,0.9999999999142888,1.3092838023319459e-05
1769099705.0625248,9.84279964415425e-15,-1.4875265208493652e-10,2.8140085085706437e-05,0.999999999901017,1.4070042542388987e-05
1769099705.1125548,1.0123340793227975e-14,-1.532237153741905e-10,3.037752073231145e-05,0.9999999998846508,1.5188760365571719e-05
1769099705.1625223,1.0507271280356669e-14,-1.593425236570189e-10,3.4572951240761846e-05,0.9999999998505888,1.7286475619519995e-05
1769099705.212556,2.5310686496255014e-05,6.713562958392284e-10,3.274312959800417e-05,0.999999999865986,1.6371564798270744e-05
1769099705.2625256,1.0613360098546062e-14,-1.6354086700249597e-10,3.355026131227309e-05,0.9999999998592976,1.6775130655349778e-05
1769099705.312552,1.0504821186109716e-14,-1.6072071782997393e-10,3.304281661216638e-05,0.9999999998635215,1.6521408305331585e-05
1769099705.362522,2.531068650170116e-05,4.6111709298537876e-10,2.2950924297033468e-05,0.9999999999341569,1.1475462148264874e-05
1769099705.412549,8.929387448636944e-15,-1.197865567181697e-10,2.2950924297033468e-05,0.9999999999341569,1.1475462148264874e-05
1769099705.4625185,9.374189518652449e-15,-1.363217807967385e-10,2.496165757852356e-05,0.9999999999221144,1.2480828788937757e-05
1769099705.5125294,8.63746316250856e-15,-1.08934463595175e-10,2.049125588470343e-05,0.9999999999475135,1.0245627942172463e-05
1769099705.5625207,8.094388997006204e-15,-8.874603907289214e-11,1.602602725534561e-05,0.9999999999678958,8.013013627587055e-06
1769099705.6125364,8.44181156598141e-15,-1.0166124431858001e-10,1.991665791161869e-05,0.9999999999504159,9.95832895564475e-06
1769099705.6625187,2.531068649815958e-05,5.989020854205546e-10,2.850309092058482e-05,0.9999999998984467,1.4251545459809981e-05
1769099705.7125309,9.313913301636084e-15,-1.3290376044838537e-10,2.971161630215131e-05,0.9999999998896525,1.4855808150529221e-05
1769099705.7625232,9.897001954730876e-15,-1.5127741678207378e-10,3.264196935805122e-05,0.9999999998668128,1.6320984678301028e-05
1769099705.812549,2.5310686495653523e-05,6.808839725028926e-10,3.29299618921191e-05,0.9999999998644522,1.646498094531562e-05
1769099705.8625376,8.378504324797059e-15,-8.985213351073622e-11,2.6763772674852846e-05,0.9999999999104625,1.3381886337027032e-05
1769099705.9125316,7.944016667345005e-15,-6.459053889801414e-11,2.3362692803521438e-05,0.999999999931773,1.1681346401495059e-05
1769099705.9625235,2.5310686501125308e-05,4.998194618841157e-10,2.2009416738139713e-05,0.9999999999394482,1.1004708368847737e-05
1769099706.0125482,8.406263288544477e-15,-8.281300733176082e-11,2.437730952192335e-05,0.9999999999257183,1.2188654760659878e-05
1769099706.0625348,5.9875632385683784e-15,1.0939991753163022e-11,1.2476842276172963e-05,0.999999999980541,6.238421138046017e-06
1769099706.1125522,5.688032992495666e-15,2.2550302376937767e-11,1.0457602224308887e-05,0.9999999999863298,5.228801112130617e-06
1769099706.1625328,6.2656509309745495e-15,1.608316121848304e-13,1.579286064528746e-05,0.9999999999688232,7.896430322561668e-06
1769099706.2125456,2.5310686502109804e-05,4.287491377594608e-10,1.7090070189384402e-05,0.9999999999634912,8.545035094588211e-06
1769099706.2625353,5.813566587766633e-15,4.1238971484293994e-11,1.2124751642779328e-05,0.9999999999816238,6.06237582135253e-06
1769099706.3125544,6.0626660505999905e-15,-5.025171153832845e-12,1.9111169493189805e-05,0.9999999999543454,9.555584746449484e-06
1769099706.362527,5.980060565682932e-15,1.0316780584742565e-11,1.593677769584489e-05,0.9999999999682524,7.96838884783812e-06
1769099706.412559,5.813920271695364e-15,4.117328333088923e-11,7.189023083698847e-06,0.9999999999935397,3.594511541841683e-06
1769099706.4625347,5.757889040896036e-15,5.157971626496613e-11,3.146785784676888e-06,0.9999999999987622,1.5733928923377947e-06
1769099706.5125504,5.822977849067105e-15,3.949105950464818e-11,9.58059257656563e-06,0.9999999999885265,4.790296288264494e-06
1769099706.5625348,2.5310686504416282e-05,2.4694360367483707e-10,8.116943304657276e-06,0.9999999999917644,4.058471652317496e-06
1769099706.6125555,5.942108919710157e-15,9.176535862090333e-11,1.704244669113201e-06,0.999999999999637,8.521223345564974e-07
1769099706.662521,5.059952769901582e-15,2.3583084581611944e-11,1.3622097639352611e-05,0.9999999999768048,6.811048819623644e-06
1769099706.7125623,4.978903806308418e-15,1.7318771117936852e-11,1.5122369986206327e-05,0.9999999999714142,7.5611849930311156e-06
1769099706.7625444,5.074240428377132e-15,2.4687384592183922e-11,1.270439122713148e-05,0.9999999999798248,6.352195613523022e-06
1769099706.8125727,5.201358116578839e-15,3.4512371987092103e-11,8.286970234594855e-06,0.9999999999914158,4.143485117285571e-06
1769099706.8625422,5.005839622020278e-15,1.9400653298020687e-11,1.759634969301393e-05,0.9999999999612961,8.798174846393458e-06
1769099706.9125526,5.007177121712923e-15,1.9504029293972458e-11,1.7509093419200064e-05,0.999999999961679,8.754546709488203e-06
1769099706.9625428,2.5310686503065396e-05,2.968184459448804e-10,1.0724642771954189e-05,0.9999999999856227,5.362321385951395e-06
1769099707.0125568,5.925175037028649e-15,-1.9287723996179922e-11,1.670383617796533e-05,0.9999999999651227,8.351918088885569e-06
1769099707.0625417,7.0489440125272956e-15,-5.805497559845059e-11,2.3815602317555733e-05,0.9999999999291022,1.1907801158496454e-05
1769099707.1125531,6.306285570275273e-15,-3.243509525555425e-11,1.7375991293098705e-05,0.9999999999622594,8.687995646440055e-06
1769099707.1625476,6.822035009927229e-15,-5.0227175947090984e-11,2.350343544642708e-05,0.9999999999309486,1.1751717722943049e-05
1769099707.212558,6.613402701825025e-15,-4.302987707436521e-11,2.0107243376284846e-05,0.9999999999494623,1.005362168797306e-05
1769099707.2625444,6.359245708783217e-15,-3.426208911211406e-11,1.4438551797939917e-05,0.9999999999739411,7.21927589890725e-06
1769099707.312563,2.5310686504390376e-05,2.2341582234121158e-10,9.981828384843839e-06,0.9999999999875454,4.9909141924011994e-06
1769099707.3625457,7.366225413928812e-15,-7.960463419594305e-11,1.655652630352157e-05,0.9999999999657352,8.278263151666234e-06
1769099707.4125705,7.13342290625377e-15,-7.270580821057869e-11,1.5322800315678407e-05,0.9999999999706515,7.661400157764253e-06
1769099707.4625437,6.875311299807263e-15,-6.505697712426215e-11,1.344863163209537e-05,0.9999999999773918,6.72431581599701e-06
1769099707.5125628,6.671859247237469e-15,-5.902791703783299e-11,1.1424525397175437e-05,0.999999999983685,5.7122626985566535e-06
1769099707.562541,7.073258023297264e-15,-7.092289331807194e-11,1.689616337017037e-05,0.999999999964315,8.448081684984695e-06
1769099707.6125698,6.595140597539401e-15,-5.675445091676406e-11,7.966276283368067e-06,0.9999999999920673,3.9831381416735015e-06
1769099707.6625504,6.5877123486606075e-15,-5.6534323578349374e-11,7.77618249532342e-06,0.9999999999924414,3.888091247651914e-06
1769099707.7125652,6.4859499044811784e-15,-5.351871433405727e-11,4.20806544693915e-06,0.9999999999977865,2.1040327234680224e-06
1769099707.7625515,6.424830229165106e-15,-5.170750530328461e-11,1.2717501643384861e-06,0.9999999999997978,6.358750821692002e-07
1769099707.8125768,6.388869848603788e-15,-5.0641862109241783e-11,-1.095346591101786e-06,0.99999999999985,-5.476732955508657e-07
1769099707.8625522,6.392655407541824e-15,-5.07540426550257e-11,-7.539243354832828e-07,0.999999999999929,-3.7696216774163244e-07
1769099707.9125628,6.38033582191649e-15,-5.03889663579971e-11,-2.276321615727126e-06,0.9999999999993523,-1.1381608078633171e-06
1769099707.962536,6.399557719616806e-15,-5.095858448053062e-11,9.782830644211685e-07,0.9999999999998803,4.891415322105648e-07
1769099708.0125682,6.4534346182155954e-15,-5.255516242024505e-11,1.347726541570383e-05,0.9999999999772954,6.738632707800916e-06
1769099708.062539,6.428865440211025e-15,-5.1827083992956066e-11,5.667593710281932e-06,0.9999999999959848,2.833796855137173e-06
1769099708.1125705,2.5310686504693235e-05,1.925860665628287e-10,9.66727218477957e-06,0.999999999988318,4.833636092370963e-06
1769099708.1625378,6.470305113090782e-15,-1.2182338563786772e-11,3.871715573471482e-06,0.9999999999981263,1.9358577867345317e-06
1769099708.2125785,6.599544269497354e-15,-9.020301995180337e-13,1.6276811938215654e-06,0.9999999999996688,8.138405969106929e-07
1769099708.2625382,6.875084819472972e-15,2.3147820147749593e-11,-4.92759503079874e-06,0.9999999999969649,-2.4637975153968773e-06
1769099708.312577,6.842123322977182e-15,2.027086044793089e-11,-3.8531542575863935e-06,0.9999999999981442,-1.926577128792005e-06
1769099708.3625505,6.787309568380945e-15,1.5486582434665696e-11,-1.4050202049843428e-06,0.9999999999997532,-7.025101024921137e-07
1769099708.4125779,6.788323296262169e-15,1.557506307331734e-11,-1.467055252477802e-06,0.999999999999731,-7.335276262388352e-07
1769099708.4625487,6.799333677139738e-15,1.653607593474693e-11,-2.390239008747002e-06,0.9999999999992858,-1.1951195043732165e-06
1769099708.5125675,6.797531644909711e-15,1.6378790172426553e-11,-2.183216079181936e-06,0.9999999999994041,-1.0916080395907514e-06
1769099708.5625477,6.722067652533487e-15,9.792109107094659e-12,9.69539757319224e-06,0.99999999998825,4.8476987865771325e-06
1769099708.6125686,6.7395949552632155e-15,1.1321934781314025e-11,5.9152291364875746e-06,0.9999999999956263,2.9576145682394755e-06
1769099708.6625597,6.7526651992658476e-15,1.2462737513592032e-11,2.052894995517987e-06,0.9999999999994732,1.0264474977588133e-06
1769099708.7125802,6.739785641305954e-15,1.1338578323586073e-11,7.2676893848286535e-06,0.9999999999933976,3.6338446924063295e-06
1769099708.7625444,6.7440115900182726e-15,1.1707429420513485e-11,4.923295727438524e-06,0.9999999999969701,2.461647863716776e-06
1769099708.812631,2.5310686503815387e-05,3.559838995097668e-10,1.3641573039889263e-05,0.9999999999767384,6.820786519891745e-06
1769099708.8625453,7.50278745381694e-15,-2.365681713126965e-11,1.860616341276109e-05,0.9999999999567263,9.303081706246353e-06
1769099708.9125793,7.668047371501568e-15,-2.89045106908049e-11,1.9644956746576668e-05,0.9999999999517595,9.822478373130386e-06
1769099708.9625673,7.851415385406941e-15,-3.472721203955116e-11,2.1224222751794798e-05,0.9999999999436916,1.0612111375698214e-05
1769099709.0125797,7.729773068564952e-15,-3.086455973037586e-11,1.9788778028419096e-05,0.9999999999510505,9.894389014048107e-06
1769099709.062566,7.600675052430976e-15,-2.676515778641586e-11,1.770144645506642e-05,0.9999999999608323,8.850723227417656e-06
1769099709.1125848,7.657167026777435e-15,-2.85590142405203e-11,1.8952940280224542e-05,0.9999999999550983,9.476470139970434e-06
1769099709.1625683,7.41035526583465e-15,-2.0721708580059653e-11,1.1461283155115099e-05,0.9999999999835799,5.730641577526184e-06
1769099709.21259,7.44968113085801e-15,-2.1970469268662135e-11,1.3096820293687075e-05,0.9999999999785592,6.548410146796736e-06
1769099709.2626166,7.392776675456465e-15,-2.0163514815922963e-11,9.854182193290293e-06,0.9999999999878619,4.927091096625211e-06
1769099709.3126063,7.454348649954518e-15,-2.2118682521124806e-11,1.4661528126579504e-05,0.9999999999731299,7.330764063224093e-06
1769099709.3625717,7.424312148140787e-15,-2.1164897965696947e-11,1.1448298745898856e-05,0.9999999999836171,5.724149372918168e-06
1769099709.4126153,7.384910841431895e-15,-1.9913741688056143e-11,5.673018183827431e-06,0.9999999999959771,2.8365090919099115e-06
1769099709.4625504,7.422487869889862e-15,-2.1106969501479484e-11,1.3219681581379308e-05,0.999999999978155,6.609840790641523e-06
1769099709.5125892,7.435104906810582e-15,-2.15076131924417e-11,1.6691523991115634e-05,0.9999999999651741,8.345761995460935e-06
1769099709.5625687,7.436080887123283e-15,-2.1538604649250747e-11,1.7059495142109595e-05,0.9999999999636217,8.529747570951366e-06
1769099709.612604,7.430218835686794e-15,-2.1352459999054152e-11,1.4031240282478496e-05,0.9999999999753906,7.015620141181698e-06
1769099709.6625683,7.437133705358826e-15,-2.1572036031472373e-11,1.8925611223802907e-05,0.9999999999552277,9.46280561176023e-06
1769099709.7126021,7.442627095096936e-15,-2.1746474130877152e-11,2.4253110236634308e-05,0.9999999999264734,1.2126555118019945e-05
1769099709.7625642,7.444456386376956e-15,-2.1804561779734632e-11,2.668383572053984e-05,0.9999999999109966,1.3341917859874095e-05
1769099709.8126051,7.446655651495999e-15,-2.1874397645337188e-11,3.068789704463655e-05,0.9999999998822816,1.5343948521716183e-05
1769099709.8649945,7.447916373861097e-15,-2.1914430853197747e-11,3.3832839296842174e-05,0.9999999998569173,1.6916419647614274e-05
1769099709.9125874,7.447916373861097e-15,-2.1914430853197747e-11,3.3832839296842174e-05,0.9999999998569173,1.6916419647614274e-05
1769099709.962566,7.448341215972068e-15,-2.1927921367054903e-11,3.588916754059078e-05,0.999999999838996,1.7944583769332336e-05
1769099710.0125954,7.44946734586063e-15,-2.1963680700874042e-11,4.3205712483934675e-05,0.9999999997666583,2.160285624028705e-05
1769099710.0625646,7.449777955243569e-15,-2.1973543847856195e-11,4.594020252559371e-05,0.9999999997361873,2.297010126077692e-05
1769099710.1126008,7.449507241655486e-15,-2.196494755921848e-11,4.269419702843567e-05,0.9999999997721507,2.134709851259653e-05
1769099710.162573,7.449146995057494e-15,-2.1953508223058763e-11,3.679460765331527e-05,0.9999999998307696,1.839730382561984e-05
1769099710.2125962,7.449463410069176e-15,-2.196355572303461e-11,4.388235497890614e-05,0.9999999997592923,2.19411774876926e-05
1769099710.2625663,7.449224753078973e-15,-2.1955977365451156e-11,3.65642227409577e-05,0.9999999998328822,1.828211136946043e-05
1769099710.3126237,7.449214431197594e-15,-2.1955649602547752e-11,3.613076734289969e-05,0.999999999836821,1.8065383670467213e-05
1769099710.3650334,7.449343273027385e-15,-2.1959740869503896e-11,4.3542167868715975e-05,0.9999999997630099,2.1771083932638148e-05
1769099710.412621,7.44940234484597e-15,-2.1961616646802367e-11,4.819732160837425e-05,0.9999999997096273,2.4098660801854592e-05
1769099710.4680064,7.449371870011871e-15,-2.1960648943363603e-11,4.490703851596374e-05,0.9999999997479198,2.2453519256095173e-05
1769099710.512627,7.449374480950334e-15,-2.1960731851579645e-11,4.529326465835254e-05,0.999999999743565,2.2646632327240475e-05
1769099710.5625644,7.449366152555314e-15,-2.1960467390205583e-11,4.360528429278306e-05,0.9999999997623223,2.18026421446642e-05
1769099710.6125977,7.449395658728663e-15,-2.196140433461426e-11,5.179906305087528e-05,0.9999999996646072,2.589953152254213e-05
1769099710.6625655,7.449384550760105e-15,-2.1961051610155223e-11,4.75726347613074e-05,0.9999999997171055,2.3786317378410695e-05
1769099710.7125955,7.449373104835025e-15,-2.1960688154163212e-11,4.160560121494944e-05,0.9999999997836218,2.0802800605974296e-05
1769099710.769024,7.449365328140402e-15,-2.1960441211584158e-11,3.605075574107554e-05,0.9999999998375428,1.802537786956165e-05
1769099710.812617,7.449355291844777e-15,-2.1960122517222835e-11,2.6228300048958e-05,0.9999999999140096,1.3114150024103104e-05
1769099710.8625867,7.449358397110061e-15,-2.1960221122382883e-11,3.0392343174932498e-05,0.9999999998845381,1.5196171586881391e-05
1769099710.9127164,2.5310686499931954e-05,5.714090372128862e-10,2.3443423326582277e-05,0.9999999999313007,1.1721711663022714e-05
1769099710.9626627,8.296392950890227e-15,-4.939894128772685e-11,2.7456211419222365e-05,0.9999999999057696,1.372810570917998e-05
1769099711.0131218,7.63351411377167e-15,-3.20900443311029e-11,2.398788535129548e-05,0.9999999999280726,1.1993942675360177e-05
1769099711.062828,8.473875975878974e-15,-5.403332576202058e-11,3.001240143427162e-05,0.999999999887407,1.5006200716572613e-05
1769099711.1126711,8.404050911255627e-15,-5.221007424020595e-11,2.9326538623652736e-05,0.9999999998924942,1.4663269311300908e-05
1769099711.1632288,2.5310686500547117e-05,5.481589746355638e-10,2.3254539239505765e-05,0.9999999999324033,1.1627269619490893e-05
1769099711.2128673,2.5310686496949778e-05,7.116317194795882e-10,3.2838545340266475e-05,0.9999999998652037,1.6419272669395485e-05
1769099711.2626507,0.00012655343115180437,1.8602938545245284e-08,0.0008496971445654941,0.9999999097518467,0.00042484855950214727
1769099711.3126297,0.00032903885571230736,1.8370616337226786e-07,0.0008253573473000575,0.9999999148481573,0.0004126786619365789
1769099711.362801,0.0006327670052048797,4.15867828084817e-07,0.0005222234675009048,0.9999999659103315,0.0002611117307833815
1769099711.4126363,0.0012655342300439785,4.2696078496638523e-07,-0.0014391406255757544,0.9999997411092937,-0.0007195702506911872
1769099711.4626184,0.0016705046637194812,-2.917996224674806e-07,-0.002728641992366378,0.9999990693142541,-0.0013643205729317947
1769099711.5126276,0.0021514062017719882,-1.4513399700934944e-06,-0.002612330592861287,0.9999991469662305,-0.0013061649250295866
1769099711.5627897,0.002784171821040045,-2.8129292753805687e-06,-0.0018419364496190798,0.9999995759087944,-0.000920968094618028
1769099711.6129842,0.003163831815961209,-3.325451786179929e-06,-0.0012933624957997692,0.9999997909016891,-0.0006466812028265651
1769099711.6628072,0.003695355689292009,-4.0752824073909015e-06,-0.0016491606346644761,0.9999996600336694,-0.0008245802238890544
1769099711.7126122,0.00475840262353731,-6.095316032672788e-06,-0.001978660443619734,0.999999510612896,-0.0009893300604213778
1769099711.7629204,0.00556834297730719,-7.713228732791028e-06,-0.0017707135423230592,0.9999996080717195,-0.0008853566554960742
1769099711.8130014,0.006428904871910837,-9.291129197771732e-06,-0.001791034920185033,0.9999995990242662,-0.000895517340398923
1769099711.8630116,0.007795678921745811,-1.2193147381347786e-05,-0.002247566423802214,0.9999993685557128,-0.0011237829753656006
1769099711.9128687,0.008554997656769951,-1.3871489713781057e-05,-0.001920310717573588,0.9999995390508789,-0.0009601552112591999
1769099711.9626908,0.009440869786157066,-1.5707562701867622e-05,-0.0019624353243559074,0.9999995186059883,-0.0009812175047271797
1769099712.0129497,0.010706402078567849,-1.7984396320112896e-05,-0.0006749039926930841,0.9999999430630756,-0.00033745198994204913
1769099712.0626569,0.011516343862106208,-1.853102934666817e-05,0.000541758670113205,0.9999999633121931,0.0002708793317439463
1769099712.1128078,0.012300974122499328,-1.9437889859856012e-05,0.00045282234140199193,0.999999974368991,0.0002264111687666137
1769099712.1627421,0.013591818666149664,-1.9909212288749746e-05,0.00043438817311310855,0.9999999764133645,0.00021719408484892835
1769099712.2128057,0.01437644981780322,-1.9996019380705617e-05,0.0006328075944394135,0.999999949944319,0.0003164037919404376
1769099712.2629144,0.015641984019518346,-2.0411300390035578e-05,-0.0004825320410719854,0.9999999708953539,-0.00024126601819533862
1769099712.3129122,0.0164772364616502,-2.1221289793150525e-05,-0.0005937852903276677,0.999999955927379,-0.00029689264080222144
1769099712.3626149,0.017312488838895586,-2.206097889113443e-05,-0.0009561951514126986,0.9999998857113562,-0.0004780975574926413
1769099712.4130077,0.018603332783830487,-2.402481280918258e-05,-0.0006091792379591115,0.9999999536125823,-0.00030458961426984714
1769099712.4627197,0.019438585283346094,-2.4533631353281684e-05,-8.01447667685412e-05,0.999999999197102,-4.007238337354593e-05
1769099712.512642,0.020273837532865713,-2.5707830877018503e-05,-0.00040051397799801685,0.9999999799485693,-0.00020025698766052872
1769099712.5626788,0.02166592470984879,-2.7312394272032752e-05,-0.0006644287507729693,0.9999999448168049,-0.00033221436927560104
1769099712.6129074,0.022703662199624424,-2.8760552182549585e-05,-0.0008557296497917523,0.9999999084658472,-0.000427864811841128
1769099712.662688,0.02386795292557624,-3.0378267587304975e-05,-0.0014319896478959212,0.999999743675717,-0.0007159947627723396
1769099712.712658,0.025589078126829503,-3.2569725705851836e-05,-0.0008421568719721099,0.9999999113464767,-0.0004210784235426926
1769099712.762662,0.026829300888152774,-3.412822556768072e-05,-0.0012180532036338708,0.9999998145433049,-0.0006090265641675813
1769099712.8126512,0.028018902569960993,-3.5278551445771584e-05,-0.00083405675804498,0.9999999130436668,-0.00041702836693473705
1769099712.862683,0.029815959536563647,-3.802017227828495e-05,-0.0017669641478552244,0.9999996097297379,-0.0008834819589953489
1769099712.912587,0.031056180213384826,-4.0962939790673734e-05,-0.0028197945276296843,0.9999990060950174,-0.0014098967967135063
1769099712.9628446,0.03234701930713971,-4.500912295408143e-05,-0.0035437284393769865,0.9999984302490041,-0.0017718632925598553
1769099713.0129519,0.03416937844806138,-5.101896616461303e-05,-0.0037811943920671902,0.9999982128216535,-0.0018905960697553376
1769099713.0732183,0.035561458344815486,-5.557227419795113e-05,-0.003007236264094614,0.9999988695664694,-0.0015036175654671465
1769099713.1128473,0.038041892264446896,-6.377560787976063e-05,-0.003461048124093947,0.999998502643609,-0.0017305231983097992
1769099713.162596,0.040142665627396545,-7.137246372037561e-05,-0.003932768888771138,0.9999980666667314,-0.0019663831771599173
1769099713.212671,0.04242061117015266,-7.993846530631878e-05,-0.0044112463014337475,0.9999975676142446,-0.0022056213624078056
1769099713.262638,0.046546210375343455,-9.877539618420723e-05,-0.005542652183939535,0.9999961598783037,-0.0027713225445590416
1769099713.3125947,0.04981125812492822,-0.00011281063225946969,-0.004875444680456851,0.9999970287563673,-0.002437719925872287
1769099713.362644,0.053329401734943084,-0.00012996328271415848,-0.004609132340196651,0.9999973444885591,-0.002304564130164021
1769099713.4129546,0.059327924265084604,-0.00016736643544233438,-0.005311942351917651,0.9999964729106297,-0.0026559680533421908
1769099713.462704,0.06365599059392525,-0.00019035709051719936,-0.005311942351917651,0.9999964729106297,-0.0026559680533421908
1769099713.5127332,0.06818650652958483,-0.00022079744364010903,-0.006210254473879633,0.9999951790962948,-0.003105122247098412
1769099713.562606,0.07519733570389119,-0.0002806574423558036,-0.008423831933132335,0.9999911298950585,-0.004211903513179928
1769099713.6127877,0.07998087022794935,-0.0003231530081674041,-0.006887771008898274,0.9999940698321773,-0.003443878696840111
1769099713.6627467,0.08516935512260056,-0.0003710726732586969,-0.0094522030024179,0.9999888320030875,-0.004726083907500194
1769099713.7128837,0.09296468116123295,-0.0004468578791167152,-0.009122932697559828,0.9999895965304132,-0.004561450530410133
1769099713.7628195,0.09820374519540732,-0.0004982631983989338,-0.011792570885053836,0.9999826169593521,-0.005896251277364152
1769099713.8126676,0.10326559824782881,-0.0005509238328694232,-0.010864115181583894,0.9999852464114434,-0.0054320308766514355
1769099713.8627162,0.11123799512982735,-0.0006374250833833111,-0.013096069430633552,0.999978561697284,-0.006547987922333091
1769099713.9126554,0.11667940456470417,-0.0007017207783795945,-0.012781244099193559,0.9999795800444058,-0.006390578550798071
1769099713.9626453,0.12212085564036063,-0.0007628031430021761,-0.010633576941022068,0.9999858659134755,-0.005316763421171339
1769099714.0126526,0.13054874240958514,-0.0008611044912004255,-0.01120515807012889,0.9999843055951305,-0.005602549725319215
1769099714.0627282,0.1364204828874723,-0.0009242189088046605,-0.010185248299972072,0.9999870326176591,-0.005092602137298849
1769099714.1126614,0.14234262388791685,-0.0010078363142724638,-0.01496669442140264,0.9999719998879307,-0.007483277365717424
1769099714.1628432,0.15150415605070167,-0.0011380286632641811,-0.015501223926636597,0.9999699641574569,-0.007750534364442734
1769099714.212848,0.1578563220302421,-0.0012403528010561174,-0.0173027790288758,0.999962576963151,-0.008651281593745784
1769099714.262786,0.1642084971484628,-0.0013406607359347585,-0.019998332805591965,0.999950008752151,-0.009998999778638686
1769099714.312856,0.17392599741792375,-0.0015268464802921104,-0.017040724821015568,0.9999637019317905,-0.008520259319359666
1769099714.3628287,0.1804296056582484,-0.001655534551623894,-0.020418071357856237,0.9999478882478653,-0.010208858341399745
1769099714.4126654,0.18713550419838937,-0.0017944334070865186,-0.01699215106688035,0.9999639085673657,-0.008495973321348318
1769099714.4627907,0.19677674596496994,-0.002000821841171148,-0.020334596126245583,0.9999483134703036,-0.010167122891734761
1769099714.5128453,0.20376112978817237,-0.002138667288676663,-0.018746591046686616,0.9999560709871461,-0.009373158269734835
1769099714.5626392,0.21072017253851758,-0.002278499557254873,-0.01802805513218918,0.9999593739286015,-0.009013905497588149
1769099714.612787,0.22134888551218823,-0.002472767699900745,-0.02110251739947468,0.999944335986347,-0.010551062923874716
1769099714.6626537,0.22846037461121585,-0.002583445697788876,-0.016793796160441677,0.9999647462584549,-0.008396799405964028
1769099714.7128165,0.23524264811729295,-0.0026992204924423903,-0.020116039410205688,0.9999494185462255,-0.010057850121444728
1769099714.7626565,0.24597261764080913,-0.0028938276071787485,-0.023734751836067696,0.9999295835208389,-0.01186709736378317
1769099714.8129318,0.25333685971171005,-0.0030258769519566453,-0.019272466780894518,0.9999535718622888,-0.009636084259195373
1769099714.862721,0.2608272047042835,-0.003181552178718879,-0.025111873456761084,0.9999211752620147,-0.012555606820505934
1769099714.912686,0.2724419783375408,-0.0034364456716799037,-0.02724655109977107,0.9999072046168453,-0.013622854154920434
1769099714.962758,0.28033701640034314,-0.0036089535747369423,-0.024054533207691048,0.9999276733008954,-0.01202697663828312
1769099715.012676,0.2884593924381243,-0.0038045343712221247,-0.029106351381327014,0.9998941044076906,-0.014552661981316889
1769099715.062836,0.30070550284261854,-0.004125795525915191,-0.03237770039123158,0.9998689634265359,-0.016188143078952454
1769099715.1128488,0.3088529925987964,-0.004329353287217438,-0.031078540477504225,0.9998792679696723,-0.01553864487116997
1769099715.1627185,0.31697461933703835,-0.004553537590954766,-0.027723592827011128,0.9999039268384767,-0.013861352495126995
1769099715.2129097,0.3292453168076188,-0.004903356616628899,-0.02681154078052419,0.9999101440058373,-0.013405368858248076
1769099715.262678,0.337518812887997,-0.005129727389262998,-0.02752337923161484,0.9999053094438803,-0.013761255245717705
1769099715.3126736,0.3459442932133847,-0.005353937642191169,-0.024208304627393946,0.9999267456427677,-0.012103856751621013
1769099715.3627815,0.3585700582822392,-0.005681417123233556,-0.02260564798747311,0.9999361237649238,-0.011302583332097556
1769099715.41268,0.3667166918196447,-0.005918780303437378,-0.028144477374184823,0.9999009876831164,-0.014071774242374593
1769099715.462673,0.3752179453073938,-0.006149401085749031,-0.028369708234002356,0.9998993966437242,-0.014184378432499941
1769099715.512834,0.388121342567454,-0.006510360677890481,-0.02919350887116359,0.9998934692714934,-0.014596236097605849
1769099715.5627234,0.3963944412085113,-0.006750844203128975,-0.024968497658746806,0.9999220727777128,-0.012483924540077445
1769099715.6126773,0.409171681824771,-0.007095421747321642,-0.021421320663680778,0.9999426414259707,-0.010710455548322794
1769099715.6628811,0.41729358314191656,-0.007308969938003483,-0.02362285217697466,0.9999302459178319,-0.011811151455481565
1769099715.712817,0.42539087472963877,-0.007494908040562244,-0.020439368741760982,0.9999477794801832,-0.010219506477851104
1769099715.7628171,0.43804322232949383,-0.0077690499744859165,-0.0180262694782516,0.9999593819760608,-0.009013012706887816
1769099715.8126915,0.4462164016883998,-0.007956382165983397,-0.01680260177379683,0.9999647092792784,-0.008401202057344796
1769099715.862654,0.45449108543744937,-0.008132737764421335,-0.020541586535145272,0.9999472558664911,-0.010270612692240564
1769099715.9126832,0.46737132613971244,-0.008406104552282079,-0.022208805515776264,0.9999383467532262,-0.011104174549455632
1769099715.9626648,0.47600027767056874,-0.008591427106315342,-0.02017290770256447,0.9999491321556151,-0.010086282825313946
1769099716.0128305,0.48473010400302335,-0.008795556988230568,-0.02299428372702034,0.9999339085925103,-0.011496888574964855
1769099716.0626655,0.4977612595171952,-0.009113494782848685,-0.025002217461463676,0.9999218621578595,-0.012500783125815483
1769099716.1128824,0.5063389075621353,-0.00932769741570018,-0.027291985271887455,0.9999068948872861,-0.013645569129420821
1769099716.162654,0.5148154323202051,-0.009534493335986749,-0.02500851866620469,0.9999218227678998,-0.01250393348194267
1769099716.2128181,0.5275932110545791,-0.0098590826667589,-0.024176197593572635,0.9999269398233884,-0.012087804409141437
1769099716.262733,0.5362212585444384,-0.010083223634023688,-0.024119111754287225,0.999927284437299,-0.012059263569929398
1769099716.3129363,0.5445965558954269,-0.010289548237745113,-0.025148750868842894,0.999920943582892,-0.012574044070985255
1769099716.3627112,0.5571970107211525,-0.010617913463364752,-0.02793598279782018,0.9999024491942079,-0.01396753719968412
1769099716.412924,0.5656474818020434,-0.010854034948686272,-0.024782894073072426,0.9999232270025393,-0.012391129925402531
1769099716.4627419,0.5741230938692244,-0.011098255816309835,-0.029254827663859787,0.9998930212897565,-0.014626892220921095
1769099716.5129309,0.5870007939787385,-0.01147241025972507,-0.03169532381573612,0.9998744284341513,-0.015846998563741194
1769099716.562682,0.5955778019699416,-0.011709830140900945,-0.03176013655468199,0.9998739143654405,-0.015879400855568854
1769099716.6128442,0.6042556664420579,-0.011962613262155456,-0.026522820852053146,0.9999120687854363,-0.01326102172643942
1769099716.6627965,0.6170584878917432,-0.01229798534676113,-0.022372229955119255,0.9999374360682396,-0.011185881694141902
1769099716.712684,0.6254840835139012,-0.01251602883145106,-0.025831726356185445,0.9999165913987074,-0.0129155040780685
1769099716.7627323,0.6339864888552068,-0.01270297835841871,-0.022134044889320248,0.9999387611321481,-0.01106679653309614
1769099716.812697,0.6465888880940168,-0.012950212340168275,-0.01795608050051623,0.9999596976673483,-0.008977919637945805
1769099716.86268,0.6550917063883576,-0.013112170582058678,-0.0133163226248199,0.9999778345258542,-0.006658112118569779
1769099716.9128275,0.6635944766829915,-0.013270960444624669,-0.018188601804706758,0.9999586471305618,-0.0090941755435285
1769099716.9626796,0.6764501413213805,-0.013506733601408477,-0.023331540508812584,0.9999319556738714,-0.011665505656714077
1769099717.0129035,0.6850545994936137,-0.013653181515334631,-0.020194421210098675,0.9999490236021034,-0.010097039031324436
1769099717.062756,0.6937089715104015,-0.013833648576857515,-0.0197708672052235,0.9999511394991408,-0.009885272599674956
1769099717.1128147,0.7062095261969472,-0.014104338426298421,-0.019531098111769334,0.9999523174047616,-0.009765393839816953
1769099717.1627302,0.7147625286644967,-0.014290156766176391,-0.022859148463102417,0.9999346831275041,-0.011429325382453339
1769099717.2127023,0.7233157439379844,-0.014465116335392858,-0.020785843411210106,0.9999459940753243,-0.010392734611815837
1769099717.262798,0.7361202577097622,-0.014727800451829148,-0.01877560736217597,0.9999559348946487,-0.009387665789163491
1769099717.3128996,0.7445973898774803,-0.014909749470723252,-0.01939760050697815,0.9999529670055098,-0.009698648198472671
1769099717.362672,0.7530239061282501,-0.015091147990086012,-0.023827219820478456,0.9999290337888364,-0.011913328087653684
1769099717.4128745,0.7656508040262661,-0.01537138305083521,-0.0255307943230255,0.9999185234240838,-0.012765050466012577
1769099717.462643,0.774077256432384,-0.015554420559326711,-0.02189303182765197,0.9999400874929352,-0.010946297301882131
1769099717.5127742,0.7827058717219738,-0.015755068592293784,-0.022225936642336495,0.9999382516030343,-0.011112739584233505
1769099717.562679,0.7956614613076153,-0.016055667383388744,-0.02287072755459973,0.9999346169401436,-0.011435114549855392
1769099717.6126907,0.8037586136264192,-0.01624749303166207,-0.02496869809001994,0.9999220715266234,-0.012484024747904422
1769099717.6628027,0.8119063166635172,-0.016442344558236687,-0.02242651678893462,0.9999371320768298,-0.011213023408726685
1769099717.7128682,0.8247099800245206,-0.016743726087176617,-0.018643218850893033,0.9999565541134542,-0.009321474429860338
1769099717.7627437,0.8331613827646331,-0.016944165060866406,-0.022266864360987248,0.9999380239841228,-0.011133202177620108
1769099717.8129237,0.841638938608931,-0.017106340087328222,-0.01776686669494094,0.9999605425654647,-0.00888331650799987
1769099717.8628705,0.8543432832367824,-0.017312460654160988,-0.012575907550395792,0.9999802308837972,-0.0062879123393803325
1769099717.9127245,0.8628466316463973,-0.01744140794013858,-0.010050363882205546,0.9999873737997996,-0.005025160791433893
1769099717.9628322,0.8714257554605712,-0.01757923922471368,-0.01701141546711008,0.9999638266860625,-0.008505605173429008
1769099718.0130067,0.8842056967850612,-0.017803047254589446,-0.02278402429343446,0.9999351117313846,-0.011391765743003223
1769099718.0632544,0.892658079578486,-0.017953920893636302,-0.020678226581192033,0.9999465518443065,-0.010338929087760695
1769099718.1126993,0.9011857879177974,-0.018139005221202993,-0.02008425288926369,0.9999495782719658,-0.010041957663608334
1769099718.1626635,0.9136863536429534,-0.018410074351928245,-0.020288312178536428,0.9999485484898339,-0.010143982111288063
1769099718.212738,0.9223153211235252,-0.018595290174521967,-0.023443345791405036,0.9999313019788472,-0.011721404475895664
1769099718.2627478,0.9347145074312035,-0.01886927308118257,-0.026154381579839094,0.9999144947590741,-0.013076818065011812
1769099718.312991,0.9427360445952601,-0.01904466661716453,-0.024248665786610245,0.99992650117631,-0.012124035850447723
1769099718.3627574,0.9508078522860158,-0.019237298169224603,-0.0241583355488762,0.9999270477399611,-0.012078874038813327
1769099718.4128823,0.96345969028131,-0.019534984073424782,-0.024800790774133497,0.9999231160823319,-0.012400077588445156
1769099718.4628005,0.9718107578791609,-0.01969541789662943,-0.020744009372874957,0.9999462112416042,-0.010371818720019228
1769099718.5128925,0.9803639293117634,-0.01987287041915585,-0.017971999174880293,0.9999596261773844,-0.00898587865406352
1769099718.5628543,0.9932441330904848,-0.02014588623860162,-0.01800183583731058,0.9999594920117966,-0.009000796381968117
1769099718.612832,1.0018474067182301,-0.020349019488864077,-0.0220219583568618,0.9999393797812445,-0.011010756681542867
1769099718.6629033,1.0095905991092087,-0.02051955324855436,-0.02180841279349805,0.9999405497304936,-0.010903990309889576
1769099718.7127614,1.0221414767183028,-0.020804454288194992,-0.02305489242396898,0.9999335597276462,-0.011527190915298389
1769099718.7627063,1.030415486833122,-0.021012697896049443,-0.02013433733757714,0.9999493264854704,-0.010066998621941504
1769099718.8128235,1.0386643701680598,-0.021213207585156563,-0.024803776477512026,0.9999230975697408,-0.012401570325344318
1769099718.8627076,1.0510130819129786,-0.021480342549247654,-0.023021811742086024,0.9999337502545317,-0.0115106516717256
1769099718.912996,1.0591366774112494,-0.021621986843984434,-0.018699306591308213,0.9999562923100229,-0.009349517078007973
1769099718.9627166,1.0673106703957187,-0.021771475800575403,-0.01807154206803159,0.9999591776986568,-0.009035648080025169
1769099719.0129077,1.0794578716171808,-0.021988224160011345,-0.020666980126897765,0.9999466099666436,-0.010333306161001247
1769099719.0628705,1.0874295021439675,-0.022130364719447026,-0.021936030060514762,0.9999398519261228,-0.01096779512771615
1769099719.1129405,1.0955272343175906,-0.022295693883456456,-0.019492115651736308,0.9999525075543543,-0.009745903537339128
1769099719.1629124,1.107521625328425,-0.02255872131775159,-0.020289949886604878,0.9999485401830581,-0.010144800923187609
1769099719.2128735,1.1158215507846414,-0.02274035997018308,-0.023112957732274755,0.9999332246412795,-0.011556221635651644
1769099719.262796,1.124222744338869,-0.022921123596564435,-0.020910697204691645,0.9999453433407007,-0.010455158116842925
1769099719.3129983,1.1366471952822006,-0.023198938655639375,-0.02091278878797101,0.999945332406237,-0.010456203851317411
1769099719.362909,1.144440399958102,-0.023398986940812327,-0.024256408891678034,0.9999264542299744,-0.012127907118336187
1769099719.412724,1.1564845309677463,-0.02370056218125263,-0.026891418581848164,0.999909607812656,-0.013445304159458264
1769099719.4629092,1.163974466364549,-0.023873710878170806,-0.028216758516113768,0.9999004784681551,-0.014107911225779675
1769099719.5127094,1.1720707507217902,-0.0240987158316792,-0.027052407542402068,0.9999085223004989,-0.013525791320017664
1769099719.5629191,1.1842407276343825,-0.024428363193822425,-0.027061669993501777,0.9999084596487854,-0.013530422121768592
1769099719.612725,1.192033742400409,-0.0246324712075011,-0.02887811345398435,0.9998957586315115,-0.014438555007827819
1769099719.6628513,1.2002060087312207,-0.024856553674063156,-0.027452631180025267,0.9999057956092767,-0.013725884560906591
1769099719.7127163,1.2120207057792993,-0.025215683049177814,-0.027933369501887642,0.9999024674440083,-0.013966230679170489
1769099719.7629554,1.2200646486957145,-0.02550284694008108,-0.03631948185464366,0.9998351164360237,-0.018158742835415263
1769099719.812945,1.227476226623688,-0.025757937624653764,-0.03689420138737822,0.9998298570629872,-0.018446054467191095
1769099719.8628714,1.239364545594064,-0.02618483105512067,-0.03230981199029004,0.9998695123440808,-0.01615420331709386
1769099719.91293,1.2468264723517617,-0.02645216095280694,-0.034421908282547785,0.9998518951847573,-0.017210104457823117
1769099719.9630427,1.2584626961797352,-0.026846608529334574,-0.03616867261780076,0.9998364828466375,-0.018083350598423482
1769099720.012757,1.266001656167121,-0.02708077088646927,-0.03238402746709598,0.9998689122097278,-0.01619130620226448
1769099720.0627263,1.2736414166901968,-0.027330053165780754,-0.033024225247561274,0.9998636781657362,-0.01651136229646793
1769099720.1128626,1.2845442922914505,-0.027692726913486974,-0.036670893307528686,0.9998319104072331,-0.018334419309664545
1769099720.1627374,1.2917542488543572,-0.027920850026400743,-0.03533685067188157,0.9998439174335377,-0.01766750608198463
1769099720.212977,1.2995450176399566,-0.028197879052869686,-0.038649460933247975,0.9998132832070123,-0.019323527701085714
1769099720.2626996,1.3112810288791796,-0.028634604980117773,-0.043025513464639606,0.9997686095730269,-0.02151109742473371
1769099720.3128457,1.3191474906400829,-0.02891883566045123,-0.04138731108642085,0.9997858939507991,-0.020692178643184813
1769099720.3627255,1.327063626936392,-0.02922949168080586,-0.041756492964614915,0.9997820573288735,-0.02087672970666636
1769099720.4130106,1.3387465465930715,-0.029728147622661457,-0.044731519258081345,0.9997498968240698,-0.02236389501544452
1769099720.4630864,1.3463326348218794,-0.030056332611325134,-0.04668118267974423,0.9997276207639254,-0.023338472137242307
1769099720.5128615,1.3539691178983955,-0.030390412830453125,-0.04258182992083089,0.9997733570317642,-0.02128930645738975
1769099720.5628853,1.3654992821954273,-0.030906244657169468,-0.04073093443173919,0.999792631039917,-0.020364059474488057
1769099720.6127167,1.3726299785969152,-0.031220758941022417,-0.042101117786177686,0.9997784451667183,-0.021049004252436748
1769099720.662916,1.3803677585167486,-0.03155689078696057,-0.040233288182293,0.999797667138721,-0.020115287320125144
1769099720.7128837,1.391923817981002,-0.032059993159454375,-0.04085071440991429,0.9997914096435845,-0.020423937007694043
1769099720.7627463,1.3995088954374524,-0.03241343902667339,-0.04636456964251998,0.9997313028691199,-0.02318020844625764
1769099720.8127337,1.407169509036009,-0.03277539314150287,-0.04614490882034335,0.9997338427311986,-0.02307040740669824
1769099720.8629992,1.418697630712078,-0.03333625431247502,-0.04541650333257316,0.9997421787325264,-0.02270630007599876
1769099720.912731,1.426558598528006,-0.03375054513589757,-0.052957258635514766,0.9996494615761721,-0.026475535319786636
1769099720.9630015,1.4344198803976569,-0.034152702862668534,-0.052129730277909264,0.999660330633599,-0.026061913926712626
1769099721.012924,1.4462745667136967,-0.03476920452914565,-0.04946870927236517,0.9996941214452528,-0.024731832681869535
1769099721.062947,1.4540593204919452,-0.03518347458356949,-0.051978318319105314,0.9996623008115918,-0.025986233587699428
1769099721.1128857,1.4617438024494913,-0.035574703789879425,-0.051712675570039675,0.9996657435210657,-0.025853456838009096
1769099721.1629012,1.473043033593678,-0.03615001176653729,-0.049895658945875124,0.9996888190425653,-0.024945241656095643
1769099721.212872,1.4807017283752624,-0.03655051421089544,-0.048951881074018065,0.999700479120735,-0.024473496803133075
1769099721.262968,1.488285278912903,-0.0369333646448185,-0.050268046405487946,0.9996841570663489,-0.025131377012481318
1769099721.3129475,1.4999135508360084,-0.037517121063506326,-0.0509231280223934,0.9996758718904041,-0.025458813015544958
1769099721.362917,1.5077236541185806,-0.037930299758414665,-0.05159042792337561,0.9996673219157566,-0.025792353397453244
1769099721.4129417,1.5155086020719863,-0.03833961146838453,-0.05538562500038492,0.9996165785724187,-0.027689273070479442
1769099721.4627502,1.5272342971848945,-0.038998320603009576,-0.06029488442325562,0.9995456002814029,-0.030142875743531115
1769099721.5133631,1.5345861169628192,-0.0394458267813826,-0.05932927926803814,0.9995600368427408,-0.02966028905689909
1769099721.5627618,1.5419119305894706,-0.039905256340480665,-0.06572562155499041,0.9994600664289418,-0.032856895986309836
1769099721.6128597,1.5535306884656002,-0.040653752883756326,-0.06728248898241328,0.999434186700042,-0.03363489936398618
1769099721.662747,1.5612590174351888,-0.041161959399900035,-0.06483200573623989,0.9994746473847007,-0.03241032605865215
1769099721.713,1.568986634787858,-0.04168253829771976,-0.06825852608672821,0.9994176532321304,-0.03412263776411673
1769099721.7629669,1.5803512269158408,-0.04243930440215606,-0.06879375260297771,0.9994084857743967,-0.03439009395345516
1769099721.8128793,1.5879529707036677,-0.04294412249029958,-0.06720920963955312,0.99943541840085,-0.03359828040120085
1769099721.862953,1.5955783917577482,-0.04347481794757177,-0.07319406122507252,0.9993304034151163,-0.036588861832270225
1769099721.9129238,1.6069399293688775,-0.044275658341197226,-0.07545217937499214,0.9992884554770617,-0.03771714133213773
1769099721.9630246,1.6145652687481673,-0.04480615315570614,-0.07405573773365653,0.9993145467855922,-0.037019408189577115
1769099722.0128813,1.6224159851193083,-0.04537926624978526,-0.07784833791094099,0.9992425501765878,-0.038914340757480986
1769099722.0628,1.6337735405753868,-0.046234913637128,-0.0821813712775503,0.9991558965553762,-0.04107912339160225
1769099722.1127405,1.6415989435522749,-0.04680687599688439,-0.0790394791999518,0.9992191967210968,-0.03950945335038137
1769099722.162949,1.6494732643990935,-0.04740397778215952,-0.078213005922136,0.9992354381587478,-0.03909653600634157
1769099722.2127402,1.6609550599965794,-0.048295536785594936,-0.0823209360030549,0.9991530275243545,-0.0411488467507462
1769099722.2629116,1.6685022633056013,-0.04885575318978132,-0.07920875024738373,0.9992158492390354,-0.03959402264879544
1769099722.312863,1.6761243977759226,-0.049431799683403575,-0.07505729256551713,0.9992958829997354,-0.0375198376832748
1769099722.3630066,1.6876093129069292,-0.050282701895509714,-0.07319682805274802,0.9993303527966222,-0.03659024431974378
1769099722.4129438,1.695182935754102,-0.050828113828286885,-0.07470238613322122,0.999302525281831,-0.037342508825140584
1769099722.4629688,1.7029319748110128,-0.051403695432241145,-0.07302149148360286,0.999333556760279,-0.03650263460149368
1769099722.5128477,1.7144903336916586,-0.05229009087944432,-0.07642263506365841,0.9992700364313339,-0.03820201945605248
1769099722.5629654,1.7221858239747925,-0.05290231674146828,-0.08218101952783843,0.9991559037801456,-0.04107894766520225
1769099722.6129158,1.7299301359814272,-0.05353819014075924,-0.08031131057834523,0.9991938700050321,-0.04014486448310756
1769099722.6629817,1.7415572978413951,-0.0545179567224845,-0.0806582539869106,0.99918689097292,-0.040318195741748504
1769099722.7129688,1.7494504377488378,-0.055198334925163295,-0.08649492115773094,0.9990649743252513,-0.04323398057645122
1769099722.7630055,1.75724298620008,-0.05586443338888826,-0.08705010611862042,0.9990529344047308,-0.0435113118314848
1769099722.812947,1.7688669462680604,-0.05687988358871978,-0.08426213351705822,0.9991126178791307,-0.042118603902671005
1769099722.8627613,1.7765319874775338,-0.057552716482357956,-0.08740670370716043,0.999045160510159,-0.04368944107253496
1769099722.9128902,1.7839706564678763,-0.05819839031868732,-0.08790690730441285,0.9990342024568881,-0.043939302695075365
1769099722.9627705,1.795214924798621,-0.059197689749964845,-0.08612918754805628,0.9990728636805953,-0.04305128403491174
1769099723.0129123,1.8027771013677354,-0.05988447471510327,-0.09009249836127194,0.9989855892686422,-0.04503101635077495
1769099723.062741,1.8103908928668282,-0.060561169584419546,-0.08825718411683661,0.9990264916755649,-0.04411427127826509
1769099723.1129217,1.8220389512491264,-0.061591479669147214,-0.08824593462559353,0.9990267397913157,-0.04410865200768242
1769099723.1629314,1.8300293385258322,-0.06232000088366039,-0.09022008059386467,0.9989827146572539,-0.045094742665012656
1769099723.2129917,1.8376163916579498,-0.06301180044944606,-0.09379879481239041,0.998900424831501,-0.04688220634149792
1769099723.2629876,1.8493849930347652,-0.06411372083695449,-0.09609874632278839,0.9988458509477584,-0.04803088635917932
1769099723.3129113,1.8567919705809641,-0.06482805190678917,-0.09329286157949752,0.998912252503612,-0.04662951638351078
1769099723.3629627,1.8643509013215305,-0.06554896651736955,-0.0957454859116298,0.998854319071935,-0.04785445926286245
1769099723.412981,1.8758172115053762,-0.06662126009431456,-0.09289289707221465,0.9989215576046226,-0.04642975072897176
1769099723.463013,1.8835554326879724,-0.06732762385148233,-0.08670512102411825,0.9990604249189555,-0.043338981999534426
1769099723.512737,1.890815703233297,-0.06797898410662005,-0.08761219296383337,0.9990406663815923,-0.043792087365459434
1769099723.5629795,1.9022125932887781,-0.06897624335554245,-0.08889198592532171,0.999012439443577,-0.04443136096265166
1769099723.612748,1.90987663513479,-0.06965961694946891,-0.08763002074341047,0.9990402759840613,-0.04380099270211392
1769099723.6629667,1.9175139473848914,-0.07035765299250091,-0.09382731010936425,0.9988997562999542,-0.04689644830786301
1769099723.7128386,1.9289799290018654,-0.0714336281490102,-0.09830483663597687,0.9987922630698209,-0.049132628994035206
1769099723.7627552,1.9367146545312537,-0.07217658578765188,-0.0957405254863712,0.9988544377580971,-0.04785198189161826
1769099723.8127842,1.9446503956257224,-0.07294522501166427,-0.09940413246320352,0.9987651065501896,-0.049681605628123564
1769099723.8629818,1.9564893068384372,-0.07410912274976608,-0.10261566540604836,0.9986840418772835,-0.05128532440817882
1769099723.9129121,1.964248714285428,-0.07485994335408544,-0.10097363841256875,0.9987258112280345,-0.05046537413816035
1769099723.9627895,1.9719810245952833,-0.07562802894764309,-0.1031546070701113,0.998670185718926,-0.051554438762593253
1769099724.012956,1.983262694448905,-0.07676832097667502,-0.10535704515727735,0.998612807465346,-0.05265416190748743
1769099724.0627863,1.9906686476609199,-0.07749356639677682,-0.10339418601960174,0.9986640028745826,-0.05167406856940744
1769099724.1132314,1.9981983876752984,-0.07825260069982093,-0.10290710466362396,0.9986765579957415,-0.05143085173102077
1769099724.1627848,2.0096559076873435,-0.07941534068550118,-0.10400468138258746,0.9986481829593717,-0.05197890602874604
1769099724.2128875,2.017337851367834,-0.08017903398334378,-0.10311938137173515,0.9986710935845808,-0.05153684932722805
1769099724.2629573,2.025168930075809,-0.08097701000310908,-0.10134648202522391,0.9987163860274813,-0.05065155752992321
1769099724.3129878,2.0367493046715,-0.08218224922510241,-0.10452757389554308,0.9986345591382584,-0.052239997078257834
1769099724.3629966,2.0443753557798456,-0.08299425178317883,-0.10903711860966715,0.998514231409554,-0.05449155597510161
1769099724.4128568,2.052100902234727,-0.08382745824569002,-0.10562345679032192,0.9986057847651487,-0.0527871824743599
1769099724.4630606,2.063750332270219,-0.0851018383752861,-0.10283892373839326,0.9986783107169587,-0.051396806355276756
1769099724.5129302,2.071449739446239,-0.08594238029527143,-0.10585511114620742,0.9985996638761697,-0.05290284780993321
1769099724.5630426,2.0791760461706374,-0.08676888893606827,-0.10256127432716683,0.998685436240034,-0.05125816463796719
1769099724.6129322,2.090377124765548,-0.08795077383397934,-0.09776630409231782,0.9988054566211162,-0.048863686147112076
1769099724.6630254,2.0979525815223266,-0.08876015315926501,-0.10297084104935529,0.9986749184803208,-0.051462677722059896
1769099724.7127743,2.1055041111203034,-0.0895548161275261,-0.10230922172166285,0.998691888186117,-0.05113230359810155
1769099724.7635405,2.1167799853058207,-0.09075199890261942,-0.10156017614774072,0.9987109683566011,-0.05075826715147128
1769099724.8127685,2.124402697912333,-0.09159692356890313,-0.10949319712090147,0.9985017792334802,-0.054719254998349634
1769099724.8630316,2.1321278396418513,-0.0924337735453888,-0.10632303796210964,0.9985872592146071,-0.0531364821404198
1769099724.9127803,2.143804428433004,-0.0936919538910147,-0.10407064155970003,0.9986464681473403,-0.05201184150598226
1769099724.962973,2.1518826875572197,-0.09455997284317018,-0.10206494495809529,0.9986981259537847,-0.051010324605890854
1769099725.0127463,2.159587451457248,-0.09534910123480947,-0.09936354339549164,0.9987661146095372,-0.04966133614562479
1769099725.0630279,2.1711703901078145,-0.0965290612095961,-0.09532235558446336,0.9988644210540928,-0.0476431354160502
1769099725.1129014,2.178877945508205,-0.09728988592215407,-0.09279072072664629,0.9989239283121559,-0.04637871759127035
1769099725.1632016,2.186262157479417,-0.09797617219213146,-0.08473436807294273,0.9991026450981709,-0.04235451047808545
1769099725.2128487,2.1976877037549323,-0.09893632082333569,-0.07625281847903764,0.9992732764974871,-0.03811717300609694
1769099725.2628045,2.2053850491143017,-0.0995241915115132,-0.07172759074141279,0.9993569630187172,-0.03585610779220606
1769099725.3128443,2.2125796293210183,-0.10004622891515082,-0.06400686044423251,0.9994879339349201,-0.03199796741208428
1769099725.3628092,2.2236407258478534,-0.10078564268756642,-0.06042855330639112,0.9995435834667304,-0.030209679748175948
1769099725.4131026,2.231370216993824,-0.1012737302094601,-0.060462985337013456,0.9995430632282933,-0.030226887901335302
1769099725.4628162,2.239053118796525,-0.10170180282243316,-0.05241542583926307,0.9996565975477685,-0.026204712919985683
1769099725.5129402,2.2506305274126626,-0.10229228252853714,-0.04966456247480688,0.9996916947475972,-0.02482972921070224
1769099725.5629802,2.2584166065261893,-0.10267929298941206,-0.047427954231824776,0.9997188368211165,-0.02371175457518731
1769099725.612895,2.266330502677841,-0.10304466694183592,-0.040573620220220784,0.9997942297250664,-0.020285418616856565
1769099725.6630383,2.278040534353633,-0.10350308036386367,-0.029426984557204203,0.9998917585252429,-0.014712961404736838
1769099725.7127793,2.2857797299212095,-0.10379107251122782,-0.031181820044335517,0.9998784642242442,-0.015590278399268574
1769099725.7629774,2.293470704658937,-0.10402422618442915,-0.025314655293084045,0.9999198970978593,-0.01265698968184459
1769099725.813003,2.3048820703331794,-0.10431599743508936,-0.018154028462998455,0.9999588041891728,-0.009076889586169848
1769099725.8630548,2.312548366573035,-0.10450989452633702,-0.018392180196878792,0.9999577162614398,-0.009195960483050852
1769099725.9127748,2.320013609314724,-0.10465279190330055,-0.01406846118992341,0.9999752599019812,-0.007034172585681225
1769099725.9628618,2.3316555399460355,-0.1048088338364805,-0.008090837148601425,0.9999918173054388,-0.004045407540153171
1769099726.0127804,2.339349614275775,-0.10487830881476047,-0.0018797071085067743,0.9999995583376808,-0.0009398534158874162
1769099726.0630443,2.347094170126906,-0.10493333921810949,0.0010836583483832384,0.9999998532105766,0.0005418291476800216
1769099726.112796,2.358382454463503,-0.10495743897014581,0.0008834226264076591,0.9999999024455595,0.0004417112988401961
1769099726.1628108,2.3663046890930173,-0.10495174483481948,0.002653851146476445,0.9999991196343907,0.0013269251838449862
1769099726.212814,2.3740750276007,-0.10493576900639233,0.008096240943051102,0.9999918063715133,0.0040481094152544405
1769099726.2629483,2.3857175705801787,-0.10484770460890713,0.012934414287314728,0.9999790876887684,0.0064671620621783174
1769099726.3129034,2.3934873020696252,-0.1047473352998541,0.016864423727970475,0.9999644491121867,0.008432111939542412
1769099726.362793,2.4011299907715293,-0.10461258072215901,0.024374241815446108,0.9999257379611503,0.012186819226080696
1769099726.412993,2.4125924114154738,-0.10433879077221758,0.03179786257784537,0.9998736146542341,0.01589826148596959
1769099726.463141,2.42008118140531,-0.10412926329395579,0.03834427178162777,0.9998162202321351,0.019170961392862337
1769099726.5128932,2.4276435138758794,-0.10383914896505676,0.0457038113714558,0.9997389065656866,0.022849916823595735
1769099726.5628083,2.4392271225700046,-0.10341114122842862,0.05182060706923713,0.9996643468642241,0.02590740451153365
1769099726.6128051,2.4469920262290383,-0.10313429126846434,0.04703414214261367,0.9997234864283459,0.023514903434907294
1769099726.6628199,2.4546542323876297,-0.10281188773992986,0.05191703416899708,0.9996630966144018,0.025955601848254274
1769099726.712859,2.4663594052310946,-0.10225074294643369,0.05239861446830321,0.9996568177810278,0.0261963101201131
1769099726.7628074,2.4742979268922176,-0.10187444811736959,0.054459826468411424,0.9996292888193565,0.027226548339945544
1769099726.8128378,2.4819572787710937,-0.1014892787478928,0.05564591386627031,0.9996129665021469,0.02781936736839607
1769099726.86291,2.493657739229097,-0.10083268751387718,0.058233474943336895,0.9995761377460897,0.029112623526753183
1769099726.9128532,2.5011111149820993,-0.10038658683965004,0.06612747549192079,0.9994534444175582,0.0330577138029647
1769099726.9630468,2.5087612782841857,-0.09984179468322274,0.07362099860071251,0.9993225700696675,0.03680218674690897
1769099727.0128036,2.5197920868499053,-0.0990282251469405,0.07986923436778708,0.9992027191405128,0.03992400358437788
1769099727.0629787,2.527006795025287,-0.09843530610929374,0.08739744758265194,0.9990453626969129,0.04368481742886944
1769099727.1127954,2.53792425650846,-0.09747560157240939,0.09586260293343929,0.9988515150734768,0.0479129506023158
1769099727.1629918,2.545536295383939,-0.09678385291053417,0.09744151251363352,0.9988133787075187,0.04870148370297162
1769099727.212784,2.55314460638607,-0.09604877228257759,0.10114823893005215,0.9987214017820082,0.05055256296747507
1769099727.2628465,2.564903666800008,-0.09484855479142745,0.10671868731256216,0.998576727967696,0.053334026299633006
1769099727.3127599,2.5728088433075116,-0.09403120021623822,0.10813509486381763,0.998538706192698,0.054041208674608834
1769099727.362812,2.580181680345645,-0.09323205001449131,0.11091994484941019,0.9984624898805033,0.05543154608727471
1769099727.4128017,2.5914249822798143,-0.09196963831180452,0.11450896527458006,0.9983614098009147,0.057223207008432926
1769099727.4628289,2.599119971112765,-0.09109065317232096,0.11523309092613872,0.9983406259679946,0.057584672803036537
1769099727.5128775,2.606738247482703,-0.0902088692078642,0.11613853994304632,0.9983144536665096,0.05803664015549577
1769099727.5628045,2.6181490166718997,-0.08885175064619875,0.11938410602258354,0.9982189583397876,0.05965661079066928
1769099727.6128082,2.6258345318541756,-0.0878908222912515,0.12762301827471698,0.9979647364087291,0.06376821218017585
1769099727.6628118,2.6333397285242484,-0.08691798083348468,0.13500160659900656,0.9977226856623561,0.0674495553335633
1769099727.7127826,2.64432294992013,-0.08541010394051171,0.14258576255698674,0.9974597387565036,0.07123250353460513
1769099727.762822,2.6514885393777465,-0.08438291284566875,0.14568212457645463,0.9973482626036605,0.07277666577591967
1769099727.8127995,2.6627771566235534,-0.0826851296721795,0.15179206289753502,0.9971212784393865,0.0758231896150741
1769099727.862818,2.670406788872792,-0.08150824845893641,0.15719092932911735,0.9969129660722916,0.07851457238593289
1769099727.9128778,2.678082594499088,-0.08030017633229569,0.15719581731618973,0.9969127741802069,0.07851700883454364
1769099727.9628334,2.689850850920248,-0.07839361926184404,0.16110952643590282,0.9967572191831524,0.08046767056569391
1769099728.0129304,2.6976147052373913,-0.07709324177073734,0.17146206542958492,0.9963273452845713,0.0856260535012473
1769099728.0628083,2.705272904197819,-0.07577837202996826,0.1742518832561058,0.9962069354658605,0.08701575564068202
1769099728.1127822,2.716735163595577,-0.07373374985351809,0.17739409555760313,0.9960689950275401,0.08858079444680055
1769099728.1628127,2.7241259062310053,-0.07235694161485619,0.18888303672909304,0.9955437134914995,0.09430119048853583
1769099728.2127936,2.7315624780694283,-0.07095447221979885,0.1904209742376544,0.9954709044907407,0.09506670454152957
1769099728.2630255,2.738966547233548,-0.06951484335001415,0.19140599602238478,0.9954239623709631,0.09555697325518149
1769099728.3128872,2.7503381058862155,-0.06726094337421783,0.1991713869728745,0.9950454415154554,0.09942117138372758
1769099728.3630123,2.7580028074807994,-0.06570470463951619,0.2050465161659858,0.9947490925596478,0.10234374847423343
1769099728.4129353,2.7693746192804714,-0.06332698036959004,0.2103390013033751,0.9944747835790447,0.10497573445997996
1769099728.463022,2.7768769791970778,-0.061736813634554105,0.21373311311365,0.9942952019317743,0.10666326178892199
1769099728.5128026,2.7845220515505407,-0.060087717515231544,0.21448249249774107,0.9942551665122704,0.10703580645586519
1769099728.5629745,2.792008584776909,-0.058422625810345456,0.22089355699780913,0.9939069521715711,0.11022236807934362
1769099728.6132126,2.8034199163896076,-0.05586946655175667,0.22442516733133946,0.9937107715113965,0.11197724135834485
1769099728.6628644,2.8111450899026766,-0.05411368959541861,0.2256264451407397,0.9936433343787716,0.1125740824729948
1769099728.712773,2.8187845685984114,-0.052322553578760735,0.23144576167874084,0.9933115765864763,0.11546476440580865
1769099728.7628229,2.8300603331829093,-0.049630859166955026,0.24252230782907866,0.992656870839519,0.12096419625283561
1769099728.8128068,2.837411230763802,-0.04783244063299693,0.24586764904918587,0.9924531490371683,0.12262441423390452
1769099728.8629544,2.8446963653793778,-0.04597743200545931,0.251119607774573,0.992127718364936,0.12523014993198087
1769099728.9141448,2.8556486893696547,-0.043138881424170446,0.26201116944754227,0.9914310342892934,0.13063117640158517
1769099728.9628487,2.863063167435479,-0.04118026886049511,0.26362181849077065,0.9913255123159369,0.13142955767842035
1769099729.0128863,2.8704177615771203,-0.03919224734383536,0.2709553782724849,0.9908369258222266,0.13506363843447777
1769099729.0630898,2.8818582403935427,-0.03602578549140158,0.27613925436073283,0.9904835213412394,0.13763136979431195
1769099729.112964,2.889468897292201,-0.033920252039986554,0.27583126519094464,0.9905047040824879,0.1374788390642834
1769099729.1628485,2.896782072882898,-0.03187779585117832,0.27617043615178904,0.9904813754245502,0.13764681230268744
1769099729.2128937,2.908107752337215,-0.028676488042324654,0.2775874217671006,0.990383605064171,0.138348526627847
1769099729.2629879,2.915167793076017,-0.0266683459457856,0.2823342948139978,0.9900524544127813,0.14069874736907784
1769099729.3129904,2.9225110723811816,-0.024546172307447423,0.28751984237077977,0.9896843269986756,0.1432652536143309
1769099729.3628325,2.933648002552613,-0.021238615769985,0.2908294483921334,0.9894458962717569,0.1449027893140076
1769099729.4128883,2.9411063588352993,-0.01896906826409124,0.29738943096939274,0.9889652948429906,0.14814737795896643
1769099729.4628484,2.948359276944733,-0.016720522975370536,0.30666877234936063,0.9882672977783097,0.15273424024087684
1769099729.5141556,2.9592892383972558,-0.013256437903234775,0.31303099932207,0.9877764332734519,0.15587725257258664
1769099729.5630567,2.9665875588581243,-0.01090078250744817,0.31580647694193864,0.9875591652907411,0.15724787772893747
1769099729.612806,2.973830651874795,-0.008538853581549826,0.3215423814505757,0.987104125095134,0.16007949968740517
1769099729.6630018,2.984856001196599,-0.004877138357545653,0.3285642981382998,0.9865360098693268,0.16354418739627408
1769099729.7129276,2.992199424848517,-0.0024164876503647917,0.32818800514657154,0.9865667626736775,0.16335857120940966
1769099729.7630599,2.999699577272778,0.00013486118859016172,0.3348908174759644,0.986013742260038,0.16666403353559925
1769099729.8151493,3.0108733889232697,0.0039890388486519286,0.33990282126677895,0.9855929862092937,0.16913445992773618
1769099729.8630388,3.0183123778448744,0.006561731757718632,0.3391935923023934,0.9856529017671013,0.16878494375415382
1769099729.920133,3.025143206380552,0.00895749380307011,0.34362790206328025,0.9852762570885796,0.170969872250988
1769099729.9632,3.03592231129832,0.012790412962630357,0.3488386901714446,0.9848274696397029,0.17353632197053145
1769099730.01279,3.0429236194707525,0.01531091489820828,0.354161458610691,0.984362135608421,0.17615670858763408
1769099730.0628848,3.049906957486171,0.017880959993080633,0.36062407266005014,0.9837877811611779,0.17933655968030152
1769099730.1128657,3.0602664162434574,0.021829689934413452,0.3705589528393559,0.9828848035251635,0.18422123384480066
1769099730.1630414,3.0670847139207162,0.024478641821321825,0.37936944888353274,0.9820637289048643,0.18854928366205306
1769099730.2151675,3.07781376799131,0.028661370945238365,0.38297892680664536,0.9817218475202207,0.19032134431399042
1769099730.2628984,3.084892049315878,0.03140845924105413,0.38083096727455157,0.9819256825788604,0.1892668853551493
1769099730.3221877,3.0921167930096134,0.03426838731054979,0.3873385614130305,0.9813046497137167,0.19246086472381793
1769099730.3630836,3.1029908609206416,0.03863612943133932,0.3912573715253265,0.9809256574183172,0.19438326733143024
1769099730.4135642,3.1098930886881133,0.0414161603860564,0.3938541724053949,0.980672443325838,0.19565673742892442
1769099730.462854,3.1203708408534796,0.04575104744635764,0.39545341871320067,0.9805156781654605,0.19644084318625585
1769099730.5132809,3.1275147344592638,0.04874301501568035,0.4014622281179073,0.9799210659769664,0.19938581808786188
1769099730.562842,3.134628550138765,0.05174068778682541,0.4051027768572823,0.9795565058488631,0.20116921198127255
1769099730.6165721,3.144907300783452,0.05615712381781418,0.4076189450118296,0.9793026429242562,0.2024014168961445
1769099730.6630578,3.151818232530579,0.05917946881090233,0.4139744149934448,0.9786545214473417,0.20551235400986145
1769099730.7127974,3.158888718018438,0.06227817115889113,0.4170841276140177,0.9783337964089673,0.20703377213396162
1769099730.7630126,3.1693838316694576,0.06695816523859399,0.42161050790329674,0.9778627344899823,0.20924739543366963
1769099730.8129494,3.1760014550644686,0.06995465782643369,0.4273492724780073,0.9772582990011346,0.2120523921897819
1769099730.8630736,3.18304790551429,0.07316938027271781,0.43113965559853856,0.9768546643039622,0.21390410194195272
1769099730.9151998,3.1937098653474854,0.07809398372825924,0.4379886716824937,0.9761164215119471,0.21724808780449784
1769099730.9631152,3.2006247048810534,0.08129124940085251,0.43828711104802537,0.976083992953969,0.21739374116803903
1769099731.012931,3.2077981385568495,0.08465336378773791,0.4397715051354485,0.9759223751356958,0.21811812787914295
1769099731.0630126,3.2184877597802717,0.08969801840620568,0.4430437952224193,0.9755641961436318,0.21971458577579572
1769099731.1127982,3.2251903973846643,0.09287160411830848,0.44656714536194736,0.9751756168047295,0.22143287106822077
1769099731.1630888,3.232134008259521,0.09618671770895512,0.4498291258438297,0.9748131650668508,0.22302307775732239
1769099731.2131774,3.242164537179577,0.10102552820215377,0.44928970847500777,0.9748732808717099,0.22276015407255456
1769099731.2631164,3.2489104307252905,0.10428480240715715,0.45398556569938286,0.9743475692886068,0.22504847082658339
1769099731.3182464,3.2588378986357314,0.10910397187465563,0.45334069686339046,0.974420082011549,0.2247342959421331
1769099731.3630648,3.2657766991989003,0.11248744720243097,0.4511324699423724,0.9746676201809262,0.22365828884897107
1769099731.4144425,3.272670634618934,0.11584752653908328,0.4555293624077127,0.9741735644903052,0.2258005009920331
1769099731.4628751,3.2830664779317034,0.12091905237179625,0.45657964803913414,0.9740548526585324,0.22631205008210378
1769099731.514341,3.2900931694227773,0.12435316718537634,0.4536475884617584,0.9743855860063801,0.22488381396401808
1769099731.5628486,3.297074526838694,0.12776485107693436,0.45696435175231165,0.9740113030961562,0.22649940715359
1769099731.6128812,3.304065880315574,0.13115599610589862,0.45877393235355524,0.9738059699724764,0.22738059030173277
1769099731.6628625,3.3146262802731354,0.13629442391934435,0.45276947556020203,0.974484228775975,0.22445598202519176
1769099731.71316,3.3217078158427435,0.13973164385433273,0.45657260447865294,0.9740556496737981,0.22630861967356694
1769099731.7632291,3.3286521590856117,0.14310376560050952,0.45936758029887564,0.9737384350650188,0.22766962923747258
1769099731.812881,3.3389845225058425,0.14813242966145193,0.4568727804835224,0.9740216724942773,0.2264548111907777
1769099731.8635292,3.3458548984479197,0.15148301019222243,0.4565799884376361,0.974054814140377,0.2263122158655068
1769099731.9130895,3.352641669104969,0.15477414681314966,0.4546881519292561,0.9742684511913217,0.22539073852592814
1769099731.963599,3.3630187119728756,0.1597690708610669,0.44815028178592486,0.9750000320883397,0.22220471963425198
1769099732.0130475,3.3699653036285984,0.16307841988935914,0.44374019198232856,0.9754876327426272,0.22005426232224048
1769099732.0629773,3.3769180527949794,0.16631626119875548,0.4356626917894296,0.9763684186760931,0.2161127275565815
1769099732.1128867,3.3876485524298614,0.1712738948771557,0.4304455430356088,0.9769288422345568,0.21356506551926635
1769099732.1629457,3.3948847485955884,0.17456120734704983,0.4240008504147938,0.9776119496708913,0.2104159591396975
1769099732.2132907,3.402026977064378,0.17774913408229587,0.4173059733787215,0.9783108256076115,0.2071422904646791
1769099732.264643,3.4126935718939344,0.18247894218923305,0.41246363764774663,0.9788094839209108,0.20477303090612342
1769099732.312892,3.419670064311274,0.18553985846367807,0.41063693735754075,0.9789961051068373,0.20387894983455832
1769099732.3628287,3.4266428591932026,0.18854671748532953,0.40475441667541145,0.9795915306610848,0.2009985896892635
1769099732.41307,3.4371147580419805,0.19302648759784014,0.39789917676920866,0.9802747216902404,0.19763974806481027
1769099732.462957,3.444082772757882,0.19597890981863048,0.39627911857673215,0.9804344940170302,0.1968456322643962
1769099732.5130327,3.4511410058930214,0.1989135410167266,0.3922718538196906,0.9808269320380961,0.19488080815907968
1769099732.5652885,3.461855811689267,0.2033379860037637,0.3863198424011101,0.981402554182127,0.19196100292715015
1769099732.6128902,3.469094558914783,0.20629884141947677,0.3849047972639363,0.9815381252734037,0.1912665904824262
1769099732.662955,3.4762890187113697,0.20916808130376185,0.3799661943715688,0.9820074272238031,0.1888422963143773
1769099732.7130525,3.487260957163211,0.21349754316865516,0.3697817148126139,0.9829563211775414,0.18383925222083022
1769099732.7630486,3.494527464278494,0.21632060479409643,0.36485470097863903,0.9834062272751617,0.18141717712618344
1769099732.81285,3.5016470726854716,0.2190324717857487,0.36097863184854595,0.9837559729895425,0.1795109623599587
1769099732.8630915,3.5125155745427414,0.2231366394985617,0.3594036483398277,0.9838970313428033,0.1787362070617446
1769099732.9129531,3.519721156392532,0.22583574005698093,0.35678483718514825,0.9841302259955778,0.1774477339440916
1769099732.9631655,3.526917530281724,0.2284875373377536,0.349368460467192,0.9847814678961471,0.17379718204939296
1769099733.0135255,3.537263588469598,0.23225357674389863,0.3419931331556761,0.9854156760486045,0.17016446573145608
1769099733.0628781,3.544204858361184,0.23471714986750183,0.3365262060836464,0.9858771324081522,0.1674702355485259
1769099733.1129375,3.554665468290326,0.2383134029775913,0.3245250633332094,0.9868642943640243,0.1615514299206179
1769099733.1630216,3.5620364168525382,0.2407735517776501,0.3125049514128537,0.987817398556407,0.15561743831991512
1769099733.2129655,3.569407179058953,0.24315234709532513,0.30429427747805665,0.9884479345615702,0.15156081505773789
1769099733.2630315,3.5769290965051255,0.24547508916911434,0.29450617678967445,0.9891778403648661,0.14672150534635126
1769099733.312822,3.5882178577768213,0.24889313373074068,0.28463931165212253,0.9898896404265711,0.14183969746214836
1769099733.36288,3.595722500866367,0.25109470044341636,0.2760189486072613,0.9904917984720893,0.1375717891121793
1769099733.4129727,3.6031826858390015,0.2531781137557343,0.2655264325838838,0.9911999015300278,0.13237354421055272
1769099733.4631963,3.6138085138536455,0.25606209231529264,0.2590056949426333,0.9916262191164082,0.12914116911696685
1769099733.5129597,3.6211295387213425,0.2579807614660554,0.2461990791133566,0.99243281470141,0.12278887695486425
1769099733.562884,3.632177943939282,0.26074911631080605,0.23444705811862407,0.9931371862169889,0.1169552450854685
1769099733.6129305,3.6391133001867337,0.26243405127875585,0.22746360921121522,0.9935395066489278,0.11348677776642235
1769099733.662988,3.646629726825864,0.26419268438271576,0.21802782750207053,0.9940638655674805,0.10879812118340107
1769099733.7163463,3.6581429318017755,0.2667537088461228,0.20451704743197832,0.9947761516086612,0.10208040061961894
1769099733.7631009,3.6659637243463945,0.2684248355248843,0.19769077282078748,0.9951187710358295,0.09868450502556297
1769099733.81283,3.6735281285486674,0.2699636843736382,0.18719300419318582,0.9956230440868522,0.09345990628729468
1769099733.862886,3.684868914456885,0.2721080575908254,0.17718118448404513,0.9960784192994274,0.08847475688553286
1769099733.912896,3.6923694861550014,0.27344419396391373,0.16372412312895043,0.996651172217078,0.08177066049827665
1769099733.963134,3.6999393405299212,0.2746768269319429,0.15750166115830297,0.9969007555519677,0.07866945773243837
1769099734.0158222,3.7109131976881753,0.2764196629326208,0.15155816690435472,0.9971301389907558,0.07570657776095843
1769099734.0628898,3.718501254108421,0.2775373103667643,0.14213822032618317,0.9974756535599834,0.07100929907472717
1769099734.1128583,3.7258477797544995,0.27855520574971454,0.1307759243223191,0.9978629687866652,0.06534137681639943
1769099734.1630683,3.7374400700201433,0.280089393251787,0.1228158934021237,0.9981151244647465,0.06136935973858388
1769099734.2129939,3.7448975081718254,0.28103295873547324,0.11606575104261424,0.9983165652169582,0.05800030701138349
1769099734.2630959,3.752615636680027,0.28193260635660855,0.10582218074847805,0.9986005347967177,0.052886405660710976
1769099734.3143477,3.764350965424803,0.2831253910450507,0.09252554357862126,0.9989300688197614,0.04624627128479386
1769099734.3629422,3.772064457537682,0.28382722920085357,0.07897685960733886,0.9992204332642642,0.039478167981506
1769099734.4129517,3.7794332506336654,0.2843994901662932,0.06942798620241417,0.9993975298462533,0.03470702143957667
1769099734.463148,3.7910236244913134,0.28519701343204695,0.06138642769047996,0.9995290002900242,0.030688394862305346
1769099734.512985,3.7987280467305484,0.28568039748626606,0.05091631468243168,0.9996759586143773,0.025455407449613877
1769099734.5628905,3.8063099477853557,0.286087115348394,0.04449182886720312,0.999752569849793,0.022244079633351347
1769099734.6135545,3.817712128491208,0.2866212575407995,0.039110285605099375,0.99980880428793,0.019553896500179066
1769099734.6630657,3.8252989935320114,0.28692780050788097,0.030394354920453656,0.9998845251210976,0.015196592491647835
1769099734.7129714,3.8330417613844427,0.2871364018225083,0.02338885601119621,0.9999316209561074,0.011694161453114353
1769099734.7629898,3.844556347407537,0.28736989722567474,0.009313192409612592,0.9999891580754839,0.004656579375972614
1769099734.8128388,3.8524021936467023,0.2874474760614755,0.0009612945586591586,0.9999998844890987,0.0004806472608229123
1769099734.8628957,3.8602237604324876,0.28742629274035597,-0.004516856413434387,0.9999974497521015,-0.002258426286866271
1769099734.9148085,3.8718670277319545,0.28732967285190275,-0.016382068308689338,0.9999664536673023,-0.008190942561087534
1769099734.9631784,3.879838777786869,0.28722989354920037,-0.018808152610958362,0.9999557820002961,-0.009403937695256144
1769099735.0130022,3.887379807114045,0.28703288687923706,-0.0297575212062068,0.9998893132834429,-0.014878211638666587
1769099735.062921,3.898839935520475,0.28665413141361334,-0.04066579242154869,0.9997932937874765,-0.02033149521281221
1769099735.1134338,3.90647692955082,0.2863211046437982,-0.05171460213241138,0.9996657186164534,-0.025854419797199973
1769099735.1631343,3.914084247140514,0.28589556709594693,-0.0641920825476193,0.9994849662833027,-0.03209053090344833
1769099735.215437,3.9254513772015334,0.28518247398625807,-0.07119804157802931,0.9993664217742989,-0.03559150221659717
1769099735.263142,3.933176766694185,0.2846303962419116,-0.08021766741878471,0.99919574855576,-0.04009808060362027
1769099735.3128457,3.9410456899078206,0.2839548588000993,-0.09367094203040044,0.9989034198007073,-0.046818350146624554
1769099735.3631167,3.9528904425800246,0.2828540351819261,-0.10413986001158526,0.9986446674596776,-0.052046403856078415
1769099735.4147944,3.960621009562242,0.2820734789768054,-0.11151880962741081,0.9984458471195294,-0.05573051560648978
1769099735.4632506,3.9684168251383336,0.2811812233892828,-0.12025953604098992,0.9981927501200859,-0.06009354048231633
1769099735.516526,3.979771911100973,0.27978236866804346,-0.12827367510705506,0.9979439379860405,-0.0640928750869688
1769099735.562934,3.9873244663311427,0.2787774596418219,-0.14075093575796765,0.9975246686459187,-0.07031739075683982
1769099735.6245377,3.9948198881264516,0.2777354342149864,-0.1474703285010705,0.9972827942034405,-0.07366836760630902
1769099735.6630118,4.006209359575679,0.27602881434739784,-0.15251701692747086,0.9970937287708759,-0.07618461817054033
1769099735.7130864,4.013833629047283,0.27481328153086043,-0.16485252127668346,0.9966048786613102,-0.08233295712213473
1769099735.7629914,4.021562706922927,0.2734518145155616,-0.17366723912349807,0.996232329526956,-0.08672453865714444
1769099735.8131185,4.032855976892597,0.271470585170966,-0.18017535175165217,0.9959448490035117,-0.08996586988059653
1769099735.8631086,4.0402456654617085,0.2700878429655088,-0.1928251771874677,0.9953559054410089,-0.09626329260787485
1769099735.9131076,4.047890086717053,0.2685551385562938,-0.20394790114971453,0.994805160669104,-0.10179730991592241
1769099735.9632213,4.05931066783345,0.26616085090979497,-0.2171067577210676,0.9941138654798489,-0.10834030856847686
1769099736.0130367,4.0669538812773975,0.26450547459273793,-0.22109973533307806,0.9938955841580995,-0.11032482853388031
1769099736.0629137,4.074552814041865,0.26276186590268275,-0.22720894318147822,0.9935539492079752,-0.11336026646597155
1769099736.1131308,4.085527150333548,0.2601070568973447,-0.23507038462540636,0.9931006873317093,-0.11726476376681336
1769099736.1630886,4.092936142147308,0.2583326172550178,-0.2396425782343428,0.9928300138740499,-0.11953477967041141
1769099736.2132452,4.100198623271664,0.2564871876840041,-0.24803157120921465,0.9923198933168828,-0.12369813793089424
1769099736.2631447,4.111294375790575,0.2535923072450449,-0.26149378166486914,0.9914647946017335,-0.13037469488110937
1769099736.312917,4.1186951375241865,0.2515788347387582,-0.2721913056045743,0.9907532722164355,-0.13567591382565147
1769099736.363085,4.126164371650976,0.24943142228314055,-0.28767436157860937,0.9896732554282017,-0.143341715805781
1769099736.4129512,4.13752328567548,0.2460716503739479,-0.297779880639558,0.9889363539496576,-0.14834044572117724
1769099736.4631848,4.144977100949877,0.24378867321312198,-0.30743127855898467,0.9882089955521505,-0.15311100910715036
1769099736.513217,4.152401095163873,0.24140853572861515,-0.3176392775310468,0.9874146486385617,-0.15815281108467769
1769099736.5629141,4.163365118182529,0.2378028653637289,-0.32882590068265255,0.9865146096423104,-0.16367322616200833
1769099736.6129184,4.170704149545159,0.23532982528633556,-0.33443687796715255,0.9860515445570914,-0.16644023394772783
1769099736.6631012,4.177870793263925,0.23281946759652183,-0.3429317494727418,0.9853357079605037,-0.17062691059142154
1769099736.7132132,4.185017448080749,0.23025306866896555,-0.3533003243636046,0.9844378916489009,-0.17573285829880203
1769099736.7631462,4.195750141579352,0.2262914817022763,-0.3657825188804764,0.9833219604056912,-0.18187336853950953
1769099736.8131187,4.202523581052079,0.22373976373965718,-0.37443227020937553,0.9825261868693707,-0.18612439957172322
1769099736.8630455,4.2129423316133545,0.21966564480403458,-0.37978770040432225,0.9820242769182509,-0.1887546543616515
1769099736.9129214,4.219873546668144,0.21688865630727516,-0.39096059784792914,0.9809544905374153,-0.1942377087346327
1769099736.963081,4.227165045897469,0.21385480518778405,-0.40454662030436944,0.9796124087625447,-0.20089681082198613
1769099737.0131729,4.237949125360093,0.20926981068114922,-0.4115839076048975,0.9788994617209996,-0.2043424670555223
1769099737.0631645,4.244914700310684,0.2062477240129724,-0.4194236591554444,0.9780909460917682,-0.20817805161282002
1769099737.11318,4.251984884690413,0.20308523522720703,-0.4296111029863205,0.9770178608256251,-0.21315745266755143
1769099737.1632214,4.262409345067841,0.1983110128466699,-0.43845875150518493,0.9760653325789492,-0.21747750811876
1769099737.213239,4.268980452362912,0.19527585982531026,-0.4449505834457464,0.9753542782084963,-0.2206445829391314
1769099737.2629395,4.276018517919321,0.1919236212599666,-0.4508183398413627,0.9747027370589684,-0.22350519987185008
1769099737.3132112,4.2859874102325834,0.18707281434488418,-0.45998993016035244,0.9736675428415861,-0.22797262120006478
1769099737.3631303,4.292883722286773,0.18366041290618512,-0.4710282530374881,0.9723945020539136,-0.233342950129892
1769099737.4131818,4.3033922733797105,0.17830422110388855,-0.4791333198447869,0.9714408897227085,-0.23728168444857384
1769099737.4632852,4.3097873477943205,0.17496627737237266,-0.48920260162220497,0.9702339548730088,-0.24216951255573083
1769099737.5129383,4.316275268117982,0.17147837607514083,-0.5004032588693794,0.9688625180952478,-0.24759931548801925
1769099737.5631492,4.326525435573092,0.16584968336523054,-0.5111528246658313,0.9675177375785385,-0.2528031397568201
1769099737.6133444,4.3333924846096386,0.16200194554385863,-0.5215227587272963,0.9661939622190047,-0.25781626669304764
1769099737.6633012,4.339777335212622,0.1583299075127621,-0.5303879784990937,0.9650416751401734,-0.2620964807902771
1769099737.713219,4.349271959399379,0.1527551494436113,-0.539802106036686,0.9637972839185188,-0.2666360731620647
1769099737.7632122,4.355832712601585,0.148833106836995,-0.5519102147636528,0.962165402207082,-0.27246603237042993
1769099737.8129544,4.3655182347840915,0.14288874043855537,-0.5596452139122079,0.9611044467588239,-0.27618515966723295
1769099737.8633633,4.371851978499222,0.13893509353438105,-0.5666316509387042,0.9601338096392487,-0.2795408156023426
1769099737.912948,4.378048856398125,0.13500142622885725,-0.5767341845781296,0.9587095313740194,-0.2843871207572666
1769099737.96378,4.3874386946999895,0.12887270476961088,-0.5864880896623806,0.9573111931100355,-0.28905930108930983
1769099738.0132174,4.393950457092201,0.12454070026171815,-0.5984017129319079,0.9555723471093625,-0.29475666140039
1769099738.0632877,4.403334177384466,0.11812958357740888,-0.6088388705932751,0.9540211314265039,-0.2997393547595865
1769099738.1130707,4.409440975869424,0.1138776166541995,-0.6169640485034548,0.952795544112516,-0.3036126662695983
1769099738.1631937,4.415762019217118,0.109402301704591,-0.6294440803088056,0.9508824587213897,-0.3095521760478589
1769099738.2131798,4.4246985594012544,0.10292866094741294,-0.637036624506579,0.9497004653554354,-0.3131597453436017
1769099738.2633176,4.430506959736156,0.09865159661144804,-0.6454813113413869,0.9483697355903118,-0.31716690340633297
1769099738.3130677,4.439266574560565,0.09206546628815158,-0.652909990931441,0.9471851306494432,-0.3206872748903473
1769099738.3629522,4.445407533016243,0.0873879205243703,-0.6592441279597011,0.9461647434937015,-0.3236854617827284
1769099738.4130244,4.4511907606941605,0.08295135699964223,-0.6639203850667844,0.9454053396958255,-0.32589682980142765
1769099738.4629698,4.460200316090984,0.07594252344794408,-0.6688938706216438,0.944591995803752,-0.3282467996241314
1769099738.5133483,4.466307140419594,0.07113813133333342,-0.6721014597700415,0.944064340773984,-0.3297613083413258
1769099738.5633163,4.475169481952032,0.06406419845903782,-0.6808927811068822,0.9426057061168847,-0.3339078956776693
1769099738.6131794,4.481225738537252,0.05919639418898738,-0.6869487478340061,0.9415903188855635,-0.3367605549659622
1769099738.6632462,4.487274087537759,0.054278621303947346,-0.6892162337269317,0.9412079139161624,-0.3378278596883118
1769099738.712962,4.493251177985268,0.049393477441222966,-0.6930936019338358,0.9405512040625865,-0.33965192850390047
1769099738.7633314,4.501938278960712,0.04226497909584725,-0.6919950067874899,0.9407376321380245,-0.33913523479482754
1769099738.81296,4.507879436405618,0.0374156931749533,-0.6865955800094032,0.9416497707012819,-0.3365942800141191
1769099738.8635297,4.516669982057477,0.030253070073540462,-0.6827553726964256,0.9422943303762266,-0.33478559547988146
1769099738.9129577,4.522524898683655,0.025498008889475333,-0.6839749205497857,0.9420900116777938,-0.33536011971749763
1769099738.9632342,4.528141686290688,0.020931522192132138,-0.6811485244888157,0.9425630010434008,-0.3340284255330046
1769099739.0132232,4.536752884201503,0.01390939436453243,-0.6833884226983612,0.942188315163735,-0.3350838384179732
1769099739.0631394,4.542726481397203,0.009019482431793235,-0.6884630698956204,0.9413350670375187,-0.33747339386308695
1769099739.1131272,4.551558910882505,0.0017881532114173808,-0.6864049927030788,0.9416818417243049,-0.3365045452393193
1769099739.163255,4.557687000064858,-0.0032326521846007877,-0.6851246899635361,0.9418970626074893,-0.33590165741089073
1769099739.2132425,4.563716229929837,-0.008174445453762655,-0.6867088482305721,0.9416307064734813,-0.3366476089715363
1769099739.262951,4.572398636721008,-0.01526943875193778,-0.6878405545039088,0.9414400626279018,-0.3371803797363842
1769099739.313172,4.5783597739446185,-0.02013457199247795,-0.6841892566568504,0.9420540663766521,-0.33546107974430406
1769099739.3629482,4.584140183356151,-0.024860847501087913,-0.6854252235971794,0.9418465771007825,-0.3360431894913805
1769099739.4132311,4.593030207792831,-0.032101786442793594,-0.6810548456283148,0.9425786457105748,-0.33398427605265885
1769099739.4630282,4.598949101985415,-0.03689850274435004,-0.6773452637412065,0.9431964950135314,-0.3322354162249854
1769099739.5129547,4.604932232051011,-0.041776640246550624,-0.6798258386853028,0.9427837022290368,-0.3334049951805024
1769099739.5677092,4.6139371279794394,-0.04907683624561124,-0.6819198160108715,0.9424341143099899,-0.33439189611105224
1769099739.6131997,4.6199613128371535,-0.05394464858962771,-0.6796011473951955,0.9428211528785128,-0.3332990754335093
1769099739.6630704,4.626036856476786,-0.058869659284392924,-0.6815217342820457,0.9425006532932738,-0.3342043065876801
1769099739.7130651,4.635203341684847,-0.06629208851712759,-0.6812328146418304,0.9425489225527616,-0.33406814962613296
1769099739.763024,4.641283114174793,-0.07117170003806453,-0.6764864021923995,0.9433390801534162,-0.3318303480022686
1769099739.8129666,4.647389215384609,-0.0760588528447262,-0.6705939383246308,0.9443126336850105,-0.32904961611112565
1769099739.8687327,4.656565652006787,-0.0833069637751758,-0.6635625274088034,0.945463636899818,-0.3257276643150979
1769099739.9129615,4.662623700082836,-0.08801008613356123,-0.6585459764440258,0.9462776765923554,-0.3233551588933965
1769099739.9630678,4.668662270206158,-0.09265558924624254,-0.6486024997410569,0.9478736121060682,-0.3186465368915766
1769099740.0132027,4.674579687921565,-0.09716716668793553,-0.646130026223218,0.9482668102590613,-0.3174744974972091
1769099740.0630608,4.683596714435758,-0.10395880859794628,-0.6445559667677361,0.9485163784148929,-0.3167280850803979
1769099740.1132429,4.689719255304112,-0.10853542988493332,-0.6389617724825234,0.949398586005214,-0.31407375708788593
1769099740.1701877,4.696031039076272,-0.11319694157128297,-0.6319518180931519,0.9504935734965264,-0.31074421433359534
1769099740.2131748,4.705384583997362,-0.12004475050988464,-0.6271941423970948,0.9512300935391752,-0.3084822671491052
1769099740.263048,4.711783992953564,-0.12471447574615024,-0.6245666781409147,0.9516345356277658,-0.3072323397699638
1769099740.3131206,4.718128333107297,-0.1292880279286808,-0.6177556421503034,0.9526753005566408,-0.30398975592824495
1769099740.3637462,4.7275966080248715,-0.13602002094574733,-0.6081622250739572,0.954122485470529,-0.2994165705493605
1769099740.413195,4.733887317094031,-0.14049358905924603,-0.6054491597725971,0.9545277758212433,-0.29812199715175397
1769099740.4707642,4.740234862610255,-0.1448871469390493,-0.5996289646490317,0.9553912969072738,-0.29534296977215735
1769099740.5133219,4.749809757914372,-0.15146622869736398,-0.5943120997720133,0.9561730693149849,-0.2928020859160008
1769099740.5628896,4.755807395621725,-0.15551954623093805,-0.5871908572190083,0.9572095632628784,-0.28939566686128804
1769099740.613193,4.7653549329330644,-0.16191341206337412,-0.584379632646944,0.9576153956325161,-0.28804991589580403
1769099740.6632583,4.7716696372903975,-0.16608453697055242,-0.5789658649252077,0.9583916040214748,-0.28545671010005114
1769099740.7133055,4.778103268247329,-0.17030484804451165,-0.5720948219262526,0.9593666389065704,-0.28216245702274095
1769099740.763275,4.787366945809041,-0.17630149696306716,-0.5714085816632815,0.9594633980502246,-0.28183326241222173
1769099740.813271,4.793564995094117,-0.18028070837704213,-0.5679613525773994,0.9599477445103067,-0.28017909952309944
1769099740.8639383,4.799937104297509,-0.18436330117091557,-0.5651102292408607,0.9603461815443034,-0.2788103505849019
1769099740.9134722,4.8100069268881995,-0.1907443267115135,-0.5622166223557811,0.9607485600611737,-0.27742062709968307
1769099740.9632556,4.8162029988443695,-0.19463230816023952,-0.5580504487362129,0.9613243664286548,-0.27541870399547214
1769099741.0132122,4.826096511236203,-0.2007708740505493,-0.5509980684060342,0.9622895665857545,-0.2720271862152768
1769099741.0629828,4.832661701376646,-0.2047840562061845,-0.5428418757877631,0.9633909147299135,-0.26810062554171826
1769099741.1129673,4.839056281579917,-0.2086390123407561,-0.5338283945092479,0.964589387063597,-0.26375616459956763
1769099741.163059,4.848827568637439,-0.21439269221186477,-0.5254515957210443,0.9656856392599705,-0.2597137773146854
1769099741.2129645,4.855474906018462,-0.21821820298400815,-0.5141830414960831,0.9671336030665082,-0.25426874330045734
1769099741.263108,4.86210690795621,-0.22196755312627933,-0.5024236031136331,0.9686119058750928,-0.24857790689645032
1769099741.3129556,4.871749033312788,-0.22728236204586658,-0.494900101873761,0.9695401384721284,-0.2449324802704738
1769099741.3633199,4.8784894383651425,-0.23093998758072778,-0.4897005461525855,0.9701736313104932,-0.2424110663930408
1769099741.413275,4.885338491413259,-0.23460950369466838,-0.479704122498209,0.9713731296522493,-0.2375589252997969
1769099741.4631822,4.8956004121854315,-0.23994696265244744,-0.46830883774285503,0.9727108812661736,-0.2320205625938872
1769099741.5132024,4.902615365236076,-0.24351736261514836,-0.45852023806932946,0.9738348047160856,-0.22725706396850123
1769099741.5632231,4.9092741540141205,-0.24683794333627054,-0.45106721892721985,0.9746749166273926,-0.22362648970411655
1769099741.613267,4.919539878088312,-0.2517731676546036,-0.4388049864004288,0.9760276688018481,-0.21764647879814183
1769099741.663156,4.926558776507644,-0.25504830669829104,-0.42251417003199054,0.9777680902038307,-0.20968920281968143
1769099741.7132475,4.93669518791967,-0.25960007536932783,-0.40685944620945463,0.9793794341268505,-0.20202951271873673
1769099741.7629714,4.94356095644394,-0.2625965458727519,-0.39796534935846517,0.9802681819867521,-0.1976721816148844
1769099741.8132653,4.950539286103468,-0.2655253057755262,-0.383264501019405,0.9816946620785262,-0.19046151959524057
1769099741.8629618,4.961051441187002,-0.26971177346126896,-0.36874705511706773,0.983051295171284,-0.18333071499904532
1769099741.9132433,4.968173139551047,-0.2724210795143707,-0.34880331175354423,0.9848305392058824,-0.17351890112449156
1769099741.9631376,4.975277873592736,-0.2750262095814329,-0.33823697142566733,0.9857335206151945,-0.16831347639322894
1769099742.0129905,4.9857472964569975,-0.2786747928382864,-0.32864463718042475,0.9865294395817157,-0.16358381594334412
1769099742.063298,4.992970855024558,-0.28109913803427755,-0.31578345213598674,0.9875609755262332,-0.15723650853944388
1769099742.1130023,5.0000700228273445,-0.2834131766430995,-0.3023426600551844,0.9885953583004153,-0.15059620694716547
1769099742.163014,5.011241869859058,-0.28686929549048834,-0.2860661350513746,0.9897881984302632,-0.14254586015796428
1769099742.2129905,5.018638937792181,-0.289075377666762,-0.2784437469747765,0.9903242786204307,-0.13877255915678527
1769099742.2631578,5.0261141077612566,-0.29119812488885105,-0.26226444629493445,0.9914144834131389,-0.13075672861715032
1769099742.3133526,5.036873675267421,-0.29398356456854136,-0.2476633771923545,0.9923426489581872,-0.12351545271199026
1769099742.3629904,5.043940735457826,-0.29577050205455396,-0.23609480304718175,0.9930404929681327,-0.11777342368127075
1769099742.4132679,5.054898094154423,-0.2983803813743307,-0.2202111300221366,0.9939445036708662,-0.10988322721177901
1769099742.4630044,5.061885543010303,-0.2999549285689696,-0.20908984477369702,0.9945401551655509,-0.10435458669019756
1769099742.5130088,5.06931276513717,-0.30153356359298294,-0.1929407170556789,0.9953503426560082,-0.09632079409227891
1769099742.5629864,5.080096568712261,-0.3036273499604378,-0.17618592363066948,0.9961223236961744,-0.08797906702241129
1769099742.613409,5.08759010430183,-0.3049964528321671,-0.16672194316857625,0.9965274857971701,-0.08326445850884429
1769099742.6632724,5.094701145263141,-0.30620612045272966,-0.1521162240443917,0.9971089758761443,-0.07598480260701171
1769099742.7132738,5.1059365809826645,-0.30791615656340604,-0.1414880432603377,0.9974986851605498,-0.07068502743137477
1769099742.763097,5.113481285127219,-0.30897674114029167,-0.12552375943888697,0.9980311196481112,-0.06272068409972528
1769099742.8133285,5.121160327660386,-0.30997915436633283,-0.11572580571141924,0.9983264092626633,-0.05783061964666555
1769099742.8631113,5.132805171857818,-0.3113010586606905,-0.10459139179219971,0.9986328917064958,-0.05227186243020396
1769099742.913314,5.140561683879595,-0.3120884089315445,-0.09096137637979367,0.9989659317662317,-0.04546501039727567
1769099742.9631295,5.148350240162589,-0.3127997984637361,-0.07450441365073791,0.9993062167806911,-0.03724359144151508
1769099743.0129378,5.159324568512297,-0.3136715322309045,-0.0642644242299712,0.9994838048879785,-0.032126683094421134
1769099743.063279,5.166830431665944,-0.3141085111605259,-0.04549577696222766,0.999741277941779,-0.02274592665376512
1769099743.11327,5.1777274836507905,-0.3146124066279366,-0.032047541060206346,0.999871622135906,-0.016023084825089292
1769099743.1633916,5.18531637648932,-0.31486258576908865,-0.014548327482559317,0.999973543387592,-0.007274099591256281
1769099743.2132263,5.192932721031899,-0.3150029652088555,-0.0033920406100336597,0.9999985617579072,-0.001696019491920821
1769099743.2634437,5.204244962427411,-0.3150928461819568,0.005957857754850631,0.9999955629946528,0.002978924471582893
1769099743.3130014,5.211811434013409,-0.3151131410645696,0.009967558567932987,0.9999875809977297,0.0049837586527606646
1769099743.3632457,5.219556242064313,-0.3150252898981828,0.017363004321016083,0.9999623159968016,0.008681393108982345
1769099743.4133337,5.231222710075349,-0.3148221932775916,0.02638604021695284,0.9999129733725103,0.013192637391573801
1769099743.4633987,5.23906657330502,-0.3146506358245768,0.029366622180459025,0.9998922021244998,0.01468278347652412
1769099743.5132527,5.246934457281526,-0.3143946889188966,0.03401321792433985,0.9998553911112268,0.01700578918532532
1769099743.56322,5.258797457166599,-0.3139517688441043,0.04342082357987029,0.9997643382666129,0.021708706325381556
1769099743.6132586,5.266611655309152,-0.31363193619816554,0.04634966942134093,0.9997314755364918,0.023172760336848224
1769099743.663867,5.274348629573828,-0.3132796865142595,0.04722192211744653,0.9997212742079153,0.02360876735668424
1769099743.7131238,5.285826328036547,-0.31272307348934586,0.05218768723114803,0.9996595749793024,0.026090882549284385
1769099743.762995,5.293535119312397,-0.31230967796321174,0.058878296346389886,0.9995666995725779,0.029434896051860622
1769099743.8130774,5.301164447953321,-0.31183372114497143,0.06865251650995578,0.9994109118436697,0.03431951759283182
1769099743.863222,5.312503218793946,-0.31107271333606734,0.07425253833856281,0.9993108992266443,0.03711774086384553
1769099743.91309,5.320126566254324,-0.3105150790489552,0.07768099888898587,0.999245802622803,0.038830734485845675
1769099743.9630067,5.327772386587515,-0.30991706441090516,0.08170259593314051,0.9991657017619647,0.04083993661259103
1769099744.0131161,5.335441168135051,-0.3092891071579649,0.08564875003355561,0.9990831765806695,0.042811286753365756
1769099744.0630066,5.347098317851777,-0.3083734939884841,0.07666303640717208,0.9992654373041164,0.03832213210943353
1769099744.1132097,5.3548959963233935,-0.3077697750447564,0.07498988399905925,0.9992971470113816,0.037486157110500164
1769099744.1633685,5.362769448473065,-0.30716082798315103,0.07899715286235913,0.9992200326425621,0.039488306697010464
1769099744.2129104,5.374453630196259,-0.3062606260910481,0.07513760826189841,0.9992943754780312,0.03755996722537781
1769099744.263277,5.382299616932412,-0.3056243173254771,0.07434053952200213,0.9993092650567246,0.03716171109877829
1769099744.3130782,5.389841990847587,-0.3050008089569421,0.07852738702014969,0.9992292802078255,0.039253605889790405
1769099744.363384,5.4011701794863995,-0.30409256145724034,0.07766939528921961,0.9992460278941361,0.0388249370610113
1769099744.4131262,5.408714282395964,-0.30349265289833127,0.07381966844485115,0.99931890939695,0.03690145419479426
1769099744.46313,5.416257048019843,-0.302874815868331,0.07895253723386607,0.9992209132917474,0.03946601627230725
1769099744.513901,5.427787267118362,-0.3019530849865308,0.07819854345146174,0.9992357208488752,0.039089310298708914
1769099744.5633957,5.435633188486778,-0.3013169404257711,0.07652180083848192,0.999268141036571,0.03825156610278337
1769099744.6130867,5.443402231573859,-0.30067130475053133,0.07971625468260443,0.999205769998244,0.03984757460895692
1769099744.6632502,5.455158881984434,-0.2997234915555881,0.08102838401220627,0.9991794123749524,0.040503109584878315
1769099744.71309,5.4629057755459405,-0.2991198489651878,0.07814827311850357,0.9992367030495501,0.03906419433016832
1769099744.7632852,5.470628137554562,-0.29852702925057584,0.0735592877048289,0.9993237051419178,0.03677135218385709
1769099744.815305,5.482263508108233,-0.29765244630022825,0.07542994814772172,0.9992888746644977,0.03770603362542664
1769099744.863249,5.489936118117885,-0.2970731321225386,0.07842438287037751,0.9992313005247649,0.039202143456536144
1769099744.9200068,5.497683233104872,-0.2964723281054999,0.07817571822920787,0.9992361668948988,0.03907790640745732
1769099744.9633818,5.5085563111600315,-0.2955881801431546,0.07703923459011168,0.9992582112682868,0.038510092351276407
1769099745.0130978,5.5160512884070405,-0.295009627801841,0.07465838518489125,0.9993033465928899,0.03732052368671462
1769099745.0632603,5.523668145976351,-0.2943653689133247,0.07523824631575585,0.9992924842319209,0.037610250698394986
1769099745.1144183,5.535095159708355,-0.2934212861858197,0.07990930901592197,0.9992019189697279,0.039944024925054396
1769099745.163025,5.542789445881537,-0.29279433903068747,0.07583601890726285,0.9992811984086684,0.03790892384301587
1769099745.2210572,5.550685776100659,-0.2921533372427546,0.0714195221743121,0.9993624742329184,0.0357021721336341
1769099745.2630234,5.56241756657848,-0.2912110249158931,0.07610488110101306,0.9992760932411052,0.03804325796766029
1769099745.3130503,5.570212549772383,-0.2905720228995297,0.07721080242771201,0.9992549040449447,0.03859581249473152
1769099745.363245,5.577981859586574,-0.28992956876175635,0.07517096456202378,0.9992937489082794,0.037576633601704205
1769099745.4134831,5.5891816909049705,-0.28900191945892195,0.07559578158136505,0.9992857447688422,0.037788891248357374
1769099745.4633403,5.596344418883056,-0.28839366180426707,0.07887519466410724,0.9992224387461539,0.03942737508621142
1769099745.5180051,5.607645483978061,-0.2874632349110524,0.08120867489039173,0.9991757571445933,0.04059318088704909
1769099745.5633008,5.615336679614252,-0.28679751334999454,0.08104493055447101,0.9991790772475497,0.040511376065680525
1769099745.623056,5.622977119074976,-0.28613235648011165,0.0873912426013389,0.9990454982238427,0.043681717899755994
1769099745.6633825,5.634046844277396,-0.2851714259217763,0.0882919550899222,0.9990257245765148,0.044131639833224254
1769099745.713996,5.641761658252987,-0.28448745278905213,0.08584577591355569,0.9990789542670021,0.042909709166498625
1769099745.7633147,5.649527234056817,-0.2838024001164815,0.08427126136293629,0.9991124256426628,0.042123163775227755
1769099745.8149893,5.660800279552028,-0.282842006797222,0.08379129271162143,0.9991225057709395,0.04188339124281679
1769099745.8633482,5.668241592926787,-0.28222729891423526,0.07771411940890306,0.9992451594387278,0.038847282250774384
1769099745.9199834,5.676036145547117,-0.28158526312110127,0.08177128112119003,0.9991642986233871,0.04087425053055977
1769099745.9633827,5.687716788176073,-0.2806396424790065,0.08314667552092622,0.9991359532518691,0.04156136330149447
1769099746.0133662,5.695437307086539,-0.28002304229274716,0.08133024887579557,0.9991732877611981,0.040653917701472086
1769099746.0634122,5.703004530063118,-0.2793954257322839,0.08582330640924461,0.999079436283898,0.042898484759355836
1769099746.1133804,5.714277654032906,-0.2784361797698401,0.09072770777260233,0.9989712368209778,0.04534829659828302
1769099746.1632771,5.7217430525343085,-0.2778063159915585,0.08805693450215298,0.9990309036008616,0.044014243722301546
1769099746.2132387,5.729358209070054,-0.2771449823417736,0.08818849441346573,0.9990280061844586,0.0440799598355675
1769099746.263375,5.740855996947602,-0.27613952686742443,0.09314890582221173,0.9989156062096908,0.0465576166778978
1769099746.3134437,5.748623489666565,-0.2754766985725699,0.09146703875474278,0.9989544048650332,0.04571757868421612
1769099746.363382,5.756464283778326,-0.2747807424464945,0.09074329600761567,0.9989708833406825,0.045356082696111084
1769099746.4133282,5.768110667685134,-0.2737316985185401,0.09187416697080142,0.9989450777094622,0.04592092899796959
1769099746.4630332,5.775876916208533,-0.27305426556077916,0.0910011361132212,0.9989650277304848,0.04548486969786538
1769099746.5134501,5.783340012432534,-0.2723969046387617,0.08602201083267401,0.9990751692936773,0.042997745299143506
1769099746.563352,5.794433888916014,-0.2714215244757762,0.08746692053784277,0.9990438446374958,0.04371952071936504
1769099746.6130147,5.801972853682599,-0.2707604276844442,0.08836538628044754,0.9990241035837281,0.04416831962763106
1769099746.6632502,5.813041423990376,-0.2697858325944324,0.08936751274568673,0.9990018470539697,0.04466888830894615
1769099746.713371,5.82067823753508,-0.26908212207809,0.09197277660181412,0.9989428123723308,0.04597018174489098
1769099746.763338,5.828188885687241,-0.2683887505429911,0.09465137534317357,0.9988803486421383,0.04730802359600547
1769099746.8133092,5.839202089997549,-0.26736447475264435,0.09101020398855346,0.9989648214946532,0.04548939894256423
1769099746.863351,5.846888925321327,-0.2666521728251732,0.09239944326632173,0.9989329826688509,0.04618328849609189
1769099746.9133909,5.854600956530276,-0.2659375505431802,0.09346448964732976,0.9989082473586974,0.046715236901630125
1769099746.9636197,5.866247985748226,-0.26489524507754336,0.08814254513784084,0.9990290186419101,0.044057007517329494
1769099747.0135002,5.8742673554176585,-0.26420687532077963,0.08202499294613273,0.9991591054435663,0.04100100010014763
1769099747.063088,5.882057948177919,-0.26351899675694557,0.08457208653400189,0.9991060784867797,0.04227344238134388
1769099747.1134324,5.89368285532247,-0.26251477210078095,0.08702239628695829,0.9990535371544055,0.04349747003299209
1769099747.1634939,5.901348542487225,-0.2618500801596286,0.08663601000854895,0.9990619219230046,0.0433044589333755
1769099747.213394,5.908911947784499,-0.26117792723024097,0.08790166816137737,0.9990343175556062,0.04393668565338261
1769099747.263029,5.9201825433949615,-0.260189257826003,0.08988365229869363,0.9989902860973089,0.04492669900200601
1769099747.3133352,5.9276961798948555,-0.2595291152585313,0.08738986155812377,0.9990455283867746,0.043681028037242116
1769099747.3633938,5.935384190482639,-0.2588293812230973,0.08820780908758655,0.9990275804428421,0.04408960778370032
1769099747.413344,5.94697960433634,-0.2577784308993264,0.09340026646404467,0.9989097469442937,0.046683160343822784
1769099747.46305,5.954667651121312,-0.2570797519087284,0.08979370963152049,0.9989923055006866,0.044881773031184985
1769099747.5132897,5.962429472724937,-0.25635337305412803,0.08819072401074479,0.9990279570435586,0.04408107355060225
1769099747.5631392,5.974048271522137,-0.25528005836096807,0.09167282291871913,0.9989496956003316,0.0458203629405616
1769099747.6133807,5.98181223676337,-0.2545775150310708,0.08593838948334645,0.9990769661851588,0.0429559732547048
1769099747.663307,5.989626078095927,-0.2538644498701049,0.0831348297351733,0.9991361993978466,0.04155544552554538
1769099747.7130482,6.00129687507631,-0.25280405094236713,0.0902803590086755,0.9989813550837281,0.04512485119175818
1769099747.7633116,6.008933260116653,-0.25209558462308507,0.09202304429198471,0.9989416566493833,0.04599528900426367
1769099747.8130703,6.016617794056115,-0.25135783442643517,0.0920633758724288,0.9989407289149197,0.04601543344280216
1769099747.8634024,6.0279030669498495,-0.2502507728257202,0.0968763441591059,0.9988271010965091,0.04841923290536624
1769099747.9133768,6.035408792414941,-0.249505271939118,0.09885216057331978,0.9987787799378002,0.04940595860783631
1769099747.9630697,6.042965873684533,-0.24876580730663075,0.09594568412054212,0.998849523879251,0.047954443445769955
1769099748.0133603,6.05450277203367,-0.2476334403227041,0.09657868033246277,0.9988342963610786,0.04827057502111571
1769099748.0633872,6.062338165783451,-0.24687912231414383,0.09616918253185232,0.9988441587715405,0.04806606378697533
1769099748.113452,6.069721537854164,-0.24618382313824247,0.09478319420631375,0.998877228427602,0.04737385912918906
1769099748.163039,6.081589774746782,-0.2450599074192196,0.09275903959942186,0.9989246628518554,0.04636289406742207
1769099748.2133057,6.0888723920663015,-0.24437468481645025,0.09550807541722414,0.9988599926099423,0.0477358896771188
1769099748.263284,6.096560011434618,-0.2436705308902841,0.09401469248960133,0.9988953581317158,0.04699003620887352
1769099748.3134582,6.10800329721072,-0.24262334637188007,0.08968218503935324,0.9989948066582517,0.044826066856710804
1769099748.3633091,6.115615061704059,-0.2419242107114246,0.09293746989060536,0.998920522604125,0.0464520130920263
1769099748.413171,6.12312660856868,-0.24124047905447268,0.09422466696219522,0.9988904192726178,0.04709490721271136
1769099748.4630594,6.13456818514461,-0.24017531523705676,0.09301671742963318,0.9989186812160912,0.04649159405210048
1769099748.513067,6.142202175055296,-0.23944164133413912,0.09835206848654914,0.9987911024788065,0.049156216383793104
1769099748.5633585,6.149834922933391,-0.23869561387106253,0.10283870479547638,0.998678316343436,0.05139669702850526
1769099748.6133392,6.161320557207677,-0.23756084633010768,0.0985142991361093,0.9987871118704831,0.04923723348665281
1769099748.663377,6.168599527153683,-0.2368378001909378,0.10160726022594582,0.9987097731267346,0.05078177883007249
1769099748.7134013,6.176283290290451,-0.23609328364414633,0.1027746436841793,0.9986799620958998,0.05136470878075871
1769099748.7632594,6.187998224952487,-0.23496118406736058,0.09449413974010012,0.9988840648080254,0.04722949367287816
1769099748.8133442,6.195931517826835,-0.23416778050230952,0.101703056886876,0.9987073396186665,0.05082961530255309
1769099748.8633232,6.2036869265956955,-0.2333763009467958,0.10766007060572297,0.9985515134703177,0.05380404209850803
1769099748.913417,6.215170318603747,-0.23221894908980792,0.10781490530737749,0.9985473451115363,0.05388134715003243
1769099748.9630802,6.222724111518859,-0.23144662432636467,0.10763034237522476,0.9985523131094893,0.053789199507786406
1769099749.0130794,6.230275313113177,-0.2306493016891591,0.10982459024436377,0.9984926987339998,0.054884702558125824
1769099749.0633636,6.241526143330357,-0.22945701494714893,0.10722085350216755,0.9985633052189585,0.05358475035109363
1769099749.1134248,6.249176405493315,-0.22863358943542678,0.10599552485992719,0.9985959472724588,0.05297295622315856
1769099749.1632588,6.256850281534169,-0.22779285146840883,0.10797767631899853,0.9985429566438603,0.053962614252256104
1769099749.2130623,6.268098783574964,-0.2265783863769252,0.10889923483922156,0.9985179857871879,0.05442271639212224
1769099749.2632458,6.275823785657432,-0.22573988841681528,0.10620878828180567,0.9985902929983353,0.053079437916191644
1769099749.3133132,6.287524225146853,-0.22446695447972925,0.10456206875933033,0.9986336579839328,0.05225722095203232
1769099749.363374,6.295275528197056,-0.22363626975144366,0.10505917934732568,0.9986206383274885,0.05250543501771411
1769099749.4134338,6.302928238563266,-0.2228358480242056,0.10049309695249217,0.9987379077519714,0.05022540810401376
1769099749.4630601,6.310653318133493,-0.2219978062683886,0.10836292663885463,0.9985325435615294,0.054154957746658565
1769099749.513349,6.32207696882377,-0.2207550378216778,0.11446391764941358,0.9983626984324593,0.057200720088634825
1769099749.563157,6.329653255812843,-0.21995407783846205,0.11164813489596705,0.9984422413502042,0.0557950776285918
1769099749.6133614,6.3372494911169195,-0.21910242920866488,0.11057963368101462,0.9984719074133617,0.0552616513173767
1769099749.6633818,6.3485133401859075,-0.21779613629674646,0.1183354883183087,0.9982500996224015,0.059133227578625436
1769099749.714586,6.356081106758423,-0.2169188458518596,0.11630378671896281,0.9983096550751208,0.05811912407971437
1769099749.763299,6.36372304595186,-0.21602135653205934,0.11857395773435021,0.9982430417932748,0.059252253217157526
1769099749.8131247,6.3753093421206435,-0.21464104852435498,0.12074796135247302,0.9981780447510992,0.06033730999035804
1769099749.863289,6.383029293950981,-0.21375716011120818,0.12012854099941928,0.9981966839569137,0.06002816120306592
1769099749.9133027,6.390898985413367,-0.21284605179627528,0.11671246099601622,0.9982977583381514,0.05832311460323319
1769099749.9632416,6.402659316766186,-0.21142863577583731,0.1243147995517702,0.9980688507031018,0.06211738288264758
1769099750.0133114,6.410344617056679,-0.21046828697528436,0.13086876721217916,0.9978599344703681,0.06538769898683232
1769099750.0632126,6.417934303131488,-0.20956082381873958,0.12895595408499155,0.9979220153073742,0.06443330943594816
1769099750.1133337,6.429237422258817,-0.2081587245907932,0.1257346781553698,0.9980244996151404,0.06282593547213368
1769099750.1631384,6.436796491671102,-0.20720887575834637,0.1319826840628746,0.9978233614729735,0.06594345531419941
1769099750.2130795,6.444329885239542,-0.20625823391995782,0.1340313457892465,0.9977552900833926,0.06696552180491876
1769099750.2630723,6.455775452564134,-0.2047727088980034,0.1312375671606239,0.9978478600151384,0.06557170322028297
1769099750.3130925,6.463481732863876,-0.2037767491875541,0.13417677526963329,0.9977504180650946,0.06703807314451196
1769099750.3630402,6.471161865418647,-0.20277613535555905,0.1362570424216142,0.9976801498049274,0.06807583040417217
1769099750.413094,6.4827815645333775,-0.2012551399207444,0.12917089120546124,0.9979150849896455,0.06454055430586748
1769099750.4630735,6.490563484910185,-0.20025187271859873,0.12894783583813332,0.9979222768419092,0.0644292587467846
1769099750.5130913,6.4982729584564005,-0.19928025359744247,0.12707534298955006,0.9979821611281882,0.06349492948189651
1769099750.5630615,6.5094737919095955,-0.19787503623354147,0.12740361757550225,0.997971725799048,0.06365873471621694
1769099750.6131017,6.517257507967988,-0.1968858015548261,0.12663752717885562,0.9979960367581029,0.06327646177781507
1769099750.6630523,6.524761097295795,-0.1959012193287353,0.1322785606855911,0.9978135949905315,0.06609107089518029
1769099750.7130976,6.536002008000856,-0.19441163588171534,0.1375898992234701,0.9976345605932427,0.0687406976246786
1769099750.763048,6.543450399149831,-0.19339670938748774,0.13581796215655031,0.9976950711386077,0.06785679793306397
1769099750.8130944,6.550896955038555,-0.19236777519697004,0.13644023023968382,0.9976739102885277,0.06816721154337227
1769099750.8630502,6.562155872670138,-0.19082227104599347,0.1384526533833752,0.9976048146097438,0.06917104789909286
1769099750.9130704,6.569954078668665,-0.18974984635605757,0.13275507669840902,0.9977978199425065,0.06632880609494939
1769099750.9630883,6.577591742431562,-0.18862340223641655,0.1390621465153331,0.9975836886467443,0.06947506132386971
1769099751.0130763,6.588671068273797,-0.18707267838088468,0.14204119330167758,0.997479097296673,0.07096090794384294
1769099751.0631793,6.596038770214964,-0.18602856434989126,0.1381241277886939,0.9976161633806961,0.06900717760914564
1769099751.1130846,6.607262899513116,-0.18441654994954,0.13558972507262998,0.9977028083609208,0.06774294198462096
1769099751.1630719,6.61487893717154,-0.18331996109118362,0.14020240547405632,0.9975439167372498,0.07004380187073414
1769099751.2130928,6.622044755642938,-0.18229396566328576,0.13756879918290088,0.9976352857534773,0.06873017255600239
1769099751.2630856,6.633419941076908,-0.18066554849460245,0.13669314434095384,0.9976652820869347,0.06829337389818252
1769099751.3131034,6.64100731926896,-0.17954663180329813,0.14505821641669275,0.997370917052455,0.0724655353802413
1769099751.3630528,6.648493718022549,-0.17843846269515598,0.14476534169832136,0.997381518020289,0.07231948224056964
1769099751.413091,6.659857712750126,-0.1767328431361413,0.1444013243342904,0.9973946642736542,0.07213794894814089
1769099751.4630532,6.6674633904459935,-0.17556510368077807,0.15039770527054097,0.9971738984269496,0.07512799941433027
1769099751.5132852,6.674996744468166,-0.17442933849011386,0.14609920617117925,0.9973330640128892,0.07298465199384159
1769099751.563064,6.686612336601232,-0.17269600849202194,0.14259769223684018,0.997459313848278,0.07123845322101292
1769099751.613261,6.694447317900753,-0.17152275663875582,0.1450457430045905,0.9973713689793009,0.07245931506959839
1769099751.663059,6.702211381990994,-0.17038965338755382,0.14342501787503395,0.9974297598086453,0.07165105894589383
1769099751.7133286,6.713908892395447,-0.1686917750279056,0.14189942642377268,0.9974841247439571,0.07089020301693238
1769099751.7630358,6.721570806082811,-0.16755956094988575,0.14390956338470257,0.9974123714367654,0.07189270689637399
1769099751.8131084,6.728681724674683,-0.1665078484296488,0.1475580712376691,0.9972795613116207,0.0737121196961634
1769099751.8630662,6.739923436227793,-0.1648418585245157,0.14741575610726043,0.9972848039617677,0.07364115552419537
1769099751.9130988,6.747430606003152,-0.1637015104818869,0.14957276658442206,0.9972048015975601,0.07471668937239344
1769099751.9631166,6.754888926994231,-0.1625772139369975,0.15134003191949094,0.9971383901865469,0.07559782282699404
1769099752.0130935,6.766300070077622,-0.16084644554078104,0.15245056416480346,0.9970962595596585,0.07615148831203522
1769099752.0632033,6.774028315802426,-0.1596451942573724,0.15793187893437874,0.9968838099883099,0.07888389812370548
1769099752.113106,6.78170199153708,-0.15842309859629394,0.16297698969970542,0.9966816494709859,0.08139833909727319
1769099752.163276,6.793177558019658,-0.15661339084206088,0.16236895199403434,0.996706350039902,0.08109532532850558
1769099752.2131145,6.800905398447914,-0.15540998784514815,0.15496039590432512,0.9969999107531606,0.07740269994121476
1769099752.2630923,6.80863294376005,-0.15420452071916824,0.1571966193545955,0.9969127426932984,0.07851740861570336
1769099752.3131216,6.820166796775333,-0.15243800934825677,0.1554850931780352,0.9969795699504149,0.0776642588420547
1769099752.363069,6.827824288053356,-0.15127583673106665,0.16016390333069114,0.9967951538130726,0.0799963832605755
1769099752.413143,6.835445243450073,-0.15004468939424914,0.1659723611059382,0.9965586225784475,0.0828909631054394
1769099752.463061,6.846748024212846,-0.14827507455178388,0.16272603160693952,0.9966918554105544,0.08127327579387031
1769099752.5133877,6.854240918667494,-0.14704490818473162,0.16299381935831297,0.9966809644825697,0.08140672600034171
1769099752.5630662,6.861685360655527,-0.1458321683037647,0.1652270035803212,0.9965894450735668,0.0825195611231674
1769099752.6133504,6.873052519414883,-0.14398447348478466,0.1663563176062013,0.9965426909520895,0.08308227915728023
1769099752.663069,6.880652906826876,-0.14278390687193426,0.16092734926351246,0.9967645447343761,0.08037687702611886
1769099752.7134283,6.888475816680563,-0.14153298031762232,0.1585347274711302,0.9968599871806602,0.07918437950867571
1769099752.7654626,6.900172224296085,-0.1396601641189534,0.15983099355357006,0.9968084557928558,0.07983046072685697
1769099752.8131244,6.907922959883387,-0.1384387314364473,0.16043984925180435,0.9967841069875111,0.08013391327715211
1769099752.863078,6.915697092408476,-0.13720343792106487,0.15752081005802868,0.9969000022894959,0.07867900250513468
1769099752.9131184,6.927120197682411,-0.1353847516149826,0.15460434683741509,0.9970136745338063,0.07722520827163416
1769099752.9632046,6.934593689875075,-0.13419334344174158,0.15837615920589349,0.996866262112382,0.07910534408045748
1769099753.013121,6.942091960980702,-0.13299638593364219,0.15479796717362496,0.9970061936763133,0.07732172897103254
1769099753.0664468,6.953337187858216,-0.13118725426048003,0.15583130496667497,0.9969661108719279,0.07783684071763768
1769099753.1131191,6.960905497009098,-0.12994704517720604,0.1616326561535988,0.9967361375713409,0.0807283844714173
1769099753.163149,6.968448002472433,-0.12870637614756184,0.1606911515739778,0.9967740301995713,0.08025915972463261
1769099753.2131164,6.979883273643254,-0.12680389407971393,0.16069801874164746,0.9967737546171421,0.0802625822313566
1769099753.2631028,6.987569995013654,-0.12550362861770809,0.16678133675021142,0.996525012670545,0.0832940521404142
1769099753.3131247,6.99518486693218,-0.12423568842399518,0.16326191860375677,0.9966700429868647,0.08154032997579358
1769099753.367501,7.006696402192889,-0.12232980631126511,0.15820919303009354,0.9968728625969748,0.07902212233111026
1769099753.4133956,7.014484737390628,-0.1210239037793313,0.1635480396069766,0.9966583675873191,0.08168291325718177
1769099753.4630854,7.022126352436438,-0.1197622192323631,0.16182295654976117,0.996728451737574,0.08082322374675913
1769099753.5131073,7.033735629062413,-0.11782655143398243,0.1636482287828623,0.9966542744648982,0.08173284034491467
1769099753.563067,7.041241535577653,-0.11651941995473176,0.16990634144352385,0.9963936491069668,0.08485102250004274
1769099753.6131787,7.048672595555222,-0.11522657405770428,0.17456847485274476,0.9961931487561551,0.08717344992196316
1769099753.668464,7.059866072595829,-0.11326271914287667,0.17380574288310102,0.996226321300757,0.08679352941067027
1769099753.713217,7.067366990687352,-0.11192883334349071,0.17402597720246007,0.996216757803824,0.08690323049712818
1769099753.763058,7.0748952415844135,-0.11060460980900828,0.17632927678656776,0.9961160150989194,0.0880504654357338
1769099753.813169,7.082571802208869,-0.10924712898273951,0.17402702525229127,0.9962167122642293,0.08690375253951867
1769099753.8630545,7.0942630760704315,-0.10719093311712509,0.17022776570362497,0.9963799996508413,0.08501115394928765
1769099753.9131174,7.101990528611299,-0.10583020685819049,0.17476728422881135,0.9961844783847374,0.08727247576027992
1769099753.969496,7.109694995332493,-0.10448520173105473,0.17069287608915143,0.9963602029226554,0.0852428649913002
1769099754.0131335,7.121168043290618,-0.10250363683377055,0.1672751041843726,0.996504418355669,0.0835400753987552
1769099754.0632648,7.128774811460295,-0.10118775642572257,0.16959644782173058,0.9964067845412864,0.08469663346376025
1769099754.1131337,7.1362848133049255,-0.09990646023977443,0.1694501536131494,0.9964129771891251,0.08462374896625594
1769099754.1639216,7.147607697505811,-0.09794768966301258,0.1687639068483555,0.9964419549198613,0.08428185140043568
1769099754.2131345,7.155134872895292,-0.09661674316778877,0.17602422845948076,0.9961294333358252,0.08789853265014133
1769099754.2705362,7.162587148098599,-0.09529907463614629,0.17926257506296453,0.9959858046536543,0.08951132290617156
1769099754.313134,7.173820105177357,-0.09326800761613802,0.17877355114372426,0.9960076614693556,0.08926778979198212
1769099754.3630784,7.181389113623193,-0.09188394757650527,0.17952766718103566,0.9959739315316314,0.08964333611275929
1769099754.4132533,7.192471720316355,-0.08987480767423421,0.1815501488176163,0.9958827713011086,0.09065045959962847
1769099754.4644792,7.200023779878086,-0.08853980219055273,0.17742192934297552,0.9960677621616705,0.08859465662353377
1769099754.5131242,7.207848053482263,-0.08714535768817018,0.17638645532870934,0.9961134973932095,0.08807894363051968
1769099754.569533,7.215550164147657,-0.08578671488947846,0.17618246927429682,0.9961224756502141,0.08797734654153165
1769099754.6131845,7.227164225835202,-0.08372986004348287,0.17801378293595535,0.9960415010149766,0.08888941588193972
1769099754.6645043,7.234812294304306,-0.08235659649128506,0.1756924394253791,0.9961440015131472,0.08773327903010862
1769099754.713418,7.246048473743642,-0.08034335096118533,0.17401995804684578,0.9962170193413463,0.08690023230488922
1769099754.7655275,7.253422000199309,-0.0790164080233276,0.1775296854340546,0.9960629874090141,0.0886483226791698
1769099754.8132584,7.260920445427792,-0.07766913541198957,0.17398197187425066,0.9962186696652713,0.08688131105339685
1769099754.8632624,7.268391697216726,-0.07631342562856525,0.179752243834938,0.9959638593524657,0.08975517179384138
1769099754.9131222,7.279823174767949,-0.0742422356330078,0.18260236715949,0.9958349414395427,0.0911743900890085
1769099754.9632363,7.2874715376081,-0.07287072128353747,0.1844163510790571,0.9957518374081124,0.09207756674873688
1769099755.0131319,7.295159922471368,-0.07143656212628813,0.18744298374276713,0.9956113547772113,0.0935843482569914
1769099755.063367,7.306688581780529,-0.0693340645759196,0.18649194240979144,0.9956557435034202,0.09311090391920526
1769099755.113131,7.314466455836044,-0.0679659394291998,0.17934844433079591,0.9959819605997836,0.08955408510956464
1769099755.163151,7.322145527900707,-0.06662114329711692,0.17392584616628218,0.996221107410544,0.08685335428012676
1769099755.2131352,7.333566376099846,-0.06463422467056315,0.17529368657180683,0.9961614736618747,0.08753466965609728
1769099755.2632213,7.340751364228883,-0.06340311118718821,0.1747616639051285,0.9961847236305852,0.08726967632032717
1769099755.3131347,7.348429609588208,-0.06205489823964919,0.17639163399809568,0.9961132693240058,0.08808152290146154
1769099755.3631692,7.359540692375776,-0.06006103515943514,0.1825743153881798,0.9958362201431596,0.09116042261302082
1769099755.4131303,7.366939409523051,-0.058731301558001,0.18531782662967658,0.9957102334211941,0.09252638034804514
1769099755.4631445,7.374483940446583,-0.05735471774374704,0.18308159882942726,0.9958130660238387,0.09141300529028618
1769099755.5134068,7.385760303276571,-0.05527947470736884,0.18202725749643364,0.9958611179038724,0.09088802917463538
1769099755.5631518,7.393380986207501,-0.05389689030419878,0.18322769769708597,0.9958063856986249,0.09148574862699445
1769099755.61315,7.404561522713534,-0.051860281020758944,0.18145289848849697,0.9958871780172863,0.09060203452884363
1769099755.6631587,7.412353593378732,-0.05043003740343779,0.18019382809921433,0.9959440178406724,0.08997507058834883
1769099755.713477,7.420046173572404,-0.04901857096910308,0.18446262046219192,0.9957497069555354,0.09210060313573035
1769099755.7631364,7.431495209538554,-0.046902752267458894,0.18606255023052123,0.9956757111031581,0.09289713838014843
1769099755.813194,7.439133999958122,-0.045478869351859734,0.1833075825322114,0.9958027307423,0.09152552346847505
1769099755.8631344,7.446622700954319,-0.044078413857483165,0.18798390427134645,0.9955860075160918,0.09385361814106215
1769099755.9131796,7.45403865542845,-0.04270221319557667,0.18539773651380825,0.9957065357402541,0.09256616381887083
1769099755.9634004,7.464876898557099,-0.04062470775591854,0.19247761010307363,0.9953726193866654,0.0960903146801409
1769099756.0131364,7.47198207712837,-0.03923997725252149,0.19819395039524104,0.9950939116271785,0.09893486262446083
1769099756.0634117,7.483261862708411,-0.03704768155363286,0.20038781740427802,0.9949847880035259,0.1000263547350336
1769099756.113152,7.490890323723652,-0.03556977459507365,0.19590275510408534,0.9952065981705247,0.09779482071077049
1769099756.163226,7.4984188501284885,-0.034107859105492196,0.1916230478624646,0.9954135861005551,0.09566500199358645
1769099756.2131546,7.509999847002859,-0.031872291401476946,0.19253571635533084,0.9953698272425445,0.09611923332583867
1769099756.2631867,7.517708875747811,-0.03041033588104392,0.1878875072967284,0.995590529962093,0.09380563229251702
1769099756.3131711,7.525392542949147,-0.02895108524088456,0.1840611070871578,0.9957681767014417,0.09190069786833198
1769099756.3631482,7.536456874785723,-0.026844147750699533,0.18883979107899232,0.9955457523169118,0.0942796639989456
1769099756.41344,7.543640833841552,-0.025466889644660057,0.19030561223154305,0.9954763863775982,0.09500928462312952
1769099756.4631524,7.554794590952208,-0.023288234962820092,0.1892873314606873,0.9955246304136517,0.09450243509964239
1769099756.5132134,7.562214550782615,-0.021797830529764372,0.19759942544847697,0.9951232772829873,0.09863905418021113
1769099756.5631502,7.569562097493528,-0.0203340639241091,0.19737479358872112,0.9951343497433822,0.09852728536205557
1769099756.61336,7.577030149195979,-0.018827128863215546,0.19678783265073632,0.9951632227210323,0.09823522862745869
1769099756.663142,7.5883676174859795,-0.01653380683801652,0.20208079841943885,0.9948997601775936,0.10086856397593187
1769099756.7132597,7.596035462075258,-0.0149939606678662,0.202268817845131,0.9948902731564975,0.10096209377082963
1769099756.7631593,7.603748507593574,-0.013422024693631235,0.1998421989323675,0.9950120390907868,0.09975490997637358
1769099756.8134758,7.615203956220241,-0.01107409882774075,0.20040598399833556,0.9949838793933888,0.10003539247327563
1769099756.8634586,7.622866408074158,-0.009507202498493563,0.20331879811804732,0.9948371319523857,0.10148438741378693
1769099756.9131606,7.630453590427401,-0.007951398786687268,0.19909410855451884,0.9950492823280965,0.09938272354056363
1769099756.9632444,7.6419076476293775,-0.00559672074748061,0.19770198799588373,0.9951182176381821,0.09869008523964075
1769099757.0134022,7.64936801870153,-0.004052009524976246,0.20334931417361596,0.9948355833849801,0.10149956665457338
1769099757.063547,7.656852514158646,-0.0024993179261725345,0.20305086525380023,0.9948507185264697,0.10135111172240349
1769099757.1131706,7.668071496422851,-0.00013238636146465114,0.20392092626347355,0.9948065335640481,0.1017838925286433
1769099757.163239,7.675494479930985,0.001468096055265865,0.21220691551220455,0.9943763070321596,0.1059044853303402
1769099757.2134995,7.682943896323306,0.0030641078808888596,0.21016487727326166,0.9944839192090501,0.1048891530836606
1769099757.2634678,7.6942535053094945,0.005490833242249429,0.20663085255962246,0.9946677069877852,0.10313172487484881
1769099757.3133416,7.701875321991277,0.007128659994955175,0.20919701428813445,0.9945345619225365,0.10440787873311284
1769099757.3633978,7.709552310603132,0.008749860619835487,0.2065888372621677,0.9946698733233498,0.10311082922230438
1769099757.413323,7.72117142102141,0.011180929660237085,0.20296969220398223,0.9948548311964971,0.10131073410547024
1769099757.4631624,7.728873640499963,0.012805281882625762,0.20459051509530948,0.9947724011332466,0.10211694249043653
1769099757.5134075,7.7364296206116565,0.014387027805522767,0.2067246937476592,0.9946628668910923,0.10317839516097002
1769099757.5631523,7.747701156145092,0.01674903114376106,0.206990059993786,0.9946491681040038,0.10331036922793903
1769099757.613303,7.755178874754148,0.018334015044460788,0.20720906988610022,0.9946378491440219,0.10341928761190525
1769099757.6634946,7.762506847354876,0.01989312602697914,0.21306990632991032,0.9943305171637711,0.10633354426909482
1769099757.713288,7.773173991142733,0.022176755322910625,0.2132751011506486,0.9943196023842377,0.10643555944538226
1769099757.7635324,7.780718260787791,0.023813461626418276,0.21229128110201745,0.9943718388002858,0.10594643080792454
1769099757.81346,7.788236950302571,0.025448816713678508,0.2180105956509175,0.9940648029270988,0.10878955639907886
1769099757.8632834,7.7996083054776335,0.027948491041080298,0.220749695115078,0.9939148779989925,0.11015087513155719
1769099757.9131405,7.807196550403863,0.029620667257224308,0.21612952623825968,0.9941666835879123,0.10785455597151168
1769099757.963531,7.814785138613588,0.03129165897015483,0.2192275126125271,0.9939984249907828,0.10939438338344026
1769099758.0135112,7.826206784186738,0.0337985157480717,0.22077335640553208,0.9939135747735112,0.11016263377815581
1769099758.0632164,7.8338246352869305,0.0354543756661489,0.21538819838296264,0.9942065930851799,0.10748604684311101
1769099758.1134105,7.841562003715629,0.03715583872807792,0.22152665390158707,0.9938720116559846,0.11053698225881925
1769099758.1635525,7.852828262060014,0.03966201741955545,0.2271676011671514,0.9935562922665871,0.11333972868095282
1769099758.213457,7.86021672635995,0.04130008903751867,0.2255939573187778,0.9936451628910523,0.11255794180427289
1769099758.2631657,7.867596093822557,0.042978661200832505,0.22984198307167866,0.9934038471732712,0.11466820143938782
1769099758.3133469,7.878645644435043,0.04552474073252794,0.23386151548923104,0.9931713847939662,0.11666447799752766
1769099758.3631768,7.886051212857866,0.04720240124189289,0.2291213697932921,0.993445098404383,0.11431026400243259
1769099758.4135144,7.89362607092418,0.048934691170809605,0.22806793071197617,0.9935051700438873,0.11378698122398095
1769099758.4635508,7.905053942177106,0.0515303836897053,0.2276524318888678,0.993528787782358,0.1135805786555003
1769099758.5132432,7.912795450646686,0.053216064914771335,0.22080338653580447,0.9939119205623494,0.11017755744280203
1769099758.5635228,7.920550053957028,0.05495668747420738,0.2170578568848908,0.994116514148537,0.10831600203645665
1769099758.6134727,7.9319651440589345,0.05749300562790921,0.21535463651120917,0.9942083966616554,0.10746936311089096
1769099758.6635401,7.939503470850142,0.05915660370856468,0.21508525627489306,0.9942228627046474,0.10733545209005191
1769099758.713175,7.9469947548185385,0.06079858105792894,0.21117995604515888,0.9944305557473363,0.10539387931015706
1769099758.763293,7.958220931986523,0.0632510361116929,0.21127255234158898,0.9944256751401026,0.1054399194904433
1769099758.8131697,7.965587450086855,0.06487106399013051,0.21562933744017945,0.9941936263168153,0.10760591708182528
1769099758.863445,7.9730265962384825,0.06651456257059034,0.21568318272394818,0.9941907289209354,0.10763268336178917
1769099758.9132528,7.984363237321099,0.06905465815745418,0.21598108442824862,0.9941746859123538,0.10778076772352568
1769099758.963483,7.991783503051966,0.07078412328266295,0.21703974403096005,0.9941174950637305,0.10830699888840935
1769099759.0132134,7.999297433733537,0.07244104405562982,0.2151345166088604,0.9942202187129692,0.10735993993261958
1769099759.0634522,8.010657446596351,0.07499270342112817,0.21174532512465333,0.9944007227947225,0.10567498523933379
1769099759.1134315,8.018210765274485,0.0767067755052814,0.21602931068218012,0.9941720866919896,0.10780474035261671
1769099759.1631753,8.02587063534671,0.07840725624382959,0.2136491018418605,0.9942996815127073,0.1066214956926078
1769099759.2133002,8.037410508186376,0.08096610687519595,0.21441023487410477,0.9942590329398826,0.10699988512820642
1769099759.2634442,8.045085984630584,0.08271388278212335,0.22092495279149285,0.9939052217897462,0.11023797031456786
1769099759.3134134,8.05253917993343,0.08441086747682175,0.22720031435396812,0.9935544382818211,0.11335597986209167
1769099759.3634624,8.06358816102694,0.08695969009097966,0.22757710171528225,0.9935330650999709,0.11354315722692017
1769099759.4131844,8.070981655648684,0.08869017432871168,0.22731795803214133,0.9935477687557644,0.11341442236524402
1769099759.4635022,8.078325441387937,0.09041091025281209,0.23254361839509236,0.9932480450526252,0.11601000387526203
1769099759.513157,8.08576545252808,0.092164098481491,0.22692851460013708,0.9935698341706172,0.11322095488986278
1769099759.563411,8.097146068266202,0.0948519654931176,0.2267123762364221,0.9935820640646321,0.11311357994982386
1769099759.6133058,8.104385733060056,0.09657348643066786,0.2313398966012135,0.9933176870380344,0.11541218574054346
1769099759.6635745,8.115839267984315,0.09928231103682174,0.2343131416052894,0.9931450151099823,0.11688874608871856
1769099759.7131746,8.123475005676896,0.1010877034867531,0.22959283166703792,0.9934181243365928,0.11454444656798457
1769099759.7631872,8.131087820199584,0.10288026918042706,0.23148393090348998,0.9933093728053116,0.11548372135118641
1769099759.81336,8.142328391111224,0.1054994095441117,0.2309647016420273,0.9933393205942441,0.11522583981627306
1769099759.863352,8.149851057177576,0.10723291905031022,0.22615224958715865,0.9936137040634441,0.11283530962124698
1769099759.9134772,8.157367273236556,0.10899385947153528,0.23169735653364226,0.9932970435566169,0.11558971953285614
1769099759.9634693,8.168501265662965,0.11162402173583934,0.23753437739121644,0.9929554639319448,0.11848817091885708
1769099760.0135581,8.175789669941395,0.11335831016673882,0.2377073850295551,0.9929452105375481,0.11857406491532693
1769099760.0631824,8.182775344627187,0.11505275930591988,0.24082958694842937,0.9927588946047611,0.12012400752194707
1769099760.1132464,8.19399105452621,0.11777604891017475,0.2427695825935879,0.992641907556009,0.12108692482496901
1769099760.1634228,8.201449682252408,0.11956056456371168,0.23888252711806549,0.9928753684523488,0.11915747026776176
1769099760.213324,8.208977964093979,0.12138021313809547,0.23962899107864502,0.9928308259199704,0.11952803479966306
1769099760.2635598,8.22046680165712,0.12415893768121829,0.24226378812684154,0.9926724983607641,0.1208358845633149
1769099760.3131824,8.22812415654917,0.12598361359004517,0.23950403688260744,0.9928382917470099,0.1194660053775942
1769099760.3634589,8.23589849902701,0.1278626575049589,0.2386542664258709,0.9928889614691749,0.11904415228251794
1769099760.4131682,8.247082752297866,0.13060843782105758,0.24230161712262577,0.9926702126331121,0.12085466044357655
1769099760.4635336,8.254507300198348,0.13242614787535928,0.24361857203064638,0.9925904173625484,0.12150828514978702
1769099760.513321,8.261856031959834,0.1342341760856864,0.24003367484832325,0.9928066200679249,0.11972892361206262
1769099760.5632463,8.272886613687112,0.13696889508515478,0.24032401186942454,0.9927892287373233,0.11987304660827904
1769099760.6133711,8.280256344701233,0.13879761286472228,0.24270176999409093,0.992646012594988,0.12105326794131195
1769099760.66345,8.287845635431466,0.14068733074030695,0.2404183547171777,0.9927835730504834,0.1199198777564232
1769099760.713429,8.299142483707298,0.14350517774505472,0.24000945237722512,0.9928080700603072,0.11971689948845159
1769099760.7635376,8.306604293033374,0.14538347234144974,0.24431252039209939,0.9925481973761864,0.12185268107548097
1769099760.813194,8.314167986674075,0.14727117362572734,0.2398325541948141,0.9928186550277665,0.1196290860487406
1769099760.863498,8.32173381103345,0.14915038573798314,0.23886592850000463,0.992876357342824,0.11914923008414667
1769099760.9133713,8.333216472621237,0.15195446802857787,0.2397245188584699,0.9928251156635601,0.11957545612557098
1769099760.9634404,8.3407211975478,0.15376402277497422,0.23872695296854732,0.9928846343595278,0.11908023703682663
1769099761.0131736,8.348345430066436,0.15561759565824695,0.23866843275226463,0.9928881182351095,0.11905118507408204
1769099761.063448,8.359553456326895,0.15837270686363905,0.24458991304598873,0.9925312873102855,0.12199034269231125
1769099761.1134694,8.366826016173572,0.1601724347305717,0.24812792850891618,0.9923139325559328,0.12374594641999286
1769099761.163519,8.374189080265118,0.16202757535518608,0.24781252770915552,0.9923334350019518,0.12358945657792586
1769099761.2135315,8.385156638486004,0.16480546095486848,0.24853437965593675,0.992288763723578,0.12394760743125763
1769099761.2633374,8.392569607461606,0.1666697728706982,0.24861520136403314,0.9922837540846836,0.12398770656644571
1769099761.313523,8.400130559293853,0.16856835920247942,0.2414604081349842,0.9927209568391757,0.12043712821348508
1769099761.363498,8.411527265672364,0.17140375512730735,0.23875183125860688,0.9928831530263734,0.11909258766357818
1769099761.4135482,8.419096096085221,0.17327055940067784,0.2398434858148394,0.9928180011430798,0.11963451260509902
1769099761.4635797,8.426718990252581,0.17512966419198356,0.23292788633832803,0.9932257372568647,0.116200838424504
1769099761.5134459,8.438140060781407,0.17786502645640553,0.22812512969500928,0.9935019153877742,0.11381539492012445
1769099761.5635228,8.44567603473241,0.17965193789734693,0.22729411660623594,0.9935491206659449,0.11340257855942987
1769099761.6133456,8.45314437374303,0.18139509954948174,0.22257824318288766,0.9938137545228701,0.11105953953243496
1769099761.6636243,8.463854159525061,0.18383745739841142,0.22106784321479128,0.993897343277978,0.11030897980208712
1769099761.7135942,8.471265337741244,0.1854904400548729,0.21292739477236,0.9943380915189716,0.10626269220384614
1769099761.7633133,8.478703476516454,0.1871373095701569,0.21312419370065763,0.9943276305131998,0.10636053402463463
1769099761.8135192,8.489937146519521,0.18955611908311246,0.21090596843559,0.9944449847244292,0.10525764749617805
1769099761.8635397,8.497493164518213,0.19113892793839057,0.200926106929405,0.9949578303965524,0.10029414605342227
1769099761.9134886,8.505078089528574,0.19270488992374488,0.1961028281157535,0.9951968101387217,0.09789437721193726
1769099761.963556,8.516688604800402,0.1949262473466171,0.18652243369722585,0.995654323852043,0.09312608332111424
1769099762.013482,8.524398823831287,0.19638128936889482,0.17934970906344647,0.9959819039685968,0.0895547149349992
1769099762.0632977,8.532138326508493,0.19781561236226955,0.17310303739743563,0.9962567549533018,0.08644349721012455
1769099762.1135135,8.543574934597013,0.19985602115162834,0.1716720781244233,0.9963183485125473,0.08573067372434653
1769099762.1631982,8.551127258959252,0.20118837367549336,0.1713372659321526,0.9963326863890758,0.08556388275860054
1769099762.2134674,8.558756384270836,0.20252293645777744,0.1660514497059159,0.9965553439341519,0.08293037125374642
1769099762.2634678,8.569883627369997,0.2044232076229349,0.16321512427106122,0.9966719505267267,0.0815170106986874
1769099762.3135033,8.577322625587566,0.20566819570801942,0.16183733886022314,0.996727870499454,0.08083039137368885
1769099762.3636427,8.584816047475364,0.20689501218571024,0.1546860051138585,0.9970105206640844,0.07726591541638139
1769099762.413351,8.596264898747227,0.2087116474199885,0.1508152884867978,0.9971581905958831,0.07533619931709121
1769099762.4636183,8.60384217153676,0.20989388389101002,0.15018144724889126,0.9971820161137754,0.07502017554808922
1769099762.5135515,8.611597941417191,0.2110819026452137,0.14483435812129275,0.9973790218104525,0.07235390004985895
1769099762.563608,8.623318943293677,0.2127939888093992,0.13877888719447073,0.9975935183708092,0.06933377318846858
1769099762.613215,8.631212770961836,0.2139129830733203,0.1338768127357159,0.9977604612983129,0.06688842851927305
1769099762.6635478,8.638785167149829,0.21495429227903587,0.1281622268288268,0.9979475079569285,0.06403726542065921
1769099762.7135482,8.650229699211334,0.21644739985706082,0.1268166984146399,0.9979903640924341,0.06336586761538712
1769099762.7632294,8.65778806728596,0.21740334509322176,0.1208221322529513,0.9981758064283801,0.06037432783106609
1769099762.8135908,8.665296657225444,0.21834702688517849,0.11790988634922724,0.9982626606288464,0.058920797637308994
1769099762.8632205,8.676630205883441,0.21970814805211886,0.117755512332989,0.9982672055751858,0.05884374455377436
1769099762.9134915,8.684273194268199,0.22059744818617363,0.11292014844617647,0.9984065533679654,0.05643008233114722
1769099762.9635353,8.692044144400787,0.22148072581380163,0.1069122289675625,0.9985715621142128,0.0534306591460443
1769099763.013569,8.703521321858252,0.22270015123005113,0.1005434457695523,0.9987366430405538,0.05025055072420013
1769099763.063524,8.711304683033879,0.22346833695120638,0.0943983243039612,0.9988863263189979,0.047181639362536186
1769099763.113514,8.719217481752587,0.22421150312991678,0.08468962957231171,0.9991035922868506,0.04233216129033148
1769099763.1634972,8.73086672727818,0.2252251820105045,0.07943278748950076,0.9992114077020595,0.03970595318171662
1769099763.2135909,8.738609977066124,0.22587045177285262,0.0771489419343228,0.9992560973449626,0.038564905275581624
1769099763.2636056,8.746330310281657,0.22648673897336646,0.0733354093229772,0.9993278150363678,0.03665948846668455
1769099763.3132222,8.757837028321786,0.22737999714025162,0.07142596461329893,0.9993623592232007,0.035705391299331854
1769099763.3634968,8.765381082808005,0.227977158209263,0.07470628016392694,0.9993024525734988,0.03734445448242868
1769099763.4136052,8.77292625084969,0.22856249618827554,0.07322095889727098,0.9993299112471354,0.03660230165976539
1769099763.4638302,8.784232955558677,0.22941930298751145,0.07166220297635081,0.9993581347599919,0.03582343491389331
1769099763.5137098,8.79192964139297,0.23001526807519035,0.07515596265639046,0.9992940307407228,0.037569137945386626
1769099763.5632365,8.799096454131764,0.23056988406955337,0.07442216555159155,0.9993077475429842,0.037202495891636045
1769099763.6135368,8.810830862355319,0.23147786724674282,0.07323563125657342,0.999329642699183,0.03660963292254012
1769099763.6636045,8.818375482517556,0.232071621920267,0.07712377194954274,0.9992565826048699,0.03855232964214718
1769099763.7135909,8.826122244277373,0.23267717033736135,0.07792603458437614,0.9992410376651503,0.03895315963915838
1769099763.7632248,8.837323589526424,0.23358446303788108,0.07686581396731422,0.999261546733832,0.03842344621594568
1769099763.8135483,8.845143365487216,0.23423089792013146,0.08007771254865129,0.9991985520701379,0.04002815934988687
1769099763.8635123,8.852584340405224,0.23485058685883642,0.08137634946184628,0.9991723504110441,0.040676948927736004
1769099763.913544,8.863882105619858,0.23582126636424822,0.08333935271653493,0.999131944651859,0.04165761846522967
1769099763.9635432,8.8716719523183,0.2365217936005964,0.08953186587236067,0.9989981729451209,0.04475098269658771
1769099764.0135393,8.882712900749288,0.237521630448649,0.09291718405041165,0.9989209937117982,0.04644188111859312
1769099764.063398,8.890300316308673,0.23820833411758668,0.09230775015952163,0.9989350989636205,0.04613749081323846
1769099764.1133463,8.897533412935093,0.23887955194344732,0.09384804945261833,0.998899269945479,0.0469068065678026
1769099764.163545,8.909128442575236,0.23993360300466593,0.09149315287257523,0.9989538078427604,0.04573062208683757
1769099764.213246,8.916717351722783,0.24060464624260716,0.09094095595264305,0.9989663959216278,0.04545481073938822
1769099764.2635262,8.924607627503105,0.24131561515132122,0.0906738603605475,0.998972457403114,0.04532140057394008
1769099764.3135643,8.936355233868834,0.24236948002513128,0.09106790578948593,0.9989635086687758,0.04551821995826233
1769099764.3636494,8.944095360904477,0.24305469923146636,0.0897303786189189,0.9989937262039061,0.044850139411544414
1769099764.4138596,8.951834827597487,0.24374716640207186,0.089877681843189,0.9989904202092863,0.04492371678827948
1769099764.463516,8.963227006541176,0.24479696304046605,0.09217592892533323,0.9989381377443174,0.046071650284260926
1769099764.5136552,8.970711696461466,0.24549624153734345,0.09416041926551173,0.9988919316268762,0.04706281898407855
1769099764.563473,8.978221100973283,0.24620289384288063,0.09317937011646688,0.9989148969213403,0.04657283230197792
1769099764.6136844,8.989534063247604,0.24728440839830004,0.09463049680208771,0.9988808424489674,0.0472975960112284
1769099764.6635528,8.997142232908157,0.24802224939923023,0.09781445653815192,0.9988042798786301,0.04888773359577186
1769099764.713566,9.004900973687498,0.24878027904380978,0.09536852056390684,0.9988633210658111,0.04766619168108838
1769099764.7634296,9.016590786415865,0.24990890601122134,0.09396697734813475,0.9988964789155508,0.04696620497884102
1769099764.8144844,9.024424869787635,0.25067724762637494,0.09817778480683786,0.998795382249677,0.04906917970296303
1769099764.8635974,9.032158906605822,0.2514277206799661,0.09657351332101258,0.998834421065052,0.04826799452683155
1769099764.9135826,9.043744954976988,0.2525775434290499,0.09580920312360776,0.9988527939886689,0.047886281344763325
1769099764.9635425,9.051474023627497,0.25337990826204076,0.0993409130145586,0.9987666764730767,0.049650034913627565
1769099765.0135388,9.059004607260736,0.25413047395673616,0.10109671567062571,0.9987227037670098,0.05052683425976364
1769099765.0633075,9.070533505714208,0.2553427740099487,0.10169395405017312,0.998707570955166,0.050825069767113366
1769099765.1135368,9.078234910602717,0.25616552831437406,0.10572960963307518,0.9986029816038203,0.052840184821402784
1769099765.1635876,9.08530611628603,0.2569296328337689,0.10850059147959766,0.9985288135792408,0.05422368903010691
1769099765.21367,9.096654716040034,0.2581599657277028,0.10625466972951636,0.9985890750548403,0.0531023462863787
1769099765.2632637,9.104355162836299,0.25899038188889145,0.10615819205168822,0.9985916354885166,0.053054175447080264
1769099765.3135962,9.111854678816988,0.25979536910510614,0.10655521355592369,0.9985810839888049,0.05325240557705746
1769099765.363504,9.123532133323772,0.2610453059094324,0.10631558601766226,0.998587457192732,0.05313276143166021
1769099765.413654,9.131433543439181,0.26190066883624596,0.10582208430959306,0.9986005373468696,0.05288635750874984
1769099765.4633381,9.139261133601325,0.26273210662880686,0.10497610412896485,0.9986228184162309,0.052463954658635965
1769099765.5135477,9.150863621823925,0.2639689922926164,0.1053866385672653,0.9986120282479262,0.05266893808083804
1769099765.5633223,9.15848995614013,0.2647781337622437,0.10477005791475762,0.9986282181162696,0.05236107315482022
1769099765.613686,9.166114619495966,0.2656031017696689,0.10794488682341015,0.9985438412131131,0.05394624338506875
1769099765.6666481,9.177160314484238,0.26680976233125375,0.11216533722899023,0.9984277792930104,0.05605327408838589
1769099765.7132492,9.184708699065796,0.2676331663976515,0.10977553241626432,0.998494044695771,0.05486021060003058
1769099765.7634122,9.192457605848709,0.2684859428900058,0.11101653397162482,0.9984598116739254,0.05547976633034357
1769099765.8135054,9.203857692745345,0.2697113490556688,0.10716427397418939,0.9985648207193187,0.05355650120942237
1769099765.863418,9.211612439104064,0.27051033441774786,0.10074649676421094,0.9987315361812069,0.050351947699434706
1769099765.913256,9.219420786434782,0.271282228899247,0.09447853167699907,0.9988844333580666,0.04722169834868294
1769099765.9667335,9.230915294686419,0.27232828205795134,0.08420171272654754,0.999113889842873,0.04208842029636472
1769099766.0135484,9.238504488683606,0.27299366008956283,0.08041443567766968,0.9991917987051877,0.04019638541326255
1769099766.0631788,9.246324620496871,0.2736330631166659,0.07689752602057226,0.9992609373650317,0.03843929052880929
1769099766.1136687,9.25783218607214,0.27451971478753995,0.0730288686817731,0.9993334221098961,0.03650632074208854
1769099766.1633692,9.265601694044387,0.27515475950536755,0.07260622844326502,0.9993411143166785,0.03629514067060883
1769099766.2138069,9.27322210066517,0.2757505993697693,0.07389117588680709,0.9993175893939243,0.036937183540655144
1769099766.2636669,9.284555502862208,0.2765906724616417,0.07079196256439269,0.9993736276558454,0.035388590618952935
1769099766.313775,9.292128604584072,0.2771421439545561,0.06594430454610571,0.9994564678322487,0.03296617824809423
1769099766.3636837,9.299577239629139,0.27765884780174016,0.06725011621440813,0.9994347309965136,0.033618722134049504
1769099766.413633,9.31099360001567,0.27840235365919325,0.059239127461159155,0.9995613727915942,0.02961523295507921
1769099766.4635448,9.318420874694143,0.2788582092958874,0.05821842129346618,0.9995763568433957,0.02910509989133022
1769099766.5133717,9.326330515856887,0.27930639368055343,0.05781726961142453,0.9995821745164332,0.028904608438777325
1769099766.5633178,9.338082546763337,0.27995042616438465,0.05412915191977958,0.9996337767194875,0.027061271986620693
1769099766.613507,9.345614365733718,0.2803537464265916,0.05195580811493624,0.9996625932259864,0.025974982284808035
1769099766.663579,9.353373705586435,0.28076700654560116,0.05316648875400802,0.999646686366244,0.026580113562366288
1769099766.7136252,9.364721673932356,0.28137934875149334,0.05761696072810162,0.9995850644279874,0.02880449569939147
1769099766.7633226,9.372278076615167,0.2817966025599623,0.05588861667383749,0.9996095832226408,0.02794067159998739
1769099766.813492,9.3798575951995,0.2822529079544392,0.06021809349058217,0.9995467568944025,0.030104497701874428
1769099766.863285,9.391302665060149,0.2829410400332878,0.06366041104728212,0.9994934617774338,0.031824830936886435
1769099766.9136546,9.398957765213765,0.2834042504935012,0.061514442879575665,0.9995270339521687,0.030752372246386293
1769099766.963661,9.406764046010778,0.2838838722118957,0.0590293212720123,0.9995644740212559,0.02951037571109685
1769099767.013499,9.418309926985028,0.2845822708764581,0.06240732494205253,0.9995132052241839,0.03119859904673024
1769099767.063523,9.426016292045865,0.28503698860633647,0.05707310512697926,0.9995928602140297,0.028532679669727338
1769099767.1133387,9.4338228470001,0.28551196482967844,0.05431877121331724,0.9996312065570646,0.027156046790122554
1769099767.163591,9.445495370988054,0.2862123430236578,0.06025606188796263,0.9995461852045185,0.030123473290681515
1769099767.2132604,9.452846596148973,0.2866696311279584,0.06400422418120727,0.999487976111581,0.03199664995551427
1769099767.2635763,9.464489133634476,0.28744509264729673,0.06364429390967717,0.9994937182075697,0.0318167764490238
1769099767.3136039,9.472265608688556,0.28799617087968593,0.06884675071672017,0.999407574118449,0.03441657732367982
1769099767.3633516,9.479687375912732,0.28853820626392396,0.06708577113042272,0.9994374901581119,0.03353659592823784
1769099767.4135664,9.487314009160615,0.28905061376398955,0.06436040472860373,0.9994822619695101,0.03217464853439197
1769099767.4632773,9.498647483320816,0.2898971108346336,0.0726616079798226,0.9993401089295347,0.03632281218057803
1769099767.5133474,9.506244141524055,0.29047582689848983,0.0742454412266356,0.9993110309347332,0.0371141947529609
1769099767.5634785,9.514017903429398,0.2910605455724648,0.0703933686913617,0.9993806606463017,0.03518941781504077
1769099767.613568,9.525754328614898,0.2919440876085864,0.07165915379953529,0.999358189374824,0.03582191130402422
1769099767.663579,9.533655960354306,0.29251529502776075,0.06863774988692477,0.9994111652081186,0.03431213862980231
1769099767.7135298,9.541434253154232,0.29303616926304177,0.0659261366276545,0.999456767254431,0.032957099224932646
1769099767.763592,9.553053551739808,0.2937784804324988,0.05813985718849099,0.9995774993802441,0.029065834457969692
1769099767.8136003,9.560784112530474,0.29425083482527864,0.05678379832536932,0.9995969771051201,0.02838808486506373
1769099767.8636894,9.568391685011077,0.2946615897846725,0.05211140629464655,0.9996605693706796,0.02605275504603544
1769099767.9132948,9.57976654571983,0.29524599030456583,0.04858334508082614,0.9997049718306729,0.024289283584196904
1769099767.963582,9.587502434006304,0.2956229088571484,0.04539611156483538,0.9997424101913605,0.022696106819665524
1769099768.0132847,9.595087315448895,0.29597712828382927,0.042578803858135394,0.9997733892420079,0.021287793768935543
1769099768.063297,9.606592562658816,0.2964812928306594,0.042076477654041114,0.9997787044159663,0.021036686914341504
1769099768.1135752,9.614331293522145,0.29679606060531377,0.03617841199681751,0.9998363947744798,0.018088219491439655
1769099768.1633072,9.62186792930013,0.2970922564671154,0.03337074735165451,0.9998608023820984,0.01668459948055285
1769099768.2134662,9.63350263435115,0.29752424292497204,0.03462343333086549,0.9998501559754027,0.017310851971028624
1769099768.2637265,9.641445200137875,0.29780521633470325,0.03201797678684959,0.9998718588820942,0.01600830458435997
1769099768.3137207,9.649236133812817,0.2980755681236862,0.029739551381393423,0.9998894469225114,0.014869227720169924
1769099768.3635874,9.660998181935003,0.29849028556764984,0.034657502820107204,0.9998498609443907,0.017327884160582313
1769099768.413524,9.668838843204039,0.29878866985781477,0.037786405659753525,0.9998215287523317,0.018892078852009338
1769099768.4634998,9.676375898986157,0.29907757324121564,0.037006133806601456,0.9998288231413951,0.018502011125629707
1769099768.513711,9.687654458312728,0.2995570697469357,0.04098242367004934,0.9997900624648054,0.020489777856785626
1769099768.5635698,9.69529186740444,0.29987024463361395,0.04315787326730413,0.9997671837813399,0.02157726196551512
1769099768.6133027,9.702954606568023,0.3001825975547991,0.0418778812885699,0.9997807883917706,0.020937410602306163
1769099768.663568,9.71456221614315,0.3006642785628669,0.03757097810650702,0.9998235578893956,0.018784384189811057
1769099768.713469,9.7223009741762,0.30097700523600734,0.03912435226646823,0.9998086667341806,0.019560928485637126
1769099768.763691,9.730268422241572,0.30127136132134447,0.03660968722308628,0.9998324710280468,0.018303821402915508
1769099768.8134825,9.741929093771686,0.30169147471316277,0.031167824777036064,0.9998785732948205,0.015583281615700032
1769099768.8634756,9.749618812818511,0.30195956465632523,0.03403071557046283,0.9998552422923208,0.01701453674257829
1769099768.91355,9.756980848951937,0.3021848343957041,0.0325982656308907,0.9998671720753793,0.01629841114905971
1769099768.9636385,9.76854255746302,0.30253627042275144,0.029253691404662607,0.9998930295995656,0.014626324152097915
1769099769.0136223,9.776232866232668,0.30278760625158485,0.03403554954908275,0.9998552011654468,0.017016953381960718
1769099769.0636022,9.783872266607048,0.30304771788869894,0.03802469729015616,0.9998192707436054,0.019011203268733134
1769099769.1134758,9.795357433906728,0.30341602551205316,0.03454433825705556,0.999850839795073,0.017271310346558905
1769099769.163483,9.802795348689541,0.3036436172337314,0.03078034366042344,0.9998815736430591,0.015389564291420868
1769099769.2133558,9.810334278194356,0.3038782383888154,0.03308762115558302,0.9998631542870219,0.01654305592105528
1769099769.26376,9.82187096268224,0.3042200383812449,0.028188613022698844,0.9999006769062051,0.014093839878217006
1769099769.3132892,9.829436298007586,0.30441889065976574,0.023852630880622134,0.9999288823429786,0.011926032715100262
1769099769.3635604,9.837355634213683,0.3046307826723711,0.025475231886491336,0.9999188776668704,0.0127372715063416
1769099769.413594,9.849197747875007,0.30491239789072405,0.0228827377791524,0.9999345482529673,0.011441119269292891
1769099769.4637,9.857041806480574,0.3050996331297182,0.01980569768874312,0.9999509671930907,0.009902686989017395
1769099769.5137393,9.86473407401135,0.30527998420316915,0.019394551643515563,0.999952981789275,0.009697123838428696
1769099769.5633488,9.876222257333524,0.30553423482698694,0.022455319552580462,0.9999369704901049,0.011227423884001353
1769099769.6135263,9.88335784742694,0.30570415066078244,0.018745478153194793,0.9999560762026548,0.009372601847431628
1769099769.663509,9.890898105051583,0.3058917464839634,0.020854872079361826,0.9999456347814225,0.010427247075716201
1769099769.713614,9.902056884954911,0.3061614527904283,0.024871265350814523,0.999922678516437,0.012435312159899221
1769099769.7632911,9.909698342383999,0.3063517951433109,0.0230815042820854,0.9999334062591437,0.011540495959286225
1769099769.8135793,9.920907387626928,0.3066366095521984,0.023291318147438882,0.9999321900787475,0.011645395842121205
1769099769.8635502,9.928194888210326,0.3068063757464626,0.0227595282223033,0.9999352511831342,0.011379518501337305
1769099769.9136229,9.935988987834245,0.3069651100077472,0.022163310339082087,0.9999385990877073,0.011081428360700241
1769099769.9637494,9.947453146556695,0.307163955499601,0.020362217570214072,0.9999481729596328,0.010180932898920659
1769099770.0132897,9.95522191649059,0.3073221667496968,0.020151334509855866,0.9999492408941043,0.010075496777063986
1769099770.0636454,9.96311829311786,0.3074315156416226,0.02116975878925901,0.9999439806871356,0.010584681741334524
1769099770.1133106,9.97481100838618,0.30759327433912664,0.012895569420222762,0.9999792131081823,0.006447740033581724
1769099770.1636033,9.982428802598502,0.3076966381237178,0.014919644359390874,0.999972175655557,0.007459752991346491
1769099770.2136838,9.99022393609967,0.30779478552226536,0.016870104365691405,0.9999644251582666,0.008434952157393002
1769099770.263789,10.00151171368162,0.3079375102508938,0.011625285189395956,0.9999831066405976,0.005812609862974305
1769099770.313867,10.008952342768584,0.3080381806519451,0.016048423757312906,0.999967806184605,0.008024125768472999
1769099770.363783,10.016545145685297,0.3081234103351685,0.015111965524070712,0.9999714536980662,0.007555910863443416
1769099770.41359,10.028187552526306,0.3082453175079084,0.008900183868024568,0.9999900983572299,0.0044500772462623805
1769099770.4632947,10.035932323392979,0.30831363654361493,0.008881753509113511,0.9999901393230309,0.004440862157863448
1769099770.5135403,10.043829107144722,0.3083696801949457,0.011010121825105941,0.9999848471904427,0.005505033106811678
1769099770.563614,10.05562391831748,0.3084338528533821,0.005683852000189205,0.9999959617310229,0.0028419221746063725
1769099770.613379,10.063369095179947,0.30845159969107394,0.0010331252498596152,0.9999998665815303,0.000516562601956809
1769099770.6635807,10.071012837901284,0.3084723457901875,0.003250041579209922,0.9999986796540072,0.0016250200744083354
1769099770.7133024,10.082630500210426,0.30848848867375345,0.002051028900839662,0.999999474160102,0.0010255142706676868
1769099770.7636023,10.090249022640835,0.30849921415616166,-0.001415429203057756,0.9999997495700318,-0.0007077145424512288
1769099770.8133185,10.097994010493363,0.3085174362835886,0.0007673162436830461,0.9999999264032237,0.00038365811242952266
1769099770.863336,10.109535652885407,0.30853815770343934,0.0033963957365224584,0.9999985580623466,0.0016981970520293344
1769099770.9135468,10.117230064816319,0.3085618879853016,-0.0002561974273128831,0.9999999917953598,-0.00012809871330610694
1769099770.963572,10.124873856589419,0.30857972627905644,-0.002455907069234004,0.9999992460651531,-0.001227953226018
1769099771.0135756,10.135934590816841,0.30857444361842845,-0.007990675287672947,0.9999920186491729,-0.003995327014433682
1769099771.0634115,10.143628793865446,0.30851296043167864,-0.014142780219261856,0.9999749978251442,-0.007071331176155365
1769099771.1135657,10.151373621862605,0.30848127321358215,-0.017682903017699356,0.9999609146222221,-0.00884133631805875
1769099771.163434,10.162712164721471,0.30838629451076693,-0.013361020993046218,0.9999776854727431,-0.006680460805637998
1769099771.213656,10.170684847204983,0.3083302957503736,-0.014472617923652648,0.9999738180305545,-0.0072362458081093785
1769099771.2635002,10.182352609113794,0.3082258476690342,-0.01619791979943133,0.9999672036035402,-0.008098871360622152
1769099771.3133664,10.189920626301461,0.3081882253099821,-0.012275795130315544,0.9999811631658778,-0.006137859025589943
1769099771.3635144,10.197538988596698,0.3081286970012357,-0.010858519329782962,0.9999852616059491,-0.005429232992009157
1769099771.4135568,10.20875120980809,0.3080282805996442,-0.013018321129222757,0.9999788154891698,-0.0065091146000856364
1769099771.4633765,10.216243086149593,0.30797492909568025,-0.013060121420129835,0.9999786792293244,-0.006530014301356654
1769099771.5133078,10.223937055006997,0.30788840323287175,-0.013046474776680608,0.9999787237624345,-0.006523191124958559
1769099771.5633812,10.231706989742689,0.30780397431839535,-0.014151783188564979,0.999974965983524,-0.007075832548188361
1769099771.6135447,10.243424888325809,0.30765494003886035,-0.015958032979678453,0.9999681678168102,-0.007978931826488032
1769099771.6634743,10.251219592491223,0.30753090862851007,-0.016531344266445015,0.9999658395265845,-0.008265578013250438
1769099771.7135231,10.258988518663656,0.30737661109364695,-0.024748814126295225,0.9999234380018943,-0.012374091258425639
1769099771.7632465,10.270526619457788,0.3070890762837727,-0.03178902496564996,0.9998736848958072,-0.015893843238189022
1769099771.8134196,10.278369616413112,0.30686646537433737,-0.030287862519891545,0.9998853328644893,-0.015143352418448096
1769099771.8636642,10.286009530346066,0.30661902379302713,-0.034852706033410036,0.9998481649527378,-0.017425471030732394
1769099771.9137287,10.297670680158195,0.30621275655327784,-0.03953207425437499,0.999804658248208,-0.01976475006631968
1769099771.9634278,10.305284270617651,0.30594295443576663,-0.03858628165173203,0.9998138931314509,-0.019291943949007885
1769099772.0135431,10.31284655850324,0.3056517681720802,-0.042828992278750914,0.9997707184397564,-0.021412859464661628
1769099772.0632548,10.323795921609927,0.30517949412305545,-0.05011275964971269,0.9996861053380541,-0.025053758082031752
1769099772.1133275,10.331077819577262,0.30485165828469835,-0.04975204678846798,0.9996906076852953,-0.024873457857827835
1769099772.1661615,10.342603636887944,0.3042425676529687,-0.053847513292675724,0.9996375775578115,-0.026920503976531392
1769099772.2137184,10.350335290334964,0.3037800957105424,-0.0651380572412949,0.9994696760678959,-0.03256327103862907
1769099772.2634542,10.358317664247972,0.30328091910025295,-0.06627309808209612,0.9994510347933122,-0.033130485214940796
1769099772.3136027,10.370135397189534,0.302468030388179,-0.07107962381477245,0.9993685273556041,-0.035532330786075074
1769099772.3633704,10.377834237121158,0.30189701589337803,-0.07387731590674904,0.999317845344242,-0.03693025827883792
1769099772.4134662,10.385557322872984,0.30131232358231624,-0.07870705249985135,0.9992257499170134,-0.03934336923526317
1769099772.4670274,10.396935799292022,0.3003964189533853,-0.08322428474841989,0.9991343397269713,-0.04160013435493975
1769099772.5135427,10.404325917533157,0.29977666469005815,-0.08738308448144937,0.9990456763958772,-0.0436776427329178
1769099772.5635078,10.411864781566461,0.29911421406917554,-0.09116823197503446,0.9989612240772222,-0.04556833100013521
1769099772.6134992,10.42335236646261,0.2979900164446883,-0.09813884380311738,0.9987963374619097,-0.0490497326463151
1769099772.6634195,10.431009791375514,0.2972361036920141,-0.10297323744432835,0.9986748568171528,-0.05146387433180013
1769099772.7136586,10.438789862324514,0.29643749532893154,-0.10483507054487766,0.9986265155231234,-0.052393534850636476
1769099772.7661347,10.44993633139552,0.29521706109802176,-0.11178500418871297,0.9984384206957976,-0.05586340553959654
1769099772.8136306,10.457630989754666,0.2943329265486858,-0.11972194727107652,0.998208866866222,-0.05982522970831866
1769099772.8634338,10.465396161939319,0.29340023447664265,-0.12328180745367318,0.9981008009580147,-0.06160187600203075
1769099772.913591,10.476870857216083,0.2919384572614036,-0.12819760526421664,0.9979463750316669,-0.06405491832135574
1769099772.963263,10.484575064719506,0.2909247658593573,-0.13530878756132195,0.9977123142845823,-0.06760279524474491
1769099773.0134366,10.492253341642293,0.2899122147961124,-0.13205831033467544,0.997820867230776,-0.06598118609741835
1769099773.0656152,10.50366943064306,0.2883957999861686,-0.1297261137117886,0.9978971293520513,-0.06481758427259805
1769099773.113554,10.511144556968603,0.2873878998710182,-0.12692474503605577,0.9979869394021549,-0.06341978226641656
1769099773.1632648,10.518744534671198,0.2863581377360106,-0.13219492224663426,0.9978163579950182,-0.06604934305167341
1769099773.2133892,10.530110110597969,0.28484586041719195,-0.13040771368707466,0.9978749815703631,-0.06515766383125991
1769099773.2632635,10.53760457723954,0.2837909240277662,-0.13398289594119306,0.9977569120253058,-0.06694135123917234
1769099773.31332,10.545512256451875,0.2825796130980455,-0.1422988191139652,0.9974699483404553,-0.07108939553610927
1769099773.363581,10.556749484037436,0.28087732566946777,-0.15142742403716497,0.997135085907693,-0.07564139377257521
1769099773.4135811,10.564348392066183,0.27966420096004735,-0.1579257331260772,0.9968840523862612,-0.0788808347949355
1769099773.4715874,10.572090265183409,0.2783843756344127,-0.16609831638997227,0.996553400324783,-0.08295372385319928
1769099773.5134497,10.583467087202644,0.2764377095424402,-0.17446601576882603,0.9961976133048261,-0.08712241528887978
1769099773.5645568,10.59092168108138,0.27513376931430894,-0.17938081358316751,0.9959805110699479,-0.08957020469355505
1769099773.6133254,10.598418902516539,0.2737801026888936,-0.18148010571934461,0.9958859454099034,-0.09061558218663515
1769099773.664575,10.609492911502516,0.2717226603136425,-0.18663511603896737,0.9956490754392063,-0.0931821795036666
1769099773.7133334,10.617052931986949,0.27029041015274885,-0.1920694966820318,0.9953922065368255,-0.09588720021853676
1769099773.7716053,10.624631226563677,0.2688194571854769,-0.1928508176164247,0.995354671243154,-0.09627605327615386
1769099773.8133287,10.635826595260752,0.2665883516846522,-0.19751073647997536,0.9951276504025488,-0.09859492585474494
1769099773.8645585,10.643537575950312,0.26500410611162745,-0.20849568231405652,0.9945711130663534,-0.10405912287711667
1769099773.9133182,10.651164439204596,0.26339048844956636,-0.21778400490136604,0.994077121900807,-0.10867693275671804
1769099773.9633324,10.662531833986385,0.26099732187442765,-0.2180365524508597,0.9940633909290035,-0.1088024577605259
1769099774.013334,10.670146121590808,0.25932605076280685,-0.2219695806633656,0.9938475073896427,-0.11075708580219257
1769099774.063325,10.67775175360297,0.2576154186158548,-0.22978353740585267,0.9934071976787913,-0.11463917131578905
1769099774.113323,10.68845916112097,0.25516443560898405,-0.22946879420296504,0.9934252263274227,-0.11448283581528321
1769099774.1633322,10.695511411367155,0.2535319072271419,-0.2285676409213164,0.993476708775021,-0.11403521000792725
1769099774.2176116,10.706753724367472,0.2509203657426497,-0.23239436625731666,0.9932566996574339,-0.11593588135526525
1769099774.2633805,10.714145671951623,0.24918404798362154,-0.23382347115487173,0.9931736038254845,-0.11664558570430208
1769099774.3135803,10.72160286586706,0.24739312651939574,-0.23997889311385878,0.9928098991745435,-0.11970172973283459
1769099774.3635864,10.732854956479843,0.24460416087373357,-0.24424791589026798,0.9925521329742346,-0.12182061947099626
1769099774.4156356,10.740435865284663,0.24267988333393978,-0.25207604728207456,0.9920677173888639,-0.1257045906673625
1769099774.4633503,10.747963057343409,0.24075147129210595,-0.2535274079500061,0.9919762348301892,-0.12642448153787897
1769099774.5135963,10.759427744023432,0.2377722142085113,-0.25377684006168505,0.991960459952885,-0.1265481959178436
1769099774.563341,10.76711232848379,0.23574369553825417,-0.2581643823759125,0.99168045542406,-0.1287240239035776
1769099774.6134498,10.77455303142403,0.2337841057226572,-0.2592845930420009,0.991608200861558,-0.129279449194774
1769099774.6633356,10.782013175607657,0.23179878168223994,-0.259011528166293,0.991625842457529,-0.12914406130517903
1769099774.713346,10.792966597494091,0.22886570725929475,-0.2612274735836258,0.9914821457297658,-0.13024267618219257
1769099774.7635744,10.8002287573204,0.2269239400471331,-0.2619857045482026,0.9914326974638091,-0.13061855304525163
1769099774.813346,10.810819333461723,0.2241043690887392,-0.25929686413464414,0.9916074076428445,-0.12928553325038988
1769099774.8634243,10.818252655025443,0.2221167305913129,-0.2584309214304219,0.9916632916277962,-0.12885618354554979
1769099774.9133406,10.825736659020214,0.22012272588184473,-0.26188415287881606,0.9914393284518149,-0.13056821205413796
1769099774.9633415,10.836983599630477,0.21711213466301515,-0.2632085654008012,0.9913526479890677,-0.1312247207086513
1769099775.0135274,10.844532472988542,0.21506688491307457,-0.2639062906302604,0.9913068082644649,-0.1315705585931723
1769099775.0633442,10.852049956715243,0.21300237400826044,-0.2716940852849833,0.9907869720089554,-0.13542959830600376
1769099775.1133404,10.863313044288796,0.2098587455809449,-0.27739032689313253,0.9903972341477553,-0.1382509261903023
1769099775.163343,10.87077073187091,0.2077691264607605,-0.27370067953196503,0.9906505972397583,-0.13642358369618499
1769099775.2133427,10.878179232089755,0.20569100586257671,-0.27550922879384804,0.9905268278370584,-0.13731934799967027
1769099775.2633386,10.889297085376738,0.20259226255037271,-0.2757258993620854,0.9905119454938311,-0.1374266561989547
1769099775.3133602,10.896669008867852,0.20057132027121305,-0.27027645796497746,0.9908827174561633,-0.1347272810038458
1769099775.363508,10.90408724391866,0.19852811301564227,-0.2716729658935252,0.9907884020490663,-0.13541913588949653
1769099775.4133441,10.91501893693276,0.1955154286361719,-0.2735273603279903,0.9906624159333716,-0.13633773379756428
1769099775.4633465,10.922367459706509,0.19350478550693612,-0.27107408353293866,0.9908289076948145,-0.13512244697422002
1769099775.5133529,10.92985565367213,0.19142972580387765,-0.2738715883577199,0.9906389356254337,-0.1365082386631221
1769099775.5633454,10.93729812009027,0.18937906832888038,-0.2726203416474657,0.9907241444918342,-0.1358884451339523
1769099775.6135125,10.948737911365942,0.1862095822637136,-0.27256020115739504,0.9907282302427601,-0.13585865375473302
1769099775.6633465,10.956441393577412,0.18405848940534536,-0.2722853559005004,0.9907468909410568,-0.13572250399484073
1769099775.7133577,10.963899676713611,0.18197039541405097,-0.27554094855131334,0.990524649844275,-0.1373350576177702
1769099775.763362,10.974931612816508,0.17884632885223478,-0.27988267924701093,0.9902241801605884,-0.13948502796103435
1769099775.8133717,10.981962194061346,0.17682717558256553,-0.2789832893293469,0.9902868057480649,-0.1390397150503926
1769099775.8634436,10.99278408979522,0.17370486611520947,-0.280767016919749,0.9901624074291067,-0.13992286058466552
1769099775.913349,10.999962392991996,0.17164998307336077,-0.2803248310256182,0.9901933191858586,-0.1397039392418562
1769099775.963362,11.007336147770664,0.1695420763476465,-0.274388574587244,0.9906036160894259,-0.1367643074436939
1769099776.013353,11.018436828144539,0.16638223623099935,-0.2740310067055422,0.9906280515194711,-0.13658720124058527
1769099776.063356,11.02544578512747,0.16437944929628662,-0.27775736465931805,0.9903718458144531,-0.13843268045542206
1769099776.1133504,11.032864674097478,0.16224512606376487,-0.27833605767147823,0.9903317493449363,-0.13871923528984112
1769099776.1633513,11.044022167736735,0.15900752666510348,-0.2797041650475123,0.9902366262451524,-0.13939664286710216
1769099776.213354,11.051062017398618,0.15692870344018534,-0.2875481254903373,0.9896823009055671,-0.14327924928007746
1769099776.2633486,11.061838564674094,0.15374163131821406,-0.2877600481727206,0.9896671132881965,-0.14338411653948302
1769099776.3133662,11.069409691224301,0.15149666480621582,-0.28356601738484155,0.9899656157507695,-0.1413084556252737
1769099776.363519,11.07644778108062,0.1494125386788803,-0.2860602914900368,0.989788614913777,-0.14254296821333134
1769099776.4133697,11.08711000708223,0.1462852876236734,-0.28655688099576776,0.9897531917327008,-0.14278872313642804
1769099776.4633615,11.094398314182644,0.14415521151066096,-0.28162532750388475,0.9901022676136335,-0.14034778112368199
1769099776.5133898,11.104942094950001,0.14107379048941304,-0.28120188984796957,0.9901319596905387,-0.1401381546880558
1769099776.5633633,11.11215786647223,0.13896617255544338,-0.28416875490202675,0.9899229848416767,-0.14160679391238776
1769099776.6135402,11.119568738365611,0.13680431173870355,-0.2796563714469506,0.9902399570961457,-0.13937297934041454
1769099776.663355,11.127004091119959,0.13463600028830777,-0.28359846317368925,0.989963323188342,-0.1413245157143456
1769099776.7133594,11.138256669300615,0.13136326048031094,-0.2867584756396673,0.9897387939838327,-0.14288848688200312
1769099776.7633495,11.145839381300766,0.12915783118951277,-0.2845898152403621,0.9898931504014649,-0.14181519942609433
1769099776.8133662,11.15676498515215,0.1259392172257606,-0.28520081347684695,0.9898497797905401,-0.14211760428820644
1769099776.8633637,11.164260100864606,0.12370476196247646,-0.29226599535319664,0.9893415612140213,-0.14561344462172116
1769099776.9133615,11.17160844533214,0.12151007356932443,-0.2932185237878554,0.9892720985384215,-0.146084616073657
1769099776.9633899,11.182512754879115,0.11822014863945286,-0.2878841915198955,0.9896582112895822,-0.14344554655723804
1769099777.0133646,11.189855012350154,0.11600465828796327,-0.29104849595362237,0.989430020036034,-0.14501115630010503
1769099777.063353,11.197109315797329,0.11384875431907515,-0.28744557827776973,0.9896896460484512,-0.14322850451111768
1769099777.1133573,11.20810313815785,0.11059313818917031,-0.28429792471386084,0.9899138371156326,-0.14167072769984862
1769099777.1633766,11.215451535115982,0.10839831570606752,-0.2884499267767265,0.989617595595259,-0.14372548308584143
1769099777.2133827,11.222777688088879,0.10621755801420626,-0.29036158915372706,0.9894797662530167,-0.14467132464961915
1769099777.2634037,11.23380655767995,0.10290219564585804,-0.2928271896055196,0.9893006635526874,-0.1458910452845282
1769099777.3134067,11.241333753984224,0.10059871607310743,-0.2959394570379611,0.9890724398485223,-0.14743035213988764
1769099777.3633587,11.248738747289801,0.09832869946992243,-0.30050692883136537,0.9887331689261115,-0.1496887459541614
1769099777.4133596,11.256308757529903,0.09599285034872172,-0.29833770740536275,0.9888949413486546,-0.14861626753165624
1769099777.463358,11.26752739898159,0.09251878504697726,-0.29751626733066183,0.9889558976170781,-0.14821009604071964
1769099777.5133557,11.274899444641141,0.09022769481075205,-0.3011210407576855,0.988687159494226,-0.1499923353083044
1769099777.5633667,11.282249146198625,0.0879503704030255,-0.2983023742260792,0.988897566736946,-0.1485987971073373
1769099777.613508,11.293131882896763,0.08458968868798271,-0.2942743325682536,0.9891948419851603,-0.14660683677766792
1769099777.663361,11.300335893011463,0.08235496980463476,-0.29842792244103816,0.9888882366316719,-0.14866087397665373
1769099777.713355,11.307598988604429,0.0801404285836826,-0.2924568259115895,0.9893276629630489,-0.1457078422600239
1769099777.763371,11.318725271118149,0.0767975299498134,-0.2863516972426417,0.9897678354871116,-0.1426871817478997
1769099777.813369,11.326269633014556,0.07455168372757638,-0.285037904137969,0.9898613526492471,-0.1420369759302231
1769099777.8633592,11.33367815757351,0.0723817739556294,-0.28107369804591914,0.9901409399379534,-0.1400746910001453
1769099777.9133594,11.34486475705636,0.06915412527306553,-0.2790467471132117,0.9902823936735005,-0.1390711356834418
1769099777.9637067,11.352578034968236,0.06694465949651533,-0.2749585698670866,0.9905645983548839,-0.13704662157830663
1769099778.0133612,11.35995313305381,0.06484178848374202,-0.274570585547055,0.990591165685922,-0.136854457234707
1769099778.063386,11.371152990666557,0.061752822690106894,-0.2675986103716717,0.9910622187788792,-0.13340044418623517
1769099778.1134818,11.378646813026421,0.05969820751342566,-0.2624273515748523,0.9914038296436265,-0.13083748151027366
1769099778.1633744,11.386075779978016,0.05769468541283586,-0.25613869863494204,0.9918103238259287,-0.12771954256223422
1769099778.213537,11.397021504633194,0.05483188107251061,-0.24920074752835786,0.9922474112948652,-0.12427821522148853
1769099778.2633848,11.404452991743671,0.05293762000775196,-0.24477913830277057,0.9925197410409958,-0.12208424814002251
1769099778.3133504,11.411842124069658,0.051082583862179294,-0.23772241318938414,0.9929443195345171,-0.11858152598164214
1769099778.3633769,11.423050396788627,0.04832991129319955,-0.23235506412879622,0.9932589777291082,-0.11591636278164949
1769099778.4133744,11.430576054350547,0.04650104635742234,-0.2318939263813961,0.9932856780322619,-0.11568734509871802
1769099778.4633834,11.438110617843014,0.044708044460662254,-0.2251796557251718,0.9936684580388383,-0.11235210500350028
1769099778.5133789,11.44949955101752,0.042057789116526634,-0.22122130802395204,0.9938888760787541,-0.11038524361032603
1769099778.563366,11.457141914977596,0.040281850050000866,-0.22352360700549673,0.9937611476664084,-0.11152928489299503
1769099778.6133606,11.46466616070785,0.03855577522799564,-0.2210182690912502,0.9939000772081494,-0.11028434397336138
1769099778.6633832,11.476021436427784,0.035984146847312555,-0.217214741977037,0.9941080145070502,-0.10839398273359302
1769099778.7134838,11.483751682794251,0.034251080712712184,-0.21352241561501772,0.9943064332554584,-0.10655851344124762
1769099778.7633784,11.491194233520881,0.032623486412676844,-0.21118260346609077,0.9944304162354839,-0.10539519564819903
1769099778.8133588,11.501966586774072,0.030346510470429997,-0.20350819382974095,0.9948275171378176,-0.10157859590191887
1769099778.8633845,11.509507888954483,0.028817648102077712,-0.1924161792942849,0.9953755703700036,-0.09605974136229062
1769099778.9133632,11.516830553919416,0.027360069937337177,-0.18827614249436606,0.9955722830805697,-0.09399909128146965
1769099778.9634452,11.52801673015047,0.025216606226030214,-0.18526555252384494,0.9957126514479856,-0.09250035538538387
1769099779.0133336,11.535705933570085,0.02378624879126912,-0.17963613410633184,0.9959690683983997,-0.08969735109591442
1769099779.063389,11.543296401136038,0.022380620409005788,-0.17760505378855593,0.996059646062657,-0.08868585843038665
1769099779.1133876,11.554903591584397,0.020285872259581242,-0.17467767940390666,0.9961883874023921,-0.08722784420482653
1769099779.1633956,11.562705344002406,0.018909403842417353,-0.17195305640936367,0.9963062944514852,-0.08587064478825424
1769099779.2135105,11.570362636925783,0.017588149732187825,-0.16443722947496078,0.996621953277023,-0.08212601443082176
1769099779.263383,11.581794783047057,0.015668951658379258,-0.16060355621537564,0.9967775444084845,-0.08021550325835823
1769099779.3133566,11.589336623597998,0.014425440370543698,-0.15859025625589768,0.9968577882902566,-0.07921205668998779
1769099779.3633804,11.596884463156798,0.013217894174287075,-0.1512560116943349,0.997141565179694,-0.07555593286426934
1769099779.4134004,11.608266407873334,0.011464482071498288,-0.14331995474767018,0.9974335223745734,-0.07159866230210944
1769099779.4636226,11.615824011615237,0.010322274412188331,-0.14245997995137757,0.9974642166888158,-0.07116977185130743
1769099779.5133855,11.623412155324313,0.009211759724576869,-0.13742998213243227,0.997640053810314,-0.06866092799659686
1769099779.5633733,11.634690917438022,0.007626519462175724,-0.13581590829449275,0.9976951408223329,-0.06785577336900238
1769099779.613378,11.642312584551103,0.006571349621651974,-0.13324542897315453,0.9977815277127134,-0.06657344031431431
1769099779.663376,11.64990831437541,0.005514092704431828,-0.13654369915839826,0.9976703823595798,-0.06821882557248961
1769099779.713467,11.66143912230776,0.0039026627275846252,-0.14030107537465428,0.9975404599157875,-0.07009301556502634
1769099779.76338,11.669333260638366,0.0027850018254698427,-0.1403835888744816,0.997537567256808,-0.07013417078264483
1769099779.8133998,11.677000701747373,0.001691148246704171,-0.14240611515604518,0.9974661330996555,-0.07114290772255738
1769099779.8633761,11.688678468461328,3.388794799906382e-05,-0.14128841927383218,0.9975057354052618,-0.07058546474740973
1769099779.9133942,11.696449396775296,-0.0010513064472094877,-0.1381399014757233,0.9976156191008579,-0.06901504564956767
1769099779.963779,11.70384536389724,-0.0020763256593496577,-0.135573971863826,0.9977033419143266,-0.06773508347218742
1769099780.013401,11.715155846971799,-0.0036183939752357057,-0.1372937172177428,0.9976447295325199,-0.06859295616887472
1769099780.0634358,11.722730923824697,-0.004641711798580049,-0.13329357946096876,0.9977799246517346,-0.0665974621286641
1769099780.1134098,11.73020455039719,-0.005659055629890242,-0.13414272591052587,0.9977515592222139,-0.06702108675365549
1769099780.163383,11.741767518885652,-0.007222754444040171,-0.13471375401622807,0.9977323830928759,-0.0673059561094755
1769099780.213582,11.74949359735684,-0.008262314175636594,-0.13448687139569426,0.9977400119488349,-0.06719277160780664
1769099780.2633867,11.757269575071485,-0.00931057991571628,-0.13394373719931235,0.9977582225036069,-0.0669218157736537
1769099780.3134372,11.768708865380523,-0.0108445451862189,-0.13101490771832294,0.9978551539107419,-0.06546061269014847
1769099780.3633819,11.77648452940326,-0.011894986948424169,-0.1351851316472621,0.9977164921203235,-0.06754110860147591
1769099780.4134023,11.78428170464508,-0.012975319456823472,-0.14015941457630887,0.9975454221297521,-0.07002235920029223
1769099780.4635403,11.791876985962958,-0.014036899322525932,-0.14154930196028956,0.9974965196562017,-0.07071558013454148
1769099780.5133998,11.803405005286914,-0.01566833962971191,-0.13968445212663053,0.9975620229957747,-0.06978545891930177
1769099780.5634155,11.811176835566704,-0.01674684583619395,-0.13531848613927072,0.9977119864473618,-0.0676076334392753
1769099780.6134007,11.822010670520102,-0.01822502934313734,-0.13301400425663054,0.9977892244026497,-0.06645798421528251
1769099780.6633954,11.829384594145683,-0.01922429878945633,-0.1310520318646815,0.9978539386541531,-0.06547913493925936
1769099780.7133882,11.836936531969698,-0.020229137089958372,-0.1302832691470811,0.99787903389642,-0.06509557365864112
1769099780.7633932,11.84835031724329,-0.021762548780042527,-0.1323264256425798,0.9978120129816431,-0.06611495102865422
1769099780.8134468,11.85587308676459,-0.022794660662277123,-0.13549231370272105,0.9977061066439126,-0.06769434810562658
1769099780.8634224,11.863721417973293,-0.02387445112039596,-0.13638302432611749,0.9976758596642201,-0.0681386750917517
1769099780.9134293,11.875480316485115,-0.025500055828769984,-0.1360789201339715,0.9976862087594985,-0.06798697559899523
1769099780.9634025,11.883124930931993,-0.02657507163303385,-0.13915170048485737,0.9975805767629162,-0.06951973004383227
1769099781.0134041,11.890870905894557,-0.027655721516434657,-0.13699959483314364,0.9976548061063727,-0.06844624060425736
1769099781.0633826,11.902304784667608,-0.029229445546759436,-0.1345862092488207,0.9977366733252843,-0.06724232820028657
1769099781.1134048,11.909802391380234,-0.03025849185329302,-0.13228503502945393,0.9978133810371436,-0.0660943009889965
1769099781.163385,11.917352749236683,-0.031275184896983624,-0.1321811916066642,0.9978168114213782,-0.066042492721533
1769099781.2134068,11.925076791170676,-0.03232970910745008,-0.13433998033689315,0.9977449442664856,-0.06711949188326365
1769099781.26339,11.93641542675492,-0.03385248952295654,-0.1337392214957625,0.9977650605680995,-0.06681978681151791
1769099781.313414,11.944068113851284,-0.03486802237900752,-0.13405636551924824,0.9977544522756824,-0.06697800358366135
1769099781.3633916,11.951894004536388,-0.035924907426701326,-0.13410155424842532,0.9977529386955707,-0.06700054719442768
1769099781.4134102,11.963281818532055,-0.03746177477583306,-0.1349149823288432,0.9977256061107725,-0.06740634177057564
1769099781.4634488,11.970854582741781,-0.03850175106968335,-0.13852624921611198,0.997602268583887,-0.06920775763078947
1769099781.513402,11.978727705465003,-0.039586761178453694,-0.13882522250976642,0.9975919118019643,-0.06935688507496471
1769099781.563387,11.990380329216494,-0.04124159378634124,-0.14388683199490443,0.997413188482915,-0.07188137060702841
1769099781.6134005,11.998048357653758,-0.04233089693749583,-0.14255107525855687,0.9974609740380386,-0.07121520393207753
1769099781.6633806,12.005766120549428,-0.04343031672954956,-0.14272194933946183,0.9974548859813096,-0.07130042378564527
1769099781.713409,12.01719537416727,-0.04503724352515604,-0.1390043219813465,0.9975856969113167,-0.06944621888888164
1769099781.7633936,12.024542634585265,-0.04604514661869678,-0.13568971818317296,0.9976994202002224,-0.0677928236035359
1769099781.8134143,12.032041666560838,-0.04706385891580273,-0.13638100491100486,0.9976759284638467,-0.0681376677308627
1769099781.8633862,12.04335239140898,-0.048604291564743884,-0.1360429508817099,0.9976874313184871,-0.06796903257454072
1769099781.9134183,12.050873886385936,-0.04964535185528954,-0.13841253359522684,0.9976062019729198,-0.06915103603826803
1769099781.9633946,12.058722091085132,-0.050725953855383345,-0.13966686726778485,0.9975626365409378,-0.06977668792292235
1769099782.0134156,12.070376954249499,-0.052364419722979276,-0.14131706778572192,0.9975047242186625,-0.07059975326762816
1769099782.0634086,12.078050994593172,-0.05341133502936912,-0.137953206925274,0.997622057120841,-0.06892192064924962
1769099782.1134112,12.085773891919379,-0.05447428182898983,-0.1401713505687775,0.9975450042188113,-0.07002831254636804
1769099782.163393,12.097204411275195,-0.05607222897044785,-0.14108634722703792,0.9975128619885094,-0.07048468037448201
1769099782.2134128,12.10500051587769,-0.05716001520883109,-0.13908010185872288,0.9975830648822509,-0.06948401729991464
1769099782.2633932,12.112521678057066,-0.0582035863586291,-0.13991397310026732,0.9975540078136232,-0.06989993916290485
1769099782.3134284,12.124006851686731,-0.059776388299853364,-0.13759504787539012,0.9976343836289746,-0.06874326586099877
1769099782.3634028,12.131731341456819,-0.060827899766830826,-0.135944377839107,0.9976907800638858,-0.06791985994917091
1769099782.4134314,12.139205509925876,-0.061841650686384406,-0.1356778361559074,0.9976998229407044,-0.06778689625648272
1769099782.4633892,12.150518348608712,-0.06336663033333578,-0.136614193267817,0.9976679772271728,-0.06825399047265529
1769099782.513428,12.15819379604891,-0.06440302028544183,-0.1365331301752681,0.9976707428474577,-0.0682135533908168
1769099782.5634017,12.165742164173336,-0.06543452521445356,-0.13636037956069624,0.9976766310924278,-0.0681273790194801
1769099782.6134143,12.17697566269872,-0.06697908504777181,-0.13921943348663154,0.997578221800835,-0.06955351456744623
1769099782.6633706,12.184848270107139,-0.06806794752894844,-0.13969654391377534,0.9975616010620852,-0.06979149007184922
1769099782.7134414,12.192619648389272,-0.06914971471144984,-0.14122222830662529,0.997508070919063,-0.07055245177404879
1769099782.7634115,12.204075350953353,-0.0707502432399446,-0.13930949016009,0.997575088910441,-0.0695984337850044
1769099782.8134441,12.211696301710122,-0.07181122446044663,-0.13870984149825696,0.9975959113756497,-0.06929933337765135
1769099782.8634071,12.21924248732888,-0.0728585696354377,-0.13745524172361362,0.9976391865572607,-0.0686735279810731
1769099782.913429,12.230449746781789,-0.07440813667253046,-0.13743502646060274,0.9976398806330141,-0.06866344420829218
1769099782.9634275,12.237921839820283,-0.075436956198606,-0.13750812973055287,0.9976373702054314,-0.06869990953116958
1769099783.0134287,12.245594151284736,-0.07649609249738308,-0.13716169986805704,0.9976492550892154,-0.06852710281292737
1769099783.063414,12.257052657401289,-0.07807652392351778,-0.137447511172486,0.9976394519919177,-0.06866967183019079
1769099783.1134267,12.264824994788238,-0.0791514178251651,-0.13717622358261378,0.9976487574288698,-0.06853434759762476
1769099783.1634207,12.27252414966598,-0.08020120343369187,-0.1352295436285247,0.9977149920571088,-0.06756326386789836
1769099783.2134335,12.28393199078937,-0.08177842570523829,-0.1368472532752884,0.9976600168156388,-0.06837024826208672
1769099783.2633774,12.29160165903076,-0.08285672298773442,-0.13958066683678014,0.9975656430046729,-0.06973369269351408
1769099783.3134398,12.299472393235082,-0.08395904363940561,-0.13830167409649866,0.9976100334649626,-0.06909573887032512
1769099783.3634162,12.311025948640062,-0.08559108797571517,-0.13839030237211963,0.9976069705673445,-0.06913994703097162
1769099783.4134495,12.31864632413846,-0.08665619345078812,-0.13669090414900767,0.997665358581442,-0.06829225641727472
1769099783.4633994,12.326220239926718,-0.08768774948305552,-0.13249368046041085,0.9978064804704836,-0.0661983952305985
1769099783.5134194,12.337583773408328,-0.08921506622225776,-0.1293995564738148,0.9979076993757279,-0.06465464814413503
1769099783.5633824,12.344957488477775,-0.09021569503329278,-0.13218280070288732,0.9978167582866925,-0.06604329551314293
1769099783.613418,12.352632900658355,-0.0912520906454841,-0.13294561111656278,0.9977914964543507,-0.06642386320733966
1769099783.663403,12.36409477980867,-0.092807952745013,-0.13296438777872405,0.9977908728011583,-0.06643323080133035
1769099783.7134156,12.371816841073587,-0.09387737402449503,-0.1350696064378548,0.997720391806229,-0.06748347778549123
1769099783.7634096,12.379564269687204,-0.09494788255167565,-0.13652075476893485,0.9976711649135789,-0.0682073800990962
1769099783.8134322,12.391348095501344,-0.09657800148246984,-0.13795658532511493,0.9976219406965148,-0.06892360583225084
1769099783.863403,12.399070646018961,-0.09764330473640005,-0.1377531917721555,0.9976289448462193,-0.06882215054049941
1769099783.9134204,12.406666191449762,-0.09870327918069494,-0.13961887457075334,0.9975643106394486,-0.06975275004214236
1769099783.9634175,12.4180936594877,-0.10032313412933136,-0.14102357883184935,0.9975150736023863,-0.07045337419901107
1769099784.0134249,12.425760902391902,-0.10141846985916263,-0.14032256906561108,0.9975397065793749,-0.07010373597415961
1769099784.0634205,12.43320386131258,-0.1024729049428883,-0.13887643244486034,0.9975901355941552,-0.06938242836075302
1769099784.113416,12.444636351823956,-0.104056740020245,-0.13794107232188665,0.9976224752725645,-0.06891586777398427
1769099784.1633875,12.452359522057261,-0.1051177007382579,-0.1365432572262587,0.9976703974336013,-0.06821860512118462
1769099784.2134316,12.459782856673243,-0.10612953823880043,-0.1322953423239955,0.9978130403971787,-0.06609944336632667
1769099784.263414,12.471221742499955,-0.10766619731425112,-0.1338788273136789,0.9977603939218297,-0.06688943355235796
1769099784.3134224,12.479023003932559,-0.10871633522807299,-0.13503259738222181,0.9977216403853023,-0.06746501542919525
1769099784.3634126,12.486520316400611,-0.10974755448499168,-0.13803342319973347,0.9976192919885715,-0.06896193335617326
1769099784.4134362,12.497751786191632,-0.11130679577381576,-0.14040035754126223,0.9975369791934762,-0.07014253446771286
1769099784.46339,12.505624585304794,-0.11239417961853726,-0.1367746328841409,0.9976624986950514,-0.06833402298669729
1769099784.5134342,12.513295514572414,-0.11346330397700574,-0.13899922332325282,0.9975858739493381,-0.06944367571446212
1769099784.5634255,12.524754153769114,-0.11504277865859652,-0.1362541666815853,0.9976802476880913,-0.06807439586973038
1769099784.6134393,12.532280639808748,-0.11604765672554812,-0.13193103978947063,0.9978250639412253,-0.0659176893609729
1769099784.6634276,12.539781460278974,-0.11705282360883026,-0.13202463257840535,0.9978219781384629,-0.06596438390408083
1769099784.7134454,12.550969554339071,-0.11855540561599871,-0.13442578855848675,0.9977420636460643,-0.06716229918111073
1769099784.7634265,12.55824503383515,-0.11952733497502284,-0.13363339909374572,0.9977685946866001,-0.0667669937703295
1769099784.8134494,12.56549456204824,-0.12050225374326173,-0.13481514718912496,0.9977289696284971,-0.06735653764897272
1769099784.8642104,12.577082427811924,-0.12207074950258745,-0.1371519800286921,0.9976495881136496,-0.06852225431686712
1769099784.913442,12.584882690058876,-0.12312825941092596,-0.13725924724641078,0.9976459115829637,-0.06857576176607472
1769099784.9634192,12.592633125468126,-0.12417655939262259,-0.13731178285345425,0.9976441099041409,-0.06860196770920286
1769099785.0134401,12.60366596804525,-0.12569394206433324,-0.14051263909132894,0.9975330397652186,-0.07019853685628263
1769099785.0634122,12.61088570859868,-0.12669970396742491,-0.14227433263519618,0.9974708186301837,-0.07107718326742515
1769099785.1134346,12.622386918753694,-0.12833999698236817,-0.14297810779766876,0.9974457456967524,-0.07142817645334157
1769099785.1634011,12.629580006033706,-0.1293535836220718,-0.14051215726950844,0.997533056676783,-0.070198296539688
1769099785.213435,12.637201311629529,-0.13041212888225254,-0.13921401557741128,0.9975784102144887,-0.0695508121730681
1769099785.2651885,12.648484222980567,-0.13196918565490603,-0.13643638884830137,0.9976740412151569,-0.0681652953152658
1769099785.3134427,12.656009501951617,-0.1329830036049992,-0.1328235318219344,0.9977955490847267,-0.06636295824259851
1769099785.3634322,12.663483366946663,-0.13399853572647913,-0.13511231245913152,0.9977189506033542,-0.06750478210424538
1769099785.413458,12.675018209900927,-0.1355811539337678,-0.13840384333275033,0.9976065024338292,-0.06914670130774359
1769099785.464249,12.682714415866155,-0.13665223757649259,-0.1395643638873344,0.9975662114039638,-0.06972556106007402
1769099785.5134232,12.690358362493198,-0.13773154256226894,-0.14161939231862627,0.9974940408034815,-0.07075053753536029
1769099785.5641985,12.701711059969751,-0.1393374919372506,-0.1432578826212288,0.9974357440348002,-0.0715677058577723
1769099785.6134174,12.709629858952637,-0.14046137281959253,-0.14229316168248227,0.9974701494281568,-0.07108657397688037
1769099785.6692154,12.717123076088136,-0.14152187438101463,-0.1408212076054004,0.9975221973637031,-0.07035243966409076
1769099785.7134264,12.728098575251195,-0.14308380900109768,-0.14339513851608499,0.9974308301411898,-0.07163615765698848
1769099785.765286,12.735689329100254,-0.14417746824123812,-0.14404186407705977,0.9974076135270473,-0.07195868591268273
1769099785.8135102,12.746954190198855,-0.14586098069033343,-0.15200134805649054,0.9971133386459818,-0.07592753054237714
1769099785.865259,12.754436566958647,-0.14699512630380396,-0.15302138281588862,0.9970744846040613,-0.07643606577752124
1769099785.9136832,12.76173909869497,-0.14813387726290078,-0.15732756535558856,0.996907599786229,-0.07858267931586325
1769099785.9682727,12.77328278770972,-0.15000137655424445,-0.16608106334793127,0.9965541158897453,-0.08294512706125685
1769099786.0137134,12.780900371103767,-0.1512521236365554,-0.1696551190220789,0.9964042994859688,-0.08472586361835417
1769099786.0752716,12.78855847475688,-0.15256851034574231,-0.1746428887392554,0.9961899046090079,-0.08721051516357216
1769099786.1134639,12.800064744511879,-0.15465614432108432,-0.1834529400154801,0.9957960761524184,-0.09159789691606969
1769099786.1636965,12.807749737801451,-0.1561102216444964,-0.1939063677976592,0.9953037205164711,-0.09680136324489695
1769099786.2134688,12.815324943991948,-0.1575970926579301,-0.19971137304125158,0.9950185622245223,-0.09968982309465911
1769099786.2637208,12.826289809524186,-0.15981701998783296,-0.2030956148944196,0.9948484505645295,-0.10137337130309379
1769099786.3134751,12.83387910841169,-0.16136161992021875,-0.20684114284319907,0.9946568576896955,-0.10323630878165314
1769099786.3634741,12.84124250252357,-0.1628734067722294,-0.20421139780189979,0.9947917404102349,-0.10192837294677015
1769099786.413775,12.852441847799014,-0.16521021852550255,-0.20572365474950907,0.9947143850962441,-0.10268053409775835
1769099786.4634748,12.859794209487008,-0.16677730005172536,-0.21389938061297595,0.9942863311789841,-0.10674592090864862
1769099786.513455,12.867361859718363,-0.1684257570691206,-0.2179773915088071,0.9940666089220477,-0.10877305284959518
1769099786.563462,12.878596671243425,-0.1709585763826165,-0.22274169558123105,0.9938046747299062,-0.11114075978229339
1769099786.613454,12.886313880186025,-0.17275142836452684,-0.2304997254731492,0.9933660823834323,-0.11499489714849134
1769099786.6636004,12.894099122191252,-0.17458500125918733,-0.23656968898070643,0.9930125005038752,-0.11800921083983716
1769099786.7134466,12.905410616401293,-0.17734472686909908,-0.24654536475678449,0.992411539813093,-0.12296070773139532
1769099786.7634728,12.9129007716671,-0.17921266443776268,-0.25286352330066564,0.9920181458149145,-0.12609519568143343
1769099786.813459,12.92044935031164,-0.18115973205613034,-0.2603135486805024,0.991541558222288,-0.12978959248767688
1769099786.8634691,12.931424217252914,-0.18411149277591535,-0.27164284799568217,0.990790441206575,-0.13540421564220398
1769099786.9136317,12.938743789540464,-0.18613050734250589,-0.2797161951350097,0.9902357877503334,-0.13940259918120884
1769099786.9634814,12.946022203894021,-0.18820257844841815,-0.2851981119299099,0.9898499717583263,-0.14211626722525644
1769099787.0136034,12.957040744719249,-0.19146553583935313,-0.2946853535557986,0.9891646918528498,-0.1468101236007127
1769099787.0634735,12.96443234220722,-0.1936915670590202,-0.3007586099458285,0.988714324182246,-0.14981316750154003
1769099787.113451,12.97178141256129,-0.195970974312727,-0.308522679548505,0.9881252956639789,-0.15365025242079616
1769099787.1637614,12.983049533177814,-0.1996270577459007,-0.3232466157989184,0.9869673602507787,-0.16092056984614977
1769099787.2134197,12.99045850672405,-0.20213350979979447,-0.33361292191058856,0.9861200305953206,-0.16603398826349944
1769099787.2635446,12.99775576650687,-0.2048154915515785,-0.352036289670066,0.9845487612415026,-0.17511064141799823
1769099787.313464,13.00861337634944,-0.20880390240404406,-0.36590170401494354,0.983311120358732,-0.18193196689657148
1769099787.3634717,13.015813900297948,-0.21151352788259697,-0.3727553422113405,0.9826819000907827,-0.1853005214077091
1769099787.4136605,13.022897778455192,-0.2142456852018333,-0.38159260754430746,0.9818535347384115,-0.18964080869287295
1769099787.4634812,13.030024475685014,-0.21707724411147755,-0.3876545660179502,0.9812742282050818,-0.19261591071487558
1769099787.5138159,13.040686303478104,-0.22143063704800478,-0.3946181693933645,0.9805976311973621,-0.19603133854086233
1769099787.5634842,13.047677622532994,-0.22432739285164988,-0.4031302489662836,0.9797544353420355,-0.20020301303329324
1769099787.613451,13.054851096234284,-0.227378974539336,-0.4157747979645931,0.9784691244773367,-0.20639324709048565
1769099787.663751,13.065402278632192,-0.23205774757358877,-0.43075343266146565,0.9768959534245062,-0.2137154561158947
1769099787.7134244,13.072340875626212,-0.23520190550147474,-0.4418152545580726,0.9756989762328743,-0.21911528421842458
1769099787.7637632,13.079447424787585,-0.23852612835755918,-0.4518668650114476,0.974585427701347,-0.22401616930967844
1769099787.8143857,13.089991899784986,-0.24363918773062093,-0.46074148503734474,0.9735818071308053,-0.22833848739079304
1769099787.8637993,13.097078811750784,-0.24712172648823136,-0.469745797588439,0.9725439281014328,-0.23271937588657116
1769099787.9136674,13.10395742130713,-0.2505681577306194,-0.47432960580187994,0.9720080037749386,-0.23494774014120445
1769099787.9635036,13.114125558834559,-0.2558122622229232,-0.48399604825339587,0.9708611007467278,-0.23964290737856603
1769099788.0136495,13.120886755183111,-0.25937838322562395,-0.4909265819921332,0.9700248467009107,-0.24300575462913346
1769099788.0634975,13.127545538793035,-0.26297610184110165,-0.5056154880324206,0.9682139564647579,-0.25012343853957364
1769099788.115468,13.137548580741642,-0.26852842608535804,-0.5156043981173509,0.9669526555687745,-0.25495599990683665
1769099788.1634943,13.144253363049426,-0.27230255748037124,-0.5212630724544522,0.9662274297469506,-0.2576908108656605
1769099788.2136674,13.15102909765841,-0.2762091621085776,-0.5351455107587275,0.9644154791403812,-0.2643913455361747
1769099788.263503,13.160998058555792,-0.2821255408874206,-0.5500973091274205,0.9624119844913402,-0.2715937630127767
1769099788.313667,13.167605872991976,-0.2861149898146301,-0.5564387589256059,0.9615459990287925,-0.27464393630976375
1769099788.3634877,13.174154504273615,-0.2901537343264903,-0.5643211609608986,0.9604561070009436,-0.2784314395404944
1769099788.4139378,13.18391831301831,-0.29635624816193185,-0.5756502503297244,0.9588635190363837,-0.28386748996875766
1769099788.4635124,13.190255695091697,-0.3005414475276243,-0.5886754090924227,0.9569944881443346,-0.29010610069656073
1769099788.5134661,13.196528688455796,-0.3047295421248409,-0.5999454833906397,0.9553445441505226,-0.29549416569846215
1769099788.5637314,13.205593608375658,-0.31088775931280643,-0.6053179437072522,0.9545473329646174,-0.29805937182067593
1769099788.6134734,13.211919419429476,-0.315268333995613,-0.6144523922806323,0.9531760780047267,-0.3024158797410068
1769099788.6634817,13.22131740052439,-0.3219251653004441,-0.6244654858801362,0.9516500791772048,-0.3071841903516842
1769099788.713434,13.227609793547503,-0.32644042621638797,-0.6312825857546992,0.950597500320773,-0.3104261464243919
1769099788.7637553,13.233865130907839,-0.33100720161219727,-0.6409245438841716,0.9490899013691337,-0.3150053318899982
1769099788.8173916,13.243238132343963,-0.3380423386460534,-0.6533682251900516,0.9471116308411783,-0.32090428280931915
1769099788.863938,13.249109497079031,-0.3425310406311888,-0.6626860270665128,0.9456062963054911,-0.3253132834475282
1769099788.9134374,13.25522943793164,-0.34727713684691475,-0.6708511759854934,0.94427030389756,-0.32917106977559524
1769099788.9637585,13.263928790380728,-0.35427324829866774,-0.6797882715534516,0.9427899645974258,-0.3333872862818626
1769099789.0136855,13.2698734394892,-0.35907837505256646,-0.686589206863022,0.9416508432788099,-0.3365912793764959
1769099789.0635104,13.27581088629631,-0.3639322247243869,-0.6973069094104141,0.9398335885093038,-0.34163258906275995
1769099789.1154816,13.284671077819194,-0.3713281421343777,-0.7066854045906621,0.938221261583758,-0.34603592922149234
1769099789.1635096,13.2904493019954,-0.37621450688827884,-0.7111829388280508,0.937440735750414,-0.3481448936229319
1769099789.2136636,13.296220133845644,-0.3811884030871698,-0.7227013107014258,0.9354201690804469,-0.3535379856217833
1769099789.2635047,13.305045431896756,-0.38901430531709846,-0.7340702258321774,0.9333953951242148,-0.35884960131078736
1769099789.3136132,13.310805696652805,-0.39422988622759775,-0.747645416992266,0.9309381865004778,-0.3651767967919125
1769099789.363494,13.316549613150512,-0.3994993821972856,-0.7515156469915992,0.9302297848168752,-0.36697758438295647
1769099789.4165277,13.325087104279142,-0.40752798526859046,-0.759624264722841,0.9287343031405291,-0.37074599683621107
1769099789.463508,13.33069985426142,-0.41290248326467505,-0.7717719516984419,0.926465332644926,-0.3763801102703575
1769099789.5136628,13.336346192875375,-0.41834986571504174,-0.7740891666755901,0.9260286340980066,-0.3774532670816087
1769099789.5635154,13.344419078939488,-0.4263138520984062,-0.7836203659909459,0.9242193342757945,-0.38186204596792195
1769099789.6134725,13.349720835823785,-0.4316439578294696,-0.7936706168482912,0.9222887685584579,-0.3865015231417896
1769099789.663779,13.355029760014238,-0.43707339588254873,-0.8060486564761857,0.9198790546419636,-0.39220214791738117
1769099789.7175157,13.36291370823524,-0.4453293363690189,-0.8202788238340984,0.9170652430137824,-0.3987371816824612
1769099789.7637746,13.36820812696873,-0.45094643404062607,-0.826366888500312,0.9158472271939151,-0.4015269062481582
1769099789.8255055,13.373546119521482,-0.45673144678183547,-0.8396362977624291,0.9131630769086373,-0.40759440007285463
1769099789.8637087,13.381385556562746,-0.4654761653554273,-0.8492486927343996,0.9111935584690202,-0.41197851764936044
1769099789.9134758,13.38657974105728,-0.47135668221750987,-0.8581632278218151,0.9093482146411355,-0.41603584524530973
1769099789.9635208,13.391221877773003,-0.4768475961499116,-0.8704775608516439,0.906769391892116,-0.4216269321658687
1769099790.0166206,13.398611899364909,-0.48571497622271964,-0.8823626843831627,0.904247851754076,-0.42700798891606073
1769099790.063835,13.403436078408811,-0.4915787696324122,-0.8912058796385113,0.9023509611493892,-0.4310020219358298
1769099790.123526,13.408321353696845,-0.4975551060740577,-0.9031512349709887,0.8997606456236534,-0.43638375380724975
1769099790.163784,13.415481001837838,-0.5065417610773346,-0.9079199943913959,0.8987175843527744,-0.43852788232347767
1769099790.2134237,13.420244539965907,-0.5126162210237606,-0.9145083611039401,0.8972681194370355,-0.44148603810531273
1769099790.2636101,13.424972395671642,-0.5187507799211536,-0.9269822776401291,0.8944971556426548,-0.44707363884174633
1769099790.313752,13.431722606553803,-0.5277354143990248,-0.9420766871157196,0.8910975560975577,-0.45381179525984117
1769099790.3638067,13.436320083889077,-0.5339670875441563,-0.9481515325159982,0.8897150293669323,-0.45651633762506133
1769099790.4135342,13.440925433242123,-0.5403504777970666,-0.9604421441332375,0.8868928146284687,-0.4619752540563106
1769099790.4636018,13.447579714580337,-0.5498737042488095,-0.9707216145502543,0.8845066801600361,-0.4665275262535659
1769099790.5137832,13.451761193212118,-0.5559675614610611,-0.9842594299885284,0.8813285593654582,-0.47250393696434534
1769099790.563522,13.456012801103377,-0.5623191975841771,-0.9945734351057947,0.8788801468566118,-0.4770426474240018
1769099790.6138654,13.462349277202378,-0.5719952294172462,-1.0013710215852945,0.8772537043361239,-0.4800270182276707
1769099790.6638136,13.46639972362403,-0.5783584441075174,-1.0143243607482524,0.8741263505589244,-0.4856985930168384
1769099790.7136478,13.470410407575727,-0.5848060165839349,-1.0266281585619388,0.8711218597828484,-0.49106690522623425
1769099790.7635334,13.47649296503972,-0.5945525192565045,-1.0281751132649541,0.8707417701096435,-0.4917405512933877
1769099790.8135493,13.480481831140905,-0.6010125142996843,-1.0382339916947472,0.8682575885280143,-0.4961136562961329
1769099790.863977,13.484459152713443,-0.6076871082002963,-1.0509275347717306,0.8650914023293179,-0.5016142597812527
1769099790.9135287,13.49034767124195,-0.6178471239307136,-1.0623362034129424,0.8622159676570209,-0.5065408424967004
1769099790.963758,13.494244635489357,-0.6246557290658806,-1.0678907129566886,0.8608058512976631,-0.5089334793189633
1769099791.013513,13.498052140737087,-0.6315157264805965,-1.0714303250282387,0.8599037901108997,-0.5104561408709956
1769099791.0638978,13.50357779194139,-0.6416777971580228,-1.082802652494049,0.8569873671923097,-0.5153374161389732
1769099791.1135323,13.507203233616844,-0.6484642345550946,-1.0919674764416516,0.8546168894020019,-0.5192590609212772
1769099791.163812,13.510660885542183,-0.6551392586594524,-1.0988637610813217,0.8528213332491512,-0.5222028088349777
1769099791.2139494,13.515631920852089,-0.6649354435389082,-1.1085237138867314,0.8502891682364806,-0.52631580859757
1769099791.2638285,13.518845161916326,-0.6714224132138584,-1.12078346171745,0.8470469639863373,-0.5315180531285166
1769099791.3135264,13.523792046284795,-0.6817387388893155,-1.1312978211006022,0.844240985654181,-0.5359637656984443
1769099791.3639264,13.526923621393522,-0.6883770851077176,-1.1409333765122212,0.841649043549503,-0.5400248952522531
1769099791.4135785,13.530285185670317,-0.6956901183529994,-1.1478681750588253,0.8397715058639539,-0.5429399763684631
1769099791.4638836,13.534889043355863,-0.7060538074935893,-1.1606512700381741,0.8362841497847413,-0.5482962892623042
1769099791.5138462,13.537985344001259,-0.7132363647774931,-1.1762772625197724,0.8319748320414239,-0.5548133729909946
1769099791.5638068,13.542256592702705,-0.7234940071738556,-1.1879078472134947,0.8287343805975494,-0.5596421413864363
1769099791.6138544,13.545128661409676,-0.7305497824391158,-1.1919673843861502,0.8275967301635092,-0.561323126392159
1769099791.6635623,13.547776504873235,-0.7371779037034003,-1.2013152802439726,0.82496410491645,-0.5651851250691232
1769099791.7135427,13.551892677500224,-0.7478251996098665,-1.2108708340747214,0.8222543709737363,-0.5691201537589274
1769099791.763634,13.554424004528684,-0.7544985120689824,-1.2201508224594464,0.8196048148752768,-0.5729292691364819
1769099791.813901,13.557121497679674,-0.7617850629004652,-1.2254918856460164,0.8180718683778828,-0.5751160040971909
1769099791.8635297,13.560936095570893,-0.7727072277271041,-1.2428776527044108,0.8130416057963472,-0.5822055884686242
1769099791.913565,13.563430575889436,-0.7800395996703519,-1.2572544776113506,0.8088355017666704,-0.5880349743696021
1769099791.9638817,13.565910694430466,-0.7873750265872315,-1.2615560512554658,0.8075688940791121,-0.5897732456765394
1769099792.0138202,13.569441719674856,-0.7983629431869802,-1.2665233321675056,0.8061016201612513,-0.5917771353925443
1769099792.0638864,13.571770301870805,-0.8058028654641752,-1.2791577403094598,0.8023471835746965,-0.5968576019535584
1769099792.113549,13.573947512775284,-0.812971028172877,-1.2885491432524294,0.7995356830486242,-0.600618590731231
1769099792.1639578,13.577194266017168,-0.8240990196579883,-1.2970744138488988,0.796968209001667,-0.6040212528054583
1769099792.2135386,13.579320675529116,-0.8315194605778531,-1.3017440964870914,0.7955557441756423,-0.6058803990138151
1769099792.2636092,13.581379197553213,-0.8389332093046242,-1.3106400534755644,0.7928529402487152,-0.6094130086722527
1769099792.313907,13.58420941679009,-0.8495471094538601,-1.3212072923394644,0.789621981948434,-0.6135936160227117
1769099792.3635488,13.586154997824389,-0.8569908033167103,-1.323852615643997,0.7888097147434688,-0.6146374817128608
1769099792.4138513,13.588025451211246,-0.8644284170768672,-1.3306817263916302,0.7867064066694807,-0.6173273278457658
1769099792.4637463,13.59079578123317,-0.8757892091629939,-1.3416681317245196,0.7833034500892011,-0.6216395298550073
1769099792.5136197,13.592653215228,-0.8835942344676091,-1.3455747475765785,0.7820877031283889,-0.6231683758145635
1769099792.5637467,13.594417076744895,-0.8911353447964,-1.3477322336862732,0.7814150096489201,-0.6240116847426642
1769099792.613532,13.597042140025247,-0.9026861633459704,-1.3510939251809144,0.7803650389130671,-0.6253242407281261
1769099792.6635237,13.598707239536514,-0.910172426459925,-1.3558097832330782,0.7788884007542458,-0.6271625460520529
1769099792.7135317,13.600343841450576,-0.9176389327442217,-1.360942329236896,0.7772763674275921,-0.6291593189634617
1769099792.7637198,13.602690210095705,-0.9286550786076281,-1.3676174169556508,0.7751721953903947,-0.6317500039522246
1769099792.813535,13.604241268880331,-0.9361138910388352,-1.3696278878809844,0.7745367463347625,-0.6325289152103323
1769099792.8634994,13.605760241270849,-0.9435794796685693,-1.37744506667083,0.7720585405007676,-0.6355514220264357
1769099792.9135346,13.608000572923597,-0.9549531004561392,-1.3832423199614052,0.770213073364452,-0.6377866583885909
1769099792.9635277,13.609477454687084,-0.9626073918244855,-1.3839600567254506,0.7699841423066648,-0.6380630224329488
1769099793.0138192,13.610899546124253,-0.9701951501032169,-1.391778703578589,0.7674838701859471,-0.6410682561197366
1769099793.0635192,13.612975178176411,-0.9817030650429975,-1.4018601388291094,0.7642426893982996,-0.64492876482698
1769099793.113556,13.614329915271862,-0.9894054279775913,-1.4032032946494328,0.7638093971755975,-0.6454418678597247
1769099793.1635275,13.615617184236195,-0.9970171096616023,-1.4092804003835848,0.7618446649070553,-0.6477597599053654
1769099793.213551,13.617513155364747,-1.0085300828909158,-1.415209100104945,0.759921133862194,-0.6500152846738279
1769099793.2637827,13.618793875814687,-1.0162450567384178,-1.4104486082196712,0.761466175952776,-0.6482046458332862
1769099793.3135428,13.620021932993401,-1.0237895513138302,-1.4117426564313695,0.7610466125604937,-0.6486971970882854
1769099793.363523,13.621829147489775,-1.0349837536665367,-1.4154559661553103,0.7598408947204257,-0.6501090790863199
1769099793.4135406,13.62305817854648,-1.042656225012676,-1.4167109818472137,0.7594327965995608,-0.6505857571826871
1769099793.463516,13.624208792728744,-1.050084934474872,-1.4210119132903578,0.7580319793092462,-0.6522173858036189
1769099793.5137098,13.625856820516724,-1.0611759582510742,-1.4286982575882914,0.7555198037386834,-0.6551258094127121
1769099793.5635138,13.626979997444819,-1.0690181697832803,-1.4347028220485414,0.7535495291060484,-0.6573911371353074
1769099793.6135306,13.628033566463557,-1.0767168001469405,-1.4439324634585615,0.7505077736471859,-0.6608616206855595
1769099793.6635191,13.629541906698428,-1.0883890173416755,-1.4479530954904547,0.7491777173021799,-0.6623690420738994
1769099793.7135491,13.63051320420838,-1.0961748811714846,-1.4501577551275588,0.748447113129588,-0.6631944804112785
1769099793.7636805,13.63145231335375,-1.1038882679170223,-1.4563283487650878,0.7463974023028528,-0.6655005017545467
1769099793.8135407,13.632776209286869,-1.1152771935490033,-1.4615402119935437,0.7446606211228871,-0.6674433004749362
1769099793.8635645,13.63363751545614,-1.12284662013912,-1.4617274981304675,0.7445981164193243,-0.6675130298539457
1769099793.913545,13.634411963749939,-1.1299421145623503,-1.4677651127333613,0.7425796334393672,-0.6697577830835973
1769099793.9635344,13.635599335504063,-1.1413461435586412,-1.473644487111873,0.7406075493048314,-0.6719378378337476
1769099794.0138068,13.636379488240452,-1.1490261476108525,-1.4745547418960847,0.740301655294527,-0.6722748390116823
1769099794.0635138,13.637120141928143,-1.1566339626946034,-1.4795432732538507,0.7386225221346675,-0.6741192548766298
1769099794.1135707,13.638199755018128,-1.1683537589631134,-1.4871156513421255,0.7360648911408636,-0.6769109808754684
1769099794.1635273,13.638895965168576,-1.1761434119841536,-1.4881163872047947,0.7357260944642288,-0.677279199388563
1769099794.2135441,13.639522373527294,-1.183812396770421,-1.4937767483627218,0.7338063280341266,-0.679358721837787
1769099794.263661,13.640426396394725,-1.195420098651769,-1.5005287385546449,0.7315086389602624,-0.6818321722583237
1769099794.3135583,13.64101218613573,-1.2031172929246177,-1.5024989500204569,0.7308366073469829,-0.6825524546593851
1769099794.3635294,13.641569915190072,-1.2108420590628344,-1.503392579530253,0.7305315598960362,-0.682878935094548
1769099794.4135523,13.642374723933875,-1.2222539804636698,-1.5043214821379298,0.7302143171023594,-0.6832181577642201
1769099794.463523,13.642890878451826,-1.2300071992532502,-1.5062359167343164,0.7295599944283099,-0.6839168184287944
1769099794.5138655,13.643376409139178,-1.237534145812432,-1.5124316221662313,0.7274378235652784,-0.6861736025574074
1769099794.563519,13.644047284101516,-1.249132410284169,-1.520182679431136,0.7247730818285146,-0.6889876485516974
1769099794.6136355,13.644427314666586,-1.2564118809472276,-1.5245358993753275,0.7232717087731413,-0.6905635635395052
1769099794.6635306,13.644798551462614,-1.2642239824995924,-1.5316715270204584,0.7208033084080987,-0.6931396616757256
1769099794.7135668,13.645255661142256,-1.2755284836103198,-1.5388140594701472,0.7183233308700042,-0.6957094165869989
1769099794.7635972,13.64553330507378,-1.283420288354741,-1.5408821045793346,0.7176035677534358,-0.6964518070531083
1769099794.8135614,13.645775681374523,-1.2912881145753723,-1.5483235078944555,0.715007317229206,-0.6991169689749303
1769099794.8635154,13.64605574072611,-1.3025476359310717,-1.5529708095199939,0.7133808846902857,-0.7007765074248032
1769099794.9135528,13.646217368662999,-1.3101388903446598,-1.5547833256172705,0.7127455074759257,-0.7014227267296699
1769099794.9635289,13.64637382876979,-1.3214519083492178,-1.5613847459731973,0.710426435980312,-0.7037714679214494
1769099795.013719,13.646444815366156,-1.328994158875705,-1.56731352473036,0.7083370649004357,-0.7058743531877582
1769099795.063501,13.646529325858364,-1.3365105467004517,-1.565460331308137,0.7089908215784476,-0.7052177074616872
1769099795.1137395,13.646591136342728,-1.3480014290551317,-1.569188651019965,0.7076749518961346,-0.7065381535761559
1769099795.1635132,13.646611874940309,-1.3557970419301626,-1.5749827858812033,0.7056250963304227,-0.7085853677777165
1769099795.2135704,13.646605672517158,-1.3636684794816678,-1.5756519418321722,0.7053879797823462,-0.7088214147291124
1769099795.2636933,13.646557250016256,-1.371489408776172,-1.581369579628527,0.7033587079751937,-0.7108350919274218
1769099795.3135695,13.646417951352065,-1.3832581708128913,-1.5882178440144281,0.7009205960850349,-0.7132393132629463
1769099795.363659,13.6462879960247,-1.391128659547644,-1.5947725818391922,0.6985792875751092,-0.7155326540215009
1769099795.4135733,13.646141059341454,-1.3986695203592556,-1.5976410734746125,0.6975523197004831,-0.716533852152482
1769099795.4635038,13.645855633206388,-1.410207475568908,-1.5999700726597452,0.696717443549073,-0.7173456655298368
1769099795.5138314,13.64564540718472,-1.417949584181777,-1.5999788333643958,0.6967143013156346,-0.7173487173908287
1769099795.5635083,13.64543080623728,-1.425565035542773,-1.6022745854627842,0.695890415082751,-0.718147986278564
1769099795.6137793,13.645078324720124,-1.436999997613738,-1.6053191784668213,0.6947963750141287,-0.7192065053009644
1769099795.6635492,13.644799418743762,-1.4448160792755433,-1.6071786186703254,0.6941274140813304,-0.7198521605307339
1769099795.7135723,13.644489531029063,-1.4524285301096476,-1.617099944898326,0.6905479440786219,-0.7232866215607673
1769099795.7636306,13.643952353984478,-1.4639323933896073,-1.6236112950789752,0.6881895023008205,-0.7255309841233171
1769099795.813576,13.643564846146521,-1.4713635871959974,-1.6270630702804085,0.6869362930423757,-0.726717640697678
1769099795.8635304,13.643113940457413,-1.4792730426962089,-1.6348875043093163,0.6840879662510747,-0.7293995163355049
1769099795.913545,13.642350382509225,-1.4911952445882324,-1.6433582511835247,0.6809925604420953,-0.732290333558022
1769099795.963538,13.641828470550129,-1.498947679946215,-1.6436072137276223,0.6809013987339109,-0.7323750987043482
1769099796.0135465,13.641274297772666,-1.506596735278635,-1.6482804118701775,0.6791882745594066,-0.7339640915610355
1769099796.0635185,13.64044803516003,-1.5175502656000934,-1.6534298536192553,0.6772962727476286,-0.7357103770657105
1769099796.113553,13.639880364640424,-1.524944241546664,-1.6536569560072365,0.6772127275895746,-0.7357872801229228
1769099796.1658337,13.638956791168397,-1.5362202809699652,-1.6549589673408256,0.6767335824302847,-0.7362279934986669
1769099796.2135673,13.6383433362946,-1.5435092919827458,-1.6600961364273326,0.6748402882487949,-0.7379638103296687
1769099796.263538,13.637635753280426,-1.5514252775690691,-1.6657489186153944,0.67275182121008,-0.7398682227657304
1769099796.313599,13.636538663470459,-1.5630163387532612,-1.669869706022349,0.6712259744710912,-0.7412527849494623
1769099796.3635209,13.635760407646671,-1.5708748077297938,-1.6748313734777254,0.6693849859065862,-0.7429157022454428
1769099796.413594,13.634950907753261,-1.5786029311336258,-1.6826382505243762,0.666479967852219,-0.7455229389171772
1769099796.4648514,13.633641887542995,-1.5901466839796947,-1.693357422792511,0.6624747202255191,-0.7490842710016812
1769099796.5135577,13.632804683786688,-1.5973873908522722,-1.6967348281949253,0.66120879559995,-0.7502019252316429
1769099796.5635202,13.63185934461949,-1.6051252093728041,-1.7014592184567017,0.6594348291526617,-0.7517617349269646
1769099796.613543,13.6304053787384,-1.616498028194885,-1.705037434237131,0.6580887916241568,-0.7529403311940841
1769099796.6635332,13.629442095197868,-1.6241315540423442,-1.7039634605879797,0.6584930157607235,-0.7525868376435689
1769099796.7135358,13.628438976203844,-1.631811253366428,-1.7046014001847012,0.6582529297948322,-0.7527968387397225
1769099796.7635372,13.62690437148232,-1.6431993806815388,-1.7080542023599647,0.656952320210993,-0.7539321249087301
1769099796.8135512,13.625862695367362,-1.6507974060279134,-1.7150051467897374,0.6543280877049251,-0.7562107865141939
1769099796.8635397,13.624845969948808,-1.6579898865169158,-1.716682987070795,0.6536934570662588,-0.7567594493554495
1769099796.9135425,13.62313178203672,-1.6695571986528905,-1.7207723477053298,0.6521447605400202,-0.7580944606710959
1769099796.9635534,13.621950923292848,-1.6774420649179271,-1.724660381692437,0.6506697806609955,-0.7593608078736828
1769099797.0135453,13.620738495490759,-1.6853733061094338,-1.7241204144762463,0.6508747719152269,-0.7591851100254149
1769099797.0635397,13.618961315995094,-1.696930968091404,-1.723232180429562,0.651211874746127,-0.758895970597838
1769099797.113544,13.617845116395099,-1.7042368969103392,-1.7250694538575877,0.6505144503667866,-0.7594938774368083
1769099797.1635396,13.616709759240749,-1.7117958931213135,-1.7188214010846408,0.6528839510622914,-0.7574579502819226
1769099797.213542,13.615070264684157,-1.722811257657563,-1.7153806184554308,0.6541861083131326,-0.7563336140157453
1769099797.2635324,13.613969753600403,-1.7302475154333823,-1.718208406888738,0.6531160790561253,-0.757257807670778
1769099797.3135543,13.612843931392632,-1.7378847463825036,-1.7152885237653992,0.6542209347744374,-0.7563034896804729
1769099797.3635375,13.61122712619621,-1.748852278679386,-1.7133971429259975,0.6549358710876027,-0.7556844611097433
1769099797.413585,13.610063230598792,-1.75671414300052,-1.7164804307676402,0.6537700969117941,-0.756693240609392
1769099797.4635599,13.608935383002072,-1.7644533985080169,-1.7117205904185393,0.6555691132384497,-0.7551351784732008
1769099797.513564,13.607329974970787,-1.7755248988858612,-1.711125072129213,0.6557939325784291,-0.7549399433023257
1769099797.5635464,13.606167452563092,-1.7832335937134747,-1.7175968235604906,0.6533476116417289,-0.7570580548161736
1769099797.6135497,13.604481585959435,-1.7943701018517177,-1.7228996429755024,0.6513380464110546,-0.7587876839389467
1769099797.6635494,13.603319494176477,-1.8021042200436856,-1.7188567142773294,0.652870576831246,-0.7574694778722348
1769099797.713556,13.602167868290154,-1.8097120309774004,-1.7196955306636192,0.6525528305144613,-0.7577432305125297
1769099797.7635489,13.600469530109631,-1.82107688041592,-1.7192990607274146,0.6527030288968902,-0.757613856835278
1769099797.8135736,13.59933918050883,-1.8288157973815533,-1.7147060880164788,0.6544411561245006,-0.756112936782877
1769099797.8635488,13.598264189230475,-1.8361790681435939,-1.7123482142882607,0.6553321105313565,-0.75534086669961
1769099797.9135482,13.596692908902119,-1.8470764827801438,-1.712666301113332,0.6552119702545458,-0.7554450834012729
1769099797.9635556,13.595594925285097,-1.8547944737890385,-1.7109376200430673,0.6558646872315348,-0.754878475016132
1769099798.0135574,13.594492639111792,-1.8624351074570216,-1.7097874813680551,0.6562986862233545,-0.7545011825447981
1769099798.0635457,13.592879184938921,-1.8736844617582398,-1.7134303919450842,0.6549233081135641,-0.755695348992956
1769099798.1135485,13.59174236477592,-1.8816525748667547,-1.712781775336615,0.6551683519453518,-0.7554829121887613
1769099798.1635497,13.59063156883349,-1.8893942934372305,-1.711047206417048,0.6558233240495698,-0.7549144107993786
1769099798.2135627,13.588984531456859,-1.9009201175943995,-1.7111291862517128,0.6557923796193382,-0.7549412923090151
1769099798.2635465,13.587891250923597,-1.9085876351608613,-1.7127608899158941,0.6551762411988628,-0.7554760704142319
1769099798.3135643,13.58682525022551,-1.9161056427397394,-1.709941605150986,0.6562405409864459,-0.7545517559225589
1769099798.3635466,13.585263310249331,-1.9271833847217807,-1.707317693052102,0.6572299146733228,-0.7536901480439404
1769099798.4135852,13.584198151823417,-1.9348292863216006,-1.708828519631988,0.6566603796492747,-0.754186413162469
1769099798.463556,13.583144985810796,-1.9424002123474093,-1.706161673640226,0.657665445081221,-0.753310136893245
1769099798.513561,13.58156275950305,-1.9538839983338334,-1.7023698600312147,0.6590924680634823,-0.7520619113756444
1769099798.5635633,13.580508515433568,-1.9614547652281993,-1.7065517095007643,0.6575185235922407,-0.7534383791213983
1769099798.6135511,13.579443519799264,-1.969228465186721,-1.7047874266397245,0.6581829068838768,-0.7528580617127574
1769099798.663561,13.57785961759202,-1.9807120559800886,-1.7039456721111332,0.6584997094214458,-0.7525809808199192
1769099798.7135694,13.576750009589743,-1.988454174887774,-1.7089292560075908,0.6566223918134365,-0.7542194869991108
1769099798.763561,13.575649936397426,-1.996248599667428,-1.7090652587012185,0.6565711023543959,-0.7542641364622432
1769099798.8135896,13.574018163292717,-2.007904418942413,-1.706625044848883,0.6574908963173147,-0.7534624882897981
1769099798.8635616,13.57293993992048,-2.0155485715683055,-1.706713445836787,0.6574575922609042,-0.7534915489761611
1769099798.9135716,13.571956952469705,-2.022771469089833,-1.703422811323043,0.6586964344587097,-0.7524088032654739
1769099798.9635751,13.570457480822208,-2.0340110758052696,-1.7002831997189594,0.6598767580690372,-0.7513738511289152
1769099799.0135887,13.569491478131683,-2.041083020042097,-1.7004546536716594,0.6598123426359955,-0.7514304176071126
1769099799.0635617,13.56804949878541,-2.0518961833404927,-1.7017935435783371,0.6593091535231121,-0.7518719572378247
1769099799.1135821,13.567028504134262,-2.059701320410307,-1.6969453191683945,0.6611298365713487,-0.7502715103181925
1769099799.163562,13.56601153343476,-2.0673537731124023,-1.6972532243476832,0.6610143224950039,-0.7503732840769792
1769099799.2135751,13.564476413994273,-2.079150301917935,-1.6993035801184118,0.6602447091735577,-0.7510505469063479
1769099799.2635689,13.563468921566843,-2.0870082311807034,-1.69907259960035,0.6603314437924005,-0.750974290065275
1769099799.313575,13.562476431681372,-2.0946639237096103,-1.697203632873288,0.6610329283505488,-0.750356893508881
1769099799.3635573,13.56097547284753,-2.1061841635273857,-1.6995689998068055,0.6601450315587035,-0.7511381612648623
1769099799.4135914,13.559967045328703,-2.113888839387425,-1.7024956735966634,0.6590451569641581,-0.7521033712742473
1769099799.4635608,13.55898593644107,-2.1214183806409825,-1.6989612657528201,0.6603732471978137,-0.7509375302815909
1769099799.5135722,13.558012804822162,-2.1289744918774254,-1.6995796647601444,0.6601410261225974,-0.7511416814621621
1769099799.5635633,13.55656372383428,-2.140348318642881,-1.6988872361941467,0.6604010425323996,-0.7509130861971441
1769099799.6135705,13.55560106647256,-2.1479313036484595,-1.6968641389831067,0.6611602896168282,-0.7502446743788268
1769099799.663568,13.55464191567451,-2.1554126455234193,-1.6972116804707398,0.6610299090600854,-0.7503595533662614
1769099799.7135813,13.553185770612263,-2.1668620926805833,-1.6999549433471735,0.6600000708076965,-0.7512655366339093
1769099799.7635677,13.552195872607731,-2.1745946815325436,-1.6995201064881693,0.6601633941801668,-0.7511220226997221
1769099799.8136032,13.551182432888298,-2.1822987117683836,-1.701411184091231,0.659452884161432,-0.7517458969433548
1769099799.8635738,13.54962999076276,-2.194041956910848,-1.7035502446470214,0.6586484921442547,-0.7524507716761939
1769099799.913575,13.548603234037657,-2.201871841262065,-1.7029922681853717,0.6588583914183385,-0.7522669872177294
1769099799.963579,13.54758896870479,-2.2095502067845185,-1.702412161656466,0.6590765611954883,-0.7520758515487184
1769099800.013579,13.546146621648926,-2.2205420594239555,-1.7030038011470305,0.6588540534742239,-0.7522707864995055
1769099800.06357,13.545160745155837,-2.228122057308314,-1.7023362914718563,0.6591050907881011,-0.752050848877394
1769099800.1135807,13.54417459681334,-2.235625428348139,-1.7018103614492843,0.6593028310570294,-0.7518775012993714
1769099800.163573,13.542685989631973,-2.2469175403625465,-1.7024677600480682,0.659055653836971,-0.7520941730564882
1769099800.2135763,13.541748244721967,-2.254172000385656,-1.703786392933474,0.6585596425730006,-0.7525285357872629
1769099800.2635708,13.540320146878623,-2.265293409441063,-1.697992984931715,0.6607367289947401,-0.7506177289122149
1769099800.3136034,13.539329462902659,-2.2730003673862154,-1.6981441187299577,0.6606800052540737,-0.7506676565947658
1769099800.3635757,13.53832876074829,-2.2808081216237954,-1.6991319894581645,0.6603091433731128,-0.7509938982294504
1769099800.4135852,13.5368579592245,-2.2924343565299363,-1.697608014728947,0.6608811994831805,-0.7504905330313452
1769099800.4635785,13.535858916431854,-2.300140241387323,-1.7003874622700268,0.6598375870951293,-0.7514082503249998
1769099800.5136118,13.534826518154366,-2.30791837058005,-1.7037324777043665,0.6585799287079146,-0.7525107823168238
1769099800.563579,13.533292618027266,-2.3195108418613435,-1.7046032464639351,0.6582522348579664,-0.7527974463987592
1769099800.6135802,13.532304740263703,-2.3271160923468885,-1.6993344929948033,0.6602331005283313,-0.7510607518481753
1769099800.6635776,13.53133468153894,-2.3346981368937696,-1.6965261842726398,0.66128705453791,-0.7501329425512355
1769099800.71359,13.529921855784377,-2.3458979498414765,-1.6976703620691556,0.6608578036177698,-0.7505111347591701
1769099800.7635784,13.5289844641871,-2.353356579629108,-1.695011961941234,0.6618547989796323,-0.7496320597917558
1769099800.8136027,13.528024241055668,-2.360914316457391,-1.6980884267725673,0.6607009080734987,-0.7506492590223841
1769099800.8635712,13.52656094408503,-2.372362852954372,-1.700957659580144,0.6596233348002544,-0.7515963385933913
1769099800.9135804,13.525550115937596,-2.3802203401683615,-1.697766531813012,0.6608217146219854,-0.7505429111543586
1769099800.963572,13.524540156584742,-2.387950346121311,-1.6980060662792074,0.660731819434934,-0.7506220505595355
1769099801.0135815,13.523068298242746,-2.3993467465037464,-1.7004342253276543,0.6598200178411099,-0.7514236781311575
1769099801.0635784,13.522062769157348,-2.4071538798922014,-1.6998557570403914,0.6600373276230481,-0.7512328042253114
1769099801.1135895,13.521108528076473,-2.4146613913052257,-1.6949197186392995,0.6618893725438847,-0.7496015331584259
1769099801.163579,13.519647122864077,-2.426084620429075,-1.7001549644567404,0.6599249330240162,-0.7513315398499172
1769099801.213597,13.518667829243727,-2.433742014872629,-1.6986397697431401,0.6604939503750498,-0.7508313668980281
1769099801.263574,13.517728204753276,-2.4411238017087626,-1.6943069306723173,0.6621190148718821,-0.7493986990548412
1769099801.3138802,13.516283738244438,-2.452574695764244,-1.694964320664309,0.6618726555061311,-0.749616293775197
1769099801.3636081,13.515339282149583,-2.4603385340437693,-1.6899413066429387,0.6637532326688559,-0.747951633544338
1769099801.413889,13.514416381662212,-2.4680284122644762,-1.6869638568024756,0.6648659909548991,-0.7469626590878289
1769099801.4635992,13.513102798163775,-2.4790108099695294,-1.6867262514335277,0.6649547274318066,-0.7468836659521293
1769099801.5138392,13.512185898388113,-2.486828830929737,-1.6863334452175842,0.665101404879108,-0.746753052372628
1769099801.5636094,13.51127222893351,-2.494494299799117,-1.6858679650287314,0.665275186239871,-0.7465982363852093
1769099801.6136646,13.509857161918273,-2.5062293882290367,-1.6916892200095344,0.6630993019357116,-0.7485314394014269
1769099801.6636226,13.508896767163556,-2.514042227506347,-1.6936715769549793,0.6623570480824269,-0.7491883213555411
1769099801.7136245,13.507936721820819,-2.5219825567418477,-1.6910192760023688,0.6633500018050832,-0.748309277708887
1769099801.7641728,13.506621523852,-2.532939365463579,-1.6858284477242855,0.6652899378849099,-0.7465850912984351
1769099801.8136466,13.505741422480275,-2.5404049147340557,-1.6854635313308752,0.6654261473795179,-0.7464636912694764
1769099801.8636162,13.504952155152187,-2.5474988691955143,-1.681332695883593,0.6669664862843863,-0.7450877171001141
1769099801.9136407,13.503705807318884,-2.558743893421869,-1.6775557952352154,0.6683723573065019,-0.743826856189362
1769099801.9636722,13.502878692033851,-2.566342789214452,-1.677680564464626,0.6683259526541019,-0.7438685508938976
1769099802.0136423,13.502075393721485,-2.5741735250707465,-1.6738597172388838,0.6697458362337779,-0.7425904085345552
1769099802.0636861,13.500923308967584,-2.585734120119563,-1.6651515654981188,0.672972772494099,-0.7396672545689755
1769099802.113635,13.500160801870143,-2.5936449187208575,-1.664928798797455,0.6730551549363388,-0.7395922920187993
1769099802.1691701,13.499132213790748,-2.6048104365030653,-1.663738455183649,0.6734952201831784,-0.7391915775970476
1769099802.2136343,13.498458889511644,-2.6125519582723316,-1.657152852613448,0.6759255755651153,-0.7369698883244603
1769099802.263695,13.497777518738415,-2.620419440223229,-1.6557226753931815,0.6764524014755081,-0.7364863532598672
1769099802.3136463,13.497149932054139,-2.628113868369162,-1.652140908995693,0.6777702770266586,-0.735273725614622
1769099802.3635871,13.49625863202282,-2.6396722543822673,-1.643493659034651,0.6809429799511253,-0.7323364377492638
1769099802.4136493,13.49573929004507,-2.647425792771445,-1.6325860338417693,0.6849268588570651,-0.7286118294511791
1769099802.470198,13.495243980446746,-2.6549771399805215,-1.6292610854483238,0.6861372101577728,-0.7274721498702945
1769099802.5136352,13.49456597226059,-2.6663212551014346,-1.6272637269748025,0.6868633792054541,-0.7267865562229839
1769099802.5635824,13.494146541967213,-2.6739029566341057,-1.623476626083427,0.688238354005116,-0.7254846435840863
1769099802.6136413,13.493751508211897,-2.681638072408748,-1.6167853531169512,0.6906617055487457,-0.7231779922595112
1769099802.6641934,13.493199394058331,-2.6932170445432995,-1.613250784454235,0.6919386874484877,-0.7219562679359907
1769099802.7138746,13.49286481294315,-2.7010815497471388,-1.6119439844209313,0.6924102659471792,-0.7215040011052998
1769099802.7711687,13.492566508050993,-2.709125126909879,-1.6059877228479797,0.6945559254670575,-0.7194387162216107
1769099802.8139088,13.492188568431898,-2.720914197431458,-1.6014361777521242,0.6961914043334172,-0.717856203241474
1769099802.8635833,13.491962721381626,-2.7286054206225376,-1.5952204112433495,0.6984190517827832,-0.7156890582556352
1769099802.9138901,13.491793885208123,-2.7362982315597906,-1.5871848892227507,0.7012888745668846,-0.7128772085069858
1769099802.9651937,13.491608890117988,-2.7475852818030733,-1.5795958621781556,0.7039888415937355,-0.7102110326596669
1769099803.013903,13.491497595227242,-2.755202574387276,-1.5725508203830214,0.7064862020280377,-0.7077268161826276
1769099803.072234,13.491426213038967,-2.762769570198268,-1.569962232359968,0.707401616600575,-0.7068118227865838
1769099803.1136782,13.491429092239434,-2.7743617964562133,-1.5677295206918003,0.7081902291389393,-0.7060216705966869
1769099803.1662204,13.491437988164693,-2.782157361088123,-1.5647093209333134,0.709255584494309,-0.704951428017304
1769099803.2136357,13.491478365329266,-2.789750411172553,-1.5651934812606831,0.709084908956708,-0.7051231040675502
1769099803.2636447,13.491570763211167,-2.801291898474099,-1.5601455464052518,0.710862356234169,-0.7033311527930534
1769099803.3136625,13.491652677419852,-2.808985910884419,-1.5560479990545293,0.7123018296645482,-0.7018732816232122
1769099803.3636713,13.491766293169823,-2.8167554535695736,-1.5522999592771134,0.7136159025997377,-0.7005371821372236
1769099803.413646,13.491993973130597,-2.828598728985952,-1.5461529985021683,0.7157656159941905,-0.6983405923762824
1769099803.4638052,13.49220488893225,-2.8364929998448525,-1.5377141432579267,0.7187058332540162,-0.6953142636582759
1769099803.5136487,13.492506103218952,-2.8442834743759096,-1.5265605669693427,0.7225722574466714,-0.6912954019581073
1769099803.5638494,13.4930284015107,-2.855737525698439,-1.5124486707792502,0.7274319743847423,-0.686179803435452
1769099803.6136491,13.493430005607074,-2.863192844408778,-1.5071124234820252,0.7292601955229512,-0.6842364848689574
1769099803.6638677,13.493938880673083,-2.870668105898903,-1.4984545416327957,0.7322153725344444,-0.6810731592305227
1769099803.7136257,13.494805106861909,-2.8820510208291568,-1.4827504268805187,0.7375405709230038,-0.6753028255846184
1769099803.7636046,13.495429872625424,-2.889338727128708,-1.475128490330024,0.7401087665169079,-0.672487184803414
1769099803.8136992,13.49618097280385,-2.8970475223790864,-1.468584885872755,0.7423050463475309,-0.6700621002317546
1769099803.8636172,13.497499768027366,-2.9085421168725607,-1.4499995617295873,0.7484995672824691,-0.6631352786407585
1769099803.9136574,13.498390373525705,-2.91587898069402,-1.4354082861499684,0.7533175993086565,-0.6576568973042421
1769099803.9636693,13.499405680679422,-2.923352848539597,-1.417295679765371,0.7592425660797979,-0.6508077487649971
1769099804.013599,13.501007791669526,-2.9341163859128683,-1.4050040967736652,0.7632279310922206,-0.6461293409223021
1769099804.0636578,13.502210322143421,-2.9413570731256358,-1.384609954315462,0.769776763848062,-0.638313194160676
1769099804.1136863,13.503598120289762,-2.948514611943602,-1.3612625019188747,0.777175637654872,-0.6292837422305959
1769099804.1636703,13.505816958114249,-2.9588855456014858,-1.3356020666032404,0.7851852972197594,-0.6192608893107315
1769099804.2138102,13.50739547628051,-2.9656371554518466,-1.3158035523412746,0.7912769479555727,-0.6114579230283257
1769099804.26367,13.509176376797289,-2.9722894896486225,-1.2926277529771568,0.7983091769454329,-0.6022478376920133
1769099804.3136709,13.511931036646372,-2.98182260382256,-1.2682856532730247,0.8055798566146674,-0.5924872105089628
1769099804.3636792,13.513939128137528,-2.9882750634920536,-1.240633370508939,0.8136944105861872,-0.5812928747032751
1769099804.4193258,13.51731636921566,-2.997982769808459,-1.2081726689435228,0.8230214125568682,-0.5680103471530227
1769099804.4636717,13.519606640278507,-3.004149728053246,-1.1863603887240453,0.8291671439819328,-0.5590007579072185
1769099804.513599,13.522127975023439,-3.0100180274655335,-1.1557444436839643,0.8376268288816066,-0.546242890606133
1769099804.5636718,13.526139017770888,-3.0191205727359454,-1.1298999627651298,0.8446153801256897,-0.5353735701873381
1769099804.6136029,13.52893101075221,-3.0251606516787404,-1.103468058335765,0.8516168859036651,-0.5241647447546847
1769099804.663986,13.531785122247225,-3.0310013176357233,-1.0796494813754283,0.8577987753110659,-0.5139856623241893
1769099804.7163167,13.536284989687209,-3.0393878100269816,-1.0532790360490405,0.86450103123231,-0.5026310446025718
1769099804.7639601,13.53957905244307,-3.045144133516243,-1.0239085926924016,0.8717887986183974,-0.4898819149585859
1769099804.8233247,13.54299782501025,-3.0508241820964592,-0.9891203463164799,0.8801775563864441,-0.4746445714780566
1769099804.863937,13.548354168028688,-3.0589940383737186,-0.9663557606138535,0.885522967458121,-0.4645956027602539
1769099804.9136841,13.552129099852461,-3.0641502519986257,-0.927925226052755,0.89428627254347,-0.44749532147309246
1769099804.9637573,13.555785950017722,-3.0690324571696204,-0.8955262189946234,0.9014178190402786,-0.4329502460060133
1769099805.0136783,13.561596192264991,-3.076373147412536,-0.8632522051062813,0.9082866735497891,-0.41834832215733675
1769099805.0636728,13.56575057425925,-3.081371883591191,-0.8345472719300615,0.9141972488484607,-0.4052695278427748
1769099805.1136687,13.569999246045143,-3.0861900533940783,-0.8069982111267366,0.919692742285623,-0.392638841414283
1769099805.163664,13.576636105198999,-3.0931164976616454,-0.7771735889515803,0.9254454204561231,-0.37888094931889826
1769099805.2136743,13.581187102814757,-3.097619874189785,-0.7431044123994115,0.9317649209675611,-0.36306216004193365
1769099805.2636566,13.58582514802465,-3.1019913447579457,-0.717159439831118,0.9363962076442268,-0.350944642799274
1769099805.3137305,13.593074410516385,-3.1082762585922006,-0.6854011981444371,0.9418506138277097,-0.33603187532192
1769099805.3636591,13.598051771205117,-3.112345310582069,-0.6560541396315619,0.9466798161730189,-0.32217592344962576
1769099805.4139705,13.605500276427618,-3.1179871614658934,-0.623003259880014,0.9518744111712284,-0.3064883445702744
1769099805.463657,13.610810190999397,-3.121789280163349,-0.5919630341657477,0.9565163153572945,-0.29167882757461966
1769099805.5138607,13.616188234653094,-3.1254448787615927,-0.5650772940309111,0.9603507727528052,-0.27879453594554165
1769099805.563677,13.621487887892027,-3.1288512544214857,-0.5379562464822286,0.9640429597742551,-0.2657464425155939
1769099805.6138203,13.629591971286494,-3.133648412705801,-0.5095276949790288,0.9677228370922022,-0.25201688548630846
1769099805.6637025,13.63536063605976,-3.1368679375021777,-0.47755968460235443,0.9716272864132071,-0.23651726426903316
1769099805.718608,13.64424604804571,-3.1414025268260075,-0.4398994466324189,0.9759084199589443,-0.2181805579176036
1769099805.763697,13.65019727996678,-3.1442630637004108,-0.41862820884727636,0.9781736663774369,-0.20778902378548014
1769099805.8136466,13.656289508276416,-3.147004087792026,-0.3942909108047696,0.9806296945392765,-0.19587088141887068
1769099805.8636997,13.665475771950335,-3.1507615442895682,-0.3659181239994411,0.9833096266655545,-0.18194003986711624
1769099805.9136152,13.671788299544026,-3.1531751450895897,-0.3368502717277999,0.9858499837914688,-0.1676299778033769
1769099805.9636848,13.67808239436358,-3.155413456607916,-0.30909182989443884,0.9880815306067204,-0.15393144212239598
1769099806.013647,13.687698482108875,-3.1584252836602174,-0.2798972912583281,0.9902231610557569,-0.1394922625407751
1769099806.0638032,13.694222834360238,-3.1602846302055347,-0.25197798599244847,0.9920738795735304,-0.12565594879640304
1769099806.1136208,13.700365937499752,-3.1618974158099356,-0.22472507968366975,0.993693968659813,-0.11212625316628837
1769099806.1648438,13.709845076108543,-3.1640484478349817,-0.19564115976908755,0.9952193809919186,-0.09766464917288309
1769099806.2266872,13.715892055535422,-3.1652916917338003,-0.16498077127911295,0.9965995970113108,-0.08239686424186851
1769099806.2638135,13.725743728324828,-3.1669798742264565,-0.14995330617398267,0.9971905672177918,-0.0749064259717335
1769099806.313677,13.73272791307466,-3.168026131639809,-0.1264059830522805,0.9980033557164685,-0.06316092129369227
1769099806.3638813,13.739424843216788,-3.1689178491198304,-0.10546278094797043,0.9986100223550574,-0.05270695639127506
1769099806.4137058,13.749894662829988,-3.170032390259423,-0.0844017023365884,0.9991096762244485,-0.042188326284386034
1769099806.46365,13.756748058621897,-3.170663786226939,-0.0724362458554708,0.9993441954782623,-0.036210205245271396
1769099806.513921,13.764214728678633,-3.1712561279202824,-0.05962593772018426,0.9995556263590962,-0.029808552696747558
1769099806.5636733,13.775276341581892,-3.1719683887820627,-0.05181099078232591,0.9996644714191864,-0.02590259798164702
1769099806.6136541,13.78298092682795,-3.172428151644758,-0.04379125159202603,0.9997603003620987,-0.021893876310196816
1769099806.6636777,13.794455976467443,-3.1730056919599594,-0.041178279973321116,0.9997880511447809,-0.020587685351222552
1769099806.7138531,13.802393219759841,-3.1733924576309245,-0.04421756277211833,0.9997556108478034,-0.022106980307933993
1769099806.763629,13.809875248779957,-3.1737695837964055,-0.04519991282043785,0.9997446318546832,-0.02259803260781473
1769099806.8140092,13.821475325666492,-3.174400392168659,-0.0523351325832493,0.9996576487730306,-0.026164580057322338
1769099806.8636289,13.82867436888746,-3.1748618540579314,-0.06696692073168521,0.999439481312326,-0.033477204096948744
1769099806.9139595,13.836273811467054,-3.1754047847343325,-0.07547097717842996,0.999288100933219,-0.0377265335444535
1769099806.9636283,13.847245157869253,-3.1763460860200463,-0.09440475571052093,0.9988861745916808,-0.04718485148432799
1769099807.0137825,13.854850000206207,-3.1771299271886524,-0.10954980963346682,0.9985002299362029,-0.05474751882368581
1769099807.0636714,13.86219128904345,-3.1779958758481794,-0.1299007098269447,0.9978914671003921,-0.06490469850655675
1769099807.113629,13.873224819040676,-3.179526657857964,-0.15347437253363969,0.997057146653357,-0.07666189605968711
1769099807.1636949,13.880352618597076,-3.180637212596291,-0.1678936847033578,0.9964785325614455,-0.08384828050823886
1769099807.219577,13.890767678381836,-3.182519683257278,-0.19581524766830702,0.9952108761049141,-0.09775127662843798
1769099807.2637098,13.897890800723363,-3.183946949985372,-0.21485486111230662,0.9942352208921792,-0.1072209193090586
1769099807.3136523,13.904984462055342,-3.1855153892081094,-0.24006368340760895,0.9928048235099192,-0.11974381994674366
1769099807.3637753,13.915474191444043,-3.188124424164126,-0.2646941419340747,0.9912549023335246,-0.13196104955536866
1769099807.415428,13.922172020355633,-3.189919897735592,-0.2835860532658108,0.989964200081395,-0.14131837303480313
1769099807.463951,13.92895752883084,-3.1918716073876165,-0.3020108245896306,0.9886203312741526,-0.15043217937457662
1769099807.520444,13.93573064965013,-3.193953451799119,-0.3292079218520765,0.9864833283273554,-0.16386165790746476
1769099807.563986,13.94565243934285,-3.1973211212976045,-0.3492578785603187,0.9847910758027597,-0.17374273227747722
1769099807.613701,13.951817254929084,-3.199548151512721,-0.37254098079245485,0.9827017550877097,-0.1851951958003636
1769099807.6637414,13.961374438088583,-3.2033294682815145,-0.39749508544417333,0.9803146339351986,-0.19744168377649526
1769099807.7137063,13.967665363654387,-3.2060025481582883,-0.4247958416570692,0.9775282330180218,-0.2108045389754785
1769099807.7636647,13.973557381236997,-3.208633381446845,-0.44995405700982594,0.9747992318984501,-0.22308396959484056
1769099807.8136945,13.982312975223852,-3.212916495178149,-0.48148225238638137,0.9711615404630837,-0.2384224450956125
1769099807.8636634,13.987751149399227,-3.2157324401373133,-0.5047187616015043,0.9683260052903481,-0.2496893018902429
1769099807.9205403,13.9935163575304,-3.21890431943138,-0.539766856329401,0.9638019831905891,-0.2666190863345822
1769099807.9637086,14.001685200969204,-3.223840010311315,-0.5697430841391536,0.9596977616437187,-0.2810341728260748
1769099808.013903,14.006923180712,-3.2272074129047224,-0.6057893392167512,0.9544770545263578,-0.29828434820266425
1769099808.068495,14.011827572322094,-3.2305695062164004,-0.6416326370258219,0.9489783153301943,-0.31534133416516524
1769099808.113876,14.018551598597204,-3.2356573163800846,-0.6789656213205095,0.94292701540338,-0.3329994648981796
1769099808.1636448,14.023043895866964,-3.239323647808561,-0.720731788793859,0.935767865864344,-0.3526166490903273
1769099808.2138722,14.029060444587726,-3.244759298876477,-0.7702373192316349,0.9267538624456967,-0.37566910764924843
1769099808.2636905,14.033057259142307,-3.248676140962258,-0.816695221737459,0.9177782281896536,-0.39709334401505664
1769099808.3143022,14.036723942375362,-3.252557092372026,-0.8626777280892916,0.9084068018266924,-0.4180874099934131
1769099808.3637228,14.041568693028845,-3.2583487247368454,-0.9128546892529626,0.8976328492002609,-0.4407439937612555
1769099808.4137168,14.04462245516858,-3.262358773251039,-0.9657579956274193,0.8856617873959315,-0.46433091470054405
1769099808.463721,14.047392251749683,-3.2663175926113577,-1.0149242868272699,0.8739806196088692,-0.4859607767588832
1769099808.5137079,14.051138821043638,-3.272491116505444,-1.0692929072275081,0.8604488279633921,-0.509536862706149
1769099808.563722,14.053404913835328,-3.2766785391993722,-1.1232623065551157,0.846387538160832,-0.5325674936062529
1769099808.6137044,14.055500443278712,-3.2810048709100803,-1.1776897276548266,0.8315827973213679,-0.5554008023033176
1769099808.6639833,14.058049277795238,-3.2873264292025794,-1.2384968993980743,0.8143149039205974,-0.5804233259034206
1769099808.7137055,14.059593665555285,-3.29177254558482,-1.2931116342958984,0.798163445343272,-0.6024409635124073
1769099808.7638035,14.06089093354014,-3.2961608952321972,-1.3450691591146509,0.7822452115074089,-0.6229706486454472
1769099808.8137202,14.062387572876581,-3.30296586538984,-1.4044569598716254,0.763404663133097,-0.6459205216639605
1769099808.863865,14.062928905389006,-3.307467493901647,-1.4727989541090616,0.7408915559202789,-0.6716246737323074
1769099808.9137275,14.063369706837822,-3.3119511801048724,-1.5300547981750534,0.7213633822839951,-0.6925567635218032
1769099808.9655776,14.063419581656072,-3.3186106762879763,-1.6004079451334918,0.6965603738918741,-0.7174981850315808
1769099809.0137098,14.063290688147841,-3.322962205853833,-1.6554206588166893,0.6765636093058657,-0.7363841949437943
1769099809.0636754,14.063058277767976,-3.3273196611590024,-1.7073645695933373,0.6572122492991472,-0.7537055521695163
1769099809.113707,14.062236884393547,-3.3334635781367177,-1.766960042603261,0.634465103774861,-0.7729515069472048
1769099809.1636777,14.061453665580702,-3.3377385692378136,-1.8222080581492863,0.6128737405414919,-0.7901808515489857
1769099809.2137127,14.060454598392408,-3.3419406111848353,-1.8770057757274816,0.5909963686532935,-0.8066742169169785
1769099809.26463,14.05845331633822,-3.3481348577472705,-1.9395108198222928,0.5655012731189346,-0.8247474220031634
1769099809.313707,14.056833086171391,-3.35236424282547,-2.000551010004319,0.5400704559003013,-0.8416198088588699
1769099809.363688,14.055062076509499,-3.356361673149032,-2.058149357501123,0.5156119014296411,-0.8568222494217281
1769099809.4156113,14.052109097206483,-3.3618215842905537,-2.1243644892396274,0.4869672262627792,-0.8734202428075132
1769099809.4637136,14.049989022483727,-3.36527059504266,-2.1835588538426385,0.46090694770972224,-0.8874484692380213
1769099809.5137825,14.047704781616746,-3.3685786774204702,-2.245504929313873,0.4332033043727,-0.9012962315912421
1769099809.5636556,14.043866251126165,-3.373324546609251,-2.3100787407206553,0.40388251799616165,-0.9148108611385636
1769099809.6140401,14.041176386628328,-3.3763135995283386,-2.367922566355248,0.37725921901544357,-0.9261077052200017
1769099809.6637335,14.03665808783675,-3.3806445487179375,-2.4292913185510034,0.34866905424604755,-0.9372459072256153
1769099809.7137187,14.03337433494849,-3.3834660363381843,-2.4885089808067864,0.3207695281146704,-0.9471572782981144
1769099809.7637188,14.029841059784351,-3.386213549953873,-2.5441747733896602,0.2942865640801552,-0.9557172271136984
1769099809.8178003,14.026023859669246,-3.3889095734496038,-2.59734910350249,0.26877573978738745,-0.963202783271385
1769099809.8637366,14.020006098446705,-3.392555437878783,-2.644502532736615,0.24599398886797785,-0.9692713538740435
1769099809.9137516,14.015505454040818,-3.3950286522854434,-2.692572891861495,0.22262857010854012,-0.974903338681034
1769099809.9639204,14.008615726215089,-3.398291180249865,-2.741723420255705,0.19860525035107532,-0.9800795654093533
1769099810.0137382,14.003749014649088,-3.4003616472585274,-2.7876224298910333,0.17606258557934806,-0.9843789747648589
1769099810.0639942,13.998788901127513,-3.40225758136299,-2.8260397371995856,0.15712267344212255,-0.9875790932833685
1769099810.1137362,13.991070154032856,-3.404724833448874,-2.8695514413358745,0.1356015607045077,-0.9907634514527177
1769099810.1640167,13.985997641961449,-3.4061353636021585,-2.9132499255936803,0.11392348641074604,-0.9934895264893439
1769099810.2137427,13.980608282390174,-3.4074202990431575,-2.956868829118428,0.0922306492576809,-0.995737669939983
1769099810.263742,13.972491481614941,-3.408913859864381,-3.000651739622186,0.07041214441477314,-0.9975179847596298
1769099810.313722,13.966835411977677,-3.409750441167019,-3.036901447601156,0.052321701234896906,-0.9986302817258679
1769099810.3637245,13.961078371320102,-3.410395566051893,-3.07445646954943,0.0335617881936724,-0.9994366445019129
1769099810.4139922,13.952309233945918,-3.4109405170514866,-3.1155422275039495,0.013024844744742591,-0.9999151731118872
1769099810.4637227,13.946718357196062,-3.411094989584477,3.127047809270934,0.00727235805547159,0.9999735560545154
1769099810.5140262,13.937934875981604,-3.410938558566426,3.0886943062127155,0.0264460900044167,0.9996502409960587
1769099810.563722,13.932349270772997,-3.4106535937261198,3.052057884297666,0.044752432952061716,0.9989981079786243
1769099810.6139634,13.927634722090119,-3.4102820359173522,3.0242277325509193,0.058648786193002886,0.9982786784651305
1769099810.6637177,13.924214439815705,-3.409933294053962,3.0127535997635766,0.06437498065500252,0.9979257797379864
1769099810.7139678,13.923308390324575,-3.409877976917994,3.0124063859090215,0.06454822651229307,0.9979145887570327
1769099810.763727,13.92287995706812,-3.4098634123758593,3.01429922298279,0.06360375288007664,0.9979752314659769
1769099810.813835,13.922753353733144,-3.4098719112886764,3.0171250666844327,0.06219362885051502,0.9980641024154733
1769099810.8637123,13.922677388672954,-3.4098763839866186,3.019767846842633,0.06087474293381195,0.9981454130900679
1769099810.9137008,13.922677065942185,-3.40988361719292,3.0216839738792105,0.059918428435850817,0.9982032768598678
1769099810.963732,13.922651769196461,-3.409884304578224,3.0227624323901456,0.05938015934096294,0.9982354415049798
1769099811.013731,13.922651679205307,-3.4098862971432524,3.023554964086051,0.058984588075498175,0.9982588934587879
1769099811.0637429,13.922651604380777,-3.4098879538921363,3.0244578459034432,0.05853392717833143,0.9982854197918959
1769099811.1137178,13.922651604380777,-3.4098879538921363,3.0244578459034432,0.05853392717833143,0.9982854197918959
1769099811.1640432,13.922651589345763,-3.4098882867941946,3.0248098618721775,0.05835822006802226,0.998295706767535
1769099811.2137175,13.922651581703795,-3.4098884560010516,3.0250500306343793,0.0582383399254372,0.998302707480416
1769099811.2639892,13.922651577662402,-3.4098885454847214,3.025222132890801,0.05815243463564709,0.9983077152591513
1769099811.31374,13.922651575411079,-3.409888595333032,3.0253527110799308,0.058087255904924744,0.9983115098512266
1769099811.364031,13.922651574077307,-3.409888624865128,3.0254583678118885,0.05803451665808993,0.9983145771129769
1769099811.4137352,13.922651573492919,-3.4098886378045346,3.0255216886279,0.058002909582179386,0.9983164140091064
1769099811.464015,13.922651573218278,-3.40988864388558,3.0255624252815063,0.05798257553517547,0.9983175952242391
1769099811.513725,13.922651573071802,-3.409888647128822,3.0255921793221665,0.05796772353759946,0.9983184577217173
1769099811.5637617,13.92265157300245,-3.4098886486644013,3.0256114766232725,0.05795809110896217,0.9983190169855551
1769099811.6136966,13.922651572949064,-3.4098886498464562,3.0256318269957587,0.05794793302403413,0.9983196066682464
1769099811.6637185,13.922651572911313,-3.409888650682342,3.0256515430339967,0.05793809156744916,0.9983201778715693
1769099811.7137213,13.922651572908034,-3.409888650754935,3.025653888993267,0.05793692055817125,0.998320245831084
1769099811.7637286,13.922651572915878,-3.4098886505812303,3.025646197718616,0.05794075973534297,0.9983200230193178
1769099811.8137286,13.922651572915827,-3.409888650582366,3.0256462666079593,0.057940725348537635,0.9983200250150677
1769099811.8637228,13.922651572905156,-3.4098886508186417,3.025665906518551,0.057930921887727575,0.9983205939422656
1769099811.9137294,13.922651572897768,-3.4098886509822415,3.0256845390456855,0.05792162126743593,0.9983211335986791
1769099811.9637387,13.922651572900726,-3.4098886509167463,3.0256743186077393,0.05792672290627777,0.9983208375934759
1769099812.0139856,13.922651572900726,-3.4098886509167463,3.0256743186077393,0.05792672290627777,0.9983208375934759
1769099812.0637228,13.92265157290101,-3.40988865091046,3.0256724152137155,0.057927673005209554,0.9983207824643348
1769099812.1140177,13.922651572900731,-3.409888650916641,3.025674927476704,0.05792641898298773,0.9983208552283216
1769099812.1637263,13.922651572899937,-3.409888650934226,3.025684611784836,0.0579215849589202,0.9983211357052633
1769099812.2139711,13.922651572900298,-3.409888650926246,3.0256786261294764,0.05792457276178916,0.9983209623514695
1769099812.263734,13.922651572900492,-3.409888650921945,3.025674219934692,0.057926772159957195,0.9983208347355715
1769099812.314146,13.922651572900788,-3.4098886509153687,3.0256650055099126,0.0579313716354612,0.9983205678440338
1769099812.3637364,13.922651572900987,-3.409888650910961,3.0256565509375957,0.05793559182166171,0.9983203229426284
1769099812.4138043,13.922651572901016,-3.4098886509103408,3.025654920992401,0.057936405425349106,0.998320275726377
1769099812.463731,13.922651572900953,-3.4098886509117103,3.025659849239073,0.057933945440884954,0.9983204184857949
1769099812.513735,13.922651572900888,-3.409888650913148,3.0256669365157713,0.057930407754001476,0.9983206237764775
1769099812.5637176,13.92265157290095,-3.4098886509117703,3.0256576319304105,0.05793505223310526,0.9983203542564618
1769099812.6137328,13.922651572900934,-3.409888650912127,3.0256609333179854,0.05793340431181969,0.9983204498881325
1769099812.6637304,13.922626432064611,-3.4098857235932947,3.0256777484996777,0.05792501083989615,0.9983209369332078
1769099812.7137384,13.922525865342276,-3.409874043352777,3.0275716174628586,0.05697964049206008,0.9983753405254937
1769099812.763732,13.922324660645478,-3.409851303521141,3.0309464103388337,0.055294905178899637,0.9984700663821908
1769099812.8137462,13.922224037004245,-3.4098401242348344,3.033288318025876,0.05412570517588043,0.9985341296316385
1769099812.863901,13.922098224269963,-3.4098264520033212,3.0361912981643937,0.05267628629518749,0.9986116406602455
1769099812.9137378,13.921997536930858,-3.40981586022609,3.0395381781047672,0.05100509668362496,0.9986983929657112
1769099812.9639328,13.921921995228937,-3.409808168913368,3.0441015637527893,0.048726242934937554,0.9988121711560415
1769099813.0137384,13.921846421979941,-3.4098007948707316,3.0487646057042834,0.04639736107927408,0.9989230625452991
1769099813.0638301,13.92172040236745,-3.4097891754617957,3.0533873487467296,0.04408835687899249,0.9990276356476384
1769099813.1137395,13.921695189143225,-3.4097869554757767,3.0576163317437772,0.04197582444964458,0.9991186266714142
1769099813.163864,13.921644750948685,-3.4097826585527597,3.0616909380605835,0.03994023121151927,0.9992020706197372
1769099813.2137408,13.921695209695336,-3.4097867104304833,3.0660707032006997,0.03775200199363901,0.9992871390873957
1769099813.2637064,13.921745686673189,-3.409790530662579,3.0711910640446805,0.03519352569586991,0.9993805159943304
1769099813.313739,13.921770935419822,-3.4097923078065104,3.075956773625073,0.0328120493853616,0.9994615397378394
1769099813.3636847,13.921770934754383,-3.4097923105873162,3.081176602101178,0.03020343169171604,0.999543772285158
1769099813.4137483,13.921770934932482,-3.409792309843059,3.0854439147321226,0.028070681677184406,0.9996059407737522
1769099813.463712,13.92174566372789,-3.4097908940306194,3.0895821058530806,0.026002342851204223,0.9996618819212066
1769099813.513762,13.921770940200448,-3.4097922099217213,3.0939817744736544,0.02380319120216697,0.9997166639046251
1769099813.5636845,13.92184678569262,-3.4097958368203765,3.0987018713665297,0.02144374734304628,0.9997700564129172
1769099813.6140876,13.92192264878479,-3.409799070761206,3.1038011770903813,0.01889461381927829,0.9998214808497666
1769099813.6636856,13.921947940982477,-3.4098000383353217,3.108617678170014,0.016486740734486645,0.999864084453459
1769099813.7141418,13.921872050617058,-3.409797527304905,3.1147211868262192,0.013435329151396566,0.9999097418920337
1769099813.7636864,13.92184674908112,-3.4097968484267787,3.119700006633007,0.010946104877978376,0.9999400895993721
1769099813.8141131,13.921846749029225,-3.4097968457059995,3.123968795158475,0.008811815174909485,0.9999611752029792
1769099813.86484,13.92189736274526,-3.409797729536275,3.1285368884250193,0.006527836220102571,0.9999786934501572
1769099813.9140813,13.921947979739086,-3.409798394618645,3.133411191330286,0.004090719720658697,0.99999163297108
1769099813.9637296,13.921998599088816,-3.4097988400034787,3.1371430313909556,0.0022248092640300373,0.9999975251088068
1769099814.0137632,13.921973289714513,-3.4097986320230804,-3.1387191655629367,0.0014367435191324847,-0.9999989678834975
1769099814.0637434,13.921947979132511,-3.409798704752935,-3.1331343321587797,0.004229148108530681,-0.9999910571131504
1769099814.113766,13.921897359007358,-3.4097991090212774,-3.128281342318255,0.00665560649744759,-0.9999778512057911
1769099814.1636918,13.921947975841451,-3.40979843944053,-3.12413901466842,0.008726708692493918,-0.9999619215527141
1769099814.2137685,13.921998589657548,-3.409797567695602,-3.119362935204808,0.011114630338779736,-0.9999382305884861
1769099814.2678685,13.92207450297991,-3.409795881047758,-3.1148240312579465,0.013383911559064364,-0.9999104314444265
1769099814.3137624,13.922125106984794,-3.409794557766229,-3.111043036684934,0.015274214473551463,-0.999883342381608
1769099814.3639355,13.922099808156801,-3.409795332889917,-3.105622648866475,0.017984032804933468,-0.9998382742044191
1769099814.4137654,13.922023925724682,-3.409798070143323,-3.0998140129096226,0.020887801149697818,-0.999781826081636
1769099814.4637842,13.921998637337358,-3.409799130688073,-3.0946168323481404,0.023485751037693563,-0.9997241717084745
1769099814.5137703,13.921998636872871,-3.409799123638817,-3.089650649926599,0.025968082387176128,-0.9996627724873688
1769099814.5649188,13.922049190037015,-3.409796496945966,-3.085509868985646,0.028037717530106372,-0.9996068659206488
1769099814.6137455,13.922099732675928,-3.4097936752616382,-3.081623895705046,0.029979886170158874,-0.9995505021884709
1769099814.6640198,13.922124999550524,-3.4097921874945514,-3.078092411214772,0.03174478706456462,-0.9994960072427631
1769099814.7137773,13.922074480151062,-3.4097953973625827,-3.07262663436953,0.03447617618534504,-0.9994055199345444
1769099814.7637405,13.921973478106306,-3.409802374487195,-3.0671464098221497,0.03721452666286357,-0.9993072995856975
1769099814.8137689,13.921973480520963,-3.4098024049779907,-3.0616547276453967,0.0399583219658884,-0.9992013473297914
1769099814.8658774,13.921998710182645,-3.4098003813045987,-3.0582032854442667,0.041682604458616525,-0.9991309025776085
1769099814.9141266,13.922023932976385,-3.409798273642691,-3.0540791664056672,0.043742781768179806,-0.9990428264309701
1769099814.96386,13.92204914667427,-3.4097960600757458,-3.050275427750456,0.04564275042015092,-0.9989578266043486
1769099815.0137644,13.922124763066627,-3.409789143409407,-3.0462642592828004,0.04764615134837467,-0.9988642771977021
1769099815.0637004,13.922124763936324,-3.4097891524764283,-3.041396622499954,0.05007706208145669,-0.998745356861943
1769099815.1138875,13.922074396516875,-3.4097942151732803,-3.0351816241412553,0.05318041567761282,-0.9985849204691388
1769099815.163752,13.921973728260918,-3.409804984673202,-3.0299749341531945,0.05577989358242868,-0.9984430897512051
1769099815.2139258,13.922024033858113,-3.4097993400512907,-3.025709695329489,0.0579090642379724,-0.9983218620660785
1769099815.2709315,13.922074315013585,-3.4097934809858508,-3.0203755422051275,0.06057145595908176,-0.9981638636631748
1769099815.3137956,13.922124567348966,-3.409787379491459,-3.0169884293678244,0.062261815105698046,-0.9980598511009968
1769099815.3643,13.922124568911597,-3.4097873919885147,-3.0130782500146496,0.06421299138011928,-0.9979362162673608
1769099815.4139242,13.922074365786173,-3.409793885068359,-3.0069013049019513,0.06729477884440997,-0.9977331370362928
1769099815.4649045,13.921999122855738,-3.4098040916111114,-3.000920464270683,0.07027811494468102,-0.9975274364947674
1769099815.513782,13.921948997957205,-3.4098111642864235,-2.9959442260063565,0.07275986194687019,-0.9973494886395001
1769099815.5642204,13.921999084052208,-3.4098038222781284,-2.9913291716104062,0.07506107726394341,-0.9971789381449933
1769099815.614186,13.922049135523999,-3.409796247489434,-2.986870122131237,0.07728412397846723,-0.9970091093770813
1769099815.6642003,13.922049136325723,-3.4097962521540057,-2.983055406021145,0.07918563560080263,-0.9968598874036897
1769099815.7138257,13.92207412753178,-3.409792243691737,-2.977511163391646,0.08194874434616363,-0.996636545236069
1769099815.7639532,13.92199921577897,-3.409804649639664,-2.9719036830411776,0.08474272850950987,-0.9964028652933328
1769099815.8141406,13.921949318771945,-3.409813182728916,-2.96685716064339,0.08725664075821363,-0.9961858655108453
1769099815.8641696,13.921974245193137,-3.4098087891289057,-2.9622008325634224,0.08957568629165207,-0.9959800180853929
1769099815.9138174,13.922024054603646,-3.4097997587194673,-2.958006820362874,0.09166406398306079,-0.9957899875847865
1769099815.9638596,13.922048941471285,-3.4097951459863878,-2.953614410399428,0.09385080009417993,-0.9955862731685698
1769099816.014142,13.922123533732057,-3.4097809449298744,-2.9492253515181077,0.09603541573694593,-0.9953779176394421
1769099816.0638113,13.922098690052827,-3.4097857846045145,-2.944481600403746,0.09839605593869555,-0.9951473339037337
1769099816.1137948,13.922049048751962,-3.409795697529556,-2.93889620546896,0.10117481406227295,-0.9948686631910086
1769099816.163773,13.921925090701203,-3.4098211957342937,-2.9336274367219364,0.10379532641537831,-0.9945986779673122
1769099816.2141242,13.921949854963763,-3.4098159649222324,-2.9291950607772113,0.10599928734378147,-0.9943662057223236
1769099816.2638001,13.921949858768128,-3.4098159828161836,-2.924677408817345,0.10824511523309917,-0.994124235208142
1769099816.313913,13.921974576379052,-3.4098105357748683,-2.920870390803,0.1101372424215859,-0.9939163887529819
1769099816.3638813,13.921999273557578,-3.4098049965854393,-2.9169239183174973,0.11209825857092133,-0.9936971271093455
1769099816.4139342,13.921925255894152,-3.4098219400194134,-2.911329677362079,0.11487730700785746,-0.9933796879011683
1769099816.4637823,13.921875974049913,-3.409833508325575,-2.9058695606202187,0.1175888600689087,-0.9930623646013852
1769099816.5139806,13.92185135760616,-3.4098393954549855,-2.9017447776431267,0.11963669190576351,-0.9928177385350473
1769099816.5638132,13.921851358570214,-3.4098393995039515,-2.8976023999675347,0.12169274684354363,-0.9925678190258201
1769099816.613882,13.921875918845709,-3.4098332817288552,-2.893788612384168,0.12358524585621354,-0.992333959414198
1769099816.6637864,13.92194953493252,-3.4098146707448396,-2.8899414944672754,0.12549382891896893,-0.9920944001975097
1769099816.713791,13.921974045696945,-3.409808358071251,-2.8853662428120206,0.1277630393437874,-0.9918047215947491
1769099816.7638035,13.92194956117558,-3.409814772062818,-2.8800197625109307,0.13041391187855667,-0.9914596368932687
1769099816.8138049,13.921925111254234,-3.4098213167130895,-2.874520816259993,0.13313940713225986,-0.9910973202811469
1769099816.8637848,13.92187628555634,-3.409834679866358,-2.869665014993344,0.13554529817146357,-0.9907711502378382
1769099816.9137914,13.921900665569128,-3.409827879470285,-2.865499174551062,0.13760869990720193,-0.9904866711419441
1769099816.9638028,13.921949357860212,-3.409814038458961,-2.860287794570852,0.14018913103582484,-0.9901247434234841
1769099817.0138056,13.921997989510288,-3.4097999854872016,-2.85619039402606,0.142217304249509,-0.9898354602518555
1769099817.0639732,13.921997974251687,-3.4097999334559406,-2.849656482667354,0.1454502881337802,-0.9893655611965682
1769099817.1138077,13.921973734500133,-3.409807218048992,-2.8440879269937436,0.14820438939947342,-0.988956752827306
1769099817.1639671,13.921876922757425,-3.4098368428173123,-2.8395836238522647,0.15043129216087617,-0.9886204662755111
1769099817.213816,13.921876909256058,-3.40983680020394,-2.835262736980782,0.15256679802607256,-0.9882931610307093
1769099817.263932,13.921876903649846,-3.4098367825094913,-2.8312627827872503,0.15454305526883974,-0.9879860545919524
1769099817.313802,13.921901004038281,-3.4098290491692453,-2.8269781639118605,0.1566592708621593,-0.9876527086243102
1769099817.363808,13.921925075627414,-3.409821226406804,-2.823475971333123,0.15838850478646418,-0.9873768690583693
1769099817.413803,13.92190103578414,-3.4098291459292844,-2.81706808343525,0.1615511865704047,-0.9868643342008537
1769099817.4638135,13.921853052425122,-3.4098452741390495,-2.8122376299253804,0.1639342142068935,-0.9864712734856339
1769099817.514023,13.921805142489005,-3.409861619151612,-2.807042792178648,0.1664959374318458,-0.9860421404882709
1769099817.5637884,13.921757321227641,-3.4098782217689707,-2.802811741332305,0.16858156052060475,-0.9856877078732582
1769099817.6140056,13.921805062089758,-3.4098613889492166,-2.7990222006121823,0.17044890863938167,-0.985366515335103
1769099817.663783,13.921805062480935,-3.4098613901170114,-2.7949502130081854,0.17245475409294397,-0.985017440348516
1769099817.7138953,13.92182886775356,-3.409852791233625,-2.7903515811408597,0.17471916252147218,-0.9846183089135583
1769099817.7639925,13.921828868112177,-3.409852791984623,-2.7854829726261965,0.1771155030170713,-0.984190072389988
1769099817.8140965,13.921757711562728,-3.4098792956127904,-2.7796918445695153,0.17996454191205305,-0.9836730979621151
1769099817.8638055,13.921734036703127,-3.40988824718831,-2.7752749649696082,0.18213648410395183,-0.983273258640878
1769099817.913833,13.921686763624775,-3.4099063516550414,-2.7716038822294435,0.1839410150066634,-0.9829372833494101
1769099817.9638195,13.921710379088061,-3.4098972453436875,-2.7663711500616,0.1865121062714442,-0.9824526625818617
1769099818.0138178,13.921733928820718,-3.409887969517953,-2.762061288032987,0.1886287892900299,-0.9820484610501549
1769099818.0638194,13.921710421082526,-3.4098973514743247,-2.756430454461569,0.1913929137696717,-0.9815135009559242
1769099818.11381,13.921710419431816,-3.4098973471946916,-2.7520381084929424,0.1935480239107782,-0.9810908023420833
1769099818.1638148,13.92166358191741,-3.409916550248669,-2.7471090724614764,0.1959653496301018,-0.9806108207359084
1769099818.21381,13.921616842102898,-3.409935990087691,-2.743284594202325,0.1978401525805233,-0.9802342954757884
1769099818.2639194,13.921640164677298,-3.409926156673325,-2.739808197037848,0.19954369471465652,-0.9798889293688463
1769099818.3137975,13.921640159179903,-3.4099261432323327,-2.7366048056090353,0.2011129219848022,-0.9795680643072919
1769099818.3638957,13.921663422303103,-3.409916171689771,-2.730390863517075,0.20415543600377523,-0.9789384852737727
1769099818.413797,13.921686623119024,-3.4099060547242233,-2.725345897375027,0.20662413962963866,-0.9784203927363286
1769099818.464089,13.92164032399951,-3.409926522126192,-2.719792222655039,0.20934025381750795,-0.9778428596311481
1769099818.5138302,13.921617225152296,-3.409936869673171,-2.715357113692108,0.2115081571356847,-0.9773762323000629
1769099818.5638978,13.921594165490722,-3.4099473041620034,-2.71136510160587,0.21345858337802764,-0.9769521140681593
1769099818.613819,13.92154815281248,-3.409968407577995,-2.707650479113993,0.21527271830921035,-0.9765539702196512
1769099818.6638122,13.921548145582037,-3.409968391796316,-2.7035353729768827,0.21728157282848398,-0.9761089683581338
1769099818.7138066,13.921525214698319,-3.4099791062279454,-2.699168074921497,0.2194125325000686,-0.975632174839425
1769099818.7638035,13.921548092073666,-3.4099682780474425,-2.6932898390748723,0.2222790786957794,-0.974983082506643
1769099818.8138108,13.921570901645243,-3.409957307447962,-2.687853500907523,0.22492842315665437,-0.9743752893296612
1769099818.8638055,13.921525408771483,-3.409979509652575,-2.682759798543621,0.22740927983796744,-0.973799270611545
1769099818.9139736,13.921525408159999,-3.409979508381305,-2.6784751776115776,0.22949493676487287,-0.9733098550817653
1769099818.9638228,13.921502771623896,-3.4099908320392043,-2.674245845212409,0.23155264755409183,-0.9728223740286253
1769099819.014024,13.9214575785456,-3.4100136379393002,-2.6703458863894656,0.2334491897222435,-0.9723690018804734
1769099819.0638046,13.921457582432714,-3.410013645672873,-2.6647025656895504,0.23619195180617594,-0.9717064175469816
1769099819.113871,13.921457580997455,-3.410013642817368,-2.6589079798775286,0.23900627464460078,-0.9710180228402095
1769099819.1638045,13.92150242133957,-3.4099901505621655,-2.653695627418681,0.24153610418599858,-0.9703918334233087
1769099819.213818,13.921480064031966,-3.410002015735115,-2.64882892717511,0.24389668985118154,-0.9698012191576357
1769099819.2638083,13.921413158380338,-3.4100379225722723,-2.644594035319739,0.2459496431942247,-0.9692826074023166
1769099819.3138142,13.921413146979333,-3.4100379013021285,-2.641038221671035,0.24767254773128683,-0.9688438001557802
1769099819.3638108,13.921346536210102,-3.410074352488621,-2.6363115853834804,0.24996154007223,-0.968255766047752
1769099819.4138007,13.921324381912118,-3.410086592400661,-2.631800952384259,0.25214462571752466,-0.9676895616476233
1769099819.463845,13.921368565410514,-3.4100618872068065,-2.6259649926040947,0.2549672469357523,-0.9669496899994349
1769099819.5137882,13.921368568426445,-3.410061892971451,-2.6208577316292674,0.25743564513636386,-0.9662954458203888
1769099819.5639105,13.921368569236435,-3.4100618945196586,-2.615424133033971,0.26005992262995875,-0.9655924795904843
1769099819.613815,13.921346674172478,-3.4100745919586726,-2.6122928181804763,0.261571390309013,-0.9651841315375062
1769099819.664101,13.921346675466955,-3.410074594254445,-2.608345037123026,0.26347604731477364,-0.964665938287127
1769099819.713822,13.921324877216055,-3.410087457598352,-2.604556006092827,0.2653031479759662,-0.9641650479425411
1769099819.76397,13.921303124827347,-3.4101003982971956,-2.600072296194492,0.267463997654838,-0.9635678543613276
1769099819.8138108,13.92136818371512,-3.410061244906137,-2.594130184151833,0.2703256270440011,-0.962768952222322
1769099819.8638155,13.921389790905419,-3.410048063234034,-2.5886978698778425,0.27293965842511453,-0.9620311548275252
1769099819.91381,13.921389794685396,-3.4100480692718573,-2.58463862329438,0.27489165575414637,-0.9614752090390807
1769099819.963843,13.921389793629201,-3.4100480675847895,-2.5806230254648956,0.276821549259186,-0.960921344265879
1769099820.0138364,13.921389794780648,-3.410048069424006,-2.577011530814848,0.2785562781440324,-0.9604199081165199
1769099820.0638223,13.921368410137994,-3.4100616093277645,-2.5739112921504,0.280044708347251,-0.9599869589357467
1769099820.113984,13.921347079775359,-3.4100752344578162,-2.567788404024854,0.2829823377821237,-0.9591251203588425
1769099820.1638112,13.921347082146646,-3.410075238118163,-2.5619894214573606,0.28576211928953976,-0.9583005849832039
1769099820.2139068,13.921389436618997,-3.4100475140789106,-2.556530562126246,0.28837666565438774,-0.957517048780886
1769099820.2638083,13.92143163051831,-3.41001954631602,-2.551716221823151,0.2906807343935634,-0.9568201035996362
1769099820.3140118,13.921431633527888,-3.4100195508097793,-2.5477017957787886,0.2926006893135733,-0.9562347183684672
1769099820.3638213,13.921389678568472,-3.4100478758569204,-2.5437021048843738,0.29451242457613774,-0.955647650428904
1769099820.4138558,13.921368782377254,-3.4100621575407453,-2.537177827821967,0.29762830703713583,-0.9546818270241706
1769099820.4638336,13.921327129350853,-3.410090924688604,-2.5319123789323505,0.30014068685092526,-0.9538949460483869
1769099820.513799,13.921347872628136,-3.410076421331474,-2.5257358825120044,0.3030851152668688,-0.9529634898062301
1769099820.5638437,13.921368533399058,-3.410061800635288,-2.5205688769108487,0.30554608490466023,-0.9521772891638585
1769099820.613845,13.921389123873283,-3.410047080983104,-2.516453062178507,0.30750492918789407,-0.9515464878423693
1769099820.66383,13.921389130099318,-3.4100470894356323,-2.5129323232414893,0.3091795252443193,-0.9510036914595533
1769099820.713812,13.921348187381724,-3.410076858842237,-2.508805201746355,0.31114131945330814,-0.9503636563594245
1769099820.764138,13.921327774650075,-3.410091823839897,-2.5041254746161354,0.31336418697431273,-0.9496330271857272
1769099820.8137722,13.921327774438595,-3.4100918235526634,-2.497849278363024,0.31634268075607397,-0.94864498540395
1769099820.8639197,13.921348020972914,-3.4100766351345495,-2.4911561979168746,0.31951558201982094,-0.9475810217846995
1769099820.913827,13.921388306453002,-3.4100459821820257,-2.486004406681977,0.321955389091306,-0.9467548401962705
1769099820.9640834,13.921368241191221,-3.410061410040596,-2.4817050966730987,0.32398983992374686,-0.946060560231841
1769099821.013819,13.921388238181743,-3.410045893880591,-2.477682525664842,0.3258919812188122,-0.9454070110683955
1769099821.0639095,13.921368303909865,-3.4100614905190465,-2.474137938123457,0.3275670074808159,-0.9448279502692875
1769099821.1138303,13.921368303944604,-3.41006149058828,-2.4684487293626796,0.33025334028399167,-0.9438923303170049
1769099821.163842,13.921388088219441,-3.4100457040723433,-2.4622087913634414,0.33319664294001483,-0.9428573577872235
1769099821.2138271,13.921388087904475,-3.4100457036808973,-2.4566498296879185,0.3358160064676209,-0.9419276032690298
1769099821.2638245,13.921407698205586,-3.4100297016402012,-2.4524112681379036,0.3378114599009023,-0.9412138001323722
1769099821.3138065,13.921407697908798,-3.410029701276996,-2.4485651084527507,0.33962086341876696,-0.9405624217087833
1769099821.3638241,13.921407701068354,-3.410029705143748,-2.4451846956140573,0.34121012219086366,-0.9399870491206227
1769099821.4138582,13.921407703335877,-3.4100297079187945,-2.441213247558843,0.34307600312069286,-0.9393076471969821
1769099821.4638474,13.921407700883087,-3.410029704917012,-2.435438812292217,0.345786555010734,-0.9383131984437865
1769099821.513917,13.921407700909567,-3.410029704949419,-2.4302754101627646,0.348207844138957,-0.9374173549066072
1769099821.5638332,13.921426879950648,-3.410013188506591,-2.4261156293827906,0.3501568149175493,-0.9366910936732542
1769099821.613831,13.921465078277958,-3.409979970830633,-2.421497735093341,0.3523186498380146,-0.9358801039536627
1769099821.6638346,13.921446053427273,-3.409996664751356,-2.417576834612855,0.3541527179929901,-0.9351876027504736
1769099821.7138572,13.921446038852897,-3.409996647811319,-2.4120224521016143,0.35674854373499304,-0.9342004477321565
1769099821.7638624,13.921427170724419,-3.410013518631649,-2.407552347299812,0.3588356378891785,-0.9334007633276643
1769099821.8137856,13.921427168747194,-3.4100135165653502,-2.402255357548338,0.36130648360769235,-0.9324471164109225
1769099821.8641348,13.921427169934013,-3.410013517805635,-2.396466851634314,0.36400370438688395,-0.9313975001000518
1769099821.9137828,13.921427169913088,-3.4100135177837667,-2.3909784055240966,0.3665582930606332,-0.9303950869326831
1769099821.9639494,13.921482692360518,-3.409961720717424,-2.386725297681233,0.3685359980595664,-0.9296134778144297
1769099822.0137835,13.921501133847258,-3.409944384559681,-2.382278669393005,0.37060190829106804,-0.9287918095951422
1769099822.0638702,13.921501148827527,-3.4099444004467547,-2.378715359429172,0.372256105770694,-0.9281300510792859
1769099822.1138127,13.921501142462555,-3.4099443936964793,-2.3731788402085474,0.37482398107568454,-0.9270959946038894
1769099822.164077,13.921482938249714,-3.409961977913021,-2.3659880140772276,0.3781548442749559,-0.9257423581922694
1769099822.2138293,13.921464866474544,-3.409979699137388,-2.3604815957348424,0.380702170169342,-0.9246977114864908
1769099822.2638385,13.921482841979403,-3.4099618803914153,-2.35547726469637,0.3830147227288134,-0.9237422379500518
1769099822.313831,13.92151862754444,-3.409926076628863,-2.3509392265900613,0.3851097237032456,-0.9228707930740955
1769099822.363843,13.921536437438139,-3.409908092260638,-2.3471435322532472,0.3868604968247835,-0.9221382521056599
1769099822.4138346,13.921571924542668,-3.4098719926285654,-2.342871375785737,0.388829372186626,-0.9213097846679771
1769099822.4638712,13.921589605099715,-3.409853881186579,-2.337982606148118,0.39108024396452723,-0.9203565845804798
1769099822.5138092,13.9215720305759,-3.40987209553323,-2.332592845154449,0.39355907188637346,-0.9192993293459625
1769099822.5638583,13.921554560303452,-3.4098904099801857,-2.326902500920088,0.3961730402466079,-0.9181758666953513
1769099822.613813,13.92157191774282,-3.4098719882195008,-2.3216565303535286,0.3985800364260672,-0.9171335532857768
1769099822.6638458,13.921589190240358,-3.4098534871631965,-2.3175590860388846,0.4004581504712754,-0.9163150493804657
1769099822.7137995,13.921589196909379,-3.409853493482767,-2.3138845702298236,0.4021409807152937,-0.9155777583740999
1769099822.764137,13.921657668659279,-3.4097789164378067,-2.3089500168998516,0.4043987380548328,-0.9145827795556063
1769099822.813851,13.921657666476243,-3.4097789144352935,-2.3040507538581867,0.4066379132833406,-0.9135894085860291
1769099822.8639,13.921606846339426,-3.4098353323745045,-2.297525856043921,0.40961628272547773,-0.9122579136001844
1769099822.913846,13.921590034538143,-3.409854252879135,-2.2921462884134822,0.4120685745648657,-0.911152835618745
1769099822.9638665,13.9216234543021,-3.409816230907925,-2.287905888387786,0.41399947319642144,-0.9102771205479602
1769099823.013839,13.921623442015235,-3.409816219845965,-2.2832012732417093,0.4161395775842798,-0.9093007489098297
1769099823.0638528,13.92167307543904,-3.4097587550663033,-2.279369097504202,0.4178811127465291,-0.9085017202018512
1769099823.1139424,13.921706068210938,-3.409720362490806,-2.276359469775664,0.4192477650763942,-0.9078718585122288
1769099823.1638565,13.921706090019732,-3.409720381213143,-2.2716858231565444,0.42136815456493276,-0.906889672627571
1769099823.2138271,13.921657124280923,-3.409778415703048,-2.2657921735006687,0.4240387661684853,-0.9056440386743064
1769099823.2638552,13.921640917879385,-3.409797857420616,-2.2598515255699945,0.42672694779655357,-0.9043805128507787
1769099823.3137963,13.921673093394297,-3.409758776949691,-2.2553287790908025,0.42877099684407644,-0.903413212359293
1769099823.3640888,13.921689097616362,-3.4097391683870875,-2.251261162753671,0.4306074779696352,-0.9025393065770765
1769099823.4138339,13.92170503446225,-3.4097195051107754,-2.246825705123493,0.43260800482335254,-0.9015821172598524
1769099823.46387,13.92176841536443,-3.4096405561534313,-2.2413696099059384,0.4350659509255751,-0.9003985885957535
1769099823.5138478,13.921736921910256,-3.4096801876250984,-2.232156026136017,0.4392092685728477,-0.8983847830410442
1769099823.5638607,13.921690299309429,-3.409740120349225,-2.222175482368081,0.44368696552745107,-0.8961818323426571
1769099823.614008,13.921690297963186,-3.4097401194081405,-2.213381421421658,0.447623202568469,-0.8942222702003945
1769099823.6638584,13.92172061581587,-3.4096995806193817,-2.2034990078205388,0.4520362572845175,-0.8919995639574078
1769099823.7138348,13.921675735135974,-3.409760829127572,-2.1920203917132977,0.4571482445210841,-0.8893905118289104
1769099823.7639081,13.921705200843695,-3.409719667441444,-2.1823120723080978,0.46146008529812577,-0.8871609716825051
1769099823.8138049,13.921705205678876,-3.4097196708599395,-2.1734139425707597,0.4654025418846661,-0.8850991323051286
1769099823.8641427,13.921719543590907,-3.409698812851998,-2.16244033077732,0.4702518791929126,-0.8825322487680177
1769099823.9138453,13.921705426846161,-3.4097198211682387,-2.1524060683865414,0.4746737222084814,-0.8801618359397012
1769099823.963882,13.92171934305442,-3.409698679677012,-2.1428600698532363,0.4788693111704104,-0.8778862015199786
1769099824.013862,13.921733041705206,-3.409677396379426,-2.1330216708432244,0.48318199716800253,-0.8755199355884139
1769099824.0638711,13.92169256094871,-3.4097416380297143,-2.1224731688525087,0.4877929671546917,-0.8729593468165754
1769099824.1139965,13.921692541504761,-3.4097416264084113,-2.113991073443006,0.49149083145638894,-0.8708827490508165
1769099824.1638744,13.921692543249192,-3.409741627451035,-2.1052007629641505,0.4953137368581122,-0.868714165925509
1769099824.2138374,13.921692578249084,-3.4097416483698497,-2.0940858875804502,0.500133887965136,-0.8659480897310629
1769099824.2639031,13.921705226813836,-3.409719724760179,-2.0852946911327437,0.5039354039864249,-0.8637413435798004
1769099824.31386,13.921730141978987,-3.4096756593563526,-2.0760753791375173,0.5079115863164633,-0.8614092061764221
1769099824.3639932,13.921742419854887,-3.4096535259571072,-2.0666822440017327,0.5119516363015261,-0.8590142735066688
1769099824.4138606,13.9217423900665,-3.4096535096598997,-2.055894644991135,0.5165775174935063,-0.8562404267612258
1769099824.4642005,13.92173058713605,-3.4096758998333407,-2.0459234730395837,0.5208399400430387,-0.8536543544409317
1769099824.5138566,13.921730590241587,-3.4096759017387104,-2.036160698638492,0.5250007356745825,-0.8511017727282367
1769099824.5638685,13.921730586554473,-3.4096758994765124,-2.0253195007867952,0.5296064814354895,-0.8482434643553232
1769099824.613812,13.921730586732258,-3.4096758995855994,-2.016590867284885,0.5333034290753499,-0.8459240229101389
1769099824.6638749,13.921730587432211,-3.4096759000150483,-2.007115990204122,0.5373049426138053,-0.843388047486313
1769099824.7140195,13.921709172986478,-3.409721768961412,-1.9972037288842612,0.5414782679028123,-0.8407147467417057
1769099824.7638721,13.921719644612645,-3.4096987259564697,-1.9876820563880164,0.5454746215806333,-0.8381273394964901
1769099824.8139982,13.921729894685537,-3.4096755836331134,-1.978590617081233,0.5492788646628121,-0.8356391139928362
1769099824.86386,13.92172989939895,-3.409675585629871,-1.9692645050485258,0.5531695107652774,-0.8330687200703815
1769099824.9138188,13.921710276132861,-3.4097222487797962,-1.9595846327063908,0.557195015474656,-0.8303816681082247
1769099824.9638877,13.921700763957881,-3.409745704028973,-1.9485428433607936,0.5617709502054095,-0.8272928136429758
1769099825.0138676,13.921710099217368,-3.409722177792938,-1.939128454572699,0.5656589401601463,-0.8246392929135138
1769099825.0639067,13.921691864575237,-3.4097694008337815,-1.9297917328462044,0.5695024761191051,-0.8219896165367347
1769099825.1138916,13.921682941805896,-3.409793086431901,-1.920733352339122,0.5732195694975006,-0.8194018093372141
1769099825.1638784,13.921682904829101,-3.409793072478517,-1.9119240987389847,0.5768231565647484,-0.8168690507362119
1769099825.2155614,13.921691376767049,-3.409769222044349,-1.9008325214873298,0.5813444461357412,-0.8136575661463047
1769099825.263868,13.921691373977573,-3.4097692207896024,-1.8916020235910949,0.5850934735712983,-0.8109658606774224
1769099825.3138437,13.921691370381575,-3.4097692191720705,-1.8824004923938367,0.5888183319034266,-0.8082654093888134
1769099825.363867,13.921699122996523,-3.4097451252413706,-1.871701172436137,0.5931338307567893,-0.8051038807581147
1769099825.4138727,13.921699124441608,-3.4097451256437634,-1.8614246161434607,0.5972628303159023,-0.8020455794548322
1769099825.46387,13.921684593498023,-3.4097936164753024,-1.85266938843586,0.6007681421270273,-0.7994233167760619
1769099825.5144193,13.921691634380988,-3.4097693048295876,-1.842390856236148,0.6048686394495036,-0.7963252658370864
1769099825.5639124,13.921678038213697,-3.409818066073055,-1.8332237092565309,0.60851228817102,-0.7935444506420983
1769099825.6138444,13.921664860826645,-3.409866942138272,-1.8238066951093166,0.612241938665971,-0.7906704803763281
1769099825.6638784,13.92167119864351,-3.4098424378166534,-1.8141159450787874,0.6160658316763729,-0.7876946686634987
1769099825.7138178,13.921677295515135,-3.409817872165809,-1.804649654566057,0.619787190295258,-0.7847699272690754
1769099825.7640483,13.921671409031717,-3.409842488214536,-1.7966123348797398,0.6229359005403077,-0.7822728832178935
1769099825.8155165,13.921660073792523,-3.4098918241536857,-1.7879183507065541,0.626330538268532,-0.7795576032803804
1769099825.8639975,13.921665519226963,-3.4098671060299157,-1.7790566479355852,0.629778482663469,-0.7767747825297231
1769099825.9226592,13.921670754555858,-3.4098423424351254,-1.7678070197186495,0.634137710772504,-0.7732201263393291
1769099825.964012,13.921665831487918,-3.4098671707996435,-1.7584927888235795,0.6377317963439206,-0.7702584994220811
1769099826.0164688,13.921665831487916,-3.409867170799651,-1.7486118369550268,0.6415294414833147,-0.7670984133148147
1769099826.0639584,13.92167030305349,-3.4098422584049684,-1.738077951848006,0.6455607878670724,-0.7637088903295841
1769099826.1164513,13.921666085936446,-3.4098672152190708,-1.7281091942898676,0.6493593673417225,-0.7604816973771018
1769099826.16397,13.921666076225923,-3.4098672134656245,-1.7207372021251532,0.652158082274152,-0.7580830005510614
1769099826.2137992,13.921669845681425,-3.40984218519469,-1.7094695179978519,0.656418629798229,-0.7543968335390967
1769099826.2638943,13.921673344550543,-3.4098171175098018,-1.6990789768850019,0.6603290492006364,-0.7509763956222482
1769099826.3142319,13.921673360670168,-3.409817119547245,-1.6901806591171342,0.6636637158787655,-0.7480310636771639
1769099826.3639123,13.921679370263705,-3.4097668561212933,-1.6802292159791408,0.6673774794070084,-0.7447196116528341
1769099826.4142115,13.921676607824898,-3.4097920156254196,-1.6701829316032542,0.6711098765727145,-0.7413578984313555
1769099826.4639065,13.921674105623941,-3.409817201437499,-1.6598151751237542,0.6749439512266023,-0.7378690010446446
1769099826.5140002,13.92168085608467,-3.4097415700356937,-1.6509124615652275,0.6782217717062675,-0.7348572843645299
1769099826.5638995,13.921676806712119,-3.4097920293615034,-1.6415306253767223,0.6816614523720351,-0.7316677281048056
1769099826.6139169,13.921678620863387,-3.4097667843602038,-1.6339165362282557,0.684441997443545,-0.7290673166007995
1769099826.663913,13.921677024148284,-3.409792044649875,-1.625332313011571,0.6875649216669256,-0.7261229086684667
1769099826.7140322,13.921677022971407,-3.4097920447598575,-1.6168295353545272,0.6906457295692877,-0.7231932495728278
1769099826.7638977,13.921675917105146,-3.4098173305613817,-1.6056864599914662,0.6946642876683384,-0.719334086108979
1769099826.8139637,13.921677682933279,-3.4097667399964977,-1.5966288207216108,0.6979148870233675,-0.7161807107645111
1769099826.8639042,13.921679016645374,-3.4097161362039157,-1.5879977720360383,0.7009990738348992,-0.7131621824540428
1769099826.9139366,13.92167904347431,-3.409716136751833,-1.5786297324935552,0.7043318374224097,-0.7098708775496938
1769099826.9639091,13.921678837233015,-3.409741446334489,-1.5683917566777839,0.7079564138419563,-0.7062561264159319
1769099827.013901,13.921678777430877,-3.4097161357383907,-1.5587378300559283,0.7113572254882786,-0.7028306323330098
1769099827.06389,13.921678498190843,-3.4096908268728647,-1.5502435611431684,0.7143358169349263,-0.6998030727596953
1769099827.1138875,13.921678474896078,-3.4096908269885966,-1.5398443316891874,0.7179648505346284,-0.696079358548139
1769099827.1639528,13.921679258034537,-3.4097161255146218,-1.5301962196222871,0.7213144092907307,-0.6926077699171186
1769099827.2138913,13.921679259228497,-3.4097161259148985,-1.5228414906946552,0.7238564975854657,-0.6899505568541145
1769099827.264128,13.92167925873794,-3.4097161257504385,-1.5139403704282628,0.7269199850139504,-0.6867221675374388
1769099827.3138907,13.921680690137714,-3.4097413960442706,-1.5072871257762852,0.7292004238989569,-0.684300183973073
1769099827.3638892,13.921680677790059,-3.40974139703915,-1.5028241372064581,0.730725619031012,-0.6826712749865372
1769099827.413904,13.921680674087723,-3.4097413973374535,-1.4988529244340687,0.7320796940926853,-0.6812189967236383
1769099827.4639103,13.92167705351256,-3.4096909056441325,-1.4954634258666453,0.7332331376164861,-0.6799773274904709
1769099827.5139358,13.921677063868618,-3.4096909048746102,-1.491017683136547,0.734742826992568,-0.6783457659504991
1769099827.5639036,13.921685150240245,-3.4097918241411587,-1.4852606179614851,0.7366924206698817,-0.6762279773327557
1769099827.614033,13.92168729838324,-3.409817043540302,-1.4804170941113992,0.7383279219132525,-0.674441902407656
1769099827.6638896,13.9216895523084,-3.4098422536619655,-1.4764225855104773,0.7396734804040059,-0.6729659295885823
1769099827.7139192,13.921684781640119,-3.409791857581304,-1.4724647676944207,0.7410037694977082,-0.6715008664106007
1769099827.763922,13.92168726132967,-3.4098170464546014,-1.4687843687889361,0.7422382096843951,-0.6701361354862935
1769099827.8139236,13.921700110986002,-3.409942945780711,-1.4649386614104267,0.7435254104679104,-0.668707682016982
1769099827.864147,13.921751295125846,-3.4104211174388617,-1.4583736959159277,0.7457164223298903,-0.666263474511029
1769099827.9139252,13.92178546219937,-3.4107229178982714,-1.4526311657446225,0.7476263648517318,-0.6641195815352723
1769099827.9639025,13.921824041443179,-3.4110496868012397,-1.4478773612037001,0.7492027987885281,-0.6623406723789778
1769099828.0139189,13.921895811005399,-3.4116273928908627,-1.44148347980221,0.7513164304508575,-0.659942134838034
1769099828.0638509,13.921948023986248,-3.41202898381515,-1.435804891400722,0.753187169408474,-0.6578062692301212
1769099828.1139426,13.922014405314206,-3.4125052951470316,-1.4288709442894694,0.7554632351650459,-0.6551910410818838
1769099828.163883,13.922071688216656,-3.412906194345045,-1.423131120220887,0.7573404620926999,-0.6530202328237739
1769099828.2139056,13.922130164135611,-3.4133069136665504,-1.41842160091085,0.7588760666848399,-0.6512350692437766
1769099828.264025,13.922210555277257,-3.4138323213143456,-1.4137480926564199,0.7603957696457332,-0.649459986069098
1769099828.3138952,13.922273575086978,-3.4142323563177133,-1.4080067244290688,0.7622570284065691,-0.647274456969211
1769099828.363944,13.922342804096818,-3.4146570278767556,-1.4026288283904147,0.7639947579524361,-0.6452224498738389
1769099828.4139025,13.922448943710467,-3.4152808316759278,-1.3968643016582754,0.7658512829888656,-0.6430177387477802
1769099828.4639158,13.92255185789697,-3.4158538310916855,-1.3904906198090174,0.7678965857930596,-0.6405738314412806
1769099828.5139086,13.922674410190572,-3.416526141158381,-1.385276790585244,0.7695638958701942,-0.638569816208916
1769099828.5639,13.922883226127217,-3.417620087668208,-1.3783713643752673,0.7717641027937289,-0.6359089318754618
1769099828.6141975,13.92304295956148,-3.4184399243756176,-1.372751071626826,0.7735480503423066,-0.6337376537745066
1769099828.6639144,13.923210250860675,-3.419284056384396,-1.3678579854110775,0.7750962002215345,-0.6318432403706943
1769099828.7181203,13.923459729984797,-3.42049892519926,-1.3626964128291792,0.7767242695377997,-0.6298407807620681
1769099828.7639153,13.923649998611147,-3.421390041449114,-1.357759064406941,0.7782767728365652,-0.6279213843014917
1769099828.8138676,13.923814276986485,-3.4221314209581535,-1.3511098290382095,0.7803600663546508,-0.6253304461154638
1769099828.864316,13.924112130056844,-3.4234653486587088,-1.3456337338777344,0.7820693235895003,-0.6231914417739235
1769099828.9138994,13.92436370989312,-3.424576176959509,-1.3413873069244824,0.7833907282655824,-0.6215295382099876
1769099828.9638848,13.924672072769862,-3.4259076966390136,-1.336118459385586,0.7850253801223849,-0.619463600676993
1769099829.0156887,13.925248523407367,-3.428320229092281,-1.33110567972206,0.7865755300071832,-0.61749407737558
1769099829.063948,13.925727957922467,-3.4302874984596836,-1.3259235174120887,0.7881728650688911,-0.615453925789003
1769099829.1139593,13.926247255651923,-3.4323752787256354,-1.3205778617170874,0.7898150501467148,-0.613345079512131
1769099829.1639462,13.927224117791724,-3.436200993649993,-1.3158879959203809,0.7912511304025371,-0.6114913316120738
1769099829.2139158,13.927960835894826,-3.4390430814561683,-1.311978078425449,0.7924450579422969,-0.6099433007606769
1769099829.2639155,13.929277930050448,-3.444009481403162,-1.3087674579428132,0.7934231846755367,-0.6086703952216908
1769099829.313898,13.930177281677537,-3.447358392591815,-1.3051097107682255,0.7945350383520942,-0.6072183073910373
1769099829.3639736,13.931093289155584,-3.4507552027689745,-1.306554810496582,0.7940960854799942,-0.6077922400173843
1769099829.413918,13.932543822956822,-3.4561050944136027,-1.3047077358689234,0.7946570655622556,-0.6070586035565141
1769099829.4639304,13.933634648493438,-3.4601363665103246,-1.3068710226909466,0.7939999798962043,-0.6079177838530694
1769099829.5139205,13.934702029087939,-3.464095331460316,-1.3080398844872456,0.7936445583809071,-0.6083817181279982
1769099829.5639415,13.936365817012295,-3.470279015646343,-1.3080103117976787,0.7936535540359912,-0.6083699829594158
1769099829.6141548,13.93745186375773,-3.4743378030187446,-1.3108008330423357,0.7928039471070955,-0.6094767439791363
1769099829.6639233,13.939200172220817,-3.4809180878404407,-1.3114396458889017,0.7926092358824245,-0.609729939558391
1769099829.7139213,13.940390992336603,-3.485420443124683,-1.3131803371230186,0.7920782599676176,-0.6104195525101331
1769099829.7639146,13.941543187407872,-3.489802102921084,-1.313885379240931,0.7918630250087995,-0.6106987388425765
1769099829.81392,13.94334511998679,-3.4966300059075937,-1.3131782547095712,0.7920788955401306,-0.6104187277925923
1769099829.864209,13.94462153982438,-3.5014762465209563,-1.314858389783973,0.7915658231527714,-0.6110839120910282
1769099829.913903,13.945915516922483,-3.5063963772816256,-1.3128975379087329,0.7921645651339008,-0.6103075468534024
1769099829.963938,13.94784881966796,-3.5137393420567404,-1.3146529872940458,0.7916285780566716,-0.611002614072945
1769099830.0139487,13.949172507568067,-3.5187825197805456,-1.3134028446989683,0.7920103435783502,-0.6105076704390402
1769099830.063924,13.95045237374188,-3.523654025699968,-1.3135195662340509,0.7919747125333484,-0.6105538917308776
1769099830.1140957,13.952484797624184,-3.5314158355610434,-1.3136103866482056,0.7919469863381422,-0.6105898548370539
1769099830.1639237,13.953826907789626,-3.536532685321214,-1.3125519159126853,0.7922700211611898,-0.6101706429919812
1769099830.2138953,13.95594707799401,-3.544559297794068,-1.3113287814847665,0.7926430333378868,-0.609686002546322
1769099830.2639234,13.95740708297318,-3.5500900499859993,-1.3098552119715867,0.7930920255063969,-0.6091018298102221
1769099830.313914,13.9589030205416,-3.555768385302322,-1.3103268604838991,0.7929483624686449,-0.6092888432084528
1769099830.3640318,13.960435886780031,-3.561541674424828,-1.3092911126529914,0.7932637909216622,-0.6088781142499649
1769099830.4139104,13.96272758109573,-3.5701512480380977,-1.3082184670618013,0.7935902320303734,-0.6084525812468693
1769099830.46396,13.964326505682292,-3.5761688769280315,-1.310898768644761,0.7927741014205538,-0.6095155651144878
1769099830.513938,13.965914711043126,-3.5821893618406593,-1.3120886127270266,0.7924113469036933,-0.6099870960096407
1769099830.563939,13.968385031119627,-3.5915895172507706,-1.317109063750711,0.7908776467588698,-0.611974303265384
1769099830.6139712,13.969916068253148,-3.5974417862306134,-1.3153268615000224,0.7914226636744083,-0.6112693084251035
1769099830.6639342,13.972383881222653,-3.6069734013507184,-1.318439754750829,0.7904702973853975,-0.6125003746541231
1769099830.7139223,13.974047552908225,-3.613392704570487,-1.3165504924160492,0.7910485315639054,-0.6117533986097576
1769099830.7639356,13.97568485321376,-3.6197404335047754,-1.3152896980898814,0.7914340219637844,-0.6112546023370523
1769099830.8139374,13.978156701057927,-3.629192492262985,-1.315728958092048,0.7912997530275555,-0.6114284102481089
1769099830.8641355,13.979763855251989,-3.635260352305445,-1.310209389727754,0.7929841479114114,-0.609242268035642
1769099830.9139314,13.98138538660855,-3.641376705878844,-1.3123529352853975,0.7923307233086652,-0.6100918167793823
1769099830.963913,13.982987768949343,-3.6474196114120567,-1.3113168279240752,0.7926466772830464,-0.6096812650821297
1769099831.0139375,13.985402781797688,-3.6566249113971363,-1.3162378259298362,0.7911441592896561,-0.6116297239522155
1769099831.063932,13.987027259903915,-3.662871359111486,-1.3185034599490604,0.790450787255508,-0.6125255528768965
1769099831.1140072,13.988578471299963,-3.668979934029544,-1.3251320901006924,0.7884163468757059,-0.6151419868446362
1769099831.1639185,13.99096033887933,-3.6784811646262376,-1.3311463436226492,0.7865629749857151,-0.6175100698625255
1769099831.2139404,13.992488536784169,-3.6846996916303,-1.332647167838698,0.7860993665319488,-0.6181001423216701
1769099831.263923,13.994063878464685,-3.6911933645341803,-1.337525287416157,0.7845894465677957,-0.6200156452336022
1769099831.3139427,13.996305145768021,-3.7005986488685423,-1.3406583978333544,0.7836171954982059,-0.6212439866264515
1769099831.3641577,13.997767796196957,-3.70688503141796,-1.3484437670897358,0.7811929576228532,-0.6242896466869037
1769099831.4139423,13.999203935558056,-3.7132813555632174,-1.3581328464884777,0.7781594063642884,-0.6280668262906252
1769099831.4639206,14.001227536710054,-3.722632292015395,-1.3653226788812345,0.7758965353852721,-0.6308601797364699
1769099831.513971,14.002501736994878,-3.7286491316888086,-1.3689686041586906,0.7747452122577896,-0.6322735611138841
1769099831.5639186,14.003791146373876,-3.7348438171667397,-1.3754891409158112,0.7726797168964208,-0.6347960736306322
1769099831.6139727,14.005686627442214,-3.7442212399172843,-1.3753387272253295,0.7727274557212798,-0.6347379610315722
1769099831.6639245,14.006867374500201,-3.750128245311285,-1.3789705983678944,0.7715735390317174,-0.6361401369714622
1769099831.713942,14.00868314152763,-3.7593927588226435,-1.383419735404637,0.7701564937327573,-0.6378549797260075
1769099831.7639315,14.009887802074436,-3.7656561379811753,-1.3871208579424903,0.7689747859560718,-0.6392791084994203
1769099831.81395,14.011076412339174,-3.771974109513528,-1.3934894516452783,0.7669352363425043,-0.6417245072897458
1769099831.8639278,14.012768170497727,-3.781416505703613,-1.3985493270022993,0.7653092606485596,-0.6436627498663838
1769099831.9139395,14.013888733129956,-3.787926985974713,-1.4093557388801345,0.7618202637433246,-0.6477884575616113
1769099831.9639256,14.01495541923049,-3.794266417965882,-1.4121855308322775,0.7609029482116573,-0.6488657052139588
1769099832.013948,14.01648774112716,-3.8039155495404477,-1.4168188127525236,0.7593977188701997,-0.650626701400071
1769099832.0639179,14.017514283269223,-3.810466920267448,-1.4188682553004162,0.7587306092604047,-0.6514045306653424
1769099832.113929,14.018477187071435,-3.8167208522734106,-1.4219160951572711,0.7577370402868846,-0.6525600185249416
1769099832.1639385,14.01991573285381,-3.8262306394638306,-1.4244833564433554,0.7568987702162496,-0.6535321351281274
1769099832.213887,14.02086290912434,-3.832640554543813,-1.4283251229284768,0.7556420156621617,-0.6549848426994516
1769099832.2639468,14.021792543738362,-3.8389761916480856,-1.4271785979496232,0.7560173697197892,-0.6545515538763709
1769099832.3138888,14.022673521560161,-3.845191227034693,-1.4332843492531526,0.7540155852651105,-0.6568565270873944
1769099832.3641548,14.023971546786797,-3.8544912793783808,-1.435891945471587,0.7531585363381992,-0.6578390526115803
1769099832.4139473,14.024843599629786,-3.860937424773618,-1.4396004605699468,0.7519374392265229,-0.6592344707988647
1769099832.4639432,14.025691335021293,-3.867182389212442,-1.4407740821147488,0.7515504638960688,-0.6596756022603866
1769099832.5138788,14.026982742889421,-3.876866487065177,-1.4353918951713005,0.753322989103445,-0.6576507234758059
1769099832.5639472,14.027822060985509,-3.883214926639457,-1.4410054233330036,0.7514741537897429,-0.6597625301470141
1769099832.6139524,14.028706759704153,-3.8899146858158233,-1.438391919262083,0.7523356579646934,-0.6587799767409691
1769099832.6639705,14.029959977000525,-3.8996295542610415,-1.441947965228106,0.7511631434386958,-0.6601166048050127
1769099832.7139308,14.030782298838512,-3.906107798866446,-1.4459556037985937,0.7498388818716115,-0.6616204737109722
1769099832.76394,14.031936473199892,-3.9153758929423317,-1.4439113084488147,0.7505147638722145,-0.6608536821489566
1769099832.8138924,14.03269645907235,-3.92163245241807,-1.4503135709665373,0.748395442756051,-0.663252788355974
1769099832.8641527,14.033456961137567,-3.9279142568463756,-1.448068251204741,0.7491395782702798,-0.6624121770235111
1769099832.9139323,14.034610879031627,-3.9373608933313005,-1.4469182275681893,0.7495203492324243,-0.6619813034266939
1769099832.9639585,14.035392206007387,-3.9435891213840537,-1.445164334550858,0.7501005831471199,-0.6613237597140683
1769099833.0139434,14.03613335758901,-3.9495418006310037,-1.4439742518633294,0.7504939653069128,-0.6608773018026163
1769099833.0639515,14.037329177593682,-3.959085240394141,-1.4444899318693152,0.7503235397563564,-0.6610707871986868
1769099833.1139324,14.038142221672308,-3.965488050747346,-1.444277173273454,0.7503938597569095,-0.6609909645669354
1769099833.1639588,14.038893540094799,-3.971847651542935,-1.4464710797557965,0.749668332244531,-0.6618137136911741
1769099833.2193305,14.040083091160442,-3.981366360717255,-1.4464710797557965,0.749668332244531,-0.6618137136911741
1769099833.2639594,14.040826431982946,-3.98780342838251,-1.4523212550667908,0.7477292647504704,-0.6640037248658481
1769099833.3138983,14.041567232133614,-3.994215123447605,-1.4528743254887873,0.7475456157525789,-0.6642104729444558
1769099833.364088,14.042670596759837,-4.003897285404162,-1.4534197620397977,0.7473644456206217,-0.6644143175927057
1769099833.413899,14.043398366072058,-4.010361465588884,-1.4572731901900147,0.7460829228023829,-0.6658530410703652
1769099833.4639673,14.044137836064339,-4.016926080424346,-1.4557332857251382,0.7465953766383456,-0.6652783955474932
1769099833.5178962,14.045196823950512,-4.02630746697852,-1.458189713645329,0.745777709507969,-0.6661948723917406
1769099833.5639555,14.045914132846233,-4.032594334520988,-1.455953624752044,0.7465220787105116,-0.6653606435593683
1769099833.614036,14.046625117718621,-4.038932924705743,-1.4591008896962483,0.7454741217150074,-0.6665345706362412
1769099833.663952,14.047671787912252,-4.048264674406737,-1.461491318491136,0.7446769377206741,-0.6674250957425555
1769099833.713904,14.048382241210119,-4.054272120150533,-1.4603485695634035,0.7450581657992934,-0.6669994974329385
1769099833.7639527,14.049074118659568,-4.0605109233579695,-1.4610942370584423,0.7448094340994273,-0.6672772338964448
1769099833.8148963,14.050124281466651,-4.06974039897475,-1.4549852030033252,0.7468441660420589,-0.664999091464749
1769099833.8640661,14.05085095333626,-4.076153572978401,-1.4590806500112217,0.7454808669017193,-0.6665270265214015
1769099833.9199202,14.051549096094318,-4.082366207977883,-1.457015458431238,0.746168722344945,-0.6657568909099719
1769099833.9640403,14.052609259967204,-4.092027583093667,-1.4619250862041104,0.7445321664788449,-0.6675865884500058
1769099834.0139267,14.053246887562922,-4.098221479371609,-1.462431692900079,0.7443630406771751,-0.6677751595213992
1769099834.0639522,14.05430900589888,-4.107984421320056,-1.4615266622757639,0.7446651429399753,-0.6674382554889898
1769099834.1139753,14.054937738703984,-4.114357507865403,-1.468958836395155,0.7421797483366512,-0.6702008811982756
1769099834.1639621,14.055567848321964,-4.120755629231876,-1.4688605937219128,0.7422126686043222,-0.670164423528473
1769099834.2170405,14.056503200775293,-4.130277436819763,-1.4724645138754344,0.7410038547175368,-0.6715007723701825
1769099834.2639623,14.057093273396797,-4.13622152652934,-1.4697862518947096,0.7419024175325478,-0.6705078693493173
1769099834.3242347,14.05772981064581,-4.142618883546705,-1.4702259868268768,0.7417549767350996,-0.6706709733458813
1769099834.3641229,14.058706044011885,-4.15218726170062,-1.4707116330944061,0.7415921004411504,-0.6708510688396365
1769099834.4149241,14.059369620938835,-4.158607283769575,-1.4684686928041364,0.7423439733805879,-0.6700189737503864
1769099834.4639814,14.060010643676453,-4.164851517044532,-1.4715554142670089,0.7413090087001867,-0.6711638798534576
1769099834.513877,14.06094308849897,-4.174068170366624,-1.4706184187736948,0.7416233660990259,-0.6708165046090847
1769099834.5639818,14.0615864098596,-4.180541135033913,-1.4733361053618206,0.7407111471836919,-0.6718236349205192
1769099834.6144023,14.062208134146184,-4.186838179270311,-1.4712828042673811,0.7414004848060123,-0.671062829494683
1769099834.6639698,14.063158017819633,-4.196510971109014,-1.4716175373576839,0.7412881609552924,-0.6711869057330607
1769099834.7139742,14.063800325254734,-4.203034902432173,-1.4727686600669754,0.7409017289483523,-0.6716134513552735
1769099834.7639601,14.064438243912207,-4.209559262763349,-1.4734915995489701,0.7406589126100794,-0.671881221028877
1769099834.8139853,14.06538803856227,-4.219308343303643,-1.4752044602196213,0.7400832215943863,-0.6725152973088973
1769099834.8641517,14.066019332521105,-4.225757043377922,-1.472659500383941,0.740938384400512,-0.6715730120559932
1769099834.913966,14.066607753405291,-4.231879340659332,-1.4751593717877025,0.7400983827364129,-0.672498612542023
1769099834.9639766,14.067535742290312,-4.241427092282683,-1.4771920863719021,0.7394145017311279,-0.6732504694611864
1769099835.0139744,14.068114137865283,-4.247423192601099,-1.4769431227533025,0.7394983034385816,-0.6731584205901754
1769099835.0639656,14.068729903968332,-4.253619135127545,-1.4768690844940213,0.7395232226707062,-0.6731310445453641
1769099835.1141956,14.069636608411763,-4.262889255886974,-1.4696002819612106,0.7419647614770748,-0.6704388806791172
1769099835.163969,14.070258088503005,-4.269160869903172,-1.4723915300092092,0.7410283585854187,-0.6714737312599802
1769099835.2141433,14.071229951817172,-4.278907783438922,-1.4726543776049517,0.7409401045581394,-0.6715711142219962
1769099835.2639725,14.071823798767682,-4.285054979277504,-1.4757683647758886,0.7398935749595127,-0.6727239387249662
1769099835.3140042,14.072443140242362,-4.291504841823721,-1.47703539130063,0.7394672469768346,-0.6731925360909025
1769099835.3639755,14.073340677922124,-4.301258920710652,-1.4774396010211426,0.7393311763920507,-0.6733419722657622
1769099835.414,14.073908756065888,-4.307688231498542,-1.4841890891349103,0.737054613806688,-0.675833186715682
1769099835.4639604,14.074480033031087,-4.314320407720339,-1.482868818790877,0.737500594435001,-0.6753464838199871
1769099835.5139766,14.07526003841579,-4.323525955722436,-1.486243043808418,0.7363601598832592,-0.676589768572287
1769099835.563975,14.075799173427257,-4.329932239900597,-1.4854771820145327,0.7366191930153888,-0.6763077439164491
1769099835.6139786,14.076305192794665,-4.336087364852957,-1.4893908432921419,0.7352943638198801,-0.6777478871488407
1769099835.6639674,14.077096442746639,-4.345621988318477,-1.4906298572077787,0.7348743532161093,-0.6782032770380906
1769099835.7139726,14.077630848843931,-4.352028613443616,-1.489487349521235,0.7352616595174444,-0.6777833666029682
1769099835.7641106,14.078127206944647,-4.357905067939604,-1.4897745295073004,0.7351643290290466,-0.6778889358318748
1769099835.813987,14.078894027036128,-4.36708618088747,-1.487267189558892,0.736013600086578,-0.6769667499128703
1769099835.8640602,14.079411724572568,-4.373392645571325,-1.491060094988599,0.7347284418772324,-0.6783613467000122
1769099835.9139705,14.080187284327227,-4.382928582421998,-1.4934639245706554,0.733912578843294,-0.6792439374890187
1769099835.9640515,14.080671738876632,-4.389059951740981,-1.494669583376122,0.7335029772978291,-0.6796862381240483
1769099836.013985,14.081191266326698,-4.395493214855457,-1.4935836298013552,0.7338719230026383,-0.6792878628596346
1769099836.0639782,14.081927903371257,-4.405006866825423,-1.4919136512837974,0.7344388651755069,-0.6786748509556793
1769099836.1139765,14.082415677987827,-4.411544226322278,-1.4974290721427927,0.732564486143188,-0.6806976374586347
1769099836.1639779,14.082870290049273,-4.417804812992446,-1.4972122144449125,0.7326382890980367,-0.6806182023333651
1769099836.213976,14.083548726614072,-4.427475162561566,-1.5005251624948368,0.7315098580954067,-0.6818308642979123
1769099836.2639916,14.083997457677516,-4.433913785816688,-1.5016445407505021,0.7311281302201312,-0.6822401755986046
1769099836.314002,14.084408196503533,-4.440025236964461,-1.5037177797300343,0.7304205140562798,-0.6829977105713897
1769099836.3639834,14.085051675133203,-4.449393392356152,-1.5063624326752811,0.7295167297787332,-0.6839629675449854
1769099836.4141502,14.085472696672024,-4.455402563442759,-1.5010687939247023,0.7313244987304888,-0.6820296749824007
1769099836.4639757,14.08616186212986,-4.4650466669696645,-1.5012261917031895,0.7312708214879573,-0.6820872272959875
1769099836.5140839,14.086616424371606,-4.471104284059923,-1.4950341212258023,0.7333790794344599,-0.6798199216320923
1769099836.563994,14.087074547696378,-4.47749143309891,-1.4996002550426748,0.73182509508631,-0.6814925019410802
1769099836.6140275,14.087759698605716,-4.487135808817085,-1.503046115478079,0.7306498454355601,-0.6827523733865684
1769099836.6639867,14.088197822641291,-4.493549772796122,-1.5049611058502221,0.7299957784958744,-0.6834516540167287
1769099836.7140014,14.088635311077828,-4.5000398748179125,-1.5089660899196027,0.7286257092856052,-0.684912093460211
1769099836.7639728,14.089254556407813,-4.509815475544818,-1.5052956386835112,0.7298814497753597,-0.6835737482333702
1769099836.8140004,14.089622163565767,-4.51595510277544,-1.511681789312452,0.7276950301893722,-0.6859008259491226
1769099836.8639762,14.090016303290055,-4.522498684413092,-1.50833948289258,0.7288402588868036,-0.6846837788540175
1769099836.9139845,14.090569432017968,-4.531948822470106,-1.5111909996032409,0.7278633248107402,-0.6857222326827788
1769099836.9640214,14.090945815518714,-4.5384428067424825,-1.5128192162985286,0.7273048314747651,-0.6863145649871227
1769099837.0139797,14.091295397983169,-4.5448115982971835,-1.5169777204818873,0.7258762393341857,-0.6878253304219466
1769099837.0640354,14.091809194407704,-4.554263823727997,-1.5200145133104666,0.7248310114564107,-0.6889267049774429
1769099837.1139834,14.092161523550072,-4.56060695651793,-1.5159460845307746,0.7262309354216429,-0.6874508189220561
1769099837.164185,14.092496448905806,-4.56682438146061,-1.5188627882695422,0.7252276183198534,-0.6885091877572245
1769099837.214005,14.093003042610492,-4.575998158993825,-1.5175490025004446,0.725679738602862,-0.6880326423806373
1769099837.2640295,14.093350417556406,-4.5824430261634905,-1.5182047554622153,0.7254541098790165,-0.6882705387125355
1769099837.313994,14.093701281552695,-4.588786313497166,-1.5175573273101177,0.7256768747261771,-0.6880356629475308
1769099837.363987,14.094210984553253,-4.598593637125004,-1.5166205137317224,0.7259990756815901,-0.6876956755058715
1769099837.4139993,14.094537824894344,-4.605115658460808,-1.5213695312575615,0.7243640911119975,-0.6894176263394269
1769099837.4640014,14.09484501523589,-4.611663989099802,-1.5219951768744973,0.7241483901149862,-0.6896441902125137
1769099837.514008,14.095260056290043,-4.621374710357431,-1.5294479846812887,0.721573475472634,-0.6923378651311397
1769099837.5639849,14.095505366202286,-4.62752036834583,-1.5317412299727335,0.7207791510299717,-0.6931647823140709
1769099837.6141317,14.095856485368381,-4.636878819968621,-1.529887752415042,0.7214212241032433,-0.6924965107589915
1769099837.6639812,14.096093036110064,-4.643202168948961,-1.5335530161181967,0.7201509221904013,-0.6938174466445151
1769099837.7140913,14.096324680563827,-4.649297626275647,-1.53028869942928,0.7212823824031687,-0.6926411226853406
1769099837.7639852,14.096710784165326,-4.658933271646459,-1.5317160786378095,0.7207878679827755,-0.6931557179803431
1769099837.8142374,14.096968869142602,-4.665002349888087,-1.5272082141860042,0.7223483617940113,-0.6915293516644887
1769099837.8639972,14.097239381620517,-4.6713748978269205,-1.5279151242068643,0.722103892163245,-0.6917846261103904
1769099837.9141705,14.097652741060338,-4.680908072442269,-1.530808245115644,0.7211024287146841,-0.6928284688880675
1769099837.9639986,14.097910118431383,-4.687306500390973,-1.5333561093541899,0.72021922737417,-0.6937465419881771
1769099838.0139966,14.098168697977053,-4.693679533615045,-1.5357946352275331,0.7193728327980111,-0.6946241627183471
1769099838.0639908,14.098520746171907,-4.703088486776437,-1.5320799938674086,0.720661731090214,-0.6932868593461555
1769099838.114004,14.09874906906749,-4.709462721340243,-1.537231854862912,0.718873483355956,-0.6951409317021074
1769099838.1639943,14.0990865791426,-4.718948189607619,-1.538074919861839,0.718580395002027,-0.6954438984696975
1769099838.2139971,14.099300034348603,-4.725652142112332,-1.5411608641600232,0.7175064894765543,-0.6965518197227191
1769099838.264,14.099508382020398,-4.732204259729312,-1.5430881791672137,0.7168349190416498,-0.6972429267067193
1769099838.3140125,14.099690184939561,-4.738655912676493,-1.5466465403403553,0.7155932640525278,-0.6985172012503695
1769099838.3640416,14.099939716612859,-4.748321315726902,-1.5502951511442662,0.7143177652766292,-0.699821498819665
1769099838.4140065,14.100102950050879,-4.75469742804323,-1.5468765940290163,0.7155129110892647,-0.6985995090640745
1769099838.4641666,14.100255471558139,-4.760947301554187,-1.5490578226540492,0.7147505830873564,-0.6993794420600908
1769099838.514012,14.10049137727336,-4.770132026294827,-1.5467199707688484,0.7155676173615224,-0.6985434739395637
1769099838.5641468,14.10065406297419,-4.776457607229731,-1.5463366885863044,0.7157014738542715,-0.6984063289538717
1769099838.6139927,14.100900450916361,-4.785768692298512,-1.5495156966159134,0.7145904505399596,-0.699543056571286
1769099838.6639996,14.101073665301879,-4.792220620396183,-1.5469404368345483,0.7154906104484222,-0.6986223488839618
1769099838.714005,14.10122800825256,-4.798318549761191,-1.5501694220813964,0.7143617578157379,-0.6997765921852553
1769099838.7639885,14.101436783586712,-4.807984966866189,-1.5504833642965907,0.7142519043085317,-0.6998887177199216
1769099838.8140175,14.101548281695688,-4.814134485558836,-1.5556090499108175,0.7124558558458283,-0.7017169325810717
1769099838.8639984,14.101654570727339,-4.820613122120971,-1.5557882277765558,0.7123929869155979,-0.7017807579247758
1769099838.9140158,14.10177347117107,-4.830331806381326,-1.5583701548693911,0.7114864201588672,-0.7026998462569348
1769099838.9640217,14.10184107698745,-4.8364313409171,-1.5628219504111494,0.7099205208570939,-0.7042818001808598
1769099839.0140035,14.101897098871781,-4.8429612382329665,-1.563417023669768,0.709710939803338,-0.704492996362251
1769099839.0640192,14.10197007185111,-4.852427142314134,-1.567513345684552,0.7082665371218092,-0.705945119958684
1769099839.114299,14.102019737570584,-4.8589064044382555,-1.5650876890090208,0.70912220624512,-0.7050855952365312
1769099839.1639986,14.102043478767865,-4.868448613593775,-1.5705695727978233,0.7071869462861747,-0.7070266069975266
1769099839.2142575,14.102043013521007,-4.874396633480446,-1.5765188613388819,0.7050806679696255,-0.7091271054299834
1769099839.264032,14.102006239232233,-4.8808254425671125,-1.5820801305594938,0.7031061213231415,-0.7110849331535072
1769099839.3140988,14.101897765330374,-4.890341650727986,-1.5888846083552632,0.7006827758677129,-0.7134729480522134
1769099839.3640125,14.101809786149323,-4.8963647891873565,-1.5903944838669541,0.700143948582204,-0.7140017165691691
1769099839.4140236,14.101698073916825,-4.902514206245453,-1.5955894050343336,0.6982869974873669,-0.7158179022210034
1769099839.4640667,14.101426778739093,-4.912407200523998,-1.6038395355781012,0.6953282692176899,-0.7186922832664421
1769099839.5140188,14.101204269588319,-4.918857688231741,-1.6110532876073709,0.6927315179292712,-0.7211955657568949
1769099839.5640044,14.10081208698226,-4.928594407428066,-1.6179154074931308,0.6902529800941848,-0.7235681194408008
1769099839.6140254,14.100587240153702,-4.934664406032237,-1.623318676302299,0.6882956469291065,-0.7254302877730173
1769099839.6640244,14.100240432330944,-4.9412613855336405,-1.6309275537743404,0.6855308173946312,-0.7280436102337887
1769099839.7140124,14.099743321721304,-4.950663243000232,-1.6351877608265615,0.6839784550631021,-0.7295022090504538
1769099839.7642534,14.099399178368841,-4.956930438432977,-1.6364492621060165,0.6835181850494033,-0.7299334837550403
1769099839.814024,14.099007748235302,-4.963245806565579,-1.6430508246258022,0.6811051151447333,-0.7321856473078939
1769099839.864294,14.098387042819777,-4.972336180965372,-1.6466495943049329,0.6797865294662372,-0.7334100315350538
1769099839.9140286,14.097933011508063,-4.978748802398388,-1.6492162123193317,0.678844778261111,-0.7342818035520308
1769099839.9641027,14.097492213126928,-4.984756392359282,-1.6537381162561833,0.6771828686925707,-0.7358147608938682
1769099840.0140388,14.09668332020753,-4.994518150181898,-1.6564115805670916,0.6761986767211658,-0.7367193153437368
1769099840.0640736,14.09610834822654,-5.000972319330683,-1.6660063795489086,0.6726565720544232,-0.739954820291072
1769099840.1140163,14.095501186903457,-5.007372453608615,-1.670851510776337,0.670862010853879,-0.7415822020471433
1769099840.1640189,14.094531730039824,-5.016611261985553,-1.679433818325088,0.6676736007375547,-0.7444541375250382
1769099840.2140326,14.093828207058737,-5.022976223466209,-1.6851475610049658,0.665544069262643,-0.7463585544959757
1769099840.264019,14.09272117134823,-5.0323014748624395,-1.6913121739463992,0.6632404055674712,-0.7484064166097831
1769099840.3140185,14.091944581129495,-5.038530604757456,-1.6997170338624108,0.6600894327362794,-0.7511870211804095
1769099840.364017,14.09117266785315,-5.044530325538933,-1.702421272826186,0.6590731350432862,-0.7520788540201181
1769099840.414549,14.089876448343096,-5.0542395392284885,-1.707953749051163,0.6569901868706043,-0.7538991274406202
1769099840.4640362,14.089015724587766,-5.060584882300073,-1.7097811807651466,0.6563010631262703,-0.7544991150023486
1769099840.51424,14.088142471756331,-5.066877498693161,-1.7122973449202104,0.6553513221756555,-0.7553241982901251
1769099840.564043,14.086812555559794,-5.076275308720748,-1.7158098453370396,0.654023773889523,-0.756473993728341
1769099840.6142864,14.085936991975737,-5.082337524902442,-1.7200526232124111,0.652417527883132,-0.7578597293106837
1769099840.6640236,14.084987354126698,-5.088695864176387,-1.725312611965141,0.6504221070122674,-0.7595729607547406
1769099840.7140253,14.083489841908651,-5.098171205123397,-1.7335598389724225,0.6472844006288386,-0.7622485845854783
1769099840.7640293,14.082447856318655,-5.104566329391814,-1.7359259238044182,0.6463821754659651,-0.7630138158905685
1769099840.8140283,14.08134149133216,-5.111079339282517,-1.7448440145820536,0.6429734474778773,-0.765888468276167
1769099840.8640244,14.079611702524993,-5.1208749614289255,-1.753553633655548,0.6396320628318131,-0.7686812240438292
1769099840.9140208,14.078435165144365,-5.127298131528582,-1.7566398220522221,0.6384451542388512,-0.769667321008843
1769099840.9640481,14.077234102279396,-5.133716823039783,-1.7635647326870674,0.635776393828436,-0.7718732908000571
1769099841.0140228,14.075410800748962,-5.143134545306937,-1.7648709997183967,0.6352721219423912,-0.7722883730076555
1769099841.0642343,14.074184474991515,-5.149290809533323,-1.7725039925768284,0.6323200667112088,-0.7747072564745553
1769099841.1140149,14.072911289604585,-5.155592232057327,-1.7747450325619583,0.6314515949641504,-0.7754152972551099
1769099841.1640742,14.070992869962526,-5.16478460962794,-1.7779407038589987,0.6302118032143371,-0.7764232628465827
1769099841.2140136,14.069674924637498,-5.171051129010513,-1.7798889341720718,0.6294551786616507,-0.7770367932447146
1769099841.2642145,14.068339964714726,-5.177236585072326,-1.7863853322226837,0.6269278923215633,-0.7790772861720731
1769099841.3140252,14.066273107310641,-5.18657830161886,-1.7934620045037022,0.6241673362468325,-0.781290686212586
1769099841.3640685,14.064850895134475,-5.192899743091988,-1.795695838893307,0.6232943101011089,-0.7819873419663407
1769099841.4140267,14.063470328317882,-5.198919296138817,-1.8002908799510575,0.6214960346501074,-0.783417308280965
1769099841.464031,14.06126906550186,-5.2082821950488345,-1.8083742323169527,0.6183246480868566,-0.7859227885538533
1769099841.514022,14.059840112453413,-5.214212265520105,-1.8155704942574864,0.615492798482861,-0.7881425093317428
1769099841.5640287,14.058246702043585,-5.220597206229549,-1.8253627263820138,0.6116265994335351,-0.7911465748300817
1769099841.6140316,14.055805194450484,-5.230004775889534,-1.8352574889052296,0.607705026412489,-0.7941628302010841
1769099841.6640353,14.054125660543294,-5.236340992046599,-1.8372896070548348,0.6068977965108042,-0.7947798843644261
1769099841.7140424,14.05244372064169,-5.24259814685267,-1.8423034640100406,0.6049034351908831,-0.7962988346684109
1769099841.7640338,14.049899850932357,-5.251873346668702,-1.8440717403523659,0.6041991606606401,-0.7968333415821517
1769099841.814293,14.048218340850191,-5.257947085473215,-1.8462831065150385,0.6033177463684303,-0.7975009071574266
1769099841.864043,14.046519738233526,-5.26406858570376,-1.84682071959525,0.603103351114476,-0.7976630540989654
1769099841.9140418,14.043928202131346,-5.273199480009582,-1.848376758242933,0.6024825713736195,-0.7981320386947459
1769099841.96405,14.042114156437549,-5.279367678495356,-1.853283768436955,0.6005225389358197,-0.7996078290199996
1769099842.014232,14.040357402565997,-5.285420245655983,-1.8562209632785125,0.5993475897657055,-0.8004888922664947
1769099842.0640452,14.037604730790111,-5.294610042130958,-1.8666420741980854,0.5951684807796227,-0.8036009454240804
1769099842.1140308,14.03566499241048,-5.300977857529454,-1.8702212531366096,0.5937294127057272,-0.8046647652831036
1769099842.1640375,14.033862069557982,-5.306805242074569,-1.8772817198793343,0.590885064512152,-0.8067557502345242
1769099842.2140179,14.030822136505801,-5.3164092738247515,-1.8815585048366414,0.5891585544223514,-0.8080174489149137
1769099842.2640517,14.028868507881304,-5.322481044304467,-1.8889209191859948,0.5861800895865369,-0.810180783882412
1769099842.3140352,14.025930089630098,-5.331426288823087,-1.893103336463424,0.5844845520399268,-0.8114048363342963
1769099842.3640428,14.023883989248997,-5.337547623400707,-1.8992327960544637,0.5819950744510779,-0.8131923101669644
1769099842.414028,14.021862191775028,-5.343543385513222,-1.9011948393744076,0.5811970352520175,-0.8137628685398869
1769099842.4642777,14.019785209592428,-5.349574128573703,-1.9081381329295772,0.578368441300458,-0.8157756714365039
1769099842.5140252,14.01668367973233,-5.358437329040036,-1.9156277490220528,0.5753094697468706,-0.8179358251229583
1769099842.5642421,14.01457125451702,-5.364374917624352,-1.919305561209612,0.5738043906954752,-0.8189923816609007
1769099842.6140234,14.01242499972413,-5.370354141341302,-1.9236585606688614,0.5720204963070767,-0.8202393259315269
1769099842.6640587,14.00913798852276,-5.379339023232736,-1.9254962881740965,0.5712665667465986,-0.8207645884890222
1769099842.714043,14.00690339796546,-5.385367103067542,-1.9325335145831137,0.5683750832679759,-0.8227695696366762
1769099842.7640657,14.004611945789218,-5.391481825086532,-1.93488686236248,0.5674065585464977,-0.8234377920149281
1769099842.8140385,14.001106946041057,-5.400601660401413,-1.9415286191918213,0.5646688980402358,-0.8253175362162286
1769099842.864057,13.998873546615629,-5.406332385301832,-1.9477954065722507,0.562080085510127,-0.8270828117382976
1769099842.9140363,13.995251603214202,-5.415406456244926,-1.9526965283228237,0.5600515830451687,-0.8284577384083032
1769099842.9640615,13.992799012462768,-5.421458793682738,-1.9587918947458434,0.5575241092310643,-0.8301607480639567
1769099843.0140283,13.990512900606033,-5.427059400935265,-1.9615614793837324,0.5563739748031745,-0.8309320069426358
1769099843.0640428,13.986829985864436,-5.435971902768614,-1.9657031189103997,0.5546520726637301,-0.8320823747020654
1769099843.1140378,13.98436309427667,-5.441881302827094,-1.9692896276335619,0.553159046301756,-0.8330756685286947
1769099843.164044,13.981904959807991,-5.447739386801306,-1.972250014876944,0.5519253274828996,-0.8338935380987755
1769099843.2140768,13.978272848189444,-5.456261483809254,-1.9745771619695942,0.5509546576137184,-0.8345351791588838
1769099843.264044,13.975747189025313,-5.462091172508889,-1.983996814595172,0.5470180456447677,-0.8371208143027975
1769099843.3141618,13.973150909185334,-5.46800023975309,-1.9883482016057412,0.5451954340695121,-0.8383089756585911
1769099843.3640342,13.969365517072331,-5.476428045915536,-1.9985985775820574,0.5408918013277842,-0.8410921823774044
1769099843.414153,13.966702056630664,-5.482279223531519,-2.0027694866070362,0.5391365669106706,-0.8422183578026402
1769099843.4640934,13.96400066998008,-5.4881131933220155,-2.010513606391668,0.5358714135445586,-0.8442996080454832
1769099843.514077,13.959807082258527,-5.497049172037648,-2.0182807572106296,0.5325884795470897,-0.8463743329365082
1769099843.5640588,13.956988005434265,-5.5029951860386115,-2.019174192846251,0.5322103359237765,-0.8466121652420906
1769099843.6140428,13.954135828371093,-5.5089537033985705,-2.025559906649976,0.5295045162585428,-0.848307118478801
1769099843.6640396,13.949871388385036,-5.517743522709475,-2.0265641254971873,0.5290785065304247,-0.8485728807400903
1769099843.714043,13.947098312705416,-5.523403001422794,-2.031529410738693,0.5269701750033446,-0.8498837771465839
1769099843.7640429,13.944300347877222,-5.529106433752408,-2.0324934541084545,0.5265604513895792,-0.8501376894553038
1769099843.814057,13.940131994435374,-5.537492536866242,-2.03491538237914,0.5255305793060945,-0.8507747117857939
1769099843.864057,13.937260401325304,-5.543244438217638,-2.0382811197071464,0.5240980937158383,-0.851657905595565
1769099843.9140317,13.934526189738477,-5.548668839907252,-2.045109307818359,0.5211874047207864,-0.8534422588320848
1769099843.9641352,13.930288748433627,-5.556934986744646,-2.0484265825404537,0.5197711372404294,-0.854305545394498
1769099844.0140822,13.927426206821089,-5.562436007668013,-2.0573270167499818,0.5159641577608552,-0.8566101726608967
1769099844.0640585,13.922923098135279,-5.570963341398156,-2.062902435105042,0.5135741759532969,-0.8580452003209924
1769099844.1140916,13.919824036622416,-5.576740039827546,-2.07053253138912,0.5102969627198777,-0.8599982615324683
1769099844.1640747,13.916747346642875,-5.5824421620670925,-2.0747135503137994,0.5084980144689459,-0.8610631621902888
1769099844.2140918,13.913647586773353,-5.588103079302259,-2.0784562341141473,0.5068857814757565,-0.8620132275885978
1769099844.2640371,13.908920848983783,-5.59665323302853,-2.0811176557621667,0.5057382426875087,-0.8626869825628242
1769099844.3140802,13.905863019005478,-5.602221614226521,-2.076671752472125,0.5076547029993427,-0.8615606203411628
1769099844.3640316,13.90276055115043,-5.607852340789719,-2.077819136518442,0.5071603490307983,-0.8618517159993121
1769099844.4140635,13.898106509603576,-5.616327145798649,-2.075249004974961,0.5082674661057847,-0.8611992701450722
1769099844.464028,13.89502771375321,-5.621942054722267,-2.073511652536605,0.5090153775687571,-0.8607574254100487
1769099844.5140684,13.89197080489055,-5.627540115065056,-2.0721209657372226,0.5096137764599356,-0.860403276866286
1769099844.5640118,13.887347542780342,-5.636002998829082,-2.068861922050551,0.5110151451740426,-0.8595717081214064
1769099844.614194,13.884467305594937,-5.64126490259384,-2.0720889775677698,0.5096275377576616,-0.8603951259503178
1769099844.6640122,13.879863070711234,-5.649651617627731,-2.0737201633435816,0.5089256361899358,-0.8608104883356551
1769099844.714163,13.876949576201525,-5.654924159843379,-2.0768582186918203,0.5075743748171303,-0.8616079468232632
1769099844.7640812,13.873870402248727,-5.660509947896822,-2.076844230481476,0.5075804009813129,-0.8616043967736293
1769099844.8140955,13.869169119860407,-5.668987656283062,-2.075447298194279,0.5081820786199014,-0.861249658908238
1769099844.8640196,13.866120653609423,-5.674474782711328,-2.080791121841866,0.5058790842275827,-0.8626044007197403
1769099844.9140983,13.86286913110642,-5.6803122973034474,-2.0793839105722354,0.5064858922739979,-0.8622482478540692
1769099844.964047,13.85807377689003,-5.6889114551864255,-2.0804849399663934,0.5060111352155661,-0.8625269451082987
1769099845.0140636,13.854950875349672,-5.694530911518398,-2.078799775339095,0.5067377054585522,-0.8621002829523962
1769099845.064047,13.851857966439203,-5.700080174770096,-2.0802412991249954,0.5061162048559665,-0.8624652962190382
1769099845.1140728,13.847309507090424,-5.70826637559158,-2.079869009807743,0.5062767393947598,-0.8623710704492646
1769099845.1640537,13.844430636355828,-5.7134713038125335,-2.0758825697201666,0.5079946278596748,-0.8613602371050747
1769099845.214071,13.841433695528226,-5.718900146107535,-2.0757202837499436,0.5080645195281281,-0.8613190140689176
1769099845.264072,13.83695321942353,-5.727037211673169,-2.0712552633947854,0.5099861552737651,-0.860182609350528
1769099845.3140824,13.833871172114176,-5.732621397714254,-2.0752023960729327,0.5082875357439679,-0.8611874250169498
1769099845.3642077,13.829198502691865,-5.7411149183543655,-2.0753100450384254,0.5082411820400174,-0.8612147820831723
1769099845.4140823,13.826033894388543,-5.746855949673031,-2.0747145924493844,0.5084975657965959,-0.8610634271521098
1769099845.4640887,13.822941580445079,-5.752492330172446,-2.0748979804803094,0.508418609295832,-0.8611100497158839
1769099845.5140743,13.818286069156157,-5.760966404942087,-2.070282906966408,0.5104042970296576,-0.8599345635417041
1769099845.564087,13.815230643648302,-5.766536368440499,-2.072287947920676,0.50954193867491,-0.8604458220779587
1769099845.6140823,13.812154071701435,-5.7721813697663595,-2.0652498411864624,0.5125667321794227,-0.8586473927421593
1769099845.664109,13.80768418665143,-5.78046828956197,-2.0610584981246256,0.5143650482034334,-0.8575713365001653
1769099845.7140846,13.804617126981805,-5.786233423985803,-2.055794774260464,0.5166202735279605,-0.8562146302066411
1769099845.764077,13.801562757989275,-5.7920051537490576,-2.05057921977813,0.5188513313858134,-0.8548644897989206
1769099845.8140867,13.797113727161806,-5.800560917926828,-2.048097998745336,0.5199114857041595,-0.8542201396788146
1769099845.8640752,13.794203320189915,-5.806208111405032,-2.0436721254679076,0.5218005461801496,-0.8530675178472672
1769099845.9140782,13.79150038689957,-5.8115351172546665,-2.034982986077573,0.5255018212473486,-0.8507924752051582
1769099845.9640772,13.787284546357737,-5.819954121873594,-2.0300021943276643,0.5276189995287517,-0.849481130653459
1769099846.0143318,13.784443067340742,-5.8257211123857475,-2.02378761165027,0.5302560334936532,-0.8478375663672716
1769099846.0640848,13.781671377973055,-5.831381110612079,-2.0206548808926676,0.5315834058698184,-0.8470059519294088
1769099846.1140933,13.777456230907722,-5.840167175095184,-2.016497343699906,0.5333429854158787,-0.8458990837609873
1769099846.1640775,13.774681825660256,-5.845994764541443,-2.0118137218771244,0.5353224568628752,-0.8446477769924545
1769099846.2143044,13.772025440652818,-5.8516261255881155,-2.0099895493032407,0.536092625743017,-0.8441591654563477
1769099846.2640798,13.767815994975955,-5.860638840064451,-2.0042964741149416,0.5384933813800293,-0.8426297396899199
1769099846.3142567,13.765089166489782,-5.8664886109277505,-2.003963201725489,0.5386337865164246,-0.842539995503465
1769099846.3640726,13.762358360044283,-5.872420451773257,-1.9979751342958163,0.5411539616813132,-0.8409235338344503
1769099846.4141216,13.75833820588673,-5.881241520855543,-1.9929553169881742,0.5432628961829702,-0.8395626394920699
1769099846.4640846,13.755881470300764,-5.8866861603114,-1.9909367320590117,0.5441099835815582,-0.8390139008186196
1769099846.5140977,13.753263914626162,-5.8925581167185905,-1.9842463659735956,0.5469135890602261,-0.8371890623397215
1769099846.5640786,13.74945291927867,-5.901278697360483,-1.9790326486149965,0.5490941618291217,-0.8357604928717164
1769099846.614093,13.746880639326271,-5.907281147005572,-1.9705144600209359,0.5526487535715328,-0.8334142758411517
1769099846.664082,13.74442955619328,-5.9130321350266355,-1.9687668771427318,0.5533767727614994,-0.8329310579922373
1769099846.7140968,13.740771881767479,-5.921763253041325,-1.9651050443990987,0.5549008714904241,-0.8319164758671197
1769099846.7640781,13.738311781792598,-5.9277029606080935,-1.9594008144594885,0.5572713327724014,-0.830330453295597
1769099846.8141053,13.735898333919415,-5.933552133072308,-1.9562240757828484,0.5585895006759674,-0.8294442535424388
1769099846.8640852,13.732259206020306,-5.942509782006658,-1.956166393184414,0.5586134226935414,-0.829428142750538
1769099846.914099,13.729896882116613,-5.9483800932239586,-1.9505209962670413,0.5609524197145717,-0.8278480433125194
1769099846.9641294,13.727454113498462,-5.95451800861711,-1.9478332110815313,0.5620644516797977,-0.8270934361714452
1769099847.0140948,13.723918137543263,-5.963571710899714,-1.941639425021137,0.5646231721766138,-0.8253488192523316
1769099847.064245,13.721561439566853,-5.969661881411138,-1.9372555613864486,0.5664309226814291,-0.8241092220271927
1769099847.1141083,13.719209235974915,-5.975807980675459,-1.935273637559052,0.5672473052804028,-0.8235475060080758
1769099847.1641047,13.715760269976835,-5.9849220518847925,-1.9281487747622315,0.5701775311278291,-0.8215215048901481
1769099847.2141156,13.71352297948241,-5.990867918178684,-1.9277711243598443,0.5703326449255254,-0.8214138263580998
1769099847.2640893,13.71130443735447,-5.996848034934582,-1.9194334979928396,0.5737519998961212,-0.8190290853292094
1769099847.3141105,13.70812867979348,-6.005550278538611,-1.9154284431707456,0.5753909765880917,-0.8178784897898966
1769099847.3640814,13.70600842272538,-6.011485381328962,-1.9080569036600525,0.5784015732543688,-0.8157521805406781
1769099847.4141092,13.70388493979278,-6.017499670086252,-1.9026159067637551,0.580618682652079,-0.8141756231645383
1769099847.4640827,13.700803939979055,-6.026423608257455,-1.900479951012512,0.581487872919145,-0.8135550710603237
1769099847.5143065,13.6987917875723,-6.032315984848895,-1.8962765176625314,0.5831964496417936,-0.8123311523788848
1769099847.5640862,13.696780272840588,-6.0382619627246035,-1.8917910397385447,0.5850168281371012,-0.8110211531127937
1769099847.614142,13.693748810488236,-6.047363077309719,-1.891171054709724,0.5852682105108671,-0.8108397633104875
1769099847.664076,13.691706412913067,-6.053645919503082,-1.8883294698133823,0.5864196544095799,-0.8100074005354204
1769099847.714282,13.689707054298157,-6.059729397560656,-1.8869403114193635,0.5869821271979576,-0.8095998902854179
1769099847.7640893,13.686650028786769,-6.069302029437075,-1.881806591597893,0.5890583206740198,-0.808090523917156
1769099847.8143196,13.684845132985446,-6.075102915768627,-1.870881528196432,0.5934637303170175,-0.8048607337907661
1769099847.8640912,13.682003901310436,-6.0843714943543326,-1.8651084514357221,0.5957845160906798,-0.8031443272454799
1769099847.9141276,13.680144732332627,-6.090578856470847,-1.857597611622031,0.5987964519729517,-0.8009012480353646
1769099847.964111,13.678343219119586,-6.096618019841653,-1.8576229101625508,0.5987863211087092,-0.8009088223094423
1769099848.0141017,13.675676169001438,-6.105753756709326,-1.8556056791801865,0.5995938254427542,-0.8003044698681396
1769099848.0641022,13.673915154275221,-6.111884471905724,-1.8490658680907435,0.6022075352924106,-0.798339579650815
1769099848.1141157,13.67221377702291,-6.117900438901645,-1.84732400631978,0.6029026054081331,-0.7978147957966717
1769099848.1641018,13.66966662751098,-6.127044243826459,-1.8379125499923874,0.6066502158179344,-0.7949688771568694
1769099848.214114,13.66794391620617,-6.133264127163633,-1.8394319255181795,0.6060461126915202,-0.7954295124594619
1769099848.2641003,13.66634688778912,-6.139098835926216,-1.833932710421579,0.6082309379708297,-0.7937601187355817
1769099848.3141203,13.663823675784181,-6.148458677917131,-1.8301082869569687,0.6097476624432957,-0.7925956018960342
1769099848.3641136,13.662223566067977,-6.154475962958848,-1.8261470258010986,0.6113163045135666,-0.7913863631854395
1769099848.4141164,13.660575264179684,-6.160768464313695,-1.8219374912737167,0.6129806333149475,-0.7900979326518998
1769099848.4642243,13.658161248016567,-6.170157036896517,-1.8162492258606608,0.6152252944306608,-0.7883513411498118
1769099848.5141375,13.656540931327076,-6.176508908815428,-1.8183329168324684,0.6144036203975018,-0.7889918828748763
1769099848.5641243,13.654943205787482,-6.18289288859813,-1.8109580629659852,0.6173087866690573,-0.786720955549791
1769099848.6141033,13.652621093276405,-6.192408960976562,-1.8040893612238085,0.6200070166539873,-0.7845962651579615
1769099848.6640842,13.651120693741717,-6.198738436034171,-1.7988042393692603,0.6220781928819111,-0.7829551212814025
1769099848.714111,13.649678419209767,-6.204925474741855,-1.7918581166096688,0.624793686810949,-0.7807898878194963
1769099848.7640858,13.647610655310588,-6.2141111577764425,-1.7889421684445594,0.6259313937697704,-0.7798781252820421
1769099848.8141193,13.646267641521879,-6.220269003934099,-1.7786269870032052,0.6299453430180321,-0.7766394690008318
1769099848.86408,13.644956195405237,-6.2263813818148055,-1.7767006235253755,0.6306930956505028,-0.7760323569921461
1769099848.9142287,13.643024586655647,-6.235726175323105,-1.772276433035978,0.6324082086318512,-0.7746353062280682
1769099848.9640915,13.641709217593586,-6.242148287007464,-1.7692223896735626,0.6335903557567087,-0.7736687024121418
1769099849.0143898,13.640460882559497,-6.248429183955815,-1.7629551840822733,0.6360116114407366,-0.7716794866475054
1769099849.0640907,13.638595785872509,-6.258071101277446,-1.7565078559458562,0.6384959378487701,-0.7696251927728324
1769099849.1141496,13.637387827272518,-6.264411125501919,-1.7549731758022133,0.6390863140648748,-0.7691350227203103
1769099849.1641476,13.6361943599905,-6.2707797421693385,-1.7524133720370694,0.6400702077004591,-0.7683164251884058
1769099849.214168,13.635052684720891,-6.277080892906104,-1.745863837880626,0.6425828284530473,-0.7662162283437238
1769099849.2641442,13.633360817248466,-6.286600332831119,-1.7436960409521913,0.6434129514189458,-0.7655192838500943
1769099849.3141367,13.632300762248706,-6.292710230949879,-1.7378549606782197,0.6456459340237427,-0.763636908405172
1769099849.3641274,13.63068432094713,-6.302294172391439,-1.731480939618877,0.6480763698500229,-0.7615753533577727
1769099849.4141493,13.62965160381313,-6.308639559317995,-1.7250300143847694,0.6505294272593708,-0.7594810493156462
1769099849.4643342,13.628667710115813,-6.314941464666702,-1.7178129751993576,0.6532657881565802,-0.7571286614731754
1769099849.5141442,13.627229639457862,-6.324476748762196,-1.714879305127608,0.6543756678207888,-0.7561696141502228
1769099849.5643406,13.626322072581843,-6.330636553247101,-1.7088603178574133,0.65664838867149,-0.7541968533845363
1769099849.6141388,13.625487973833494,-6.336500034995805,-1.7052528586044668,0.6580076869595242,-0.7530112110069656
1769099849.664172,13.624271934040603,-6.345428129477955,-1.7010745675328873,0.6595793998787395,-0.7516348949161433
1769099849.7141495,13.623418189072167,-6.351774391267257,-1.6981740107301568,0.6606687857014115,-0.7506775310343465
1769099849.764127,13.622231675388067,-6.361038359787763,-1.6970062195647078,0.6611069903486873,-0.7502916415048889
1769099849.8141575,13.621420021136428,-6.367517956764981,-1.6903997824448185,0.6635817563677581,-0.7481037712883697
1769099849.8641272,13.620631972951394,-6.373974795164503,-1.68952012950042,0.6639107280156572,-0.7478118381155249
1769099849.9141157,13.619477750848644,-6.383727338294845,-1.684104364640475,0.6659332779748093,-0.7460113064060928
1769099849.9641383,13.618726596026312,-6.39026505553828,-1.6800480289921291,0.6674449434195742,-0.7446591485395458
1769099850.0141404,13.618010650399595,-6.396628388202588,-1.6785855872251252,0.667989275255502,-0.7441708998231717
1769099850.064129,13.617299085973622,-6.403196036973066,-1.6759594186509645,0.6689658582199142,-0.743293132307903
1769099850.1141238,13.616321432320326,-6.412535321009084,-1.6690250510087814,0.6715389660422426,-0.740969241660486
1769099850.1641257,13.615688292965148,-6.418907507771818,-1.6643193428490544,0.6732804981440713,-0.7393871589491334
1769099850.2141697,13.615088242829513,-6.425257474692582,-1.658949357231917,0.6752633180624188,-0.7375767426372205
1769099850.2641473,13.614212047846811,-6.4348098976849695,-1.6588862977304177,0.6752865733376209,-0.7375554513864934
1769099850.3141851,13.613649607436802,-6.441239607673278,-1.652672069116455,0.6775749790860021,-0.7354537019531575
1769099850.3641243,13.613108338730122,-6.447569336862957,-1.6477053709426226,0.6793992761789269,-0.7337687806983547
1769099850.4141312,13.612319786202539,-6.457129316574051,-1.650243224432045,0.678467630622717,-0.7346302976308535
1769099850.464134,13.611768512243804,-6.463534468531372,-1.6491885756145366,0.6788549247610196,-0.7342724229655574
1769099850.5140743,13.611207534260654,-6.469964247980079,-1.6544797292606541,0.6769099772455807,-0.736065814112697
1769099850.5641448,13.610391673052344,-6.4796238477031025,-1.6525944896742057,0.6776035066202396,-0.735427418455387
1769099850.614072,13.609840477211607,-6.485978311550084,-1.656982133713072,0.675988480447035,-0.7369121890041639
1769099850.664124,13.6092905908831,-6.492637671810232,-1.6552360946149496,0.6766315615055228,-0.7363217570971252
1769099850.7141423,13.608472481073655,-6.502398684086318,-1.6526732575205627,0.6775745420777822,-0.7354541045694719
1769099850.7641368,13.607926798628586,-6.508956794882356,-1.6550158563224269,0.6767126405261303,-0.7362472425429872
1769099850.8141465,13.607392292808694,-6.515312651708918,-1.6549396683900255,0.6767406866126905,-0.736221463340335
1769099850.8641589,13.606566899015842,-6.524819048205987,-1.6615486797412728,0.6743041481174293,-0.7384537330338495
1769099850.914131,13.605998715359616,-6.5311719547146945,-1.664274641235689,0.6732970238753518,-0.7393721104021939
1769099850.9642587,13.605430619057955,-6.5372961351290835,-1.664045543522142,0.67338171368783,-0.739294980147195
1769099851.014139,13.604555089007944,-6.5467217407664435,-1.6647410944013936,0.6731245643342756,-0.7395291210559539
1769099851.0641577,13.603957151902721,-6.55294485980822,-1.6682526999814167,0.6718250601388361,-0.740709854510826
1769099851.1141374,13.603305076615584,-6.559518730683996,-1.672754219465231,0.6701561999203957,-0.7422200938456562
1769099851.1641104,13.602288659048213,-6.569210339658767,-1.6805719443183191,0.6672498513508093,-0.744833965305237
1769099851.2141347,13.601584234017862,-6.575575103542469,-1.685254993908354,0.6655039765692237,-0.7463943040850125
1769099851.264118,13.600756703331639,-6.582053812419096,-1.6975919408019762,0.6608872311268466,-0.7504852215290386
1769099851.314145,13.599534039140131,-6.591644876415901,-1.706855504837149,0.6574040704743356,-0.7535382459595364
1769099851.3641405,13.598691518512043,-6.5980435027615085,-1.7121943366089891,0.6553902236414655,-0.7552904439718471
1769099851.4141676,13.597802936400427,-6.604384980617015,-1.7187025023531535,0.6529289803032665,-0.7574191354066364
1769099851.4641533,13.596423731925924,-6.614056476538014,-1.7199374172558495,0.652461181778241,-0.7578221468606874
1769099851.5141625,13.595472228058433,-6.620388994247294,-1.7232370474750491,0.6512100279535943,-0.758897555334499
1769099851.5641382,13.594546078995263,-6.6268528278654415,-1.7177904329307798,0.6532743218139024,-0.7571212983786586
1769099851.614117,13.593225396366456,-6.6359707019033065,-1.714031325338674,0.6546962172683704,-0.7558920975208611
1769099851.664157,13.592339743525407,-6.642236095656886,-1.71296823696957,0.655097914809359,-0.7555439907857318
1769099851.714135,13.591457934884334,-6.648476471142878,-1.7098869095597637,0.6562611760682405,-0.7545338089082091
1769099851.764159,13.590122317959453,-6.6579246514115855,-1.7126680612092609,0.6552113054263842,-0.7554456600189411
1769099851.8141549,13.589244195250444,-6.664191113477929,-1.7100936254197552,0.6561831855104051,-0.7546016346744931
1769099851.864168,13.588362014476067,-6.670456984213839,-1.7123064349464756,0.655347889210486,-0.7553271768626895
1769099851.9141512,13.587001830128091,-6.68008064336529,-1.7141189728588153,0.6546630906057807,-0.7559207880449429
1769099851.9641767,13.586084366694392,-6.6865204609346,-1.7136951555668705,0.654823262056326,-0.7557820423044678
1769099852.0141382,13.585153494002602,-6.693086206103474,-1.715260526643878,0.6542315218706906,-0.7562943314548644
1769099852.0642107,13.583740627812272,-6.702932448274355,-1.712368467992137,0.6553244612726336,-0.7553475031121323
1769099852.1141407,13.58281741318953,-6.709320308111946,-1.7164330033735027,0.6537880407222539,-0.7566777370906035
1769099852.1641648,13.581905140840249,-6.715658584707569,-1.7146744278406902,0.6544531253767486,-0.7561025768271166
1769099852.2141635,13.580555906393172,-6.724951413488468,-1.7135494943507357,0.654878304385296,-0.7557343491237113
1769099852.2641609,13.579678105538315,-6.731064519693075,-1.7116035891475831,0.655613288004452,-0.7550968259713396
1769099852.314136,13.578786278708002,-6.73725231786148,-1.7113093883037314,0.6557243559724913,-0.7550003768108076
1769099852.3641453,13.577456787168993,-6.74662468524479,-1.7114415110207655,0.6556744781911303,-0.7550436932050946
1769099852.4141383,13.576558239389117,-6.753016064605725,-1.70743424994295,0.657185989667088,-0.753728449101724
1769099852.4641485,13.57567344212219,-6.759358221838667,-1.708926206200796,0.6566235419245313,-0.7542184857125177
1769099852.5142806,13.57435652815686,-6.76896238402839,-1.705528340451986,0.6579039602580009,-0.7531018384500457
1769099852.5641513,13.573472713310501,-6.775432440964358,-1.7059836397780463,0.6577324998320024,-0.7532515905490973
1769099852.6141512,13.572633294347936,-6.781704224724566,-1.704036569737355,0.6584655048290128,-0.7526109080728722
1769099852.66418,13.571358419881141,-6.791314057503835,-1.6979433668427708,0.6607553509000185,-0.7506013364343241
1769099852.714243,13.570544694725054,-6.7975636115206175,-1.6976250322211528,0.6608748137258589,-0.7504961562745084
1769099852.764175,13.569722085503928,-6.80404176293741,-1.6909607860423472,0.6633718858112772,-0.748289877731344
1769099852.8141348,13.56853142141483,-6.8137897912945915,-1.6874360664999963,0.6646896109192408,-0.7471196163507074
1769099852.8641448,13.567776483582145,-6.82022519189834,-1.6827312767377178,0.6664452905432936,-0.7455539381645468
1769099852.9141262,13.567030681866168,-6.826687023967362,-1.6797826856943892,0.6675437327022623,-0.744570590964974
1769099852.964176,13.566002965302287,-6.836122760177174,-1.678022577053923,0.6681987366781491,-0.7439828279615905
1769099853.0141075,13.565332809760296,-6.842516781610273,-1.6725892950597916,0.6702174027456315,-0.7421648287657534
1769099853.0641792,13.564723764621323,-6.8486881177929275,-1.6646440877207351,0.6731604331751156,-0.7394964713962404
1769099853.1141431,13.56385798348589,-6.8580639715943335,-1.6594375012405762,0.6750832761171799,-0.7377415335379292
1769099853.1644492,13.563325340193014,-6.864420377973827,-1.6497473818056276,0.678649740277964,-0.7344620684696058
1769099853.214157,13.562822780844018,-6.870728015623834,-1.6456494362686458,0.680153207419243,-0.7330699928637894
1769099853.2641895,13.562124156379664,-6.880498722909679,-1.6400018282740265,0.6822205389198635,-0.7311464533702472
1769099853.3141022,13.561688821707483,-6.886989161697074,-1.6331021794508875,0.684738801152288,-0.7287885661812535
1769099853.364446,13.561277889350514,-6.893480944541809,-1.6333241770488014,0.6846579022786724,-0.7288645668760197
1769099853.414136,13.560690668234823,-6.903258792749813,-1.627554787065758,0.6867576026517098,-0.7268865077851399
1769099853.4642222,13.560306334334642,-6.909726786630291,-1.6277319164407233,0.6866932234820351,-0.7269473274067743
1769099853.514138,13.559951000889582,-6.916171315429529,-1.6227164984792934,0.6885140347429634,-0.7252230167072509
1769099853.5641406,13.559457064875923,-6.925726015101678,-1.6167741590015146,0.6906657532068908,-0.7231741265747539
1769099853.6141045,13.559161565555028,-6.93209743963393,-1.6132434307661392,0.691941341964417,-0.7219537237804662
1769099853.664178,13.55888674498641,-6.9385204603967,-1.6071378533989125,0.6941420864214916,-0.7198380122349879
1769099853.7141597,13.558542191764007,-6.9480057146470315,-1.603403880610908,0.6954848036517457,-0.718540804609935
1769099853.764158,13.558345587001913,-6.954406416604589,-1.5964164280408573,0.6979909388583317,-0.7161065907193318
1769099853.8141372,13.558179895523118,-6.960630576870437,-1.5913331404781885,0.6998087702686382,-0.7143302352939406
1769099853.864169,13.557974181871757,-6.970145075795199,-1.5871658161457018,0.7012956729159571,-0.7128705206062003
1769099853.9141216,13.557861859529554,-6.976598262560641,-1.582625103731204,0.7029123341174095,-0.7112764937389786
1769099853.9641807,13.557789341712041,-6.982925542168003,-1.5791804239890703,0.7041363507977314,-0.710064785414158
1769099854.0143967,13.5577080672853,-6.992619194389159,-1.5758137150250933,0.7053306433231226,-0.7088784688431368
1769099854.064141,13.557689438502383,-6.9990228911463745,-1.5665317386765547,0.708612932139924,-0.7055974152475755
1769099854.1141644,13.557685389054308,-7.005578067823026,-1.5667099201575914,0.7085500671315879,-0.7056605432981373
1769099854.1641426,13.557724949108133,-7.015373220113052,-1.5636940245689124,0.7096133603999628,-0.7045912848892416
1769099854.2141645,13.557744516902456,-7.021903203430925,-1.5655463964600598,0.7089604735874359,-0.7052482165101013
1769099854.264155,13.557772032310023,-7.028382654570661,-1.566157825404522,0.7087448358742948,-0.7054649230270198
1769099854.314178,13.557805966633023,-7.038127185091274,-1.565366885970851,0.7090237704578364,-0.7051845807487238
1769099854.3641493,13.557823739027038,-7.0445307430180035,-1.5633670224004497,0.7097285523535622,-0.704475252918168
1769099854.4141812,13.557870936832263,-7.050883550005264,-1.560758068853988,0.7106469198395454,-0.7035488293804252
1769099854.4642398,13.557942118177152,-7.060324114986537,-1.5594484415789323,0.7111074608188603,-0.7030833372849573
1769099854.5141926,13.558016316159845,-7.066727293955362,-1.5545557975621185,0.7128252995379131,-0.7013416373912821
1769099854.5642118,13.558087769841814,-7.073079779128539,-1.5560023009869943,0.7123178666049205,-0.7018570060314385
1769099854.6141584,13.558174853191653,-7.07943214587212,-1.5570641208773506,0.7119451433689633,-0.7022350837385913
1769099854.6641464,13.558307404255888,-7.089150544162545,-1.5556062543490963,0.7124568366916302,-0.7017159367232269
1769099854.7141778,13.558383592746948,-7.095578998710515,-1.5597944568074782,0.7109858114063441,-0.7032063537674148
1769099854.7641432,13.558449663222836,-7.101982267072549,-1.559428065648575,0.7111146237705135,-0.7030760925104202
1769099854.8141847,13.558527041788631,-7.111701327391545,-1.5638691668524685,0.7095516558158294,-0.7046534238397021
1769099854.864136,13.55857430577115,-7.118307243755398,-1.5623267181433647,0.7100948906278989,-0.7041059908168318
1769099854.914169,13.558616162411223,-7.124786670592416,-1.5595648744204966,0.7110665286184497,-0.7031247342246663
1769099854.9641366,13.55867776927159,-7.134531161981128,-1.5596556639346149,0.7110346097093264,-0.7031570121925158
1769099855.0141616,13.558750518045573,-7.141060913859159,-1.558111802786598,0.711577186206953,-0.7026079333951442
1769099855.0641217,13.558789352429626,-7.147413855026209,-1.5617667299051194,0.7102920083274404,-0.7039071408262395
1769099855.114192,13.558871175019695,-7.156930326451706,-1.5603622762412426,0.7107861356378098,-0.7034081812042486
1769099855.1641247,13.5589230865036,-7.16328311308436,-1.5616216103563902,0.7103430818008919,-0.7038556003454198
1769099855.214255,13.558982695388224,-7.169509255107574,-1.5623821710468222,0.7100753679941901,-0.7041256789578942
1769099855.2641237,13.559068365435516,-7.179076307486662,-1.561567814807932,0.7103620136929546,-0.7038364934429663
1769099855.3142147,13.559137612779155,-7.185479541390335,-1.5607747397345988,0.7106410554255885,-0.7035547529109626
1769099855.364173,13.559214109213658,-7.191857390369363,-1.5583349269061635,0.7114987973906685,-0.7026873140392051
1769099855.4143257,13.559318722476709,-7.20117112558103,-1.5595873763993418,0.7110586177244971,-0.703132734382156
1769099855.4641502,13.559394341265142,-7.207650222014506,-1.5587361179042716,0.7113578271643337,-0.7028300233570262
1769099855.5141625,13.559445932353862,-7.21410426952043,-1.5605781398171756,0.7107102113952194,-0.7034848935254847
1769099855.5641246,13.559518844290674,-7.223823341547259,-1.5643045718014306,0.7093982342086438,-0.7048078782914236
1769099855.6141777,13.559545418002052,-7.230226939666999,-1.5648476467038985,0.7092068263232313,-0.7050004804938292
1769099855.6641579,13.559563117917367,-7.236757146744004,-1.567129365563308,0.7084020585139361,-0.7058091268134876
1769099855.7141714,13.55960727418259,-7.2465016434750495,-1.5627960451977854,0.7099296430826929,-0.7042726048004992
1769099855.7641525,13.559636400109996,-7.252778652859953,-1.5627091121992793,0.7099602546766858,-0.7042417459789042
1769099855.814181,13.559705195015406,-7.259232536314748,-1.5614994543602398,0.7103860705668931,-0.7038122126991895
1769099855.8642538,13.559814469525435,-7.268723452660317,-1.5568284800464056,0.7120278760566104,-0.7021511971921092
1769099855.9141786,13.559907693348624,-7.274999829851663,-1.5576351971929658,0.7117445994363597,-0.7024383426131975
1769099855.9641988,13.560001581138899,-7.281301520552101,-1.5551959499663635,0.7126007802600203,-0.7015697598762437
1769099856.014183,13.560136502468893,-7.2908932956067485,-1.5589524657782472,0.7112817951118097,-0.7029069696215294
1769099856.064229,13.560224196357868,-7.29732162131862,-1.556613940279272,0.7121031916370439,-0.7020748140051283
1769099856.1142266,13.560327228925876,-7.306610077217272,-1.5588703710834297,0.7113106469791656,-0.7028777727984296
1769099856.1641295,13.560399044412666,-7.313165156206822,-1.5601602080473407,0.7108572002202518,-0.7033363639788752
1769099856.2142265,13.56045862202502,-7.3196444332193185,-1.5616805823032083,0.7103223276245851,-0.7038765451966641
1769099856.2641337,13.560550456758909,-7.329413923047072,-1.5606301101204185,0.710691930993654,-0.7035033612005783
1769099856.3142028,13.560616842607548,-7.3359437427147025,-1.5596710066302706,0.7110292155263863,-0.7031624667656342
1769099856.364133,13.560654049058126,-7.342423254799103,-1.563959309447542,0.7095198954510147,-0.704685403537764
1769099856.4142177,13.560713137762063,-7.3519652152759445,-1.5641689627011222,0.7094460217590259,-0.7047597762431478
1769099856.4641323,13.56074419641995,-7.358318149816164,-1.566422535931383,0.708651457670973,-0.7055587229570655
1769099856.5142176,13.560788448047488,-7.3646203319994825,-1.5660145601580222,0.7087953683589314,-0.7054141519653023
1769099856.5641344,13.560854023648938,-7.374162222665697,-1.562675595200969,0.7099720566116949,-0.7042298480116844
1769099856.614401,13.560944775096837,-7.380514691415914,-1.5576781504154662,0.7117295132770051,-0.7024536283132699
1769099856.6641457,13.56102778022856,-7.386841818595121,-1.5541312903310252,0.7129741457781059,-0.7011903218470577
1769099856.7142062,13.561158119094182,-7.396332357166317,-1.5551049008832025,0.7126327181632875,-0.7015373183254077
1769099856.7641356,13.561247518658153,-7.402735317654589,-1.5535919285443245,0.7131632174817033,-0.7009980208468101
1769099856.8142428,13.561311960784364,-7.409189248201941,-1.5563904523181695,0.7121816398253268,-0.7019952363767923
1769099856.8701777,13.5613838613531,-7.418908467049066,-1.55846341851664,0.7114536512100144,-0.7027330234021589
1769099856.914178,13.561463458700905,-7.425362201266953,-1.5582761186913905,0.7115194589763251,-0.702666392748392
1769099856.9641373,13.561491584973941,-7.4319178401444965,-1.564230130523462,0.7094244671168372,-0.7047814735476462
1769099857.0141869,13.561553325196162,-7.441712890033448,-1.5611210914184743,0.7105192060834956,-0.7036778082236778
1769099857.064139,13.56158485679217,-7.448065889170568,-1.5637207915192033,0.7096039304564621,-0.7046007819189108
1769099857.1141906,13.561657273529681,-7.4545956354126375,-1.5611096433641358,0.7105232339427484,-0.7036737411809101
1769099857.1702302,13.561762369342373,-7.464162502690019,-1.5578269186504075,0.7116772599148485,-0.702506567741607
1769099857.2141886,13.561839179994115,-7.470489701864984,-1.5604007315721424,0.7107726106092376,-0.7034218478322443
1769099857.2641952,13.561932330600328,-7.476816735138718,-1.5561308623869257,0.7122727492736763,-0.701902792872431
1769099857.3141942,13.562020439764648,-7.483143784501773,-1.5588129303354852,0.7113308335982886,-0.7028573434007529
1769099857.3642576,13.56215908293056,-7.492634311633281,-1.5551111771364359,0.7126305166468473,-0.7015395546536541
1769099857.4142075,13.562252107295716,-7.499087854957701,-1.5551475901562204,0.7126177439418961,-0.7015525290519321
1769099857.4712336,13.562355751932875,-7.505566565395782,-1.5556081429248154,0.7124561740694727,-0.7017166094872553
1769099857.5142002,13.562509901894837,-7.5151580866046865,-1.5526622496740168,0.7134889919454035,-0.7006664387372439
1769099857.5652494,13.562610140731778,-7.521763402151938,-1.5564667846929197,0.7121548468249029,-0.7020224171234128
1769099857.6142063,13.5627056432874,-7.528267546412743,-1.5561202286189557,0.7122764811993271,-0.7018990057909362
1769099857.6652055,13.562826448840688,-7.538036753156323,-1.5622656508467219,0.710116389221588,-0.7040843087009496
1769099857.714214,13.562896966117599,-7.544642433403774,-1.5624888440074156,0.7100378113988016,-0.704163550877209
1769099857.7722254,13.562948636648251,-7.551020520725235,-1.5634640570792975,0.7096943722532877,-0.7045096862300844
1769099857.8142183,13.563023540285876,-7.560638280846152,-1.564788483471766,0.7092276810664652,-0.7049795007013213
1769099857.8661923,13.563088241010924,-7.566990921558782,-1.5586843099311467,0.711376033025146,-0.702811596117627
1769099857.9144044,13.563162411967596,-7.573368778684719,-1.557671627373706,0.7117318043403956,-0.702451306988865
1769099857.966246,13.563296041744682,-7.582884676735291,-1.552293889660895,0.7136180285923727,-0.7005350164466696
1769099858.0144472,13.563397199191083,-7.58923680719378,-1.5524806102223425,0.7135526233366773,-0.7006016369730703
1769099858.073255,13.563504639601947,-7.595538233270051,-1.5531594479149387,0.7133147848394381,-0.7008437898201468
1769099858.1141958,13.563646126312387,-7.6050793025314105,-1.5545271131230554,0.712835358260329,-0.7013314138222161
1769099858.1672356,13.563733787323455,-7.611482317091197,-1.5557510275062258,0.7124060400093192,-0.7017675071975336
1769099858.2142859,13.563804729136754,-7.617910896074078,-1.5555251626999522,0.7124852877572655,-0.7016870489965213
1769099858.2642035,13.56391411019432,-7.627705597250889,-1.5602013050455414,0.7108427475635339,-0.7033509708789247
1769099858.314206,13.563973700092927,-7.634235512457157,-1.5584718136719444,0.7114507014273119,-0.702736009777915
1769099858.3642051,13.56402388927478,-7.640689629895857,-1.5599433846634143,0.7109334459279545,-0.7032592946140166
1769099858.4142036,13.564126267334572,-7.650433711311118,-1.5586754937909482,0.7113791310610168,-0.7028084603153784
1769099858.4642403,13.56418734261393,-7.657014237995747,-1.5598240977787248,0.7109753894686054,-0.7032168908451822
1769099858.51421,13.564249437635521,-7.663392240709203,-1.5627246310244627,0.7099547901530416,-0.7042472548322433
1769099858.5642033,13.564348572256053,-7.673035078809137,-1.5598131916034994,0.710979224161351,-0.7032130138236375
1769099858.6142194,13.564420244457079,-7.6793876568572985,-1.5626187976279153,0.7099920555985189,-0.7042096853828338
1769099858.6642292,13.564511511187094,-7.685689406018019,-1.5584571996870948,0.7114558362950192,-0.7027308111942687
1769099858.7142098,13.564638161822813,-7.6952053942080685,-1.558137345494109,0.7115682128944528,-0.7026170211418129
1769099858.764218,13.564742120782507,-7.701506963465116,-1.5552309496950403,0.712588502775284,-0.7015822301857988
1769099858.814223,13.564859100075106,-7.708010813126076,-1.5503792471779962,0.7142883385389833,-0.6998515338464428
1769099858.8644695,13.5650471680634,-7.717753574234852,-1.5513951626990579,0.7139327513857097,-0.7002142718474328
1769099858.9142332,13.565163307382548,-7.72420673713629,-1.5517231483576472,0.7138179116665435,-0.7003313422830758
1769099858.9643123,13.565259343876862,-7.730710882578736,-1.5555443629276486,0.7124785514488774,-0.7016938889040644
1769099859.0142248,13.565398527756837,-7.740505141875116,-1.55615860120742,0.712263014227382,-0.701912671607889
1769099859.0642183,13.565464519105335,-7.746959114693691,-1.5596828898091741,0.7110250376111404,-0.7031666913969093
1769099859.1142268,13.565527434608772,-7.753413062887194,-1.5624070546996822,0.7100666073297484,-0.7041345135378758
1769099859.1642082,13.56561733996283,-7.763106614726305,-1.5597730579124784,0.7109933352851113,-0.7031987465718018
1769099859.214213,13.565683017739591,-7.769180826001059,-1.5587023423655233,0.7113696962942383,-0.7028180100098768
1769099859.2642083,13.565776342392228,-7.775533139279796,-1.5533943893755084,0.7132324512861734,-0.70092757859305
1769099859.3142145,13.565924412582437,-7.784770328351285,-1.5541061350191647,0.7129829650523201,-0.7011813542481019
1769099859.364235,13.566036629387536,-7.791021078063504,-1.5500351821878624,0.7144087251741879,-0.699728642685857
1769099859.4142604,13.566140254621223,-7.797322544665983,-1.5522518041749733,0.7136327696126638,-0.7005199998108254
1769099859.4641926,13.566303986815162,-7.8068126312063075,-1.5541173730116788,0.7129790251056595,-0.7011853604856446
1769099859.5142288,13.56640398164358,-7.813164829031457,-1.5534850258531108,0.7132006857503974,-0.7009599003118245
1769099859.564198,13.566510002705863,-7.81961818343647,-1.554978479598402,0.7126770613641247,-0.7014922709520011
1769099859.6142175,13.566683878907744,-7.828956227686323,-1.5488445576378975,0.7148251556076859,-0.6993032224367679
1769099859.664209,13.566824195538953,-7.835079825518147,-1.5450621629072567,0.7161463968998935,-0.6979500972184904
1769099859.7142222,13.567087100567775,-7.844846262596197,-1.5413709653901253,0.7174333123205434,-0.6966271903771584
1769099859.764202,13.56726930966426,-7.851323200368003,-1.5404491192584002,0.7177543276401476,-0.6962964348277533
1769099859.8142242,13.567475785533269,-7.857824813272964,-1.5418674432694852,0.7172603602221854,-0.6968052637960916
1769099859.8642058,13.567800173792778,-7.867437598264782,-1.534118101292785,0.7199548604715881,-0.6940208922527737
1769099859.9142294,13.568033252458244,-7.873786304180727,-1.5352318925745585,0.7195682516411965,-0.6944217243361787
1769099859.9642057,13.568320945354857,-7.880209248660865,-1.525354447108611,0.7229890185853717,-0.6908595219036654
1769099860.0142162,13.568765353554078,-7.889918408722775,-1.5219553555960261,0.7241621212281192,-0.689629771818467
1769099860.0642402,13.569092021741193,-7.896111140229499,-1.513205586060773,0.7271722323062875,-0.6864550564768904
1769099860.1142166,13.569477270529166,-7.902503346153095,-1.5043847684908571,0.7301926975440554,-0.6832412637226587
1769099860.31423,13.571375008129712,-7.931142809580718,-1.4709004059099426,0.7415287779153635,-0.6709210620656856
1769099860.3641691,13.572121182095001,-7.9407814960172,-1.4708003362688304,0.7415623464020948,-0.6708839589665411
1769099860.4142349,13.572614471931711,-7.947241932365758,-1.4696270171271946,0.7419557992634047,-0.670448798894742
1769099860.4642024,13.573166296845624,-7.953773732600647,-1.4697502241578915,0.7419144958526993,-0.6704945047080065
1769099860.5142379,13.574077954159778,-7.963602333121766,-1.4661131168187211,0.7431325986163221,-0.6691441854142889
1769099860.5642054,13.57469466622482,-7.970001337415881,-1.4639423531475138,0.7438584376929503,-0.6683372088048092
1769099860.6144414,13.575352164077676,-7.976370931983924,-1.4584865452812819,0.7456788274376963,-0.6663055502628973
1769099860.6641717,13.576377575519034,-7.985908397356202,-1.457056454616129,0.7461550754418904,-0.6657721858055553
1769099860.7144537,13.577080185707464,-7.99214593231036,-1.456697774238086,0.7462744631516413,-0.6656383595074202
1769099860.7642074,13.578173334676686,-8.001599817957908,-1.4512474185224202,0.7480856726878666,-0.663602159670342
1769099860.8142388,13.578966432764137,-8.007928927902675,-1.4438369029851754,0.7505393489151453,-0.660825760492151
1769099860.8642108,13.579780453084794,-8.014306098976686,-1.4375616317984807,0.7526090815044308,-0.6584675925488338
1769099860.9142458,13.580980846392597,-8.023414941815219,-1.4325110674016681,0.7542694965151471,-0.6565649447136106
1769099860.964177,13.581863407033062,-8.0297574340503,-1.4282653194778758,0.7556616005011865,-0.6549622474066618
1769099861.0142436,13.582783818015962,-8.036171264971085,-1.4240028402794733,0.75705576474642,-0.6533502652208945
1769099861.064209,13.584156418999768,-8.045537316267463,-1.4194212891648876,0.7585504558733528,-0.6516143076194142
1769099861.1142502,13.585133330950237,-8.05186608121622,-1.413318314356052,0.7605353139926144,-0.6492965702744435
1769099861.1642532,13.586149503113166,-8.058265438808442,-1.4076244969126084,0.7623807175393774,-0.647128767343984
1769099861.2142508,13.587694368915567,-8.067988930056313,-1.4034286721187161,0.763736658298665,-0.6455279364758648
1769099861.2642128,13.588803292795285,-8.07455262437955,-1.397367336812147,0.7656895285027002,-0.643210343465738
1769099861.3142598,13.589855862995508,-8.080971341363023,-1.397453677575215,0.7656617601532739,-0.6432433979754401
1769099861.3643918,13.59098486448936,-8.08742884378294,-1.392180731501145,0.7673549910114911,-0.6412225181399624
1769099861.414251,13.592682635239692,-8.096921468514942,-1.3872996257103316,0.768917641634667,-0.6393478398985811
1769099861.464231,13.593858072538316,-8.103036427026481,-1.3761442118842426,0.7724717572144396,-0.6350491196010242
1769099861.5142455,13.595087211327721,-8.109295106930704,-1.3751024448860438,0.77280243901363,-0.634646665676725
1769099861.5641801,13.596903279002039,-8.118456484311812,-1.3738802149879645,0.7731901367482753,-0.6341742760749473
1769099861.614255,13.598187501901407,-8.124730320998161,-1.3685103559309153,0.7748900610397143,-0.6320960317086858
1769099861.6641846,13.59946387458033,-8.130953765143865,-1.3643126829964767,0.7762150195287282,-0.6304682731573541
1769099861.7142618,13.60145563608198,-8.140518420320474,-1.3610248504911022,0.7772504072579183,-0.6291913893382522
1769099861.7642236,13.602822440955427,-8.146955665448138,-1.3566847082050404,0.7786139661472166,-0.627503220486159
1769099861.8142598,13.604162680887043,-8.153165588785239,-1.354431164639826,0.7793205246501447,-0.6266255020816048
1769099861.864467,13.606241388778342,-8.16268581900102,-1.3538130726993978,0.7795141435170916,-0.6263846262934741
1769099861.9144635,13.607631440613423,-8.16893681046256,-1.3441971876808463,0.7825167434576926,-0.6226295417086855
1769099861.9641888,13.609073714161486,-8.175279575167826,-1.3412623011864453,0.7834295741146745,-0.6214805728279039
1769099862.0142655,13.611295130831104,-8.184793591139577,-1.3359306083896159,0.78508356008673,-0.6193898640448888
1769099862.0642056,13.612782990234757,-8.19109982823023,-1.3319814176521183,0.7863050731184918,-0.6178384351819844
1769099862.1142647,13.614323829199762,-8.1974195677484,-1.3279060450145146,0.7875624007400096,-0.6162349105175985
1769099862.165496,13.61666223979528,-8.206827358306414,-1.3205225916799486,0.7898319996477858,-0.6133232527243525
1769099862.2142572,13.618228440350693,-8.213036294369493,-1.3181901709694326,0.7905467263100023,-0.6124017256021885
1769099862.2641907,13.619804285548298,-8.219086312528185,-1.3128375945218256,0.7921828567288031,-0.6102838040657745
1769099862.3142588,13.622221253916912,-8.228264886985702,-1.3080920200405524,0.7936286989525084,-0.6084024064703794
1769099862.3642194,13.623823135567918,-8.234229310364386,-1.3012001558958852,0.7957204962220604,-0.6056640090777377
1769099862.4142635,13.625517704355246,-8.240404509117708,-1.2943355399086,0.7977946304773919,-0.602929289039305
1769099862.4665089,13.628068677319693,-8.249546402757542,-1.2959935354184988,0.7972945293705458,-0.6035904517433985
1769099862.5142634,13.629847981837802,-8.255882024830838,-1.2897817978325863,0.7991653535881249,-0.6011112522856041
1769099862.5642,13.631631101990962,-8.262111257706174,-1.2864968000119876,0.8001515997260682,-0.5997978138138
1769099862.6142464,13.634381503583496,-8.271591376362101,-1.2857093850362653,0.8003876825964857,-0.5994827416596971
1769099862.664196,13.636230629890948,-8.277828029888031,-1.2785952199882387,0.8025150241017197,-0.5966319100509261
1769099862.7142572,13.63808976066099,-8.28403505669906,-1.272701534052872,0.8042697176345536,-0.5942644371793044
1769099862.7674906,13.640910366938282,-8.29328300202221,-1.2698700535766825,0.8051102354223147,-0.5931252050100594
1769099862.8142633,13.642769247464638,-8.299304911191413,-1.2619040412917455,0.8074662642487721,-0.5899137497127288
1769099862.8641908,13.644732566555438,-8.30547976644607,-1.2576953240793811,0.8087058655477519,-0.5882132462199924
1769099862.9142492,13.64770767525548,-8.314626263092576,-1.2478102492509089,0.8116032419012688,-0.5842090188753941
1769099862.9641938,13.649707905519223,-8.320709102377043,-1.2463267081755778,0.8120363676179789,-0.5836068348347188
1769099863.0143101,13.651742362629756,-8.32672763229133,-1.243139563400503,0.8129653558895444,-0.5823120556225728
1769099863.0685177,13.654820485107326,-8.335759723453606,-1.2380881346339927,0.8144335152138662,-0.5802568821620173
1769099863.1142864,13.656877181349136,-8.341717034305386,-1.2383963502882058,0.8143440834158652,-0.580382385850548
1769099863.1645484,13.658974291662535,-8.34774085773705,-1.2320408034903834,0.8161842922996722,-0.5777916588211388
1769099863.214281,13.662154193555068,-8.356817917974503,-1.2315269494093433,0.8163327156602007,-0.5775819399382583
1769099863.264522,13.664341617329432,-8.362890575857687,-1.224502047475011,0.818356404061804,-0.5747110542968817
1769099863.3142676,13.666540865118993,-8.368985466555474,-1.2190493073876616,0.8199202356648901,-0.5724777787366345
1769099863.369547,13.669967992682977,-8.378269777405144,-1.2145287215673817,0.8212121075733749,-0.5706230580469874
1769099863.414273,13.6722543999018,-8.384413595448718,-1.2113872833292805,0.8221073827218445,-0.5693324611105876
1769099863.4655306,13.67455440421335,-8.390498375562476,-1.2043619525118172,0.8241021811397937,-0.566441166442407
1769099863.5142639,13.678007626359644,-8.399583277944936,-1.2050384446550049,0.8239105375011773,-0.5667198833590729
1769099863.564453,13.680326000006788,-8.405606831641803,-1.1997517382887073,0.8254056981042759,-0.5645400194290862
1769099863.6142704,13.682593307084582,-8.41140587578516,-1.1939643371472968,0.827035849834715,-0.562149182235615
1769099863.664392,13.684954455616053,-8.417358335608895,-1.188383128736047,0.8286013634136674,-0.5598390666513114
1769099863.7142699,13.688378718147797,-8.425884116482557,-1.1823331761181144,0.8302910696964964,-0.5573300095834136
1769099863.7642798,13.690834716463293,-8.431689521394981,-1.1705512265492188,0.8335598607434622,-0.5524291434721197
1769099863.8142676,13.694552750492434,-8.440477493015006,-1.1615077349882312,0.8360492748347489,-0.5486543630085252
1769099863.8642604,13.696974158158175,-8.446213144823417,-1.1630444103846633,0.8356274762680049,-0.5492965691736704
1769099863.9142697,13.69941346666755,-8.451859243750453,-1.158559662677172,0.8368571026333556,-0.5474214005426765
1769099863.9642556,13.703295923598992,-8.4608243334271,-1.1547942444095853,0.8378862541365658,-0.5458448727697222
1769099864.014271,13.705852978412807,-8.466612329528775,-1.1498441853873151,0.8392346685774896,-0.543769409821508
1769099864.0642567,13.708479830666018,-8.472645746605654,-1.1495180411058374,0.8393233310601409,-0.5436325467980271
1769099864.1143415,13.712414054594683,-8.48153297708122,-1.1482848957984126,0.8396583604615822,-0.5431149396830912
1769099864.1642668,13.715068301242264,-8.487443911719103,-1.1432354386067005,0.841026900727276,-0.540993301486324
1769099864.2143364,13.717629115236315,-8.493063772041122,-1.1380668870561663,0.8424221666650745,-0.5388180519538311
1769099864.264263,13.721474169432714,-8.501463774449656,-1.1361509378697385,0.842937954038426,-0.5380107858040696
1769099864.3143258,13.724183012072846,-8.507294149992143,-1.1301168372007593,0.8445573207396009,-0.535465154781473
1769099864.3642519,13.728100681325804,-8.51563268056026,-1.1250430003063405,0.8459130329463846,-0.5333208609190614
1769099864.4142666,13.73079188254694,-8.521303412818446,-1.1230791093048327,0.846436317060247,-0.5324899634373261
1769099864.4642713,13.733354282112108,-8.526643106257119,-1.1161741578265176,0.8482696775068005,-0.5295644948658367
1769099864.5142686,13.737581407040148,-8.53528250535562,-1.1124712608831115,0.8492486844462952,-0.5279930605284854
1769099864.56427,13.740444282825415,-8.541039031433769,-1.103270245943331,0.8516687248792317,-0.5240805120041991
1769099864.6142862,13.743189902946064,-8.54651418134574,-1.1000675720654174,0.8525068620451194,-0.5227160320537183
1769099864.66429,13.747555354750594,-8.555056254854605,-1.0967266718444675,0.8533788432737076,-0.5212912332399509
1769099864.714285,13.750501790516422,-8.56077037252151,-1.0923180527894618,0.8545258563004402,-0.5194088571770793
1769099864.7644763,13.75348762161752,-8.566520984918196,-1.0922137878921987,0.8545529331947815,-0.5193643079459689
1769099864.8142905,13.757954550726001,-8.575096074915198,-1.0881088360404938,0.8556171152164029,-0.5176092659031141
1769099864.8642929,13.760961078711743,-8.580864324971168,-1.089479113425057,0.8552622802888363,-0.5181953607618849
1769099864.9142864,13.764053316534593,-8.58675929704317,-1.0836110392888334,0.8567790012129501,-0.5156837626690796
1769099864.9642816,13.768737791469679,-8.595591663121382,-1.080207889276436,0.8576552350507216,-0.5142251430940453
1769099865.014283,13.77169961479719,-8.601126044861081,-1.0750799964450577,0.8589708602841291,-0.5120244732263716
1769099865.064261,13.774814175244364,-8.606894343493721,-1.0704457664067135,0.8601549729038771,-0.5100327661912816
1769099865.1143005,13.779283032417894,-8.615066624879278,-1.0641971224457563,0.861744278743851,-0.5073428801631498
1769099865.164253,13.782328868909358,-8.620612778990095,-1.066164793897267,0.8612447197184467,-0.5081904492974009
1769099865.2142832,13.785355965736505,-8.626082818069085,-1.0620310387337075,0.8622932468067964,-0.5064092776711278
1769099865.2642636,13.789936846657325,-8.634337751446028,-1.063271175354714,0.8619790727124105,-0.5069438610002619
1769099865.31503,13.793103628619113,-8.640019728766019,-1.0606722068585686,0.8626371102946414,-0.505823305060681
1769099865.3642933,13.796190219066231,-8.645572442208529,-1.06113394009307,0.8625203095912949,-0.5060224456904424
1769099865.4145498,13.800971356641732,-8.654150515866515,-1.0650628736392245,0.8615245816613374,-0.5077158606871146
1769099865.4642842,13.80414748855797,-8.65982731232555,-1.0598558436340384,0.8628435061981442,-0.5054711503258055
1769099865.5143397,13.807346489573852,-8.665549226130512,-1.063334417043881,0.8619630422884351,-0.5069711172531088
1769099865.5642674,13.812040734611463,-8.673943973065846,-1.0628588995280366,0.8620835547473878,-0.5067661636633878
1769099865.614298,13.81517911794126,-8.679583792765602,-1.063796923978888,0.8618457804125897,-0.5071704356377785
1769099865.6642625,13.818347766690183,-8.685264707555355,-1.062351278303803,0.86221214960857,-0.5065473413881165
1769099865.714267,13.822994864774284,-8.693627743219631,-1.0630843684657605,0.8620264192550751,-0.50686334697458
1769099865.7642648,13.826132091573946,-8.699268206740209,-1.0621548393133762,0.8622618982737525,-0.5064626529028027
1769099865.8143024,13.829295663076639,-8.70495194019874,-1.0609516423741914,0.8625664293770476,-0.5059438258460426
1769099865.864273,13.83395491892432,-8.713279221547548,-1.0566598540547152,0.8636501444460208,-0.5040916861032002
1769099865.9142947,13.837124222904635,-8.718872687746254,-1.0520827324408855,0.8648015262274993,-0.5021138518648812
1769099865.9643533,13.840191504850832,-8.724291108582293,-1.051122333902371,0.8650425412151135,-0.5016985169283428
1769099866.014295,13.84495724027043,-8.732645395090831,-1.0549444807423822,0.8640821794437638,-0.5033507595779659
1769099866.0643206,13.848081617350182,-8.738118834818307,-1.052001658876889,0.8648218795967109,-0.502078795181406
1769099866.1142757,13.85128467197376,-8.743751293298596,-1.0513075679269845,0.8649960716873343,-0.5017786324321513
1769099866.1643128,13.856122253296107,-8.752210330764761,-1.0501893277442094,0.865276490982049,-0.5012949173428672
1769099866.2143123,13.85933787790083,-8.757893907561442,-1.0525592447743621,0.8646818699613575,-0.5023198819080626
1769099866.2642937,13.86266472477812,-8.763718032045357,-1.05093824675346,0.8650887156755167,-0.5016188931957059
1769099866.3143194,13.867499896150441,-8.772178442578543,-1.0464136662171892,0.8662213085053326,-0.4996605294510558
1769099866.3643067,13.870736607393507,-8.777849993828092,-1.050935272408231,0.8650894616684409,-0.5016176066589041
1769099866.414305,13.873889674894299,-8.7833069563466,-1.048710402729606,0.8656469431760841,-0.5006549408224205
1769099866.4642718,13.878597743383896,-8.79149013548311,-1.0474342103360268,0.8659662329367245,-0.5001024729126807
1769099866.5144353,13.881821105475957,-8.797023415981558,-1.0420464131690166,0.867310314455261,-0.4977678358828705
1769099866.5642972,13.884964933844554,-8.802427128863018,-1.0428440639119028,0.8671117230405698,-0.4981137016441267
1769099866.6143842,13.889680783552219,-8.810430265075805,-1.0376137931415104,0.8684113912649842,-0.4958443863967954
1769099866.6642792,13.892900107920804,-8.815877796884159,-1.0335010345225046,0.8694291985600939,-0.49405755605106655
1769099866.7143762,13.896242855388818,-8.82148752398854,-1.0300664833505182,0.8702763491337224,-0.4925637787520306
1769099866.7643015,13.90119386617377,-8.829733407028352,-1.0266661293645514,0.8711125365235891,-0.4910834437358265
1769099866.8143063,13.90441633823516,-8.835149490308899,-1.0302834252978694,0.8702229151413338,-0.4926581755770619
1769099866.8646019,13.907710839367093,-8.84064060855695,-1.0275278407857649,0.8709008695688151,-0.4914587219536162
1769099866.9142992,13.912692257809335,-8.848956736728809,-1.0271167139926936,0.8710018770917168,-0.49127968623046664
1769099866.964321,13.916088785488915,-8.854622753931348,-1.0289298616978593,0.870556137907073,-0.49206911176411106
1769099867.024162,13.919354038369852,-8.860101912673864,-1.0295289122823246,0.870408711713631,-0.4923298432687351
1769099867.0643227,13.924217028410755,-8.868223511229912,-1.0324458261864395,0.8696897443639908,-0.4935987728389286
1769099867.1142356,13.927497419247372,-8.87369357470097,-1.0293123547770533,0.8704620154723799,-0.4922355936132232
1769099867.1643074,13.930831600901117,-8.879249435061778,-1.0310408760563474,0.8700362705821103,-0.4929877157410445
1769099867.2157416,13.935755086768346,-8.887452799732458,-1.0302866623325293,0.870222117764399,-0.4926595840472857
1769099867.2642894,13.938900693521571,-8.892708568009835,-1.0291580260406994,0.8704999959294043,-0.4921684234963749
1769099867.3240175,13.942180087939951,-8.898179234494984,-1.0315212789135255,0.8699178291305291,-0.4931966854722644
1769099867.3642893,13.946989624963145,-8.90627383648298,-1.0341014894310883,0.8692808297363327,-0.4943185602958006
1769099867.4259222,13.9500821243381,-8.911531832467082,-1.0422562472975907,0.8672580853418211,-0.49785882879510984
1769099867.4643302,13.954759274752814,-8.919586887670626,-1.047749887499717,0.8658872866850343,-0.5002391495647148
1769099867.5172408,13.95795529181439,-8.925165269706763,-1.0550953903907554,0.8640441967409357,-0.5034159573139405
1769099867.5643218,13.961063718420222,-8.930676984828544,-1.0633365124830043,0.8619625111244053,-0.5069720203483714
1769099867.6144693,13.965795556632312,-8.939195675971131,-1.0703650741501411,0.860175550051202,-0.5099980618532899
1769099867.6643178,13.968804557224587,-8.944675519153117,-1.0727313478563727,0.8595715506476715,-0.5110154100584027
1769099867.7143497,13.971843253988785,-8.950312547019022,-1.0802729589843096,0.8576385043568822,-0.514253046509683
1769099867.7643309,13.976206366209306,-8.95848443829293,-1.0849898915998224,0.8564232717500361,-0.5162743259207879
1769099867.8143163,13.979195681070614,-8.964147497675667,-1.092305341491536,0.8545291574635456,-0.5194034261002164
1769099867.8643208,13.983434302561001,-8.972270351994146,-1.0970652371183993,0.8532905854920662,-0.5214356879909611
1769099867.9143262,13.986331766421761,-8.977866915670655,-1.0984916597113707,0.8529184746787261,-0.5220441318046927
1769099867.9643195,13.989221046823348,-8.983467761442107,-1.099196079945767,0.8527345525545755,-0.5223445059341084
1769099868.0143154,13.993400964869553,-8.991649620056865,-1.0989665118401764,0.8527945037562401,-0.5222466221653791
1769099868.0643938,13.996310046007334,-8.997382797261752,-1.1063250414406494,0.8508672523488481,-0.5253807370662933
1769099868.1143215,13.99899700444547,-9.002689137461962,-1.1045991861162876,0.8513203010671323,-0.5246463046576877
1769099868.164403,14.00332098167465,-9.011337219883249,-1.1122351563568615,0.8493110093041523,-0.5278928011204189
1769099868.214324,14.006037486375813,-9.01682703034651,-1.1161652512012301,0.8482720358146497,-0.5295607172505054
1769099868.264357,14.010291095827862,-9.025594521999482,-1.1225672257462063,0.8465725757640569,-0.5322733075819323
1769099868.3143225,14.013131324212573,-9.031530967250594,-1.1289871273856056,0.8448596461113556,-0.534988017036452
1769099868.3643334,14.015803885237872,-9.037323333004807,-1.1349227829701143,0.8432681753767789,-0.5374930552078958
1769099868.4143405,14.019928771320934,-9.046179785403622,-1.1385947947080706,0.8422799142339613,-0.5390403937350435
1769099868.464322,14.022629690510982,-9.052125702295198,-1.146134221707401,0.8402419064943079,-0.5422117101011474
1769099868.5143301,14.025225704860482,-9.05784064949449,-1.1469044147544245,0.8400330403512454,-0.5425352441254327
1769099868.5643194,14.029125908420262,-9.066549582155426,-1.1501645705877748,0.8391475499740962,-0.5439038420276802
1769099868.6144116,14.031668400065456,-9.07228890944318,-1.15790913853454,0.8370351137810172,-0.5471491737155412
1769099868.6643302,14.034211854477267,-9.078110602823994,-1.1617025736102287,0.8359958213375406,-0.5487358077492036
1769099868.7143574,14.036680969779248,-9.083882052130946,-1.171822341545378,0.8332085919315069,-0.5529588070837788
1769099868.7643237,14.040452061109201,-9.092784790496355,-1.175341037924567,0.8322344558397541,-0.5544238545671609
1769099868.8143854,14.042926055953746,-9.098718650373101,-1.1832232737743726,0.830042948409803,-0.5576994744440424
1769099868.8643305,14.045433723500913,-9.104830128081797,-1.1884091480583734,0.8285940800269835,-0.5598498464269118
1769099868.9143581,14.049083215482366,-9.113865380265793,-1.1889744917445972,0.8284357931374058,-0.5600840442726407
1769099868.9643383,14.05155031500364,-9.119993444719054,-1.1933846991257355,0.8271987366188787,-0.5619094679182146
1769099869.0143266,14.053956781062737,-9.126091344191726,-1.1993450186450612,0.8255204857938317,-0.5643721534012074
1769099869.0643475,14.05748503447172,-9.135174883293509,-1.2041368099930574,0.8241659409134998,-0.5663483926331614
1769099869.1143293,14.05977421559918,-9.141155408741733,-1.2104518093226306,0.8223735906419264,-0.5689478688023228
1769099869.1644435,14.062009150598023,-9.147102360752196,-1.2151371066957328,0.8210384902901895,-0.5708728382591051
1769099869.2143338,14.06530494655948,-9.15597629402607,-1.2202493556466152,0.8195765876071618,-0.5729696475784737
1769099869.264417,14.06744445153538,-9.161796529931852,-1.2270012296534727,0.8176376115137366,-0.5757332162018377
1769099869.3143344,14.06959313752705,-9.167721029824467,-1.2246280796077234,0.8183201864070381,-0.574762622757213
1769099869.3643844,14.07281525233676,-9.1767297868381,-1.2314337885558684,0.8163596187878158,-0.5775439141854167
1769099869.4143262,14.074983417314574,-9.182862630176606,-1.2327074774110827,0.8159916476434139,-0.578063691106946
1769099869.4643333,14.077098787035126,-9.18896061464794,-1.2413894228720612,0.8134746085256196,-0.5816004309524624
1769099869.5143478,14.080230581951398,-9.198134824956785,-1.2474980626491148,0.8116944231276639,-0.5840823259297004
1769099869.5643375,14.082304831089878,-9.204353578762815,-1.2523933948135468,0.8102623545992386,-0.5860673312165572
1769099869.6143284,14.084337749881067,-9.21053263803114,-1.2588062869624477,0.8083789992556271,-0.5886623765474323
1769099869.6643252,14.087302237237155,-9.219762359698908,-1.2621869106064532,0.8073828219238098,-0.5900279475265097
1769099869.7143843,14.089239140189742,-9.225892747868118,-1.2690183674140516,0.8053627406793064,-0.5927823006176183
1769099869.7643142,14.091164965773965,-9.23199966517315,-1.2681289188280707,0.8056262857179579,-0.5924240776338242
1769099869.814407,14.09404801398148,-9.241255068838907,-1.2729978689458603,0.8041816581623719,-0.5943835972461033
1769099869.8643122,14.095975751786765,-9.247520652747449,-1.2753335923175964,0.8034869520782452,-0.5953223646395386
1769099869.914347,14.097798933201387,-9.253500618897586,-1.2814004423175869,0.8016773923968421,-0.5977569393322002
1769099869.9643369,14.10051453162201,-9.262648241826488,-1.2838517063086803,0.8009441604205519,-0.598739051581085
1769099870.0143282,14.102254758204854,-9.268653205952985,-1.293636945220812,0.7980051834034104,-0.6026505847182837
1769099870.064325,14.10400594533277,-9.274812721874092,-1.2960706380991598,0.7972712595571543,-0.6036211880676066
1769099870.1143258,14.106539652872241,-9.284012999921956,-1.3058257513797746,0.7943175909514846,-0.6075027281461624
1769099870.1643243,14.108201025434312,-9.29017124231417,-1.311806688654678,0.7924973240537782,-0.6098753900327516
1769099870.214332,14.109873491481348,-9.296509864715446,-1.3194549034787644,0.7901593060855368,-0.6129015181955605
1769099870.2643886,14.112248051642107,-9.30577801234624,-1.3276206120303498,0.7876503396039045,-0.616122506099115
1769099870.3143256,14.113870634339744,-9.31220752424967,-1.3292090306458852,0.7871607610138088,-0.6167478709490299
1769099870.3643446,14.115474411247765,-9.318694168636377,-1.3376351502175572,0.7845553870562311,-0.6200587428954192
1769099870.414339,14.117721685837592,-9.328019640437983,-1.3411242995447927,0.7834724549192947,-0.6214265140648036
1769099870.4643974,14.11917730838513,-9.334177456770973,-1.344239155993954,0.7825036779296307,-0.6226459620254522
1769099870.5143254,14.12062690455296,-9.340362649228949,-1.3465529379457486,0.781782820945543,-0.6235508165935068
1769099870.5643175,14.122697263170117,-9.349391961760684,-1.3457010341192281,0.7820483526794596,-0.6232177581482603
1769099870.6143253,14.124096667333799,-9.355563040879717,-1.3514040839831858,0.7802680546209464,-0.6254452517511375
1769099870.6643152,14.125467689789895,-9.361688495793402,-1.3524350686329125,0.7799455387371012,-0.6258473908263044
1769099870.7143486,14.127544450379146,-9.371157585084648,-1.3598127818386605,0.7776315760809492,-0.6287202333962689
1769099870.7643056,14.128893705608952,-9.377521081888165,-1.3676867837438942,0.7751502836897837,-0.6317768891750061
1769099870.814349,14.130213665296997,-9.38386461696967,-1.3719281811546618,0.7738087331976371,-0.6334193274814625
1769099870.8643546,14.132143643277834,-9.393571352158084,-1.377702661749828,0.7719766766378471,-0.6356508559950068
1769099870.9144263,14.133339462591456,-9.399785220657963,-1.3874409622788535,0.7688724580998233,-0.6394021763925546
1769099870.9643402,14.134528738098417,-9.406180382129723,-1.3910883754943384,0.7677050981737847,-0.6408033101022337
1769099871.014381,14.136246719703319,-9.415746876742704,-1.399268715817247,0.7650776892542448,-0.6439379856829268
1769099871.0643346,14.137362443300095,-9.422078025880506,-1.400774374397381,0.7645926971188051,-0.6445137760456259
1769099871.1143415,14.138431649090734,-9.428417629681368,-1.4045692436715262,0.7633683987247204,-0.6459633796342146
1769099871.164327,14.14002728093672,-9.437953777372131,-1.4082787143367743,0.7621689952981049,-0.6473781140927436
1769099871.2143366,14.141049651213601,-9.444224008347195,-1.4100264676129484,0.7616029757410813,-0.6480439084987452
1769099871.264333,14.142064355270369,-9.450598140902063,-1.417434652251252,0.7591973420615563,-0.6508605041071921
1769099871.314353,14.143539765107604,-9.459974074186109,-1.4161692076700594,0.7596090040155195,-0.6503800127760312
1769099871.364372,14.144494029127754,-9.466178256052814,-1.4239233329884242,0.7570817372030527,-0.6533201689781265
1769099871.4143417,14.145442853348,-9.472485454367293,-1.426895235423309,0.7561100998224458,-0.6544444338112221
1769099871.4643767,14.146804859939465,-9.481981137074097,-1.4352544552850741,0.7533681810449573,-0.6575989536100346
1769099871.5143363,14.147710175002118,-9.488499199967404,-1.4407805595097358,0.7515483274024077,-0.6596780363015305
1769099871.56435,14.148464890308945,-9.494450467118043,-1.4513557274989124,0.7480497345555696,-0.663642670894015
1769099871.6143558,14.149656197862116,-9.504274832736552,-1.4563635486370268,0.7463856894210336,-0.6655136381979624
1769099871.6643221,14.150426229582543,-9.51083571389008,-1.462598720020134,0.7443072698005848,-0.667837321600103
1769099871.7143416,14.151147290707014,-9.517249264828232,-1.4644582301462223,0.7436860230528654,-0.6685290562988366
1769099871.7643304,14.152176670622469,-9.526812003115834,-1.468471955928323,0.7423428802020403,-0.6700201849297819
1769099871.8143566,14.15284041796162,-9.533053685706356,-1.4708942428339566,0.7415308453805859,-0.670918777013398
1769099871.8643303,14.153465301391467,-9.539299565017924,-1.4731723129476153,0.7407661645072016,-0.6717629712341173
1769099871.91439,14.154340999314869,-9.54834388178391,-1.4795456753759837,0.7386217124757436,-0.6741201420068977
1769099871.9643602,14.154914050436265,-9.55456927349972,-1.4843123955745419,0.7370129451138788,-0.6758786272213131
1769099872.0143907,14.155426695205712,-9.560622294365384,-1.4917045759364913,0.7345098082524435,-0.6785980707170914
1769099872.0643451,14.15618542538282,-9.56993087740677,-1.4946826891701883,0.7334985233681474,-0.6796910446789389
1769099872.1143637,14.156674850886974,-9.576341129771363,-1.4999312123150261,0.7317123126171908,-0.681613594028466
1769099872.164357,14.157380518822324,-9.586085422407491,-1.5059482395388963,0.7296583605169527,-0.6838118724676494
1769099872.2143621,14.157823766369493,-9.592473445836463,-1.506581083211113,0.7294419509846135,-0.6840427180693913
1769099872.2643633,14.158254163970213,-9.599040075676578,-1.5131437450382024,0.727193457499988,-0.6864325716115263
1769099872.3143413,14.158819543321743,-9.608692145393352,-1.516265275101069,0.7261212122638493,-0.6875667131998741
1769099872.364384,14.159172273721367,-9.615136716951673,-1.5230478225581847,0.7237853143414443,-0.6900252305123753
1769099872.4143808,14.159489777889968,-9.621608389980361,-1.527848032122874,0.7221270983930547,-0.6917604019936582
1769099872.464419,14.159930229773064,-9.631165451003406,-1.5317271634133938,0.7207840262339157,-0.6931597128555771
1769099872.5143654,14.160230150781965,-9.637587095292345,-1.5281551410090748,0.7220208669966797,-0.691871279662166
1769099872.5643744,14.16052854877857,-9.643882309632039,-1.5297463621110954,0.7214701784465105,-0.6924455080454781
1769099872.614341,14.160978524530277,-9.65343908154204,-1.525155770025897,0.7230576439951667,-0.690787697820509
1769099872.6643493,14.161281183292965,-9.659759514722902,-1.52571069790096,0.7228659474902471,-0.6909882936483275
1769099872.714349,14.161589031335843,-9.666181061909443,-1.5244937852881681,0.7232862498398432,-0.6905483334225171
1769099872.7643545,14.1618690525889,-9.67257855964418,-1.5261957686727676,0.7226983371187139,-0.691163593894995
1769099872.8143642,14.162278825632654,-9.682289266231415,-1.532346167963918,0.7205694572065434,-0.6933827639486486
1769099872.8643405,14.162532583060813,-9.688915813560223,-1.534462652026763,0.7198352870845697,-0.6941449124411092
1769099872.9143326,14.162750745336055,-9.695290442562015,-1.5403492625468458,0.717789091681634,-0.6962605976664591
1769099872.9643636,14.16306706156325,-9.70510580931214,-1.5424142064625217,0.7170698396859574,-0.6970013235373053
1769099873.0144553,14.1632523763861,-9.711633336438787,-1.5450795882045945,0.7161403158787265,-0.6979563367239513
1769099873.0643458,14.163467886811144,-9.7181091927543,-1.543546125877519,0.7166752501993641,-0.6974070445239846
1769099873.114362,14.163764762742174,-9.727722625931438,-1.543634688221827,0.7166443674953377,-0.6974387790603612
1769099873.1643603,14.163972278931773,-9.73402158572908,-1.5443008594319816,0.7164120209274858,-0.6976774442896916
1769099873.2143104,14.164178568701587,-9.740447207588948,-1.5410508955659232,0.7175447878040925,-0.6965123670798531
1769099873.2643588,14.164462359291573,-9.749807863215644,-1.5416686325542943,0.7173296228547162,-0.6967339608308976
1769099873.3143399,14.164659817359704,-9.756132464268486,-1.539754818090801,0.717996004099588,-0.6960472240423236
1769099873.3643568,14.16484207893217,-9.762508155028863,-1.5443920694726794,0.7163802025884497,-0.6977101155489519
1769099873.4143493,14.165117673478624,-9.772147572805649,-1.5445725848666854,0.7163172259623516,-0.6977747715341973
1769099873.464359,14.165295130419855,-9.778675312517526,-1.545039515996611,0.7161543000607244,-0.6979419879220149
1769099873.5143442,14.165472750618346,-9.785051127478646,-1.544909814554288,0.7161995605960032,-0.6978955433315877
1769099873.5644732,14.165716317700433,-9.794792707770574,-1.5449934154261773,0.7161703876323573,-0.697925480175727
1769099873.614353,14.165846484695741,-9.801220421904114,-1.5518024317788712,0.7137901487732775,-0.7003596386958791
1769099873.6644344,14.165969340351154,-9.807749428556685,-1.5512599039306743,0.7139801048130118,-0.7001659874138423
1769099873.7143593,14.166127936179024,-9.817543517222376,-1.5533335045620267,0.713253788878123,-0.7009058657558817
1769099873.7644336,14.166230096722567,-9.823921027283282,-1.556223216789071,0.7122403366078862,-0.7019356828860355
1769099873.814368,14.166321847776043,-9.830450554485273,-1.556084758748143,0.7122889292208404,-0.701886373503168
1769099873.8643384,14.166476607073898,-9.840016714171792,-1.5567204325397936,0.7120658078606025,-0.7021127297491675
1769099873.914352,14.166602003155008,-9.846393784132632,-1.5489381963065432,0.7147924139128672,-0.6993366893082447
1769099873.9643705,14.16672031973758,-9.852669693940676,-1.5518876705752098,0.7137602992187143,-0.7003900593663587
1769099874.0143497,14.166904956279607,-9.862184723453073,-1.552469300533673,0.7135565851184664,-0.700597601932859
1769099874.064355,14.167014063408882,-9.868232993801785,-1.5529064892050033,0.7134034214042133,-0.7007535646208034
1769099874.1143415,14.167123481268517,-9.874585036323573,-1.5551430898346743,0.7126193225460733,-0.7015509255456625
1769099874.1643574,14.167262559460754,-9.88432868393125,-1.5543326019739978,0.7129035632785788,-0.7012620832931903
1769099874.2143445,14.167327126317137,-9.89040302500998,-1.561172892974257,0.7105009800425538,-0.7036962109877888
1769099874.2643633,14.167387579193134,-9.897034164996096,-1.5619390025607285,0.7102313737162951,-0.7039683201601222
1769099874.3143775,14.16746237595678,-9.90675322413047,-1.564936420402989,0.7091755328743476,-0.705031959256022
1769099874.3643692,14.167508595834885,-9.912878201575065,-1.5636003130626108,0.7096463737763032,-0.7045580346473549
1769099874.4143136,14.167544890902647,-9.922648182334116,-1.5657558942138445,0.708886595739488,-0.7053224754542278
1769099874.464368,14.167548377441069,-9.92862163326188,-1.5713001788807193,0.706928620136254,-0.7072848973590854
1769099874.51434,14.167544465807067,-9.935075860715212,-1.5727608147126286,0.7064118888247247,-0.7078009913295437
1769099874.5643613,14.167528915279744,-9.944516721316543,-1.574946061855818,0.7056381072649833,-0.7085724109612876
1769099874.614342,14.167527673035206,-9.950920258866079,-1.57125829983355,0.7069434301900609,-0.7072700944555131
1769099874.66439,14.167518120049843,-9.957247934859593,-1.5731607032668893,0.706270353947738,-0.7079422201949371
1769099874.7143602,14.167515297087457,-9.966790045805286,-1.572794330039505,0.7064000276347443,-0.7078128290428427
1769099874.7644153,14.16751307818364,-9.972889916531326,-1.572426708780521,0.7065301192223422,-0.7076829732526161
1769099874.814356,14.167512933703154,-9.979166967343241,-1.5724648388886384,0.7065166270797981,-0.7076964431589193
1769099874.8643894,14.167484051258986,-9.988784998671383,-1.5731791456240307,0.7062638258560808,-0.7079487328098918
1769099874.914356,14.167444547893329,-9.995264473806715,-1.5783118272817773,0.7044446643499659,-0.7097589132014221
1769099874.9643626,14.167384804969146,-10.001794403204363,-1.579299454406279,0.704094089896883,-0.7101066909783909
1769099875.014385,14.167258577326393,-10.011538408214381,-1.5843566104894398,0.7022962807398507,-0.7118847758303114
1769099875.0643942,14.167160979908795,-10.018067884736064,-1.5874499629226844,0.7011943859081066,-0.7129701488638591
1769099875.1143844,14.167040614954804,-10.024672940363711,-1.5889525220691463,0.7006585481649216,-0.7134967406256488
1769099875.1643956,14.166875603589434,-10.034264235236979,-1.591619713540097,0.6997064091837201,-0.7144305011316529
1769099875.2143292,14.166781423139756,-10.040692388181583,-1.5851941142214832,0.7019981160953687,-0.7121788012841672
1769099875.2643776,14.166685477918756,-10.047069960096639,-1.5874258750102195,0.7012029728385177,-0.7129617036576543
1769099875.314368,14.166554758777604,-10.05643400570847,-1.5881001569920434,0.7009625643770341,-0.713198067399213
1769099875.3643718,14.16645151557009,-10.062836772640841,-1.5907512667323949,0.7000165656531794,-0.7141266048895868
1769099875.4143286,14.166353319099231,-10.069087729929302,-1.590537798786075,0.7000927832355701,-0.7140518852726832
1769099875.4643824,14.16617215900659,-10.07875470461007,-1.5889761835916376,0.7006501069062993,-0.7135050298997138
1769099875.514317,14.16604504486565,-10.084726707963405,-1.5963044679042628,0.6980310254604966,-0.7160675160168681
1769099875.564374,14.16589740273438,-10.091356399062905,-1.5950092019183129,0.6984946279896028,-0.7156152979567069
1769099875.6143186,14.165658275623075,-10.100996820278572,-1.5982347367023608,0.6973395990735557,-0.716740876163717
1769099875.6643758,14.165495903433255,-10.10747428519641,-1.5976759166620378,0.6975398364329726,-0.7165460045168502
1769099875.7143762,14.165307432083956,-10.113925808803376,-1.6024445725228023,0.6958293746368803,-0.7182071298674555
1769099875.7644384,14.165000972678925,-10.123361753117674,-1.6097449799275252,0.6932031425284233,-0.7207422585007198
1769099875.8143826,14.164762968660524,-10.1298115107779,-1.6117053446970417,0.6924963507757776,-0.7214213776720448
1769099875.8644776,14.16439418508067,-10.139371737267238,-1.6113187203338535,0.6926357973761198,-0.7212874962129502
1769099875.9143217,14.164175761244211,-10.145366336851408,-1.6070332830786347,0.694179722318417,-0.7198017179209324
1769099875.964423,14.163944515155691,-10.151765763372882,-1.6083912877711954,0.6936908152768911,-0.7202729016147158
1769099876.0143514,14.163585863694562,-10.161301149645368,-1.6097727674300573,0.6931931286478504,-0.7207518896231939
1769099876.0643706,14.163360994048825,-10.16777679575225,-1.6082319422161264,0.6937481992177965,-0.7202176310547143
1769099876.1143496,14.163152931474643,-10.173949132174346,-1.6073633859485832,0.6940609085571029,-0.7199162834753002
1769099876.164408,14.162808830091983,-10.183409073439726,-1.61113112465404,0.6927034495382002,-0.7212225252984533
1769099876.214336,14.162548570811476,-10.189858049032773,-1.6149567238384852,0.6913226289950661,-0.7225462079613664
1769099876.2644086,14.162291576493097,-10.196307115147317,-1.6155527513301557,0.6911072695973408,-0.722752199519108
1769099876.3182845,14.16186177683477,-10.206118230782973,-1.6182671094129386,0.6901257292739413,-0.7236894899016502
1769099876.364391,14.161579029094407,-10.212540884565925,-1.620273693412559,0.6893993101817175,-0.7243815231775118
1769099876.4143412,14.161263619769123,-10.219164742982842,-1.621781635390555,0.6888529516278419,-0.7249011043125884
1769099876.4643888,14.160790835741375,-10.228847150263631,-1.6236232593046986,0.6881851620802751,-0.7255351009376083
1769099876.514332,14.16048904279066,-10.235370313362777,-1.617370745527075,0.6904500045129867,-0.723380115339105
1769099876.5643904,14.160176843751838,-10.241766302702397,-1.6210870992755344,0.6891046450850178,-0.7246618439812129
1769099876.6202457,14.159717051026261,-10.251322682087217,-1.6229804247093982,0.6884183260598662,-0.7253138688491567
1769099876.6644025,14.159397512167178,-10.257768980716769,-1.6233053723611093,0.6883004724548213,-0.7254257092345637
1769099876.7143292,14.159102524843233,-10.263963098590919,-1.6226870996861653,0.6885246950092985,-0.7252128958880644
1769099876.76439,14.158617287784038,-10.273492878348588,-1.6194215004041663,0.6897079040240494,-0.7240877067916238
1769099876.8143296,14.158295427721768,-10.27981235897754,-1.6224942855790623,0.688594607447996,-0.7251465138808435
1769099876.8644216,14.157970690153098,-10.286359778965437,-1.6172218730790444,0.6905038482844444,-0.7233287188439105
1769099876.9202888,14.15764307587693,-10.292704313971203,-1.6233715319108666,0.6882764751590792,-0.7254484776623309
1769099876.9644449,14.15713910148028,-10.30243587746676,-1.6253893809211828,0.6875442022287659,-0.7261425273192652
1769099877.0142815,14.156771522262487,-10.308955715016696,-1.628665278088461,0.6863538963388883,-0.7272677147931335
1769099877.0644186,14.156403433127384,-10.315348723046794,-1.6328473924953237,0.6848316385057037,-0.7287013290104479
1769099877.114271,14.15576891239644,-10.325224951438843,-1.6344651475938816,0.6842419843880138,-0.7292550354990723
1769099877.1644187,14.155330462030062,-10.331639086185424,-1.6415591449205285,0.6816510188878189,-0.7316774483672422
1769099877.222632,14.15487753866687,-10.338128097371795,-1.6402437158759555,0.6821321062993894,-0.7312289583677322
1769099877.2643883,14.1542020400214,-10.347798538876717,-1.6399849175152559,0.6822267210161258,-0.7311406849106301
1769099877.315285,14.153779058095848,-10.354086661895302,-1.6376274079621023,0.6830880824269544,-0.7303359991444119
1769099877.3644142,14.153168212038846,-10.363330207676233,-1.6338587784144938,0.6844630518252787,-0.7290475503600748
1769099877.4144104,14.152766938894539,-10.369518323796518,-1.6350894193022438,0.6840143244158541,-0.7294685764266496
1769099877.4643922,14.152358707697557,-10.375858176424106,-1.6361022937675733,0.683644806666944,-0.7298148931868387
1769099877.514459,14.15171633651731,-10.385302589612587,-1.640953507486593,0.6818725532571634,-0.7314709981363285
1769099877.5644295,14.15125709568479,-10.39166437293061,-1.6445341174207255,0.6805619050296062,-0.7326905850510659
1769099877.6144447,14.150758944130319,-10.398074105512944,-1.6519041482098575,0.6778573142698873,-0.7351934857510743
1769099877.6644027,14.150226432502555,-10.40453178188424,-1.6554407486688336,0.6765562123469341,-0.7363909909380819
1769099877.7144575,14.149362680443332,-10.414314540731933,-1.6606622231825572,0.674631385450226,-0.7381547898412016
1769099877.764389,14.148762537954308,-10.420766392097837,-1.6680405055906942,0.6719036435955908,-0.7406385715873629
1769099877.814413,14.148120707616929,-10.427265013902446,-1.672275685564434,0.6703337694743033,-0.7420597263713828
1769099877.8643997,14.147138982286407,-10.436654975082474,-1.680286982270433,0.6673559692836274,-0.744738887303134
1769099877.9143896,14.146435218047436,-10.443146998085151,-1.6819510131485986,0.6667361041143277,-0.7452938799362627
1769099877.9644108,14.145345048616237,-10.452626959365709,-1.685208677745134,0.6655212614509756,-0.7463788920894683
1769099878.0144024,14.14464422115609,-10.458559211657272,-1.6898870979692031,0.6637735051580781,-0.7479336426783855
1769099878.0643964,14.143889359763259,-10.464739869449321,-1.6904632084565332,0.6635580314147944,-0.7481248150843032
1769099878.1143887,14.1427334234223,-10.474186371489125,-1.696582721471463,0.6612658490660325,-0.7501516359103532
1769099878.1644254,14.141961454750044,-10.48039017739599,-1.6961265401511407,0.6614369344451114,-0.7500007878341551
1769099878.2144065,14.141149379242574,-10.48679314390078,-1.701221995157896,0.6595239922130871,-0.7516835129862246
1769099878.2644396,14.139882227246593,-10.49642951179837,-1.7050569676053948,0.6580814378623852,-0.7529467585035317
1769099878.314414,14.139021009729161,-10.5027239344381,-1.7124741981645564,0.6552845288460585,-0.7553821458407652
1769099878.3644297,14.138039996047441,-10.50920634500775,-1.7240472569605423,0.6509025415280884,-0.7591613013268493
1769099878.4144151,14.136560190937557,-10.51878672473686,-1.7335158729468707,0.6473011569928098,-0.7622343551400513
1769099878.4643886,14.135591024226093,-10.524936824139413,-1.7357734848125592,0.6464403301167931,-0.7629645467506937
1769099878.5144267,14.13454556824347,-10.531228829557426,-1.7457069136312366,0.642642945428269,-0.7661658075712324
1769099878.5643892,14.13290058935659,-10.540730471143709,-1.7469015111218782,0.6421852009434043,-0.7665495207025307
1769099878.6144044,14.131802144098152,-10.546961967817193,-1.7523876008475516,0.6400801078614223,-0.7683081774393072
1769099878.6643913,14.130675710286734,-10.553214077987853,-1.7555323520065418,0.6388712480878351,-0.7693136735861984
1769099878.7144823,14.128999931291782,-10.562299037745362,-1.7558511476315097,0.6387486130555582,-0.7694154984919402
1769099878.7644188,14.1278395017368,-10.568545080276268,-1.7603179004889218,0.6370286270170104,-0.7708401444922435
1769099878.8145106,14.126125351433764,-10.577494220982663,-1.7628453856198745,0.6360539750928187,-0.7716445689361288
1769099878.8643975,14.124961867907977,-10.58337910440501,-1.7711285984841154,0.6328526810406022,-0.7742722286765307
1769099878.9144545,14.123695317832972,-10.589681899880587,-1.7757484565132637,0.6310624803668462,-0.7757320064772651
1769099878.9644198,14.121811490711362,-10.59867462434235,-1.7798110417586086,0.6294854408198499,-0.7770122777638969
1769099879.0144482,14.120430291730106,-10.605005695321001,-1.7837969661721156,0.6279356356155202,-0.7782652745202837
1769099879.0643961,14.118439898648257,-10.614208488107897,-1.7864015434687575,0.6269215773941701,-0.7790823677876464
1769099879.1144042,14.117009527823935,-10.62058041304165,-1.7943371008857167,0.6238254241834132,-0.7815637147043001
1769099879.164387,14.115598411206498,-10.626722934710328,-1.8016770800631476,0.6209528988337897,-0.7838478790109171
1769099879.2144177,14.113379723004291,-10.636107747888646,-1.8083212875138106,0.6183454531338592,-0.7859064197400872
1769099879.264421,14.111915259963126,-10.642107562577973,-1.815602553725654,0.6154801646889407,-0.788152375416375
1769099879.3144178,14.109722349431374,-10.650899390160648,-1.8232575219903209,0.6124590230693048,-0.7905023371635234
1769099879.3643987,14.108183499848746,-10.656984542357977,-1.8235107529687618,0.6123589283201095,-0.7905798776256875
1769099879.4144301,14.1066621452435,-10.662943751073021,-1.8286197977791447,0.6103373785071362,-0.7921415810302075
1769099879.4645047,14.10431607135673,-10.67190531064768,-1.8285768956678452,0.6103543706398494,-0.7921284884668859
1769099879.5144157,14.10267742462674,-10.678095756489526,-1.8352894884008046,0.6076923199297204,-0.7941725532265859
1769099879.5643735,14.101092722247035,-10.684038402408744,-1.836231725163696,0.6073181032162738,-0.7944587601038756
1769099879.61442,14.098545434172642,-10.693339404008222,-1.8414986151640702,0.6052238363006304,-0.7960553422806406
1769099879.6643836,14.096860926725096,-10.699386258473766,-1.8477875775662458,0.6027176672147777,-0.7979545185204333
1769099879.7144141,14.094187122020594,-10.708730702564296,-1.849943866752675,0.6018570067334762,-0.798603871419254
1769099879.7643805,14.092342403738039,-10.71502170474996,-1.8602425583122446,0.5977367581009149,-0.8016924397891054
1769099879.8144286,14.090529792340151,-10.72116323710768,-1.8605645486603082,0.5976076817411058,-0.8017886621323734
1769099879.8643858,14.08773311808176,-10.73041897716365,-1.8695881026780579,0.5939841198822882,-0.804476764939587
1769099879.914417,14.08580881385519,-10.73663279848521,-1.8768115044099176,0.5910747226965283,-0.8066168062898406
1769099879.9644122,14.083909869214425,-10.742695152686766,-1.8819726346319623,0.5889912297428364,-0.8081394256475929
1769099880.0144541,14.081950518329416,-10.748844579606242,-1.8861949888847245,0.587283792953122,-0.8093810885698989
1769099880.0643938,14.079021860624342,-10.757819729852333,-1.8964571951758937,0.5831230622758146,-0.8123838343062204
1769099880.1144853,14.077015654941832,-10.763873895519938,-1.8961344252359877,0.5832541612221835,-0.812289716429432
1769099880.1643877,14.075024968009245,-10.769773527010917,-1.9062994989559006,0.5791181532248106,-0.8152436228548401
1769099880.2144475,14.07193160953127,-10.778719760658111,-1.9097492931522713,0.5777110810465238,-0.8162413287968557
1769099880.264393,14.069798574978373,-10.784757713560177,-1.917020941450496,0.5747395592103076,-0.8183363850390262
1769099880.3144417,14.067629089527795,-10.790836144999663,-1.920499329227201,0.5733154450537727,-0.8193347304141296
1769099880.3643985,14.064224475130645,-10.800101872539395,-1.9260550103860805,0.5710372547548098,-0.8209241461195367
1769099880.41454,14.061913580792188,-10.806290754013247,-1.9351459236640545,0.567299893353686,-0.8235112816476144
1769099880.4644053,14.05959346614295,-10.81242170904671,-1.936798164399043,0.5666193804044919,-0.8239796585778254
1769099880.514425,14.056068116582779,-10.821560794475145,-1.941242641810154,0.5647869033413153,-0.825236786512894
1769099880.564442,14.053723559551775,-10.827601264076849,-1.9437501637669057,0.5637518100326353,-0.8259442455062735
1769099880.6144223,14.051409421492336,-10.833463598544036,-1.9466964089752754,0.5625344816388174,-0.8267738245538178
1769099880.6644423,14.047934286817785,-10.842268842431771,-1.9489321220762386,0.5616099158233302,-0.8274021407084416
1769099880.7144284,14.0456421652033,-10.848057974417395,-1.9498945480278937,0.5612116941675009,-0.8276722988777886
1769099880.7644734,14.043262642130081,-10.854057496762243,-1.9492629590826995,0.5614730405165237,-0.8274950300594742
1769099880.8144443,14.039779179923926,-10.862805004203755,-1.9492143380900022,0.5614931571655133,-0.8274813801266493
1769099880.8645377,14.03738412440464,-10.868825646864911,-1.9509126866854378,0.5607902788846192,-0.8279578872796074
1769099880.9144502,14.034957593644217,-10.874915466203941,-1.9515336508860042,0.560533185755112,-0.8281319627132049
1769099880.9644775,14.031338871683246,-10.884017714260182,-1.951025037803235,0.5607437670027402,-0.8279893886805414
1769099881.0144515,14.028858954061185,-10.890222504054048,-1.95129094925793,0.5606336761154593,-0.8280639354574417
1769099881.0644467,14.026564144965203,-10.895983376419633,-1.9490439169781273,0.5615636652754008,-0.8274335319785255
1769099881.1144469,14.022928185161712,-10.905106038301765,-1.9517239880145403,0.560454371086925,-0.8281853041014187
1769099881.1644433,14.02052990077247,-10.911098135953972,-1.9529522243103923,0.5599456618086145,-0.8285293331088
1769099881.214446,14.018109715270924,-10.91713598635921,-1.9540075947089346,0.5595083812037606,-0.8288246927805345
1769099881.264438,14.014437082389211,-10.92624394572506,-1.9528101324058766,0.5600045240508387,-0.8284895491450653
1769099881.314443,14.0121052501948,-10.932044533498377,-1.9519534084949985,0.5603593660645934,-0.8282495885080094
1769099881.3644288,14.009678918932348,-10.938107196159867,-1.9493394361870677,0.5614413978941531,-0.8275164993706525
1769099881.414502,14.006232552931683,-10.946760476413736,-1.9486919970545191,0.5617092517537905,-0.8273347064484826
1769099881.464453,14.00393555686722,-10.952547723787585,-1.9471370312507839,0.5623523205064708,-0.8268977370999316
1769099881.5145059,14.001631921414857,-10.95835955576593,-1.9488741980669275,0.5616338788124395,-0.8273858750124358
1769099881.5644522,13.998117403846786,-10.967203648832916,-1.9496225429439555,0.561324254513439,-0.8275959650064347
1769099881.6146283,13.995652074435418,-10.973387010523153,-1.9507727048066774,0.5608482270612893,-0.8279186350132532
1769099881.6644585,13.993302209870919,-10.979262178794954,-1.9516877331590639,0.5604693838640945,-0.8281751443692343
1769099881.7144349,13.989629240266666,-10.988451819598026,-1.9524760756356976,0.5601428975100146,-0.8283960009374051
1769099881.7644563,13.987305267994492,-10.994255555824553,-1.953730761271338,0.5596230990379648,-0.8287472395267114
1769099881.81445,13.984873200260298,-11.000315909896688,-1.9541036525475486,0.5594685730041561,-0.8288515644074597
1769099881.864552,13.981312717730862,-11.009168878102338,-1.9544395802589414,0.5593293480084292,-0.8289455232139598
1769099881.9144523,13.97900184391021,-11.014923327562858,-1.953453135331853,0.5597381345113799,-0.8286695485980647
1769099881.9644697,13.976742257784744,-11.020562002585852,-1.9522999030954011,0.5602158656507208,-0.8283466568250358
1769099882.0144656,13.97322360762507,-11.029322676926347,-1.953183179338253,0.5598499815677679,-0.8285939887173753
1769099882.0645103,13.970857181860673,-11.03521847403733,-1.9506236062904017,0.5609099462227881,-0.8278768218934197
1769099882.1144488,13.967448042218493,-11.043695818954856,-1.9508908492272945,0.5607993190990446,-0.8279517641131323
1769099882.1644447,13.965200376239688,-11.049284730697456,-1.9513963076449514,0.5605900535972779,-0.8280934680383617
1769099882.214439,13.962814961325547,-11.055200187224639,-1.953066345121906,0.5598983846771508,-0.8285612824866471
1769099882.2644374,13.959183936100068,-11.064243036778333,-1.9533964175919123,0.5597616344182759,-0.8286536747238743
1769099882.314447,13.956878950509285,-11.069999853001175,-1.9520391331767486,0.5603238648336714,-0.828273606061341
1769099882.3644397,13.953477356812895,-11.078480230764782,-1.9521093408179973,0.560294788920345,-0.8282932750594478
1769099882.4144523,13.951069589449075,-11.084468527799414,-1.955106735506391,0.559052799216311,-0.8291320568452332
1769099882.4644449,13.948626007309777,-11.090524250397214,-1.9566725313067188,0.5584035022064978,-0.8295694839635303
1769099882.5144362,13.944949594061548,-11.099576067501394,-1.9599982426389642,0.5570232765078619,-0.83049688104679
1769099882.5644433,13.942379427483779,-11.105880869036287,-1.9599656178216973,0.5570368238382433,-0.8304877945449902
1769099882.6144764,13.940035395954558,-11.111649207141086,-1.9603419617258027,0.5568805394677397,-0.8305925985476388
1769099882.664439,13.936497926222103,-11.120320329473081,-1.958194980468615,0.5577718517976495,-0.8299943140421029
1769099882.7145026,13.934124810021624,-11.126158832090022,-1.9570352826053967,0.5582530293185618,-0.8296707511155549
1769099882.7644384,13.931884118548174,-11.131695982741652,-1.9553649072640689,0.5589457653185826,-0.8292042157589552
1769099882.8144453,13.928405120774531,-11.140336236192462,-1.9532352051243522,0.5598284272515432,-0.8286085517547255
1769099882.864455,13.926098759340892,-11.14606521987513,-1.9537272503568195,0.5596245538674602,-0.8287462571310028
1769099882.9144397,13.92384361601137,-11.15165111036035,-1.9559320818833963,0.5587105910533241,-0.8293626923396333
1769099882.9644835,13.920249752294245,-11.160517904567245,-1.9579907808751025,0.5578565911410651,-0.8299373613234137
1769099883.0144384,13.917836785773536,-11.166449487271958,-1.9577916923766145,0.5579392038685647,-0.8298818257960059
1769099883.064499,13.914213388159546,-11.175358922056965,-1.956698922339517,0.5583925555601531,-0.8295768523138778
1769099883.1144369,13.91175231250083,-11.181407564039194,-1.9579899241455592,0.5578569466569422,-0.8299371223572263
1769099883.164459,13.909404503004055,-11.187174381662013,-1.9584975000170193,0.5576463006648212,-0.830078672991205
1769099883.2144277,13.905773245953926,-11.196080616180907,-1.956824208609564,0.5583405871698036,-0.8296118301464118
1769099883.2644706,13.90342364558884,-11.201846707263527,-1.958203585371221,0.5577682807823691,-0.8299967138206514
1769099883.3144395,13.901027078007216,-11.207702984417994,-1.9601529091656753,0.5569590498082876,-0.8305399549911187
1769099883.3644638,13.897531888488274,-11.21622733909237,-1.9604481837654961,0.5568364250623556,-0.8306221738695492
1769099883.4144657,13.895127664360928,-11.222080470240053,-1.9604702982383162,0.5568272406425718,-0.8306283308907657
1769099883.4644477,13.89150317036347,-11.230934783992293,-1.960100058521629,0.5569809968995871,-0.8305252368788935
1769099883.5144515,13.889010246511315,-11.237025101760866,-1.9589579154813996,0.5574551953612602,-0.8302070254850529
1769099883.5644505,13.88664004217679,-11.242837463580738,-1.957827593588972,0.5579243068968449,-0.8298918410092216
1769099883.6144671,13.8830617597465,-11.251628635024938,-1.9565000072102856,0.5584750604916542,-0.8295213118472866
1769099883.6644495,13.880669321027579,-11.257513920497141,-1.956593269957301,0.5584363781663448,-0.8295473534045269
1769099883.714466,13.878230109028541,-11.263516804522666,-1.9578040506093721,0.557934075921531,-0.8298852733514358
1769099883.7644558,13.875802216761508,-11.2694696426169,-1.9589306648638218,0.5574665071365953,-0.8301994299088168
1769099883.8144248,13.872078215991849,-11.278556726251475,-1.9622898995976226,0.5560713040735267,-0.8311345888518703
1769099883.8644748,13.869539495247736,-11.28471031509799,-1.963944284951181,0.5553836054613633,-0.8315942825589512
1769099883.9144552,13.86706041785154,-11.290724209525582,-1.9637388317644626,0.5554690293785043,-0.8315372255054504
1769099883.964489,13.863289144289128,-11.299873936912778,-1.962695972980365,0.5559025417959681,-0.8312474745975365
1769099884.0144525,13.860843321621315,-11.305792052459616,-1.9623237750678377,0.5560572264562578,-0.8311440073210984
1769099884.064454,13.858406201556631,-11.311713758813656,-1.961631477668213,0.5563448925549149,-0.830951479045594
1769099884.1144447,13.85484260289525,-11.320401570769775,-1.9598967002423908,0.5570654411117444,-0.8304685992371883
1769099884.1644547,13.852511755438115,-11.326093301641047,-1.9598033327253424,0.5571042099002523,-0.8304425924237121
1769099884.214409,13.850123738922855,-11.331925725018353,-1.9593384221564298,0.5572972356158693,-0.8303130681706209
1769099884.2644587,13.846496482818683,-11.340751550147656,-1.9637393451606833,0.5554688159244515,-0.8315373680932732
1769099884.3144054,13.84399931325584,-11.346785374131226,-1.963398532636598,0.5556105070334781,-0.831442700655915
1769099884.3645282,13.841556854018524,-11.352704874619214,-1.9616530639739722,0.5563359239361615,-0.8309574837126732
1769099884.4144595,13.837942729855842,-11.361453989997655,-1.9623124203020952,0.5560619451700469,-0.8311408503579305
1769099884.464533,13.835486714116724,-11.367422661613215,-1.9612974998807386,0.5564836444655857,-0.8308585640422199
1769099884.5144722,13.833036391715781,-11.37336630122079,-1.9620632950468584,0.5561654699441344,-0.831071579373173
1769099884.56448,13.829300246962967,-11.382421016346019,-1.964641288581547,0.555093759623617,-0.8317877842496355
1769099884.614464,13.826840135416937,-11.388360604766902,-1.9646898554039358,0.5550735608151626,-0.8318012635744045
1769099884.6644793,13.824300634551925,-11.39445908267519,-1.9656032615791788,0.5546936167350216,-0.8320546806270733
1769099884.7144704,13.820601239961977,-11.403337234203907,-1.966348069453725,0.5543837178393353,-0.832261193012528
1769099884.7644684,13.818111157811954,-11.409319190925792,-1.9647058417683891,0.5550669120583545,-0.831805700351953
1769099884.8144097,13.81566320002613,-11.415209023202603,-1.9636944190774357,0.5554874946428198,-0.8315248903643494
1769099884.8644674,13.812030342255905,-11.424005182074737,-1.961058529225789,0.5565829159005723,-0.8307920664809074
1769099884.91441,13.809603917557613,-11.429903918092181,-1.9591954044541593,0.5573566089245321,-0.8302732143626856
1769099884.9645076,13.807283382676157,-11.43554513935975,-1.9604744857762075,0.5568255014975467,-0.8306294967565296
1769099885.0144587,13.803644971869696,-11.4443937438447,-1.9613083681181838,0.5564791294732907,-0.8308615880281436
1769099885.0644705,13.801180401222794,-11.4503588877411,-1.9640044575957931,0.5553585855963913,-0.831610991632732
1769099885.1144447,13.798706237498513,-11.456347445249406,-1.9653615405796645,0.5547941752280255,-0.8319876340024862
1769099885.1644764,13.794824915116624,-11.46564336955841,-1.9659022330949298,0.5545692302133678,-0.8321375901259074
1769099885.2144198,13.792372583505765,-11.471503971103374,-1.9681415367862927,0.553637178409816,-0.8327579928661253
1769099885.2644672,13.789730170921636,-11.47777889589711,-1.96935333917113,0.5531325077552142,-0.8330932894126731
1769099885.3144464,13.786002494137284,-11.486617760663416,-1.9713930848036558,0.5522825710354698,-0.8336569808563059
1769099885.3644688,13.783485789184343,-11.492588547914803,-1.9706283939261988,0.5526012756032471,-0.8334457572041891
1769099885.4144688,13.781026587516529,-11.498391327793223,-1.9733697834438975,0.5514583571150904,-0.8342024216986699
1769099885.464482,13.777441469664733,-11.506823263912485,-1.9747914129273134,0.5508652544718553,-0.8345941956517898
1769099885.514461,13.775076945906433,-11.512391227814065,-1.9728152193358817,0.5516896452735425,-0.8340494801257015
1769099885.56452,13.771400084939792,-11.521031703271175,-1.9744064639529566,0.5510258823568785,-0.8344881526857187
1769099885.6144173,13.769046482752305,-11.526576825730269,-1.971900073158641,0.552071226102415,-0.8337969544857885
1769099885.6645272,13.766552141236488,-11.53244716470935,-1.9734534840235778,0.5514234450190422,-0.8342254996602126
1769099885.714464,13.762794462047596,-11.541273301442432,-1.9718602825038376,0.5520878146565484,-0.8337859706829784
1769099885.7645,13.760302528114217,-11.54714466247864,-1.9716678977888684,0.5521680159403564,-0.8337328601971319
1769099885.8144658,13.757808870598721,-11.553015292035361,-1.972128085271694,0.5519761646121562,-0.8338598885304737
1769099885.8644617,13.753987952938388,-11.562007068184021,-1.973993563002708,0.5511981510884053,-0.8343743753476155
1769099885.9144194,13.751465058700067,-11.567920269556039,-1.9745956153822042,0.5509469575792673,-0.834540262620174
1769099885.9644814,13.74887239074377,-11.573968812869353,-1.9773303234934734,0.5498053308812957,-0.8352928217903641
1769099886.0144553,13.744987700140099,-11.582988367850392,-1.9789766014964993,0.549117582597201,-0.8357451049707717
1769099886.0644758,13.742403137116886,-11.588985266285258,-1.9786837394592494,0.5492399557166938,-0.8356646881640531
1769099886.114465,13.739823377569698,-11.594956686193946,-1.9791413128945365,0.5490487523627732,-0.8357903250988744
1769099886.1644742,13.736041960018753,-11.603745122531658,-1.9767771056222931,0.5500363593031998,-0.8351407087697744
1769099886.2144275,13.73356142770838,-11.609538809889013,-1.9748512628654271,0.5508402790197283,-0.8346106799037908
1769099886.2644799,13.731148134378437,-11.615168540087033,-1.975704837922755,0.5504840274339539,-0.8348456956468626
1769099886.3145022,13.727401790011667,-11.623916954892108,-1.9763492254457709,0.5502150167911001,-0.83502301483107
1769099886.3644881,13.72491568196822,-11.62970824320152,-1.9763355365252224,0.5502207320600654,-0.8350192488866863
1769099886.4145372,13.722362809069862,-11.635663680742102,-1.9768877390362036,0.5499901612278314,-0.8351711336921218
1769099886.464475,13.719785646405349,-11.641663779104864,-1.9774776420526448,0.5497438023223186,-0.8353333177888929
1769099886.5144439,13.715906529032543,-11.650685727503864,-1.9801388474557085,0.5486318192193691,-0.8360640686813693
1769099886.5644805,13.713221719582005,-11.6569150407922,-1.9790704138503343,0.5490783803853824,-0.8357708610578413
1769099886.6144412,13.71072709950931,-11.662702667089238,-1.9778018603834258,0.5496083799124786,-0.8354224253214542
1769099886.6644902,13.706885724294494,-11.671603079180361,-1.9804514182916102,0.5485011478972912,-0.8361498016237006
1769099886.7144384,13.704296735844263,-11.677570502264164,-1.9822923626829672,0.547731262998148,-0.8366543273864384
1769099886.7644782,13.70172625802098,-11.683490763548773,-1.982850882541331,0.5474975976152545,-0.8368072541544587
1769099886.8148086,13.697826806467884,-11.692421143583196,-1.9825173088956212,0.5476371584227683,-0.8367159271309682
1769099886.8645015,13.69532113311651,-11.698148788854976,-1.9841486829997914,0.5469544779665041,-0.837162349268282
1769099886.9144707,13.692699984829101,-11.704157415956272,-1.9805178658545035,0.5484733675363074,-0.8361680244444789
1769099886.964509,13.688968579104882,-11.712719280692399,-1.9816768310102286,0.5479887306724026,-0.8364857147949682
1769099887.014427,13.686453634518532,-11.718498104992378,-1.9799372885755053,0.5487160745018689,-0.8360087736281596
1769099887.0645208,13.683947701727192,-11.724253244710113,-1.9821152696712705,0.5478053436681051,-0.8366058244171322
1769099887.1158004,13.680164968344261,-11.73293079007713,-1.9820379279491893,0.547837695526075,-0.8365846396872701
1769099887.1645339,13.677526270946778,-11.73895939118,-1.9840171709788748,0.5470095252401829,-0.8371263819140511
1769099887.2178085,13.675142527929545,-11.74438122517762,-1.9865126274477125,0.5459645934895098,-0.8378082493362276
1769099887.2645679,13.671310756398416,-11.753064898421151,-1.9867601505157448,0.5458609008743778,-0.837875812335344
1769099887.31443,13.668651649692636,-11.75908451610517,-1.9870785303023328,0.5457275125973361,-0.8379626972570583
1769099887.364517,13.66464741792823,-11.768134736602477,-1.9884488804344258,0.5451532333958794,-0.8383364194152714
1769099887.4144328,13.661963038881622,-11.774198520105973,-1.9882419024688012,0.5452399890597369,-0.8382799975724924
1769099887.4645057,13.659428726190441,-11.77994121717903,-1.9849960315069057,0.5465997447545536,-0.837394004656265
1769099887.5188522,13.655595264872563,-11.788679464798305,-1.9842235965594457,0.5469231201770239,-0.8371828358344602
1769099887.5644782,13.653065748093324,-11.794451928900942,-1.9835451134437967,0.5472070959097107,-0.8369972486131962
1769099887.614847,13.650520179022532,-11.800272626353555,-1.9813944831744708,0.5481068151768895,-0.8364083447435512
1769099887.6644819,13.64667435683696,-11.809033062174304,-1.982401130544061,0.5476857616373497,-0.8366841139281396
1769099887.7148957,13.644149695595527,-11.814780015241768,-1.9841628789336403,0.5469485358020606,-0.8371662315119872
1769099887.7644901,13.641557006438756,-11.820662962049479,-1.9837916447208896,0.5471039187524134,-0.837064694086277
1769099887.8209105,13.638950656408882,-11.826595192746218,-1.9854156550756468,0.5464240375945751,-0.8375086692917527
1769099887.8645031,13.635005223687598,-11.835560692969935,-1.984468971378755,0.5468204042675474,-0.8372499301144647
1769099887.915874,13.632428178990365,-11.841422859508924,-1.9837670675971915,0.5471142050323695,-0.8370579709027317
1769099887.9645183,13.628523189894304,-11.850295553624054,-1.9860087093618846,0.5461756695220912,-0.8376706620278016
1769099888.0158608,13.625894906251808,-11.856245783214876,-1.9875974369728489,0.5455100820150447,-0.8381042598745929
1769099888.0645142,13.623272302467461,-11.862170841879635,-1.990267376656976,0.5443907523471123,-0.8388317523549911
1769099888.1218865,13.620606958732756,-11.868159994049115,-1.9923370481124991,0.5435224079452105,-0.8393946581087112
1769099888.1644902,13.616647211813923,-11.877008357882605,-1.9947122031133444,0.5425251786938428,-0.8400395410236436
1769099888.2168853,13.613960814350312,-11.883015802313514,-1.992283377432015,0.5435449331907506,-0.8393800721977276
1769099888.2644901,13.61007399569012,-11.891702710305328,-1.9920369505863669,0.543648351956308,-0.8393130937946758
1769099888.3145807,13.607511291551512,-11.897460522332615,-1.9892386975900906,0.5448221246522662,-0.838551639727328
1769099888.3645377,13.60500148753713,-11.903103347602698,-1.9887742411203029,0.5450168453265614,-0.8384250940366009
1769099888.4145582,13.602484981660883,-11.908770893354482,-1.9881093714266378,0.5452955369234411,-0.8382438651200355
1769099888.4644997,13.59856695405272,-11.9175824512876,-1.988264308619836,0.5452305977114035,-0.838286105884659
1769099888.5145059,13.596008495391253,-11.92331444178652,-1.9899277094374461,0.5445332063198604,-0.8387392844114389
1769099888.5647132,13.593260835320123,-11.929460900221656,-1.990941288163816,0.5441080722625141,-0.8390151403274977
1769099888.6144946,13.589354924950538,-11.938194732717953,-1.9905943490591202,0.5442536076560254,-0.838920741520557
1769099888.6645312,13.586646097058946,-11.944247648726263,-1.9922172723398308,0.5435726765423672,-0.8393621061952744
1769099888.7145097,13.583955670627454,-11.9502533316247,-1.992635012228505,0.5433973471701139,-0.8394756238798615
1769099888.7644928,13.579968962498137,-11.959145103533613,-1.992039833759985,0.5436471420130585,-0.8393138775100966
1769099888.8145921,13.577317257629574,-11.965057198438904,-1.9928214775921067,0.5433190782448112,-0.8395262826232475
1769099888.8644977,13.574729534459884,-11.970831545906245,-1.9920137348305995,0.5436580945635805,-0.839306783134449
1769099888.9145515,13.570827873983635,-11.97953954615045,-1.9937240896415784,0.542940139657567,-0.83977140029214
1769099888.9645276,13.568233868693413,-11.98531107394551,-1.9936015434567416,0.5429915940289503,-0.8397381310943904
1769099889.0145164,13.56562287196234,-11.99113046409201,-1.991963612653636,0.5436791283344092,-0.839293158207272
1769099889.06452,13.561595759333484,-12.000115076140201,-1.9896925298457924,0.5446318297361106,-0.8386752470642592
1769099889.114503,13.559206394770172,-12.005451326907824,-1.990622755180198,0.5442416923590514,-0.8389284715028783
1769099889.164493,13.556512413141844,-12.011483148233989,-1.988124228055001,0.5452893101696055,-0.8382479157234785
1769099889.2145112,13.55268890713351,-12.020087430593493,-1.9870148035447641,0.5457542126431298,-0.837945308109233
1769099889.2645187,13.550095405454897,-12.025914629035519,-1.9904786627684325,0.5443021325598921,-0.8388892587766001
1769099889.314531,13.547456713336402,-12.031832540522286,-1.9909476158651527,0.5441054177411784,-0.8390168617999866
1769099889.3645003,13.543632035556442,-12.040380890739016,-1.9933085594305402,0.5431146031315365,-0.8396585781526166
1769099889.4145527,13.54090301050803,-12.046452480611347,-1.995416156281118,0.5422294708459207,-0.8402304451435647
1769099889.4645,13.538242695697155,-12.052360685004171,-1.996317251436702,0.5418508520324566,-0.8404746600294983
1769099889.5145836,13.534130864326698,-12.061473687656974,-1.9945784668674822,0.5425813493481882,-0.8400032615052749
1769099889.5644882,13.531521610032684,-12.06726610988782,-1.9944538155497114,0.5426337020510683,-0.8399694431337086
1769099889.6145718,13.528855494325054,-12.073199479205368,-1.9934865423925119,0.5430398785206492,-0.8397069074005993
1769099889.6645045,13.525026069594523,-12.081773463420491,-1.9902923462386997,0.5443802796656891,-0.8388385488943066
1769099889.7145712,13.522521079780036,-12.087390726082582,-1.9896486000427194,0.5446502510239513,-0.8386632840774341
1769099889.7644992,13.51997499818742,-12.093128238356393,-1.9876077794899942,0.545505747953912,-0.8381070808370747
1769099889.8145106,13.516115476508986,-12.101799589790357,-1.9910226342863708,0.5440739464982499,-0.8390372701744658
1769099889.8645093,13.513477236927741,-12.107689984260372,-1.9912281396084233,0.5439877303139948,-0.8390931707908416
1769099889.914522,13.511006296449255,-12.113211572465708,-1.9913085702270026,0.54395398548273,-0.8391150467471394
1769099889.9645336,13.506980913723366,-12.122196963544503,-1.9915376436150953,0.5438578724515891,-0.8391773439341836
1769099890.0145192,13.504301626596776,-12.128179904972145,-1.9916087165616754,0.5438280507049239,-0.8391966701950638
1769099890.0645616,13.501653648168304,-12.134093668432868,-1.9910671342640671,0.5440552777936717,-0.8390493756060192
1769099890.1145062,13.497695702863364,-12.142915132649069,-1.9932061074031817,0.5431576147807332,-0.8396307554548634
1769099890.1645246,13.495010116912072,-12.148867508836465,-1.9957766749578303,0.5420780026531851,-0.8403281734177032
1769099890.214527,13.492337602745193,-12.154770227183787,-1.9971472899324527,0.5415019922167471,-0.840699466174027
1769099890.2645416,13.488354326229194,-12.163496933012127,-2.000737926556637,0.5399917972052894,-0.8416702792370665
1769099890.314519,13.485673918906084,-12.16936822380236,-1.9994440845693715,0.5405361783455577,-0.8413207711090815
1769099890.364499,13.483008367346942,-12.175190688915427,-2.000511274998963,0.5400871766775188,-0.8416090788415406
1769099890.4145296,13.479055003120997,-12.183847503523326,-2.000076397732913,0.54027016223618,-0.8414916231296018
1769099890.4645116,13.47633858375431,-12.189813673543565,-1.9972565949932415,0.5414560450549364,-0.8407290593725583
1769099890.514538,13.473815350877555,-12.19536721080927,-1.9972572263013304,0.5414557796753816,-0.8407292302853069
1769099890.564512,13.469882686773525,-12.204033469444983,-1.9971049535861871,0.5415197881672771,-0.8406880033777497
1769099890.6145442,13.467226559451456,-12.209888035928365,-1.9997277454673805,0.5404168480065551,-0.8413974271357502
1769099890.6645122,13.46456330541274,-12.215711541579884,-2.002439718991992,0.5392754277509769,-0.8421294514645601
1769099890.714576,13.460385910985064,-12.224850365199464,-2.0012231798982945,0.5397875696554685,-0.8418012708742145
1769099890.7645068,13.457732280233497,-12.23065043650465,-2.0022995286245964,0.5393344556447061,-0.8420916487855872
1769099890.8146014,13.454892306010157,-12.23686626614249,-2.0012510683238545,0.539775831346951,-0.8418087977051012
1769099890.8645191,13.4510267065597,-12.245284905413698,-2.000932333829633,0.5399099812424754,-0.8417227644270707
1769099890.91454,13.448330516319038,-12.251176846390276,-1.9995873710665446,0.5404759020052438,-0.8413594947176969
1769099890.9645681,13.44571201679891,-12.256909492826342,-1.9986073557679336,0.5408881096908164,-0.8410945563936884
1769099891.0145223,13.441761037579237,-12.265567410822062,-1.998493138612453,0.5409361425226276,-0.8410636656714755
1769099891.0645137,13.4390987366232,-12.271419176650353,-1.9967304525005511,0.5416771979577395,-0.840586588765638
1769099891.1145205,13.4365796088304,-12.276946764100478,-1.9977521094433341,0.5412477317400294,-0.8408631832148873
1769099891.164524,13.432617877490854,-12.285655414132775,-1.997426683236717,0.5413845440325078,-0.8407751039860265
1769099891.2145288,13.429962094857999,-12.291482329850433,-1.999578474501449,0.5404796446046531,-0.8413570905198504
1769099891.2645397,13.427290982059773,-12.29733007132036,-2.0007284083179897,0.5399958028084644,-0.8416677093421382
1769099891.3145323,13.423196144293962,-12.3062840133543,-2.00039013488368,0.5401381519971872,-0.8415763641863188
1769099891.364543,13.420605727351735,-12.311946004126362,-1.9992633417595809,0.5406122074782298,-0.8412719186597847
1769099891.414529,13.417905180471665,-12.31786378098118,-1.999656828596641,0.540446682303106,-0.8413782642709317
1769099891.4645932,13.413869483246126,-12.326677785702804,-2.0000967092084903,0.5402616162400428,-0.8414971099283092
1769099891.5145333,13.411172936684263,-12.332541727792904,-2.0024627078898862,0.5392657479013653,-0.8421356500828006
1769099891.5645144,13.408425438870733,-12.338493664485899,-2.0047869841866763,0.5382867059998734,-0.8427617825600576
1769099891.6145513,13.40433651104742,-12.34733888030587,-2.0044625702975303,0.5384234007315701,-0.8426744576315642
1769099891.6645143,13.401539358058736,-12.353379387776082,-2.0044625702975303,0.5384234007315701,-0.8426744576315642
1769099891.714537,13.39904864088463,-12.358780787604841,-2.002394348293628,0.5392945316128759,-0.8421172175964868
1769099891.7645378,13.395055133240792,-12.367474919601754,-1.9998265373578077,0.5403752857260608,-0.8414241205102682
1769099891.814625,13.392495489435614,-12.37306748724289,-1.999870632386943,0.5403567342841714,-0.841436034237746
1769099891.8645287,13.389844725296118,-12.378868877193892,-1.998002645218767,0.5411423943388436,-0.8409309775773655
1769099891.9145508,13.38591004208046,-12.38747857320437,-1.9982134068319215,0.5410537733495906,-0.8409879989299311
1769099891.964534,13.383268116873507,-12.39325616374811,-2.0000414772788453,0.5402848547886128,-0.8414821897616417
1769099892.014594,13.380561810110933,-12.399143473081827,-2.0025173260392775,0.5392427497549078,-0.8421503766173627
1769099892.0645235,13.376452540157533,-12.408062947938223,-2.0035274306245427,0.5388173510201073,-0.8424226149858957
1769099892.114535,13.373665611639462,-12.41410817301892,-2.0029217880421304,0.5390724298152465,-0.8422594109970432
1769099892.164532,13.370951061171779,-12.419991676282871,-2.003650654115692,0.5387654468696419,-0.8424558108644957
1769099892.2145655,13.366861918628583,-12.428836813700626,-2.004031262401617,0.5386051142836643,-0.8425583249054518
1769099892.2645516,13.364154545752388,-12.434667873776133,-2.006705912581434,0.5374778586009565,-0.84327786139192
1769099892.3145514,13.36141233896605,-12.440566450777354,-2.008282588518801,0.536812903698541,-0.8437013135125138
1769099892.3645914,13.357335705398416,-12.449277836752216,-2.007871605185864,0.536986265952284,-0.8435909851217134
1769099892.414553,13.35467246207382,-12.454933990901813,-2.012111322921158,0.5351967669067555,-0.8447274239022644
1769099892.4646513,13.351889530724359,-12.460841440321657,-2.0097716471625953,0.5361845946056345,-0.8441007525808701
1769099892.514554,13.34789033197697,-12.46930959638719,-2.012569939929116,0.5350030496556455,-0.8448501268622494
1769099892.5644794,13.345169668955386,-12.475078516882565,-2.0102956495073863,0.5359634208182762,-0.8442412046001849
1769099892.6145496,13.342454334659944,-12.480822000578318,-2.013738751933895,0.5345092228385983,-0.8451626415669813
1769099892.6682248,13.338387868779282,-12.489426261276245,-2.0126320728380924,0.5349768028994619,-0.8448667471024471
1769099892.7145607,13.335596673834004,-12.495301847356894,-2.014946329326126,0.5339988257896977,-0.8454852181175163
1769099892.7644806,13.33281540417332,-12.501014072518226,-2.0231044897934485,0.5305455907434729,-0.8476564021716932
1769099892.8145661,13.328567652970687,-12.509756010089529,-2.029127506851216,0.527990464311417,-0.8492502985552695
1769099892.8644807,13.325658347967702,-12.51565875100874,-2.0359903675053244,0.525073218335229,-0.8510570576565857
1769099892.91456,13.322903792192292,-12.52118606941144,-2.039324934746552,0.523653535692,-0.8519313203288557
1769099892.9644814,13.318393932839864,-12.530024012853163,-2.045852957921079,0.5208700374882883,-0.8536359903653015
1769099893.0145693,13.315609355925641,-12.535422838527078,-2.055268030441747,0.5168457584897104,-0.8560785372447998
1769099893.072472,13.312657638196782,-12.541076766456753,-2.0587878754923263,0.5153383269463205,-0.8569868194903392
1769099893.1145494,13.30819983140043,-12.54951340376582,-2.0622866462215073,0.5138383389539312,-0.8578870330183718
1769099893.165164,13.30543486948132,-12.55472225707188,-2.06540644373269,0.5124994974241877,-0.8586875247375817
1769099893.2145324,13.300935834643061,-12.563051038855916,-2.070191134442507,0.5104437556749462,-0.8599111420911209
1769099893.265137,13.297939048920147,-12.56856643072293,-2.0739584579341908,0.5088230693363495,-0.8608711193385085
1769099893.3145535,13.294827814422117,-12.57422126155904,-2.0793859039567444,0.5064850328775962,-0.8622487526642068
1769099893.3701644,13.291636698732274,-12.579947585579596,-2.0879807173281875,0.5027749339275805,-0.864417356266125
1769099893.414548,13.286893377330617,-12.58837237325413,-2.0870150836706656,0.5031922305565871,-0.8641745073233106
1769099893.4665306,13.283611056720968,-12.594163554670107,-2.0874824081074657,0.5029902918893059,-0.8642920607440004
1769099893.5145447,13.278747188249934,-12.602724143698675,-2.088044471534307,0.5027473785509855,-0.8644333828353183
1769099893.564611,13.275558776808788,-12.608248664610594,-2.0976578950381306,0.49858650460445714,-0.8668399491407336
1769099893.6145504,13.272217277312821,-12.613889340846528,-2.1066774577792517,0.494672189052234,-0.8690796427130663
1769099893.6645408,13.268947604630817,-12.619395281338456,-2.1138062310792765,0.49157131737012977,-0.8708373211679636
1769099893.7145743,13.263974777568304,-12.627686790555233,-2.1182029348422895,0.4896557242282208,-0.8719158627588653
1769099893.764546,13.260745621255726,-12.633039694805973,-2.1242970152186733,0.48699669257352646,-0.8734038134920445
1769099893.8145711,13.257367860883088,-12.638568798213278,-2.129038643464674,0.4849246477721861,-0.8745559364517637
1769099893.8645515,13.252393873622253,-12.646533502960187,-2.134995827686759,0.48231755508424895,-0.8759964475142308
1769099893.914585,13.249113003373157,-12.65185469397401,-2.132336731487092,0.4834818078575069,-0.8753544090657434
1769099893.9645665,13.245666487872425,-12.657311770721762,-2.138078999121715,0.48096655889660533,-0.8767389401772675
1769099894.0146441,13.240539789976765,-12.665359694251466,-2.14497933088013,0.4779388074967918,-0.8783931331064381
1769099894.0645497,13.237043820379274,-12.670755039526144,-2.1519507260695034,0.4748740973694669,-0.880053743613158
1769099894.1145802,13.233475484685927,-12.6761636865211,-2.162183492121611,0.47036520951321265,-0.8824718520607847
1769099894.1645868,13.22805762103204,-12.684293300642876,-2.1636186788138727,0.4697318325333995,-0.8828091557663039
1769099894.2145743,13.224420058067354,-12.689686047215247,-2.172695537262088,0.46572044181086236,-0.8849319013797023
1769099894.26458,13.220706431403109,-12.69514908018451,-2.1742743686351464,0.4650217176458039,-0.885299272629175
1769099894.3145647,13.215226118278274,-12.703145045279143,-2.1731442660863562,0.4655218828646552,-0.8850363701985056
1769099894.3645718,13.211596926184527,-12.708451525150087,-2.173847042810913,0.465210862650501,-0.8851998945277709
1769099894.4145646,13.207947553756142,-12.713744285519027,-2.17398967305305,0.46514773332991094,-0.8852330688457397
1769099894.4646354,13.202531384366754,-12.721569686524079,-2.1781821880944925,0.4632910362128736,-0.8862061925786808
1769099894.5145607,13.198943706024867,-12.726720450835812,-2.180909641237263,0.4620820628522029,-0.8868371706182894
1769099894.5645773,13.19529187810063,-12.73188831159141,-2.1869649347857765,0.45939491938591126,-0.8882321250902897
1769099894.6145527,13.189726477435759,-12.739701839277533,-2.1936226278500817,0.4564355910918003,-0.8897564561073321
1769099894.664608,13.186056761267237,-12.744794550908068,-2.199631809901658,0.45376018060101264,-0.8911238401596808
1769099894.7145574,13.182231766127368,-12.750024870848062,-2.201225325675323,0.45305002669962113,-0.8914850942710554
1769099894.764589,13.176625339731112,-12.757621435779704,-2.210813816273851,0.44877083823041986,-0.8936468736329616
1769099894.8145878,13.172805868272608,-12.762667251303961,-2.21727955384954,0.44587945502890136,-0.8950930183970435
1769099894.8645427,13.168887459214574,-12.767859466393713,-2.221904647421052,0.44380832013848365,-0.8961217411578949
1769099894.9145627,13.162901678237581,-12.775708744583216,-2.227684567693968,0.4412167143206903,-0.8974005855826339
1769099894.964575,13.15892798836747,-12.780795382925012,-2.2376512634780634,0.43673919499103087,-0.899588169974787
1769099895.0145729,13.154951590708599,-12.785847036282881,-2.2461644896289736,0.4329060512083317,-0.9014390444324061
1769099895.0645585,13.149166722260537,-12.79321061021979,-2.2430968536815077,0.4342881848480093,-0.9007739852490309
1769099895.114669,13.145222203043655,-12.798222654454204,-2.247914809917906,0.4321169820021788,-0.9018175612979206
1769099895.164551,13.141376622868856,-12.803119199909359,-2.244488449374017,0.4336613231727098,-0.9010759439603826
1769099895.214725,13.135474687577666,-12.810552515549011,-2.2478001761537474,0.4321686706631676,-0.9017927922184955
1769099895.264576,13.131377255143269,-12.81570192409796,-2.2499950655452383,0.43117874289666686,-0.9022665302858408
1769099895.314578,13.12741403792539,-12.820602236361596,-2.2569035148039847,0.42805954548505737,-0.9037505327905074
1769099895.3645675,13.121258550430847,-12.828123837890887,-2.2626151727389114,0.425476846468351,-0.9049693105953082
1769099895.414571,13.11718719638568,-12.833033729785667,-2.271666210613136,0.42137704775120816,-0.9068855405333553
1769099895.4645734,13.112935603835103,-12.838089695455144,-2.2754040832063955,0.419681401515764,-0.9076714830938362
1769099895.5145767,13.106705470099328,-12.845351303096294,-2.28512306710417,0.4152656413039564,-0.9097001963022839
1769099895.5645936,13.10249216410911,-12.850207160090402,-2.2904713569177155,0.41283148926468005,-0.9108074228241151
1769099895.6145883,13.098145641264267,-12.855115161531398,-2.2975783249277795,0.40959235000726324,-0.9122686593408367
1769099895.6646185,13.091653836659516,-12.862416387953338,-2.3034349640058975,0.40691918354788764,-0.913464163533918
1769099895.714561,13.087333294863384,-12.867278619337265,-2.3029453823515427,0.40714277900202556,-0.9133645260828274
1769099895.764747,13.083046932456982,-12.872069921121938,-2.3088039263456683,0.40446554292847176,-0.9145532376978261
1769099895.8145807,13.076707770171364,-12.879099754109882,-2.309672916621786,0.4040681358269786,-0.9147288896767776
1769099895.8645737,13.072413942568623,-12.883816263207175,-2.3142207158334647,0.40198709131695065,-0.9156453344033035
1769099895.9145722,13.068176443784552,-12.88844699012399,-2.3172374887613847,0.4006054875060835,-0.9162506444090576
1769099895.9645975,13.06176262131991,-12.895374746596584,-2.317917839308611,0.40029377851955833,-0.9163868674738496
1769099896.014582,13.057305424992423,-12.900147489469171,-2.3263312207774836,0.39643529190114374,-0.918062666344327
1769099896.064586,13.052862363048575,-12.904863803136825,-2.3293739159508204,0.3950381412437124,-0.9186647195591614
1769099896.1145792,13.046104427470917,-12.911954763893707,-2.338442612679922,0.3908685486017796,-0.9204465099689054
1769099896.164603,13.041477444639508,-12.916740542760863,-2.3448807804168164,0.3879035340210018,-0.921699977375511
1769099896.214637,13.036901569593377,-12.921434599657854,-2.350922336901158,0.3851175171898099,-0.9228675408494745
1769099896.2645967,13.029947192134347,-12.9284403237662,-2.3544845897086994,0.38347316343931126,-0.9235520196079089
1769099896.314602,13.025501551332352,-12.932872103882305,-2.362086056351994,0.37996022721358486,-0.9250028247177416
1769099896.3645802,13.021024401945963,-12.93730761401503,-2.3634463615209267,0.3793309963139928,-0.9252610416717185
1769099896.4146237,13.01421751963069,-12.943995019728023,-2.3685536683716317,0.37696696601790686,-0.9262267036375351
1769099896.4646034,13.00976705955926,-12.948349422522943,-2.3705110524204756,0.3760602949383193,-0.926595194554183
1769099896.514595,13.005241333940107,-12.9527355968892,-2.376099503300336,0.3734697143611099,-0.9276423731455086
1769099896.564602,12.99832085052862,-12.959378536978388,-2.383309117282333,0.3701233233431327,-0.9289826292872407
1769099896.6145835,12.993663054399464,-12.963809590724942,-2.384661614324251,0.369495015631036,-0.9292327122006739
1769099896.66463,12.988895731123643,-12.968309267153437,-2.391259556050611,0.36642749890493176,-0.9304466067681026
1769099896.7146037,12.981791154011198,-12.974941664824826,-2.394480793607994,0.3649284295020421,-0.9310355746915222
1769099896.7646155,12.97714263063811,-12.979234881776906,-2.402579103713987,0.36115554078540935,-0.9325055899886062
1769099896.8145893,12.97236988158212,-12.983579806022728,-2.407487778623307,0.3588657719281384,-0.9333891780701239
1769099896.8646488,12.96511638918238,-12.990124902072262,-2.412282383036872,0.35662712692436244,-0.934246804833538
1769099896.914595,12.960494747889374,-12.994259381674636,-2.4185451915110576,0.35369987881577086,-0.9353589662400789
1769099896.9646478,12.955756833649172,-12.998453461075982,-2.427394893941188,0.34955760546952164,-0.936914873645634
1769099897.0145762,12.948727681461538,-13.004564509817932,-2.4288437799574543,0.3488787723724619,-0.9371678623319751
1769099897.0645814,12.943858445742253,-13.00876243717277,-2.4348285605962943,0.3460728425199477,-0.9382076463502967
1769099897.1146126,12.939040236580071,-13.012902822875287,-2.432541474293529,0.3471454969365381,-0.9378112837648542
1769099897.164575,12.931791920799299,-13.019070296353387,-2.4370591483529704,0.3450262502556946,-0.9385930356839938
1769099897.2145898,12.9269673151881,-13.023087052079278,-2.4455245057742188,0.3410504086917945,-0.9400450088858299
1769099897.2645798,12.922033964069517,-13.0272093071333,-2.451642424369882,0.33817325811337473,-0.9410838684713413
1769099897.3146071,12.914590668932743,-13.03334067568429,-2.4592382242636877,0.33459668542148774,-0.9423614264733855
1769099897.3645868,12.90962569680916,-13.037384701575098,-2.4643398552901497,0.3321918093297342,-0.9432118541527336
1769099897.4146547,12.904492572966186,-13.04146299382887,-2.4713044287726746,0.32890526770381884,-0.9443629201089374
1769099897.4645896,12.896757104926172,-13.04759508047653,-2.476831059868085,0.3262944425399072,-0.9452681824580637
1769099897.5145988,12.891557729105509,-13.05167023645179,-2.4803413950290754,0.32463483672966587,-0.945839427588797
1769099897.564586,12.886388484953208,-13.055701628341195,-2.4847077638997694,0.32256912280109434,-0.9465459106748771
1769099897.6145737,12.878811693342122,-13.061543565602546,-2.4870674752262336,0.3214521109893197,-0.9469258367689152
1769099897.664589,12.873724718485585,-13.065433314610345,-2.493096203501316,0.318596275610015,-0.9478905069507909
1769099897.7145815,12.868749949910162,-13.069219401326794,-2.493900472502254,0.31821507038433156,-0.9480185488587736
1769099897.7645805,12.861173544602758,-13.074936790712151,-2.499781193288813,0.3154261826097641,-0.9489501163518722
1769099897.8146207,12.856106138383852,-13.078726331420619,-2.5036540345211757,0.3135880258086219,-0.9495591345827026
1769099897.864682,12.851069673853347,-13.082472577071758,-2.509029249063005,0.31103485428770344,-0.9503985055850136
1769099897.914609,12.843246474543653,-13.088197301901426,-2.5115400817089375,0.3098414636975412,-0.9507882347682712
1769099897.964697,12.838085284405423,-13.091902616000462,-2.515378932541072,0.3080159269571735,-0.9513812005398852
1769099898.014609,12.832778710125737,-13.095666012658674,-2.5259663115685167,0.30297531801655375,-0.9529984032897265
1769099898.064576,12.824740435134249,-13.101351699616343,-2.534155212535729,0.2990707845307989,-0.9542309289894834
1769099898.114905,12.819542666921112,-13.105004050030418,-2.5396299270980682,0.29645759632483754,-0.9550460164731853
1769099898.1646051,12.814108039425403,-13.108759398218695,-2.5479184795749164,0.2924970873121248,-0.9562664136703345
1769099898.2146,12.806317768845235,-13.114047056823491,-2.556126045608241,0.2885703254858044,-0.9574587026337047
1769099898.2646122,12.80102647031051,-13.117607768915299,-2.55809239366378,0.28762883763784497,-0.9577419546825242
1769099898.3146791,12.79591239671363,-13.12102404375211,-2.5616991287143613,0.2859012101316254,-0.9582590975541386
1769099898.3646243,12.788013913973495,-13.126241045840498,-2.5604550744590258,0.2864972179370763,-0.9580810738733521
1769099898.41471,12.782697485992239,-13.129719139848433,-2.565666460771575,0.28399978285926253,-0.9588243443592219
1769099898.4646158,12.77739054217155,-13.133165264552781,-2.5704463364453654,0.28170744338620285,-0.9595003472332927
1769099898.5146415,12.769328812695559,-13.138364036825077,-2.571716029379055,0.2810982512534633,-0.9596789948426738
1769099898.5648785,12.763898428178218,-13.141852213544185,-2.5764332059290456,0.2788339838612739,-0.9603393199510529
1769099898.614579,12.758599748202329,-13.145217468898627,-2.5820394736494907,0.27614093224500325,-0.9611171549498326
1769099898.6648748,12.750399633317159,-13.150340300664974,-2.5877709408017004,0.27338549642030063,-0.9619045536574956
1769099898.7146146,12.744770609806487,-13.1537982249641,-2.597728386144778,0.26859307190703063,-0.9632537369372333
1769099898.7645948,12.739297165600883,-13.157121739098137,-2.600589282270652,0.26721491313975004,-0.9636369597497367
1769099898.8146677,12.730878954802504,-13.16213074037441,-2.608184407747984,0.2635535233083166,-0.9646447741794761
1769099898.864657,12.7252072337328,-13.165468378815811,-2.615028187774224,0.26025107841499534,-0.9655409759217016
1769099898.9145536,12.719540832555698,-13.168764697514977,-2.6181914190689595,0.2587236388259676,-0.9659513852739434
1769099898.9646585,12.711048241960556,-13.1736459061647,-2.6255955353456426,0.2551458658751644,-0.966902573751261
1769099899.0146108,12.705553065765795,-13.176782818158163,-2.628648499646021,0.2536696096648361,-0.967290922697246
1769099899.0646272,12.700066886998124,-13.179884482434662,-2.634281459247389,0.25094425179768426,-0.9680015405409748
1769099899.1146119,12.691938116774006,-13.184431536028569,-2.636172420900834,0.2500289128734335,-0.9682383708195669
1769099899.1646106,12.686470566767133,-13.18746297152454,-2.637898346646988,0.24919326611195947,-0.9684537759358751
1769099899.2145543,12.680891150750803,-13.190553533120275,-2.638703796621993,0.24880322537968605,-0.9685540537526366
1769099899.2646139,12.672496338423404,-13.195143319069079,-2.6417906948738614,0.2473080157116984,-0.9689369150593563
1769099899.3145485,12.666777870781576,-13.19824395638994,-2.646210187099566,0.245166309073001,-0.9694810368932039
1769099899.3646116,12.661023681076726,-13.201331719359985,-2.65059292191755,0.2430412329702064,-0.9700159581554944
1769099899.4146514,12.652324187344176,-13.205943173525432,-2.6581871466973865,0.23935623011824195,-0.9709318179478841
1769099899.4646142,12.64648995066579,-13.208987915284096,-2.6656675869492052,0.23572306565413884,-0.9718202695553404
1769099899.5145397,12.640776359156233,-13.211935040404693,-2.67367390997515,0.23183083378005484,-0.9727561176928391
1769099899.5645983,12.632077820795846,-13.216327490871102,-2.674522017774642,0.23141831192310003,-0.9728543389977057
1769099899.6145947,12.626479820576275,-13.219111703162763,-2.683330009641351,0.2271316350236952,-0.9738640666804905
1769099899.6649587,12.620648875095073,-13.22199478682165,-2.6833709012770384,0.22711172352891068,-0.9738687103689735
1769099899.7146342,12.612163831597634,-13.226135087046572,-2.6881448518915048,0.2247864781708573,-0.9744080455494724
1769099899.7647896,12.606399865163889,-13.228925247494368,-2.6904108305148062,0.22368234023102915,-0.9746621007655782
1769099899.814589,12.60060105476482,-13.231701691452248,-2.6955115467589397,0.22119587806964686,-0.975229400461757
1769099899.8646536,12.594838159597344,-13.234435607658373,-2.7029458082633964,0.21756930308592848,-0.9760448751746527
1769099899.914594,12.58612952552,-13.238518165639228,-2.7074497943450373,0.21537070697924227,-0.9765323643255565
1769099899.9646158,12.580270357312347,-13.241225249658399,-2.7175615507849042,0.21043074666465675,-0.9776087667662126
1769099900.014891,12.574580340433693,-13.243814683871813,-2.720309947325845,0.20908712012011882,-0.9778970171750576
1769099900.0645993,12.565709149295659,-13.24778553255628,-2.7267987582617312,0.20591333081456978,-0.978570232631695
1769099900.114557,12.559604960465133,-13.250503073243678,-2.7289029338197235,0.20488367526030146,-0.9787863299064977
1769099900.1645966,12.553640300815845,-13.253098808001582,-2.7338646322639226,0.20245482595641595,-0.9792916028675817
1769099900.2146482,12.544503211786301,-13.257030841201827,-2.740231675214204,0.19933620945467115,-0.9799311586026048
1769099900.264599,12.538520074131277,-13.259583032736064,-2.744111190412283,0.1974350067182369,-0.9803159787140928
1769099900.3146837,12.53259099436406,-13.262068470710016,-2.7478111863386596,0.19562108732901523,-0.9806795553044908
1769099900.3647437,12.523852723144872,-13.26570854657022,-2.7500671191967085,0.19451478950241682,-0.9808995854137316
1769099900.414625,12.518092983137567,-13.268073932733895,-2.7558483650984873,0.19167856994379226,-0.9814577554965382
1769099900.4646223,12.512349222113397,-13.270411150170442,-2.7600970779594327,0.18959317290585792,-0.9818627341881805
1769099900.5145485,12.503637454167352,-13.273915549648818,-2.766848280790354,0.18627772178871327,-0.9824971299526563
1769099900.5645993,12.49805712604635,-13.276116211711606,-2.7695784894407622,0.18493633755851943,-0.982750502950999
1769099900.6145964,12.492014540381456,-13.278455829032149,-2.7800686955084806,0.1797791896531042,-0.9837069904029722
1769099900.6647143,12.48281612544022,-13.281966412514466,-2.782703187695977,0.17848324986656647,-0.9839429503365877
1769099900.7145982,12.47667747031497,-13.284266713218548,-2.786557988155274,0.17658646765122646,-0.9842851311700601
1769099900.7646623,12.470485055563664,-13.286567546280699,-2.7909637106971186,0.17441779735845198,-0.9846717381770567
1769099900.814552,12.461380213110747,-13.289895558121694,-2.795434873527796,0.17221604949943517,-0.9850592024314113
1769099900.864653,12.455236867192111,-13.29210970243852,-2.801994992809674,0.1689840759418727,-0.9856187813135824
1769099900.9145515,12.449327378219376,-13.294225458295912,-2.8010018306454025,0.16947349472763004,-0.9855347454985055
1769099900.9646266,12.440261838357467,-13.297438411567496,-2.8054213226681686,0.16729530125957096,-0.9859068324017586
1769099901.014562,12.434261225176028,-13.299525039143518,-2.808959238984414,0.1655510124835728,-0.986201228079576
1769099901.064636,12.428209095025021,-13.301617340785999,-2.812796807759297,0.1636584013681569,-0.9865170691182283
1769099901.115609,12.419030870669516,-13.304737477940824,-2.81831805983431,0.16093437649537193,-0.9869651090398515
1769099901.1646187,12.41312178492678,-13.306700385444977,-2.8292259310005194,0.1555491655298355,-0.9878281516048082
1769099901.2146595,12.407256579322937,-13.30863311381018,-2.8302186504216547,0.15505882829299397,-0.9879052382533478
1769099901.2646153,12.398151839291046,-13.311572199779766,-2.840240585670239,0.15010654110156446,-0.9886698267462826
1769099901.314641,12.392069088051343,-13.31349036997904,-2.844122084106811,0.14818749942404782,-0.9889592838001208
1769099901.3646226,12.383137793192047,-13.316222054844713,-2.8529997132703,0.14379624707749633,-0.9896073157199413
1769099901.4147367,12.377199645413352,-13.318007913158747,-2.8575350926755307,0.141551756951429,-0.9899308562237887
1769099901.4646144,12.370927556979735,-13.319826146938441,-2.862140756556213,0.1392717392450351,-0.990254201025001
1769099901.5147307,12.362045349286326,-13.322367010638018,-2.868968351904181,0.1358904067863883,-0.990723875428179
1769099901.5646076,12.355878661010443,-13.324092663237533,-2.870984320569448,0.13489170377657508,-0.9908603475022364
1769099901.61764,12.346900354863841,-13.326572320130847,-2.8787412145462254,0.13104769953759943,-0.9913760640876413
1769099901.6646209,12.340776585870836,-13.328262205114005,-2.876523447627954,0.13214693926196436,-0.9912301379819395
1769099901.7206345,12.33506014079678,-13.329811667309952,-2.878277633210222,0.13127748773528344,-0.9913456618223093
1769099901.764689,12.326142070750988,-13.332223171878029,-2.8798999114784563,0.13047332537492773,-0.9914518199920802
1769099901.8148699,12.320217385660438,-13.333778443294367,-2.8851498512199036,0.12787034769714736,-0.9917908923658306
1769099901.8649547,12.311297320187235,-13.336084541169646,-2.8931846885151336,0.12388488729941802,-0.9922965961338427
1769099901.9148638,12.305112477287611,-13.337643860671047,-2.89930852285312,0.12084598133172661,-0.9926712692507887
1769099901.96463,12.299123832688515,-13.339050541116782,-2.9105075899451873,0.11528561976251062,-0.993332384389019
1769099902.0146532,12.289933899992446,-13.341212823874548,-2.919025159868799,0.11105419804928912,-0.9938143514236596
1769099902.0649827,12.283651521371734,-13.342689957724764,-2.9177814817614856,0.11167216911383153,-0.9937451014447376
1769099902.1146252,12.27720520708466,-13.344135166492938,-2.9235535023014734,0.10880374946502311,-0.9940632495482128
1769099902.1646545,12.267615008254928,-13.346250128433322,-2.9318650251198175,0.10467173212693799,-0.9945068267707098
1769099902.2146828,12.26130527409138,-13.347607476039423,-2.9361078201353727,0.10256175387713878,-0.994726639153514
1769099902.2649212,12.25506068577084,-13.348906731289379,-2.942659715013581,0.0993025371823342,-0.9950572878528909
1769099902.3149784,12.24591238119617,-13.350785946484129,-2.9425478130304805,0.09935821146877592,-0.995051730219955
1769099902.3649886,12.239808746871988,-13.352016449310453,-2.9507686911476223,0.09526728412654883,-0.9954517289025879
1769099902.4146304,12.2336037359616,-13.353254651702429,-2.952307957341046,0.09450112339036411,-0.9955247549297602
1769099902.4650016,12.224287154597219,-13.355067480305323,-2.9524780528504935,0.09441645590351838,-0.9955327884377385
1769099902.5146477,12.217775850451547,-13.356323526308737,-2.9576781062192996,0.09182772787072649,-0.9957749084979496
1769099902.5649908,12.211584337754974,-13.35749957086775,-2.9581674228067523,0.09158410053481096,-0.995797345110555
1769099902.614642,12.202053252350021,-13.35926924547149,-2.965142126921409,0.08811085474844027,-0.9961106752141046
1769099902.664726,12.195647389314656,-13.360400251208045,-2.9723092643148434,0.08454066559681804,-0.9964200298370397
1769099902.7146437,12.189233768338317,-13.361486468881832,-2.981815227321717,0.07980376253665931,-0.996810593585859
1769099902.7647343,12.179537595426265,-13.363044775310433,-2.9918731323028322,0.07478986141819606,-0.9971993164002104
1769099902.814642,12.173178759364777,-13.36399255830091,-3.0038049671151548,0.06883935698708268,-0.9976277576980329
1769099902.8649921,12.166841361752132,-13.364907278714789,-3.0062761253437973,0.0676066567324487,-0.9977120526311491
1769099902.914638,12.157265895549664,-13.366243917075787,-3.0105451523870164,0.06547687446967823,-0.9978540869835039
1769099902.9646776,12.150898385485661,-13.367127490862154,-3.0093320428903074,0.06608211552243572,-0.9978141881172463
1769099903.01464,12.144500715939232,-13.36797995847834,-3.0133232044972043,0.0640907664240666,-0.9979440734125213
1769099903.0649493,12.135114798147463,-13.369209190367553,-3.0161636671757885,0.06267339081525607,-0.9980340906420573
1769099903.114682,12.128762027856279,-13.370014228284449,-3.021099907313365,0.06020993445664827,-0.9981857361196493
1769099903.164646,12.122528930618056,-13.370756722241742,-3.0302796774417393,0.05562775852019538,-0.9984515774347892
1769099903.214713,12.113073654839619,-13.371835473120157,-3.0328266673674014,0.054356190701142865,-0.9985216094469168
1769099903.2649498,12.10670807011326,-13.372532102922767,-3.0400955072691986,0.05072679283641797,-0.9987125675030485
1769099903.314627,12.100364300604262,-13.37319335861515,-3.0423782420646073,0.049586862078298516,-0.9987698148768953
1769099903.3646286,12.090566158968006,-13.374162103113454,-3.0493078278709165,0.04612604079601575,-0.998935627736084
1769099903.4146383,12.083940683418756,-13.374803845979436,-3.0509486425086583,0.04530649126488985,-0.9989731336974306
1769099903.4646418,12.077485940277635,-13.37537218968611,-3.0573767453302567,0.042095511772395997,-0.9991135910839268
1769099903.514939,12.067699852656185,-13.376194555544368,-3.0622135557334973,0.03967912952042612,-0.9992124732410526
1769099903.5647132,12.061366462556862,-13.376693684493219,-3.069796646590355,0.03589029390314088,-0.9993557358636344
1769099903.6147707,12.054930077309688,-13.37717117182962,-3.072342537323838,0.03461813991487189,-0.9994006125617666
1769099903.6646588,12.045511225752243,-13.377816865231537,-3.0778605824048992,0.03186064283595708,-0.9994923208499801
1769099903.7146373,12.03932416634367,-13.378231701215574,-3.0781415251480193,0.031720242464904916,-0.9994967864970691
1769099903.765007,12.032982579049396,-13.378615010182463,-3.0806545077457317,0.030464358740402372,-0.9995358537073775
1769099903.8146503,12.023406021430695,-13.379175242185301,-3.0859795184955905,0.027802984321868122,-0.9996134223102439
1769099903.8647292,12.016910567693872,-13.379526313767986,-3.0895593714960485,0.02601370618459152,-0.9996615862833491
1769099903.91464,12.010412636681655,-13.379833029118176,-3.096858235368434,0.022365344134539913,-0.9997498644069643
1769099903.9649384,12.00391205663434,-13.380082845519064,-3.106475154805774,0.017557847150516524,-0.9998458491204727
1769099904.0147164,11.994097565189055,-13.380427647663232,-3.11442121451996,0.013585301615377878,-0.999907715531798
1769099904.0646663,11.987571739081313,-13.3806534618778,-3.112063530784223,0.014764024981914325,-0.9998910058433036
1769099904.1146636,11.977957871232523,-13.380937433505103,-3.111478252021735,0.01505663183081992,-0.9998866424939935
1769099904.1649797,11.971480711644826,-13.381116541044522,-3.1150950308468803,0.013248423778667303,-0.9999122357824115
1769099904.214654,11.965104617377213,-13.38128429202708,-3.1145584281170127,0.01351670111627506,-0.999908645222619
1769099904.2650042,11.95865243408711,-13.381448631930368,-3.116060283955094,0.012765838057669907,-0.9999185133693071
1769099904.3146803,11.948987157197495,-13.381704160147375,-3.1147605979391764,0.01341562537089699,-0.9999100064485342
1769099904.364985,11.94301630219162,-13.38187532522503,-3.110991912490212,0.015299773583906077,-0.9998829516139782
1769099904.41505,11.93340281917414,-13.382172091549776,-3.1090433858377238,0.016273915458903686,-0.9998675710691074
1769099904.464683,11.927179420404038,-13.382366103105706,-3.1068690230540956,0.017360943044723527,-0.9998492874711657
1769099904.514655,11.920753897259452,-13.382574298385382,-3.1088633737911464,0.016363909496751237,-0.9998661022686899
1769099904.5646899,11.91129298668659,-13.382890789654773,-3.1077267964350948,0.016932119409249363,-0.9998566413903099
1769099904.6146898,11.9049683822996,-13.383087919616232,-3.112126388683047,0.014732599450787434,-0.9998914693672623
1769099904.6650176,11.89846707519518,-13.383302385738732,-3.1112686165419996,0.015161437605906344,-0.9998850587991213
1769099904.714668,11.888651310790628,-13.383608717426515,-3.110182594911401,0.01570438374495172,-0.9998766785615071
1769099904.7647164,11.881972781881851,-13.383824806363116,-3.1104391841965633,0.015576104794959097,-0.9998786851210583
1769099904.8147404,11.87547106237856,-13.384026482896699,-3.113029344074746,0.014281169267945464,-0.999898018902098
1769099904.8650477,11.865730422939226,-13.384304783485014,-3.1155991201923814,0.012996400808275521,-0.9999155432165412
1769099904.9147377,11.859330322091843,-13.384518128583917,-3.1117886141533044,0.014901468175305951,-0.999888966958942
1769099904.965061,11.853056791747372,-13.384730017585065,-3.1086157136172283,0.016487722877364948,-0.9998640682584404
1769099905.0146663,11.846733154281605,-13.384957866362285,-3.1054529004603295,0.0180688932167812,-0.9998367442227358
1769099905.0650458,11.83734882136392,-13.385291108286244,-3.106951061262525,0.017319930108007867,-0.9998499987603409
1769099905.1146717,11.83082315807883,-13.385534651868888,-3.1059487796542244,0.01782099354456128,-0.9998411934847877
1769099905.1646693,11.824475097236272,-13.385787115407767,-3.1003865982678076,0.02060157008009234,-0.9997877651332981
1769099905.2147112,11.814789109351173,-13.3861804388416,-3.1018189279414026,0.019885552016458977,-0.9998022628605122
1769099905.264999,11.808315310705744,-13.386454409901368,-3.0997834806095805,0.02090306396660846,-0.9997815070888278
1769099905.3146138,11.801866304742099,-13.386713332952578,-3.103041922894522,0.01927417177586927,-0.9998142358970261
1769099905.3647313,11.79207902339904,-13.387108494382332,-3.103291662047049,0.019149325245949457,-0.9998166348599251
1769099905.4146643,11.785806546181512,-13.387348054081839,-3.101779577305684,0.019905223439926786,-0.9998018714124347
1769099905.465039,11.779154134537674,-13.387587817652102,-3.1076515639014306,0.016969730271477516,-0.9998560037597981
1769099905.5146108,11.76951535022357,-13.387888291697694,-3.113105246075443,0.01424322212760629,-0.999898560166692
1769099905.564655,11.762987381139153,-13.388060311303471,-3.117708304174155,0.011941890853233847,-0.9999286930790863
1769099905.6146483,11.756888421666327,-13.388178524512197,-3.1240150317946895,0.00878869775201359,-0.9999613786501076
1769099905.664648,11.747220984117744,-13.388338470855272,-3.127446547011642,0.0070729943140070955,-0.9999749860628685
1769099905.7146568,11.741222453800237,-13.388400258759964,-3.133086632120726,0.004252997913064408,-0.9999909559634784
1769099905.7646513,11.732186570306883,-13.388459323599813,-3.139290185836681,0.0011512336222601585,-0.999999337330354
1769099905.8146098,11.725884294965166,-13.38847962178033,-3.140567204349675,0.0005127245975944634,-0.9999998685567348
1769099905.864657,11.719733661979479,-13.388470488186638,3.132439885361864,0.004576368139890207,0.9999895283724967
1769099905.9146645,11.710141324982951,-13.38839060322361,3.1278732928873683,0.006859626554050649,0.9999764724849975
1769099905.9646804,11.703940834007698,-13.388292306125,3.1187626976059084,0.011414730095008275,0.9999348498461578
1769099906.0146155,11.697462768760403,-13.388167248186205,3.115647454134442,0.012972235874516928,0.9999158570081864
1769099906.064666,11.687645791962709,-13.387895720942733,3.111926652344528,0.014832456707656382,0.9998899930632447
1769099906.1146104,11.680992492000396,-13.387674297645894,3.102666649894959,0.019461773079126582,0.9998106017584614
1769099906.164666,11.674517638739037,-13.387430756745644,3.100804565394065,0.02039263042220535,0.9997920486903581
1769099906.2146552,11.664807483878247,-13.387000709214897,3.095129557514863,0.02322945839743029,0.9997301597243938
1769099906.2646794,11.658435890677797,-13.386709523702272,3.093129569522497,0.02422917077375042,0.9997064305502973
1769099906.3146536,11.65214141043165,-13.386392067247293,3.0865025121656275,0.027541587628078727,0.9996206585254853
1769099906.3646686,11.642562648752337,-13.38587621930121,3.0845342038985932,0.028525354934477234,0.9995930692666202
1769099906.414627,11.636372174426432,-13.38551129162793,3.0776875750046555,0.031947102500641325,0.9994895610469443
1769099906.4647582,11.629803911500305,-13.385108117409601,3.0758783079368257,0.03285126107889525,0.9994602516586272
1769099906.5146494,11.620384808497601,-13.38446399068043,3.0679762405275905,0.03679989553074785,0.9993226544459632
1769099906.564713,11.613898863194382,-13.38396545202525,3.0607444273180024,0.04041310446807324,0.9991830567955267
1769099906.6146615,11.607415264441618,-13.383440119466316,3.0542594995779733,0.043652701309407224,0.9990467665071499
1769099906.664723,11.597857348780984,-13.382625967397795,3.0446585685583987,0.04844806945922491,0.9988257027958752
1769099906.714633,11.591405141972102,-13.382035753729431,3.0388167449379804,0.051365340429662606,0.998679929608353
1769099906.7646766,11.584855939686411,-13.381395815337605,3.0295746167092252,0.05597973955654398,0.9984319049184984
1769099906.814711,11.575419273949041,-13.380382114149882,3.027143331947119,0.05719343403277439,0.9983631158569204
1769099906.8646688,11.568980519927038,-13.379657795160556,3.0198892828343435,0.060814137432581634,0.9981491074425359
1769099906.9146872,11.562418039626547,-13.378904139184309,3.020566637134666,0.06047608365614154,0.9981696465559426
1769099906.964699,11.552918640353198,-13.377766272648838,3.0220084547837054,0.059756478696903294,0.998212984915417
1769099907.0147634,11.546608596356368,-13.377029680200318,3.0248050483095876,0.05836062274728709,0.9982955663091712
1769099907.0646765,11.540374159145818,-13.376299537333178,3.0276685349613137,0.05693126040491629,0.9983781005153847
1769099907.1147504,11.53104505361373,-13.375229543254159,3.025128816420455,0.05819901384848514,0.9983050008825278
1769099907.1646988,11.524835201459172,-13.374507105837468,3.024533074464637,0.058496377349036545,0.9982876207972525
1769099907.2147107,11.518550423075519,-13.373771627382345,3.0224338417897885,0.059544163930313365,0.9982256721512626
1769099907.2646759,11.5089982367166,-13.372648075627172,3.0227022385789195,0.05941020311192702,0.9982336538938164
1769099907.3146827,11.50248884067775,-13.37187225974016,3.022978411366819,0.05927236006036712,0.998241848117416
1769099907.3646815,11.496028482517945,-13.371112805367002,3.0243261607432115,0.05859965673913564,0.9982815636032029
1769099907.414692,11.486250851685046,-13.369955715791424,3.0266505358936513,0.05743942699583265,0.9983489932014709
1769099907.4647095,11.479766887843414,-13.369180203944543,3.022284601949249,0.05961865128453643,0.9982212261913753
1769099907.514671,11.473206466340613,-13.368404856589374,3.024713765906553,0.05840618609560093,0.9982929016204443
1769099907.5646825,11.46365725719574,-13.36725581277236,3.023397618830957,0.059063123542998655,0.9982542498969611
1769099907.6146812,11.457249905513828,-13.366479145002751,3.0217696294010254,0.05987567756963377,0.9982058421165332
1769099907.6647153,11.45127050943714,-13.36574768471271,3.0226124668088983,0.059455009653066236,0.99823098620868
1769099907.7146852,11.441822332489618,-13.364606629577656,3.018968731610095,0.06127355466593132,0.9981210104484332
1769099907.7646806,11.43558895486888,-13.363867486527793,3.024709538860514,0.05840829601049824,0.9982927781753959
1769099907.814694,11.429430432158945,-13.363141937620021,3.0219027771911535,0.059809222986010484,0.9982098260615399
1769099907.8646762,11.419872992907143,-13.362062012682923,3.0250017521210104,0.058262438193771644,0.9983013013593226
1769099907.9146821,11.413613418844577,-13.36132887834703,3.0256935639388116,0.057917116396078085,0.9983213949567359
1769099907.9646914,11.407147140912127,-13.360619780327474,3.027360208958301,0.05708517269239949,0.9983693119575936
1769099908.0146813,11.397667202295255,-13.359532128702917,3.027360208958301,0.05708517269239949,0.9983693119575936
1769099908.0646696,11.391154489299614,-13.358784650839596,3.0238397786758435,0.05884242812925606,0.9982672831721239
1769099908.1146927,11.384717989483079,-13.35803908149503,3.026761090074638,0.057384241080464894,0.9983521667606171
1769099908.1646667,11.374940404104496,-13.356881476748635,3.0234319188278844,0.059046003475461385,0.9982552626826346
1769099908.214715,11.368353001430444,-13.356118812743697,3.026764709989524,0.0573824341054359,0.9983522706220161
1769099908.2646968,11.361968062080393,-13.355368161999438,3.025185611544781,0.058170664396702175,0.9983066531901138
1769099908.314693,11.352336543899533,-13.354269083387452,3.0258265086861216,0.057850755475378025,0.9983252426393555
1769099908.3646817,11.34607370436838,-13.353563973627093,3.030796190033076,0.05536990026218599,0.9984659103569613
1769099908.4147782,11.339784207250204,-13.352869781664614,3.0298281475167905,0.05585317248352418,0.9984389931906335
1769099908.4646764,11.33042655567828,-13.35182685906773,3.0316185260580997,0.054959358349437555,0.9984885922882735
1769099908.514705,11.324188454442098,-13.351128804785208,3.028887857147262,0.0563225775783661,0.9984126237457782
1769099908.5646691,11.317925999579622,-13.350420699178908,3.0282232935935642,0.0566543287835868,0.998393853662011
1769099908.6150184,11.308697316240469,-13.349363626691995,3.029717753104945,0.05590828344111992,0.9984359087305842
1769099908.6646557,11.302183275175365,-13.348627818419974,3.029572672584776,0.05598071009445625,0.9984318505022366
1769099908.7146685,11.295744740076364,-13.347900050651319,3.027525463668046,0.057002679882192285,0.998374025346337
1769099908.764668,11.286013159827446,-13.346785157025284,3.025609923845381,0.057958866192793876,0.9983189719872331
1769099908.814708,11.279547302375887,-13.346073472907642,3.0280154474454988,0.05675808463583446,0.9983879605786878
1769099908.8646767,11.273436111231478,-13.34537923288396,3.022484917935525,0.059518671150944676,0.9982271924689418
1769099908.9146893,11.264033029575714,-13.344288262148048,3.022217149565212,0.05965231745137469,0.9982192149135782
1769099908.9647014,11.257723582878613,-13.34354593259788,3.0219892830193342,0.059766047446227176,0.99821241205099
1769099909.0146759,11.248397029446108,-13.342453997424531,3.027156375580569,0.05718692289029137,0.9983634888407829
1769099909.0646782,11.242110745148866,-13.341731461662025,3.0313601620201407,0.055088344662777865,0.998481484196034
1769099909.1146798,11.23597712330695,-13.34101098631944,3.027980397544686,0.05677558132661318,0.9983869657427551
1769099909.1647587,11.22649513700753,-13.33994120266564,3.0322313278999555,0.05465341795017723,0.9985053850162068
1769099909.214675,11.220282839483794,-13.339240272133678,3.0333638738872963,0.054087982584105125,0.9985361736762377
1769099909.2646744,11.213866592709204,-13.33854117724076,3.03659073375829,0.05247684472907915,0.9986221411361157
1769099909.31468,11.2044568298181,-13.337509662321482,3.0358696723370473,0.05283687526093261,0.998603156720757
1769099909.364662,11.198042322977342,-13.33679467594271,3.03182191855214,0.05485781552288609,0.998494176285499
1769099909.4147012,11.191653720773514,-13.336075631710514,3.0328103598142664,0.05436433242143711,0.9985211662054898
1769099909.4646745,11.181922462575884,-13.334956743019386,3.0320232001909777,0.05475732597315367,0.998499692164334
1769099909.5146866,11.175280511613717,-13.334226061683541,3.033140880909991,0.05419931552483548,0.998530136849479
1769099909.5646708,11.168818795229132,-13.333477105556785,3.0308631252542497,0.05533648396291075,0.9984677628960399
1769099909.6147046,11.158907910117808,-13.332371024631263,3.0294471475414246,0.05604337408481609,0.9984283350452297
1769099909.6646845,11.152616192532413,-13.331697063855902,3.0277876308807996,0.05687180892507573,0.9983814888856812
1769099909.7147615,11.146153424686982,-13.330958376601055,3.0249098680857816,0.05830830210824071,0.99829862361182
1769099909.7646828,11.136718900270726,-13.32991969084629,3.0290567366769654,0.05623827165050023,0.9984173760516013
1769099909.8147137,11.130856567971351,-13.3292773154357,3.0279168638702103,0.056807296894201935,0.9983851616583521
1769099909.8646896,11.124590709881026,-13.328599269368583,3.0305798589588813,0.055477899539534636,0.9984599154010547
1769099909.9146938,11.115130397307238,-13.327563440726466,3.032122677400992,0.05470766192365299,0.9985024144822321
1769099909.9647174,11.108864631740346,-13.326885040770666,3.0327046072751944,0.05441713041973555,0.9985182902265143
1769099910.0147095,11.102447832722094,-13.326190851216722,3.0367006643107617,0.05242195510799299,0.9986250240318714
1769099910.0646725,11.09278347344451,-13.325159166368564,3.035365182057757,0.05308876637003647,0.9985897971065535
1769099910.1146982,11.08638992816263,-13.324485557177805,3.0374663959086443,0.05203961190749711,0.9986450214127727
1769099910.164691,11.079922929102473,-13.323785032833719,3.031760632550044,0.054888412355216014,0.9984924948086108
1769099910.2147195,11.070236232717658,-13.322724235753801,3.028658033811989,0.0564373064658366,0.998406145032612
1769099910.2646856,11.063797310784542,-13.322000009573037,3.028129716363649,0.056701042187151635,0.9983912017916078
1769099910.3147104,11.057308927653354,-13.321262592899982,3.0263385716291613,0.05759515090112253,0.9983400215320815
1769099910.3646824,11.047903580969562,-13.320191234519092,3.029328708775251,0.05610250029656909,0.9984250144404804
1769099910.414724,11.041490544252492,-13.319463206484507,3.027603508865269,0.056963720689946096,0.9983762489788897
1769099910.4646895,11.035197661094886,-13.318799038989972,3.0328486905789602,0.054345195371522124,0.9985222079353223
1769099910.514702,11.026064152274344,-13.317801891436323,3.0359888710346197,0.052777359069290986,0.9986063039905522
1769099910.5646784,11.019721139555676,-13.317131887711136,3.0380429978991152,0.051751699395225,0.9986599829820489
1769099910.6146984,11.013505477054121,-13.316461597106205,3.039094192667531,0.05122679919635298,0.9986870455974166
1769099910.6646888,11.004242220247468,-13.315487875924259,3.034274926912502,0.053633117287186435,0.998560708585141
1769099910.7146957,10.997924347358698,-13.314820800315632,3.0366812928968114,0.05243162749489471,0.9986245162413331
1769099910.7646785,10.991506246181016,-13.314138935003559,3.0334760735218924,0.054031964802113225,0.9985392064308858
1769099910.8147187,10.981941396988908,-13.313128493875563,3.036182346866675,0.052680755729710295,0.9986114048896831
1769099910.864671,10.975523449417347,-13.312445159504557,3.0354430866980744,0.053049868940286835,0.9985918642796057
1769099910.9147012,10.96603319077943,-13.311451416717023,3.0332043445353625,0.05416763032629043,0.9985318561892927
1769099910.9646747,10.959612914241161,-13.310789723755375,3.0384428968245967,0.05155201683498665,0.998670310743363
1769099911.0147016,10.953067762504503,-13.310105992837874,3.0340632612420326,0.053738797497571315,0.9985550268480526
1769099911.064682,10.943426130585618,-13.30909951697002,3.0368145707640197,0.05236508010569288,0.9986280080117543
1769099911.1147053,10.93718374979352,-13.308440713812866,3.0348678828382116,0.05333706368970169,0.9985765657359282
1769099911.164693,10.930788256420277,-13.307785536683866,3.039387888911357,0.05108014332751827,0.9986945573886142
1769099911.2147052,10.921698087879008,-13.306859916326552,3.0437714879559947,0.04889108413221974,0.99880411587677
1769099911.2646928,10.915350595099463,-13.306233962923127,3.0461074294021397,0.047724477084503183,0.9988605379566312
1769099911.3147516,10.90905325322633,-13.305615647879007,3.0483018389582934,0.04662849402276878,0.9989123002271865
1769099911.364691,10.899907168241482,-13.304741929007836,3.046819494520933,0.04736884719344961,0.9988774661166221
1769099911.4148254,10.893582293405526,-13.304144869488223,3.0491071605461815,0.04622626743367591,0.9989309947134237
1769099911.4646919,10.887132551744623,-13.303524545762256,3.0453485345179048,0.04810348871587412,0.9988423571181599
1769099911.5147002,10.877407616910283,-13.3025880159298,3.0441518282122786,0.048701140542594494,0.998813395439734
1769099911.564663,10.870934807703874,-13.301943045391562,3.0431251501753964,0.049213863991308684,0.9987882636430231
1769099911.6147394,10.864814725777658,-13.30133204299681,3.0418164064964355,0.04986743232124673,0.9987558456368032
1769099911.664696,10.855220589963801,-13.300358568969951,3.0431215618628955,0.04921565597343557,0.9987881753440538
1769099911.7147112,10.848648916963384,-13.299684617175117,3.0391442861476605,0.05120178532545007,0.9986883283484825
1769099911.7646997,10.839430630077805,-13.298768604283149,3.042768894857574,0.04939177502475386,0.9987794814471832
1769099911.814729,10.833410565126647,-13.298175048384547,3.0442729134111963,0.048640669694042446,0.9988163421028488
1769099911.8646986,10.827036390795959,-13.297561673296103,3.0472137451900347,0.04717194221970244,0.9988867843090232
1769099911.914699,10.817687916390694,-13.29667674546261,3.049821057642814,0.045869697527919855,0.9989474314740977
1769099911.964667,10.81131622750861,-13.296037723971729,3.05124257375697,0.045159676066024425,0.9989797814058159
1769099912.014714,10.80493874279597,-13.295459944698784,3.054597949583912,0.04348363699314193,0.9990541393307215
1769099912.0646992,10.795414410277353,-13.294552868397322,3.0497286628900175,0.04591584622944989,0.9989453113484409
1769099912.1147063,10.788862925854668,-13.293932471767645,3.0514224641468513,0.045069822452291367,0.9989838392607354
1769099912.1646774,10.78279080508301,-13.293350806269641,3.047080249351129,0.04723861572919237,0.9988836334548633
1769099912.214712,10.772986545227004,-13.292446783113771,3.0473981734321987,0.047079830552395556,0.9988911299812195
1769099912.2646794,10.766886779582949,-13.291889215505488,3.051415792590621,0.045073154840468914,0.99898368891225
1769099912.3147314,10.76035960061609,-13.291280935780804,3.047232349032311,0.047162650651568105,0.9988872230554949
1769099912.364669,10.75060744377805,-13.290363330345796,3.0474130127332177,0.04707241912801818,0.9988914792696132
1769099912.4147308,10.744132702982997,-13.2897379853918,3.043142406332931,0.049205246365666463,0.9987886882269412
1769099912.464671,10.73805979475008,-13.28916531367272,3.045912858300682,0.04782165155604269,0.9988558903277551
1769099912.5147133,10.728535680886845,-13.288255852982441,3.048360758828894,0.04659906611080347,0.9989136734661314
1769099912.5646706,10.722108968004683,-13.287660481213457,3.0517506875630076,0.04490587690189877,0.9989912222936053
1769099912.614716,10.715806224101,-13.287099147477484,3.056999505615296,0.04228396368560995,0.9991056332615856
1769099912.6646712,10.706375728332898,-13.286278610962372,3.0554795362388947,0.04304325638457494,0.999073209569655
1769099912.7147589,10.700450286055844,-13.285761098672948,3.056910594885677,0.042328379249222794,0.999103752525299
1769099912.764675,10.694147216308208,-13.285203959495757,3.0545231069088103,0.04352102290486644,0.999052511415348
1769099912.8149624,10.684540426698725,-13.284364792692887,3.055198354752445,0.043183716403790345,0.9990671482125498
1769099912.8646739,10.67811227552935,-13.283785022047569,3.0509205757846836,0.045320510212028986,0.9989724977966717
1769099912.9147317,10.671633635777523,-13.283201799098713,3.0492752603964544,0.04614230719517244,0.9989348764993173
1769099912.9646764,10.661803759682401,-13.28230001188489,3.0510455987777205,0.0452580628577024,0.9989753288977502
1769099913.014738,10.655578221915288,-13.281728153383549,3.0492084395733654,0.046175681994742895,0.9989333343083113
1769099913.0646784,10.645822217702754,-13.280852392139384,3.0505165701422126,0.04552230454889334,0.9989633225442053
1769099913.114727,10.63969721198896,-13.280293003068534,3.050889402113657,0.04533608102652862,0.9989717912719839
1769099913.164707,10.633571766735395,-13.27973844459463,3.0480615568042135,0.046748504085582815,0.9989066910206179
1769099913.2147274,10.624749780535865,-13.278932426073004,3.0512117969922983,0.045175048743499015,0.9989790863531741
1769099913.264701,10.618700042988669,-13.27838378173538,3.0496558860280665,0.0459521962515532,0.9989436398814794
1769099913.3147366,10.60960001612013,-13.277560830387712,3.0531356583734524,0.044214079348811955,0.9990220794293472
1769099913.36473,10.603549916201969,-13.277016269608284,3.0499712330979745,0.04579468870607843,0.9989508729093305
1769099913.4147344,10.597195651484103,-13.27646264196556,3.054838055064244,0.04336369749307184,0.9990593524609683
1769099913.4647024,10.58756285145262,-13.27563028948656,3.0576311741124798,0.04196840980497145,0.9991189381542329
1769099913.5147243,10.581080453101006,-13.275090132202308,3.0604876157115277,0.04054140503754301,0.9991778592811101
1769099913.5646868,10.574750098973267,-13.274554980733265,3.060989216218483,0.0402908097047505,0.9991879956511365
1769099913.6147218,10.564938758053964,-13.273731803869978,3.0546187333986206,0.04347325491273643,0.9990545911547037
1769099913.6646922,10.558532999803424,-13.273186656983395,3.05552526102383,0.04302041516950674,0.9990741933803732
1769099913.714732,10.551876771285114,-13.272599954296151,3.0498477675841054,0.04585635661020588,0.9989480439734779
1769099913.765291,10.542094556570133,-13.271733694684306,3.051471764380425,0.04504519737029503,0.998984949933617
1769099913.8147442,10.535640702744319,-13.271157443982158,3.0526139428170973,0.04447468052153379,0.999010511852857
1769099913.8646817,10.52913510381736,-13.270591545022985,3.0559660146489986,0.042800241340353005,0.9990836498217792
1769099913.9147227,10.519703118738649,-13.269787363777654,3.060465115188647,0.04055264604711956,0.9991774031164721
1769099913.9646857,10.513321545837512,-13.269256994692585,3.0585618121198546,0.04150349624934425,0.9991383586866639
1769099914.0147364,10.50721656095821,-13.268759634035696,3.061577207672733,0.03999705096642855,0.9991997977952102
1769099914.0672626,10.497731460109673,-13.267983647517958,3.058974334704485,0.041297411798884465,0.9991468979978436
1769099914.1148312,10.491425592268314,-13.267458819090141,3.058877225745287,0.0413459248078605,0.9991448916457426
1769099914.1646886,10.485171295723845,-13.266924701155348,3.0561080980264834,0.042729264642729727,0.9990866879020517
1769099914.2147472,10.47533621219176,-13.266081436834806,3.053322036094983,0.04412098142750408,0.9990261953511899
1769099914.2646835,10.468905967299126,-13.26552578399688,3.054497265923711,0.043533931151763836,0.9990519490189054
1769099914.3148708,10.46234966263125,-13.264958801819834,3.0514438689720467,0.045059130912484174,0.9989843215593585
1769099914.3682783,10.452641555905938,-13.264116337978367,3.0545139483870987,0.043525597826468566,0.9990523121107565
1769099914.414733,10.44623754443757,-13.263550984177428,3.052657082206248,0.04445313215957128,0.9990114709257365
1769099914.4647648,10.439707595241279,-13.262973168045312,3.0518644280254312,0.04484906396752117,0.9989937744857258
1769099914.5147617,10.430204504061672,-13.26211078969072,3.0525695350547744,0.04449686242125293,0.9990095240960739
1769099914.5647614,10.423676034462765,-13.261516266194652,3.050550700870725,0.04550525686928775,0.9989640992534518
1769099914.6147466,10.417423734874005,-13.260959477770836,3.0557036308917502,0.042931312632575776,0.9990780261799596
1769099914.6647599,10.40789123410846,-13.260142499799478,3.0587609336190065,0.04140402107988921,0.9991424858539527
1769099914.714754,10.401407042599107,-13.259623527556588,3.067386119035217,0.037094754812656484,0.9993117527405494
1769099914.764749,10.39514812005417,-13.259147699583647,3.0720971232354697,0.034740773149064555,0.9993963571481563
1769099914.8147266,10.385576701769413,-13.258505364373292,3.0769114440136587,0.03233496749712518,0.9994770882201152
1769099914.8647654,10.379185814164918,-13.25810073355242,3.083959281678429,0.028812697885261033,0.9995848280364067
1769099914.914739,10.372794002329165,-13.257714810852583,3.083313057651933,0.029135674241797627,0.999575466128734
1769099914.9647605,10.363241437375292,-13.257178696231561,3.089583243306192,0.02600177431694112,0.9996618967092679
1769099915.0147202,10.356671271903476,-13.256808162180327,3.088341094757173,0.026622633549405514,0.999645554875774
1769099915.064745,10.350099953044625,-13.256455657515438,3.092995549046976,0.024296161284903122,0.9997048047032774
1769099915.114726,10.343477400506865,-13.256115137128388,3.0943664989775765,0.023610883014163725,0.9997212242436846
1769099915.1647255,10.333642574157626,-13.255649313893679,3.096406583712382,0.022591112903283535,0.9997447882423749
1769099915.2147264,10.326993168718333,-13.255338446034063,3.0994984206490046,0.021045562592302895,0.9997785176203645
1769099915.264717,10.32077167095671,-13.255088703653001,3.1029945873066547,0.01929783516777579,0.9998137794398702
1769099915.3147192,10.311210862358545,-13.254730748756554,3.106895701046023,0.017347606057569444,0.9998495189597639
1769099915.3647454,10.305265446235216,-13.254548466369911,3.1133225178787955,0.014134597162103968,0.9999001015916865
1769099915.414749,10.296106951839736,-13.254280798755467,3.115735973416574,0.01292797994489832,0.9999164301753144
1769099915.4647453,10.28980661136179,-13.254120464116298,3.122215861328569,0.009688244564407988,0.9999530678573171
1769099915.5147338,10.283379308395997,-13.253981801949822,3.1274274444671155,0.007082545347032723,0.9999749184611618
1769099915.5647283,10.273737114272176,-13.253836082875972,3.1290273226992964,0.006282624113888565,0.9999802641223694
1769099915.614752,10.267232874020815,-13.253749744654417,3.1327999631523786,0.0043963310567365615,0.9999903360899242
1769099915.6647604,10.26080483338579,-13.253656142657041,3.130819739736726,0.005386430879534664,0.9999854930759646
1769099915.7147808,10.251263258279025,-13.253553348113734,3.130234190249598,0.005679201140800575,0.9999838732071644
1769099915.7647543,10.244885817482993,-13.253450308780401,3.125444281680504,0.008074098225564359,0.9999674039376704
1769099915.8147366,10.238381999631445,-13.253333724782278,3.1213972138428927,0.010097548273763387,0.9999490184598708
1769099915.8647356,10.228613968397664,-13.253141988080992,3.1211062219595744,0.010243036690424177,0.9999475387235865
1769099915.9147265,10.22193352162622,-13.252995800034073,3.1177460854753285,0.011923001547551637,0.999928918490758
1769099915.9647903,10.215784102251005,-13.2528824215556,3.1207926484116424,0.01039981511261595,0.9999459204605134
1769099916.0147462,10.206066901040016,-13.252680274566949,3.1226001906780656,0.009496088730662128,0.9999549111329067
1769099916.0647469,10.199664385860618,-13.252562102954572,3.1240547362886417,0.008768846270027513,0.9999615529284577
1769099916.1147568,10.193363081817902,-13.252446878442068,3.125902660503623,0.007844916074626493,0.9999692281724384
1769099916.164779,10.1839739007697,-13.252303704369018,3.128120628253746,0.006735961728315781,0.9999773131524508
1769099916.2147403,10.177646803357879,-13.252218460395188,3.130194213150711,0.005699189366757136,0.9999837594884038
1769099916.2647793,10.171421135033565,-13.252123059076034,3.128145340167502,0.0067236060512415215,0.9999773963053703
1769099916.3147542,10.16195583892895,-13.251992675634952,3.1285175634899978,0.006537498481434619,0.9999786303284712
1769099916.3649046,10.155780776957737,-13.2518965145944,3.126358758745528,0.0076168737691458665,0.9999709911962371
1769099916.4147534,10.149276657064998,-13.25179934557957,3.122133455081408,0.009729445746002182,0.9999526678225703
1769099916.4647546,10.139634746049659,-13.251633391101295,3.123885265923754,0.008853578163069897,0.9999608063087825
1769099916.5147479,10.133409260350664,-13.251525118964603,3.118796101313525,0.011398029327737117,0.9999350403538442
1769099916.5647366,10.123995485309653,-13.25134409388982,3.121154810324925,0.010218743779232285,0.9999477872747029
1769099916.6147516,10.117922290048979,-13.251214663392771,3.1187815516701654,0.011405303676545329,0.9999349574087536
1769099916.6647515,10.11144426342026,-13.251075562768149,3.119107204720375,0.011242487591627662,0.9999368012393344
1769099916.7147593,10.102284280004637,-13.250861524893928,3.119039625815851,0.011276274902013756,0.9999364207910092
1769099916.7647493,10.09583170094585,-13.250715758168994,3.119936091479222,0.010828069450852231,0.9999413747375231
1769099916.8147647,10.086646083670448,-13.25051644889378,3.1219999478813825,0.00979619616469469,0.999952016119125
1769099916.864752,10.080623503302313,-13.250388327789533,3.1199807961723205,0.010805718412012038,0.9999416165204849
1769099916.9147644,10.074550203949691,-13.250264343291427,3.1230819348385097,0.009255227237939898,0.9999571694671597
1769099916.964781,10.065212524582723,-13.250073122544185,3.122753308905068,0.009419533041369664,0.9999556352145241
1769099917.0147524,10.058936588225961,-13.249954874025986,3.1230723859281198,0.00926000148853691,0.9999571252670948
1769099917.0647388,10.049624509169407,-13.249748524945403,3.1210400086805423,0.01027614158750418,0.9999471990630673
1769099917.1147306,10.04322280978795,-13.249589505034999,3.1160087909403447,0.012791582462814545,0.9999181843621492
1769099917.16474,10.037049324562409,-13.249417985707554,3.114276929479822,0.013657437442397714,0.999906732851873
1769099917.2147367,10.027409960167939,-13.249137710586778,3.110399835674048,0.01559577666642034,0.9998783784791884
1769099917.2647626,10.020806786987963,-13.24894280540465,3.111436122455633,0.015077694222677561,0.9998863251074731
1769099917.314745,10.014558210375615,-13.248742629038782,3.108339520248278,0.01662580063246215,0.9998617818245328
1769099917.3647506,10.005172567811845,-13.248449602943774,3.1083643710093565,0.01661337696805333,0.999861988329248
1769099917.4147475,9.998847231982676,-13.248277420006758,3.108208268753479,0.01669141727334215,0.9998606885908692
1769099917.4647577,9.989715165442847,-13.247972438272164,3.1066648638031134,0.017463007194906226,0.9998475100632649
1769099917.5147424,9.983769168807557,-13.24781440061147,3.1103660412424263,0.015612671824938805,0.9998781148112438
1769099917.5647545,9.977393157268507,-13.247641470056431,3.109332812501085,0.01612922112155623,0.9998699156520372
1769099917.61474,9.968082229400217,-13.247386363621386,3.1139350721626027,0.013828349958634528,0.9999043837974817
1769099917.6648467,9.961933879188486,-13.247223156450428,3.114186671037955,0.013702562440334335,0.9999061154841332
1769099917.7147489,9.95221768603165,-13.246975445903306,3.1119983701088607,0.014796601760687337,0.9998905242957029
1769099917.764754,9.945689639215173,-13.24680749719304,3.1136909172210236,0.013950415653495366,0.9999026882167558
1769099917.8148026,9.939187110363054,-13.24663342127983,3.1095426376033894,0.016024322129312877,0.9998716023071642
1769099917.8647928,9.929497157786775,-13.24635353505694,3.1105846208409895,0.015503395253441651,0.9998798151456082
1769099917.9147427,9.922995557163416,-13.246147968785108,3.10725631310971,0.01716732687735437,0.9998526305850708
1769099917.9647667,9.916443633628342,-13.245932924804059,3.1064552571862083,0.017567794425812543,0.9998456743913094
1769099918.0147562,9.910043982598976,-13.245707965140227,3.105284883865627,0.018152887735434095,0.9998352227576626
1769099918.0647438,9.900356037056534,-13.245366045806069,3.105209574204377,0.018190536348521805,0.9998345385049234
1769099918.114758,9.893931162069242,-13.245138380110326,3.1076689192841145,0.01696105382905168,0.9998561509802337
1769099918.1647475,9.887506035680541,-13.244917723101244,3.1070929546938273,0.01724899399092207,0.9998512250361556
1769099918.2148328,9.877969110475256,-13.244602422613186,3.110178053987492,0.015706653926869055,0.999876642902724
1769099918.2647543,9.871771359771532,-13.244398310713372,3.109839684664599,0.01587581749259066,0.9998739712678503
1769099918.3147614,9.865573258907155,-13.244204759527271,3.1085286756221535,0.016531235943662417,0.9998633497824465
1769099918.3647587,9.856061381395271,-13.243898061270716,3.108537439654324,0.01652685452622184,0.9998634222129886
1769099918.4147651,9.849610444327395,-13.24369195693795,3.10672423534411,0.017433325943499032,0.9998480280255333
1769099918.4647589,9.843160449164165,-13.24345789361153,3.1028177121864458,0.019386256183406878,0.9998120688765421
1769099918.5147476,9.833246117807217,-13.24307327321637,3.099253444533484,0.02116802336293385,0.9997759322902838
1769099918.5647547,9.826669701155051,-13.242834667448701,3.1012781643713936,0.02015587960676929,0.999796849623601
1769099918.6147418,9.820473372577295,-13.242591185159972,3.0991774052528434,0.021206034468972085,0.9997751267670649
1769099918.6647608,9.810711463954181,-13.242196124655692,3.09876198300209,0.021413698426727582,0.9997707004707075
1769099918.7147474,9.804389261444893,-13.24193335571603,3.0985212018936164,0.02153406121999241,0.9997681152184108
1769099918.7647514,9.795108344156422,-13.241545661540096,3.0971767828631442,0.022206109944207943,0.9997534139382299
1769099918.8147585,9.788684852940495,-13.241281783348779,3.0990588244263817,0.021265311512067932,0.9997738676952377
1769099918.8647625,9.782261451270786,-13.241015565162725,3.098152387595372,0.02171842524071455,0.9997641271845392
1769099918.9147515,9.775913151866549,-13.240770453659566,3.103694265360711,0.018948060114196384,0.999820469393335
1769099918.9647975,9.766327535707282,-13.240400882140833,3.103001593455588,0.019294332745535152,0.9998138470354891
1769099919.0147538,9.760206260571618,-13.240180815522136,3.1026992641798636,0.01944546902263137,0.999810918991431
1769099919.06478,9.750417728434792,-13.239817720405396,3.104579421662781,0.018505559578201644,0.9998287574703468
1769099919.1147583,9.744094211721405,-13.239588203591168,3.1025651926496076,0.019512492068827134,0.9998096132030657
1769099919.1647859,9.737998429972812,-13.239364332786453,3.1044308318646197,0.018579841703694602,0.9998273798422734
1769099919.2147691,9.72859010535537,-13.238994914830709,3.1007159979586767,0.02043690491103249,0.9997911446485498
1769099919.2647781,9.722090615390616,-13.238731036994944,3.0996160171685867,0.020986777318944484,0.9997797533345857
1769099919.3147647,9.715541755224947,-13.238435418136037,3.098843889867587,0.021372754366635955,0.9997715765967662
1769099919.3647604,9.705630370652287,-13.237979171327712,3.0994468417696117,0.021071346313091356,0.9997779745346232
1769099919.4147677,9.699156588757216,-13.237706166871895,3.101149811767846,0.020220042829552094,0.9997955540349093
1769099919.464781,9.69268410679249,-13.237401448386903,3.0978862435335737,0.02185146569084976,0.9997612282175987
1769099919.5147696,9.683100793199133,-13.23697581081069,3.099898603486553,0.0208455150702909,0.9997827086429603
1769099919.564797,9.676880634275532,-13.236695726184397,3.0985750795326985,0.021507128639343242,0.9997686949578342
1769099919.614855,9.670735744464192,-13.236433191486165,3.0983292599203787,0.02163000985308371,0.9997660439691656
1769099919.664785,9.661379522149538,-13.236028891170262,3.0986734969721335,0.021457931275830875,0.9997697520856298
1769099919.7147834,9.65495649499048,-13.235753828814577,3.098010024316882,0.021789590035063967,0.9997625786986147
1769099919.7647865,9.648609754172954,-13.23547217783648,3.0995822608371957,0.021003651764290202,0.9997793989738758
1769099919.814762,9.63867247866131,-13.235029788080325,3.095123424589374,0.023232524032610533,0.9997300884874247
1769099919.8647857,9.632452528626263,-13.234746008852714,3.0967053886717877,0.022441748301276526,0.9997481522529472
1769099919.9147658,9.62593003292703,-13.234428600817239,3.0933967004528427,0.02409564430359372,0.9997096578135047
1769099919.9648044,9.616273835636724,-13.233935640664496,3.0903871088307584,0.025599975359973208,0.9996722669263006
1769099920.014769,9.609853347756156,-13.23360658844217,3.088313385399921,0.02663648331475256,0.9996451859318
1769099920.0647829,9.603711360847234,-13.233283424170866,3.085128446657625,0.028228353208026993,0.9996015006367102
1769099920.1147697,9.594107536979141,-13.23276146001112,3.0862726426447686,0.027656478606821557,0.9996174864372224
1769099920.1647913,9.587663062677166,-13.232406914188937,3.084120215613689,0.02873226423206667,0.9995871432707099
1769099920.2147763,9.58157136300045,-13.232091515399944,3.0896415360480134,0.025972637789473986,0.9996626541420145
1769099920.2647803,9.571966618005947,-13.231585633053458,3.0882490140727783,0.026668657544595624,0.9996443281011347
1769099920.3147867,9.565823184268817,-13.231289445909953,3.0912186650929647,0.02518433129233791,0.9996828244285073
1769099920.3647876,9.556241784877697,-13.230822216542494,3.094093996252242,0.023747096173671517,0.9997179979490808
1769099920.414773,9.549997229082274,-13.230522733370547,3.092562706839166,0.024512517931634305,0.9996995230891387
1769099920.4647985,9.543651400638417,-13.23022096130756,3.0945194237613842,0.02353444186917502,0.9997230266658393
1769099920.5147762,9.534044710292571,-13.22975373722699,3.0915161722341327,0.025035624624666408,0.9996865596273928
1769099920.5647905,9.527927086160222,-13.22944946902065,3.0904305017087146,0.025578286025612046,0.9996728221193132
1769099920.6147459,9.521709722644932,-13.229112863292627,3.0897355488838762,0.025925647200285635,0.9996638739182517
1769099920.6647983,9.51238340911238,-13.228613590154957,3.0852072143225273,0.028188985048125965,0.9996026116022089
1769099920.7147949,9.506090950744019,-13.228260540116676,3.086137036708038,0.027724255576008255,0.9996156089481377
1769099920.7648015,9.496589360890715,-13.227721970873088,3.08293759881428,0.0293233234486203,0.999569978891887
1769099920.8147786,9.490499092242814,-13.22738022884592,3.084951205640377,0.028316938290471886,0.9995989951004621
1769099920.8647885,9.481401906666939,-13.226863519846736,3.084921093456595,0.028331988341586185,0.9995985686447396
1769099920.9147847,9.475134370658111,-13.226518038478611,3.0872552583952424,0.02716535534536075,0.999630953636871
1769099920.9648714,9.469119887293921,-13.22618057584316,3.0855281012833893,0.02802860496393871,0.9996071214751201
1769099921.0147893,9.459819538295003,-13.225670330411539,3.0848247361906416,0.028380147601248473,0.9995972024881479
1769099921.0647843,9.453400096053953,-13.225321315636878,3.087799798441651,0.026893184798884005,0.9996383128969063
1769099921.1147718,9.44687933384721,-13.224971132743539,3.0851218712163457,0.028231639618359578,0.9996014078243683
1769099921.1647873,9.437452235645367,-13.22446085374943,3.087294319748434,0.02714583187131031,0.9996314840039876
1769099921.2147837,9.43093206384681,-13.22409989551517,3.084501270148366,0.028541815104845183,0.9995925994076391
1769099921.2647922,9.424512764067712,-13.223748410733194,3.0852951011723038,0.02814505905864227,0.999603849357627
1769099921.3147788,9.415239351035517,-13.223209838858743,3.0842064626054126,0.028689158513327935,0.9995883813769532
1769099921.3648007,9.408847160469907,-13.222827186770349,3.080394731503976,0.030594186316844393,0.9995318883175315
1769099921.4147685,9.402632881473108,-13.222437931813019,3.079166964273672,0.031207776762608636,0.9995129187106764
1769099921.4648,9.393186436454416,-13.221825536820417,3.0748329169234596,0.03337366995010122,0.9994429439212934
1769099921.5147545,9.38669507843877,-13.221407589444523,3.0777581958088067,0.03191181010246151,0.9994906884888846
1769099921.564794,9.376970008991636,-13.220790797092242,3.079465388556016,0.03105863695302294,0.9995175641631419
1769099921.6147883,9.370528235927639,-13.220390071644124,3.0810083005185973,0.03028754398404325,0.999541227103422
1769099921.664837,9.36418722783093,-13.220000235542752,3.083475890797691,0.02905429213653611,0.9995778349425546
1769099921.714792,9.355041090507237,-13.219453698664223,3.080959202282241,0.03031208183062226,0.9995404832697341
1769099921.764796,9.348749486154494,-13.219085378870828,3.0841117787266077,0.028736480933738907,0.9995870220563815
1769099921.814794,9.34276112357677,-13.218734664849194,3.08185769696668,0.02986303788133676,0.9995540000262606
1769099921.8647974,9.33346289751148,-13.21818706009656,3.081834849054771,0.029874456740258338,0.999553658807007
1769099921.9147692,9.32729815943725,-13.217817462398186,3.0800516097065214,0.030765666454828113,0.9995266248417749
1769099921.9648187,9.317823994575843,-13.217244016957233,3.0772618297210084,0.032159865758531914,0.9994827377370723
1769099922.0147638,9.31120497610858,-13.216839175124473,3.0794119426528024,0.031085347001427385,0.9995167338278038
1769099922.0648084,9.304914488630073,-13.21645249426327,3.07597595911556,0.03280246180392069,0.9994618544494844
1769099922.11476,9.295416409967931,-13.215855873474942,3.0788349293651467,0.03137371292204213,0.9995077239008637
1769099922.1648097,9.289025959142055,-13.215445560141681,3.076388498689543,0.03259630232373226,0.9994685993440814
1769099922.2147882,9.282584904142432,-13.21503356710614,3.0788913246500513,0.03134552914814624,0.9995086081682452
1769099922.2648106,9.273467130239753,-13.214438426394844,3.0788965026633983,0.03134294141358443,0.9995086893186795
1769099922.314808,9.26748107419138,-13.214050041466288,3.0794392171626113,0.0310717163340568,0.9995171576536622
1769099922.3648064,9.258210882216074,-13.213458826452364,3.081924687186669,0.029829557693414905,0.999554999731288
1769099922.4147747,9.252148441393567,-13.213075219530035,3.081136240210378,0.03022360342385749,0.9995431625478098
1769099922.4647994,9.24573156112111,-13.212682077179773,3.0847362099022226,0.028424392888557574,0.999595945314364
1769099922.5147634,9.23673748302972,-13.2121369958756,3.081540261716515,0.030021684341552484,0.9995492476458057
1769099922.5648127,9.230370743846532,-13.211753260719235,3.082251211050762,0.029666368016151506,0.9995598564411889
1769099922.6147907,9.220745710795473,-13.211158609951212,3.0821121367295206,0.029735874498658266,0.9995577911095487
1769099922.6648204,9.214354992926912,-13.210751900178265,3.076647669181988,0.032466785665873125,0.9994728149522258
1769099922.7147655,9.207839324827617,-13.210316470024864,3.0748312229956034,0.033374516442210955,0.9994429156546404
1769099922.7648158,9.198294581046632,-13.209656631899868,3.0705737556220036,0.03550198701956514,0.9993696057603827
1769099922.8147652,9.192032564134104,-13.20922307309564,3.071696212775435,0.03494110667639156,0.9993893730995087
1769099922.8648255,9.185468417554818,-13.208755109862592,3.069943600298625,0.035816864290690746,0.999358370271837
1769099922.9147675,9.176076019142762,-13.208095287699601,3.0693208118642414,0.03612805696655087,0.9993471686555286
1769099922.9648173,9.169687848983,-13.207651242522315,3.072813027814807,0.03438303471671149,0.9994087286609366
1769099923.0147727,9.163728142240462,-13.20724807799429,3.0733619951153464,0.03410871206897102,0.999418128593331
1769099923.0648038,9.15463637392334,-13.206643201321658,3.0777783879469203,0.031901719173822694,0.9994910106217837
1769099923.1147923,9.148650756686441,-13.206248567643057,3.074820956115244,0.03337964702219163,0.9994427443153879
1769099923.1648033,9.139431663263007,-13.205651261649257,3.077778989647027,0.03190141847689742,0.9994910202193724
1769099923.2147918,9.133269082437732,-13.205247433697203,3.0762382687656267,0.03267137727752146,0.999466148054445
1769099923.264805,9.123923350573799,-13.204647547227623,3.074832190975973,0.03337403272164558,0.9994429318074617
1769099923.3147829,9.117760010115278,-13.204255011587618,3.0767667668091345,0.03240726818801454,0.9994747465386957
1769099923.364817,9.111167412002006,-13.20383292443217,3.07384583195248,0.03386693342007492,0.9994263508737
1769099923.414776,9.101746884812693,-13.203213257775118,3.0753180872811736,0.033131218925190976,0.9994510104715143
1769099923.4648378,9.09573680629818,-13.202804680884569,3.0714454697388365,0.0350664013645384,0.9993849846257152
1769099923.5147722,9.086065494276887,-13.202142245196349,3.068835767347962,0.03637041983371009,0.999338377408333
1769099923.5648127,9.079930226733252,-13.201710065366782,3.0684178769977106,0.036579225970536706,0.9993307561700462
1769099923.6147733,9.073491727382518,-13.201260060363365,3.070676069286698,0.035450862389758,0.9993714206218939
1769099923.6648326,9.063897510142077,-13.200583255342933,3.073075792613922,0.03425172970343056,0.9994132373609643
1769099923.714774,9.057534431330051,-13.200143002178802,3.073689981128892,0.03394481402711963,0.9994237087445266
1769099923.7648492,9.051145610407602,-13.199708142765727,3.0765003193485114,0.032540421654115526,0.9994704202519314
1769099923.8158298,9.042306561938137,-13.199118103458371,3.0760099588394887,0.03278547108561735,0.9994624119423873
1769099923.8648155,9.036042833827663,-13.198709298847673,3.0775131734982146,0.032034258621627704,0.9994867714355016
1769099923.9148076,9.02965323074487,-13.198286271577375,3.0759496668388713,0.03281560086489433,0.9994614231374195
1769099923.9648275,9.020107939529305,-13.197635443770713,3.0747081412274926,0.033436022979565105,0.9994408598648096
1769099924.0147796,9.013945940729103,-13.197222685805997,3.07428286964161,0.03364853912181108,0.9994337275752545
1769099924.0648222,9.007558017469327,-13.196774393319139,3.07045742412655,0.0355601160398507,0.9993675390702024
1769099924.114846,8.997636397958969,-13.196062716569026,3.0700302774329202,0.03577355349723351,0.9993599215849015
1769099924.1648247,8.991073561206816,-13.195576460223752,3.06649106276987,0.037541971205695815,0.9992950517229587
1769099924.2209883,8.981557821002474,-13.19486756597397,3.063557882465056,0.03900748658827189,0.999238918372411
1769099924.2648242,8.97514671858229,-13.194390047985907,3.0663952732727426,0.03758983214786173,0.999293252513543
1769099924.314782,8.96911421068056,-13.193940309113303,3.064869934212215,0.03835195165712717,0.9992642932698483
1769099924.3648124,8.95962305854077,-13.193241954544876,3.069772040092673,0.035902589222723054,0.9993552942207813
1769099924.4147823,8.953640774937881,-13.192799417911436,3.067201169538106,0.03718716575697871,0.9993083181395834
1769099924.464824,8.94730412334568,-13.192344037592393,3.071356604797047,0.03511080647415106,0.9993834255523426
1769099924.5147824,8.938139792451018,-13.191688229901228,3.072189827326063,0.03469444904654479,0.9993979663804388
1769099924.5648232,8.93200398401895,-13.19126337126632,3.074754718437804,0.033412747386938224,0.9994416382721187
1769099924.6158595,8.922635189885362,-13.190628966693724,3.0777086661065503,0.03193656233077774,0.9994898978911655
1769099924.6648295,8.91647388543631,-13.190206522074707,3.0746431253556046,0.03346851272134466,0.9994397724006291
1769099924.7218616,8.910059915833704,-13.189768451403495,3.07591799523075,0.032831428136042104,0.9994609033506753
1769099924.7648158,8.900768028623313,-13.18912197645913,3.0721689711369558,0.03470487086114831,0.9993976045291039
1769099924.8147864,8.894254018889765,-13.188662908901785,3.071946246435087,0.03481616591247928,0.9993937335160525
1769099924.8648326,8.888070050978769,-13.188200699864602,3.0673634875948794,0.03710606274243682,0.9993113329227055
1769099924.9147859,8.87860462877616,-13.18749752415163,3.063561334124155,0.03900576207216147,0.9992389856911958
1769099924.964857,8.872421546772877,-13.187025407863064,3.0645117186987334,0.03853092702697158,0.9992574081098634
1769099925.0148768,8.862654467386276,-13.186283537011276,3.063442216912485,0.03906527528382883,0.9992366607901246
1769099925.06484,8.856621389516073,-13.18584144224693,3.0673027435837117,0.0371364138147013,0.9993102054762492
1769099925.117887,8.847458175246723,-13.185169897324384,3.068673809195862,0.03645134521283404,0.9993354288887064
1769099925.1648095,8.841600751733798,-13.18475489697357,3.0704426305942936,0.03556750812684053,0.9993672760130017
1769099925.2239456,8.83533942944042,-13.184310760912272,3.070522993500591,0.03552735206875906,0.9993687043603989
1769099925.2648351,8.826224910171076,-13.183667826495544,3.0684693706357007,0.036553496370320106,0.9993316976375286
1769099925.3158934,8.820140381575854,-13.183235224016912,3.069665149520709,0.035956000000918996,0.9993533739693552
1769099925.3648305,8.810623244605871,-13.18254508294414,3.065920123610887,0.03782723801032275,0.9992842939146549
1769099925.4159005,8.804110272303435,-13.182071647747984,3.0676305938685027,0.0369726012487503,0.9993162796416862
1769099925.464834,8.797573143492258,-13.181581602241433,3.064295328952928,0.038639041329504145,0.9992532334124002
1769099925.5189388,8.788109354364758,-13.180856902236506,3.061240204921613,0.040165416938207084,0.999193044052139
1769099925.5648324,8.781674508799425,-13.180357498914335,3.062698148275721,0.03943702290174927,0.9992220580154578
1769099925.6269312,8.77524003907141,-13.17985295699374,3.0594173277671,0.04107610321548071,0.9991560207218045
1769099925.664838,8.765627331190217,-13.179084985538296,3.0608359011775854,0.04036740486050226,0.9991849041217687
1769099925.7179177,8.759319515646691,-13.17858416086416,3.0653662777055772,0.038103961313582575,0.99927378036863
1769099925.7648425,8.752934506898567,-13.178096509929091,3.0690616454084396,0.036257555294768685,0.9993424786748769
1769099925.8148675,8.743698773426019,-13.177377493845913,3.070726221819748,0.035425801874513524,0.9993723092829557
1769099925.8648362,8.737313873327377,-13.176888662292779,3.0708707308986574,0.03535359259615126,0.999374866349232
1769099925.9148467,8.73120619870801,-13.176425897875925,3.0716503564542115,0.034964020827265296,0.9993885717015132
1769099925.964906,8.721916256583318,-13.175752589399455,3.0703896132619013,0.03559400000786778,0.999366332814669
1769099926.0148497,8.715756625087334,-13.175305932475245,3.0721405025739745,0.03471909656445588,0.9993971104289565
1769099926.0648592,8.706593163918535,-13.174637937828875,3.0692295808901884,0.03617364263675474,0.9993455196169082
1769099926.1148727,8.700509693269758,-13.174190808321464,3.0680474944738165,0.036764292666059524,0.9993239648806409
1769099926.1648686,8.694326616930486,-13.173717593054171,3.064448065661061,0.03856272989217307,0.9992561812985014
1769099926.214877,8.684737373067312,-13.172973524653463,3.0592937067579893,0.04113786147474529,0.9991534798784842
1769099926.264855,8.678127099877019,-13.17244530306092,3.060546986264633,0.04051174414860644,0.9991790623236847
1769099926.314886,8.66861561380264,-13.171681412727159,3.0591342251638554,0.0412175346387491,0.9991501963360181
1769099926.3648527,8.662459066122745,-13.171194310528769,3.0610812526377282,0.04024482881946895,0.9991898487040847
1769099926.4148514,8.656428931994013,-13.170713758273022,3.060403285155436,0.040583535613744816,0.9991761489532703
1769099926.4648602,8.647344946528266,-13.170001604656495,3.0625761353227277,0.03949798184532066,0.9992196502422012
1769099926.5148575,8.641086767427389,-13.169515108240807,3.0636017371030406,0.03898557594838342,0.9992397734617917
1769099926.564866,8.632077344665802,-13.1688234531316,3.063713738064894,0.038929617979407305,0.999241955105958
1769099926.614843,8.625691983178726,-13.168340089370721,3.0669700618363023,0.03730263943284666,0.9993040143476574
1769099926.664843,8.619230971066283,-13.167850655886294,3.0642811585482335,0.03864612123988913,0.9992529596218926
1769099926.7148445,8.609867420469646,-13.167142602821958,3.067170405328441,0.03720253721788834,0.9993077460044787
1769099926.7648416,8.603331465729852,-13.166637267341425,3.0633779078079453,0.03909740527106758,0.9992354041471259
1769099926.814865,8.596795036456154,-13.166138014766062,3.064664599249904,0.03845454340281907,0.9992603505051527
1769099926.8648467,8.58715620430792,-13.165378701832578,3.064104426500237,0.03873442109989938,0.9992495407164597
1769099926.9148915,8.581050802660682,-13.164886412729594,3.059711721794599,0.04092902998849464,0.9991620561771754
1769099926.964867,8.574643655665536,-13.164357717831564,3.0596023899330658,0.04098365005109954,0.9991598172607268
1769099927.0148435,8.565160365485367,-13.163558918563156,3.0561611096705232,0.04270278301379093,0.9990878201253767
1769099927.064846,8.559107244189425,-13.16304922606327,3.057492095992934,0.0420378874950031,0.9991160172947672
1769099927.1148655,8.549750673338243,-13.162254329190565,3.0603162849216488,0.040626999854610664,0.9991743826193772
1769099927.164849,8.543343326772325,-13.161728163460753,3.0618655637314385,0.03985298789343646,0.9992055541058434
1769099927.2148502,8.53688542122208,-13.161199195207553,3.063774601274761,0.03889920942497517,0.9992431393340221
1769099927.2648504,8.527625359348784,-13.160466434136024,3.0628717048258682,0.03935031198675845,0.9992254765299696
1769099927.3148634,8.521392234491294,-13.15998416009513,3.066462901327657,0.037556041996900026,0.999294523005869
1769099927.3648415,8.51513425338267,-13.159495577587426,3.0637736142588436,0.03889970255941239,0.999243120136831
1769099927.4148633,8.505595864224748,-13.158750580376017,3.0620807112384454,0.039745499371075486,0.9992098354598716
1769099927.4648612,8.499111538644033,-13.158234298957185,3.0607114569060703,0.040429576201070225,0.9991823904414058
1769099927.5148733,8.49262714342475,-13.157718945037514,3.059393843604093,0.04108783538407882,0.9991555383339727
1769099927.5648654,8.48299125865914,-13.15692320853823,3.060499400093759,0.040535517689933846,0.999178098141472
1769099927.6148894,8.476382656966077,-13.15637358761041,3.0560577442504724,0.04275441852283366,0.9990856117954929
1769099927.6648617,8.469824886631521,-13.155824087400877,3.057808127117153,0.0418800110917544,0.9991226474617391
1769099927.7148757,8.460114957011937,-13.155002542017058,3.0573884055654608,0.04208968682194681,0.9991138364887309
1769099927.764845,8.453834555086743,-13.154476933559218,3.0585066140299695,0.0415310714979992,0.9991372128492804
1769099927.8148763,8.447529633304987,-13.153940717926824,3.0576622293695688,0.041952895852169186,0.9991195897036635
1769099927.864853,8.43812212015408,-13.153147594059334,3.056540186027341,0.04251341696238484,0.9990958959870581
1769099927.9148526,8.431741013797115,-13.152611328665232,3.0591104918861065,0.041229391190407985,0.9991497071520705
1769099927.9648771,8.42548542836116,-13.152092677763248,3.058042056361132,0.04176314880276481,0.9991275391070342
1769099928.0148568,8.415798505350981,-13.151299792719453,3.061918890707422,0.03982634557397987,0.999206616370319
1769099928.0648906,8.409341250926385,-13.150763005284858,3.0589689569846628,0.04130009836477457,0.9991467869512767
1769099928.114868,8.40288302245631,-13.150237908762746,3.060875466565032,0.04034763828367329,0.9991857025022575
1769099928.164906,8.393650957562732,-13.149472828974,3.060773152855624,0.04039875342866099,0.9991836371365427
1769099928.2148705,8.387297903643892,-13.148903872107894,3.0575657002986802,0.042001117846136866,0.9991175637029283
1769099928.2648487,8.381169106932244,-13.14838767253999,3.0563424024718224,0.042612219123648265,0.9990916868743119
1769099928.3148994,8.371413437616187,-13.147506202702395,3.0494542210481366,0.046052921992324046,0.9989390013288945
1769099928.3648934,8.364885570101478,-13.146905398453935,3.049539113951714,0.046010520534690166,0.9989409552121321
1769099928.4148989,8.358661487987359,-13.146317344641176,3.046696287538767,0.04743038144260543,0.9988745461349032
1769099928.4648957,8.348883662646093,-13.145402853112316,3.0454337671439937,0.048060921693632394,0.9988444062044691
1769099928.5149007,8.34243213247045,-13.14480152853208,3.048465665577162,0.04654666965408034,0.9989161163701955
1769099928.5648913,8.336054981343366,-13.144220063266685,3.048669515743324,0.04644485480432449,0.9989208554546277
1769099928.6148665,8.326702745968365,-13.143375582687765,3.0530008263634683,0.04428142932578024,0.9990190964225188
1769099928.6648693,8.320350893698985,-13.142795532545565,3.0489166044253446,0.04632144343138113,0.9989265858302268
1769099928.7148855,8.314401467321218,-13.14226166224817,3.05182641109935,0.04486805329565776,0.998992921793472
1769099928.7648733,8.304873149646847,-13.141397373820347,3.0518074525942263,0.044877522999854896,0.9989924964329799
1769099928.8148904,8.298420070330307,-13.140812451979272,3.0505452799421837,0.04550796452561921,0.9989639759094093
1769099928.864902,8.291841682017141,-13.14020809522817,3.049393555222338,0.04608322270085203,0.9989376039500684
1769099928.9148839,8.282365643239489,-13.139327989472436,3.045215438145029,0.04816995975671162,0.9988391537064598
1769099928.9648764,8.27578819434558,-13.138713784724462,3.047483758853998,0.04703708524995638,0.9988931437402042
1769099929.0148752,8.266339761460191,-13.137810405378962,3.046617517859585,0.04746972191958011,0.998872677322229
1769099929.0648541,8.26026740081506,-13.137231682814987,3.0454913022056775,0.04803218738648769,0.9988457883852088
1769099929.1149616,8.253843986676522,-13.13660153852876,3.0436443314607864,0.048954586248750626,0.9988010054486397
1769099929.1648748,8.244246429894915,-13.135662719685607,3.0415058025595094,0.05002254046809572,0.9987480890820857
1769099929.2149072,8.237999727259716,-13.135046417811731,3.0434473174578467,0.04905297490318474,0.9987961782331506
1769099929.2648907,8.231651537135335,-13.13442748633169,3.0436773051182913,0.04893811918096347,0.998801812418775
1769099929.3148623,8.222304066343916,-13.133531867608607,3.0479694397085124,0.04679451222760726,0.9989045367928711
1769099929.3648734,8.216005482858245,-13.132925958817966,3.0466426503001713,0.047457169861724366,0.9988732737583459
1769099929.4148853,8.20962967209601,-13.132329817180645,3.04945623270425,0.04605191723142636,0.9989390476497101
1769099929.46488,8.200179955092665,-13.131440311345933,3.05069724917032,0.04543205850214105,0.9989674309306875
1769099929.5148706,8.193804976351977,-13.13083559048101,3.046909672098252,0.04732380897034789,0.9988796009052032
1769099929.5648816,8.187431024610508,-13.130219909539093,3.0460924981875377,0.047731934183698026,0.9988601816365907
1769099929.6148825,8.177683739539859,-13.129251028539398,3.0392995977400528,0.051124231233854144,0.9986923014526283
1769099929.664857,8.1711625642413,-13.128581368693863,3.0357273015880817,0.05290796106667178,0.9985993929778686
1769099929.714912,8.164543121317022,-13.127877969296623,3.0321583080522596,0.054689873269312045,0.9985033889585887
1769099929.7648604,8.15807320530287,-13.12720586133998,3.0313101108023606,0.055113332252632326,0.9984801052640012
1769099929.8148909,8.148283295343303,-13.126158621067317,3.0329933383551224,0.05427297822103896,0.9985261357796393
1769099929.86487,8.141838736340668,-13.125486332114157,3.033806585056005,0.05386694970257756,0.9985481218898467
1769099929.914892,8.135620141865324,-13.124843169582226,3.0383702678803886,0.05158828298612744,0.9986684380005925
1769099929.9648843,8.126179882341065,-13.12385825060829,3.0362690157171817,0.0526374814289777,0.9986136868423214
1769099930.0148842,8.119809662156385,-13.123204935908312,3.0397585750871476,0.05089504131809332,0.9987040075864468
1769099930.0648816,8.113515886028733,-13.12255099497592,3.0398328794992593,0.05085793722589836,0.9987058977602599
1769099930.1148725,8.104023000384789,-13.121582812741018,3.0410431758131202,0.05025356291724284,0.9987364914801715
1769099930.165037,8.097526854825727,-13.120917293037042,3.0418532547514885,0.0498490311077162,0.9987567642312226
1769099930.2148802,8.090980135935542,-13.120248729648164,3.0382245898053015,0.051661024897060696,0.9986646777104842
1769099930.264877,8.08128612894933,-13.119256898875406,3.0400237316110554,0.050762634429658046,0.9987107463854391
1769099930.3149025,8.074740547980765,-13.11857712231391,3.035846752609209,0.05284831911374812,0.998602551151784
1769099930.3648834,8.068647855836943,-13.117947174508451,3.034878715449418,0.0533316550930712,0.9985768546111179
1769099930.4148939,8.059310559690646,-13.116951266949211,3.0335908706613828,0.053974649990854336,0.9985423061434927
1769099930.464861,8.052842982983458,-13.116256036206668,3.034180384421674,0.05368032043556148,0.9985581721652151
1769099930.5148807,8.043431341378382,-13.115241204582098,3.0345530014879953,0.053494279596660824,0.998568155936506
1769099930.5648654,8.037015023044914,-13.11454260758405,3.0326294481793035,0.05445465424726418,0.9985162445502882
1769099930.6148958,8.030673323338192,-13.113860441750447,3.0357703501290607,0.05288646693097235,0.9986005315518108
1769099930.6648686,8.021134430896334,-13.112845369358686,3.0367182659565546,0.05241316638398648,0.9986254853495401
1769099930.7148893,8.014941561060319,-13.112199703297446,3.037950285047544,0.05179799364698943,0.9986575828852182
1769099930.7648625,8.008773919066682,-13.111556252599986,3.0386230883065446,0.05146204068424314,0.9986749513072877
1769099930.8149068,7.999382874375027,-13.110587412902323,3.0367602964901694,0.0523921799913988,0.9986265866056986
1769099930.8648853,7.992988029913298,-13.109926323192841,3.0386739541907626,0.05143664142537987,0.9986762598154003
1769099930.9149387,7.98659525703818,-13.109245523834222,3.0328446120961576,0.054347231599235664,0.9985220971102738
1769099930.964913,7.977233013189655,-13.108245039124704,3.0341244774924148,0.05370823357513136,0.9985566712241419
1769099931.0149236,7.970590275928279,-13.107521444886077,3.030681786708508,0.05542701408137513,0.9984627414731223
1769099931.0648847,7.964123430064301,-13.10681959553262,3.030566585622772,0.05548452598533723,0.9984595471906623
1769099931.1148942,7.954690469399555,-13.105766978342942,3.031490686048221,0.05502318163286939,0.9984850772460229
1769099931.1648717,7.94817562903149,-13.105038148675261,3.0290009688016664,0.056266111436495625,0.9984158075189995
1769099931.2148995,7.942289348980073,-13.104382464151373,3.0301215499565215,0.055706699664772236,0.9984471761753142
1769099931.2648697,7.93300869098056,-13.103334342843766,3.0284673467817735,0.05653249776054642,0.9984007595634901
1769099931.3148978,7.92694630113636,-13.102659194771014,3.031685973866213,0.054925685384703264,0.9984904451646097
1769099931.364878,7.91756384129287,-13.101610491562102,3.0330910668798814,0.05422418591317263,0.9985287865965876
1769099931.4149103,7.911500221707435,-13.1009464453249,3.034399723664592,0.05357080861621696,0.9985640532605831
1769099931.464875,7.905359591346309,-13.100288178441504,3.038376489327227,0.05158517640457965,0.9986685984726407
1769099931.5148973,7.896096865486596,-13.099309458217496,3.037435222236568,0.05205517761738399,0.9986442101585642
1769099931.5648715,7.88998023735421,-13.098664963693361,3.0401185847904904,0.05071526892777084,0.9987131527608836
1769099931.614894,7.880692140222407,-13.097685430729484,3.0373067517095977,0.052119325683913156,0.998640864320229
1769099931.6648774,7.874676471204222,-13.097048883464007,3.0372664185538136,0.05213946484209007,0.998639813048719
1769099931.7148943,7.8682346056921775,-13.096350941519068,3.0332931244225207,0.054123305500179006,0.9985342597035588
1769099931.7648668,7.858473082072365,-13.095275571909797,3.0269619846679134,0.05728395901489629,0.9983579258159769
1769099931.8149266,7.851883671512253,-13.094530930947796,3.027463269503947,0.05703372637360786,0.9983722522465959
1769099931.8648508,7.845344392227847,-13.093793284134236,3.0246103780315705,0.05845779170839394,0.9982898810408618
1769099931.9149013,7.835587412190705,-13.092678297914983,3.027595434503705,0.05696775131488757,0.998376018997915
1769099931.9648967,7.829224754779762,-13.091955333149226,3.0269407571951055,0.057294555319530975,0.9983573177629026
1769099932.0148957,7.822885900002845,-13.091247073188416,3.0299820581393226,0.05577633713471427,0.9984432884324651
1769099932.0648756,7.813629111067726,-13.090213288170824,3.032715249004389,0.05441181743834497,0.9985185797585623
1769099932.1149068,7.807414871717726,-13.08952963083452,3.032342693766556,0.05459781815672325,0.998508426730854
1769099932.1648567,7.801150541333541,-13.088838351227908,3.033247888199913,0.054145890445359626,0.9985330352811964
1769099932.2149122,7.791566205611297,-13.087772983460695,3.0296345232645416,0.05594983322336514,0.9984335812472844
1769099932.26489,7.785050541324077,-13.087051684100869,3.0327525114015543,0.054393213830954405,0.9985195933426344
1769099932.3149307,7.778536103510247,-13.086319333471337,3.029112528984341,0.056210419624054854,0.9984189444945882
1769099932.3648865,7.769179700955275,-13.085265417100706,3.0268749875691174,0.057327386082241416,0.9983554331023484
1769099932.4149425,7.762993715899796,-13.08455695615563,3.0266056533804275,0.05746183118731188,0.9983477039371608
1769099932.4648967,7.756833226913253,-13.083848301861178,3.0241626668189965,0.058681263028399204,0.998276769923748
1769099932.5149302,7.747255808523685,-13.08272246684558,3.025367294264738,0.058079976622758926,0.9983119333732817
1769099932.5649025,7.741123602535727,-13.081989550294926,3.0212892485014486,0.06011543535037042,0.9981914317567725
1769099932.6149158,7.73187604634973,-13.080876329732083,3.0205975853421934,0.060460637868217156,0.9981705822496315
1769099932.6649022,7.725544713625983,-13.080103705359546,3.0202840568030562,0.06061711460689626,0.9981610919168982
1769099932.7149124,7.719462796986119,-13.07937706777407,3.0244615799438157,0.05853206335919905,0.9982855290741797
1769099932.7649019,7.709836228713748,-13.078235736485295,3.02842258219787,0.056554844243669584,0.9983994939865376
1769099932.8149295,7.70350035418008,-13.077501536791225,3.028498281530273,0.05651705511558535,0.9984016338533616
1769099932.8648896,7.697138073439363,-13.076775282326748,3.0333063602778036,0.05411669727151561,0.998534617865812
1769099932.9149075,7.687678771109269,-13.075731003591539,3.0345128684812694,0.05351431735714859,0.9985670822923207
1769099932.9648604,7.681410090106224,-13.075079224014695,3.037600720409224,0.051972540543299334,0.9986485142578819
1769099933.0149112,7.674990732643827,-13.074409245759183,3.039891072182976,0.05082887851615721,0.9987073771174366
1769099933.064894,7.665395731292169,-13.073443944157486,3.039948823543615,0.050800040140016156,0.9987088444195199
1769099933.1149085,7.65874544211353,-13.07279217034389,3.0457878570546946,0.047884080578024964,0.998852899493813
1769099933.1648612,7.652269882794242,-13.072175254591565,3.0447622442813715,0.048396292405723525,0.9988282128981839
1769099933.2149258,7.642365592288506,-13.07125134879793,3.051040181867216,0.04526076853751286,0.9989752063146481
1769099933.2648635,7.635888373489138,-13.070653019220156,3.051214101277048,0.045173897777332064,0.998979138400599
1769099933.314941,7.629484690587995,-13.070083361959316,3.056721375915032,0.042422903751452246,0.9990997433876635
1769099933.3648846,7.6199520444091196,-13.069268422258688,3.061583950683037,0.03999368215893514,0.9991999326397946
1769099933.4149435,7.613796382124391,-13.068770379853486,3.067548788120675,0.03701347612559677,0.999314766520089
1769099933.4648836,7.607562980268094,-13.06829339396223,3.0735353811805,0.03402206935252434,0.9994210818253596
1769099933.514943,7.598295664112242,-13.067659089712812,3.081488184640469,0.030047711132462875,0.9995484655861866
1769099933.5648663,7.592183053796921,-13.067269976934714,3.0844735505106855,0.028555669274445136,0.9995922037272442
1769099933.614952,7.583212217029605,-13.066759983012856,3.091132985314774,0.025227157570543918,0.9996817446172112
1769099933.6648793,7.576666383328576,-13.066408250700032,3.0952527507646526,0.023167878349756824,0.9997315886840682
1769099933.7149658,7.57062488091771,-13.066105971913025,3.0973916205947,0.02209871743851555,0.9997557935253852
1769099933.7648954,7.560890786097593,-13.065656275286388,3.102040575107631,0.019774750225394044,0.9998044605089154
1769099933.814938,7.55459502969453,-13.065372375479894,3.101195408366566,0.020197249185959658,0.9997960147576705
1769099933.8648942,7.548121179581218,-13.065102094314906,3.1066644727103947,0.017463202711446364,0.9998475066484184
1769099933.9149036,7.5383077397306915,-13.064732433957747,3.1086195794001577,0.016485790248610792,0.9998641001255515
1769099933.9649372,7.531756320076611,-13.06450393446382,3.1107827230630316,0.015404355970973057,0.9998813458691584
1769099934.0149226,7.525507547513967,-13.064311349274151,3.1133892522665536,0.01410123329369217,0.9999005726669011
1769099934.064922,7.5157674383780675,-13.064017741888117,3.1116716355938245,0.014959950935281026,0.9998880936724939
1769099934.1149046,7.509290384570771,-13.063836585764196,3.1161685902265566,0.012711689316003433,0.9999192032133063
1769099934.1649806,7.5029653127966105,-13.063657543955518,3.1137881668280274,0.013901795565287008,0.9999033653709047
1769099934.2149277,7.493856703188366,-13.063413724515714,3.1153395387107468,0.013126180477553652,0.9999138479819503
1769099934.2649462,7.487607276722613,-13.063244099370474,3.114765589007877,0.01341313006108694,0.9999100399245746
1769099934.3149261,7.481610575730468,-13.063091181498821,3.115072523153017,0.013259676637074724,0.9999120866233592
1769099934.3649476,7.471894762122984,-13.062830847735915,3.1149817855325717,0.01330504144511013,0.9999114840185325
1769099934.4149177,7.465518652129466,-13.062663872670644,3.1138587390408587,0.01386651286008383,0.9999038552886478
1769099934.4649136,7.456005493796443,-13.062399967884327,3.1126350093739483,0.014478316232134155,0.9998951836863114
1769099934.5149179,7.449477414275581,-13.062234259305582,3.1137935199641156,0.013899119255842283,0.9999034025764248
1769099934.5649383,7.44294964590055,-13.062057548051493,3.1107223375894386,0.015434545118250709,0.9998808803137466
1769099934.6149328,7.433335623483338,-13.061779227151378,3.1101754406604663,0.01570796042918237,0.9998766223785589
1769099934.6649556,7.427061404995611,-13.061590917553488,3.109159982659614,0.016215624740732643,0.9998685181133906
1769099934.7149146,7.420584935730646,-13.061391906498358,3.107975272142106,0.01680789923595529,0.9998587372840595
1769099934.7649374,7.411022371129163,-13.061087025493213,3.108277916552176,0.01665659821524619,0.9998612692448368
1769099934.8149688,7.404621928268764,-13.0608859566869,3.1092495802592293,0.016170831814898944,0.9998692435505826
1769099934.8649328,7.398195904011723,-13.060692834521205,3.1128325818339784,0.014379540286043347,0.9998966090657384
1769099934.9149516,7.388556207542023,-13.060425848681186,3.1143574405720584,0.013617185639744261,0.9999072818292968
1769099934.9649532,7.382432770327212,-13.060276941163929,3.117883530368792,0.011854283957614405,0.9999297355073766
1769099935.014919,7.376182985468786,-13.060121514876124,3.1176087103530903,0.011991684198074979,0.9999280971700384
1769099935.0649292,7.366947140296209,-13.059903827356962,3.116254588443037,0.012668693670214752,0.9999197488802241
1769099935.1149147,7.360949894863112,-13.059772279880411,3.120317058785458,0.010637596769597376,0.9999434191667884
1769099935.1649263,7.351713830737431,-13.05956559746556,3.1186335509545966,0.011479299189859123,0.9999341106743532
1769099935.2149074,7.34523594857396,-13.059419074139106,3.119087026970934,0.011252575828171489,0.999936687764396
1769099935.2649314,7.338884808976624,-13.059266291396085,3.116692076081488,0.012449967104078849,0.9999224961561308
1769099935.314952,7.3288900432126685,-13.059023240263535,3.116307251471034,0.01264236426496081,0.9999200821194623
1769099935.3654404,7.3227921533533,-13.058867580068481,3.115610075891233,0.012990923421296261,0.9999156143938658
1769099935.4149473,7.313379507857916,-13.058632797830933,3.1155751489496284,0.013008385416451202,0.9999153873747804
1769099935.4649515,7.307281631254197,-13.058476688525102,3.115987819074119,0.012802067537310724,0.9999180501754982
1769099935.5149353,7.301259528300464,-13.058327743224952,3.11735990904951,0.012116075811996642,0.9999265976595072
1769099935.5649347,7.291720375743106,-13.058089506874593,3.1182850777950035,0.011653524114196888,0.9999320953823414
1769099935.6149592,7.285445003685695,-13.057944319672748,3.1173141637409767,0.012138946784185572,0.9999263202711342
1769099935.664964,7.2792710777743395,-13.057791876176227,3.116791578231857,0.012400219869406367,0.9999231143178912
1769099935.714915,7.270010007296504,-13.057570616173354,3.1158155894126867,0.012888175263356555,0.9999169440200426
1769099935.764949,7.2634562866779095,-13.057418828080039,3.117619235774612,0.011986421865551782,0.9999281602649568
1769099935.815018,7.257003831391357,-13.057267573547369,3.1183370388318,0.011627545356065794,0.9999323978094682
1769099935.8649502,7.247287419561197,-13.057030602205273,3.1151944564179526,0.01319871533978457,0.9999128931628891
1769099935.9149308,7.241139053320868,-13.056868745372732,3.112925167970884,0.014333251988482624,0.9998972736673676
1769099935.9649515,7.234712634380648,-13.056689977967878,3.111058516452084,0.015266475492435476,0.9998834605723004
1769099936.0149136,7.224896408855894,-13.056399285634212,3.1113729484576633,0.015109277623486664,0.9998858483495485
1769099936.064946,7.218445528579392,-13.056190383918773,3.106131546434924,0.017729624592205583,0.999842817852796
1769099936.1149328,7.211792787752111,-13.055961278807553,3.1066016373785015,0.01749461557778393,0.9998469575018897
1769099936.164942,7.20215542311954,-13.055620707736862,3.1053209505451096,0.018134857364226133,0.9998355499522805
1769099936.2149446,7.196109969811802,-13.055406645981323,3.106366301048921,0.017612265612959407,0.9998448920207467
1769099936.2649574,7.186649153596141,-13.05508778147817,3.108775918219312,0.016407631411958206,0.9998653857552272
1769099936.3149362,7.180856249950283,-13.054893897650524,3.1077889886586925,0.01690102774716446,0.9998571674299732
1769099936.3649514,7.174405557525103,-13.054680388868267,3.109295169172387,0.01614804033464311,0.9998696118961465
1769099936.4149554,7.165424810779657,-13.054394475202717,3.1115207306227894,0.015035394934532351,0.9998869620607934
1769099936.464986,7.159429121184384,-13.054206823810674,3.110820694928821,0.015385372288062459,0.9998816381550157
1769099936.5149324,7.152952904785608,-13.053999497923346,3.1092902788534293,0.016150485175254022,0.9998695724086236
1769099936.564935,7.143137520541992,-13.05368111114674,3.1081836989071396,0.01670370048382198,0.9998604834626413
1769099936.6149292,7.1368891806690185,-13.053475009390155,3.1080710161571674,0.01676003397171304,0.9998595407662353
1769099936.6649356,7.127403259330145,-13.053149209791242,3.1085539815317045,0.016518584716592993,0.9998635588713896
1769099936.7149217,7.120826598961948,-13.052915833664047,3.105482305261805,0.018054193214342946,0.9998370097707822
1769099936.7649405,7.114453188638705,-13.05266442770456,3.102298413454971,0.019645856096541032,0.9998070015449152
1769099936.815013,7.104792074804316,-13.052281719090416,3.1012405896809576,0.020174663131772765,0.9997964707716863
1769099936.8649614,7.098469749504455,-13.05202125678837,3.101052627727836,0.020268624891223993,0.999794570321833
1769099936.9149113,7.092146958887552,-13.051773110377388,3.103598666936652,0.0189958507231403,0.9998195625488152
1769099936.9649749,7.082334432091058,-13.05137551689717,3.106538967343954,0.017525945790874457,0.9998464088169419
1769099937.0149481,7.076391612837104,-13.051125043792895,3.1031342926374923,0.019227995463335375,0.9998151250058492
1769099937.0649776,7.069791086023335,-13.050853021144786,3.1041037899341273,0.01874333419279319,0.9998243282813922
1769099937.114952,7.060433605934739,-13.050478172080673,3.10135755761004,0.0201161910359586,0.9997976489561299
1769099937.1649694,7.054313599510553,-13.050226045896423,3.0993886237894452,0.021100448831306188,0.9997773607454399
1769099937.2149365,7.0482447781157305,-13.049961375836407,3.098532397102078,0.021528464913423508,0.9997682357419001
1769099937.2649674,7.038914227736094,-13.049548743312348,3.0962397250998994,0.022674520838666022,0.999742900002164
1769099937.314955,7.032719865738886,-13.049258704866013,3.094524084328367,0.023532112231046228,0.9997230815050463
1769099937.3650455,7.02359345615067,-13.048814638624725,3.0906718530316737,0.025457649660589093,0.999675901516966
1769099937.4149463,7.017248379498829,-13.048498309237518,3.0929477454653744,0.02432005601306528,0.9997042236959497
1769099937.4649909,7.007770324257056,-13.047989775548992,3.0870336752536587,0.027276105861975493,0.9996279378093663
1769099937.5149493,7.0015535111800595,-13.047643253845617,3.0873659862291447,0.02711001181865694,0.9996324560853316
1769099937.5649543,6.992456683086893,-13.047117898676861,3.0866097365447533,0.0274879957362876,0.9996221336537131
1769099937.6149004,6.986593477586582,-13.046795197281188,3.086928652198667,0.02732859781428688,0.9996265041211667
1769099937.6649554,6.980098809883646,-13.04643106887849,3.088138243872576,0.026724022904841476,0.9996428495216587
1769099937.714947,6.970873799366247,-13.04593379915435,3.0900847792770243,0.02575109030207796,0.9996683856901019
1769099937.7649548,6.964832789538517,-13.045618105505303,3.0905670258047224,0.02551004625189966,0.999674565816409
1769099937.8149598,6.958791377239357,-13.045310180155365,3.092825456249522,0.024381182490364965,0.9997027347868823
1769099937.8649697,6.949387328775943,-13.044844598929025,3.0919549348567825,0.02481631147560136,0.9996920279189716
1769099937.9149668,6.94319460034899,-13.044522047311094,3.092308300501683,0.024639682680103362,0.9996963969313002
1769099937.96498,6.934094861360253,-13.044052348334276,3.0891555970406555,0.026215524559370814,0.9996563140760314
1769099938.0149152,6.927775887167078,-13.043720695895962,3.0867642434179214,0.027410771409228724,0.9996242542129272
1769099938.064969,6.9185008709229,-13.043210759540019,3.084283383066842,0.02865071409235164,0.999589484029318
1769099938.1149082,6.912309792238337,-13.04285815895856,3.0826747940160315,0.029454669088404474,0.999566117107264
1769099938.1649778,6.9033154794085565,-13.04231589127854,3.0812175461893414,0.03018296898122043,0.9995443904016863
1769099938.2149048,6.897251601111177,-13.041956010786478,3.0794355511576175,0.031073548451450272,0.9995171006974495
1769099938.2649882,6.891011917963554,-13.041567951586574,3.0794460175273803,0.031068317793244694,0.999517263297387
1769099938.314912,6.88168999674038,-13.040993038789908,3.0758514827456604,0.032864666432096325,0.9994598109480476
1769099938.3649838,6.875399540304725,-13.040606563172503,3.0796263556743164,0.0309781921215201,0.9995200606355443
1769099938.4149206,6.8666587690329255,-13.040065573231336,3.0778126542263036,0.031884594750035716,0.9994915570516971
1769099938.464993,6.860645916095666,-13.03970017986951,3.0789786930796677,0.0313018663695098,0.9995099765193869
1769099938.5149643,6.851300218589487,-13.039099698075193,3.0768850428150434,0.03234816119086629,0.9994766612920832
1769099938.5649865,6.845415152880952,-13.038718639790332,3.0756710548701935,0.032954831503390535,0.9994568420300014
1769099938.6149676,6.839353789284531,-13.038318376473848,3.074975397373904,0.03330246932505135,0.9994453189328839
1769099938.6649842,6.8296059940941305,-13.037660975104565,3.069779279918976,0.035898971643115306,0.9993554241784885
1769099938.714963,6.823217140238737,-13.037227311053488,3.0726935629643,0.0344427317625196,0.99940667309596
1769099938.7649608,6.813423859818321,-13.036493144509166,3.068184140951095,0.03669601553057324,0.9993264744037256
1769099938.814913,6.8068355621288985,-13.036008636755444,3.0656324990709107,0.037970946961327884,0.9992788435601246
1769099938.865009,6.800350220069259,-13.03550467702319,3.0622614735569598,0.03965518946559279,0.9992134236230256
1769099938.9149687,6.793917437385026,-13.034977896693883,3.0613095797446706,0.04013075749373456,0.9991944366853626
1769099938.9649904,6.7846331759834095,-13.034230002619436,3.063192638472839,0.039189968942654745,0.9992317780846813
1769099939.014928,6.778501571690088,-13.03374829740177,3.065105812563222,0.038234098983810944,0.9992688095176874
1769099939.064969,6.768988667726891,-13.033001816610277,3.065951290105644,0.03781166591137693,0.9992848832645306
1769099939.1149628,6.7630089097639505,-13.03252588467645,3.06557086084088,0.03800174383290235,0.9992776728545767
1769099939.164991,6.756851074315274,-13.032055071872717,3.0647067656941376,0.03843347576635185,0.9992611610287458
1769099939.2149205,6.7478172322003775,-13.031351056328724,3.063898211834007,0.038837450849081336,0.9992455416020355
1769099939.2650037,6.741458287854865,-13.030854604446725,3.0633680539543393,0.03910232843028821,0.9992352115049439
1769099939.3157048,6.732122674958739,-13.030113719642992,3.060741031108494,0.04041480118551398,0.9991829881684012
1769099939.3649752,6.72604227747206,-13.029626753994158,3.059530747713806,0.0410194410381496,0.9991583485398687
1769099939.4149609,6.7198873102885885,-13.029119804036277,3.057854393590343,0.04185689813995936,0.9991236160146056
1769099939.4649758,6.710277667795495,-13.028313980276714,3.0561239995176823,0.04272132115729195,0.9990870275999861
1769099939.514919,6.703745606126792,-13.0277606790652,3.0542796151807896,0.04364265309322445,0.9990472055068191
1769099939.564972,6.694089097972931,-13.026908773554245,3.049478280057974,0.0460409052473623,0.9989395552504683
1769099939.6149154,6.688090693274107,-13.026354666164904,3.0449073956703554,0.048323801627100704,0.9988317226621832
1769099939.6649818,6.681434439879542,-13.025769711335412,3.0504740404552106,0.04554354733731639,0.9989623542936609
1769099939.7186449,6.672057217600383,-13.024920817318177,3.0486303668714223,0.04646440810773038,0.9989199461314197
1769099939.7650106,6.6658048139993245,-13.024365095522434,3.05009491976015,0.045732910168970985,0.9989537030951319
1769099939.8149178,6.6595036809767745,-13.0237861673695,3.0470388021234207,0.047259316197752026,0.9988826542855377
1769099939.864975,6.65038001945895,-13.022944000282108,3.045653277941316,0.047951292838372246,0.9988496751339155
1769099939.9149213,6.64420585811431,-13.022366604799101,3.0458940289169343,0.04783105547435702,0.9988554400573734
1769099939.9649887,6.637905267872967,-13.021781831741713,3.0463878154788095,0.04758444332228238,0.9988672187802083
1769099940.0149198,6.628429475792953,-13.020899064745565,3.047633722106012,0.046962186485674635,0.998896667849325
1769099940.0649724,6.621928213358422,-13.020285436573984,3.044615565181215,0.04846954588724297,0.9988246608496831
1769099940.122711,6.615225766154432,-13.019648614302273,3.0438289999348522,0.04886236251141197,0.9988055213753093
1769099940.1649857,6.605376558645431,-13.018682487382891,3.041574392457906,0.04998828842370866,0.9987498040152339
1769099940.2170827,6.599055477485116,-13.018046589990613,3.039467397171392,0.05104044105388329,0.998696587246109
1769099940.26498,6.59250913817929,-13.017374169135895,3.0366069569186434,0.0524687443237888,0.9986225667733956
1769099940.3149376,6.583496518168931,-13.016437245043734,3.035879699207266,0.05283186882814247,0.9986034216024527
1769099940.3649824,6.5771526866587005,-13.015775352612666,3.036608431116942,0.05246800823993013,0.9986226054477911
1769099940.4196978,6.567862710290747,-13.01481358879639,3.040276555790919,0.05063638491171249,0.9987171554164237
1769099940.4649982,6.561541709582259,-13.014176869353106,3.041548879868625,0.05000102876641322,0.9987491662686384
1769099940.5257633,6.555446846828835,-13.013568094848836,3.0439262353276386,0.04881380283008952,0.9988078957703854
1769099940.565001,6.545976235339028,-13.012631569858929,3.0424172105047993,0.049567401817988986,0.998770780848646
1769099940.6166954,6.539780402226499,-13.012015072797311,3.0408218284543023,0.050364096451519826,0.9987309236168779
1769099940.6650546,6.530712502960663,-13.011121035325207,3.0411006562509715,0.05022485899107791,0.9987379353660931
1769099940.715056,6.524718067017097,-13.010525470983962,3.0398798016270754,0.05083450650901116,0.9987070906667206
1769099940.764986,6.5186984512776265,-13.00992731331703,3.039804403672058,0.050872156709027644,0.9987051735481158
1769099940.8149984,6.5092056583335305,-13.008958242210781,3.037800384056712,0.051872843382017995,0.9986536977949186
1769099940.8649833,6.502508451507381,-13.008268457965361,3.0368039746345596,0.0523703709007856,0.9986277305641548
1769099940.9149942,6.496416106497374,-13.007635105043397,3.0344210282994655,0.053560171591901455,0.9985646238571874
1769099940.965002,6.486599973676656,-13.006594436436878,3.0318049917310836,0.05486626618704518,0.9984937119655247
1769099941.0150537,6.480209765319648,-13.005890038010076,3.028662356231782,0.056435148700463324,0.9984062670031457
1769099941.06499,6.4738165332745785,-13.005213892733538,3.030506432865053,0.05551455600785449,0.9984578779654406
1769099941.1149843,6.464657377640144,-13.004218596546458,3.0318933133982227,0.05482217181892568,0.9984961339319528
1769099941.164993,6.458490942184139,-13.003563408144913,3.0315897170117436,0.054973741095805904,0.998487800521334
1769099941.2149992,6.449205861686055,-13.002555301343675,3.03036665903858,0.0555843350113138,0.9984539957861605
1769099941.2649949,6.442967598812692,-13.001858568834749,3.028557676121374,0.05648740526226885,0.9984033118167909
1769099941.314996,6.436399456770429,-13.001151226025113,3.0320591529890932,0.0547393765353818,0.9985006763425439
1769099941.3650115,6.4268138617916435,-13.000097193221592,3.0305731949368027,0.05548122641868708,0.9984597305425384
1769099941.4149938,6.420297958918183,-12.999378040445224,3.028858416717673,0.05633727442053867,0.9984117945571681
1769099941.4649997,6.414185976080359,-12.998690856614957,3.026214037163527,0.05765731465997964,0.9983364333060274
1769099941.5150027,6.404479660287031,-12.997577990418224,3.026352803112519,0.057588046969963655,0.9983404313390224
1769099941.5650036,6.39824398091796,-12.996858532857141,3.025584830666289,0.05797139168660917,0.9983182447225523
1769099941.6150496,6.391959055838151,-12.996124237506452,3.022158545878019,0.05968156708907236,0.9982174665621678
1769099941.664986,6.3823333006351985,-12.994976202824857,3.0229849421188373,0.05926910042506896,0.9982420416586366
1769099941.7149987,6.375875117400153,-12.994198286519843,3.0221558081950777,0.05968293349048137,0.9982173848666285
1769099941.7649758,6.369491960842405,-12.993432620874797,3.0228075739695353,0.059357628363623405,0.9982367815077974
1769099941.8149936,6.360017060615426,-12.99230191921789,3.0250997912361526,0.05821350183567607,0.998304156158847
1769099941.8649836,6.3542614823839925,-12.991617306964942,3.024692213066955,0.058416944115599514,0.9982922721528976
1769099941.9149795,6.345086172691428,-12.99053946812819,3.0257450603682026,0.05789141138326982,0.9983228858881544
1769099941.9650111,6.338825439447428,-12.989816251491282,3.0280148292640074,0.056758393228310944,0.9983879430352414
1769099942.0149941,6.332841530258382,-12.98912300101168,3.0269161048860496,0.05730686122175102,0.9983566114655178
1769099942.0649722,6.323336077701757,-12.988035612858928,3.0259524546324035,0.057787887852022574,0.9983288836939469
1769099942.1149943,6.316848109030871,-12.987294423877568,3.025658545833254,0.05793459604919391,0.9983203807298621
1769099942.1649785,6.310235514243451,-12.986529310769647,3.0244074456430963,0.05855908408227194,0.9982839444123327
1769099942.214988,6.301185515475981,-12.985469483937656,3.025027280934599,0.0582496954651119,0.9983020449634578
1769099942.2650054,6.294850254187034,-12.984729832962445,3.02409563112712,0.05871472308240842,0.9982748024934598
1769099942.3149912,6.28560161310427,-12.983625420474175,3.022120894639212,0.05970035914060284,0.9982163428428144
1769099942.3649983,6.279193673526901,-12.9828538094781,3.0215035765131915,0.06000846481293503,0.9981978682359499
1769099942.4150147,6.273138481326665,-12.982116730298317,3.0206237180759037,0.060447595400044594,0.9981713721652973
1769099942.4650095,6.263991166709212,-12.981017888974131,3.0201773824136087,0.060670353633172795,0.9981578573502419
1769099942.5150044,6.257960228283195,-12.980291223193106,3.0225395119858853,0.059491422495965146,0.9982288167797033
1769099942.56501,6.2517013447132666,-12.97955213288127,3.0221090742690233,0.05970625878291063,0.9982159899852077
1769099942.6149905,6.242376299088392,-12.978447242281446,3.0267182465403266,0.057405627534952396,0.9983509372596985
1769099942.6649864,6.236368943825022,-12.977736648851497,3.02548354575683,0.05802194889876317,0.9983153076288018
1769099942.7150033,6.227092507527204,-12.9766519258386,3.0240571129905907,0.0587339489140863,0.9982736715174639
1769099942.764972,6.220631672088897,-12.975896489301201,3.0243260336833413,0.05859972015989846,0.9982815598803684
1769099942.8150377,6.214222141392494,-12.975138241124858,3.021490576765685,0.06001495297179164,0.9981974781674183
1769099942.8649979,6.20449653095169,-12.973972482032353,3.021761299078756,0.05987983525729236,0.9982055927160294
1769099942.9150157,6.198591897360989,-12.973255376014425,3.019568072275572,0.06097444466384042,0.998139327497888
1769099942.965022,6.191958803546154,-12.972448315521142,3.0214030167975228,0.06005865398396671,0.9981948497571174
1769099943.0150075,6.18256509222475,-12.971278519685374,3.0175286768679066,0.06199221316770788,0.9980766330831363
1769099943.0650065,6.176361848718319,-12.970501257885182,3.018299162697877,0.06160770662551389,0.9981004410801273
1769099943.1150079,6.167245576340308,-12.96935698336607,3.017802710743867,0.061855459182091364,0.9980851176975702
1769099943.1650183,6.161419860395688,-12.968620341509267,3.01785109316364,0.06183131427742743,0.9980866137639188
1769099943.215002,6.151950457817214,-12.96744449627009,3.0185015229339456,0.06150671838989566,0.99810666944616
1769099943.26498,6.146097494331079,-12.966721983854828,3.020314687595708,0.060601827367067915,0.9981620201749675
1769099943.3150377,6.140041894348409,-12.965988325794681,3.0214936601541122,0.06001341405644416,0.9981975706909378
1769099943.3650246,6.130692706938883,-12.964872016199347,3.0239857637749177,0.05876956189844893,0.9982715755716299
1769099943.4150825,6.124735882877975,-12.964165073687441,3.022111503838094,0.059705046165518944,0.998216062514711
1769099943.4650147,6.115110438267985,-12.963014255913063,3.0217945774355583,0.0598632259280657,0.9982065889291081
1769099943.5150971,6.109053913006514,-12.962288308232882,3.0227064248338866,0.059408113681500896,0.9982337782447586
1769099943.5650232,6.102771293836441,-12.961534580793483,3.0213079349711163,0.06010610901079063,0.9981919933858331
1769099943.6150103,6.093574961139781,-12.96041930525523,3.0211778950495947,0.060171011287934444,0.9981880831790105
1769099943.6649995,6.087420671891646,-12.959658460847754,3.018082661574913,0.06171575119750001,0.9980937661633441
1769099943.7149966,6.077650236375615,-12.958442064273415,3.017327415720321,0.06209264987793218,0.9980703897176474
1769099943.7649856,6.071797979871589,-12.957713880845901,3.015248010724292,0.06313031240786786,0.9980052923984346
1769099943.815015,6.065670485307162,-12.956943022644326,3.016435527919049,0.0625377270918231,0.998042600638965
1769099943.8650048,6.056076917633456,-12.955740192448431,3.0131216474311073,0.06419133743821634,0.9979376093713941
1769099943.9150171,6.049671849967388,-12.954945177450432,3.0195604968316023,0.060978225337677605,0.9981390965364835
1769099943.9650173,6.043367682764456,-12.95415922552038,3.0178555691292575,0.06182908057658946,0.9980867521388377
1769099944.0150194,6.034173645511606,-12.953025134330556,3.019299706138359,0.061108377512373496,0.9981311367740239
1769099944.0649903,6.02789384579544,-12.952248279610151,3.0174673801754177,0.06202280253681701,0.9980747326555657
1769099944.115005,6.021538989228643,-12.951459648600418,3.0159247395144786,0.06279261934333984,0.9980265963169531
1769099944.164986,6.011844337302479,-12.95024924839055,3.01790689981972,0.06180346431516413,0.9980883386748111
1769099944.2150295,6.005992925189527,-12.949514255768015,3.0153928533935184,0.06305803536714993,0.9980098617627159
1769099944.2650099,5.999363587118153,-12.948676857956245,3.0172337700575413,0.06213938229142284,0.9980674812698991
1769099944.3150382,5.989974857219698,-12.947467857694999,3.0126044228081175,0.06444941424065805,0.9979209753302293
1769099944.365019,5.983700045653141,-12.946651621526739,3.010870496178873,0.0653145507878755,0.9978647250280862
1769099944.4150193,5.973840808786254,-12.945331824416332,3.00838479958812,0.06655469449634197,0.9977827782841807
1769099944.4650197,5.967620495434392,-12.944489517414981,3.006904317859735,0.06729327578042295,0.9977332384133245
1769099944.5150352,5.961200461110182,-12.943613249440055,3.005661632144087,0.06791319717238087,0.9976912336238227
1769099944.5650067,5.952322541589672,-12.942403444690779,3.0068265966534695,0.06733204824501217,0.99773062260268
1769099944.6150155,5.946101685484432,-12.941565455162362,3.008995607450377,0.06624996461434857,0.9978030578168207
1769099944.6650147,5.939880103136386,-12.940732821382307,3.0098470506709867,0.06582517229910417,0.9978311714372293
1769099944.7150257,5.930369053174605,-12.93948342808176,3.011662742788024,0.06491926820144252,0.9978905193537962
1769099944.7649958,5.924194573771463,-12.938680744209854,3.0132487539629977,0.06412791511433896,0.9979416869251871
1769099944.8150258,5.914930474413209,-12.937495080395145,3.0154490402238574,0.06302999783687989,0.9980116328844484
1769099944.8650072,5.908728057061183,-12.936711270271756,3.0155485797957997,0.06298032693347137,0.998014768637896
1769099944.9150188,5.902698953648841,-12.93596884850132,3.022007726584074,0.059756842146063104,0.998212963158028
1769099944.9650333,5.893324361112636,-12.934851612331864,3.0259471092422365,0.05779055608051531,0.9983287292409774
1769099945.015005,5.887265229764324,-12.934147760240386,3.0295633497463696,0.055985364203248934,0.9984315895418321
1769099945.0650206,5.877632653057611,-12.933058539337901,3.0362926558970824,0.05262567772169671,0.9986143089523263
1769099945.1150095,5.871417148573423,-12.932387298796336,3.042378361437334,0.0495868024653603,0.998769817836553
1769099945.1650643,5.864897487358599,-12.931705303643211,3.0474525657433236,0.047052664536427126,0.9988924100022096
1769099945.215033,5.8554997568572675,-12.930804798798187,3.0520573765289876,0.04475268658203469,0.9989980966166503
1769099945.2650826,5.848996183536957,-12.930216600082943,3.0598925787861586,0.04083867709949259,0.9991657532425555
1769099945.3150322,5.842667634366906,-12.929663583772104,3.0606193998399793,0.0404755670579033,0.9991805284688754
1769099945.3650596,5.833609541126882,-12.928943472130738,3.0625232853479543,0.03952438619818145,0.9992186061596616
1769099945.4150317,5.8271993882705635,-12.928450964076475,3.0676574230356444,0.03695919583367711,0.9993167755238215
1769099945.4650085,5.820913064694934,-12.927999700646318,3.0692129242935007,0.03618196548313609,0.9993452183173626
1769099945.5150373,5.811215691841467,-12.927341474029694,3.0809308282021206,0.030326262348449325,0.999540053130425
1769099945.565023,5.804876905467911,-12.926921415458617,3.078272768670402,0.0316546536572198,0.9994988658832192
1769099945.6150398,5.798586477567138,-12.926532549586126,3.084080044404585,0.02875234153834459,0.9995865659641802
1769099945.665055,5.789137435556604,-12.925965384305535,3.0843930096090584,0.02859592327995358,0.9995910529670456
1769099945.7150455,5.782694183156117,-12.925589808669152,3.086066873521657,0.027759323667080615,0.9996146357219597
1769099945.7650592,5.773166671908846,-12.925061708759834,3.0871809591517976,0.02720249123839645,0.9996299437644037
1769099945.8150406,5.766771819097382,-12.924725807822528,3.093740594013379,0.023923747091374563,0.9997137862033852
1769099945.8650289,5.76019931077964,-12.924397636551447,3.0948396769260715,0.02337435933659117,0.9997267823388568
1769099945.9150238,5.750868484348993,-12.923987830264796,3.102623574814659,0.019483306535588857,0.9998101823678534
1769099945.965046,5.744874329661204,-12.923755737784095,3.1077400262047603,0.016925505472346877,0.9998567533724546
1769099946.0150266,5.738372893659264,-12.9235429161594,3.1163165027896733,0.012637738975178885,0.9999201405880348
1769099946.065019,5.72916287621967,-12.923306464664387,3.12246749238687,0.009562434863701645,0.999954278874528
1769099946.1150243,5.722862114011459,-12.923171329488296,3.1237366957400057,0.008927860318940625,0.9999601458608866
1769099946.1650305,5.713624952617083,-12.92301529047162,3.1306431259431453,0.0054747364741467575,0.999985013517972
1769099946.2150204,5.707272952178463,-12.92291730333135,3.129875507367301,0.005858539597454496,0.9999828386096359
1769099946.265049,5.700869796086392,-12.922841849117267,3.1361951005976,0.0026987732200555274,0.9999963583049224
1769099946.315055,5.691454808723715,-12.922757979218208,3.1380784341236767,0.00175710882889817,0.9999984562830901
1769099946.365035,5.68535511529328,-12.922723167321742,3.1401906587602895,0.000700997357340506,0.9999997543013223
1769099946.4150589,5.678825207769756,-12.922684357367308,3.1413518070107846,0.00012042328921323731,0.9999999927491157
1769099946.465025,5.669131265737871,-12.922672471500052,3.1395322413176223,0.0010302059538549362,0.9999994693377056
1769099946.514983,5.662854118319723,-12.922682136261809,-3.1387332724036296,0.0014296901060302963,-0.9999989779925781
1769099946.5650492,5.656399902880787,-12.922708284642178,-3.135298530573135,0.0031470563135842376,-0.9999950480060185
1769099946.6171017,5.646706126590376,-12.92278824620249,-3.131265605452799,0.005163501123564453,-0.9999866690392162
1769099946.6650577,5.640201715961775,-12.922875379950877,-3.1255934466264437,0.007999518161302406,-0.9999680033427004
1769099946.7221122,5.634229529546117,-12.923015911166615,-3.1225990699370376,0.009496649075908156,-0.9999549058114217
1769099946.7650342,5.624511979027035,-12.923200504473561,-3.121639840011871,0.009976241299997652,-0.9999502360665375
1769099946.8149846,5.618490013657997,-12.923374220386778,-3.111407915885761,0.015091795902924317,-0.9998861123630153
1769099946.8650587,5.608978145671185,-12.923690511581569,-3.107012765168191,0.01728908277476786,-0.9998505326381575
1769099946.9149904,5.602831325771015,-12.923903152691148,-3.1036119727453535,0.018989199018802305,-0.9998196889042665
1769099946.965057,5.596531549867537,-12.924073871425957,-3.1076983425641274,0.01694634430346531,-0.9998564003969512
1769099947.015083,5.587323751585777,-12.924386082972678,-3.109189002645554,0.016201116653857348,-0.9998687532967355
1769099947.065059,5.581175708113032,-12.924559486582286,-3.1124233767155993,0.014584121388776109,-0.999893646046077
1769099947.1180696,5.571662186447338,-12.924811265045447,-3.1190939261364394,0.011249126463752562,-0.9999367265751381
1769099947.1650367,5.565488740614269,-12.924980588761786,-3.1152742145969525,0.013158839713541275,-0.9999134187205377
1769099947.215074,5.558834187272914,-12.925150239645687,-3.1197880457136633,0.010902087964287467,-0.9999405704730752
1769099947.2650583,5.548941122774419,-12.925409011887869,-3.1174007967297963,0.012095633469948608,-0.9999268451496642
1769099947.3150866,5.542792914161187,-12.92557726511016,-3.114685775420649,0.013453033253991506,-0.9999095038533572
1769099947.3650608,5.5363414509399576,-12.925767285162392,-3.1122714373421574,0.014660082953662097,-0.9998925352095552
1769099947.4160657,5.527132218016001,-12.926033617017346,-3.110556142853926,0.01551763253408997,-0.9998795942915012
1769099947.4651105,5.521085552349007,-12.926209969367136,-3.1121747923641423,0.014708400232568575,-0.9998918256304522
1769099947.5190814,5.511927215368302,-12.926485301978007,-3.109848571712587,0.015871374528451547,-0.999874041802555
1769099947.565039,5.505652960988556,-12.926672255488564,-3.1111272653495963,0.015232105040645283,-0.9998839847582472
1769099947.6271303,5.499176773962939,-12.92688107035605,-3.1073255255712584,0.017132725736207423,-0.999853224082839
1769099947.6650534,5.48963977368326,-12.927193122793883,-3.1049748343169954,0.01830788674644301,-0.9998323965959892
1769099947.7163467,5.4831891478924,-12.927407716406949,-3.106636267419636,0.017477303204528925,-0.9998472602716362
1769099947.7650456,5.477042108015576,-12.927613729107234,-3.1045413024956825,0.01852461589457715,-0.9998284045804852
1769099947.8150978,5.467657287457827,-12.92793292655764,-3.11220340145334,0.01469409723385051,-0.9998920359251203
1769099947.8650546,5.461206323694793,-12.92813745351024,-3.111232982443367,0.015179252604902238,-0.9998847885083344
1769099947.915043,5.454628493635173,-12.928334552915624,-3.1170255795703152,0.012283228111246233,-0.9999245583078591
1769099947.9650517,5.445191396569079,-12.92859940860447,-3.115561163479685,0.013015377559431171,-0.9999152963861416
1769099948.015048,5.438992618804743,-12.928769298292405,-3.112642121968031,0.014474760307759257,-0.9998952351691816
1769099948.0650325,5.429176750067404,-12.929072962810727,-3.1142756654047954,0.013658069420959864,-0.9999067242196605
1769099948.1150548,5.422827656821389,-12.929300087760902,-3.106345991664532,0.01762241872917183,-0.9998447131220597
1769099948.165035,5.416757175392901,-12.929524105788973,-3.1069278528539694,0.017331532570474154,-0.9998497977090152
1769099948.215064,5.4079304774003765,-12.929874223860477,-3.1022791893271546,0.01965546630442799,-0.9998068126615038
1769099948.2650537,5.401683536249251,-12.930119018174981,-3.104015873226765,0.018787284806111373,-0.9998235033892803
1769099948.3151326,5.39523474337293,-12.930386222845614,-3.1007735502693654,0.020408134757284577,-0.9997917323301531
1769099948.365057,5.385775763402991,-12.930754729000379,-3.1009738611968163,0.02030800005051341,-0.9997937713018362
1769099948.4150517,5.379326212799796,-12.930999850736228,-3.1040449024031127,0.018772772777734707,-0.999823775973664
1769099948.4650524,5.373154562488581,-12.931226474284886,-3.1034468763061938,0.01907173228923034,-0.9998181179732081
1769099948.5150435,5.3632392861368725,-12.931586192883504,-3.1081888426203066,0.016701128985999788,-0.9998605264188566
1769099948.565075,5.356764321453021,-12.931829382766587,-3.1049280178409138,0.018331291056165443,-0.9998319677666914
1769099948.615057,5.350212985202543,-12.932062149859876,-3.107603963286106,0.016993527147176408,-0.9998555995918101
1769099948.6650364,5.340424229532388,-12.932418307419246,-3.109360910902702,0.01611517374673753,-0.9998701421560264
1769099948.7150612,5.3339237012079215,-12.932655435975878,-3.1068298270106394,0.017380538109448968,-0.9998489470390145
1769099948.7650442,5.3275244973733,-12.932893284195684,-3.1066835368713313,0.017453672083763774,-0.9998476730636484
1769099948.8150876,5.317912745297995,-12.933241854245177,-3.1044305415809013,0.018579986820499193,-0.9998273771455501
1769099948.8650558,5.311968661726386,-12.933457854627914,-3.106049747803568,0.017770517464401243,-0.9998420918870377
1769099948.9150503,5.302661245377057,-12.933817795370613,-3.1026094472730903,0.019490368965058777,-0.9998100447172982
1769099948.9650862,5.2963386927708065,-12.934072778202012,-3.0992709863643286,0.02115925441197628,-0.9997761179147706
1769099949.0150757,5.289991442582528,-12.934342681579638,-3.0981117313928497,0.02173874854264048,-0.9997636854836246
1769099949.0652418,5.280787250468983,-12.934747822182409,-3.0951718753846227,0.023208305166885018,-0.9997306510112015
1769099949.1151047,5.274667658574168,-12.93500848328336,-3.100450958902937,0.020569396581651397,-0.9997884275806891
1769099949.1650658,5.268269841306983,-12.935280733375166,-3.0981434641896874,0.021722885890946245,-0.9997640302734285
1769099949.2150824,5.258862164103205,-12.93566637042997,-3.1025304251178185,0.01952987252213301,-0.9998092738514027
1769099949.2650735,5.252590512520944,-12.93592652305341,-3.100857421307408,0.02036620795414363,-0.9997925872767655
1769099949.3151543,5.243106556362444,-12.936305159309288,-3.0979832978077866,0.02180295011494454,-0.9997622874295096
1769099949.3651013,5.236531192491553,-12.936572086314468,-3.0986991709227625,0.021445097254435504,-0.9997700274581889
1769099949.4150767,5.23000673347613,-12.936844807133273,-3.0934394314963276,0.02407428497966551,-0.9997101724013404
1769099949.4650793,5.220398660520166,-12.937281940190527,-3.0936314881772833,0.023978284359998724,-0.999712479605587
1769099949.515088,5.214331257905187,-12.937577042828083,-3.09088243968757,0.025352390317122806,-0.9996785764960697
1769099949.5650463,5.208036247524539,-12.937880617723106,-3.09148658480001,0.025050413702039476,-0.999686189148053
1769099949.6150725,5.198885826641662,-12.938350890013474,-3.089328534306681,0.02612908554651325,-0.9996585771594735
1769099949.6650696,5.192490377059635,-12.938673532085717,-3.087266728222072,0.02715962254794817,-0.9996311094113933
1769099949.71508,5.18639896298691,-12.938994229705267,-3.085491626863411,0.0280468350042575,-0.9996066101453331
1769099949.7650616,5.176769471419798,-12.939510573217195,-3.083527953286264,0.02902827187189047,-0.9995785909232608
1769099949.8150787,5.1701473002435785,-12.939859799338064,-3.0874881145719892,0.027048970040492868,-0.9996341096720082
1769099949.8650706,5.1641068027187,-12.940185165138496,-3.0846298555875147,0.02847754851921751,-0.9995944323726176
1769099949.9150608,5.154325713990898,-12.940711323778945,-3.086362417165348,0.027611608488670815,-0.9996187268537281
1769099949.9650826,5.147754238551696,-12.941061272842017,-3.087058366828751,0.02726376466575182,-0.9996282744781935
1769099950.015064,5.138705248147505,-12.94153255089194,-3.085067796085805,0.02825866639634568,-0.9996006441442002
1769099950.0650558,5.132132640718144,-12.94186214887797,-3.091050367153509,0.025268453482803186,-0.9996807016535767
1769099950.1150835,5.126040391125242,-12.942167253308304,-3.0896756586064567,0.025955582262024907,-0.9996630971229453
1769099950.1651118,5.116384717263253,-12.942668638100063,-3.089688049215028,0.02594938904445709,-0.9996632579064909
1769099950.2150755,5.110218345775967,-12.943010180316469,-3.0852981101646324,0.028143555158453223,-0.9996038917006291
1769099950.2650616,5.103901104434641,-12.943373666253642,-3.079268667317721,0.03115694996908116,-0.9995145043813142
1769099950.3150954,5.094502893773382,-12.943944301953644,-3.078278075284947,0.03165200167949884,-0.9994989498692237
1769099950.365058,5.088591076773787,-12.944302489147608,-3.0756005782748446,0.03299005064063488,-0.9994556801373077
1769099950.4150765,5.079370002150632,-12.944866639324616,-3.0797771732894224,0.030902819417615177,-0.9995223938221905
1769099950.4650576,5.0729779291236445,-12.945250734450875,-3.0795057372835597,0.031038472315768093,-0.9995181905479776
1769099950.5150905,5.066458666324684,-12.945628318255972,-3.0849134411351624,0.02833581296615417,-0.999598460234682
1769099950.5650718,5.056907024112524,-12.946177658723245,-3.0849779441204297,0.028303574409046028,-0.9995993735870744
1769099950.6150825,5.050260578851437,-12.9465474663501,-3.0845866352616724,0.028499149911104957,-0.9995938167347497
1769099950.6650753,5.043640155124285,-12.946928802562791,-3.082913037669896,0.029335598737695614,-0.9995696187093228
1769099950.7150764,5.034518622643801,-12.947462933723132,-3.079567613600784,0.031007549048603627,-0.9995191503428028
1769099950.7651055,5.027999711755615,-12.94784591162663,-3.083182525093678,0.029200912751078136,-0.9995735624227483
1769099950.8150856,5.02163294460862,-12.948229207577898,-3.080108659919602,0.030737154838851685,-0.99952750202904
1769099950.8650584,5.012007188791275,-12.948811715987858,-3.0782220311132344,0.031680009712454396,-0.9994980625216934
1769099950.9150794,5.0059447122079295,-12.949194703501162,-3.077113651163249,0.03223391662548956,-0.9994803522926206
1769099950.9650888,4.999654888776411,-12.949591842169362,-3.0785207901483833,0.03153070482115592,-0.9995027837147233
1769099951.0150726,4.990308555771494,-12.950182115730522,-3.0795846440216987,0.030999037931558185,-0.9995194143423718
1769099951.065063,4.984323469243653,-12.95058624020416,-3.073734889898018,0.03392237257426645,-0.9994244707024802
1769099951.115066,4.974651827847675,-12.95124418332305,-3.075203280723522,0.03318859063560041,-0.9994491069842538
1769099951.16508,4.968541921136791,-12.951678003049764,-3.071129249479001,0.03522441381532784,-0.9993794277807436
1769099951.2150917,4.962482060175809,-12.952100144945307,-3.0742123050092993,0.03368380143761284,-0.9994325397547907
1769099951.265215,4.952861270061611,-12.952759906933386,-3.0769449748855178,0.03231821082349601,-0.9994776301894746
1769099951.3150983,4.946345510685017,-12.953193320138121,-3.0760508361609005,0.032765043405644914,-0.9994630818247496
1769099951.3650665,4.939854902000506,-12.953623482875567,-3.0795124883970324,0.031035098385230057,-0.9995182953144075
1769099951.4150996,4.930004325725599,-12.954260489885952,-3.0754275168603598,0.03307653412387913,-0.9994528217431535
1769099951.4650722,4.9234622739649305,-12.954679742257659,-3.0791247345023773,0.031228881356631797,-0.9995122595392282
1769099951.5151002,4.9172244214466785,-12.955096358493073,-3.074676754098747,0.03345170776491801,-0.9994403350113555
1769099951.5650806,4.907577286163906,-12.955741468144078,-3.071426981889376,0.03507563960261457,-0.9993846604318417
1769099951.6151257,4.901265427443944,-12.95618867989253,-3.067941452216222,0.036817277899010174,-0.9993220141916754
1769099951.6650746,4.892177974725756,-12.956854777986429,-3.065753070016814,0.037910704894670126,-0.9992811308407605
1769099951.7150865,4.885917441366076,-12.957309143901984,-3.067959982483057,0.03680801904564166,-0.999322355265775
1769099951.7650952,4.879960126874167,-12.957746103595845,-3.0660325328355116,0.037771073564275774,-0.9992864184015522
1769099951.815097,4.8707460649853624,-12.958415936372242,-3.0689237907215823,0.03632643723081519,-0.9993399771639858
1769099951.8651068,4.864258211833561,-12.958885817651074,-3.06965107725348,0.03596303158389616,-0.9993531209533973
1769099951.9151015,4.857819945121738,-12.959339555573935,-3.0727530912419057,0.03441298526832911,-0.9994076978115196
1769099951.9650862,4.848352506327197,-12.960014846115401,-3.0729269945072266,0.034326085007329275,-0.9994106862987155
1769099952.0151074,4.84188982016227,-12.960481893363934,-3.0684319569163137,0.03657219072177812,-0.9993310136615444
1769099952.0650702,4.835755592607178,-12.960928907089404,-3.0675198328096345,0.03702794385666314,-0.9993142305470025
1769099952.1150844,4.825861010406698,-12.961663170108807,-3.066508554570685,0.037533231469259874,-0.9992953800230815
1769099952.1650684,4.819801517992485,-12.962091048446963,-3.0699849531264465,0.03579620113572715,-0.9993591106225282
1769099952.2150745,4.810184666953276,-12.962805888479394,-3.065156595660782,0.03820872598876711,-0.999269780018547
1769099952.2650607,4.80379976059716,-12.963294878225424,-3.0611669531558556,0.0402020132386636,-0.9991915722880965
1769099952.3150983,4.797389150769119,-12.963779063575123,-3.0604005773336733,0.04058488840916813,-0.999176094005864
1769099952.3650742,4.788130012170285,-12.9645232727799,-3.056139142045098,0.04271375680471458,-0.9990873510257388
1769099952.4151058,4.781696885014357,-12.96504383596463,-3.0584422364004467,0.0415632325191437,-0.9991358754957004
1769099952.465073,4.775341251885169,-12.965581249366382,-3.0534789202336454,0.044042615609763365,-0.9990296532186873
1769099952.5151052,4.765934668433107,-12.966384435410221,-3.0541587310562424,0.043703037486878614,-0.9990445658299836
1769099952.565078,4.759428061025444,-12.966938225408336,-3.0558127070247942,0.042876824784902845,-0.9990803660849135
1769099952.6151025,4.753021066264633,-12.967468752822413,-3.0576350743258778,0.04196646141635725,-0.9991190199952102
1769099952.665074,4.743661603931664,-12.968229206711204,-3.063940830033989,0.03881615781710357,-0.9992463689662914
1769099952.7150955,4.737530437885115,-12.968716123938279,-3.0648585197071947,0.038357654710148584,-0.9992640743693015
1769099952.765069,4.730868662368532,-12.969235643287899,-3.0684663534879597,0.03655500393596552,-0.999331642492742
1769099952.815094,4.720978142586292,-12.97002187887485,-3.062803670915018,0.039384302572479525,-0.9992241373740325
1769099952.8650634,4.714469049962781,-12.970546048161527,-3.063820387276862,0.03887633374054545,-0.9992440295918178
1769099952.9150956,4.7083657064892614,-12.971064179789067,-3.0609985240653375,0.040286159559892946,-0.9991881831506589
1769099952.9650977,4.698781100075098,-12.971866463596099,-3.05736991829918,0.04209892226191858,-0.9991134473844224
1769099953.0151055,4.692854680423189,-12.972373044941314,-3.0586831183159897,0.04144289533618741,-0.9991408741644763
1769099953.0650415,4.686625768631806,-12.972907296515505,-3.056133367187454,0.042716641598149384,-0.9990872276886414
1769099953.1150994,4.67744560525452,-12.973685343082698,-3.0578683416776378,0.04184993020723421,-0.9991239079021429
1769099953.1650748,4.6711159126991495,-12.97422907382855,-3.054851719260318,0.04335687182061895,-0.999059648702684
1769099953.215102,4.661860674797049,-12.975020365918375,-3.052602279150716,0.044480506583438224,-0.9990102524669507
1769099953.2650945,4.655707552488854,-12.97554892655484,-3.0533485115958396,0.04410775656419326,-0.999026779326197
1769099953.3151107,4.6492779400443265,-12.976111964356235,-3.0510663812639267,0.04524768225976258,-0.9989757991313502
1769099953.3650784,4.639570816475091,-12.976965616767114,-3.055254666216366,0.043155586919841525,-0.999068363685691
1769099953.415108,4.633417155512108,-12.977488300221014,-3.0548713081953975,0.04334708656124004,-0.999060073312237
1769099953.4650817,4.626936753903074,-12.978051702448592,-3.0541267596278594,0.04371900792218784,-0.9990438670780676
1769099953.515119,4.617580930601082,-12.978855314317297,-3.0541299716812262,0.043717403431023025,-0.9990439372906725
1769099953.5650816,4.611124702542386,-12.979404601720484,-3.050004511635931,0.04577806688746936,-0.9989516347611862
1769099953.6150942,4.601694777803323,-12.980232270908223,-3.052935482041085,0.04431406941509171,-0.9990176491193108
1769099953.6650772,4.595367159136176,-12.980799423112781,-3.046706461337081,0.04742530026790509,-0.9988747873955469
1769099953.7151034,4.589241946952237,-12.981355998231043,-3.0486955241179907,0.04643186464646215,-0.998921459347757
1769099953.7650828,4.5800205782630945,-12.982241499641484,-3.042467483353048,0.04954229627638185,-0.9987720264803491
1769099953.815116,4.573847842340932,-12.982833467792268,-3.0437984779300553,0.0488776052791787,-0.9988047755703678
1769099953.8650854,4.567827903564584,-12.983428421787083,-3.0459715359560655,0.04779234627461004,-0.9988572929290589
1769099953.9150972,4.558657419690306,-12.984313490226599,-3.0452985161851283,0.048128468915532956,-0.9988411537776397
1769099953.965095,4.55228324825348,-12.984926725204405,-3.0475709569375184,0.046993534421376416,-0.9988951935626614
1769099954.0150983,4.542958944814251,-12.98579842642163,-3.0478306036727876,0.04686385408778138,-0.9989012860037968
1769099954.0650516,4.5366576499961395,-12.986375867776337,-3.0529490180090093,0.0443073080786497,-0.9990179490133416
1769099954.1151104,4.527458087187414,-12.987221556857254,-3.0522092138322585,0.04467684386465678,-0.9990014913013359
1769099954.1650894,4.520929583488285,-12.987815393769775,-3.0505151403684763,0.04552301869464275,-0.9989632900006522
1769099954.2151117,4.51473054452264,-12.988398918513896,-3.04858831433091,0.04648541165820949,-0.9989189689374043
1769099954.2650816,4.505431016038844,-12.98926360432794,-3.047140012212581,0.0472087676360107,-0.9988850445663351
1769099954.315128,4.499004999294746,-12.9898663214759,-3.048744043830235,0.04640763094191986,-0.9989225854841598
1769099954.3650897,4.48985823354459,-12.99073360551154,-3.04598052657388,0.04778785610204111,-0.9988575077603264
1769099954.41513,4.483860758557447,-12.991297614971266,-3.047931510919946,0.04681345583867833,-0.9989036491836638
1769099954.4650915,4.477915054256745,-12.991871543415826,-3.044947318749469,0.04830386339853184,-0.9988326870806622
1769099954.5151122,4.468719662443248,-12.992761928270257,-3.0418981670045597,0.04982660288687333,-0.9987578833955474
1769099954.5650575,4.46234733188334,-12.993393895310998,-3.041673422352191,0.049938835318695626,-0.9987522779583595
1769099954.6151168,4.456025476395881,-12.994021907001265,-3.039603371179664,0.050972542546967474,-0.9987000550246794
1769099954.665091,4.446682524630678,-12.99496308557995,-3.0422038151105433,0.04967396807791455,-0.9987654864358271
1769099954.7151217,4.440260518251634,-12.995607210172807,-3.040789081388889,0.05038044919821087,-0.9987300988448213
1769099954.7650902,4.433787185655642,-12.99624671041689,-3.0464702533850794,0.0475432710207921,-0.9988691793126082
1769099954.8151217,4.424088550375927,-12.997191990881916,-3.0457853242661685,0.04788534551956808,-0.9988528388528871
1769099954.8650572,4.4179654543356195,-12.997772072483796,-3.0460901439321253,0.047733109969659376,-0.9988601254493166
1769099954.9150813,4.408088974378793,-12.998719186293854,-3.04962333386466,0.045968455133765566,-0.9989428918274633
1769099954.9651043,4.401640654105404,-12.999354609033865,-3.043291649864316,0.049130714853268885,-0.9987923572284716
1769099955.0151076,4.3950922699297825,-13.000006912528885,-3.04454351429103,0.048505528958758884,-0.9988229140645658
1769099955.065095,4.388797766422257,-13.000655058389112,-3.0376675267705253,0.05193918247758257,-0.99865024974891
1769099955.1151168,4.379332035662006,-13.00163973196052,-3.035788600887674,0.05287735432014425,-0.9986010141193038
1769099955.1650932,4.372990029906617,-13.002319383366357,-3.033331443352851,0.054104174107881334,-0.9985352964938716
1769099955.2151177,4.366671757746386,-13.002981967055941,-3.0346175559347577,0.053462048561370254,-0.9985698820631542
1769099955.2650905,4.357132993814551,-13.00399810667589,-3.0391017277793035,0.05122303658673213,-0.9986872385901575
1769099955.315119,4.351117109434235,-13.004632727681743,-3.0367073024374682,0.052418640607983326,-0.9986251980181609
1769099955.3651268,4.341752177171322,-13.005607933212616,-3.0398914637717684,0.0508286829748483,-0.9987073870694271
1769099955.4151406,4.3351571653146985,-13.006301779483266,-3.037499829588086,0.05202291771146552,-0.9986458912110869
1769099955.4650862,4.329089335014407,-13.00692621828279,-3.040991683024855,0.050279276763928356,-0.9987351973011146
1769099955.5151327,4.319673514737065,-13.00790147090606,-3.0434363619865414,0.049058446043884,-0.9987959095189364
1769099955.5651886,4.313203037883503,-13.00856924692322,-3.040730980908729,0.05040946252609506,-0.9987286348592546
1769099955.6151423,4.306681568028268,-13.00923604293852,-3.0434011821657547,0.04907601476684332,-0.9987950464307502
1769099955.6650636,4.296961174981919,-13.010218507099456,-3.0407456610667434,0.05040213177765049,-0.9987290048417881
1769099955.7151377,4.290917126226885,-13.010826629411584,-3.0440692647121304,0.048742373266046184,-0.998811384120342
1769099955.765102,4.28457240288329,-13.011480372242966,-3.03936708022021,0.05109053408805084,-0.9986940258790966
1769099955.8151436,4.275059003470039,-13.012496991770398,-3.035778333961086,0.05288248060109885,-0.9986007426621885
1769099955.865068,4.26901841444026,-13.013138568887154,-3.03360002361375,0.05397008018520677,-0.9985425531467361
1769099955.9151304,4.260288160868764,-13.014098390960118,-3.0291879763264147,0.056172755556248795,-0.9984210642475538
1769099955.9650695,4.254275205307424,-13.014759551262928,-3.0311617965349775,0.05518737652367701,-0.9984760154717959
1769099956.015239,4.247985649569551,-13.015452956007275,-3.0293371842967387,0.05609826920973344,-0.9984252521804886
1769099956.0650704,4.238700904446443,-13.016463832729542,-3.0337067639896134,0.05391678770464924,-0.9985454321179441
1769099956.1151676,4.232536204064219,-13.01713490242179,-3.0326230385956627,0.05445785428367757,-0.99851607002933
1769099956.1665761,4.2231480687935266,-13.018131819551535,-3.032934937391488,0.05430213564216823,-0.9985245505568201
1769099956.215342,4.216604084385566,-13.01882695396206,-3.0344823030997103,0.05352957814283989,-0.9985662643329433
1769099956.2651227,4.210034224396204,-13.01951813422959,-3.031651380414044,0.05494295599221419,-0.9984894949807122
1769099956.3151355,4.200270983599525,-13.020577491006648,-3.0331737954635773,0.0541828824306481,-0.9985310286873946
1769099956.3650792,4.1937819439668775,-13.021309546035315,-3.0273733681368338,0.05707860383115513,-0.998369687532973
1769099956.4151416,4.187820945067461,-13.021980156730793,-3.028668052593271,0.056432305058729475,-0.9984064277365999
1769099956.4650743,4.178668260997219,-13.023033757528596,-3.0272213500363225,0.05715448879795317,-0.9983653461585316
1769099956.5151556,4.172382571246428,-13.023761567281609,-3.0233867803299157,0.059068533331994744,-0.9982539298044396
1769099956.5651019,4.166099059755469,-13.024507833583007,-3.0217375419859005,0.059891692484545136,-0.9982048813602029
1769099956.6151252,4.156924658076292,-13.025592971970845,-3.0250915578121607,0.05821761156587805,-0.9983039165021664
1769099956.665082,4.1507907137792,-13.026310833873517,-3.0277497591350713,0.05689071413982189,-0.9983804117893444
1769099956.7151372,4.141190034549827,-13.027456102070483,-3.0241469053061754,0.058689130202630974,-0.9982763074400086
1769099956.765127,4.135132976853411,-13.028177685646165,-3.02490933621292,0.058308567592211556,-0.9982986081054829
1769099956.8151484,4.128649463033099,-13.0289570944374,-3.0239267589780328,0.05879901327864469,-0.9982698412941552
1769099956.8650792,4.1193478669536345,-13.030044574452788,-3.0246570979749636,0.05843447166908012,-0.9982912463408439
1769099956.9151268,4.113187014089756,-13.030750267679357,-3.030526785382373,0.05550439543935298,-0.9984584428442237
1769099956.965131,4.103756035982888,-13.0318201570193,-3.0283231898176606,0.05660446082486562,-0.9983966821933686
1769099957.0151112,4.097642923552397,-13.032497658736995,-3.033537445541679,0.05400132359271154,-0.9985408639861642
1769099957.0651112,4.091128513543874,-13.033229730681176,-3.0303088411464185,0.05561319924081142,-0.9984523884843993
1769099957.1151133,4.081870711844611,-13.03425450499529,-3.0296326664004827,0.055950760201057166,-0.9984335293012369
1769099957.1651301,4.075455921623048,-13.034966968729071,-3.0306934155415224,0.05542120860219244,-0.9984630637319901
1769099957.215141,4.069188250775997,-13.035628564283908,-3.0396182313649573,0.05096512211162545,-0.9987004337278257
1769099957.2651265,4.060098559455044,-13.036558706658075,-3.047171846440608,0.047192868262890354,-0.9988857958671359
1769099957.3150864,4.05415861523814,-13.037187667351613,-3.04696338485143,0.04729698266655557,-0.9988808714910099
1769099957.3651457,4.04463480774593,-13.038099933165842,-3.0527002248630923,0.04443158214469358,-0.9990124296064186
1769099957.4151096,4.038158943605278,-13.038711667700838,-3.056794206863896,0.04238652103217182,-0.9991012875753835
1769099957.465133,4.031729565669101,-13.039276153240975,-3.0614572055954614,0.04005700392006778,-0.9991973961319893
1769099957.515119,4.022194331510634,-13.04005908534945,-3.0657690120980448,0.037902739582985755,-0.9992814329967832
1769099957.565141,4.015783357930186,-13.040539766682636,-3.077068389670452,0.03225653560361624,-0.9994796225590858
1769099957.6150947,4.009093044618338,-13.041011751474997,-3.076936283781716,0.03232255410510671,-0.9994774897395751
1769099957.6651387,3.999342323627895,-13.041626440372356,-3.0842614245079343,0.02866168886290883,-0.999589169404874
1769099957.715122,3.9932787999341173,-13.041990138657313,-3.087950530003242,0.02681784620061412,-0.9996403368838015
1769099957.7651384,3.9868083893768906,-13.042334490177522,-3.093707534282818,0.023940272222310224,-0.9997133906104898
1769099957.8151371,3.9776060221101703,-13.042778295744595,-3.1005267149983955,0.020531526533125462,-0.9997892059920529
1769099957.8651948,3.971310330251839,-13.043062960921686,-3.10085191276992,0.020368961651539962,-0.9997925311789632
1769099957.9151204,3.9649121141188024,-13.043325274106426,-3.106745495946093,0.017422697257030363,-0.9998482132905423
1769099957.965141,3.9553510862485965,-13.043672427814036,-3.107754671081232,0.01691818408257201,-0.9998568772816179
1769099958.0151277,3.949026781385944,-13.043880274183605,-3.113568496811869,0.01401161987542644,-0.999901832435798
1769099958.0651453,3.9423988489483994,-13.044089495017147,-3.114869079808727,0.013361389297747784,-0.9999107326536875
1769099958.1151416,3.9331377914112995,-13.0443173303879,-3.118164005233988,0.01171405626262167,-0.999931388089141
1769099958.165157,3.9264318039461754,-13.044457935222146,-3.123340110197333,0.009126145010668095,-0.9999583558715054
1769099958.215127,3.92002849641309,-13.044545356405397,-3.130086385914033,0.005753102101202261,-0.9999834507711681
1769099958.2651424,3.910106421950776,-13.04461226028288,-3.1384590602966616,0.0015667960055236788,-0.9999987725743853
1769099958.315124,3.903904963329271,-13.044605324474079,3.137174768705942,0.002208940645530639,0.9999975602876362
1769099958.3651466,3.8974760374444646,-13.044568025701242,3.1330602055356134,0.004266211085747579,0.999990899680078
1769099958.415092,3.8882379338058333,-13.044470882481829,3.129177983248427,0.0062072953082777434,0.9999807345568993
1769099958.4651725,3.881834873694816,-13.044369058964739,3.1293192791376563,0.006136648709295109,0.9999811705940361
1769099958.5151165,3.8724959338094367,-13.044254432902889,3.130275984926167,0.005658304138284616,0.999983991669006
1769099958.5650876,3.8665741089998513,-13.044114686831172,3.121207524350985,0.010192388138827491,0.9999480562629378
1769099958.615155,3.8601468134396937,-13.04395902611335,3.1174045633053558,0.012093750319919069,0.9999268679274497
1769099958.6676857,3.8506338066800194,-13.043666718807163,3.109010834517824,0.016290188961329256,0.9998673060679623
1769099958.7151556,3.844234091367447,-13.043436023830806,3.1039219700182037,0.01883422810286796,0.9998226201940867
1769099958.772729,3.837759824130961,-13.043166979507799,3.0969237208065694,0.022332609593608818,0.9997505961732354
1769099958.8151574,3.828480363813757,-13.042743406605986,3.0987419439161683,0.021423715671136927,0.999770485865052
1769099958.8650901,3.8220320634198095,-13.042466923112405,3.1012394487380113,0.020175233487135034,0.9997964592624539
1769099958.9151602,3.815787171856805,-13.042166421423605,3.095442036684847,0.023073260689281637,0.9997337768832083
1769099958.9650962,3.805876825086907,-13.041687068094605,3.0953954358149867,0.023096554914831913,0.9997332389948161
1769099959.0151632,3.799759364113015,-13.041375784769492,3.0925067970845928,0.024540464399544108,0.9996988374540878
1769099959.0677133,3.7900513808720846,-13.040907569655262,3.09128512972751,0.025151109501643926,0.9996836608101767
1769099959.115155,3.784034388023275,-13.040619206528687,3.094278105034238,0.023655067641714066,0.9997201797377434
1769099959.1738017,3.7779916982079347,-13.040337576403381,3.0963192394267134,0.0226347738789161,0.9997438006866811
1769099959.2151594,3.7685347111479905,-13.03991996432092,3.100082870508823,0.020753401490627637,0.9997846249700827
1769099959.2650926,3.76221293291906,-13.039647225118179,3.0981179742772658,0.021735627837968643,0.9997637533350013
1769099959.3151686,3.755890258988627,-13.039394627498009,3.103712366008848,0.018939011414162283,0.9998206408384727
1769099959.365713,3.7465579131545947,-13.039026388478478,3.1039561921736003,0.0188171200575729,0.9998229423216587
1769099959.4151902,3.739981926083281,-13.03877550539272,3.1055746758773077,0.018008015415106358,0.9998378425428842
1769099959.4738338,3.7335077143333124,-13.038513408539519,3.102616100524878,0.019487042970967237,0.9998101095489321
1769099959.5152009,3.7236447294798767,-13.038111390854642,3.0977067831571374,0.02194117436594191,0.99975926345668
1769099959.577308,3.7175756000781224,-13.037854817529563,3.0993913949158283,0.021099063576575178,0.9997773899804854
1769099959.615233,3.7080938693846917,-13.037422639886167,3.096094144817995,0.02274729220513958,0.9997412468720764
1769099959.6652358,3.7019245238673224,-13.037140112585686,3.096407576246516,0.022590616762866948,0.9997447994534772
1769099959.715178,3.695629187166006,-13.036841919403699,3.0945685999336883,0.02350986058615552,0.9997236050305202
1769099959.7651732,3.685894354495772,-13.036405868198353,3.0947937813020103,0.023397300872717738,0.9997262456852233
1769099959.8151698,3.6794966018100403,-13.036131876831897,3.0998703196463566,0.02085965391538723,0.9997824137473764
1769099959.8651614,3.673073034760175,-13.035869395242665,3.1002964659193886,0.020646626668752648,0.9997868356840878
1769099959.9151545,3.6637912979378284,-13.035500741114546,3.1042188323841104,0.018685823041677818,0.9998254047668799
1769099959.9651935,3.6575445498445105,-13.035251758534487,3.1025344618023367,0.019527854564784775,0.9998093132673334
1769099960.015157,3.651499875457994,-13.035016382397076,3.103364358595314,0.019112983624181474,0.999817330244371
1769099960.0651813,3.6423700910481323,-13.034649625604192,3.104015883441324,0.018787279699733303,0.9998235034852321
1769099960.1151867,3.6359465339951784,-13.03438715987257,3.102225423347036,0.01968234409392837,0.9998062839025209
1769099960.16515,3.62663957393288,-13.03401662203014,3.1049599649313424,0.018315320192683626,0.9998322604548422
1769099960.215175,3.6203931831528546,-13.033757460617009,3.0987987176662593,0.021395335302652564,0.9997710936145769
1769099960.265159,3.61386847114354,-13.033491340256724,3.1012668988683836,0.020161511213658924,0.9997967360746791
1769099960.315161,3.604309793710777,-13.033081073659455,3.098660955617384,0.021464200508973255,0.9997696175102095
1769099960.3651626,3.5977103062066353,-13.032785107381924,3.1016170872693523,0.019986452295347974,0.9998002509124739
1769099960.4151733,3.588403414949123,-13.032412860823065,3.105023254603458,0.018283680655551096,0.9998328395395332
1769099960.4651694,3.582259239196073,-13.032131212264753,3.0999234542314293,0.02083309239617003,0.9997829675790705
1769099960.5151675,3.576013517821793,-13.031856113137518,3.1035776436098237,0.019006360488807026,0.9998193628155886
1769099960.565163,3.566858693780995,-13.031481684030588,3.10293601959318,0.01932711356297831,0.9998132138961375
1769099960.61515,3.5607124612514975,-13.031252457285865,3.1079271387965575,0.016831962504136017,0.9998583324842871
1769099960.6651568,3.5514800749949442,-13.030920262550103,3.110553800740687,0.01551880344969688,0.9998795761187893
1769099960.7151814,3.545130881106708,-13.030702155076485,3.111395566969309,0.015097969657667958,0.9998860191602922
1769099960.7651699,3.538604862254172,-13.030470437577248,3.110956807677115,0.015317323933616149,0.9998826829121068
1769099960.8151882,3.532078665627015,-13.030243215922622,3.1090094436483735,0.01629088430377049,0.9998672947389574
1769099960.8651836,3.5227955611755917,-13.029910918386989,3.10902568245288,0.016282765978467784,0.9998674269782422
1769099960.9151611,3.5162449332086045,-13.029656307613863,3.10267432777404,0.019457934866531103,0.9998106764636642
1769099960.9651859,3.506583229358595,-13.029289669910172,3.103423764407728,0.01908328613537005,0.9998178975144801
1769099961.0151768,3.5000327699821137,-13.029033075607726,3.10431185251434,0.018639321076804983,0.9998262727643217
1769099961.0652313,3.493431271037293,-13.028786852356397,3.1054304816576357,0.018080100786993163,0.9998365416184448
1769099961.1151907,3.4840472752977547,-13.028443763186935,3.1098252966382325,0.015883010598710588,0.9998738570311363
1769099961.1651776,3.477546729979698,-13.028207304089014,3.106099838163464,0.01774547623371964,0.9998425366392643
1769099961.215191,3.471146890565526,-13.027987749074043,3.110322077919174,0.015634650803552346,0.9998777713772073
1769099961.265164,3.4616352387309384,-13.027674741443251,3.110700135490238,0.015445644844546136,0.9998807089124863
1769099961.3151684,3.4556646134507765,-13.027494952573704,3.113000165561432,0.014295757035253669,0.9998978104440418
1769099961.3651938,3.449390487178877,-13.027304048188205,3.1128320867072055,0.014379787823833555,0.99989660550586
1769099961.4152029,3.439928159324405,-13.027033340736528,3.1115008782115794,0.015045320017358674,0.9998868127671128
1769099961.465197,3.433501600634659,-13.02685802880015,3.1092889936406234,0.01615112769784006,0.999869562030012
1769099961.5152066,3.4268989579728135,-13.02664466505477,3.106415108271933,0.017587865781406305,0.9998453215259124
1769099961.565207,3.417436773548846,-13.026367776756308,3.109599021827746,0.015996133630572437,0.9998720536693047
1769099961.615262,3.410909610911991,-13.026169712929022,3.1073245427732483,0.01713321706308486,0.9998532156637139
1769099961.6652026,3.4043570415097513,-13.025973970189172,3.1074331303255067,0.017078931231205453,0.9998541444170743
1769099961.7151802,3.3946936884649523,-13.025653090441434,3.109716840572936,0.015937231767493874,0.9998729942565652
1769099961.7652197,3.3880913543633135,-13.025430278130258,3.1060338746728244,0.017778452775965212,0.9998419508186746
1769099961.8151858,3.381767181253098,-13.02522015899292,3.1106252402903567,0.015483087966483306,0.9998801298090797
1769099961.8651881,3.3721791837798034,-13.02491838142225,3.1104626513342373,0.015564372648506625,0.9998788678155262
1769099961.9151976,3.365701946972534,-13.024743067379644,3.1156663065350956,0.012962810466762717,0.9999159792426575
1769099961.9652047,3.3593757190297167,-13.024602158983244,3.1163206284139386,0.012635676327754298,0.9999201666551887
1769099962.015176,3.349684821592172,-13.02435719822688,3.116107910414084,0.012742026765017471,0.9999188170816267
1769099962.0651927,3.343257020851116,-13.024229014652422,3.1202773226386227,0.010657463716761961,0.9999432076208757
1769099962.115191,3.3369051103495027,-13.024108336919515,3.121145044901502,0.010223626235882388,0.9999477373676031
1769099962.1651938,3.3275419944361735,-13.023921935480626,3.1217447041188695,0.009923811842034589,0.9999507577668632
1769099962.2151928,3.321190550095074,-13.023783187708078,3.1172449646808422,0.012173543757695977,0.9999258996707603
1769099962.2652066,3.3146616384867755,-13.02365336710226,3.1205657250577437,0.010513270586425368,0.9999447340436254
1769099962.3151991,3.3050206320231643,-13.023440194887986,3.120954827043828,0.010318730147693068,0.9999467604868467
1769099962.365184,3.2983402091522134,-13.023294283167973,3.1206691645502467,0.010461553684477012,0.9999452764499199
1769099962.4151995,3.2920647034510635,-13.023155098760743,3.1243144920876196,0.008638973290370973,0.9999626833739789
1769099962.4652076,3.282246466011226,-13.022943018315374,3.119357902043469,0.011117146763966239,0.9999382026144558
1769099962.5152156,3.276148127013409,-13.022806067444838,3.1219704216978768,0.009810958546989039,0.999951871388013
1769099962.5652156,3.2697463981689596,-13.022649483005138,3.118940479104866,0.011325845091795506,0.9999358605595444
1769099962.6151495,3.2605861657787556,-13.022447218855117,3.1204006683159364,0.01059579436042337,0.9999438629952542
1769099962.6652167,3.2543106603142764,-13.022307852240885,3.1196864933359567,0.010952861121460065,0.999940015617564
1769099962.7151864,3.2451749230644356,-13.022143786093563,3.1239661097864575,0.008813157808780852,0.9999611633705768
1769099962.7652042,3.2388480595511786,-13.022041180073078,3.127112697642347,0.0072399147238955555,0.9999737914739519
1769099962.8151946,3.2323440804361616,-13.02193661816054,3.1250190066853536,0.008286728607858184,0.9999656644750257
1769099962.8652089,3.222878937854601,-13.021793647264843,3.127204963442673,0.0071937830251199925,0.9999741244081206
1769099962.9151804,3.2164509617405157,-13.021684605104616,3.122932937557153,0.009329722662049471,0.9999564771904071
1769099962.9652133,3.209972373803475,-13.021573900799467,3.1212408133927747,0.010175744481100132,0.9999482257718423
1769099963.0152056,3.200609276823914,-13.021387693698218,3.121073902932111,0.01025919535506917,0.9999473730705364
1769099963.0651863,3.1941057200604743,-13.021258362000246,3.11930947707698,0.011141357747681609,0.999937933147622
1769099963.1151924,3.1877287562449954,-13.021128786312214,3.123243230165723,0.009174582998504908,0.9999579126277284
1769099963.1652653,3.178011361435564,-13.02093619558515,3.121099702922607,0.010246296037855046,0.9999475053309071
1769099963.2152038,3.1714316094848405,-13.020819237268498,3.1263681351043053,0.007612185725671953,0.9999710268945186
1769099963.2652173,3.1649782503853583,-13.02071437928368,3.1279838569744607,0.006804345800699835,0.999976850171155
1769099963.3152034,3.1553356122407092,-13.020593041990635,3.1311960030501322,0.005198301857830527,0.9999864887376203
1769099963.365189,3.1489071534373836,-13.020518511693798,3.1342694757571246,0.003661580734376961,0.9999932963907936
1769099963.415221,3.142984708078125,-13.020467091858094,3.130660411624141,0.005466093762970209,0.9999850607978973
1769099963.4652193,3.1334175381230547,-13.020387660329268,3.1360084057635538,0.0027921202852419754,0.9999961020245592
1769099963.5152116,3.1274191445985697,-13.020338614533271,3.131812708459999,0.004889953076886857,0.9999880441079813
1769099963.5651832,3.121040876220032,-13.020304294198382,3.134912216925108,0.003340212121177514,0.9999944214759328
1769099963.61519,3.1117267858109554,-13.020238028570592,3.1312570306569474,0.005167788464287644,0.9999866468920414
1769099963.6652062,3.105019489953259,-13.020201934319706,3.134121568573445,0.0037355338203804386,0.9999930228691982
1769099963.7151406,3.095553512475083,-13.020136449071025,3.1369033509346007,0.0023446491793531208,0.9999972513063352
1769099963.765198,3.08884639501397,-13.02008510891998,3.1311371181247156,0.005227743920476645,0.9999863352533883
1769099963.8151755,3.0827213768179527,-13.02004011167946,3.133233228174422,0.004179700537767164,0.9999912650135573
1769099963.865196,3.073027886570222,-13.019939721132495,3.1319311373333054,0.004830739339656797,0.999988331910644
1769099963.915221,3.066953597266687,-13.01988192934199,3.132655977776224,0.004468323037627761,0.9999900169947855
1769099963.9652207,3.0606768894009475,-13.019815526455195,3.131678047923348,0.004957282529084213,0.9999877125994733
1769099964.015187,3.051134934317128,-13.019753101350922,3.1334904610094823,0.0040510852094837015,0.9999917943206461
1769099964.06521,3.044832525410129,-13.019732090267253,3.140236099884943,0.0006782768004172758,0.9999997699702645
1769099964.1151743,3.038732609825746,-13.01973187706291,3.140280437030613,0.0006561082325166417,0.9999997847609704
1769099964.1651971,3.029392861134217,-13.019747340805313,-3.138358941691396,0.0016168552447282452,-0.9999986928887046
1769099964.215177,3.0229893112028314,-13.019753567045438,3.141312721250077,0.00013996616940106728,0.9999999902047356
1769099964.2651975,3.0137255857563554,-13.019760595490169,3.139781209630733,0.0009057218556979941,0.9999995898338759
1769099964.3151739,3.0072713673301354,-13.019750893888615,3.140810551395811,0.0003910510870245227,0.9999999235395207
1769099964.3652678,3.0008677752970674,-13.01973963376788,3.1386027880536203,0.0014949322112679556,0.9999988825882176
1769099964.4151945,2.991199131110817,-13.019712918275214,3.1410160451191445,0.00028830423133045124,0.9999999584403342
1769099964.4652174,2.984618377546252,-13.019692119870678,3.1385409859379236,0.0015258332338684041,0.9999988359157936
1769099964.5151746,2.9780122953833703,-13.019683037202968,3.14155800010399,1.732674290075205e-05,0.999999999849892
1769099964.5651999,2.96857143207464,-13.019662163074425,-3.1405241734999074,0.0005342400195297835,-0.9999998572937906
1769099964.6151972,2.962345006505369,-13.01966981944391,-3.137880449563066,0.0018561009476164754,-0.9999982774431525
1769099964.6652143,2.9559161308372492,-13.019688804742234,-3.133593742846923,0.003999444709133448,-0.9999920021890268
1769099964.7151985,2.946399486882206,-13.0197317913597,-3.1389455955120322,0.0013235286524698137,-0.9999991241355695
1769099964.765221,2.940147822482004,-13.01976955515213,-3.1332706542716657,0.004160987651872885,-0.9999913430534091
1769099964.8151522,2.9341240309663443,-13.019807709541789,-3.132882147764585,0.004355239144045541,-0.9999905159010251
1769099964.8652217,2.9250125928999413,-13.01989733018738,-3.1297990645884846,0.005896760326641832,-0.9999826139576878
1769099964.9151742,2.9185839965370937,-13.019957352604244,-3.131609021414556,0.004991795356442673,-0.9999875409119453
1769099964.9652185,2.911978376820352,-13.020039926665953,-3.1309754441264066,0.005308579797845345,-0.9999859093909923
1769099965.0152292,2.902639354387502,-13.020149284832408,-3.1276902444083543,0.006951148611361464,-0.99997584047465
1769099965.0652046,2.895983191242134,-13.020233205750978,-3.1310889811957185,0.005251812054569199,-0.9999862091399778
1769099965.1151829,2.886466912399942,-13.020334541231037,-3.130510552565428,0.005541022157524705,-0.9999846484188893
1769099965.1652203,2.880367088370957,-13.020371555966754,-3.1374202561086624,0.0020861972272979775,-0.9999978238881967
1769099965.2151825,2.8738371531071807,-13.020419330091459,-3.1381408030493056,0.0017259244133743675,-0.9999985105913505
1769099965.2653,2.8645735848410556,-13.020464910255614,-3.135694516935611,0.0029490640524163793,-0.9999956515011527
1769099965.3152146,2.858499205558527,-13.020512257205013,-3.133197350434804,0.004197639250207061,-0.9999911898735534
1769099965.3651876,2.84893218076812,-13.020602509016605,-3.1281787188892918,0.006706917066652306,-0.9999775083787941
1769099965.4152093,2.8424025091542235,-13.020680190269735,-3.1297579295102933,0.005917327506900671,-0.9999824924643311
1769099965.4652367,2.836050122660068,-13.020769787222523,-3.1245338363381765,0.008529305205951366,-0.9999636248147749
1769099965.515211,2.8267875668474365,-13.020913351370467,-3.1247171013038884,0.008437676020563995,-0.9999644021780836
1769099965.5652037,2.8204607196399674,-13.021014709923332,-3.124915400821671,0.008338529749876518,-0.9999652338564629
1769099965.6151898,2.81405774374598,-13.02110356568643,-3.1259684014542164,0.007812046606582155,-0.9999694854983409
1769099965.665219,2.8044405262145213,-13.021231389039874,-3.1307928073181843,0.0053998968929633824,-0.9999854204504911
1769099965.7151666,2.798138689441089,-13.021311748498608,-3.1286423931320404,0.006475084981504277,-0.9999790364175053
1769099965.7652118,2.7918873771307604,-13.021385301119622,-3.1328660135674005,0.004363306165986822,-0.9999904807343427
1769099965.8151689,2.782320570868548,-13.021492957577031,-3.1307481002384456,0.005422250105577214,-0.9999852994938438
1769099965.8652139,2.7758412909283403,-13.021552285901661,-3.1342358653448867,0.0036783858273225015,-0.9999932347159681
1769099965.9152024,2.7691596459040366,-13.021621114654076,-3.1324883448884564,0.0045521386289780925,-0.9999896389632758
1769099965.9652197,2.7595167563529968,-13.021717196780942,-3.1351314154950236,0.0032306134277800646,-0.999994781554824
1769099966.0151548,2.7529867355447113,-13.021759389387297,-3.138054167037704,0.0017692423530241213,-0.9999984348895233
1769099966.0652657,2.7467353780095554,-13.021831199091892,-3.1330122110325984,0.004290208117641702,-0.9999907970148062
1769099966.1152089,2.737598700815393,-13.021927195074971,-3.132398344617035,0.004597138293816405,-0.9999894331039241
1769099966.1652148,2.731221068118563,-13.022030777184822,-3.126402377748646,0.007595064898444702,-0.9999711570786372
1769099966.215218,2.7219586442297867,-13.022190241285248,-3.121455951223565,0.010068181076337909,-0.9999493145804011
1769099966.2652786,2.7155564338258817,-13.022325624375194,-3.1188815914598695,0.011355287020869688,-0.9999355266499304
1769099966.4652092,2.6869368828040265,-13.022947601466313,-3.108390362508493,0.01660038301064764,-0.9998622041481015
1769099966.5152287,2.6772175341069078,-13.02306921207006,-3.1134948484014577,0.014048440456181121,-0.999901315791088
1769099966.5652218,2.670761918739408,-13.023100498808066,-3.1161017600549052,0.012745101694894581,-0.9999187778928781
1769099966.6151989,2.6642568907981135,-13.023177293433951,-3.1172260072152396,0.012183021787573066,-0.9999257842360719
1769099966.6652205,2.6545891991499526,-13.023338073707233,-3.116080852756914,0.012755554494126154,-0.9999186446054236
1769099966.7152066,2.648084628840373,-13.023431720691693,-3.121551862685515,0.010020227764460318,-0.9999497962575663
1769099966.765235,2.6417073572223537,-13.023548538769242,-3.117445389877215,0.012073338524337037,-0.9999271145922971
1769099966.8181734,2.632420129018135,-13.023735063484322,-3.118372403466898,0.011609864232063295,-0.9999326032550959
1769099966.8652189,2.6261192205404695,-13.023871072480368,-3.1167744829351487,0.012408766860115723,-0.9999230082886439
1769099966.9151597,2.619843462583956,-13.024000459626109,-3.117733341010719,0.011929373326666343,-0.9999288424943212
1769099966.9652352,2.6103543070044863,-13.024212330718711,-3.120517502774268,0.010537380392579631,-0.9999444802660106
1769099967.0151658,2.6041294126006953,-13.024350217682201,-3.118152053382114,0.011720031778329757,-0.9999313180689536
1769099967.0652463,2.597575427923256,-13.024490187542096,-3.1174357923026275,0.012078136961730193,-0.9999270566434002
1769099967.11616,2.588086689754396,-13.02471945027129,-3.116189601117305,0.01270118471873411,-0.9999193367000864
1769099967.1652384,2.5816335664709418,-13.024842964723808,-3.1204289030803367,0.010581677769675377,-0.9999440124804883
1769099967.2151642,2.574927613482024,-13.024979517856178,-3.1203615227351738,0.010615366050016041,-0.999943655414456
1769099967.265224,2.5652857198592827,-13.02515289214852,-3.1205114946943455,0.010540384265709812,-0.999944448606787
1769099967.3151662,2.5587056807683197,-13.025258586134216,-3.1250765468880273,0.008257959490932307,-0.9999659024712023
1769099967.3652418,2.5523788278086,-13.025360862959511,-3.122174431319041,0.00970895859489225,-0.9999528669507391
1769099967.4181435,2.5427874867400644,-13.02552726292266,-3.1242572433949176,0.008667596565014831,-0.999962435679354
1769099967.46524,2.5364614310325737,-13.025671631086002,-3.1218073521616345,0.009892489358253376,-0.9999510681299845
1769099967.5231748,2.530463972400605,-13.025790308098937,-3.120327651972347,0.010632300475689355,-0.9999434754957875
1769099967.5652232,2.52077310419903,-13.026041516270542,-3.116781374644399,0.01240532127071911,-0.999923051041514
1769099967.6151667,2.5143972602238214,-13.02622139122754,-3.112013155819171,0.014789209714465916,-0.9998906336575123
1769099967.6652312,2.508047178929001,-13.02641417213493,-3.11060507901815,0.015493167393432086,-0.9998799736789007
1769099967.7151666,2.498711913988814,-13.026699647860722,-3.109995307262163,0.015798015952285617,-0.9998752035589098
1769099967.7652242,2.4922853459126326,-13.026872125885815,-3.1099840619788965,0.015803637891983375,-0.9998751147165226
1769099967.8206887,2.4857837487175964,-13.027077700684401,-3.108744530052523,0.016423323380684376,-0.999865128129356
1769099967.865249,2.4765234338867956,-13.027329056268734,-3.1094162156627587,0.016087524951429795,-0.9998705873966576
1769099967.915182,2.4699198066216996,-13.02751034620271,-3.1096353009525717,0.01597799638641936,-0.9998723436676682
1769099967.9652436,2.4604566176938616,-13.027753565152391,-3.115978503370425,0.01280672500730858,-0.9999179905345174
1769099968.0171912,2.4537514859399665,-13.027925348974264,-3.1205116791573855,0.010540292039313379,-0.9999444495789384
1769099968.0652313,2.4476037389785468,-13.028108234666941,-3.1155120569248527,0.013039928753170256,-0.9999149765145596
1769099968.1151872,2.43839391957512,-13.028353637908626,-3.117143554369752,0.012224245140301536,-0.9999252811239197
1769099968.1652439,2.4320183131782933,-13.028539728803567,-3.1149999653253584,0.013295952352768318,-0.9999116049186713
1769099968.2232332,2.425693164845422,-13.028718826361601,-3.1145963427482934,0.013497745530048342,-0.9999089012833149
1769099968.265228,2.416282505427676,-13.029028162104515,-3.109660781277591,0.015965257848975786,-0.9998725471487933
1769099968.3162258,2.4103375262709386,-13.029218060967343,-3.1059702998115677,0.01781023517362881,-0.9998413851821998
1769099968.3698502,2.4007499405822887,-13.029530585842462,-3.105429175508259,0.018080753754927105,-0.9998365298105755
1769099968.4152415,2.3945528768502387,-13.029754790967703,-3.1041249284916965,0.018732766769685227,-0.9998245263290717
1769099968.465178,2.3880769249401412,-13.029969300498022,-3.106563657394813,0.017513602660196675,-0.9998466250990002
1769099968.5152485,2.378287443720623,-13.030304885850928,-3.109744846709749,0.015923230475995313,-0.9998732173286813
1769099968.5651762,2.3718362001362094,-13.030501512923154,-3.1100567630338762,0.01576729189370631,-0.9998756885264981
1769099968.6152694,2.3653591719979232,-13.030683754092802,-3.116138362551538,0.012726801930910794,-0.9999190109766948
1769099968.668313,2.355944860310691,-13.030861618453821,-3.1248917165164745,0.008350371490183887,-0.9999651350402052
1769099968.7152526,2.349516842499426,-13.030968982357006,-3.1307861864826254,0.005403207262448845,-0.9999854025690971
1769099968.7651782,2.343443581682928,-13.03108178348975,-3.1296248678709677,0.005983857148627601,-0.9999820965665459
1769099968.8152463,2.3336999802425265,-13.031216345463973,-3.1336477411643715,0.0039724457648889055,-0.9999921098061949
1769099968.8651793,2.3271450236113425,-13.031289701829987,-3.1356558812517847,0.0029683818097745247,-0.9999955943450108
1769099968.9153574,2.3209189844908185,-13.031349923714526,-3.139918189695317,0.0008372318494274787,-0.9999996495213538
1769099968.9652534,2.3116048014243407,-13.031382435509128,-3.140397376419378,0.0005976385496310063,-0.9999998214140661
1769099969.0154588,2.305352890340246,-13.031361509549718,3.1311753349769833,0.00520863575450136,0.9999864349647833
1769099969.0682511,2.29606436889921,-13.031269364647112,3.1246470996939273,0.008472675574416645,0.9999641062401243
1769099969.115252,2.2899906826989453,-13.03116535700851,3.1189559251690455,0.011318122554718929,0.9999359479995888
1769099969.1651807,2.283588494753639,-13.031041131794423,3.1176128562531016,0.011989611397094537,0.9999281220260517
1769099969.2152557,2.274100453891835,-13.030766634813741,3.1102830577133775,0.015654158518780617,0.9998774661532627
1769099969.2651803,2.2675234557709083,-13.030534428612887,3.0979645053487532,0.02181234410989673,0.9997620825198521
1769099969.315248,2.2612518876355154,-13.030277824126765,3.0939785901008143,0.023804782937432954,0.9997166260042402
1769099969.3651838,2.2516958388090487,-13.029807106809695,3.0852627123151737,0.028161247068082672,0.9996033934334009
1769099969.4152534,2.24552831229333,-13.029495131737287,3.0841777072136316,0.028703530288125292,0.9995879687896402
1769099969.4672418,2.2360024134819816,-13.028936931068298,3.0821005061674156,0.029741687207638937,0.9995576181701799
1769099969.5152426,2.230040020429219,-13.028574650858861,3.079082144268227,0.031250166080134374,0.9995115942899132
1769099969.5726702,2.2242058926420722,-13.02818678504481,3.071484165744797,0.03504706525431523,0.9993856629034958
1769099969.615239,2.2148134475059638,-13.02752721392354,3.0665009903993385,0.03753701088973161,0.9992952380620375
1769099969.6663167,2.2088285017610017,-13.027126592810653,3.067012552752549,0.03728140875284022,0.9993048066337936
1769099969.715248,2.199110437661605,-13.026408386049315,3.060406829094303,0.04058176510408657,0.9991762208644863
1769099969.766319,2.192600922259939,-13.025890688822063,3.053545168599486,0.04400952354463133,0.9990311115462693
1769099969.8152874,2.1865225075389736,-13.025382237577151,3.0500025146782215,0.04577906431953072,0.9989515890522565
1769099969.8672857,2.1769488272128044,-13.024453661691105,3.0353230653092305,0.0531097950359466,0.9985886789220273
1769099969.9152553,2.170656851885901,-13.023782487585901,3.023326497368425,0.059098622156762176,0.9982521489379185
1769099969.9727497,2.164590261332265,-13.023155703621885,3.0205528852748915,0.06048294699921716,0.9981692307030355
1769099970.015254,2.15483614511531,-13.022020164415885,3.0157236944258923,0.06289294319865203,0.9980202792006839
1769099970.0652688,2.148828800060706,-13.021313258125865,3.0131128483867187,0.06419572788625608,0.9979373269505224
1769099970.1152527,2.1392384137566776,-13.020086177760708,3.0105818931076254,0.06545854351952181,0.9978552896489064
1769099970.165249,2.1331885804411668,-13.019307558231542,3.0071941070442803,0.06714870892375964,0.9977429783716206
1769099970.2152524,2.126840672679286,-13.018465799585494,3.0073788255696354,0.06705655783166943,0.9977491759213675
1769099970.2652636,2.117560927499022,-13.017204998143365,2.999235582748898,0.0711184476794778,0.9974678773773425
1769099970.315264,2.1113671241185874,-13.01635758659234,2.9925494191565405,0.07445266075474494,0.9972245490893908
1769099970.3652554,2.1050094832470783,-13.01540294396891,2.98440969422918,0.07851059970283913,0.9969132789437106
1769099970.4153063,2.095465827743445,-13.01402425201236,2.9826858051053486,0.07936985441126397,0.9968452368400698
1769099970.4652674,2.089237497988215,-13.013062634920615,2.979119063213883,0.08114747208732763,0.996702105833953
1769099970.5152428,2.0827433871956913,-13.011998130083224,2.9741729683918017,0.08361211298984651,0.99649837659746
1769099970.565267,2.073101134189835,-13.01042584835839,2.970776374244628,0.08530434187559913,0.9963549414024958
1769099970.615316,2.0664330858046163,-13.009328610689547,2.969867376155065,0.08575717541850685,0.9963160677537222
1769099970.6652577,2.060049046641565,-13.00822021957082,2.9603652631161212,0.09048974368289645,0.9958973874291486
1769099970.715268,2.0507568731999046,-13.006552698234294,2.9560342218007585,0.09264616618789587,0.9956990950536637
1769099970.765281,2.044433420003823,-13.005394205226212,2.952494833398584,0.0944081031072791,0.9955335805826367
1769099970.8152726,2.038287145008273,-13.004252021146662,2.9479325588938523,0.09667880424412433,0.9953156327567282
1769099970.8652847,2.0290446707409933,-13.002455552678391,2.9460797721037526,0.09760081645531467,0.995225643071588
1769099970.915289,2.022936540338247,-13.001247665610414,2.9401300004307873,0.10056106287736803,0.994930888370129
1769099970.9652631,2.016765187343218,-12.999968329244199,2.9331523725227457,0.10403157259724512,0.9945739951873587
1769099971.0152724,2.0074295992104014,-12.997993736513882,2.9268724307652194,0.1071539880022814,0.9942424366597953
1769099971.0654054,2.0013372001771956,-12.996710342525567,2.9255172140473,0.10782767033659744,0.9941695999726515
1769099971.1152642,1.9950049909574012,-12.995337062066463,2.919707209473484,0.11071527625541305,0.9938521658695963
1769099971.1652682,1.9857138251418496,-12.993278157060946,2.91621377011002,0.11245108761376246,0.9936572612800059
1769099971.2152562,1.979442474429301,-12.991864292702562,2.9152445506325537,0.1129326103763164,0.9936026497114383
1769099971.265254,1.9730100801569472,-12.990358473009742,2.9113285022057687,0.11487789069604211,0.9933796204016007
1769099971.3152785,1.9639415887121563,-12.98823261899421,2.9082940454224895,0.1163849416581475,0.9932041811003565
1769099971.3652601,1.9576444667999902,-12.986704823931507,2.9012773790207227,0.11986870945829531,0.9927897524112559
1769099971.4152687,1.9484826813733045,-12.984424843619319,2.893333576274502,0.12381101654779428,0.9923058158558791
1769099971.4652715,1.9424303099687807,-12.982856909265518,2.888135900562664,0.12638943745681167,0.9919807004671768
1769099971.5152674,1.9362067902815914,-12.981244847637381,2.8840922724058067,0.12839477831315652,0.9917231372222367
1769099971.5652668,1.9270557299852613,-12.978822177136811,2.876324847322868,0.13224536791419053,0.9912170108837117
1769099971.6152558,1.9207934287988206,-12.977159712704704,2.8786115966762456,0.13111194928922934,0.9913675689438194
1769099971.665266,1.9147370428799693,-12.975509357246395,2.8710376406696736,0.13486528734212125,0.9908639433696874
1769099971.715278,1.9054478475661978,-12.972919404996121,2.8618674954730903,0.13940703691242778,0.9902351630089173
1769099971.7652903,1.8992195640499563,-12.971132638798547,2.8551885091910707,0.14271313695291127,0.9897640933783461
1769099971.8153741,1.8932908089799472,-12.969404035112976,2.848511633785529,0.14601660130124913,0.9892821398086756
1769099971.8652816,1.8839843271621064,-12.966601728900665,2.8457909212025307,0.14736224196223577,0.9890825899002891
1769099971.9152553,1.8775474884013519,-12.964627537998329,2.8356821928745792,0.1523595219766079,0.9883251368163513
1769099971.9653106,1.871385004633179,-12.96271008772254,2.8324931203740102,0.15393524787602642,0.9880809377077094
1769099972.0152748,1.8621263194309339,-12.959753466152952,2.8282925410190987,0.15601016302350543,0.9877554500145161
1769099972.065266,1.856166233205625,-12.957867242963813,2.827070675973877,0.1566135858002645,0.9876599540037974
1769099972.115263,1.850093004585795,-12.9559188335857,2.82367506872913,0.1582902119200624,0.9873926315353492
1769099972.165269,1.8412379783051596,-12.953030516994108,2.8214791099233354,0.15937425306016215,0.9872182369980386
1769099972.2152767,1.8353744720254892,-12.951091572213276,2.816858056064766,0.16165481993999956,0.9868473636739201
1769099972.265326,1.829336843530687,-12.949034242450594,2.807559756156475,0.16624105773901657,0.9860851437486587
1769099972.315252,1.8208003631619383,-12.946071766415933,2.799165011615972,0.17037854761432572,0.9853786838128948
1769099972.365266,1.8148245932692713,-12.94399222419716,2.7980641313779455,0.17092091373591353,0.9852847513524607
1769099972.415279,1.8060321829110224,-12.940842106130294,2.793487400689118,0.1731751557240665,0.9848910424204016
1769099972.4652774,1.800296148775458,-12.938767078899431,2.787108737062962,0.17631541397885708,0.9843337212518244
1769099972.5152822,1.7940749302650856,-12.936471203727148,2.7825521543246863,0.178557553468045,0.9839294690675273
1769099972.5664358,1.784790885513141,-12.932971005232199,2.7736702581219044,0.18292535805786408,0.9831268043235329
1769099972.6153376,1.7789961482274528,-12.930763790434307,2.77138149245915,0.1840503114676154,0.9829168239727478
1769099972.6653273,1.7728859013019909,-12.928389032840148,2.76275436516347,0.1882884603060323,0.9821137692322534
1769099972.7152739,1.7642224130699502,-12.924969137446473,2.760114237793681,0.18958474859799299,0.9818643608457513
1769099972.7652771,1.7583223813725974,-12.92261355375343,2.7589448587692176,0.19015880195361068,0.9817533448069161
1769099972.8152769,1.752445949257018,-12.920267196490233,2.759020670026342,0.19012158783937805,0.9817605521905195
1769099972.8652725,1.7437550795913763,-12.916778591983446,2.7608416496100023,0.18922762619749062,0.9819332489959095
1769099972.9152734,1.7377654725274763,-12.91437402271713,2.7574637932526302,0.19088577025908324,0.9816122568064217
1769099972.9652805,1.7318410074593888,-12.912011301167075,2.7633259902038536,0.18800775220782576,0.982167544317038
1769099973.0152824,1.7229095224696367,-12.908442551295284,2.7624369406680063,0.1884443314177677,0.9820838731781062
1769099973.065289,1.7168178781378973,-12.90602056487728,2.7635675247899942,0.18788913712142338,0.9821902423419645
1769099973.1152802,1.7109668868864274,-12.903678370253749,2.7609980640615275,0.1891508313435878,0.9819480449606434
1769099973.165268,1.7017771527884344,-12.900005632608046,2.757404505459127,0.19091486898759835,0.9816065977770566
1769099973.2153044,1.695854133706047,-12.897639154676016,2.762231195016982,0.1885453601633772,0.9820644821807081
1769099973.2652726,1.6897647036241588,-12.895211604320577,2.7622359830984196,0.18854300906047808,0.9820649335631634
1769099973.3152943,1.680614207853473,-12.891577103451986,2.7645259287403454,0.18741844806239177,0.9822801664117445
1769099973.365279,1.6745915037520394,-12.88918726093046,2.764154711192962,0.18760076465011383,0.9822453629835534
1769099973.4152865,1.6684922934449975,-12.88678431391427,2.7666433466221045,0.18637839442669252,0.9824780374598346
1769099973.4652762,1.6598694959284903,-12.883398458394623,2.7730122516822977,0.18324880003592073,0.9830665680844788
1769099973.5152838,1.653901331800304,-12.881077584628546,2.775191170770183,0.1821776802418437,0.9832656267874417
1769099973.5652697,1.6480992207659044,-12.878818619468667,2.772068529975353,0.1837126502481271,0.9829799907113111
1769099973.615278,1.6396260316629945,-12.875536819482827,2.770099433363588,0.1846803523367684,0.9827986403433651
1769099973.6652837,1.63409157408952,-12.873427291179153,2.7753117258909388,0.18211841105773258,0.9832766062272644
1769099973.7153187,1.6255362042484336,-12.870147568211802,2.7758037557287425,0.18187650483442633,0.9833213803173472
1769099973.7653165,1.619385218728512,-12.86780817438937,2.7772650162521066,0.18115801199621911,0.9834540023252627
1769099973.8153007,1.6133812364125342,-12.86550971683379,2.776957989911781,0.18130898300262102,0.9834261805964671
1769099973.8652802,1.6042307194508019,-12.862014775043562,2.7716239451862457,0.18393115468328103,0.9829391285002723
1769099973.9152715,1.5981504801006736,-12.859702921095751,2.7760866449209853,0.1817374175200307,0.9833470959295858
1769099973.9653003,1.5920532171537802,-12.857364915639245,2.7704981223253786,0.18448443318384777,0.9828354358247542
1769099974.0152745,1.5828394108026553,-12.853822921290151,2.772552999404086,0.18347453298326394,0.9830244634527532
1769099974.0652936,1.576947303273646,-12.851585937473741,2.7774110605936864,0.1810861975671724,0.9834672282545377
1769099974.1152866,1.5709636762348653,-12.84930507193433,2.780869229061179,0.1793854300361716,0.9837788712361827
1769099974.1652882,1.5620662285827343,-12.84592804359533,2.784613824485332,0.17754318976490613,0.9841130096529069
1769099974.215283,1.5560312651468498,-12.843639958635107,2.7827749609986228,0.17844793933406378,0.983949354869155
1769099974.265364,1.5500824472058694,-12.841410162913895,2.787990942820898,0.1758812044016289,0.984411398724249
1769099974.3152914,1.5410971340151198,-12.838051125873475,2.786635694502292,0.1765482249169675,0.9842919913718021
1769099974.3653066,1.5350927217083277,-12.835825553363279,2.786635694502292,0.1765482249169675,0.9842919913718021
1769099974.4152865,1.5291905293687138,-12.8336156269707,2.785844612591438,0.1769375388907836,0.9842220823225175
1769099974.4652922,1.5201546970824553,-12.830246908468348,2.781861251841207,0.1788974424639361,0.983867727430808
1769099974.5152912,1.5141997014163597,-12.828033639046701,2.7862553421778093,0.17673541059667577,0.9842583983087085
1769099974.5652711,1.5080545775864698,-12.825750752925469,2.785158327738924,0.17727525682055198,0.9841613096028554
1769099974.6152885,1.4988473201447343,-12.822334649641462,2.7871906717933816,0.17627508827186428,0.984340943603763
1769099974.6652942,1.4926305025360234,-12.82002671585576,2.7858229843374165,0.1769481823830424,0.9842201688399489
1769099974.715315,1.486360938466754,-12.817715371424484,2.7878338294664493,0.17595853594736013,0.9843975790437833
1769099974.7652776,1.4803542103239151,-12.815496060540749,2.788434125667713,0.17566306296222595,0.9844503483217064
1769099974.8152914,1.471277585492434,-12.812164578966394,2.78772593900821,0.17601163924425342,0.984388085487909
1769099974.8652778,1.4656882086997751,-12.810130205331522,2.793674556882163,0.17308299073693412,0.9849072435095391
1769099974.9152927,1.4568353700031007,-12.806923869049678,2.793441546388455,0.1731977364235392,0.9848870717487169
1769099974.9652905,1.451199650036156,-12.804942803376097,2.793052200495737,0.17338946400853084,0.9848533361728712
1769099975.0152938,1.4453000250844967,-12.802799025100263,2.790444738852623,0.17467329993764497,0.9846264460641373
1769099975.0652976,1.436185189674289,-12.799572149424275,2.7970696986855916,0.17141079227185535,0.9851996448906866
1769099975.115298,1.4302153421822295,-12.797473661647468,2.8001060435934195,0.16991489234609905,0.9854587405665514
1769099975.1653109,1.4239593235289514,-12.795273796974415,2.7995999654533437,0.17016424646699088,0.9854157139118095
1769099975.2152991,1.4151533131548981,-12.792161791620211,2.8011872187304485,0.16938214080007988,0.985550450447861
1769099975.2653167,1.4091196340677052,-12.790016881300692,2.7952790935545924,0.17229277522503253,0.9850457855375335
1769099975.3153036,1.4029903366218444,-12.787838546330315,2.7971991146475848,0.1713470416331414,0.9852107344743918
1769099975.3652968,1.3938154976813233,-12.784555270631811,2.7990933899453334,0.1704138347388433,0.985372581782953
1769099975.4153154,1.3879473587513078,-12.782473543494987,2.8022215658786696,0.16887241752168347,0.9856379186092539
1769099975.4652896,1.38193902259585,-12.780332932487374,2.803603333225551,0.16819141612685432,0.9857543545636729
1769099975.5152848,1.372768462761179,-12.777113325474858,2.8024440021117316,0.16876279568458907,0.9856566941855169
1769099975.5652912,1.366673581541924,-12.774989544653412,2.807120308991363,0.16645771988483246,0.9860485928648459
1769099975.6152837,1.3605794013000376,-12.772864057772557,2.80568140001912,0.1671670938268178,0.985928578925216
1769099975.665343,1.3515595680655692,-12.769750068586964,2.8083195975227304,0.16586641160899981,0.9861482309977309
1769099975.7152896,1.3456025136563032,-12.767692539101505,2.8114585222987647,0.16431848540479266,0.9864073374393942
1769099975.7653127,1.3396170460567955,-12.765639850052429,2.8121456887096192,0.16397956271775557,0.9864637362878038
1769099975.8152854,1.3306847689724732,-12.762582954676985,2.8151349882743206,0.1625049622946542,0.9867077263453515
1769099975.865291,1.3245292520645757,-12.760480085448153,2.8123048191220836,0.16390107400817375,0.986476780233051
1769099975.915286,1.31844323846747,-12.758408477960328,2.815788987397027,0.16218230061848235,0.9867608126420994
1769099975.9652917,1.3090733007352775,-12.755223525986244,2.8137765961577026,0.16317509275920536,0.9865971260362685
1769099976.015321,1.3026978619519312,-12.753059658060586,2.8144552509257323,0.1628403039495347,0.9866524390126561
1769099976.0652905,1.2965181769828389,-12.750949109167731,2.8142442152833946,0.16294441245842423,0.9866352509659174
1769099976.1153061,1.2872920474694438,-12.747812867467012,2.8100905756937977,0.16499312320067802,0.9862947172607617
1769099976.1653082,1.2812747273236322,-12.745775093534165,2.814311347452162,0.16291129488454725,0.9866407198160028
1769099976.21531,1.2752338340747889,-12.743728071695179,2.814126868455625,0.1630023014363505,0.9866256887626903
1769099976.2652996,1.2662358657773713,-12.740707020236279,2.8194900997469885,0.16035596764437676,0.9870592503192681
1769099976.315278,1.2603279503725198,-12.73874100892903,2.8215990282056835,0.15931506001607273,0.9872277911667982
1769099976.365306,1.2541708159165916,-12.736722229353207,2.827537638387079,0.1563829814958119,0.9876964934120606
1769099976.4153647,1.2452186000048886,-12.733805035098138,2.8311128518328523,0.15461711968056652,0.987974466421924
1769099976.4652967,1.2389621043760308,-12.731765096743027,2.8274388229180194,0.1564317811510595,0.987688765677684
1769099976.5152826,1.232969506071222,-12.729813583439146,2.8294600519272617,0.15543352884318476,0.9878463534939808
1769099976.5652974,1.2238306083962687,-12.726815721870821,2.825134203850465,0.15756980022388636,0.987507852149746
1769099976.6152823,1.217698333988746,-12.7248026987549,2.8249641875108753,0.15765374588962433,0.9874944538613722
1769099976.6653,1.2116434952389754,-12.722797205200303,2.822698042553099,0.15877254723680584,0.9873151868800237
1769099976.7152934,1.2023630804504062,-12.719743490423099,2.8200559909853533,0.16007667713844506,0.9871045828261127
1769099976.7652967,1.1961830642775029,-12.717713637682174,2.823804147174359,0.15822648603758815,0.987402845406168
1769099976.8152988,1.1898071382316873,-12.715631298954504,2.824064569213997,0.15809791396512093,0.9874234398675561
1769099976.865297,1.1805428530469568,-12.712609524586082,2.826773387433464,0.15676039406260087,0.9876366633804853
1769099976.9153137,1.1744775258367075,-12.710636084495759,2.828163181290461,0.15607405058561502,0.9877453572322165
1769099976.965317,1.1684065358195754,-12.708680038463127,2.8300146614247867,0.15515958838556618,0.987889417967427
1769099977.015291,1.162429265490362,-12.706763290122796,2.8354282987627233,0.15248498571501024,0.9883057872599417
1769099977.0653336,1.153387191533982,-12.703877465694136,2.8331138263045874,0.1536285866185448,0.988128664382118
1769099977.1152823,1.1475025036179254,-12.70200367679106,2.8381592019646704,0.15113536026397795,0.9885130767359012
1769099977.1653576,1.141350032845492,-12.700053484458754,2.836752405707072,0.151830641066572,0.9884065238722951
1769099977.2152941,1.1321518384226883,-12.697157322946017,2.8384404605547924,0.15099634487282457,0.9885343210202906
1769099977.265352,1.1259959560991977,-12.695217776012141,2.8345950330452947,0.152896733134132,0.9882421712297599
1769099977.3153133,1.1196452072628293,-12.693222776508275,2.8350381255110615,0.1526777880534158,0.9882760206719154
1769099977.3653266,1.1103554871739385,-12.690280225114321,2.835929125285393,0.15223749606129008,0.9883439405353729
1769099977.415326,1.1040097088254588,-12.688269529507167,2.8335186479217405,0.15342857555088332,0.988159740226461
1769099977.4653232,1.097930880505788,-12.686338094871099,2.8346320686737365,0.1528784330229861,0.9882450023736201
1769099977.5153153,1.088764824301253,-12.683424234544761,2.832654751799157,0.153855394908363,0.9880933748677762
1769099977.5653198,1.0826855915281526,-12.68149407834777,2.836247738861109,0.15208004423169916,0.9883681804603406
1769099977.6153235,1.0765560483625873,-12.679555116127146,2.8374899348316953,0.15146614145215176,0.9884624464255568
1769099977.6653183,1.0672538183400775,-12.676652238998296,2.8429779217863653,0.14875324011850835,0.9888743466964068
1769099977.7152717,1.0616704198894469,-12.67491734269121,2.8469784743321918,0.14677492195638464,0.9891699157802452
1769099977.7653208,1.0554252097867836,-12.673009572455488,2.843587824725375,0.1484516745213182,0.9889196632344898
1769099977.8152664,1.0463940210685083,-12.670258361716847,2.8472693577995907,0.1466310538170306,0.9891912525171799
1769099977.8653128,1.0406094722787318,-12.668488598572882,2.8406190235281947,0.14991946336975864,0.988698212045983
1769099977.9153216,1.0314360376586382,-12.665683338610233,2.84172979153632,0.14937033310473882,0.9887813224308899
1769099977.9653249,1.0254357336540003,-12.663840030319701,2.8424604048016016,0.14900911477080142,0.9888358224271723
1769099978.01532,1.0192378751338766,-12.661950221849748,2.844083280883409,0.14820668680016844,0.9889564085376649
1769099978.0653074,1.0099662925447717,-12.65911974663499,2.8485821742204265,0.1459817090142458,0.9892872892306259
1769099978.1152997,1.0035754501416814,-12.657168819415224,2.8436500106850082,0.14842092599043438,0.988924278561378
1769099978.1653173,0.9973040220354684,-12.655260030503909,2.847448781590584,0.1465423110048179,0.9892044030863223
1769099978.2153206,0.9909860189760321,-12.65333049151217,2.84714610616242,0.14669201325923234,0.9891822143801178
1769099978.2653093,0.9817332459630094,-12.650525206908556,2.848074609845474,0.14623276780284908,0.9892502098158574
1769099978.3152559,0.9756799959468587,-12.648681962702543,2.849988978019872,0.1452858063990197,0.9893897282966841
1769099978.3653085,0.96959707614547,-12.646849384846563,2.847826743851577,0.1463553674227467,0.9892320791535992
1769099978.4153175,0.9610131826086076,-12.644280562566365,2.854204922921213,0.14319987886127844,0.9896937883477471
1769099978.4653978,0.9548260626442496,-12.642443104408889,2.8529357820620636,0.14382788039971237,0.989602718680444
1769099978.515304,0.9456451902420533,-12.639750617464939,2.856962381293619,0.14183522347829491,0.9898902814862172
1769099978.5652952,0.9394750705534909,-12.637944920084104,2.8573182292823853,0.14165909600130602,0.989915501707137
1769099978.615294,0.9331288403401818,-12.636110039509001,2.8606713061526454,0.13999926630632967,0.9901516072974327
1769099978.665329,0.9239403460659148,-12.633444201167073,2.86216504154723,0.13925971507757992,0.9902558920584675
1769099978.7152658,0.9179382035061083,-12.631695481234791,2.8581587314776784,0.14124307042810563,0.9899749466809962
1769099978.765343,0.9117443388996126,-12.62988078684399,2.859855159852712,0.14040330892385258,0.9900943949155723
1769099978.8153257,0.9024409747171933,-12.627156618467318,2.8561042314220146,0.14225994751793414,0.9898293324266535
1769099978.8653193,0.8961457879099428,-12.625327730529152,2.859466406905613,0.14059575732723162,0.990067085111702
1769099978.915306,0.889947600391925,-12.62352788152898,2.8582323058118875,0.14120665195874918,0.9899801419435648
1769099978.9653265,0.8805125164336683,-12.620803398503163,2.8598361203883433,0.1404127343509672,0.9900930582688098
1769099979.015326,0.8744306422869553,-12.619056813851072,2.8619655315509966,0.13935849735917263,0.9902419952788275
1769099979.0653183,0.8684395701109836,-12.61736077251573,2.8656144079753734,0.13755163109339938,0.9904945980587402
1769099979.1152751,0.859427763615118,-12.614813226103117,2.8683220150161923,0.1362105703780151,0.9906799082030966
1769099979.1653135,0.8533883886028879,-12.613102450782005,2.8642221855641745,0.13824109209975763,0.9903986068523453
1769099979.215347,0.8476619935725898,-12.611493790826582,2.8674801560501137,0.1366275646803129,0.9906224853946769
1769099979.265321,0.838552093119648,-12.608921187649774,2.8690742894417665,0.1358379291718847,0.9907310719858816
1769099979.3153012,0.832607065325283,-12.607248752949417,2.869106036901142,0.13582220255754143,0.9907332281156306
1769099979.365355,0.8263930979312523,-12.605504188591997,2.8727995593938163,0.13399232425382387,0.9909823696923463
1769099979.41588,0.8169593967127852,-12.602867725639012,2.866423969246642,0.1371506868026177,0.9905501951489234
1769099979.4654114,0.810671565825303,-12.601105303055505,2.8696130049238584,0.13557106316381262,0.9907676250426402
1769099979.515327,0.8015357004258382,-12.598531445381063,2.864253231547818,0.1382257181336283,0.9904007526483624
1769099979.5653276,0.7951020455260522,-12.59672660936223,2.8665968690215053,0.1370650533373547,0.9905620481088644
1769099979.615273,0.7890380789813174,-12.595009604200952,2.863030671275528,0.13883110457789657,0.9903160729795721
1769099979.6653457,0.7828227017654809,-12.593269967686018,2.8644275615808743,0.13813938931066197,0.9904127973329492
1769099979.715276,0.7737340570553729,-12.590715123528769,2.868972536595218,0.13588833384943014,0.990724159755694
1769099979.7653546,0.7675891690806252,-12.58900538351222,2.8689452140247695,0.13590186840207416,0.9907223032539569
1769099979.8152735,0.7614355673125406,-12.58732668896287,2.8690506689517807,0.13584962993909316,0.9907294676375642
1769099979.8653476,0.7521725114151889,-12.584737694883792,2.8676118697611903,0.136562325102161,0.9906314811082332
1769099979.9153254,0.7459159106310771,-12.58305132388966,2.8694095695167983,0.1356718410698477,0.9907538299399695
1769099979.9653447,0.7370240375334094,-12.580638697817456,2.870388203461065,0.13518703218296896,0.9908200978631595
1769099980.015277,0.7307081790750382,-12.578882540063535,2.869112894030693,0.1358188057636954,0.990733693785027
1769099980.0653656,0.7245815541050783,-12.577201540073526,2.869905284837156,0.13542627097886742,0.9907874268120072
1769099980.11528,0.7182367731691317,-12.57545484749673,2.867949386519088,0.13639514579546103,0.9906545130384431
1769099980.1653578,0.7088924559316312,-12.572874487577161,2.8716857303469823,0.1345441959203143,0.9909075937463372
1769099980.215282,0.7028641677636351,-12.571217894743054,2.871700978204062,0.13453664130771997,0.9909086194728745
1769099980.2653615,0.6932708407066109,-12.568588476474,2.8724791625345207,0.13415107635321968,0.9909608916164515
1769099980.3152807,0.6869715307362104,-12.566867394774258,2.873769879186699,0.1335115235992653,0.9910472607631802
1769099980.3653603,0.6810357875854892,-12.565256125412576,2.8730094976720895,0.13388830094957016,0.9909964292916688
1769099980.4152856,0.6722399388623532,-12.56287688031127,2.8792332864326453,0.13080378142865662,0.9914082765258541
1769099980.4653673,0.6664953252985308,-12.561334713470524,2.8769610031195825,0.13193007700600262,0.9912590250692249
1769099980.5198808,0.6604292218665726,-12.55972067678312,2.8817786928047417,0.12954190736084883,0.9915739479420147
1769099980.565343,0.6516984494228579,-12.557392382500584,2.882585927139114,0.12914168055216138,0.9916261525111989
1769099980.615286,0.6455074868666738,-12.55575583633957,2.885008095829989,0.12794064322823134,0.9917818267191361
1769099980.6653504,0.6365262485410641,-12.553384640372082,2.886536992916523,0.1271824397463246,0.9918793409584518
1769099980.7152762,0.6301651531774363,-12.551698639535175,2.8825487885858556,0.12916009431023392,0.9916237542726432
1769099980.7653387,0.6242189674253764,-12.550126536282415,2.885558678936804,0.12766760922394205,0.9918170101157989
1769099980.8169322,0.6148014211586451,-12.547623075523202,2.881649678273734,0.12960587081520702,0.991565589484746
1769099980.8653593,0.6084904483005455,-12.545945408333282,2.8814200085804913,0.12971973624278121,0.9915506996765739
1769099980.9226906,0.6025754130490585,-12.544354615956214,2.8772266471934507,0.13179841479981574,0.9912765395469902
1769099980.9653451,0.5930673680639141,-12.541797783673925,2.87720171525239,0.13181077201370403,0.991274896474813
1769099981.0158637,0.5869545493663197,-12.540162930774258,2.8822059462604424,0.12933007770862778,0.9916015989296711
1769099981.0653343,0.5806917153721064,-12.538501215462757,2.883424870069476,0.12872571032760768,0.9916802365181293
1769099981.1158757,0.5713416509921213,-12.536039515117842,2.8861951031962376,0.12735199456244561,0.9918575852817615
1769099981.1653516,0.5651725792443744,-12.53441934557118,2.8868121998685354,0.12704595249757908,0.9918968323137154
1769099981.2221472,0.5589482580385058,-12.532810233961046,2.891115872965309,0.12491126015205518,0.9921679177877228
1769099981.265354,0.550053022701175,-12.530510465195805,2.8941211922521206,0.12342022899966991,0.9923544966762982
1769099981.3158982,0.543828815300531,-12.528901324566855,2.8924443888277507,0.1242521772341949,0.9922506721854928
1769099981.3653386,0.534981804940536,-12.526617093667193,2.8913354241254137,0.12480234359095681,0.9921816240155855
1769099981.417946,0.528784200383406,-12.525005845495368,2.8869713150167056,0.12696703918987795,0.9919069366424231
1769099981.4653394,0.5228786004064406,-12.523478673733242,2.8887478380883724,0.12608591643775763,0.9920193252533193
1769099981.519409,0.5132979049409634,-12.52099863360946,2.8876727782997134,0.12661913823962473,0.9919514069910152
1769099981.5653374,0.5068034388251957,-12.519322268830054,2.8884278726083226,0.12624462079334078,0.9919991409879071
1769099981.6155374,0.5007518730863262,-12.51775293235009,2.8880261779514327,0.12644385862295648,0.991973765084812
1769099981.6653378,0.491244281881824,-12.515293494820627,2.8846210029288093,0.12813259668301097,0.9917570456857208
1769099981.7153928,0.4850664315126231,-12.51370695743663,2.88814497230531,0.1263849379586993,0.9919812737431971
1769099981.7653475,0.47918384284523385,-12.512191829963497,2.8869716380434753,0.1269668789836295,0.9919069571492865
1769099981.8153527,0.47025701106226836,-12.509912756941214,2.891726984320849,0.12460809178506692,0.9922060388153684
1769099981.8653557,0.46431812416926765,-12.508413355134735,2.8925771822581843,0.1241862947750542,0.9922589199347333
1769099981.9153624,0.4581279241883346,-12.506875116896193,2.8987052661790744,0.1211453936140781,0.9926347735225127
1769099981.9653401,0.4488895941265519,-12.504589641268415,2.9025506653052826,0.11923663242113192,0.9928658648019217
1769099982.015349,0.4428427502492671,-12.503105227762166,2.902641620987836,0.11919147890163442,0.9928712863998239
1769099982.065334,0.4334762945798944,-12.500811021775645,2.9041433145410034,0.11844595116838551,0.9929605010531972
1769099982.1153493,0.42760628529393224,-12.499349449760341,2.8979046849181014,0.12154272629708318,0.9925862006315987
1769099982.165353,0.4213653374967204,-12.497806245076731,2.898215305050076,0.1213885662035056,0.9926050654691709
1769099982.215352,0.41227942732507267,-12.495537137777603,2.8994222775470493,0.12078952062808365,0.9926781410439326
1769099982.2653463,0.40591813470583377,-12.493953406289252,2.8987725110231812,0.12111201876030868,0.9926388461629952
1769099982.3153858,0.3997074462909162,-12.492393294435901,2.897977711064681,0.12150648384338049,0.9925906378684106
1769099982.365349,0.3901542751874271,-12.490010446877049,2.894933586382248,0.1230171273447766,0.9924045477424209
1769099982.4153686,0.38374348833227284,-12.488416054937423,2.896578571263398,0.12220084058813661,0.992505392710565
1769099982.465349,0.3774540394985572,-12.486858071299686,2.896681387227673,0.1221498177271841,0.9925116734977054
1769099982.5153468,0.3681436888131457,-12.484547581135535,2.896535977429558,0.1222219778653136,0.9925027899843359
1769099982.5653536,0.3620265625444803,-12.483030800582874,2.8996540871792384,0.12067446363962368,0.9926921344632933
1769099982.6153429,0.3558834850648559,-12.48151356518459,2.899606633946014,0.12069801683134297,0.9926892709871407
1769099982.6653678,0.3467669568855043,-12.479262793409898,2.9004911690630015,0.12025897078113133,0.9927425547173159
1769099982.7153633,0.3409446686777795,-12.477819011879424,2.897339179654203,0.12182337779539565,0.9925517944281398
1769099982.7653453,0.33475379992731674,-12.476284171363597,2.8976411760642184,0.12167350286781503,0.9925701782241273
1769099982.8153691,0.3256174661735453,-12.474008103695699,2.8968292168021064,0.12207645610441789,0.9925206994642409
1769099982.8653622,0.31913250358534617,-12.472397311024128,2.897571936340835,0.12170786543718254,0.9925659653094724
1769099982.9153395,0.309923451201027,-12.470099028134687,2.8980329099256905,0.12147908886077693,0.9925939910001246
1769099982.9653656,0.30349140636752137,-12.468485197804586,2.894570394537614,0.12319734193457224,0.9923821919705412
1769099983.0153494,0.2972067092727942,-12.466908228303705,2.8965543521090122,0.12221285939984372,0.9925039128372815
1769099983.0653503,0.2881729287483763,-12.4646393670953,2.8947889104202025,0.12308891556419452,0.9923956463352863
1769099983.1153615,0.28193438357267825,-12.46308645205851,2.8972058901903472,0.12188952587307046,0.9925436733375707
1769099983.1653392,0.2761614959731379,-12.461653729376808,2.8981525494443856,0.1214197119097903,0.9926012560740307
1769099983.2153583,0.26672086919237153,-12.45934268623751,2.902695340642182,0.11916481050748443,0.9928744875041937
1769099983.2653708,0.2606400722259261,-12.457890134564975,2.9063162774055042,0.11736704832400799,0.9930886042885146
1769099983.315402,0.25438827475485043,-12.456391479044083,2.9089251936543823,0.11607150633672988,0.9932408597196968
1769099983.3653848,0.24510706104183438,-12.454175570871863,2.909739149654078,0.11566726955690765,0.9932880160120979
1769099983.4153752,0.23893210027830566,-12.452682322200586,2.9038623875472296,0.11858542470370642,0.9929438539252063
1769099983.4653456,0.23273119369966466,-12.451188544680125,2.9037563433938622,0.11863807248215515,0.9929375648839754
1769099983.5153744,0.22343550746310756,-12.448924407886073,2.9034022100898236,0.11881388675170869,0.992916542472202
1769099983.5653794,0.21716350763562284,-12.447401568676954,2.9034022100898236,0.11881388675170869,0.992916542472202
1769099983.6153567,0.21096731049159315,-12.445888334007835,2.9049927645526314,0.11802420534317094,0.9930107184482517
1769099983.665355,0.20137700109359247,-12.443550339646679,2.8991482363473433,0.12092553684811466,0.9926615810728222
1769099983.7153668,0.19498451427614427,-12.441987505864319,2.899979464900773,0.12051296209090194,0.9927117537170983
1769099983.765359,0.18854788186412338,-12.440392049218195,2.8936392988283415,0.12365932996775904,0.9923247301725
1769099983.815367,0.17902463914277753,-12.437994118198581,2.889696255682207,0.12561547798792083,0.992079004762154
1769099983.865377,0.1729400063125432,-12.436452185826331,2.8892449138299554,0.1258393581751823,0.9920506317391559
1769099983.9153423,0.16671342676148831,-12.434852066351873,2.8842264026526054,0.12832826798988797,0.9917317458036299
1769099983.9653687,0.15780420980927484,-12.43250535432007,2.878470565797086,0.13118185568310822,0.9913583210623372
1769099984.0153477,0.151739389805011,-12.43088728446137,2.877424501208165,0.1317003501335288,0.9912895731191295
1769099984.0653706,0.1456110292204081,-12.429212429068729,2.8693950024950725,0.1356790572325318,0.9907528417463618
1769099984.1153572,0.13622594873370525,-12.426589788869672,2.860676769452165,0.13999656155840717,0.9901519897227007
1769099984.1653743,0.1299977361283002,-12.424803041051444,2.8543309663968643,0.14313750635448647,0.9897028110875604
1769099984.215383,0.12372750478364082,-12.422979970623116,2.846391849927492,0.14706505124504668,0.9891268223550971
1769099984.2653556,0.11422858377817534,-12.420115081196533,2.8427988365617787,0.1488417859142803,0.9888610229783796
1769099984.3153799,0.10798927595990288,-12.418187707398749,2.833079340067157,0.15364562501557108,0.9881260151992632
1769099984.3653831,0.10180532690294317,-12.416254330110398,2.8302524842404737,0.15504211596738654,0.9879078612281388
1769099984.415373,0.09570749649017904,-12.414299450089029,2.830311586917783,0.1550129218999264,0.9879124424988519
1769099984.4653633,0.08648025860931793,-12.41132757465649,2.8267508398676005,0.15677152845399717,0.9876348960350669
1769099984.5153537,0.08049555579646346,-12.409351130139896,2.8214329691992024,0.15939702849991352,0.9872145599135974
1769099984.5653605,0.07432125200151114,-12.407303937004881,2.817069149817053,0.16155066038329782,0.9868644203383362
1769099984.6153574,0.06535757808202526,-12.40434126114452,2.8205351918367083,0.1598401618676046,0.9871429089316996
1769099984.665361,0.059276539240668266,-12.402334654984662,2.8174578856889587,0.16135884253245644,0.9868958019652256
1769099984.7153685,0.05328549408145219,-12.400297798368353,2.811231441782554,0.1644304812890951,0.9863886743181091
1769099984.7653491,0.04428329567394149,-12.39721068790109,2.8058593126770974,0.16707938857849147,0.9859434455952519
1769099984.815377,0.03820439817719448,-12.395118816889031,2.8015944572788376,0.16918146022270403,0.9855849194853347
1769099984.865351,0.032268362887899714,-12.39300096003632,2.789046734054007,0.1753615134567528,0.984504108471954
1769099984.915373,0.023091039067611112,-12.389650905765818,2.7862119500635134,0.17675676508153582,0.984254563615486
1769099984.9653723,0.017063874794242248,-12.387413888873615,2.7765243524991483,0.1815222039314854,0.983386846302032
1769099985.0153518,0.010862923161091642,-12.385064312304378,2.7736608900203983,0.18292996307170548,0.9831259474810867
1769099985.0653841,0.0020328268047701513,-12.381652593047585,2.7680874680108714,0.18566893712818902,0.9826123578429535
1769099985.1153562,-0.004030054415239308,-12.379296296165249,2.766032630105829,0.1866783935149053,0.9824210794739159
1769099985.1653745,-0.010055969629188102,-12.37691439211109,2.764333207524224,0.1875131003062421,0.9822621020957396
1769099985.2153506,-0.01887493903768136,-12.373404884456054,2.758054500013792,0.19059583943900268,0.9816685927483582
1769099985.2654011,-0.02467614353348327,-12.371074811852775,2.7571945983465116,0.1910178910392537,0.9815865551763205
1769099985.315392,-0.030577784410782745,-12.368654693877728,2.750939168077868,0.1940870748326598,0.9809843053703262
1769099985.365366,-0.039306513327991253,-12.365057474187841,2.746495800491307,0.1962660309775084,0.9805506846075503
1769099985.4153674,-0.04511904214221942,-12.36262116331939,2.739480281568384,0.19970435240100423,0.9798561994660724
1769099985.4653697,-0.053950052904084805,-12.358875156565524,2.7345677551153305,0.20211053230017775,0.9793627176553837
1769099985.5153441,-0.05980811921760032,-12.35635218092014,2.7277870782294356,0.20542973544248647,0.9786718672752528
1769099985.5653667,-0.06601885704920935,-12.35362465349837,2.7209198851110683,0.20878888223114472,0.9779607367663945
1769099985.6153572,-0.07476892733351616,-12.349756188953206,2.7167817102777807,0.21081192011650512,0.9775266412414509
1769099985.6653683,-0.08066525711490527,-12.347131981659361,2.7135453592574663,0.21239345309296134,0.9771842308813871
1769099985.7154095,-0.08658557616271893,-12.344437146594354,2.7053437765287467,0.21639888466343687,0.9763050356914178
1769099985.7653842,-0.09533614305644747,-12.340385297137995,2.699383460811287,0.21930746252588074,0.9756557983635722
1769099985.8153882,-0.10115864099355211,-12.337660229897972,2.696838850582842,0.22054861654987307,0.9753759827563611
1769099985.8654065,-0.10688162478014743,-12.334961314412766,2.689976024867563,0.22389422923608382,0.974613448560392
1769099985.9154031,-0.11264049417704293,-12.332220314978825,2.6904553007205303,0.22366066846367044,0.9746670741244848
1769099985.965403,-0.1212826761935711,-12.328057281019815,2.6869457435438258,0.22537064814513097,0.9742730987534468
1769099986.0153983,-0.126983099632592,-12.325310943619957,2.6861393581926016,0.22576344959333677,0.9741821517702512
1769099986.0654073,-0.13266782923713843,-12.322531929388688,2.68424758138271,0.22668481606177257,0.9739681689701365
1769099986.115389,-0.14133912894968903,-12.318254912045944,2.6777823135227146,0.22983210870965382,0.9732302922772563
1769099986.16541,-0.14706596164354216,-12.315389675276936,2.6746202232158933,0.23137054184931818,0.9728657010936057
1769099986.2153797,-0.1554619571187098,-12.311127738272306,2.662094501901896,0.23745888678488486,0.9713975896031878
1769099986.2653928,-0.16120128819497417,-12.308175859984665,2.6603037244161194,0.2383285699473825,0.971184582222574
1769099986.3153615,-0.16697184317923777,-12.305173775801169,2.6536665127900063,0.24155023045935498,0.9703883172034958
1769099986.3653946,-0.1754187951220632,-12.300680820746262,2.6462844477919023,0.24513031173750516,0.9694901393348329
1769099986.4154735,-0.18103953438342496,-12.297666283782043,2.6418121065857916,0.24729764239847407,0.968939562647824
1769099986.465417,-0.18675587737561267,-12.294562345098509,2.638181370475047,0.24905621586980997,0.9684890300548636
1769099986.515374,-0.19511602053485644,-12.289962392809334,2.6308685396398763,0.2525957413395127,0.9675719050577802
1769099986.5654068,-0.20036638942280724,-12.28706176710865,2.6300611100543327,0.25298634383530566,0.9674698495730213
1769099986.6153958,-0.20584492956543926,-12.283998126380707,2.6238602866571767,0.25598467794807517,0.9666808390859003
1769099986.6654058,-0.21418937765785112,-12.279266514527025,2.6188559869737533,0.25840265440457405,0.9660373016590355
1769099986.7153919,-0.21943592679675966,-12.276255521249357,2.6116371490182066,0.26188779698256615,0.9650983275250342
1769099986.765409,-0.2249448839443263,-12.273041103857398,2.6099932688368566,0.2626809614362882,0.9648827454664671
1769099986.8153906,-0.23330108088750107,-12.268127096168755,2.607918842841381,0.26368160888424047,0.9646097703922651
1769099986.8654137,-0.23893359595375468,-12.264772759083554,2.600649072975794,0.2671861047536829,0.9636449478031595
1769099986.9154475,-0.2445300311469499,-12.261407760761132,2.598631881245487,0.2681578969991208,0.963374974906972
1769099986.9654157,-0.25278357403535856,-12.25637074163385,2.5895531064366013,0.27252825137599834,0.9621477808538254
1769099987.0154011,-0.2583273741526492,-12.2529680920305,2.5864539318863873,0.2740188555371289,0.9617243195480304
1769099987.0654128,-0.26622970472007995,-12.247988411238321,2.5791665929796914,0.2775212343290189,0.9607195035474703
1769099987.1153998,-0.27183962980290943,-12.244452282746867,2.5741129494409223,0.27994791273935177,0.9600151905844408
1769099987.1654112,-0.2770092410313266,-12.241167173090304,2.571132867563053,0.28137806337279814,0.9595969911648189
1769099987.2153592,-0.28249641735624215,-12.23767412276515,2.56983555278786,0.2820004538107734,0.95941427133982
1769099987.2654104,-0.2902180461632747,-12.232694860486983,2.5645122432408924,0.2845530814683937,0.9586602859338869
1769099987.3153465,-0.2955736050979767,-12.229230917984646,2.5661050115267674,0.28378952946319463,0.9588865954673986
1769099987.3654275,-0.3009310330830524,-12.22572282214693,2.5580391295691363,0.28765434416489855,0.9577342941980631
1769099987.415389,-0.30897416502991665,-12.220402681249675,2.550691674213592,0.29117085010622046,0.9566710699338727
1769099987.4653988,-0.3143952943526177,-12.216761977193983,2.5444551207111177,0.2941525948070803,0.9557584689492746
1769099987.515401,-0.3196947003787314,-12.213167331362774,2.53573069749607,0.29831900357746277,0.9544662236583072
1769099987.5654252,-0.32770633138437244,-12.207620197672197,2.5304955804657463,0.30081634993312084,0.9536820872874325
1769099987.6153948,-0.33302777531983885,-12.203878937634638,2.521329377928495,0.3051839969251685,0.9522934043774423
1769099987.6654198,-0.34065874405116414,-12.19845062374998,2.518274354267399,0.3066382797591448,0.9518261214036692
1769099987.7154353,-0.34563177104946563,-12.194874735002522,2.5158607973966807,0.30778669943705644,0.9514553839511567
1769099987.7654262,-0.350945871093888,-12.191036200630256,2.5123925704874517,0.3094361674127103,0.9509202165780961
1769099987.8154294,-0.35865399486435223,-12.185411340399424,2.511200333929026,0.3100029733221597,0.9507355870753026
1769099987.8655128,-0.3638726135938801,-12.18157030453382,2.504165148115538,0.31334534927999175,0.9496392431258304
1769099987.9154131,-0.36892335121284525,-12.177843345990096,2.5045706602363067,0.31315279772877164,0.9497027562741107
1769099987.965426,-0.37645347735654716,-12.172189863244514,2.4983476837910517,0.3161062660307673,0.9487237894013651
1769099988.0154052,-0.3815202694995636,-12.168356909815394,2.491154121151085,0.31951656597157313,0.9475806900046736
1769099988.0654054,-0.3865760892613993,-12.16450995377379,2.485034947885056,0.32241427115377713,0.9465986677343142
1769099988.1153471,-0.39421630576177774,-12.158625976585917,2.4813611107842757,0.32415255087222594,0.9460048222726082
1769099988.1654081,-0.3993429383174432,-12.154621827363679,2.46951357815616,0.32975074219377487,0.9440680314588852
1769099988.2153497,-0.404546072073279,-12.150510967674283,2.465503020990967,0.33164319734193387,0.9434048916858653
1769099988.265404,-0.41223481975550996,-12.144320054240747,2.4572391768078203,0.33553843073169365,0.9420265184707448
1769099988.3154109,-0.41732519395079065,-12.140149048336719,2.449572534463748,0.3391470468290487,0.9407333738244514
1769099988.365399,-0.4223921206888813,-12.135949893783094,2.442390904080799,0.34252285278879685,0.9395094971938411
1769099988.4154358,-0.42973720851718133,-12.129819826697432,2.4373215233006533,0.3449031156377539,0.938638290729379
1769099988.4654207,-0.43453093584819114,-12.125807470507748,2.4377882887183544,0.344684044299818,0.9387187595894316
1769099988.5154052,-0.43938616583842927,-12.121710496828907,2.4330958287630984,0.3468855436663711,0.9379074685678146
1769099988.5654101,-0.4440948233948325,-12.11771471483254,2.433489772712852,0.3467007954520046,0.9379757771035173
1769099988.6153994,-0.45132062029951625,-12.1115213058893,2.4274674432492183,0.34952361897666306,0.936927553110408
1769099988.6654058,-0.4561980455655345,-12.107333297981974,2.4266394853146798,0.3499114573159959,0.9367827774030626
1769099988.7154148,-0.4610409842264226,-12.103143877484516,2.4207919803532105,0.35264887880515167,0.9357557204086275
1769099988.765405,-0.46850281417405015,-12.09660465770717,2.4160937483879854,0.3548461024832487,0.9349247261424033
1769099988.815361,-0.4731999058687392,-12.092440697050627,2.4105025737285386,0.3574583761824869,0.9339290708062254
1769099988.8654077,-0.4781743166560566,-12.087979234833226,2.4048570475855433,0.36009320906232756,0.9329163310754051
1769099988.9153893,-0.48516522785060867,-12.081634322894292,2.3966336218438666,0.363926038443367,0.9314278493490072
1769099988.9654226,-0.48992395844264164,-12.077274402273689,2.392971694841017,0.36563083786922773,0.9307599531560469
1769099989.0153766,-0.4947056207072485,-12.072827022616533,2.385656974106844,0.3690325094556933,0.9294164873536694
1769099989.0654094,-0.5018195311673193,-12.066130590746715,2.3764822615865167,0.3732921761203803,0.9277138304710731
1769099989.115356,-0.5062441608076267,-12.061932194166612,2.3743306232916,0.3742900122083359,0.9273116988160366
1769099989.1654105,-0.5108994468550194,-12.057498808292696,2.3710970193570704,0.37578880172801643,0.9267053342329596
1769099989.2153544,-0.5178047027897201,-12.05084046202877,2.3704291502863275,0.37609823968494666,0.92657979370688
1769099989.2654126,-0.5223440463410576,-12.046432111697074,2.3642889883522797,0.37894113776909366,0.9254207767854927
1769099989.3153775,-0.5287856769501393,-12.040131878619688,2.3613349679853397,0.38030757984225594,0.9248600676397085
1769099989.3654168,-0.533322679262107,-12.035648831984425,2.357907789681125,0.38189185088063926,0.9242070191417936
1769099989.4153953,-0.537882352181946,-12.031116779177024,2.353866344132583,0.3837586360882297,0.9234334351904862
1769099989.4654338,-0.5446696216637203,-12.024266140178373,2.3506477605551996,0.38524421235864115,0.9228146600722
1769099989.5153813,-0.5492932768845692,-12.01954744642072,2.3416826344968547,0.38937690296269606,0.9210785131785342
1769099989.5654306,-0.5539004024527218,-12.014813103138842,2.3397183487688626,0.3902813457087974,0.9206956452551137
1769099989.615371,-0.5607851716887788,-12.007668491818729,2.335365551986001,0.3922842203238213,0.9198440576994188
1769099989.6654356,-0.5653728329855029,-12.002880039792489,2.332511291883382,0.39359655749287,0.9192832805668566
1769099989.7154024,-0.5695722238892328,-11.998490896257874,2.3336718876274936,0.393063033120324,0.9195115290164942
1769099989.765435,-0.5761224204007586,-11.991621772982164,2.3344369946186196,0.39271124201743585,0.9196618293661659
1769099989.815475,-0.5804808544143316,-11.987069432227294,2.335608551312886,0.39217245668518325,0.9198917133105984
1769099989.8654442,-0.5848662601280286,-11.982472763743745,2.3348938942420774,0.39250113519982477,0.9197515201764273
1769099989.9154377,-0.5913586996558444,-11.975688552265023,2.3362707884926306,0.39186784194500274,0.920021518470827
1769099989.9654543,-0.595768559736512,-11.971080297891438,2.3351536707426073,0.39238166697359145,0.9198024937034176
1769099990.015375,-0.6002120321656907,-11.966434153022595,2.3351709817669635,0.39237370559720763,0.9198058899332597
1769099990.0654266,-0.6068830500789105,-11.95947051844692,2.333749162127992,0.3930275054298896,0.9195267152049243
1769099990.1153631,-0.6114893063669627,-11.954664883758959,2.335059491394667,0.39242497973808,0.9197840155588526
1769099990.1654208,-0.6155542331258277,-11.95042723293795,2.335453677454722,0.3922436890986522,0.9198613419218572
1769099990.2153807,-0.6222804737053061,-11.943411354148399,2.3323114152655067,0.3936884271436562,0.9192439406018155
1769099990.265425,-0.6265059995957978,-11.938977071405066,2.3292798775948405,0.3950813356669828,0.9186461441749989
1769099990.3154156,-0.6310234760412701,-11.934226677593276,2.328233444403878,0.39556193247519583,0.9184393053307816
1769099990.3654232,-0.637844521475198,-11.926986558736607,2.3269180840600168,0.3961658862030775,0.9181789534774418
1769099990.4153686,-0.6421591868659741,-11.922392650155405,2.328734411745544,0.3953318660197779,0.9185383583222425
1769099990.465416,-0.6467699774064648,-11.917521417035314,2.331024610776809,0.39427978923044016,0.9189904503336255
1769099990.5154116,-0.6532241257454963,-11.910665871817468,2.3267336742204936,0.3962505451356386,0.9181424211306812
1769099990.5654209,-0.6576224831487846,-11.906011790737242,2.3310589890772464,0.3942639925072922,0.9189972275323848
1769099990.6154423,-0.6618507802483138,-11.901510356445481,2.325433284372608,0.39684743287711494,0.9178845869818513
1769099990.6658416,-0.6683589477595325,-11.894566697145835,2.320726430108071,0.39900650638143403,0.9169480944226247
1769099990.7154002,-0.6727945474689292,-11.889808720017102,2.319452628462465,0.39959043041072945,0.9166937808909625
1769099990.7654684,-0.6769974517450865,-11.885283652078588,2.3148879842754497,0.4016815783318172,0.9157794000898143
1769099990.8175902,-0.6835669620471797,-11.87815521803625,2.3141203266366395,0.4020330512603773,0.9156251556692131
1769099990.8654592,-0.6877828827008777,-11.873573266672027,2.3131625147560277,0.402471503466439,0.9154325146604004
1769099990.9153934,-0.6923068393468457,-11.86865566033922,2.313503290233633,0.40231551914872177,0.9155010775810668
1769099990.965442,-0.6990626690069898,-11.861285885455297,2.312611781515799,0.4027235677617,0.9153216527370515
1769099991.0153847,-0.7031108010173637,-11.856859099656258,2.310465962366158,0.40370539314398274,0.9148890400187677
1769099991.0654352,-0.707529474174679,-11.852016632758946,2.3085484678457773,0.40458235482786115,0.9145015681571808
1769099991.116456,-0.7139489657910388,-11.844956727514903,2.3057819642445296,0.4058469533043341,0.9139410541679314
1769099991.16543,-0.7182677271446893,-11.84019449521439,2.3050089901987323,0.4062001493415411,0.9137841313324004
1769099991.21537,-0.722511213780295,-11.835500663232313,2.302815079244867,0.4072022852555169,0.9133379981598733
1769099991.2654285,-0.7288559903518588,-11.828475586878426,2.3045447211993846,0.4064122592174357,0.9136898136445322
1769099991.315372,-0.7331714204665666,-11.82371030723767,2.3062115920208734,0.40565061671053315,0.914028214642395
1769099991.365428,-0.7374068566234312,-11.819043307285774,2.3076424384164813,0.4049965959659686,0.9143181925653552
1769099991.4153748,-0.7439040804508226,-11.811883034719767,2.309516687451421,0.4041395882618881,0.9146973232712073
1769099991.465462,-0.7478125133835823,-11.807568698385609,2.307135733231884,0.4052282278498961,0.914215556285077
1769099991.5204587,-0.7522296394883471,-11.802690618121478,2.308183623558121,0.4047491734317203,0.9144277481607496
1769099991.5654447,-0.7584328041818119,-11.795810359847872,2.3038707250688746,0.4067201478333972,0.9135528016192493
1769099991.6164439,-0.7627263629030688,-11.791025309672527,2.301555454411295,0.4077774360682757,0.9130813559774306
1769099991.6654313,-0.769397217808568,-11.783544486929182,2.3007061516317555,0.4081651405564029,0.9129081104002592
1769099991.716473,-0.7736615335402434,-11.7787332146474,2.2948552034977716,0.41083407913073594,0.9117101290568183
1769099991.7654474,-0.7780770274653779,-11.773751777089371,2.2969686898358543,0.4098704064685782,0.9121437660266514
1769099991.8215048,-0.7844322967189424,-11.76656619097185,2.296312814062953,0.4101695109225876,0.9120093049467891
1769099991.8654344,-0.7886654331318762,-11.761795117563377,2.2969217546900955,0.40989181215601866,0.9121341471118463
1769099991.9176097,-0.792819898328398,-11.757089548397039,2.294140803711866,0.41115971567479165,0.911563321007501
1769099991.965445,-0.7990877103465664,-11.749995657190965,2.2909326899729843,0.41262138549820454,0.9109026249987109
1769099992.0154366,-0.8033593882085107,-11.745157343605605,2.292413528494897,0.4119468226076408,0.9112078881042838
1769099992.0654292,-0.807436688041327,-11.740518776463308,2.2873952951121685,0.41423185039075505,0.9101713982112661
1769099992.115436,-0.8117515466207044,-11.735583634211073,2.287012855226448,0.4144058857392458,0.9100921721807474
1769099992.1654358,-0.818053287789994,-11.728351162063133,2.2853266154506344,0.41517305516809117,0.9097424549081972
1769099992.215434,-0.8223068259938742,-11.72346327058118,2.284746723285219,0.415436813973933,0.9096220388684455
1769099992.2654238,-0.8265520400434245,-11.718568125427701,2.282040788541042,0.41666712230519987,0.909059134044592
1769099992.3154519,-0.8329254749829188,-11.711196824631614,2.2819675780672917,0.41670039835097256,0.9090438812368415
1769099992.3654346,-0.8372467810220673,-11.706200178019781,2.281669651434731,0.4168358079183597,0.9089817980779639
1769099992.415463,-0.8414403789610791,-11.701327322469128,2.277189181900033,0.4188710928655736,0.9080457078592465
1769099992.4654515,-0.8477521973604005,-11.693936413090086,2.27653020973062,0.4191702585486284,0.9079076463761476
1769099992.5154524,-0.8519013055660922,-11.689058781275254,2.2744138942370267,0.42013073320674343,0.9074635899115535
1769099992.5654354,-0.8560640212053531,-11.684159541147215,2.2760146737166975,0.4194042741648014,0.9077995675325562
1769099992.6154282,-0.8624119220933858,-11.67669959107315,2.2768042221246456,0.4190458656410896,0.9079650667779625
1769099992.6654525,-0.8664377961855514,-11.671983005332995,2.278418075278727,0.4183130681504268,0.9083029103853936
1769099992.7154386,-0.8706334691404142,-11.667078583757116,2.2801855878992794,0.4175101864697055,0.9086722424472048
1769099992.765445,-0.876652305140017,-11.66006989672377,2.2815718782872803,0.41688024442593147,0.9089614193173303
1769099992.8154612,-0.8805978026030958,-11.655484430874678,2.2819405979034326,0.41671266138949153,0.9090382598316129
1769099992.86543,-0.884716773563109,-11.650647587957087,2.276658798367394,0.4191118843790122,0.9079345947656546
1769099992.9154382,-0.8909887554634404,-11.64328921453913,2.272773842306843,0.42087473557255756,0.907118766731639
1769099992.965454,-0.8952445817091372,-11.638269821758284,2.270687646513501,0.42182072011154226,0.9066792597631094
1769099993.0154486,-0.899435989740995,-11.63332857638685,2.2696914875742973,0.4222722660943647,0.9064690470653315
1769099993.0654426,-0.9058494842827427,-11.625725213377018,2.2725870671033013,0.4209594473833051,0.907079458293893
1769099993.1154375,-0.9100309767243866,-11.62074235262592,2.2683524061212665,0.4228790893442428,0.906186115428494
1769099993.1654477,-0.9142024979948348,-11.615784283568765,2.271678548920894,0.42137145302673945,0.9068881400559466
1769099993.2154548,-0.9203718890484962,-11.608438532597546,2.271780426769482,0.4213252565737682,0.9069096030878978
1769099993.2654517,-0.92445659760401,-11.603572748801216,2.2690530318558633,0.4225616147466625,0.9063341998085989
1769099993.3154595,-0.9285463129651795,-11.598678123596308,2.2674617192056132,0.42328261145400997,0.905997699136523
1769099993.3654613,-0.9345288935595685,-11.59150607101531,2.262152209537719,0.42568631881166874,0.9048707962889345
1769099993.4154565,-0.9386766822876869,-11.586528172630816,2.2651161927306727,0.4243448409193959,0.9055006659219488
1769099993.46544,-0.9427061451059396,-11.581682217656297,2.262033541127878,0.4257400078515664,0.9048455369368565
1769099993.5154476,-0.9488786018934826,-11.574240192508933,2.2620546566246733,0.425730454696321,0.9048500317423124
1769099993.5654705,-0.9530579261340331,-11.569189707237365,2.2608380906018968,0.42628078080265974,0.9045908997542893
1769099993.6154475,-0.9570914704418902,-11.564314279399957,2.2611094468842614,0.42615804366761995,0.904648728411966
1769099993.6654446,-0.9633274419205528,-11.55676051525351,2.2593965655664485,0.4269326652344941,0.904283417605217
1769099993.7154672,-0.9671846174265861,-11.552067686987552,2.25638208770821,0.42829515094226084,0.9036389011542973
1769099993.765445,-0.9714684950883193,-11.546841017300748,2.255731816577724,0.42858893344377513,0.9034995994075079
1769099993.8154693,-0.9773777368162998,-11.539575723803978,2.2524933566842193,0.43005134455297417,0.9028044312298091
1769099993.8655536,-0.9814781801511377,-11.534526041020849,2.253743873760732,0.4294867743468477,0.9030731480124631
1769099993.9154596,-0.9855801049959741,-11.529477540214842,2.2543869153604135,0.42919639535175497,0.9032111902634179
1769099993.965454,-0.9916692476640978,-11.52199977351168,2.254642808015554,0.42908082928422675,0.9032660969729575
1769099994.015458,-0.9955215430808393,-11.517302929364549,2.2578300701264227,0.4276408121304835,0.9039487462242428
1769099994.065445,-1.0011562228334985,-11.5104343963646,2.2603302819409294,0.426510446606347,0.9044826360608889
1769099994.1154685,-1.0051845820291887,-11.505521912808955,2.259112658422847,0.4270610271935914,0.9042228038776475
1769099994.165451,-1.0091562868836335,-11.500661145960601,2.2542499540019088,0.4292582468611437,0.9031817964849034
1769099994.215454,-1.0151978830133122,-11.493242587156185,2.250152533920288,0.43110770233809326,0.902300475997198
1769099994.265453,-1.019409663647436,-11.488087750447532,2.250823991536951,0.43080474978432004,0.9024451604187754
1769099994.3154588,-1.0234745427152834,-11.483107021229163,2.248898798033158,0.431673240840139,0.9020300511305437
1769099994.3654554,-1.029654799872685,-11.47547505575196,2.2511273841243433,0.4306678472419565,0.9025105015189456
1769099994.4154615,-1.0337421821508292,-11.470414776976314,2.2483168691968802,0.43193568121261533,0.901904411395905
1769099994.4654384,-1.0376102722788787,-11.465632906066816,2.2497657515391465,0.4312821912385643,0.9022170866928105
1769099994.515442,-1.0436976903152497,-11.458056039923044,2.247462160015409,0.43232107474887155,0.9017197393469772
1769099994.5654454,-1.0476584889975669,-11.453121310818942,2.2454208944004894,0.43324117416566316,0.901278028694563
1769099994.6154573,-1.0517502507764924,-11.447999614218483,2.2447546452336224,0.4335413879891598,0.9011336554032553
1769099994.6654599,-1.057632912930753,-11.44061549604047,2.2400371429072536,0.43566573002795855,0.9001085332776297
1769099994.7154534,-1.0614988295247503,-11.43576700202717,2.245542509576446,0.4331863688217061,0.9013043713790946
1769099994.7654505,-1.0654016353701679,-11.430850707947451,2.2391634267912797,0.4360589081089721,0.8999181233083435
1769099994.815463,-1.071360838114408,-11.423333531038546,2.2407127381361787,0.4353616506621383,0.900255648764693
1769099994.8654487,-1.0752704039720016,-11.418390337166851,2.2388375232591984,0.43620554556641145,0.8998470547915959
1769099994.9154537,-1.0792046341294401,-11.413402124919033,2.2371334210721203,0.4369721028000381,0.8994750587840181
1769099994.9654768,-1.0851340162622247,-11.40586135018387,2.235483149764897,0.4377141429003879,0.8991141913600179
1769099995.0154586,-1.0890696752813833,-11.40084207222392,2.23363603245303,0.4385443407999996,0.8987095532775279
1769099995.065454,-1.0929642682042335,-11.395854935268918,2.231972274514103,0.43929180654950617,0.898344426541664
1769099995.115454,-1.0989405545349993,-11.388125909839053,2.2260880627343647,0.44193292591424294,0.8970480973687399
1769099995.1654634,-1.1027927836038967,-11.383137993499917,2.2275210559405156,0.441290080617706,0.8973645105242454
1769099995.2154613,-1.1068372161646658,-11.377882683914532,2.22588741359804,0.4420229196530497,0.8970037561244621
1769099995.265449,-1.11273542483513,-11.37022147781182,2.2269113971135575,0.44156360320833843,0.8972299506378891
1769099995.3154695,-1.116693877181705,-11.365091670196529,2.2274329478560912,0.4413296127235008,0.8973450690416284
1769099995.365449,-1.1221690447630426,-11.35799915554414,2.228839017126496,0.44069863904692996,0.8976551172595095
1769099995.4154768,-1.126069388819725,-11.352952380552594,2.2291391647547596,0.44056391955747326,0.8977212444763443
1769099995.465459,-1.1298645241530794,-11.348048216908735,2.2308476017538643,0.4397969088188936,0.8980972547521486
1769099995.5154681,-1.1356754065254095,-11.34054340144614,2.228062293928014,0.4410472205809459,0.8974838991412729
1769099995.5654454,-1.1396947861198805,-11.335332715501407,2.2277956858633456,0.4411668548846052,0.8974250977943651
1769099995.615457,-1.1435596508574417,-11.330322501337212,2.2256801280313354,0.44211588524477863,0.8969579388211165
1769099995.6654534,-1.149525130843154,-11.322553350261492,2.2265640234058357,0.44171943359451915,0.8971532433118309
1769099995.7154796,-1.153218164392626,-11.31773026565693,2.2232858564975264,0.4431893486126463,0.8964280234777906
1769099995.7654598,-1.1571401315705672,-11.312604343083999,2.223437629890747,0.44312132037514373,0.8964616530722267
1769099995.815433,-1.1630706721138675,-11.304808416150388,2.2195737679468324,0.444852394387254,0.8956039008445235
1769099995.865454,-1.1669685592601535,-11.299664138146822,2.2159768933529223,0.44646236156765146,0.8948024137782796
1769099995.915444,-1.1708931671381295,-11.294444887451654,2.2126789925517705,0.44793723872384067,0.8940650033216047
1769099995.965477,-1.1766390909776863,-11.286763421285917,2.2087486800169,0.44969335010724665,0.8931830108490204
1769099996.0154405,-1.1803860332900573,-11.281759081827165,2.212219650518735,0.4481425677261108,0.8939621015411382
1769099996.065469,-1.1841863258072696,-11.27663645026595,2.2038463625149634,0.45188133034974337,0.8920780589619645
1769099996.1154516,-1.1896514285860789,-11.269219441129135,2.2028876567161744,0.4523088986209518,0.8918613458538841
1769099996.16548,-1.1934277209198503,-11.264047749280493,2.1973955820227244,0.45475627474023256,0.8906159276502897
1769099996.21546,-1.1969052333217736,-11.259222090839753,2.1869510281243376,0.45940109554652697,0.888228930744012
1769099996.2654781,-1.2024158430107823,-11.251463185060016,2.181034917186569,0.46202651226153163,0.886866112763051
1769099996.3154695,-1.2061042854714228,-11.246228790442384,2.1729491508511383,0.46560822268899243,0.8849909507810787
1769099996.3654788,-1.2114072520657386,-11.238540854768146,2.1688578574064468,0.4674176260559636,0.884036629813611
1769099996.4154518,-1.2149339589739476,-11.23334806721062,2.1590579151559934,0.471743751410442,0.8817356933941163
1769099996.465465,-1.2185870904131209,-11.227935835158863,2.1585376466406516,0.47197310510650803,0.8816129468514633
1769099996.515455,-1.224072548170037,-11.219668088257421,2.1552182511305378,0.47343566541585214,0.8808284002643474
1769099996.5654619,-1.2276939992759677,-11.214173256532517,2.1504015116029453,0.47555565083066453,0.8796856387159125
1769099996.6154466,-1.2310559540765136,-11.20902283078917,2.1482395982177276,0.4765062748884399,0.8791710698106158
1769099996.6654544,-1.2362911846548141,-11.200923871955295,2.1391688404075,0.48048873436457457,0.8770008986020079
1769099996.715458,-1.2396728355457132,-11.195665883420496,2.1390923790531517,0.48052226235166484,0.8769825285514175
1769099996.765469,-1.2430714260820177,-11.190328288462913,2.1316998178919517,0.48376054589855627,0.8752003966132161
1769099996.8154674,-1.2481412177401456,-11.182274370487455,2.1276917743431047,0.4855134939605351,0.8742291731475411
1769099996.865462,-1.2514238581621633,-11.177013429652764,2.123600942597979,0.4873006393133032,0.8732342680660476
1769099996.9154525,-1.2548609577350274,-11.1714611141424,2.1190771567132143,0.4892745535036702,0.8721298133269979
1769099996.9654868,-1.259770390421669,-11.16333737770357,2.1159864651407236,0.49062171088273326,0.8713726738947577
1769099997.015471,-1.2631436780654037,-11.157775547289297,2.114443862215261,0.4912936558971745,0.8709939974966467
1769099997.0654702,-1.266427225982438,-11.152247813313563,2.104052852232542,0.4958122584033172,0.8684297348761166
1769099997.1154609,-1.271378613147996,-11.143795736971539,2.0944804579216085,0.49996303951668375,0.8660467418778498
1769099997.1654754,-1.274626245342589,-11.138130083905907,2.084850846224833,0.504127075174099,0.8636294877297835
1769099997.2154279,-1.2776834866168747,-11.132764458650731,2.0799956530011854,0.5062221316666594,0.8624031269718723
1769099997.2654655,-1.2824095916398033,-11.124300577141902,2.0770330627839595,0.5074990493480076,0.8616523167211173
1769099997.3154316,-1.2855593112830148,-11.118609086820882,2.0695134796619867,0.5107350878170093,0.8597381404082012
1769099997.365483,-1.2886527359721784,-11.113002644523167,2.0718865806050326,0.5097146058280546,0.8603435480118108
1769099997.415435,-1.2931938945326245,-11.104696753693258,2.070205688849143,0.5104374979132137,0.8599148566713439
1769099997.4654717,-1.2961384335022423,-11.099325841247088,2.0700328299488984,0.5105118179748386,0.8598707366273289
1769099997.5154483,-1.2991441383630313,-11.09378629924305,2.064795375661608,0.5127618317636253,0.8585308986206679
1769099997.5654826,-1.3036430897917548,-11.085457611131321,2.0603165979018834,0.5146831289895814,0.8573804737300086
1769099997.6154354,-1.306572476555231,-11.079963346557212,2.056613717544403,0.5162696346171569,0.8564260997729268
1769099997.6654756,-1.3096419348048591,-11.074170961043531,2.052719950650067,0.5179360169388852,0.8554193605229442
1769099997.7154598,-1.3139093452339636,-11.066005751988415,2.0518671482168704,0.5183007216988168,0.8551984342165774
1769099997.7654884,-1.3167509883294495,-11.060493751895185,2.0455897556004525,0.5209823724643422,0.8535674358721902
1769099997.8154802,-1.3211573201644047,-11.051801685539393,2.037772498563192,0.5243146623748796,0.8515245943710117
1769099997.865509,-1.32394132493968,-11.046232059752718,2.0295976530197333,0.5277908138380605,0.8493743914365194
1769099997.915457,-1.3268623925987029,-11.040306806967696,2.0249404027572857,0.5297672556333971,0.8481430627309634
1769099997.9654815,-1.3311612579631056,-11.031477021895242,2.01910159616093,0.5322410661916324,0.8465928463312187
1769099998.0154371,-1.3337899679569811,-11.025972393815035,2.0137541041185285,0.5345027352763917,0.8451667444842204
1769099998.0654733,-1.3377279755531197,-11.017671346724965,2.009014986259573,0.5365039052437571,0.8438978372162105
1769099998.1154618,-1.3404026960858173,-11.012020901600842,2.0057537875921208,0.5378792506423955,0.8430218927930491
1769099998.1654716,-1.3430484308342483,-11.006356722243767,2.00287555638646,0.5390918991947575,0.8422469496665389
1769099998.2154617,-1.3470144721317319,-10.997761429071305,1.99752421765468,0.5413435411335501,0.8408015047994314
1769099998.2654836,-1.3495301836467044,-10.992288135917821,1.998426698494794,0.5409640824085943,0.841045695276914
1769099998.3154573,-1.3522377972274255,-10.986317864200505,1.990577486418253,0.5442606808462707,0.8389161527141755
1769099998.3654847,-1.3560781081137017,-10.977748908082118,1.9888444981446625,0.5449873923641609,0.8384442391501727
1769099998.415438,-1.3587448426833317,-10.971704837335496,1.9812252022648527,0.5481776071961898,0.8363619497374686
1769099998.4654872,-1.3613491097560726,-10.965771884026736,1.9789120391635922,0.5491445611379321,0.8357273783792344
1769099998.5154727,-1.3650795827253963,-10.957071454132025,1.9695078115443612,0.5530681611566727,0.8331360087733436
1769099998.5654871,-1.3676411429653397,-10.951009765516686,1.965832526403039,0.5545982326558317,0.832118261027258
1769099998.6154702,-1.3711115537484386,-10.942611727215052,1.9549568572390608,0.5591149320845018,0.8290901595846756
1769099998.6654916,-1.3735259513378286,-10.936708368975703,1.9558914304465118,0.5587274483304826,0.8293513359741503
1769099998.7154536,-1.3757836021754335,-10.931096011569668,1.949010988086752,0.5615772884337338,0.8274242860319094
1769099998.7655056,-1.379358750267548,-10.9221399951838,1.9457083021352326,0.5629428834036284,0.8264958015774846
1769099998.8155131,-1.3817224724332278,-10.916161480193626,1.9428885778402474,0.5641075686794401,0.8257013085605295
1769099998.8654828,-1.3840807678531708,-10.910153634695858,1.9385804628995866,0.5658848666571783,0.8244842737665695
1769099998.9154847,-1.3874617400544278,-10.90142040141258,1.9379802454155364,0.5661322761084008,0.8243144096449615
1769099998.965512,-1.3897708212228626,-10.895393301128538,1.9323995809635477,0.5684301802467455,0.8227315055257409
1769099999.0154903,-1.3920426924260443,-10.88943345444748,1.9330253879098493,0.5681727168783001,0.8229093290242437
1769099999.0654912,-1.3954414403907514,-10.880435860544491,1.930225030759628,0.569324379562344,0.8221129793622967
1769099999.1154811,-1.397753501491912,-10.874301685065332,1.9296157578655715,0.5695747987179502,0.8219395042613578
1769099999.165488,-1.4000637780649934,-10.868112684877516,1.928381553834752,0.570081910759101,0.8215878620240518
1769099999.2154818,-1.4034023873820438,-10.859173669106736,1.9245045234421372,0.5716734991789416,0.8204812065711833
1769099999.2655373,-1.405547804749236,-10.853436577742254,1.9277770215149126,0.5703302229206916,0.8214155080245529
1769099999.3155413,-1.4078173302669161,-10.847367513219005,1.927989967784831,0.5702427610038309,0.8214762282152344
1769099999.3654957,-1.4111755179989374,-10.838435837728563,1.9311368840486858,0.5689494971907517,0.8223724640613831
1769099999.415514,-1.4132636199448487,-10.832893436530412,1.9311289431774046,0.5689527623632084,0.8223702050775397
1769099999.465491,-1.4155453797919477,-10.826910081709764,1.9329072532951777,0.5682213229253567,0.8228757671562321
1769099999.51551,-1.4187244881898742,-10.81856009962908,1.9355717102817187,0.5671245604573742,0.8236320373358664
1769099999.565485,-1.4210011518633054,-10.812601956655206,1.9338143586049095,0.5678480470049277,0.8231334008000705
1769099999.6154954,-1.4243500077806912,-10.80382912040812,1.9360494238524113,0.5669278141805435,0.8237674753888206
1769099999.6654766,-1.4266846423019797,-10.797703475419405,1.9325919280565913,0.5683510526113409,0.8227861696671748
1769099999.7154982,-1.428890238261619,-10.79193492481925,1.9327495591149007,0.568286202518798,0.8228309620005579
1769099999.7654808,-1.4322494555035357,-10.783084809836948,1.9311036052453618,0.5689631808977339,0.8223629969683294
1769099999.8155122,-1.4344089621370115,-10.77735293088987,1.929186841453099,0.5697510572902837,0.8218173353711905
1769099999.8654943,-1.437815409282816,-10.768304216954947,1.931598692212226,0.5687595928664987,0.8225038148983472
1769099999.9154928,-1.4400874070394336,-10.762263099348008,1.9275206034677943,0.5704355311132063,0.8213423797927355
1769099999.965515,-1.4422118612170824,-10.756626222093065,1.9312266521440458,0.56891258521278,0.8223979999893672
1769100000.0155122,-1.445639225296135,-10.7475312764436,1.9319566389754674,0.568612377469033,0.8226055945524647
1769100000.065481,-1.4478304624823646,-10.741784314456616,1.9370616346499105,0.5665108284245313,0.8240542951030297
1769100000.1155035,-1.4500920646506728,-10.73584755598156,1.9374727098882087,0.5663414423015319,0.8241707169827259
1769100000.16696,-1.453563171080691,-10.726877592984197,1.938590195770687,0.5658808543508971,0.8244870275990391
1769100000.2155046,-1.4558838301165475,-10.720909204038499,1.9427571363367804,0.5641618331718555,0.8256642332038924
1769100000.2719333,-1.4580502036698126,-10.715342592340024,1.9406473310299308,0.5650325144956108,0.8250686380918666
1769100000.315493,-1.4615054458782746,-10.70644799922517,1.9415205689282409,0.5646722200475136,0.8253152633428104
1769100000.3654573,-1.4638012718273685,-10.700497228956845,1.9358805788682703,0.5669973566633281,0.82371961099442
1769100000.4155104,-1.4661507482234517,-10.69437726388745,1.9344336324418265,0.5675931472980748,0.8233091880577224
1769100000.4659543,-1.4695532427835396,-10.685326889626017,1.928041613355799,0.5702215480092884,0.821490953197837
1769100000.5155034,-1.4718952354460704,-10.678987573159315,1.9219024859234795,0.5727404764977755,0.8197367544407784
1769100000.5709398,-1.4751152281014837,-10.670112539668107,1.9179241592060432,0.5743699326371494,0.8185958590674622
1769100000.6154988,-1.477307133418293,-10.66393394526833,1.9095128956769734,0.5778075557053961,0.8161730383746792
1769100000.6654584,-1.479456492635206,-10.657848172682623,1.9073607301592002,0.5786854907334767,0.8155507972006129
1769100000.7155106,-1.4815174658827994,-10.651918978046348,1.9015449465611995,0.5810545742334036,0.813864596700482
1769100000.76546,-1.484521280191861,-10.643209433473503,1.8991729001473885,0.5820194276356064,0.8131748802408503
1769100000.8155215,-1.4865210677504734,-10.63736643312792,1.8954423085752634,0.5835352259154112,0.8120878278338187
1769100000.868186,-1.48946106884305,-10.628635039544461,1.8929109815756735,0.5845625881796427,0.8113486183513949
1769100000.9155014,-1.4914628573899766,-10.622578848636278,1.8837795487503077,0.588260870195753,0.8086712240438233
1769100000.9654684,-1.4934771514238543,-10.61639385780747,1.8814710717307728,0.5891938775969362,0.8079916921616748
1769100001.015523,-1.4964296599886555,-10.607080370041656,1.8720843890091663,0.5929795552945956,0.805217515335219
1769100001.0654595,-1.498256859597991,-10.601234177815117,1.8677746014371088,0.5947133354022234,0.8039378388250938
1769100001.1155121,-1.5000783536298328,-10.595253573154164,1.8586136169823346,0.5983895147451949,0.8012053348817706
1769100001.1654613,-1.5028008217485993,-10.586081741081538,1.850723467166039,0.6015456650628827,0.7988384147273178
1769100001.2155094,-1.5046128940731212,-10.579861021073748,1.8484140425527533,0.602467692367826,0.798143270129484
1769100001.2681432,-1.5071666539123396,-10.570824444534507,1.8393664052514678,0.6060721707432065,0.7954096578811559
1769100001.3155217,-1.5088383089067037,-10.564853192206668,1.8374268260581743,0.6068432656306295,0.7948215214491573
1769100001.3760164,-1.5105498273686744,-10.558630148912135,1.8305791430644573,0.6095610463070095,0.7927391316348045
1769100001.4155362,-1.5131086524960684,-10.549201703964744,1.8314023431941517,0.6092347032039611,0.7929899598431127
1769100001.4669945,-1.5147464088638147,-10.543142209361996,1.8294846398746178,0.609994782762516,0.7924054296902002
1769100001.5155401,-1.5164174367600172,-10.53690817231571,1.8284540647040723,0.610403018441568,0.7920910017652156
1769100001.5680933,-1.5187904243765329,-10.52792739922119,1.8254824826799665,0.6115792259446328,0.791183196480413
1769100001.6155221,-1.5203147688010397,-10.522073355418344,1.8204965066688081,0.6135497336424336,0.789656079788726
1769100001.673016,-1.5218135815125475,-10.51613424371131,1.8090741469911256,0.6180495707830806,0.7861391276707004
1769100001.715506,-1.5241060236670931,-10.506741371608815,1.8032085016203272,0.6203525160863387,0.7843231195020002
1769100001.7655504,-1.5256250811130068,-10.500286199811866,1.7956530422574977,0.623311043172149,0.7819740043375146
1769100001.8155336,-1.5270097956809787,-10.494293771422873,1.78894395225674,0.6259306981914718,0.7798786835537541
1769100001.8655672,-1.529090757041331,-10.48485153302891,1.7858161728390816,0.627149576506493,0.778898843681082
1769100001.9155142,-1.530469366271133,-10.478442408780845,1.777732185285204,0.6302927491247047,0.7763575531936442
1769100001.96554,-1.532385321553898,-10.469327287959654,1.7754135441306778,0.6311923726455146,0.775626320281955
1769100002.0155218,-1.5336699745013014,-10.463079575446757,1.7702086616155062,0.6332087548661702,0.7739810545231933
1769100002.065531,-1.534874442339615,-10.457177391092623,1.769204965149526,0.6335970961371137,0.7736631823775881
1769100002.1155248,-1.5367049262927988,-10.447941222497844,1.7661704890054641,0.6347701976482645,0.7727009746192787
1769100002.1655347,-1.5378465318586827,-10.442051994877286,1.7606702023122436,0.6368928329402891,0.7709523457058115
1769100002.2155294,-1.5395425870890287,-10.433099159351675,1.7571702623737102,0.6382410004959777,0.7698366224634247
1769100002.2655199,-1.5407215185637586,-10.42667597123998,1.748783498569482,0.6414635984443073,0.7671534734789907
1769100002.3155084,-1.541798459496828,-10.420697648807037,1.7453819333071703,0.64276743135007,0.7660613743008017
1769100002.3655126,-1.5434799261753094,-10.411099091633037,1.7417948943381727,0.6441403428159794,0.7649073269075886
1769100002.415521,-1.5445935972086982,-10.404613173273123,1.7365657936692136,0.6461380276152144,0.7632205770742299
1769100002.4655335,-1.5456575817338116,-10.398247241319664,1.7297669064281502,0.6487288144878499,0.7610196615417953
1769100002.5155175,-1.5471928850144308,-10.388624257524016,1.7260027303622978,0.6501599706588383,0.7597973496616702
1769100002.5655434,-1.5481776794810476,-10.382194155502752,1.7179522959228282,0.6532130447151767,0.7571741663672424
1769100002.6155376,-1.5491470426865703,-10.375787746228118,1.7191082586184463,0.6527753030873715,0.7575515848304921
1769100002.6655223,-1.5505596107074746,-10.366273911205177,1.7180088925873247,0.6531916176875048,0.7571926509038374
1769100002.715503,-1.551511840850878,-10.35991596066004,1.7170162108109868,0.6535673628866657,0.7568683519406592
1769100002.76552,-1.5524484426395233,-10.353606844107937,1.7185708879753536,0.652978822513568,0.757376166345888
1769100002.815517,-1.5538553451838322,-10.34427141036264,1.7179378866384325,0.6532184998671737,0.757169460181325
1769100002.8655236,-1.5548368249775704,-10.337892241685225,1.7246073875158712,0.6506899012829416,0.7593435667524916
1769100002.9155214,-1.5557810657569509,-10.331661025834338,1.7207572527038482,0.6521504822399491,0.7580895385864402
1769100002.9655383,-1.557213978542997,-10.32220149997948,1.7182201574223595,0.6531116299531884,0.757261644888931
1769100003.0155041,-1.5581567456248804,-10.315765300158521,1.714030496677452,0.6546965304575487,0.7558918262601124
1769100003.0655277,-1.5590799953354255,-10.309454217162735,1.7135069871946735,0.6548943662963457,0.7557204304458811
1769100003.1154783,-1.560461941353456,-10.2997057587333,1.7122316747115998,0.6553761229712046,0.7553026793539346
1769100003.1655805,-1.561358017690094,-10.293262836123347,1.7060342699196025,0.6577134310039211,0.7532682408525201
1769100003.2155674,-1.5622750839166528,-10.286644119017831,1.7101502728000695,0.65616181214431,0.7546202199010408
1769100003.2655656,-1.5631484922198868,-10.280274742704979,1.7048165983132342,0.6581719257490763,0.7528676617811076
1769100003.3155458,-1.5644724105366674,-10.270620547306466,1.704359131457886,0.6583441145309968,0.7527170961672106
1769100003.3655376,-1.5653410324870742,-10.26422506361657,1.7028328297248276,0.6589183594698812,0.752214461143576
1769100003.4155164,-1.5661910679209212,-10.258005873066582,1.7026753150997038,0.6589775998157086,0.7521625641715545
1769100003.4655306,-1.5674541494950198,-10.248573267119223,1.7046811429737407,0.6582229142118678,0.7528230836036021
1769100003.5155144,-1.5682760441919075,-10.242401308257794,1.7002956046015782,0.6598720977041314,0.7513779439613258
1769100003.5655222,-1.569110001684867,-10.236128865345743,1.7025402823094216,0.6590283816186003,0.7521180706652171
1769100003.6155198,-1.5703522957369598,-10.226693467442551,1.6999219156969656,0.6600124769853813,0.7512546374057344
1769100003.6655343,-1.5711537887458091,-10.220672021637478,1.7036773388185862,0.6586006747606644,0.752492625349111
1769100003.7155201,-1.572381025415919,-10.21128569383009,1.7034363325147184,0.6586913477118334,0.7524132564286522
1769100003.7655392,-1.5732002606535769,-10.204934660505176,1.698649093451424,0.6604904501015549,0.7508344460163274
1769100003.8155167,-1.5739892066982148,-10.198401031348144,1.6915487648562668,0.6631518678495179,0.7484848696985769
1769100003.8655128,-1.5751477906193918,-10.18885300651593,1.686334587521712,0.6651009783694524,0.7467534322465463
1769100003.9155147,-1.575923265842129,-10.182394671449883,1.6872688663721813,0.6647520678440934,0.7470640456460221
1769100003.9655633,-1.5766125839474319,-10.176231765772702,1.6832140072136292,0.6662653203287361,0.7457147731721873
1769100004.0155692,-1.5777000662127683,-10.16659896341619,1.6803403273622357,0.6673361049640869,0.7447566871209423
1769100004.0655775,-1.578431682547129,-10.16016094807679,1.6822440570057204,0.6666268950611149,0.745391563395493
1769100004.1155167,-1.579124667284227,-10.15417702364775,1.6813000132052738,0.6669786619264213,0.7450768178750702
1769100004.1655447,-1.5802156111258696,-10.144621066819557,1.6864334564944672,0.6650640621844172,0.7467863102593416
1769100004.2154896,-1.5808934530879442,-10.138686327876014,1.6844251210413206,0.6658136254602152,0.7461180979922175
1769100004.265545,-1.5816212850061961,-10.13237517587323,1.6878519689842197,0.664534232096309,0.7472578232258054
1769100004.315493,-1.5826959069378914,-10.122868250121575,1.6839237033176084,0.666000662952578,0.7459511491691172
1769100004.3655589,-1.5833661368826255,-10.116881690334305,1.6823362590355004,0.6665925310451718,0.7454222947798057
1769100004.4154892,-1.5844203154224048,-10.107168702661722,1.6805682823804042,0.6672512151175596,0.7448327435902239
1769100004.4655685,-1.5851058945325822,-10.100725443797728,1.6758629217933936,0.6690017201670148,0.7432608548911851
1769100004.5154922,-1.5858020477089898,-10.0941561513046,1.6766777966423216,0.6686988323580718,0.7435333695288675
1769100004.5655477,-1.5868230013686504,-10.084439682269247,1.6746330107150145,0.6694586660196926,0.7428493080639799
1769100004.6155276,-1.587508643112871,-10.077894728877682,1.672472394486772,0.670260781347608,0.7421256530987821
1769100004.665543,-1.5881719044604385,-10.071372892901092,1.669945170442544,0.671198004887462,0.74127811126128
1769100004.7155328,-1.5891194124281025,-10.061827043959035,1.6661512825585438,0.6726029594487816,0.740003553329807
1769100004.7655623,-1.5897444569605543,-10.055454074300211,1.6677702492250952,0.6720037186052215,0.7405477717073722
1769100004.8154924,-1.590348637773599,-10.049231594694337,1.6636893957542545,0.6735133521390583,0.7391750567290599
1769100004.8655288,-1.5909662206982225,-10.042832472878526,1.6660067172901387,0.6726564470977879,0.7399549338829905
1769100004.915541,-1.5918759470575876,-10.033486395316482,1.6675705016458882,0.6720776765658988,0.7404806524560807
1769100004.965539,-1.592471846481815,-10.027542853230294,1.6714712133358223,0.6706321984592192,0.7417900338975676
1769100005.015523,-1.5934293593800044,-10.017921714491136,1.6709790573924752,0.6708147163394717,0.741624983628784
1769100005.0655432,-1.5940240076942134,-10.011901760859859,1.6670836027983835,0.6722579262360356,0.7403170135913566
1769100005.1155264,-1.5946547137574152,-10.005351272477654,1.6653602541003552,0.6728955887679271,0.7397374714158157
1769100005.1655402,-1.5955598162680622,-9.995699601434058,1.6613334670688251,0.6743836065140331,0.7383811693597866
1769100005.215496,-1.596137909195861,-9.989347564835716,1.661172173375573,0.6744431524338189,0.7383267800473802
1769100005.2655635,-1.5967012251809516,-9.982841628803598,1.6548087782855943,0.676788867215508,0.7361771724341563
1769100005.3155277,-1.5975315403968353,-9.973056276151993,1.6518856074841506,0.6778641297511404,0.7351872017362171
1769100005.3655574,-1.5980718395222238,-9.966573966165994,1.652155481279252,0.6777649197000565,0.7352786639254372
1769100005.415522,-1.5986165202519842,-9.96016821748183,1.6516588771444118,0.6779474700171321,0.7351103508299756
1769100005.4655612,-1.599425117752055,-9.950558850482166,1.6551285409287209,0.6766711575867249,0.736285368923111
1769100005.515497,-1.5999610465532015,-9.944228513921198,1.654466830856389,0.6769147242687217,0.736061448568121
1769100005.5655499,-1.6005002605213112,-9.937974660551195,1.6587501608147979,0.6753367760352995,0.7375094839622387
1769100005.6155002,-1.601311071371696,-9.928441649739346,1.6564987524214947,0.676166565484431,0.7367487873902397
1769100005.6655483,-1.6018457889901974,-9.9222128196738,1.653287802163785,0.6773485254041554,0.7356622697493845
1769100005.7155056,-1.6023752581061743,-9.91578034410797,1.6512315373189201,0.6781045255046687,0.7349654770736433
1769100005.7655644,-1.6031644844580006,-9.906169344730783,1.649653566508577,0.6786841914198884,0.7344302337981002
1769100005.815502,-1.6037095894843514,-9.899661986682073,1.6547005725029134,0.676828695538534,0.7361405551221902
1769100005.8655791,-1.604238096685119,-9.893229438186058,1.6504496156124215,0.6783918164031046,0.7347003085866348
1769100005.9155061,-1.604773386556836,-9.886670475813148,1.651855918627032,0.6778750431103477,0.7351771391495687
1769100005.965577,-1.6055507553156432,-9.87685532939381,1.6493530761012483,0.6787945283793477,0.7343282564645452
1769100006.0155072,-1.6060288594109102,-9.87072343442595,1.6458371935168348,0.6800843848198873,0.7331338414806368
1769100006.0655587,-1.6067698467037104,-9.860930895382477,1.648287725723085,0.6791855905021628,0.733966575297696
1769100006.1155047,-1.6072222796410525,-9.854695441870168,1.642423376039498,0.681334786047442,0.7319719320586592
1769100006.1655781,-1.6076914185181992,-9.848232932641553,1.645876647367537,0.6800699222109969,0.7331472573118777
1769100006.2155018,-1.6083856421116234,-9.838741430140622,1.6449877780681978,0.6803956910802919,0.7328449382777861
1769100006.2655547,-1.608857270951263,-9.832507511055102,1.6466728145140292,0.6797780144532788,0.7334179238783014
1769100006.315503,-1.6093268278068114,-9.82612112787898,1.6457530337350395,0.6801152344098225,0.7331052229548445
1769100006.3655503,-1.6099974828116017,-9.817033983019014,1.6422512634411657,0.6813977743200548,0.7319132961981738
1769100006.415504,-1.6104274348194414,-9.81097464381957,1.6381245469545218,0.6829065220745411,0.7305057714406192
1769100006.4655719,-1.6108582523968193,-9.80458554870655,1.6341283773726119,0.6843647703769239,0.7291398089988916
1769100006.5155067,-1.6115090391169957,-9.794938902324937,1.6349710390749423,0.6840575005455605,0.7294280882632369
1769100006.565557,-1.6119070272127871,-9.788775937693009,1.6314199754629493,0.6853515443861126,0.7282123732865093
1769100006.6155565,-1.6123238905224435,-9.782259161408124,1.632430234754708,0.6849836153077488,0.7285584717508445
1769100006.6655767,-1.6129192146059492,-9.772456648403082,1.6321040472486332,0.6851024295325513,0.7284467455130783
1769100006.715508,-1.6133087635791898,-9.765988813742013,1.628649386036014,0.6863596752055536,0.727262260984115
1769100006.7655761,-1.6136945989239357,-9.759444731275435,1.6284748971550798,0.6864231221823605,0.7272023771505565
1769100006.8162575,-1.6142476742890564,-9.74984258204258,1.627349351119518,0.686832263337363,0.7268159616016115
1769100006.8655653,-1.6146151572317644,-9.743500252766834,1.6284914499472816,0.6864171035439321,0.7272080582353022
1769100006.9155166,-1.6149749242920937,-9.737182808636526,1.6273424433803423,0.6868347736608121,0.7268135893682101
1769100006.965587,-1.615528661202583,-9.727732831542903,1.6261805632432342,0.6872568928730967,0.7264144569035069
1769100007.015512,-1.615886237921574,-9.721618096606615,1.6278712981077186,0.6866425602493502,0.7269951818645137
1769100007.0655668,-1.61642316868057,-9.712522073016517,1.6263335616048233,0.687201320751324,0.7264670293672219
1769100007.1155136,-1.6168072187951172,-9.706307426072676,1.6332144140380824,0.6846979024321977,0.7288269907220427
1769100007.165563,-1.6171659973849668,-9.700319564481454,1.6293714947583873,0.6860970492631945,0.7275100267297612
1769100007.2162662,-1.6177432440473878,-9.690617412838625,1.6273938330542985,0.6868160980773892,0.7268312372358181
1769100007.2655597,-1.6181102445607212,-9.683970812473305,1.624056929512813,0.688027824424039,0.7256843065812597
1769100007.3213136,-1.6184406027201539,-9.677601050801615,1.6173016593784826,0.6904749918741194,0.7233562646417288
1769100007.3655646,-1.6189098327343303,-9.668070567350215,1.617954474349586,0.6902388461965723,0.723581602309805
1769100007.4155116,-1.6192171173351906,-9.661649014796973,1.620127921783069,0.6894521054880113,0.7243312738230678
1769100007.4655907,-1.619682662423655,-9.652219614102679,1.6221531007629915,0.6887183019177165,0.7250290343176451
1769100007.5155134,-1.6199699664008202,-9.6458223333208,1.6201266176558968,0.6894525777979127,0.7243308242563015
1769100007.5655863,-1.6202739037629843,-9.639501951142657,1.622224759190261,0.6886923242554951,0.7250537100874418
1769100007.620298,-1.6207389450577019,-9.629945794827282,1.6219558552030982,0.688789802947114,0.7249611074782397
1769100007.6655905,-1.6210390679135218,-9.623701235929524,1.618795204383704,0.6899346168280018,0.723871690634741
1769100007.7253644,-1.6213350619029758,-9.617380472979967,1.616856521985683,0.690635971231675,0.7232025686077733
1769100007.7655988,-1.6217484441711458,-9.608252651964092,1.6143315543732488,0.6915484521303126,0.722330075766037
1769100007.8163192,-1.622017761841506,-9.60220941171237,1.6156890902974643,0.691057998347313,0.7227993102654465
1769100007.865586,-1.6222892309643544,-9.595760846447316,1.6104848947573835,0.6929364511528879,0.720998664814049
1769100007.9173446,-1.6226978852451455,-9.585974192908015,1.6095248881645396,0.6932824530480507,0.7206659699858717
1769100007.9655862,-1.6229501386287815,-9.579702236990363,1.6082188640822699,0.6937529087542568,0.7202130945734102
1769100008.0224059,-1.6232155526298073,-9.573329502339515,1.6103844022489249,0.6929726777603604,0.7209638464428266
1769100008.0655754,-1.6236062310980193,-9.56346606871896,1.6112572808360477,0.6926579548200656,0.7212662182748364
1769100008.1163802,-1.6238188992652476,-9.557319135865546,1.604900907145215,0.6949467715463661,0.7190611828747835
1769100008.165573,-1.6241503456764872,-9.547605485499856,1.6031222430039265,0.6955859808120665,0.7184428601480535
1769100008.2155428,-1.6243480131010386,-9.541458161585101,1.6022850102568924,0.6958866718008494,0.7181516135259579
1769100008.265586,-1.6245580255195862,-9.53513400366488,1.6023641207604924,0.6958582645885549,0.7181791389366615
1769100008.315595,-1.6248648301466215,-9.525622144657197,1.6073198084686526,0.6940765944610466,0.719901160591755
1769100008.3655756,-1.6250727264352807,-9.519323195533788,1.6039653048709133,0.6952830731327813,0.7187360073177325
1769100008.415602,-1.625297058222233,-9.512872876025819,1.609567775513643,0.6932669991621346,0.7206808363434738
1769100008.4655826,-1.625638832608103,-9.503311560939958,1.607982504753999,0.6938380184510544,0.7201311020584475
1769100008.515574,-1.625860587314313,-9.496987772023747,1.6070138664654714,0.6941867103414588,0.7197949785774443
1769100008.565566,-1.626061693350945,-9.490511275031238,1.6029333843426095,0.695653819789131,0.7183771732264266
1769100008.615592,-1.626344396620624,-9.4808972825945,1.5960630224391725,0.6981174660009625,0.7159832425863017
1769100008.6655793,-1.6265071713957073,-9.474647685623152,1.5932601356047453,0.699120190108187,0.7150041676683377
1769100008.7155957,-1.6266706043545178,-9.468119646365384,1.5901652553554952,0.7002257787586639,0.7139214654020586
1769100008.7655945,-1.6268896595944036,-9.458276338064591,1.5931578516817093,0.6991567559095249,0.7149684123554475
1769100008.8156042,-1.6270265178612884,-9.45164631318859,1.5910996079485877,0.6998921751711353,0.7142485163682294
1769100008.8655856,-1.6271702966897192,-9.445193716977665,1.5930103322274844,0.6992094898825861,0.7149168407990777
1769100008.9155772,-1.6273780116644136,-9.435501938807613,1.5932825599595546,0.6991121733106701,0.7150120062829936
1769100008.9656022,-1.6275073800793434,-9.429251520619138,1.5884586337839814,0.700834720640407,0.7133236953479695
1769100009.0156462,-1.627628733784855,-9.422899722050326,1.5879516259494248,0.7010155284702245,0.7131460080822243
1769100009.0656438,-1.6277977428916615,-9.41384009814415,1.5876842665101565,0.7011108553646918,0.7130522901511434
1769100009.1155887,-1.6279195177346957,-9.407589558902949,1.5905169154478933,0.7001002390909046,0.7140445750965819
1769100009.165577,-1.6280355664524724,-9.401212315267427,1.5871116113962795,0.7013149931423602,0.7128515135662764
1769100009.2155898,-1.6282155495434516,-9.391520007933728,1.5869668244757928,0.7013665970922914,0.7128007410792859
1769100009.2656016,-1.6283261087153607,-9.384965477127915,1.5871324843976617,0.7013075534288526,0.7128588328018648
1769100009.3156004,-1.6284418213305925,-9.378588234667692,1.586290847632768,0.7016074754243173,0.7125636465809324
1769100009.3656106,-1.6285806001111782,-9.368793961040847,1.5861107444466127,0.7016716400710055,0.7125004628209483
1769100009.415615,-1.6286470093122436,-9.36236528565946,1.5805359776805037,0.7036549236304827,0.7105418695971263
1769100009.465624,-1.6287013923590261,-9.355810000086889,1.5805015222871486,0.7036671645258681,0.7105297471380948
1769100009.5156167,-1.628755638031992,-9.346065356907516,1.576516818603562,0.7050813922487499,0.7091263852830216
1769100009.565614,-1.628787453639904,-9.339687122652531,1.5754439048867317,0.7054617064871112,0.7087480375142445
1769100009.6155894,-1.628815251455879,-9.333207637564703,1.5759422588063055,0.7052850809069348,0.7089238003129099
1769100009.6655974,-1.6288727887682992,-9.32399474524143,1.5756030714258125,0.7054052997670454,0.7088041782188963
1769100009.7155926,-1.6289336698145347,-9.317515487658401,1.5823264800992152,0.703018528266599,0.711171532693671
1769100009.7655826,-1.628982803776126,-9.311567697629993,1.5786518402746177,0.7043239905444074,0.7098786631133531
1769100009.815603,-1.629066862667891,-9.301975314210136,1.576827434071658,0.7049712509336856,0.7092358813236922
1769100009.8656206,-1.6291038129289335,-9.295546503779494,1.57505725470887,0.7055987120804688,0.7086116408233665
1769100009.9156115,-1.629141677372461,-9.2892695791694,1.5746839989519312,0.7057309464788974,0.7084799440929853
1769100009.9656055,-1.6291546687547322,-9.27955022091962,1.5723873178113619,0.7065440572443924,0.7076690576622894
1769100010.0156107,-1.6291425240378172,-9.273045298496823,1.5658233270727708,0.7088628143810698,0.7053463761782214
1769100010.0656087,-1.6291194773262592,-9.266844261759202,1.5645765193719308,0.7093023922558678,0.7049043313387308
1769100010.1156085,-1.6290635939266214,-9.256973274529098,1.5626377923662578,0.7099853674271422,0.7042164284077345
1769100010.1655946,-1.6290351280591409,-9.250468551405339,1.564323317566011,0.7093916280962029,0.7048145273666105
1769100010.2156131,-1.6289769849535836,-9.243862666756728,1.559385304409334,0.7111296558104744,0.703060888278445
1769100010.2655933,-1.6288715676456351,-9.234624867650384,1.55502381523816,0.7126611598805842,0.7015084256070345
1769100010.3156254,-1.6288326612689512,-9.228170799857624,1.5528563113433589,0.7134210023373901,0.7007356658711711
1769100010.3656158,-1.6287200569308418,-9.221894759694495,1.54838752794168,0.714984938112212,0.6991398560178617
1769100010.4156096,-1.6286497428964106,-9.21247931523982,1.5528109235027794,0.7134369045930234,0.700719475371368
1769100010.465612,-1.6285854387971195,-9.206151891654782,1.5587883518207677,0.7113394711393533,0.702848601619997
1769100010.5156395,-1.6285091541778078,-9.199799367360688,1.5628877841957802,0.7098973377043146,0.7043051681766408
1769100010.5655956,-1.628411676583728,-9.190207161605064,1.562942629472427,0.7098780235314991,0.7043246351697579
1769100010.6156259,-1.628347254298154,-9.183778591436715,1.5605357922645364,0.7107251066676822,0.7034698449487454
1769100010.6655934,-1.6282700227642446,-9.177223576780731,1.559963180869866,0.710926484960036,0.703266331472201
1769100010.71559,-1.628132165369783,-9.167606453308181,1.5540541096200298,0.7130012044310047,0.7011628073992064
1769100010.7656038,-1.6280179842570932,-9.16112790387884,1.5533219082878582,0.7132578528144266,0.7009017302008562
1769100010.8156066,-1.6278143456245247,-9.151663732780168,1.5485500937496222,0.7149281076325747,0.6991979697602858
1769100010.8655827,-1.627659936426375,-9.145185983429093,1.543458143334125,0.7167059293286668,0.6973755163935225
1769100010.9155955,-1.6274860903680484,-9.138632853366275,1.5426413820433642,0.7169906642199821,0.6970827694193774
1769100010.965618,-1.6273279935843052,-9.13215533292985,1.5427053327368363,0.7169683743901961,0.6971056950881118
1769100011.0156083,-1.6270942703882565,-9.122590815021688,1.5478513378340815,0.7151723483525231,0.6989481469693853
1769100011.0656033,-1.626944317400619,-9.116214283766825,1.5469218033136216,0.7154971193144481,0.6986156827990097
1769100011.11561,-1.626744194125883,-9.107053993876564,1.5458020391148062,0.7158881495664675,0.6982149792938411
1769100011.1655898,-1.6265895859576236,-9.100626942207349,1.543573667408754,0.7166656463024612,0.6974169136247526
1769100011.2156093,-1.6264469714904672,-9.094351510749068,1.5422957012593361,0.7171111375688967,0.6969588340602643
1769100011.2655954,-1.6261922879885866,-9.08509131610952,1.54426967695638,0.7164228984953523,0.6976662744547124
1769100011.3156173,-1.6260117095458524,-9.07899407608506,1.5379309100504421,0.7186304685114974,0.6953921553533271
1769100011.3655899,-1.6258134435567966,-9.072416335672035,1.5388276891196,0.7183185897155896,0.6957143118184407
1769100011.4156158,-1.6255161471192165,-9.062726923963341,1.5384107891410321,0.7184635957494092,0.6955645632023166
1769100011.4655952,-1.6253206707125258,-9.056199705944234,1.5387767292911172,0.7183363162234138,0.6956960088965407
1769100011.5156245,-1.6251030849976276,-9.049546545379766,1.5366929581023285,0.7190607618558307,0.6949472071742662
1769100011.565592,-1.6247781297881871,-9.040187218594795,1.5317652628971319,0.7207708215895288,0.6931734434794481
1769100011.615625,-1.624550767335208,-9.033914335103699,1.5324073039587522,0.7205482615473585,0.6934047899900025
1769100011.665585,-1.6241805168887777,-9.024379381724533,1.5299846401044752,0.7213876760633046,0.6925314583641561
1769100011.715612,-1.6239520816369564,-9.01828381693077,1.5342381027725813,0.7199132174086224,0.694064088827801
1769100011.7656,-1.6236989400136441,-9.011961177940456,1.5317104923150602,0.7207898040757419,0.6931537047008071
1769100011.8156114,-1.6233583666119096,-9.002830376284109,1.532289051341577,0.7205892587534339,0.693362185419119
1769100011.8655884,-1.623133021551282,-8.996785321285664,1.5325700934904343,0.7204918196400515,0.6934634365500228
1769100011.915608,-1.622911365192217,-8.99051216672335,1.5337013595042788,0.7200994585948359,0.6938708595491124
1769100011.9656155,-1.6225546294733817,-8.980900723840945,1.5343387162009834,0.7198783004139174,0.6941003044180067
1769100012.0156102,-1.622302901271473,-8.974476727718772,1.5292301274515023,0.7216488865962771,0.6922592610246204
1769100012.0656013,-1.622034504729551,-8.967952095377452,1.52891669098769,0.7217573673811752,0.6921461569863661
1769100012.1156118,-1.621592118445486,-8.95821741155559,1.523152891176154,0.7237490633440232,0.6900632531215156
1769100012.1656308,-1.6212898859248996,-8.951871623849893,1.5193855749456722,0.7250476218309027,0.6886987339013717
1769100012.2156386,-1.6209384374989235,-8.945274814364398,1.5141469350249668,0.7268490548931715,0.6867972418413628
1769100012.2656038,-1.620403402033436,-8.935519649243458,1.5112580115479124,0.7278403486120182,0.6857466200662865
1769100012.3156276,-1.620055798415262,-8.929049577223887,1.5159773600853272,0.7262201851300523,0.6874621754756203
1769100012.365605,-1.619695512624717,-8.922580053202795,1.512057643588995,0.7275661179609119,0.6860375674810298
1769100012.4156244,-1.6191536873489285,-8.913002667402262,1.5110867470887637,0.7278990679553633,0.6856842909602884
1769100012.4655957,-1.6188008842675765,-8.906963730375669,1.5097912698187987,0.7283430594303565,0.6852126587999
1769100012.5156417,-1.6184427370746797,-8.900722290191055,1.5102449522305328,0.7281876062267423,0.6853778593868983
1769100012.565595,-1.6178668288129456,-8.891172204981206,1.5129034877309309,0.7272759124734035,0.6863452098878365
1769100012.6156425,-1.6174848965120228,-8.88485605056021,1.507688907722996,0.7290629394556184,0.6844466599468021
1769100012.6656015,-1.6170893154321562,-8.878388629183583,1.509620211886629,0.7284016622965513,0.6851503618649126
1769100012.715625,-1.616499547543081,-8.86873795233851,1.5091880578593433,0.7285496905352146,0.6849929550156287
1769100012.7656102,-1.6161165438444483,-8.862320458149133,1.511037543486305,0.7279159368037139,0.6856663831246006
1769100012.8156254,-1.6157018628136548,-8.855778087158999,1.5069731478171382,0.7293078425003505,0.6841856991106171
1769100012.8656092,-1.6150624122880937,-8.846054427990989,1.5004531010098583,0.7315344244928658,0.6818045070120112
1769100012.9156103,-1.6146050922444415,-8.839438852095407,1.4996502075290303,0.7318080737355986,0.6815107799700549
1769100012.9656105,-1.6141512800416091,-8.833076722167199,1.4938883746237521,0.7337684097541958,0.6793996768079881
1769100013.015629,-1.6134281022305483,-8.82333372011613,1.4955731534650574,0.7331958303734155,0.6800175544227058
1769100013.0656078,-1.6129391485328268,-8.816898027838853,1.4938369558273856,0.7337858764685099,0.679380811839237
1769100013.1156223,-1.6124748533169702,-8.81058745779578,1.498664056965759,0.7321440208819829,0.6811498606670653
1769100013.1656084,-1.611776594488269,-8.801096283144975,1.499352506011097,0.731909509024896,0.6814018422333005
1769100013.215623,-1.6113220763772569,-8.7948357094516,1.4970411152004999,0.7326965130470483,0.6805555229139623
1769100013.265581,-1.6108582048106563,-8.788499688126256,1.4972034795807576,0.7326412616448187,0.680615002578909
1769100013.3156278,-1.610152859480098,-8.779110553030636,1.4930186274686201,0.7340637933296182,0.6790805160822474
1769100013.365562,-1.6096633029024048,-8.772700324505372,1.494287487795431,0.7336328164648037,0.6795460915978544
1769100013.415639,-1.6091499676927927,-8.766266491035749,1.4883050320286224,0.7356622085839244,0.6773485918354172
1769100013.465604,-1.6083657834896932,-8.756629703287832,1.485653980968378,0.7365594048865225,0.6763728580252255
1769100013.515625,-1.6078055595645537,-8.750022024758994,1.4833925253841413,0.7373237274497084,0.6755395776264098
1769100013.5655632,-1.607270483534611,-8.743640882492173,1.4812632274203579,0.7380425219675159,0.6747542039645466
1769100013.615615,-1.606412908896307,-8.733857916999195,1.48260564371082,0.7375894552322024,0.6752494320843689
1769100013.6656022,-1.6058288640230303,-8.727379306510144,1.4781090514883366,0.7391057504296069,0.6735894073409169
1769100013.71563,-1.6052447967869874,-8.720951610078762,1.479618893569897,0.7385970330511499,0.6741471818290414
1769100013.765612,-1.6043537728198813,-8.71140027667809,1.477895972772468,0.7391775100177809,0.6735106596661359
1769100013.8156357,-1.603760562260237,-8.705049625076734,1.476616484857076,0.7396082331009091,0.6730376375280593
1769100013.8656049,-1.6031909764908734,-8.699001827511617,1.476254950559277,0.7397298841110833,0.6729039296608419
1769100013.9156067,-1.602341174272747,-8.689955129880063,1.4740906112514087,0.7404576470361228,0.6721030225685111
1769100013.9656281,-1.6017402062880415,-8.683427278856785,1.4815014994643634,0.7379621291983528,0.6748421266259492
1769100014.0156193,-1.6011586496381103,-8.677202657296482,1.4793519819879144,0.7386869953189065,0.6740486057746325
1769100014.0656123,-1.600275735025456,-8.667574371981702,1.4781283223491204,0.73909926007145,0.6735965289116588
1769100014.1156209,-1.599658378248635,-8.661048026784307,1.4758707821023245,0.7398591246957893,0.6727618268037957
1769100014.1655955,-1.5990614658711184,-8.654748576350004,1.4744355061139003,0.740341733587015,0.6722307025935168
1769100014.2156224,-1.5980855566706262,-8.644976540960041,1.4725798761149242,0.740965120568397,0.6715435131851553
1769100014.2656102,-1.5974255213356963,-8.638581463369055,1.46657333284335,0.7429786035049006,0.6693151684624424
1769100014.3156273,-1.596726711640868,-8.631885193547001,1.4678038575978438,0.7425666584627554,0.6697721685315519
1769100014.36558,-1.59568819099248,-8.62217046818562,1.4651637125582813,0.7434501590450997,0.6687913434067579
1769100014.4156313,-1.595017675906476,-8.615827523839737,1.465874022779561,0.7432125874989313,0.6690553413456494
1769100014.4655724,-1.5943353156612643,-8.609460341847686,1.4644268857848668,0.7436965002696925,0.6685174010350152
1769100014.5156276,-1.593323908286628,-8.599946521516301,1.4629254997591232,0.7441981420131442,0.6679589249528627
1769100014.5655742,-1.5926605925323736,-8.593653734800165,1.465809928850466,0.7432340283100893,0.6690315232946481
1769100014.6156783,-1.5919970015442644,-8.587437305775056,1.4608497034798036,0.7448910143770581,0.6671861634508899
1769100014.6656485,-1.5909881503968912,-8.578101428549704,1.4628797018626636,0.7442134373748704,0.6679418834230114
1769100014.7156723,-1.5902887961480339,-8.571685199304572,1.4611821347209453,0.7447801073255867,0.6673099667561451
1769100014.7655797,-1.5896034636871152,-8.56536930078388,1.4640468443358534,0.7438235190031677,0.6683760712186997
1769100014.8156502,-1.588559070171006,-8.555884470154016,1.4638241240901175,0.7438979448323203,0.6682932347961111
1769100014.865578,-1.5879041565591359,-8.549921679969351,1.461691793330307,0.7446100330103366,0.6674997368841021
1769100014.9156313,-1.5871733674979498,-8.543356113381815,1.460827367434766,0.7448984654807024,0.6671778444496601
1769100014.9656253,-1.586117639428035,-8.533999860492449,1.4563159602743796,0.7464015245619248,0.665495878373138
1769100015.0156484,-1.5853666991970128,-8.527487538253236,1.456238735485469,0.7464272203948712,0.6654670575269571
1769100015.0656245,-1.5842475179621855,-8.518164000676826,1.4516933986716527,0.7479376773948723,0.6637689588502644
1769100015.1156456,-1.5835153145687757,-8.512108194416244,1.4490274977576232,0.7488217838182961,0.662771405598631
1769100015.1656086,-1.5827374142210688,-8.505752015118837,1.447110827488754,0.7494565969838883,0.6620534791369421
1769100015.215645,-1.5815570755601027,-8.496257664210308,1.4451938718803605,0.7500908161964175,0.6613348376259883
1769100015.2655795,-1.5808081730320636,-8.489898008290933,1.4544389702695968,0.7470257603211246,0.664795091300053
1769100015.3156447,-1.5800663407735482,-8.4836139848592,1.4543795346021953,0.7470455162612223,0.664772891019184
1769100015.365607,-1.579008866650079,-8.474410782137026,1.4535888140884499,0.7473082826500889,0.664477486964438
1769100015.4156368,-1.5782649558291106,-8.468025042181253,1.4523847106586745,0.7477081969994348,0.6640274483331652
1769100015.4656055,-1.5775379297244352,-8.46176473441379,1.450176447888183,0.7484409146290631,0.6632014756536745
1769100015.5156398,-1.5763398420396713,-8.452068497655901,1.4431706306496719,0.7507594522251576,0.6605756920252072
1769100015.565608,-1.5755280160309055,-8.445742080020324,1.436949014883567,0.752810740387111,0.6582370311352969
1769100015.6156244,-1.5747257380311386,-8.439159471005278,1.4385994133172129,0.7522673074515479,0.6588580257837028
1769100015.665592,-1.5734713052618032,-8.429725689916411,1.4371105008939773,0.752757589897188,0.6582978131910943
1769100015.7156374,-1.5726680672959061,-8.423296081636733,1.4405230323034113,0.7516332636926939,0.6595812587624585
1769100015.7655914,-1.5718296282420112,-8.416794449964748,1.440368695288004,0.7516841603561113,0.6595232543813204
1769100015.8156564,-1.5705822682117148,-8.407232092890476,1.4378817826464438,0.7525036673833448,0.6585880583298002
1769100015.8655882,-1.569743048992251,-8.400807140451679,1.440111818132481,0.7517688623846048,0.6594267036972017
1769100015.9156442,-1.5689650381186255,-8.394961287428336,1.435385807836836,0.753324990769913,0.6576484306082624
1769100015.9655962,-1.5677572462426685,-8.385904339961229,1.4385208770414193,0.752293178999359,0.658828485139371
1769100016.0156546,-1.5669552199316081,-8.379934019165754,1.437547252734874,0.7526138155586779,0.658462181624889
1769100016.0667777,-1.5657095319265861,-8.370575678455294,1.4367015328555215,0.752892185541145,0.6581438725317422
1769100016.1156712,-1.5648853117924781,-8.364404046586825,1.4376269239257171,0.7525875847284653,0.6584921619218979
1769100016.1655881,-1.5640983521923613,-8.358406181927716,1.4382535766851217,0.7523812248246357,0.6587279351381577
1769100016.215638,-1.562804198176466,-8.348747885609173,1.4350484496977038,0.7534359115777256,0.6575213510944278
1769100016.2655883,-1.5619307392139206,-8.342353036859317,1.432071647870662,0.7544137320388348,0.656399208493762
1769100016.3156512,-1.5610520338640215,-8.335882294897242,1.4330044401335291,0.7541075079463617,0.6567509927353959
1769100016.3655922,-1.5597321183141433,-8.326534072564487,1.4275221705528243,0.755904915574457,0.6546814176455392
1769100016.4156635,-1.5588633461676944,-8.320445273993322,1.425096505071234,0.7566983784837953,0.6537641501336662
1769100016.467852,-1.5574758065118772,-8.311030124551795,1.426619909171604,0.7562001855240438,0.6543403391304878
1769100016.5156806,-1.5565408670284524,-8.304720656656237,1.4236651159874858,0.7571660800802619,0.6532224178454766
1769100016.5655913,-1.5556463292613902,-8.298610006989625,1.428164220484339,0.7556947075477283,0.6549240482562488
1769100016.6156678,-1.5542886374636347,-8.289216101662218,1.42866850562633,0.7555295492941675,0.6551145702419937
1769100016.6656022,-1.553440156113604,-8.283226640323436,1.4317960399935905,0.7545041792716005,0.6562952410780445
1769100016.7156692,-1.552537007362661,-8.276912624203465,1.430463624330319,0.7549412408318559,0.6557924388792981
1769100016.7655988,-1.5511983316369147,-8.267515995658881,1.4261946507365333,0.7563393003029537,0.6541795340862006
1769100016.8156772,-1.5502817264566122,-8.261178340019898,1.4248229236723007,0.7567878002593447,0.6536606347169931
1769100016.8679621,-1.5489342991522366,-8.252038721667502,1.419132368661332,0.7586445803249608,0.6515047204307609
1769100016.915649,-1.54802634982979,-8.24587891230469,1.4228727912541719,0.757424802795929,0.6529224058872142
1769100016.965598,-1.547111738609066,-8.239745612751234,1.4194985369179176,0.758525287437002,0.6516436052925045
1769100017.0156775,-1.5456766136374553,-8.230081696631588,1.4195789549153293,0.7584990848869492,0.6516741043080204
1769100017.0655978,-1.5446738352871154,-8.22350094964361,1.4183570751578334,0.7588970770064987,0.6512105853800232
1769100017.1156723,-1.543701117123736,-8.217018060444456,1.4158664286443545,0.759707456023789,0.6502650084864345
1769100017.165596,-1.542219396144414,-8.207386793192503,1.417895141596454,0.7590474647756874,0.6510352879972034
1769100017.215665,-1.5412794829538634,-8.201385352352952,1.4128846058333249,0.7606760988372842,0.6491316296851436
1769100017.2729023,-1.5402889339928203,-8.19508448089717,1.4165836457446837,0.759474216587647,0.6505374042578795
1769100017.315661,-1.5388041161323684,-8.185761007160115,1.4140573966761008,0.7602953202606915,0.6495775750360326
1769100017.3655963,-1.5378196144560836,-8.179536015048855,1.416209892098117,0.7595957736889352,0.6503954647704026
1769100017.415669,-1.5363806711468178,-8.170384733317286,1.419932690387111,0.758383812900424,0.6518082481302417
1769100017.4655974,-1.5353966399637544,-8.164134023903028,1.4155421919614164,0.7598128659245672,0.6501418374289534
1769100017.5156794,-1.5343827994705597,-8.157759886768384,1.4103068780926822,0.7615121091041348,0.6481506828568279
1769100017.5718775,-1.5333554500524418,-8.151413589173506,1.4051037526766084,0.7631957348433095,0.6461673702044857
1769100017.6156955,-1.5318090788690626,-8.141869506202903,1.4059463810694126,0.7629234276292673,0.6464888580435166
1769100017.6655996,-1.5308036631877249,-8.135776112018844,1.4017846990475977,0.7642670154971699,0.6448999372174327
1769100017.7156649,-1.5291798772152592,-8.126219111601909,1.3940779300889143,0.7667463826262142,0.6419501419344147
1769100017.7658648,-1.5280451064032377,-8.119685690859846,1.3935786023246468,0.7669066304926825,0.6417586930508695
1769100017.8156757,-1.5269900808901327,-8.113626469932894,1.3911249806798318,0.7676933696831851,0.6408173609886646
1769100017.8671355,-1.5252971110024718,-8.104004501612938,1.396779440757917,0.765878565831588,0.6429852427542563
1769100017.915656,-1.524240035738493,-8.09797122244322,1.3952531236900874,0.7663690424311259,0.6424005688067214
1769100017.9719424,-1.5231386618098082,-8.091637356753406,1.3985836077779752,0.7652982279069694,0.6436758674693749
1769100018.015678,-1.5215537508504398,-8.082587309799038,1.3986781353451625,0.7652678044952897,0.6437120376402472
1769100018.0658605,-1.5204708521934052,-8.07635298834839,1.3974277077672994,0.7656701125424696,0.6432334558767927
1769100018.1156776,-1.5193629733238407,-8.0700716411829,1.3949597384711565,0.7664632696009072,0.6422881412206574
1769100018.1658542,-1.517776885062025,-8.061124609171133,1.389476462904764,0.7682213082419914,0.6401843652909396
1769100018.2156632,-1.516629771195454,-8.054670337922786,1.393753967913616,0.7668503563490695,0.6418259351002459
1769100018.2709525,-1.515494299783902,-8.048316778441077,1.3902127053009607,0.7679855907596898,0.6404671204562263
1769100018.315663,-1.5137997997656119,-8.038797748645395,1.393786322536425,0.7668399732307059,0.641838340593276
1769100018.3672092,-1.5126477875666815,-8.032344297122544,1.3925551789636936,0.7672349254908273,0.6413661739654538
1769100018.4156678,-1.5109060959455636,-8.022705146390384,1.3875377652147693,0.768841509195263,0.6394393901992201
1769100018.4656923,-1.5097200602710692,-8.016206428936215,1.388546819598809,0.7685187967955336,0.6398272102465988
1769100018.5156662,-1.5085504247622585,-8.009910527762216,1.3834757906773418,0.7701386158628446,0.6378765651416125
1769100018.5656862,-1.5068276220574264,-8.000705463747215,1.383256169180394,0.7702086569224361,0.6377919917980603
1769100018.615662,-1.5056958584947255,-7.994737263112378,1.3807328513394619,0.7710127196622806,0.6368197438200025
1769100018.6656804,-1.5045799767149348,-7.988791868707607,1.384607285503361,0.769777615616365,0.6383121669653365
1769100018.7156749,-1.5028240708542742,-7.979386937480733,1.3843495379837583,0.7698598709126163,0.6382129575293891
1769100018.7656882,-1.5016605038306934,-7.973218674220478,1.3835511756501953,0.7701145721619997,0.6379055931278076
1769100018.815697,-1.500552715278688,-7.967245952590968,1.3844673934141354,0.7698222611445872,0.6382583225044817
1769100018.865665,-1.498825684367294,-7.957990108285954,1.3834350889402445,0.7701515970454917,0.6378608920197871
1769100018.915675,-1.4976499523681557,-7.951669595786137,1.3848811989670475,0.7696901872489393,0.6384175872050305
1769100018.9656646,-1.4958876602793436,-7.942368882116883,1.3823234332635512,0.7705060189009333,0.6374327218126118
1769100019.0156724,-1.4946965708554414,-7.93610279188138,1.3797522992143432,0.7713248444619327,0.636441658218391
1769100019.0656703,-1.493496473201915,-7.929941506472264,1.3751845624995436,0.7727763805274317,0.6346783954877636
1769100019.1156921,-1.4916193578510355,-7.920431015631585,1.3710124484031332,0.7740986734880606,0.6330649600981126
1769100019.1656933,-1.490346852889349,-7.913974532542117,1.3749479377623792,0.7728514654229236,0.6345869620419565
1769100019.2156916,-1.4891319473197324,-7.907893570051753,1.3705377079344119,0.7742489224564426,0.6328811942813892
1769100019.2656894,-1.487222708326117,-7.898389498234175,1.3699835074766866,0.7744242642528042,0.6326666254327811
1769100019.3156745,-1.4859353106315774,-7.892064972301831,1.3687600404152134,0.7748111427155095,0.6321927657952804
1769100019.3657088,-1.4847506230955179,-7.8861845130838075,1.3689238655516591,0.7747593555831462,0.6322562304448949
1769100019.4156816,-1.4828542239451181,-7.876858570354509,1.372797219167982,0.77353342741916,0.633755502276049
1769100019.4656882,-1.481662036250528,-7.871031233610099,1.367708819039364,0.7751433229475245,0.6317854294694281
1769100019.515675,-1.4803658009976717,-7.864682697613581,1.3706730157894118,0.7742061037861517,0.6329335738134504
1769100019.5656946,-1.4784646065764848,-7.855306058778785,1.370219276217642,0.7743496773651352,0.6327579135534467
1769100019.615677,-1.4772231481704707,-7.849101344779466,1.3744439830692976,0.7730113424249084,0.6343922008367072
1769100019.6656885,-1.4759216024817787,-7.8426763945418845,1.3721938803420122,0.7737245768691219,0.6335221220673343
1769100019.7156832,-1.473994175474527,-7.8332017607672375,1.3648495545853594,0.7760457513128219,0.6306766143352056
1769100019.7657003,-1.4727269826690499,-7.82707982605277,1.362499207321417,0.7767863697973367,0.629764190548395
1769100019.815685,-1.470713283866197,-7.81754554978209,1.3582926895094263,0.7781092078296795,0.6281290159598334
1769100019.8656774,-1.4694212134429774,-7.811428867456644,1.3608009565117107,0.7773208384694491,0.629104374552548
1769100019.915673,-1.4680564006324694,-7.805094650836401,1.3560087325709544,0.7788260101140776,0.6272400226147775
1769100019.9656863,-1.4660051610614802,-7.795568450331416,1.3547746135763448,0.7792129062287251,0.6267593212442748
1769100020.0156734,-1.4646601245470188,-7.789333635757687,1.3563323354342403,0.7787245115861609,0.627366029567186
1769100020.065687,-1.4633424892587932,-7.783144663371366,1.3574474770972977,0.7783745895585347,0.6278001260987311
1769100020.1156902,-1.4613574036104098,-7.773837156535993,1.3624431035523072,0.7768040355640747,0.6297423999790452
1769100020.1656818,-1.4601112955283282,-7.768021152276415,1.3579641517516359,0.7782123793801164,0.6280011883583803
1769100020.2156904,-1.4587845390088838,-7.761834141510801,1.360105716905886,0.7775394806381971,0.6288341244309844
1769100020.2656734,-1.4567743147942778,-7.752506155777071,1.359369638640359,0.7777708635388294,0.6285479168926292
1769100020.315672,-1.4554353493575698,-7.746269987568538,1.3600977173058864,0.7775419958427082,0.6288310144235396
1769100020.365687,-1.4540321297937802,-7.739788735819388,1.3598945064309376,0.7776058844793747,0.628752008683113
1769100020.4156725,-1.4520360111096844,-7.730405957380875,1.3600541148750565,0.7775557049383321,0.6288140629135559
1769100020.4656966,-1.4506946858328518,-7.724014990381543,1.3657583338420365,0.7757590982952376,0.6310291763557054
1769100020.5156562,-1.4493807196791695,-7.717670059744397,1.3686196902773837,0.774855504978586,0.6321383918133595
1769100020.5657046,-1.447431679880207,-7.708096461639098,1.3726349214779263,0.7735848533992322,0.6336927288452097
1769100020.6156614,-1.4461533861273526,-7.701666759086149,1.3782938901256172,0.7717887354983529,0.6358790354759727
1769100020.6657095,-1.444918905832115,-7.695409157389661,1.381266689517917,0.7708427128525674,0.637025519145108
1769100020.71564,-1.4431072542536105,-7.685937452956048,1.3838903586893103,0.7700063777089038,0.6380361888542161
1769100020.7657065,-1.4419943980256131,-7.679965572186463,1.3916762218103,0.7675167180826096,0.6410289287260755
1769100020.8156478,-1.4408445870382756,-7.673614590547575,1.3951877523630454,0.7663900393105836,0.6423755191829169
1769100020.865706,-1.4392184831314296,-7.664185878111305,1.4064838543678058,0.762749664832974,0.6466938601820693
1769100020.9156978,-1.4381879784091278,-7.657994039664537,1.4127289377007854,0.7607266210873739,0.6490724212050509
1769100020.9657028,-1.4371880973654563,-7.651720233370912,1.4195991804977528,0.758492494604009,0.6516817748175772
1769100021.0157049,-1.435734349158253,-7.642187083744275,1.4187039600138964,0.7587841180473012,0.6513422005360772
1769100021.0656843,-1.43477566466605,-7.6359324572775495,1.417852949988056,0.759061198719748,0.651019275135644
1769100021.1156354,-1.4338266689430055,-7.629522451388244,1.422254863057655,0.7576264962236507,0.652688357656144
1769100021.1656811,-1.4324051348555469,-7.619856315069365,1.4235778486605148,0.7571945818466314,0.6531893792937123
1769100021.215678,-1.431483273095229,-7.613365651755051,1.4294763837003024,0.7552648613140966,0.6554197046657952
1769100021.2656822,-1.4305384149189895,-7.606776391197676,1.4292075863226668,0.7553529420415865,0.6553181921396045
1769100021.3156927,-1.4291963670706864,-7.597149999547466,1.43074331938066,0.7548495225002344,0.6558980091303588
1769100021.3657053,-1.4283157133286766,-7.590679281365626,1.4366395116640733,0.7529125946126891,0.658120524580102
1769100021.4157083,-1.4275288305173481,-7.584757916458986,1.4421531291829979,0.7510954234198807,0.6601936571322919
1769100021.4659252,-1.4263165646450104,-7.575344100133865,1.4444253080757314,0.7503448998157098,0.6610465424768156
1769100021.515686,-1.4255750235661333,-7.569365819151934,1.4494781388418543,0.7486724287985552,0.6629401137032456
1769100021.5656903,-1.4248022225235264,-7.563008999428075,1.4502001296973854,0.7484330616711904,0.6632103378246513
1769100021.6156828,-1.4236839071832155,-7.553455870453766,1.455443431225077,0.7466917857656692,0.6651701865463273
1769100021.665702,-1.422971055310977,-7.547193850161626,1.459579103311185,0.7453147274531263,0.6667127995182573
1769100021.7156806,-1.4222594464561866,-7.540753444573546,1.462260320330391,0.744420257117027,0.6677113753664974
1769100021.7656975,-1.421211408987566,-7.531141735827486,1.4637264717770373,0.7439305741356803,0.6682569123220179
1769100021.815703,-1.4205147270408052,-7.524852622336529,1.4605277627427558,0.7449984019285922,0.6670662494264297
1769100021.8657007,-1.4198120151355058,-7.518487686792345,1.4609221722451662,0.7448668388093022,0.6672131536789703
1769100021.9156904,-1.4187223907638418,-7.50885514435268,1.4588267072202783,0.7455654907589463,0.6664323664029018
1769100021.9657097,-1.4179825814359737,-7.50244344067098,1.45623094399902,0.7464298128779875,0.6654641496331208
1769100022.015924,-1.4172145107443164,-7.495933075301854,1.4553130955679618,0.7467351318767746,0.665121524851644
1769100022.0657055,-1.4160700809525906,-7.486128461422421,1.4534305683675068,0.7473608556702871,0.664418355715566
1769100022.1157126,-1.4153269311016312,-7.479691695783011,1.457451717410274,0.7460234833838086,0.6659196364726664
1769100022.1656818,-1.4145849305450253,-7.473229310169007,1.454610486612056,0.7469687459629352,0.6648591524184352
1769100022.215694,-1.413532935032081,-7.463770733914341,1.4599470065141358,0.7451920719565712,0.6668498900750246
1769100022.2656884,-1.4128845617190184,-7.457603414257507,1.4643579096301533,0.7437195557072427,0.6684917519750125
1769100022.315728,-1.4122150143016632,-7.451336719781547,1.4673932775401104,0.7427041403622385,0.6696197128884336
1769100022.3656783,-1.4112151289774062,-7.441898093559691,1.4698684064860428,0.7418748742566371,0.6705383441285807
1769100022.4157088,-1.4105278850353589,-7.4355315349877555,1.4724350662215648,0.7410137416983739,0.6714898618848804
1769100022.4657145,-1.4099363173447415,-7.429536708751974,1.4765327012083052,0.7396364272264384,0.6730066533992881
1769100022.5157244,-1.4089310422729855,-7.419818763062157,1.4727436497982307,0.740910127506877,0.6716041862270836
1769100022.5657213,-1.4081835757922012,-7.413101936922016,1.4672962768254194,0.7427366162840607,0.66958369068467
1769100022.615694,-1.407558594915722,-7.407085054527474,1.4649031306351314,0.7435372902017723,0.6686944728943148
1769100022.6656995,-1.4065510736598552,-7.397621714678485,1.460589041226377,0.7449779631747872,0.6670890752995027
1769100022.7157016,-1.4059039026311229,-7.39158177260875,1.4623060933820684,0.744404975328422,0.667728412385074
1769100022.7657084,-1.4048853533341858,-7.382323274506746,1.4590413221210252,0.7454939733084466,0.6665123672977007
1769100022.8157032,-1.4041770657537351,-7.375831677117702,1.4604924172868887,0.7450101906925904,0.6670530831681913
1769100022.8657045,-1.403466055153346,-7.369416733945595,1.455737168821102,0.746594084967012,0.6652798450969862
1769100022.915686,-1.4024580779800704,-7.360208070996353,1.4596177526978575,0.7453018432935665,0.6667272023723136
1769100022.965711,-1.4018078238134892,-7.3541429162611465,1.4638373529965036,0.7438935244217264,0.6682981552596283
1769100023.0156806,-1.4011500596114839,-7.347824004696401,1.466956370168281,0.7428504035338485,0.6694574504549177
1769100023.0657144,-1.4001825142719473,-7.338381880388619,1.4702944313759463,0.7417320244145733,0.6706963574955949
1769100023.1156929,-1.3995674237757736,-7.33233855700404,1.4698732287753042,0.7418732574895525,0.6705401328942513
1769100023.1657023,-1.3986081690797239,-7.322895654285688,1.468813268463215,0.7422285262488876,0.6701468606375802
1769100023.2156901,-1.3979814018429868,-7.316904410019196,1.466987839094224,0.7428398698884288,0.669469138724215
1769100023.2657073,-1.397304642123756,-7.31043486352929,1.4662460850747074,0.7430881095063112,0.6691935904581995
1769100023.3156955,-1.3962720341603005,-7.3007450972185595,1.4676195893086459,0.7426283641967789,0.6697037499450158
1769100023.3657274,-1.395555970001093,-7.294101509864696,1.4639003378078408,0.7438724777362307,0.6683215819248702
1769100023.4157457,-1.394891327691751,-7.287961557630577,1.4657059659793084,0.7432688045249669,0.668992888019018
1769100023.4656982,-1.3938331854855295,-7.278223589971448,1.4648618409510983,0.7435510951350701,0.6686791225419243
1769100023.5157864,-1.3931746816187203,-7.2720829835926875,1.4665262345078864,0.7429943651140524,0.6692976717491002
1769100023.5656962,-1.3925075250916579,-7.265892381331738,1.4654232616742813,0.7433633606839744,0.668887818690569
1769100023.6156888,-1.3915197450941492,-7.256452410314267,1.4636642034008414,0.7439513794115229,0.6682337503237114
1769100023.6656995,-1.3908740807416569,-7.25018318066442,1.468911547223137,0.7421955947515646,0.6701833324780402
1769100023.7157276,-1.3902344679841754,-7.243862460279494,1.469162328293204,0.7421115542704635,0.6702763915119471
1769100023.7657113,-1.3892693308675124,-7.234216586157652,1.4724106130579728,0.7410219516687083,0.6714808017695655
1769100023.8157294,-1.3886374578106397,-7.227869682385176,1.4703514005674976,0.7417129195990342,0.6707174851603891
1769100023.8657098,-1.3880031902878642,-7.2213703499046575,1.4722466296206582,0.7410770050428166,0.6714200418491909
1769100023.915701,-1.38705157500189,-7.211774050464792,1.4742776136392348,0.7403948013644562,0.6721722533045287
1769100023.9657173,-1.3864138019192447,-7.205325996168377,1.4724619497790037,0.7410047156132946,0.6714998223669612
1769100024.0157123,-1.385772745368984,-7.198929122389686,1.4734717658822494,0.7406655755077666,0.6718738760048264
1769100024.0657191,-1.384790204246839,-7.189259579095176,1.4687519162938065,0.7422490833815188,0.6701240916571312
1769100024.115693,-1.384157890317189,-7.183039904671206,1.470885256875037,0.7415338597973855,0.670915445323769
1769100024.1657052,-1.3834826801747004,-7.176544706906057,1.464715257117686,0.7436001019125102,0.6686246244610682
1769100024.2157016,-1.382493983513292,-7.166901317637718,1.4674541922353763,0.7426837451773796,0.6696423333760352
1769100024.265715,-1.3818768722376154,-7.1608327391249365,1.4701890453248576,0.7417673644051251,0.6706572724599907
1769100024.315699,-1.380922854150625,-7.1512620939619715,1.470064772448785,0.7418090352271937,0.6706111803834619
1769100024.3657136,-1.3803276886746796,-7.145064084909068,1.4752823082015891,0.7400570440543823,0.6725441037920784
1769100024.4156978,-1.3797298043034214,-7.138815570867373,1.4745659883939655,0.7402978749140464,0.672279001901552
1769100024.4657173,-1.3788330348685751,-7.1293919138161685,1.4746376006505573,0.7402738027312987,0.6723055086712754
1769100024.5156944,-1.3782250210954026,-7.123042658258273,1.47346795313584,0.7406668563487749,0.6718724640185987
1769100024.565722,-1.3776058992683462,-7.116592755560298,1.4732812720968769,0.7407295660469883,0.6718033268627362
1769100024.6156924,-1.3766865177407681,-7.107247606593507,1.474111952787928,0.7404504751383664,0.6721109237822039
1769100024.6657038,-1.3760631993688317,-7.100950706251171,1.4705124147898296,0.7416589196682865,0.6707771961512036
1769100024.7156975,-1.375450876011981,-7.094830770581005,1.4711769799534173,0.7414359911499265,0.6710235994564767
1769100024.7656953,-1.374447588398333,-7.084959813059486,1.4689009824593144,0.7421991349055224,0.6701794119081056
1769100024.8158994,-1.3737961506310303,-7.078513116458623,1.4697673140020988,0.7419087665023,0.6705008442851028
1769100024.8656957,-1.3731461571809285,-7.0722443363368725,1.4705467798171983,0.7416473939204518,0.6707899396167195
1769100024.9157038,-1.3721619676909653,-7.062625860501467,1.4699733928934773,0.7418396745286231,0.6705772865936235
1769100024.965724,-1.3715119754059426,-7.056331643379282,1.4715702872294711,0.7413040175820935,0.6711693925654292
1769100025.015696,-1.3708937370153578,-7.050314048041123,1.4681273307811449,0.7424583220832085,0.6698922599712483
1769100025.0657127,-1.3699225207087744,-7.040668836556997,1.4733253219598623,0.7407147694450756,0.6718196412177366
1769100025.1157043,-1.3692993940088591,-7.0343210581956335,1.4732367197510303,0.7407445310702814,0.6717868260761511
1769100025.165719,-1.3684179199392617,-7.025073902554073,1.475847469954717,0.7398669664070346,0.672753202905532
1769100025.2157176,-1.367841628028749,-7.019001306192982,1.4762936576551633,0.7397168608940837,0.6729182459325967
1769100025.2657266,-1.3672465646504341,-7.012625386707881,1.4771752145494874,0.7394201811859985,0.6732442318021485
1769100025.3157058,-1.3663513852393983,-7.0031253456565095,1.4789274406857746,0.7388300594120468,0.6738917890204564
1769100025.3657157,-1.3657265586172769,-6.996625159246355,1.4744769293382074,0.7403278104466336,0.6722460361201792
1769100025.415719,-1.3650977801055146,-6.990150770358704,1.4752074916854931,0.7400822022399501,0.6725164190766391
1769100025.4657323,-1.3641139663560435,-6.9802523808154,1.4706773131298965,0.7416036121244003,0.6708383430335821
1769100025.5156994,-1.3635036537280514,-6.974055954545003,1.4721776311986754,0.7411001680634862,0.6713944748776776
1769100025.5657184,-1.3628558868531073,-6.967557998283958,1.4755630513913134,0.7399626306751177,0.6726479801533336
1769100025.615704,-1.3619093476614512,-6.957910324350168,1.4750840962657477,0.7401236935542315,0.6724707564196692
1769100025.665975,-1.361305256307385,-6.951738696756543,1.4780890015046877,0.7391125031207681,0.6735819977779636
1769100025.715726,-1.3606962314079767,-6.945491263897962,1.4754361920078551,0.7400052950405571,0.6726010431986692
1769100025.7657146,-1.3598087329313189,-6.936143030300929,1.4780085789772943,0.7391395881065423,0.6735522765856343
1769100025.8157344,-1.359212950498628,-6.929894323128274,1.4761534142667783,0.7397640452428897,0.6728663740787436
1769100025.8657396,-1.3586070751681536,-6.923494021759933,1.4758979245888322,0.7398499944132532,0.672771867549996
1769100025.9157264,-1.3576873655729411,-6.913869180416974,1.4769447815606835,0.7394977451182491,0.6731590339325658
1769100025.9657385,-1.3570678916863135,-6.907343047853389,1.4767578643418282,0.7395606543958166,0.6730899185618751
1769100026.0157113,-1.3564526170133724,-6.900943635989167,1.4775425288576858,0.7392965225967641,0.6733800202532981
1769100026.065715,-1.355541509278853,-6.89152136205112,1.4745956611004063,0.7402879006638357,0.672289985148322
1769100026.1157134,-1.354947799055427,-6.885450435161014,1.4743070963718885,0.740384892546589,0.6721831676624875
1769100026.165726,-1.3543066820052527,-6.87907893776901,1.4746044672722336,0.7402849405060962,0.6722932446930325
1769100026.2158196,-1.3533334237996735,-6.869382964148231,1.4706400385649374,0.7416161145992994,0.6708245214410686
1769100026.2657244,-1.3526768428672176,-6.86301305040125,1.471106660598761,0.7414595836648755,0.6709975303915131
1769100026.3157032,-1.3520148256060458,-6.8565165074283,1.4695322648967206,0.7419875616902913,0.6704136471588985
1769100026.3657413,-1.3510509341829398,-6.846896007781899,1.4728752993993486,0.7408659176901496,0.6716529550334253
1769100026.4158027,-1.3504507833508541,-6.840825727829472,1.4720962746947939,0.7411274786039228,0.671364327662851
1769100026.465739,-1.3498597468479456,-6.834500214018654,1.4756121713636552,0.7399461102268587,0.6726661534224398
1769100026.5157208,-1.3489788513109235,-6.825075045277671,1.4807916936233652,0.7382015861595312,0.6745801792163421
1769100026.565735,-1.3484131059288256,-6.818823548030231,1.4824910805512213,0.737628133376328,0.6752071806873458
1769100026.6157064,-1.3478333314862643,-6.812446287580266,1.4819157561767322,0.7378223344288971,0.6749949650315125
1769100026.665734,-1.3469581212796942,-6.802842742372704,1.478157393540396,0.7390894688666033,0.673607272088479
1769100026.715678,-1.3463972512389515,-6.796743287232671,1.4796457112098451,0.7385879934665546,0.674157085483086
1769100026.7657483,-1.3457665561509398,-6.790091078895441,1.4777816594406379,0.7392160044341209,0.6734684096440261
1769100026.8157403,-1.3448715167096414,-6.780565592494866,1.477931349255507,0.7391655966829327,0.6735237343110962
1769100026.8659465,-1.3442330293985725,-6.774015796423097,1.477120233175283,0.7394386888531121,0.673223904378915
1769100026.915719,-1.343306849687579,-6.764239014739639,1.473794690902236,0.740557083411191,0.6719934569692702
1769100026.9657483,-1.3427568644605155,-6.758367336960156,1.4759438698140865,0.7398345388905302,0.6727888636597937
1769100027.0157228,-1.3421768812213997,-6.752269671509055,1.4757362680309196,0.7399043709885802,0.6727120645506467
1769100027.0657146,-1.3412956186762162,-6.742844577302135,1.4792115131411467,0.7387343349121016,0.6739967228569994
1769100027.1157174,-1.3407356674244735,-6.736922985656025,1.4762215145474484,0.7397411336195845,0.6728915627582294
1769100027.1658812,-1.3401480354379975,-6.730571812522564,1.4767884888909262,0.7395503477714869,0.6731012428387522
1769100027.2157235,-1.339253685145049,-6.720944576174804,1.479215038988689,0.7387331467061093,0.6739980251882716
1769100027.2657309,-1.3386710281330882,-6.714491272016128,1.4778223421147403,0.7392023050332752,0.6734834461465944
1769100027.3157191,-1.3380866644786424,-6.708063538365049,1.4796627568640364,0.7385822477154546,0.6741633803163642
1769100027.3657331,-1.3372053912206059,-6.698485940906463,1.4764220875218226,0.7396736479686821,0.6729657454140606
1769100027.415703,-1.3366311183356212,-6.69213352395433,1.479314966243034,0.7386994703980043,0.674034934134506
1769100027.4657397,-1.3360305136397204,-6.68575814573706,1.477497863172633,0.7393115609023514,0.6733635094925539
1769100027.515692,-1.3351132217637467,-6.6760567947198854,1.4739816252039064,0.7404942708626862,0.6720626717944829
1769100027.5657415,-1.334486998585009,-6.669633016150648,1.4751218819163876,0.7401109885496089,0.6724847393273105
1769100027.6156979,-1.3338384636520382,-6.6630842266307555,1.471983478932646,0.7411653409507516,0.671322528575763
1769100027.6657388,-1.332875950162207,-6.653336403153795,1.4737114871480537,0.7405850389595389,0.671962647823001
1769100027.7156887,-1.332245104069859,-6.646913076002256,1.4717690100287935,0.7412373255926167,0.6712430462569464
1769100027.765731,-1.3316421236340894,-6.640461618226192,1.4759479303448435,0.7398331729490685,0.6727903657188573
1769100027.8157372,-1.3308011458751208,-6.631083500745482,1.4794624180590679,0.7386497745528912,0.6740893935918018
1769100027.8657434,-1.3302586457315124,-6.625160280983717,1.4812185640051152,0.738057590197081,0.6747377220464835
1769100027.9157221,-1.3297050568875546,-6.618882241864308,1.4831591486055657,0.7374025500549765,0.675453535909331
1769100027.9657545,-1.3288665490984604,-6.6093516206449525,1.4820019932446593,0.7377932289496986,0.6750267782214108
1769100028.0156963,-1.328308359775541,-6.602972368118567,1.4840541772369873,0.7371002010986915,0.6757834664596853
1769100028.0657287,-1.3277307306371224,-6.5964678276636945,1.480839844283094,0.7381853452052594,0.674597951467533
1769100028.115723,-1.3268697545665844,-6.586685074235556,1.481564492383513,0.7379408736945565,0.6748653694855846
1769100028.1657376,-1.3262877051080655,-6.580180908663872,1.4827310018687248,0.7375471297708924,0.6752956621856225
1769100028.2157202,-1.3257005638338013,-6.573575555274893,1.4783313834370089,0.7390308656401038,0.6736715665895652
1769100028.2657497,-1.324849250772534,-6.563969824845021,1.4766292920845794,0.7396039232126737,0.6730423736797123
1769100028.3156981,-1.324247133196189,-6.55759459194164,1.4735994487840036,0.7406226805953685,0.6719211598005609
1769100028.3657436,-1.3236780514397304,-6.551241717316318,1.4754964877589685,0.7399850172117172,0.6726233524805504
1769100028.4157062,-1.3227860973681096,-6.541715953489847,1.4725142378227098,0.7409871596540243,0.6715191949809488
1769100028.4657607,-1.3222120651478177,-6.535338047228432,1.4765943739027467,0.7396156738079428,0.6730294607649971
1769100028.5157745,-1.3216692679079667,-6.529287703501753,1.4807068859376946,0.738230190287747,0.6745488760258347
1769100028.565751,-1.3208500668061898,-6.5200348202810465,1.482027532438652,0.7377846090696261,0.675036199488575
1769100028.6156905,-1.3203014753213889,-6.513730930269444,1.4858827023745467,0.7364820495946017,0.6764570870535208
1769100028.665741,-1.3197494472106635,-6.507274962609453,1.4857883427818077,0.7365139638825299,0.6764223392275299
1769100028.7156932,-1.3189518224830874,-6.497867819227011,1.4853417456346418,0.736664989662641,0.676257859847367
1769100028.7657452,-1.3183951765693531,-6.491488466852653,1.483427345918888,0.7373119660132933,0.6755524145272609
1769100028.8157036,-1.3178247755103665,-6.485034086259302,1.4783461850653943,0.7390258799017735,0.6736770360012352
1769100028.8657737,-1.3169478693753904,-6.475456104226572,1.4775028026216463,0.7393098978777354,0.6733653353863803
1769100028.915695,-1.3163362002023786,-6.468827569405405,1.4755771706006433,0.73995788202786,0.6726532039802112
1769100028.9657655,-1.31572010725713,-6.462351970894693,1.4770509747982103,0.739462001607259,0.6731982978134943
1769100029.0156946,-1.31478039778248,-6.452551025254989,1.4739898283265016,0.7404915143502134,0.6720657089714723
1769100029.0659823,-1.3141780050104537,-6.446124991421306,1.4779725629940963,0.739151717310433,0.6735389660569295
1769100029.1156955,-1.3135968704776475,-6.439849478397991,1.4820546929162581,0.7377754418488043,0.675046218717505
1769100029.1657472,-1.312745720596665,-6.430396231024557,1.4827212276475663,0.7375504300066593,0.6752920577031777
1769100029.215697,-1.3122133086241443,-6.424446695551623,1.484960636993979,0.7367938401442108,0.676117472874017
1769100029.26576,-1.3116458443119665,-6.418144549418988,1.4808031462605877,0.7381977232863932,0.6745844063827637
1769100029.3156962,-1.3107917811760947,-6.408513653014231,1.4845117092992626,0.7369455855108465,0.6759520722625796
1769100029.3657746,-1.310231780444034,-6.402185411406991,1.4828793183240958,0.7374970490134177,0.6753503555166759
1769100029.4156997,-1.309669387535059,-6.395679503165096,1.4841989753689468,0.7370512730751566,0.6758368300546301
1769100029.4657826,-1.3088215194849362,-6.38599725675102,1.4830421378588186,0.737442066454249,0.6754103927418402
1769100029.5156994,-1.3082779084609353,-6.379769194475069,1.4789497668478844,0.7388225366573494,0.673900036598307
1769100029.5657609,-1.3074282581818122,-6.37011251642149,1.484278257838876,0.7370244814894743,0.675866047146305
1769100029.615701,-1.3068864679288075,-6.364011341763164,1.4792561823130526,0.7387192812901114,0.6740132220143913
1769100029.6657639,-1.3063060598643594,-6.357532455679782,1.4788295787425079,0.738863032707578,0.6738556365410625
1769100029.7157001,-1.3054358081104998,-6.348208002503093,1.4771469797038563,0.7394296855857928,0.6732337930277235
1769100029.765767,-1.3048677633577468,-6.3420838047389525,1.4790070498227499,0.7388032348548821,0.6739211972982909
1769100029.820532,-1.3040195447985945,-6.332884425164135,1.484552985466287,0.7369316349985862,0.6759672812631619
1769100029.86576,-1.3034396639865775,-6.326456321620414,1.4834453980391622,0.7373058684065399,0.6755590695218873
1769100029.9157014,-1.3028864130417939,-6.320178294721571,1.4878861679254838,0.7358040509543746,0.6771945057360789
1769100029.9657626,-1.3021077141954533,-6.311049020271567,1.4871857540060587,0.7360411640572027,0.6769367805144865
1769100030.0157068,-1.301577107427946,-6.304692831416045,1.4890690680963983,0.7354033955324549,0.6776295786337367
1769100030.0657535,-1.3010501005848318,-6.298412565172211,1.4873109727453413,0.7359987800294993,0.6769828622609946
1769100030.1195667,-1.300239439875315,-6.288803331554603,1.4827882939589114,0.7375277849182906,0.6753167897168851
1769100030.1657467,-1.2996812615749578,-6.282347891697575,1.4832028617745614,0.7373877867715632,0.6754696528491384
1769100030.215708,-1.2991458941619547,-6.276169930177737,1.4819863871455663,0.737798496194633,0.6750210211637399
1769100030.2657428,-1.2982783565374192,-6.266311558148849,1.483670560592974,0.7372298084315206,0.6756420720766458
1769100030.31677,-1.2976867114910025,-6.25973199387628,1.4797510744245865,0.7385524767627666,0.6741959945502369
1769100030.3657477,-1.2971357651317303,-6.253530006882704,1.4808982522205925,0.7381656439529806,0.6746195091216096
1769100030.4157069,-1.2963074048195935,-6.2443034087618745,1.4836726375425355,0.7372291067938703,0.6756428376708452
1769100030.4657648,-1.2957514942186537,-6.237949388140675,1.4847044566523555,0.7368804381022411,0.6760230912788773
1769100030.5205307,-1.2949515981047692,-6.228745685759799,1.4875447056635351,0.7359196584136469,0.6770688712090827
1769100030.5657585,-1.2944001927937971,-6.222442094391139,1.4840762281377569,0.7370927502368101,0.6757915932803067
1769100030.6255474,-1.2938906550553562,-6.216439731507069,1.4891256334797796,0.7353842300498761,0.6776503775502165
1769100030.6657727,-1.2930896322491545,-6.206855111167201,1.489409213975304,0.7352881384430124,0.6777546410501439
1769100030.7166486,-1.292587920028528,-6.200648918203745,1.493202109349718,0.7340014907553644,0.6791478569272693
1769100030.7657757,-1.2920749387757087,-6.194316725627163,1.4928342590788657,0.7341263907011516,0.6790128441171788
1769100030.817609,-1.2913151182986258,-6.184627173707932,1.4909699180646,0.7347590274001846,0.678328218235048
1769100030.8657858,-1.290824749206331,-6.178343897772128,1.4944933552111492,0.7335628643795103,0.6796216035437131
1769100030.9226375,-1.2903406800710315,-6.172161722764223,1.491214013332273,0.7346762335740425,0.6784178887834982
1769100030.965785,-1.2895653982537052,-6.162371824513789,1.4920913594151834,0.7343785592565814,0.678740106155683
1769100031.0189924,-1.2890189025775611,-6.155940685909279,1.4874992436827454,0.7359350486695295,0.6770521428514772
1769100031.065772,-1.2881976136068045,-6.146103743453473,1.4847114020694334,0.7368780904666362,0.6760256502457905
1769100031.1156693,-1.287728221453691,-6.139920289955837,1.487006438800367,0.7361018536278122,0.6768707861074363
1769100031.1657846,-1.2871880552387,-6.133488708381055,1.487006438800367,0.7361018536278122,0.6768707861074363
1769100031.2160366,-1.2864683590695487,-6.124278274894003,1.4930835563799765,0.7340417469634759,0.6791043467058714
1769100031.2657528,-1.285987338599847,-6.1180196619983676,1.4923569129309606,0.734288431872677,0.6788376085765763
1769100031.3157868,-1.2855530563006456,-6.11211278164597,1.4971004150394183,0.7326763343085461,0.6805772470074147
1769100031.3657537,-1.2848608809989939,-6.102722678940274,1.498892735645919,0.7320661338707516,0.6812335690785729
1769100031.4157922,-1.2844262026484718,-6.096638296405514,1.4990227474236462,0.7320218481303312,0.681281156248912
1769100031.4657593,-1.2839629511649222,-6.090276863210044,1.4978964178347403,0.7324054055903343,0.680868799301347
1769100031.515789,-1.2832612214554795,-6.080760579327989,1.4938290557382623,0.7337885600472663,0.6793779133470261
1769100031.565771,-1.2827879522699133,-6.074323713821019,1.4962103771979172,0.7329791315002164,0.6802511247952394
1769100031.6158075,-1.2822985758122674,-6.067761155996944,1.4924141613333546,0.7342690003875739,0.6788586267182829
1769100031.6657727,-1.2815599562365088,-6.058069969440615,1.4925998377500507,0.7342059732047307,0.678926792011108
1769100031.7159991,-1.2810845895129916,-6.051937873942696,1.4933737946964756,0.7339431881833626,0.679210863075114
1769100031.7658074,-1.28033575983887,-6.042247460814621,1.4899735550945192,0.7350968667673052,0.6779620907313998
1769100031.815771,-1.2798706189675686,-6.036241509909941,1.4921758049786793,0.7343499003066126,0.6787711130562851
1769100031.8657677,-1.2793890754430164,-6.03008450452111,1.4903933063585115,0.7349545628563953,0.6781163547183956
1769100031.915761,-1.2786461691212436,-6.020418999649387,1.4958846696965191,0.7330899032270211,0.680131747374431
1769100031.9657753,-1.2781708460109589,-6.014159980711837,1.495096655331052,0.7333578231107121,0.6798428519020535
1769100032.0157695,-1.2777284457504825,-6.007999965981548,1.5001907924264883,0.7316238397880686,0.6817085572689863
1769100032.0657694,-1.2770738277270286,-5.99848024027286,1.5014783265586518,0.7311848266949093,0.6821794113069782
1769100032.116074,-1.2766565943386823,-5.992470763571062,1.502120737096353,0.7309656693582623,0.6824142365305895
1769100032.165787,-1.2760337158250081,-5.983278725987383,1.5036125896733135,0.7304564353299628,0.6829592931390889
1769100032.2157872,-1.2755952453678208,-5.976839423965332,1.5002327487890021,0.7316095386214027,0.6817239052565036
1769100032.2658126,-1.2751621134782372,-5.970475832755358,1.5018632230435256,0.7310535289267874,0.682320113908194
1769100032.3157668,-1.274491005732229,-5.961058827659624,1.4989138761003353,0.732058933036248,0.6812413071458822
1769100032.3658242,-1.274010469002729,-5.954317983184033,1.4995121426447973,0.7318551183453237,0.6814602598477422
1769100032.4157796,-1.2735476600963125,-5.948108743961088,1.4992131549972014,0.7319569842670586,0.6813508444132678
1769100032.4658227,-1.2728297025955893,-5.938187584019115,1.4954766813624685,0.7332286308820696,0.6799821871599327
1769100032.5157743,-1.2723779200312144,-5.931850691696502,1.4993446492902274,0.7319121858112858,0.6813989670236856
1769100032.565794,-1.2719166712962358,-5.92541296949473,1.4972508512026337,0.7326251405210351,0.6806323555903976
1769100032.6157668,-1.2712683126119384,-5.9161211909970355,1.5014269720875002,0.7312023429353139,0.6821606362770484
1769100032.6657903,-1.2708316456312685,-5.909859350136069,1.5010496314397452,0.7313310333886145,0.6820226679537428
1769100032.7157767,-1.2704044859121044,-5.903469962355528,1.5044356908969738,0.7301753011628218,0.6832598550857372
1769100032.7657785,-1.2697691336958625,-5.893999756495856,1.5059309014930615,0.7296642884703285,0.6838055470169054
1769100032.8157802,-1.269335132068088,-5.887433320226128,1.504543012992403,0.7301386356718814,0.6832990360736679
1769100032.8660092,-1.2689169895459675,-5.881018005526628,1.507818987975804,0.7290184214163224,0.684494076844828
1769100032.915775,-1.2682830265918104,-5.871319431364503,1.505515891906053,0.7298061656891114,0.6836541234587541
1769100032.9659927,-1.2678600921819336,-5.864853713478365,1.5055069279534714,0.7298092298033535,0.683650852477956
1769100033.0157833,-1.2674257412632082,-5.858490211763471,1.5034961912061973,0.7304961818002694,0.682916779977786
1769100033.0660388,-1.2667652162684357,-5.848818739043325,1.498172446223322,0.7323114290564803,0.6809698751584065
1769100033.1157773,-1.2663125833554059,-5.8424058093817255,1.4995739264408925,0.7318340663952482,0.6814828679162782
1769100033.1657841,-1.2658416247716529,-5.835867272026401,1.4960542355309727,0.7330322370386715,0.6801938984304996
1769100033.2159958,-1.2651371685394277,-5.826097445095243,1.5004500097959994,0.7315354782937625,0.6818033763465212
1769100033.2657712,-1.2646818200576053,-5.819760796927499,1.4997080781792513,0.7317883536932623,0.6815319547892855
1769100033.3157973,-1.264244384082871,-5.8132198938348925,1.5058729185308863,0.729684112699266,0.6837843926811176
1769100033.365782,-1.263631614167417,-5.803773546883661,1.5115589606864996,0.7277371529450111,0.6858561337653033
1769100033.4157863,-1.2632358007783635,-5.797483706394734,1.5101463207309567,0.7282214052642605,0.6853419474356912
1769100033.4657845,-1.262852630838939,-5.791218369851699,1.5141938454284443,0.7268329457253753,0.6868142900436578
1769100033.515782,-1.2622870295221922,-5.781743810010019,1.5100552481495466,0.7282526124393973,0.6853087862235482
1769100033.565784,-1.2619018216006623,-5.77530108026196,1.50949783757176,0.7284435833360631,0.6851057917551976
1769100033.6157787,-1.2615105052426256,-5.768934802709316,1.5064431102407332,0.729489138951659,0.6839923948053568
1769100033.6658413,-1.2609248320862994,-5.759436023050111,1.506081764426159,0.7296127059392711,0.683860584718826
1769100033.715786,-1.2605372855632546,-5.753170943135452,1.509095824911877,0.7285812792201067,0.6849593561445766
1769100033.7657764,-1.2601329725344654,-5.746551874536436,1.5076730462656653,0.7290683675934366,0.6844408779249247
1769100033.8160987,-1.2595292996715566,-5.736749890253599,1.5107330906320895,0.7280203049130456,0.6855555671383
1769100033.865787,-1.2591295554141182,-5.730358780879325,1.5075339751959196,0.7291159587933413,0.684390180111365
1769100033.9159117,-1.2587682408778904,-5.724421747724785,1.5077241271975323,0.729050886416721,0.6844594984474928
1769100033.9658031,-1.2581658905967759,-5.714847928381545,1.5092905481953611,0.7285145869995548,0.685030288767488
1769100034.0160573,-1.2577994197036184,-5.708835139567623,1.5117315052567726,0.7276779798609097,0.6859189147600069
1769100034.0657635,-1.2572283848313497,-5.699360837099582,1.5153297405674797,0.7264427540143772,0.6872269822555043
1769100034.1157842,-1.256838946525343,-5.692816978701194,1.5137018720014954,0.727001870923511,0.6866354780185151
1769100034.1658354,-1.2564943101816424,-5.686853611289493,1.5170734136162332,0.7258433284224509,0.6878600603208607
1769100034.2157962,-1.255955641899319,-5.677250683481019,1.5163014025406583,0.7261087921329367,0.6875798295378128
1769100034.266135,-1.2556009743737504,-5.671059722513301,1.516322393957599,0.7261015754555019,0.6875874505261408
1769100034.3157852,-1.255274366844553,-5.665069987811551,1.5169564467918406,0.7258835555845646,0.6878176093499717
1769100034.365793,-1.2547259051079795,-5.6554675693141565,1.5116022447479556,0.7277223094550626,0.6858718833145081
1769100034.4160292,-1.2543325427897305,-5.648999959171127,1.5105949591689365,0.7280676515734328,0.6855052842483028
1769100034.4658215,-1.2539426386885328,-5.642785702195988,1.5063609501069193,0.7295172367894609,0.683962426765586
1769100034.515796,-1.2533103906152208,-5.6329601717993505,1.506420238444373,0.7294969609713406,0.6839840523971142
1769100034.565784,-1.2529003313359748,-5.6267472281601485,1.5040548539635934,0.7303053932182085,0.6831208038380897
1769100034.6160302,-1.2522699788910112,-5.616946979861843,1.5069067218073724,0.7293305659610607,0.6841614762283236
1769100034.6657536,-1.2518697467970763,-5.61060661964921,1.5121770641395837,0.7275251531719177,0.6860810094312316
1769100034.7158017,-1.2514886572034485,-5.6042650938160214,1.5137114531140508,0.7269985815492691,0.6866389607540128
1769100034.7660728,-1.250946952999425,-5.594865124427941,1.5163383898374916,0.7260960761491415,0.6875932578209447
1769100034.8158014,-1.2505813358151427,-5.588548060258355,1.5128702456384049,0.7272873201484306,0.6863331217064453
1769100034.865779,-1.2502216759785516,-5.582230611898334,1.5139204956384638,0.726926809207423,0.6867149438125799
1769100034.9160016,-1.249849571910171,-5.575787125129987,1.5145196482223338,0.7267210530746464,0.6869326830323892
1769100034.9657984,-1.249307333336311,-5.566133658172525,1.5152116848138562,0.7264833182984352,0.6871841006848853
1769100035.0157988,-1.2489400073017416,-5.559664546478644,1.51494174526456,0.7265760607642495,0.6870860411362653
1769100035.065783,-1.2485619258473404,-5.553043933911842,1.5108675617397112,0.7279742095593041,0.6856045144370815
1769100035.1158803,-1.248002504532235,-5.5432646962111765,1.5135094623674423,0.7270679251996013,0.6865655337591212
1769100035.1657846,-1.2476298744516972,-5.536795884073939,1.5101575537525895,0.7282175560223139,0.6853460374882809
1769100035.2161293,-1.2472598578784724,-5.530402989314617,1.5094427133325043,0.7284624660271622,0.6850857140457868
1769100035.265747,-1.2466755444985163,-5.520777345486493,1.5102106925560452,0.728199346531087,0.6853653855511657
1769100035.3157876,-1.2462908144461542,-5.514359955593542,1.5113333065301575,0.7278145314564367,0.6857740209433771
1769100035.3657944,-1.2459015738952064,-5.507968187313963,1.5142523818315863,0.7268128435949827,0.6868355628426467
1769100035.4158034,-1.2453378036462681,-5.4982906138459775,1.5137043161846269,0.7270010317915416,0.686636366480857
1769100035.4658036,-1.244987065697792,-5.4920233595545405,1.5190831760620112,0.7251517444069059,0.6885890992338038
1769100035.515747,-1.24465435788436,-5.48557771201888,1.523688467598008,0.7235642465920391,0.690257039843633
1769100035.5660372,-1.2442084946895704,-5.476122021771241,1.5277525628106223,0.7221601185152343,0.6917259307168286
1769100035.6157818,-1.2439302636193343,-5.469851183681538,1.530207559020844,0.7213104824013639,0.6926118595417723
1769100035.6657932,-1.2436733417423433,-5.463503393433721,1.5306663470621,0.7211515824053005,0.6927773056288226
1769100035.715789,-1.2432967614086086,-5.453816659566119,1.5353502643976769,0.7195271503981453,0.6944643114227863
1769100035.7658038,-1.2430649918925603,-5.447391945106147,1.5367505556515604,0.7190407479296606,0.6949679149548952
1769100035.815804,-1.2428607936888558,-5.44073822019055,1.5405152860295797,0.7177312914039189,0.6963201801898771
1769100035.8658113,-1.2425700230584715,-5.430921943340316,1.543666062315223,0.716633426652465,0.6974500210082054
1769100035.9157844,-1.2424060666890553,-5.4243684348019325,1.5461301676237713,0.7157735878121259,0.6983324215519117
1769100035.9658039,-1.2422653602243547,-5.4178143269952415,1.5546801188614285,0.7127817023089714,0.7013859457199901
1769100036.0159996,-1.2420909451071447,-5.408400528774759,1.5542209166894407,0.7129427224946598,0.7012222717811396
1769100036.065796,-1.2420016397396259,-5.401946791752006,1.563762166362586,0.7095893539311191,0.7046154616438792
1769100036.115766,-1.2419364394663501,-5.395720888257552,1.5666216597624802,0.7085812073808191,0.7056292741565791
1769100036.1657953,-1.2419012188826029,-5.386178785151964,1.5718928608220748,0.7067189916057742,0.7074943582133483
1769100036.2157857,-1.2418966804760803,-5.379724656946671,1.5764712065868722,0.7050975644076476,0.7091103050064943
1769100036.2658043,-1.2419503619103407,-5.373346400693066,1.5866072666684612,0.7014947322931212,0.7126746386430503
1769100036.3157847,-1.242097422362821,-5.363602974052783,1.5933338775059713,0.6990938267496234,0.7150299444083216
1769100036.365877,-1.242213775124106,-5.35725133208283,1.5989706898045095,0.6970758080316418,0.7169974322527477
1769100036.415776,-1.2423601301294747,-5.351077551091149,1.5996719910714414,0.6968243495782016,0.7172418182418788
1769100036.4658074,-1.242632917562704,-5.341488716273379,1.6057032397985347,0.6946582525002981,0.7193399142500241
1769100036.515755,-1.2428095572908882,-5.335416974688151,1.604875129604188,0.6949560393032146,0.7190522258056009
1769100036.5658028,-1.2430329390669652,-5.328915952472584,1.6076047284129658,0.6939740303190122,0.7200000314186012
1769100036.6157968,-1.243376443246575,-5.319126830516925,1.6102642686523836,0.6930159825001294,0.7209222204921835
1769100036.665799,-1.2436328618988157,-5.312525743539943,1.6142086171777037,0.6915928514407016,0.7222875658877977
1769100036.7157898,-1.2439159009439633,-5.305925744239939,1.6192328051820664,0.6897762168995668,0.7240226312759304
1769100036.766079,-1.2443653681972267,-5.296318293592942,1.6216743300804326,0.6888918435052578,0.7248641444794517
1769100036.8159943,-1.244682016343806,-5.289973247545628,1.6253191884865241,0.6875696866612723,0.7261183966713142
1769100036.8661253,-1.2450449186733714,-5.283655835475105,1.6321363522233205,0.6850906632163419,0.728457811526373
1769100036.9158082,-1.2456269799302766,-5.274258226538723,1.6389678266199612,0.682598451048786,0.7307936470891069
1769100036.9658287,-1.246051182019734,-5.267970207121692,1.645594141690875,0.680173474557161,0.7330511881914107
1769100037.0158274,-1.2465213973253562,-5.261710780357808,1.653193495707885,0.6773832135018247,0.7356303297621308
1769100037.0661066,-1.2472873610830213,-5.252123533027933,1.6567402043410335,0.6760776158526985,0.7368304128786561
1769100037.1157622,-1.24782006722161,-5.245640760208975,1.6613524564676956,0.6743765957763639,0.7383875723961522
1769100037.165852,-1.2483803906927926,-5.239109553600503,1.6631655575633948,0.6737069330970166,0.7389986253688243
1769100037.2157817,-1.249248878138424,-5.229556318281675,1.6660545738282913,0.6726387410644586,0.7399710291756159
1769100037.2658403,-1.2498374032620647,-5.22307831452245,1.6658657614884447,0.6727085958976188,0.7399075246309191
1769100037.315798,-1.250448932721075,-5.216653132034624,1.666088415775045,0.67262621993808,0.7399824107719112
1769100037.3661656,-1.251351666139191,-5.207357152849921,1.6709213428307772,0.670836117340598,0.7416056254313282
1769100037.4159195,-1.251968467762127,-5.201263074384378,1.6747428451137996,0.6694178698066338,0.7428860717388291
1769100037.4660938,-1.2529748478762082,-5.191977523292625,1.6806742998668667,0.6672117315324594,0.7448681126920774
1769100037.51597,-1.253701153416083,-5.185487797389946,1.6864580991755522,0.6650548607254928,0.7467945046834473
1769100037.565834,-1.2544582686570624,-5.179103463520821,1.691911937878916,0.6630159421607246,0.7486052767919331
1769100037.615817,-1.255596332090309,-5.1697823858085785,1.6995882990986755,0.6601377833106642,0.7511445313957111
1769100037.6658242,-1.256359805502327,-5.163654211168284,1.6982242426432772,0.6606499315087748,0.7506941241260991
1769100037.7157733,-1.2571969134088834,-5.157126885906539,1.704261318043692,0.6583809266581958,0.7526848978242459
1769100037.7661223,-1.258379263721569,-5.148219824257146,1.705501862833597,0.6579139303718898,0.7530931285190512
1769100037.8158343,-1.2592068664076599,-5.142176287232693,1.7081989386369096,0.6568977578263483,0.7539796653509405
1769100037.865825,-1.2600946287517516,-5.135859964971907,1.7130579447384096,0.6550640250675472,0.755573373711848
1769100037.9163296,-1.261484774462169,-5.126317131476001,1.720424079912117,0.6522767605944185,0.7579808886696627
1769100037.9658298,-1.2624728068313609,-5.119810878742858,1.7247921258423067,0.6506197585773222,0.7594036671947186
1769100038.0157704,-1.2639358470308717,-5.110432743577568,1.7295548330263752,0.6488095068548364,0.7609508682002958
1769100038.0658262,-1.2649485701886871,-5.1039561465144745,1.7273183764841316,0.6496600178044143,0.7602248754588132
1769100038.1158576,-1.2659797156250574,-5.0975590335174354,1.734445149900004,0.6469469237234234,0.7625350338737223
1769100038.1659155,-1.2675500936109343,-5.088018768246792,1.7389129691807226,0.6452418765310735,0.7639783509829706
1769100038.2157683,-1.2686403791460839,-5.081580291166037,1.7424344174418531,0.643895721935428,0.7651132591147888
1769100038.2658288,-1.2697324636567024,-5.0752705111425405,1.7465282219444194,0.6423282620769589,0.7664296469586713
1769100038.3161223,-1.2708542318982725,-5.069042913215848,1.7517386117590092,0.6403293859697807,0.7681004344898937
1769100038.366002,-1.2726179916228268,-5.059613317142538,1.7622573770298176,0.6362808144172694,0.7714575329883664
1769100038.4160342,-1.2737907323731608,-5.053472739311976,1.7623667213751484,0.6362386362069063,0.7714923186899374
1769100038.465828,-1.2750027565461943,-5.0472364211324505,1.766329012814231,0.6347089499036055,0.7727512852867101
1769100038.5158262,-1.2768404939180729,-5.037821529689338,1.7647120446540243,0.6353334995099446,0.7722378807080414
1769100038.5661404,-1.2780332948698283,-5.0316846889199915,1.764693199414859,0.6353407759855174,0.7722318941678856
1769100038.6159565,-1.279259707503663,-5.025348102565289,1.7624354675359097,0.6362121172635674,0.7715141877159543
1769100038.6658406,-1.2811006795650204,-5.01580475525422,1.7614372534474552,0.6365971061706784,0.7711965536846738
1769100038.7160797,-1.2823009856151875,-5.009591969580466,1.7633028375394155,0.6358774633119646,0.7717900308062686
1769100038.7660747,-1.2841246669982225,-5.000096838438044,1.7619272733714642,0.6364081362268283,0.7713525031684896
1769100038.815855,-1.2853385182649586,-4.993654669260218,1.760790716802561,0.6368463763195579,0.7709907217137234
1769100038.8658593,-1.2865096204322097,-4.98756513836275,1.760790716802561,0.6368463763195579,0.7709907217137234
1769100038.916155,-1.2882486687583354,-4.978363017445853,1.7576510841627184,0.6380559049423975,0.7699900403045082
1769100038.9658425,-1.289440658950688,-4.972045568630078,1.7582538964655419,0.6378237962289305,0.7701823193011611
1769100039.0160663,-1.290594877050984,-4.965901279592429,1.7569847771848892,0.6383123943966991,0.7697774270265093
1769100039.0658379,-1.2923833550769075,-4.956476736304917,1.75838138281641,0.6377747010664679,0.7702229746505731
1769100039.1160624,-1.2935644188397641,-4.95023450103476,1.758246211446257,0.6378267556572103,0.7701798684513881
1769100039.166038,-1.294768807741697,-4.943945171943031,1.7603696452959108,0.637008683316557,0.7708566256959244
1769100039.215834,-1.2965898622520184,-4.934449532835256,1.7614506986874598,0.6365919216949159,0.7712008332676865
1769100039.265829,-1.2977776995888315,-4.928234356426382,1.7610354285766905,0.6367520362990176,0.7710686378455907
1769100039.3159945,-1.29900120576083,-4.92184561302704,1.760786531073297,0.6368479898973762,0.7709893888787779
1769100039.3658328,-1.300776066298763,-4.912495745826207,1.7587803125474595,0.6376210559580977,0.7703501729725777
1769100039.415846,-1.3019705389515568,-4.90610145794939,1.755021498025106,0.6390677307213392,0.7691504635314719
1769100039.4660397,-1.3031653126112799,-4.899681526237105,1.7546990976844674,0.639191709603279,0.7690474357115025
1769100039.5158455,-1.3049561047835379,-4.889999871491674,1.752613690789387,0.639993250396188,0.7683805303671627
1769100039.5661435,-1.3061705127522238,-4.883403398124768,1.7535817531319484,0.6396212553118239,0.7686902170272017
1769100039.6160266,-1.3073160834830857,-4.877206026005079,1.7535815634852872,0.6396213282015877,0.7686901563761805
1769100039.66583,-1.30906614375264,-4.867748523489842,1.7541210552499134,0.6394139539293127,0.7688626636275706
1769100039.715839,-1.3102219202948422,-4.861527301682878,1.7548422922890754,0.6391366462432813,0.7690931981423907
1769100039.7658424,-1.3113283345777802,-4.855580090401134,1.754817007796926,0.6391463692576708,0.7690851179581731
1769100039.8158462,-1.3130682761688783,-4.846223679162463,1.7550836733821256,0.6390438193101955,0.769170330291957
1769100039.8658419,-1.314191291175345,-4.840150830495698,1.7544918287142572,0.639271406005664,0.7689811892780872
1769100039.9160082,-1.3153779817841469,-4.833729399855428,1.7525461848195323,0.6400191851680824,0.7683589282469384
1769100039.965845,-1.3171044099008633,-4.824344750994223,1.7517040132764805,0.6403426734286979,0.7680893571624254
1769100040.0158367,-1.318281575126966,-4.817947310984672,1.7523279335623054,0.6401030290081585,0.7682890811762071
1769100040.066142,-1.3193884264289686,-4.811922962187561,1.7513509023931038,0.6404782738033787,0.7679762892081006
1769100040.116184,-1.3211438240986224,-4.8023120310742655,1.7496273630468133,0.6411398545725868,0.7674240593561308
1769100040.1659586,-1.3223073623925103,-4.795886372060874,1.7477925339747211,0.6418436306537137,0.7668355454654271
1769100040.215832,-1.3233816114623482,-4.78988183517857,1.7443512634642018,0.6431621241608763,0.7657300320902071
1769100040.2660275,-1.3250821200410066,-4.780183940888272,1.7447348953490192,0.6430152331019946,0.7658533867515294
1769100040.315845,-1.3261739826359333,-4.773899757966937,1.7415362167864037,0.6442392696052739,0.7648240081864999
1769100040.3658445,-1.3272243120454332,-4.767839625475887,1.7422728697239795,0.6439575209853013,0.7650612466766731
1769100040.4161208,-1.3288684694490063,-4.758414536324197,1.7445017343050853,0.6431045123197541,0.7657784184958278
1769100040.4658566,-1.3299903176777241,-4.752109955973761,1.7467553496363253,0.6422412192368125,0.7665025872840956
1769100040.516106,-1.3310940418757267,-4.745879290965294,1.746602852762311,0.6422996619940595,0.766453615166839
1769100040.565954,-1.3327582248989336,-4.736534812946707,1.7456868993664232,0.6426506125187729,0.7661593765198245
1769100040.6160564,-1.3338326777090543,-4.730504595122841,1.7460121436655645,0.6425260095368414,0.766263875612483
1769100040.6658456,-1.3354274480776567,-4.721481982682327,1.7449728078726885,0.6429241254966849,0.765929872021142
1769100040.7158537,-1.3365380898877783,-4.715149728280031,1.7413855976566788,0.644296866341561,0.7647754886386231
1769100040.7661226,-1.3376408252890342,-4.708764724085685,1.738173865157563,0.6455241622011382,0.7637398483872101
1769100040.8158324,-1.3392852950275982,-4.699108549793541,1.7388767998428631,0.6452556927211047,0.7639666818723231
1769100040.865854,-1.3404199739349978,-4.692523588879906,1.7401262362802246,0.644778302934632,0.76436963575533
1769100040.915882,-1.341513005591581,-4.686188274908004,1.739691079993329,0.6449445977975928,0.7642293279976248
1769100040.9658577,-1.3431847145308637,-4.67651105480247,1.7404133823869652,0.6446685534070212,0.7644622006666508
1769100041.0159857,-1.344284823115492,-4.670151270363216,1.740798632797912,0.6445212867594095,0.7645863658959628
1769100041.0658803,-1.3453534051454623,-4.663914479253616,1.7389187500984435,0.6452396682803841,0.7639802160248783
1769100041.11605,-1.3469339981674027,-4.654760910401248,1.740965054305964,0.6444576627201163,0.7646399943511488
1769100041.166084,-1.3479761073627532,-4.64872502133998,1.7411451940766869,0.6443887890694668,0.7646980374772686
1769100041.215855,-1.3490669751809106,-4.642415013442989,1.7416148166501368,0.644209211576361,0.7648493261552652
1769100041.2660875,-1.3506969791947403,-4.633064494493817,1.745462628334443,0.642736522155145,0.766087307744952
1769100041.3158355,-1.3518140455640537,-4.626733373088407,1.7457748043575831,0.6426169372814304,0.7661876218779798
1769100041.3658512,-1.3529214534600902,-4.620503344543921,1.7476506764961548,0.6418980197176244,0.766790018376995
1769100041.4158452,-1.3546284250949725,-4.6109094153773835,1.7453145790959148,0.6427932297153882,0.7660397273197129
1769100041.4658892,-1.355749353224351,-4.604527574614048,1.7432450099585395,0.6435855715180067,0.765374164793822
1769100041.5159817,-1.3568611171191316,-4.598144129972576,1.7412157241039754,0.6443618215820593,0.7647207613812053
1769100041.5658474,-1.3585280902276002,-4.58849178851583,1.7408315135982022,0.6445087165665063,0.76459696198049
1769100041.6160364,-1.3596115238307418,-4.582129129823575,1.7382158334532603,0.6455081356291197,0.763753393993518
1769100041.6660895,-1.3607210775154912,-4.575616904475331,1.7409954407996686,0.6444460452815478,0.7646497856672513
1769100041.7158527,-1.3623464852598368,-4.5660601319681415,1.7417995275261562,0.6441385708345332,0.7649088191171841
1769100041.765856,-1.3633690401401042,-4.560123611415652,1.7428227915436467,0.6437471347087657,0.7652382808996517
1769100041.8158457,-1.3644537919013802,-4.5538382382401315,1.7438804965814068,0.6433423465120308,0.7655786211646679
1769100041.865877,-1.3660724898753693,-4.5445114708009715,1.7408623382443584,0.644496932274556,0.7646068952662449
1769100041.9162164,-1.367176156577503,-4.538152307870247,1.7433164696611112,0.6435582244021185,0.7653971595220304
1769100041.965859,-1.3682459667437261,-4.531992784493586,1.7436606024378623,0.6434265157509932,0.7655078829303699
1769100042.0160255,-1.369867931717342,-4.522640891966296,1.7405084150885264,0.644632228225182,0.7644928321007575
1769100042.0660129,-1.3709564893634263,-4.516304808599299,1.738587998236453,0.6453660033959016,0.7638734984673845
1769100042.1159897,-1.3720498335383478,-4.509918195715533,1.738167858800801,0.6455264558452286,0.7637379097595576
1769100042.1658604,-1.3736657429024923,-4.500411184550038,1.7384976726454169,0.6454005014003331,0.7638443511555207
1769100042.2158515,-1.374733219987299,-4.49414853034852,1.7397159636619877,0.644935089332986,0.7642373522323109
1769100042.2658615,-1.3758561381811023,-4.487612891180576,1.7407144161830481,0.6445534816257498,0.764559225517634
1769100042.31584,-1.3774349547548452,-4.478330626537191,1.7398725135359225,0.6448752667267256,0.7642878321444969
1769100042.366163,-1.3785174985127073,-4.471916479968541,1.7391085497797014,0.6451671637742409,0.7640414457262785
1769100042.415808,-1.3795961414206448,-4.465553023893509,1.739750528633469,0.6449218813155284,0.7642484981996626
1769100042.4658766,-1.3811885507511619,-4.4561446983577495,1.7421500221819497,0.6440045127173128,0.7650216909341436
1769100042.515858,-1.3822369548246172,-4.4500328529758635,1.7434120320388717,0.6435216520812497,0.7654279086253774
1769100042.5660422,-1.3832929615876481,-4.4439223208252505,1.7458361375131948,0.6425934406269429,0.7662073283800068
1769100042.6160617,-1.3849428120332392,-4.43454961948174,1.745943337021979,0.6425523711792837,0.7662417701299505
1769100042.6658654,-1.3860593891678328,-4.428346896063636,1.7521947972082743,0.6401541711934242,0.7682464689822271
1769100042.715819,-1.3872037388708371,-4.422020710943489,1.7503210032179386,0.6408736579405061,0.7676463733764104
1769100042.7660396,-1.388924105006328,-4.412506326969405,1.749037481429619,0.641366171355505,0.7672349276726008
1769100042.8159268,-1.389991842487043,-4.406526342032585,1.7467257003405774,0.6422525822971903,0.7664930661999434
1769100042.8658664,-1.3917112833137266,-4.3969089117017175,1.7461478309441014,0.6424740219282234,0.766307465151797
1769100042.916069,-1.3928352272913067,-4.390579008325972,1.7451126599531561,0.6428705654818441,0.7659748272868072
1769100042.9660928,-1.3939897656521065,-4.384100299415572,1.7474188613802148,0.6419868921641219,0.7667156123944863
1769100043.0158536,-1.3957107774022341,-4.3743288989044435,1.7473430851009537,0.6420159411315046,0.7666912881551664
1769100043.0658984,-1.3968149430163732,-4.368098307613957,1.747082631912418,0.6421157792825705,0.7666076741047778
1769100043.1158512,-1.3979513271518438,-4.36169349130006,1.7487771212831074,0.6414660446197431,0.7671514280765576
1769100043.1658633,-1.3990594442506006,-4.355489316486991,1.747784928034574,0.6418465469017031,0.7668331045477627
1769100043.215818,-1.4007461630467786,-4.346097444075594,1.75084057816311,0.6406742114054391,0.767812838418334
1769100043.265878,-1.4017861659484743,-4.340266769629136,1.748458855794933,0.641588115409112,0.7670493401116932
1769100043.3158972,-1.4034711402315732,-4.330874587349788,1.74713232456298,0.6420967317007369,0.7666236280856675
1769100043.3658879,-1.404582286285757,-4.3246195268766074,1.7458927886056308,0.642571737128065,0.7662255298828282
1769100043.4158535,-1.405718594922893,-4.31824041146251,1.7451711255427158,0.64284817362223,0.765993619862831
1769100043.46612,-1.4073797668932462,-4.30884399596442,1.7457985541386245,0.6426078388419939,0.7661952528297353
1769100043.5158632,-1.408480944761788,-4.3026385834492284,1.746206613204685,0.642451499008178,0.766326347858499
1769100043.5661795,-1.4096244881815378,-4.296183626577247,1.7457069084809897,0.6426429474012405,0.7661658059163475
1769100043.6158655,-1.411298212372463,-4.286660906095266,1.7446584139501877,0.6430445194009897,0.7658287968393133
1769100043.6662488,-1.4124299348979055,-4.280152460651607,1.7427001799109532,0.643794047056516,0.7651988140180253
1769100043.7158806,-1.4135452930567773,-4.273718257493608,1.7426365973352502,0.6438183733869351,0.7651783465894738
1769100043.7661943,-1.41513931549503,-4.264489949017065,1.743128622193511,0.6436301105224469,0.7653367107547259
1769100043.817245,-1.4162556246144655,-4.258030216603828,1.7426243211083015,0.6438230701263262,0.7651743947448265
1769100043.8658772,-1.4173332539828487,-4.251846362788161,1.7456377861110808,0.6426694266155488,0.7661435949570039
1769100043.915864,-1.4189340542821585,-4.242824808425334,1.7487055838043641,0.64149348424888,0.7671284831540489
1769100043.9659142,-1.4200654672462234,-4.236599070185568,1.753933353456598,0.6394861095636187,0.7688026506686794
1769100044.0159085,-1.4211494256014434,-4.230673505896094,1.7529924573390543,0.6398477204988916,0.7685017206046921
1769100044.0660675,-1.4228911247065514,-4.221240184878535,1.7526937607730948,0.6399624877750315,0.7684061518759416
1769100044.1158485,-1.4239686113572254,-4.215364852243168,1.7509879441801781,0.6406176349063949,0.7678600431373787
1769100044.1659136,-1.4257347247570304,-4.205704414249611,1.7505065074350548,0.6408024543641474,0.7677058124574053
1769100044.2158182,-1.4267898606030969,-4.199902182024839,1.7495350551459832,0.6411752735416831,0.7673944674017058
1769100044.265884,-1.4279945759638624,-4.1933296462684755,1.7518256883001844,0.6402959435983381,0.7681283125959582
1769100044.3158312,-1.4297414221743643,-4.183717159458235,1.7519340413912008,0.6402543281202092,0.7681630004910023
1769100044.3662093,-1.4309130278716211,-4.177292965224595,1.750901157622617,0.6406509542681667,0.7678322439148328
1769100044.415948,-1.4320862156019896,-4.17084333026079,1.7520765635183253,0.640199586382201,0.7682086237449166
1769100044.4658759,-1.4338102210088837,-4.16138104261516,1.7519404391974132,0.6402518708379249,0.768165048598631
1769100044.5158226,-1.4349841715194134,-4.155008735615588,1.7549467226867743,0.6390964870177451,0.7691265697410129
1769100044.565932,-1.4361100399311733,-4.148859220982108,1.7542230506121008,0.6393747428849229,0.7688952712566508
1769100044.6158226,-1.4378615858713648,-4.1394534702322785,1.754449515135629,0.6392876750355989,0.7689676641755351
1769100044.6660228,-1.4390288724671112,-4.133157156849938,1.7551712258969414,0.6390101472995176,0.7691983045016733
1769100044.71592,-1.440201570852879,-4.1268875908282485,1.7553000469471904,0.6389606015072984,0.7692394618851996
1769100044.7660398,-1.4419799533785365,-4.117358117940976,1.7576446281943225,0.638058390454756,0.7699879806661181
1769100044.8158252,-1.443146536039314,-4.11113892314788,1.7586942396482808,0.6376542085039923,0.7703227313127576
1769100044.8662307,-1.444352509502321,-4.104721103937792,1.7573072935753318,0.6381882531792293,0.7698803501220458
1769100044.9159086,-1.446094941872329,-4.0953651461151575,1.7546732032735244,0.6392016665648722,0.7690391599006451
1769100044.965967,-1.4472702446119539,-4.088967330334779,1.751864688274365,0.6402809649844234,0.7681407982125513
1769100045.015926,-1.4483899789322388,-4.082868151502988,1.751343730637154,0.6404810276685217,0.7679739925262277
1769100045.0658884,-1.4500819575847992,-4.0735543756633215,1.7497896250145533,0.641077590593607,0.7674760731375901
1769100045.1158488,-1.4513032349313357,-4.066856243122401,1.7513452246245462,0.6404804539966118,0.7679744709613036
1769100045.166001,-1.452383397992336,-4.060981397608397,1.7535053160406624,0.6396506330668278,0.7686657710716709
1769100045.217368,-1.454123322109206,-4.05157349755192,1.7547090987729204,0.6391878639395727,0.7690506320083004
1769100045.2659154,-1.4553001145552054,-4.045304683413784,1.759072108202115,0.6375086567557212,0.7704431923000657
1769100045.3223433,-1.4564853652220917,-4.039011757774476,1.7580789509710926,0.6378911637520293,0.7701265241550129
1769100045.3662086,-1.4581951626085579,-4.030087486135209,1.7606854579764257,0.6368869522267175,0.7709572037949726
1769100045.415906,-1.459321342862644,-4.024195530120968,1.7600310103290286,0.637139193688877,0.7707487579396335
1769100045.4661453,-1.4611319658406452,-4.014749431352022,1.7594382801440076,0.6373675887317923,0.7705598982780124
1769100045.51583,-1.4623125849079113,-4.008584405103111,1.7595683582039836,0.6373174709154394,0.7706013504179369
1769100045.5658855,-1.463565931290719,-4.0020467468266805,1.7604739063362345,0.6369684972941428,0.7708898322424816
1769100045.6193466,-1.4653220765594508,-3.992873697886884,1.7606468459509235,0.6369018362176326,0.7709449079036763
1769100045.6660922,-1.4665403706681148,-3.986535497520845,1.7594641691119826,0.6373576141781294,0.7705681486080013
1769100045.715832,-1.46770700028004,-3.98041933906469,1.7585201620887472,0.6377212540391135,0.7702672277507205
1769100045.7660155,-1.4695220761957848,-3.9707937257996373,1.7557693085811237,0.638780096637661,0.769389360557826
1769100045.8158367,-1.4707426728040511,-3.964301387697215,1.7568230558087699,0.6383746370422464,0.7697258101305816
1769100045.8661973,-1.471887159329131,-3.9581295213004632,1.7531359629156302,0.6397925767105653,0.768547629484377
1769100045.9184055,-1.4736383219126654,-3.9486722363121367,1.7531076989130203,0.6398034377627803,0.7685385878581037
1769100045.9658947,-1.4747935681477182,-3.942399433368911,1.7525595346340483,0.6400140564292377,0.7683632002985259
1769100046.0244129,-1.4759045381761084,-3.9364273342421647,1.7551784937493995,0.6390073520854044,0.7692006266123294
1769100046.0658922,-1.4776757498098871,-3.9269222712495404,1.7578645132488855,0.6379737321741352,0.7700581257644158
1769100046.1159635,-1.4788224546122897,-3.9208023535071574,1.7574429224314132,0.6381360427162172,0.7699236267231226
1769100046.1661234,-1.480017918798416,-3.9144340559623383,1.7576031448055607,0.6380743611728747,0.7699747460883557
1769100046.2158785,-1.481697849429998,-3.905452656446998,1.75476794797091,0.6391652346564157,0.7690694395219517
1769100046.266134,-1.4828704844761436,-3.899105837449746,1.7519519021007532,0.6402474681265583,0.7681687181586684
1769100046.3224444,-1.4840363469065485,-3.8927320475648495,1.7489563091413798,0.6413973099346042,0.7672088964608357
1769100046.3662355,-1.485756035300498,-3.8831660814690854,1.7476943221688166,0.641881286031707,0.7668040262298327
1769100046.4170651,-1.4869531297004177,-3.876515018347722,1.7479807421553495,0.6417714654504447,0.7668959421809379
1769100046.4661775,-1.488094902276339,-3.870162595143953,1.747563597969395,0.6419314045817684,0.7667620698832709
1769100046.5167873,-1.4898374591288015,-3.8605493382389775,1.7486831218042862,0.6415020998284465,0.7671212784923215
1769100046.5658977,-1.4909840137033188,-3.8541720507226813,1.7489444382984898,0.6414018636314431,0.7672050894839735
1769100046.623452,-1.4921070557656375,-3.847944836239994,1.747786266591436,0.6418460336767022,0.7668335341216408
1769100046.666144,-1.4938271240016465,-3.8385075369419184,1.7495944723060213,0.641152475058795,0.7674135154699722
1769100046.7174304,-1.4949420650287035,-3.8323817382713123,1.7494898995768664,0.6411925994452164,0.7673799908889247
1769100046.7660933,-1.4960901831120328,-3.826107610332875,1.7507099939073179,0.6407243421738328,0.7677710057991961
1769100046.8173835,-1.4977857797104746,-3.816845954356497,1.7541969126314156,0.6393847915151951,0.7688869152086479
1769100046.865901,-1.498961309523222,-3.8104996873744805,1.754346350846387,0.6393273391863615,0.7689346873232388
1769100046.9163394,-1.5001264287462013,-3.804228711143395,1.7558317882393197,0.6387560607338298,0.7694093155634391
1769100046.9659226,-1.5019089923987423,-3.794700021371863,1.754848785032678,0.6391341494774424,0.7690952730135235
1769100047.0161889,-1.5031156772111982,-3.788256558553165,1.7562257725071706,0.6386044807581231,0.7695351305532763
1769100047.0659013,-1.504231209144017,-3.7822595619422,1.7539708570763262,0.6394716930100599,0.7688146420554487
1769100047.1161559,-1.5060173002494568,-3.7726285432716495,1.7527527600946557,0.6399398197757555,0.7684250302178954
1769100047.1660898,-1.5071790069935618,-3.766279720396003,1.75029259162239,0.6408845629049824,0.7676372691773697
1769100047.2161,-1.5083666647443141,-3.75978127943738,1.7524681747653728,0.640049154542018,0.7683339636968081
1769100047.265946,-1.510090464547783,-3.750293207096935,1.7524072823781465,0.6400725470899792,0.7683144762802184
1769100047.3159244,-1.5111823281915766,-3.7443175723633138,1.7534874097070505,0.6396575150340572,0.7686600441420478
1769100047.366174,-1.5123385201678072,-3.7380192103399854,1.7556167089003727,0.6388387990636192,0.769340619498901
1769100047.4160023,-1.51407676999203,-3.728688236624108,1.7544498425784778,0.639287549139109,0.7689677688406136
1769100047.4661734,-1.5152620623812947,-3.722343775459871,1.7561361703900622,0.6386389561056726,0.76950651962427
1769100047.516123,-1.5163821130436315,-3.7162446387124124,1.7534487280520537,0.6396723814357375,0.7686476724926268
1769100047.5659146,-1.5181107335063984,-3.7068861292957918,1.7516471295484404,0.6403645190627474,0.768071144312515
1769100047.6162477,-1.5192684498652844,-3.700613789052001,1.7509152032773188,0.6406455618990848,0.767836743076942
1769100047.666006,-1.5204292215195039,-3.694290540934885,1.749195802489293,0.6413054346226593,0.7672856961545954
1769100047.7161186,-1.5222149126670692,-3.6844021432784184,1.7481637008466804,0.6417013076262357,0.7669546478057091
1769100047.7660704,-1.523353865591141,-3.678126376037555,1.7502479806577258,0.6409016852650951,0.7676229737471131
1769100047.81592,-1.5245498565756896,-3.671577984043828,1.751919052088689,0.640260085216024,0.7681582019865242
1769100047.8661635,-1.526307525490454,-3.6619160126989776,1.751531683277805,0.640408853470485,0.7680341791851577
1769100047.9159884,-1.5273907162215696,-3.6559387999247193,1.750788538878971,0.6406941894037936,0.767796168044759
1769100047.9661386,-1.5285345778963901,-3.6495610060740997,1.7472952095269798,0.6420342938403002,0.7666759194946631
1769100048.0161138,-1.5301543374183353,-3.6404914232158516,1.7501877062914926,0.6409248189681664,0.7676036584270708
1769100048.065926,-1.5312516508101872,-3.634465327524088,1.7525786610319134,0.6400067083898348,0.7683693208451318
1769100048.1162233,-1.532928312920773,-3.6253031514905936,1.755806181593646,0.6387659116773364,0.769401137300317
1769100048.1659129,-1.5340884519704532,-3.6190055401883656,1.7551500784769782,0.6390182805435858,0.7691915477507011
1769100048.2161195,-1.5352604982382354,-3.612761590679274,1.7611000269415773,0.6367271310802699,0.7710892040135751
1769100048.2660284,-1.5370356047231382,-3.6034118637257713,1.7598982663097749,0.6371903484294446,0.7707064680332993
1769100048.3159316,-1.5382600652051341,-3.5969717822737093,1.7596104572134554,0.6373012499974738,0.7706147654643385
1769100048.366117,-1.5394371670504072,-3.5907288106649897,1.7563523873104834,0.6385557622088489,0.7695755574015303
1769100048.416209,-1.541240479045423,-3.5811267539585794,1.75392916616195,0.6394877191638295,0.7688013118086123
1769100048.465928,-1.5424168812756027,-3.5748063954960227,1.7535009732375297,0.6396523021473791,0.7686643821314723
1769100048.516121,-1.5436083725116287,-3.568360117608352,1.7531433786550459,0.639789727031693,0.7685500017466084
1769100048.5661137,-1.5454121617867282,-3.5585779328537774,1.752770962285245,0.6399328262398258,0.7684308543393537
1769100048.6162784,-1.5465642053767605,-3.552356021772063,1.7530251379878277,0.6398351628460641,0.7685121758214053
1769100048.6664402,-1.547757173177375,-3.545935758002847,1.7564796052446305,0.6385068090107601,0.7696161737170658
1769100048.715928,-1.5495137515360993,-3.5366082034688335,1.757469545771044,0.6381257936905763,0.7699321213112049
1769100048.766211,-1.5507169187591219,-3.530292854660088,1.7610429516050043,0.6367491359089156,0.7710710329919348
1769100048.8159194,-1.5518105869572598,-3.524497797368592,1.7592099694383567,0.637455548115752,0.770487134335445
1769100048.8662188,-1.5535880704541458,-3.5151742112104616,1.7591999523477542,0.637459407127473,0.7704839416007907
1769100048.9162233,-1.5547780832941935,-3.508907916218305,1.7588171180311074,0.6376068792947827,0.7703619068178076
1769100048.9659188,-1.5559012624904598,-3.5029896097157147,1.7569631084620188,0.6383207344061044,0.7697705112741404
1769100049.0160627,-1.5577306899528145,-3.493237931768074,1.7567160324535551,0.6384158254476316,0.7696916485307731
1769100049.066034,-1.5588849367507216,-3.487067911091039,1.7559057443281194,0.6387276090452941,0.7694329349873723
1769100049.1159263,-1.5600925220895434,-3.4805731193722194,1.7555886856263319,0.638849578722414,0.7693316682460135
1769100049.1659255,-1.561862449137984,-3.471042057335641,1.7546627651959896,0.639205680201356,0.7690358238718934
1769100049.2159061,-1.5629956957191993,-3.464893868491701,1.7525460317605093,0.640019243970214,0.7683588792665805
1769100049.2660825,-1.564167001216113,-3.458469592734473,1.750065070084768,0.6409718857636958,0.7675643566897382
1769100049.315923,-1.5658979427455513,-3.4489313946865883,1.749724744548166,0.6411024873590607,0.7674552760272259
1769100049.365908,-1.5669998276141488,-3.4428546867147727,1.748815799544481,0.6414512084580651,0.7671638333287668
1769100049.4159448,-1.5681082292572432,-3.436727719081157,1.750638777411342,0.6407516807479972,0.7677481902411863
1769100049.4659362,-1.5697795698194714,-3.427590294094545,1.7524776244668212,0.6400455242715889,0.7683369878249432
1769100049.5160635,-1.5709443860184495,-3.4214479085171368,1.755937582756209,0.6387153601967759,0.7694431029314012
1769100049.5659013,-1.5726916337462034,-3.41211860849977,1.7580590793138366,0.6378988155657085,0.770120186139713
1769100049.6159189,-1.5738378350796236,-3.406101602590979,1.7589704530318724,0.6375478156991583,0.7704107882793646
1769100049.6659248,-1.5750073094250197,-3.3999087152320655,1.756798377528363,0.6383841347483378,0.7697179330778361
1769100049.7159283,-1.576812190148812,-3.3903069539696604,1.7544981530050203,0.6392689743721517,0.7689832107433667
1769100049.7660089,-1.5779720553244545,-3.3840864941137077,1.754643472473954,0.6392130985688088,0.7690296578273573
1769100049.8161075,-1.5791844500953327,-3.3775926118557167,1.7544476062868357,0.6392884089568066,0.7689670540234314
1769100049.866156,-1.580951063869955,-3.3680094578984465,1.7527228819366727,0.639951299266571,0.7684154700206313
1769100049.9161987,-1.5821338025217755,-3.3615873038412882,1.7514908100661077,0.6404245493485472,0.7680210912414517
1769100049.965925,-1.5833171826245536,-3.355113800787325,1.7523649083674133,0.6400888252292494,0.7683009148872852
1769100050.015968,-1.585062160399347,-3.3456296227054114,1.751585676898481,0.640388118764045,0.7680514679016293
1769100050.0658786,-1.586236194632995,-3.339308808561545,1.7549531517110364,0.6390940146477545,0.7691286241204496
1769100050.1161432,-1.5873705312297086,-3.333135105183883,1.7527185118028779,0.6399529783042502,0.768414071682397
1769100050.1660345,-1.5891001178696176,-3.323776773520385,1.7523021322723278,0.6401129403795781,0.768280823370342
1769100050.2161267,-1.590252325439117,-3.3175291499111017,1.7533024041318945,0.639728615494039,0.7686008707502744
1769100050.2659175,-1.5913550074818976,-3.3115812423075477,1.7524815728534855,0.6400440074245833,0.7683382513970523
1769100050.3159554,-1.5931197744168544,-3.301997761677982,1.7551801447833557,0.6390067170970096,0.7692011541234856
1769100050.3661244,-1.5942569620197662,-3.2958245826048738,1.7542978356961334,0.6393459914892055,0.7689191785660472
1769100050.416108,-1.5954426843482532,-3.2894029770342046,1.7540726499656927,0.6394325622499165,0.7688471878952973
1769100050.4660132,-1.597188868338051,-3.2799447552507237,1.7538361443912984,0.6395234761017785,0.7687715678370902
1769100050.5160823,-1.5983439017230165,-3.2736204319795736,1.7500795416333488,0.640966331824478,0.7675689945975366
1769100050.5659075,-1.5995168888670461,-3.2671707685145086,1.7495423320223262,0.6411724814201164,0.7673968002732162
1769100050.615912,-1.6012355762654766,-3.2575531552345476,1.7480521805911093,0.6417440721177946,0.7669188652665097
1769100050.6658998,-1.6024182740117943,-3.2509509186771823,1.7472010284792459,0.6420703962991109,0.7666456849133781
1769100050.7159157,-1.6035371412462787,-3.24472296445732,1.7486418724100783,0.6415179213360158,0.7671080475426636
1769100050.7659123,-1.6052449030309337,-3.2352577331293775,1.751571358246365,0.6403936174785211,0.7680468831345998
1769100050.8159375,-1.6063918314066934,-3.2290091313254763,1.7552560297613646,0.6389775312307169,0.7692253990751334
1769100050.8659632,-1.6075467231959977,-3.2227620266476773,1.7568351007259808,0.6383700013888404,0.769729654701449
1769100050.9160087,-1.6093162468328532,-3.2133853921068054,1.75827117163143,0.6378171436914722,0.7701878285283739
1769100050.9659264,-1.6104595081858253,-3.207316345674423,1.7589934331050379,0.6375389636089327,0.7704181136762349
1769100051.0159118,-1.611675523034783,-3.2008746684851794,1.7575316931839673,0.638101868737768,0.7699519498730868
1769100051.0659058,-1.6134073851049777,-3.191645496270912,1.7574471464183785,0.638134416641112,0.7699249744605688
1769100051.1159117,-1.6145999840737986,-3.1852509050456965,1.755581963502346,0.6388521644902357,0.7693295210286297
1769100051.1659265,-1.6157901638654069,-3.178881614821732,1.7561543327801479,0.6386319680405473,0.7695123191974624
1769100051.2159243,-1.6169971153764786,-3.172438212881632,1.7554684257858273,0.6388958374193308,0.7692932528810142
1769100051.2659025,-1.6188152796599191,-3.1627101834038576,1.755979932819162,0.6386990670716589,0.7694566275767547
1769100051.3159878,-1.6199913674834954,-3.156389754798561,1.7537780507943315,0.6395458061847978,0.7687529914032445
1769100051.3658946,-1.621181141551884,-3.1498916618596753,1.749804205334116,0.64107199555337,0.7674807466752636
1769100051.415934,-1.622864779573356,-3.140524917296131,1.74537593554033,0.642769728675934,0.7660594467127642
1769100051.466151,-1.6239719192576583,-3.1342434440218288,1.743104381431308,0.643639386647776,0.7653289096562829
1769100051.5159366,-1.6250252436474104,-3.128055248112067,1.737718065186638,0.6456982017362289,0.7635927136075882
1769100051.5659318,-1.6266221122384212,-3.118596362156868,1.7364954993686728,0.6461648522444265,0.7631978666924708
1769100051.615941,-1.6276529164548212,-3.112224717873391,1.7291292461699623,0.6489714175081699,0.7608127885737966
1769100051.6659293,-1.628634101444654,-3.1059990857525657,1.719497822440598,0.6526277333597276,0.7576787192799758
1769100051.7159357,-1.6300821113017463,-3.0964908686202794,1.7161558391161926,0.6538928964554285,0.7565871264865206
1769100051.7659037,-1.6310277645133313,-3.090106393917795,1.70783109461941,0.6570364201696339,0.7538588346439088
1769100051.815949,-1.6319149045709915,-3.0837646807813788,1.7032437207881679,0.6587638064652998,0.7523498171006285
1769100051.8658981,-1.6331867332367038,-3.0741032501428966,1.6932058876918736,0.6625314746041194,0.7490340747648875
1769100051.9159603,-1.6340092248635227,-3.067599840882287,1.6886259471193397,0.6642450017347884,0.7475149347473607
1769100051.965915,-1.634766579884972,-3.0611136119848483,1.6861645909400496,0.6651644487322087,0.7466968971026845
1769100052.016017,-1.635836560583841,-3.0513762789189185,1.6841879372903574,0.665902104322567,0.7460391326591234
1769100052.065904,-1.6365553927494598,-3.0450640950996783,1.6841879372903574,0.665902104322567,0.7460391326591234
1769100052.115917,-1.6372344069800453,-3.038568696267745,1.6764814475965442,0.668771825169221,0.7434677167569745
1769100052.1659002,-1.6382393537716844,-3.029028671506237,1.6755503524244972,0.6691178722845603,0.7431562910918422
1769100052.215922,-1.6388786531859731,-3.022707719619474,1.6697013295141048,0.6712883768701342,0.7411962729797423
1769100052.265907,-1.6395007705933202,-3.01643613724961,1.6645339534293164,0.6732011541143944,0.7394594012513787
1769100052.3159258,-1.6403926387937098,-3.0070375394778233,1.6605587432189124,0.6746695766626147,0.7381198834375675
1769100052.3658936,-1.6409597355888386,-3.000684464792991,1.652625541098427,0.6775920885041956,0.7354379386437189
1769100052.4159489,-1.6414885533370152,-2.994404469334807,1.6478169534518878,0.679358337240692,0.7338066840943617
1769100052.4659464,-1.6422444065931388,-2.984841706833977,1.6447610411347062,0.6804787682147669,0.7327677981522616
1769100052.5160272,-1.6427160342235434,-2.9783284937275822,1.634824402966347,0.6841109789551058,0.7293779325377803
1769100052.5659018,-1.6431411793284494,-2.971863047020215,1.6282153235853765,0.6865174976592976,0.7271132823760107
1769100052.6159275,-1.6437097137743752,-2.9622112481691976,1.6254915763175775,0.6875070971194925,0.7261776582974229
1769100052.6659071,-1.6440825777919037,-2.9557172560651797,1.6223912213398703,0.6886319748705555,0.7251110281783603
1769100052.7159383,-1.6444012584846635,-2.9495750353212165,1.6198387126433702,0.6895568398915382,0.7242315683252115
1769100052.7659109,-1.64483412305696,-2.940321251061683,1.6127106881549573,0.692133625170233,0.7217693848513604
1769100052.815956,-1.6451222240652141,-2.933949640027201,1.6114537201097276,0.6925871089730863,0.7213342474084412
1769100052.868741,-1.6454760693541874,-2.9249205474773614,1.6093031623990883,0.6933623438943806,0.7205891062660402
1769100052.9159322,-1.6457227006839474,-2.918471023577702,1.60717726843391,0.6941279000664725,0.7198516919125142
1769100052.9659193,-1.6459249619224063,-2.9125516779864036,1.6020960584538462,0.6959545167162303,0.7180858658003779
1769100053.0159307,-1.6462296195210864,-2.9028371537951667,1.5979620087516022,0.6974373302248817,0.7166457775001464
1769100053.0659187,-1.646396857665755,-2.8967395827282756,1.5942955721687122,0.6987499257020611,0.7153660191338167
1769100053.1159656,-1.6465529279527849,-2.8902113107885556,1.5896556047014607,0.7004076812926686,0.7137430069613485
1769100053.165931,-1.6467000295048924,-2.8806953376268702,1.580232129342026,0.7037628639928022,0.7104349592078424
1769100053.2159357,-1.6467543012172101,-2.8743172103843317,1.5728848750983206,0.7063679824337177,0.7078448088334893
1769100053.2658951,-1.6467429811050567,-2.8652302980113484,1.567534372911366,0.7082591150485872,0.7059525663602281
1769100053.315931,-1.6467007268473421,-2.8588771763444107,1.5583391575026693,0.7114973109958288,0.7026888190697962
1769100053.371752,-1.6465771909020988,-2.8495635654954428,1.5535690807101266,0.7131712255784438,0.7009898736835934
1769100053.4159381,-1.6464628486986548,-2.8430850049499057,1.5476878100119305,0.7152294946960104,0.6988896693448041
1769100053.465911,-1.6463403387495585,-2.836632229043539,1.5471905151989127,0.715403249688216,0.6987118077831088
1769100053.515926,-1.6461166906665516,-2.8273205474801295,1.5455156294078682,0.7159881299993407,0.6981124534772655
1769100053.565926,-1.6459524615349768,-2.8209190315725228,1.5410133982997156,0.7175578463328017,0.6964989139734759
1769100053.6159263,-1.645760134390132,-2.8146195648835057,1.5378571925420992,0.7186560993118445,0.6953656670571854
1769100053.665946,-1.6454203182868157,-2.8051845461038805,1.5282793840786089,0.7219778854977834,0.6919161313715337
1769100053.7159333,-1.6451725205713241,-2.7989378846192947,1.5261196537545592,0.7227246405255493,0.6911360893320617
1769100053.7659385,-1.644893703676761,-2.792869647076667,1.5168892761347157,0.7259066557555724,0.6877932299243436
1769100053.8159254,-1.6444011741808098,-2.783416450032503,1.5127194564643924,0.7273390638835657,0.6862782862286831
1769100053.8659365,-1.6440317927680401,-2.7769475187378365,1.5071656164873268,0.72924199696754,0.6842558803976728
1769100053.9159222,-1.6436301171687056,-2.770303143502954,1.5026626754065204,0.7307807293161205,0.682612280625099
1769100053.965962,-1.6429832419496213,-2.7609351098872943,1.4939313847868274,0.733753799039078,0.6794154564003679
1769100054.0159497,-1.6425019814454942,-2.7543468347139295,1.4936001447911953,0.7338663137615415,0.6792939227801517
1769100054.0659926,-1.642011609952879,-2.748063538532567,1.4859798893359153,0.7364491773206838,0.6764928744810901
1769100054.1159444,-1.6412558565216724,-2.7389071006806236,1.4836389877042613,0.7372404743256326,0.6756304337551087
1769100054.1660917,-1.6407029542755438,-2.7325528375308337,1.4785476984097854,0.7389579986943452,0.6737514943698812
1769100054.215934,-1.6398426005153024,-2.723176711375974,1.4723164196112417,0.7410535753924319,0.6714459013190066
1769100054.2660918,-1.6392364289417094,-2.716827465750451,1.47126032232897,0.741408028155772,0.6710544953922669
1769100054.3159323,-1.638609042643773,-2.710454737976515,1.4668242098494038,0.7428946397670191,0.6694083613202265
1769100054.3660944,-1.6376313571111103,-2.70109005627908,1.4636575441190536,0.7439536043858208,0.6682312732290713
1769100054.4159293,-1.6369309480936312,-2.6946992974565998,1.455388360522957,0.746710101177199,0.6651496258737106
1769100054.4659586,-1.6361963615443547,-2.688134405519519,1.4538708771588758,0.7472145629383573,0.6645828743902747
1769100054.515954,-1.6350543305376453,-2.678533286344903,1.4521073492561094,0.7478002776012573,0.6639237492509832
1769100054.5659552,-1.6342708147818092,-2.6720247559003836,1.4476935212780655,0.7492636779533078,0.6622718028875166
1769100054.6160202,-1.6334596463891449,-2.6656724945850128,1.440256410390112,0.751721186422085,0.6594810519523461
1769100054.6660721,-1.6321606228412207,-2.6560145311382755,1.4330240436822075,0.7541010705851086,0.6567583842954676
1769100054.7159271,-1.631261414355705,-2.649674133604149,1.4253025974343976,0.7566310065670815,0.6538421215410377
1769100054.7659535,-1.6303327010149697,-2.643338229366639,1.423640375579911,0.7571741605167575,0.6532130514967867
1769100054.8159623,-1.6288856990095617,-2.6337781213027416,1.4182594532116817,0.7589288623247953,0.6511735420994866
1769100054.865968,-1.6279871467245373,-2.6279495611810235,1.413803921603431,0.7603776400159046,0.6494812118636254
1769100054.9159226,-1.6269944765971578,-2.621649033799701,1.4101524770305656,0.7615621444117311,0.6480918917861923
1769100054.9661949,-1.6254861720022618,-2.6123038234908327,1.4053305583369096,0.7631224527275088,0.6462539146056688
1769100055.0159113,-1.6244536633231408,-2.6060354214536714,1.4022499901068937,0.7641169617284875,0.6450777230681781
1769100055.0660014,-1.623372532852578,-2.5996980397115816,1.3933511250777213,0.766979618282334,0.6416714619955335
1769100055.1159377,-1.6216677029466537,-2.590180865533264,1.3865073825493697,0.7691708407785419,0.6390432048743112
1769100055.166139,-1.6204614189907012,-2.5837115857617903,1.3806170568053662,0.7710495884927758,0.6367751032233602
1769100055.215978,-1.6192301156206512,-2.577247169579996,1.375742288495016,0.7725993621624496,0.6348938695452776
1769100055.265962,-1.6173282726737215,-2.567638302104494,1.374243560422809,0.7730749118252942,0.6343147331619482
1769100055.316116,-1.6160424061545071,-2.561287420481151,1.365703109685895,0.775776522026388,0.6310077557943651
1769100055.3659613,-1.61481875947014,-2.55528594875144,1.3672557982017595,0.7752864090433957,0.6316098352247188
1769100055.4159746,-1.6128558196376677,-2.545870170550847,1.36121897468148,0.7771893329622327,0.6292668279273268
1769100055.465978,-1.6115398060809696,-2.5396292063430126,1.3592846620579548,0.7777975687637115,0.628514870170356
1769100055.5159473,-1.610241243351916,-2.533513912421429,1.3573783884378028,0.7783962760286804,0.6277732372956674
1769100055.5661023,-1.6082467490073493,-2.5242085517153727,1.3581319011801796,0.7781597032225928,0.628066458490283
1769100055.6159756,-1.6069267470456496,-2.5180718823437864,1.3556606302566594,0.7789351701684701,0.6271044575464414
1769100055.6660447,-1.6055501161616217,-2.5116626597621923,1.3589414000902034,0.7779054299328626,0.6283813667518859
1769100055.715988,-1.6035268657120214,-2.5022080481187214,1.3612014377734687,0.7771948506295931,0.6292600131542162
1769100055.7659712,-1.6022017444794832,-2.4959948004171415,1.3588447793476077,0.7779357863622216,0.6283437851184588
1769100055.81598,-1.600812891754599,-2.4896140062281362,1.3544317842871403,0.7793203305067025,0.6266257435335099
1769100055.8659678,-1.5987249614219858,-2.4800698207503076,1.3547642102986663,0.7792161663938117,0.6267552680516786
1769100055.9159982,-1.5973074118326251,-2.473591710273862,1.354216001947922,0.7793879333551075,0.6265416581045945
1769100055.965976,-1.5959183367048055,-2.4673405410639466,1.3496772180195076,0.7808077937612009,0.624771309521945
1769100056.0160944,-1.593789671380994,-2.457831296058818,1.3494423823233659,0.7808811476812534,0.6246796244444096
1769100056.065975,-1.5923699751935123,-2.451586993146913,1.3456962728138087,0.7820498363422882,0.6232158963609643
1769100056.1160831,-1.5909645056965236,-2.445365533869716,1.3480487053699046,0.7813162588523324,0.6241353247918237
1769100056.1659732,-1.588834022126905,-2.4359345055482784,1.3502572221111717,0.7806265759723712,0.6249977191043595
1769100056.2159855,-1.5874911200304402,-2.4299064664273775,1.3526351824958756,0.7798829144635345,0.6259254266507019
1769100056.2659729,-1.5861793510798565,-2.423975222514264,1.3544011883573386,0.7793299165141414,0.6266138214451238
1769100056.316008,-1.5841627481302556,-2.4148299771870865,1.3549889379648685,0.7791457368505775,0.6268428198101743
1769100056.3662195,-1.582769345347326,-2.4085279670003414,1.3534938602906423,0.7796141084606238,0.6262602030219919
1769100056.4159958,-1.5813725509392664,-2.402252621060812,1.3514858692278697,0.7802424778720934,0.6254771584350749
1769100056.4660678,-1.5792466096075835,-2.3927686592704407,1.3506006336601113,0.7805192487479408,0.6251317479811357
1769100056.5159655,-1.5777932302328008,-2.386298478004374,1.3491965403706014,0.780957928011035,0.6245836330522208
1769100056.5660048,-1.5763802892564143,-2.3800526888388136,1.3463760150214399,0.7818379781035409,0.6234816565023923
1769100056.61599,-1.5742764498020432,-2.3708232461521446,1.3464746008336188,0.7818072439309596,0.6235201948109436
1769100056.6659904,-1.572897427786566,-2.3648033583139902,1.3452132614236816,0.7822003237225219,0.6230270086989664
1769100056.7161012,-1.570783090338137,-2.3556282281061187,1.3427894248414662,0.7829548069386807,0.6220785885172494
1769100056.7662227,-1.5692892952829784,-2.34919324462724,1.3421815161037203,0.7831438542726161,0.6218405772503363
1769100056.8162436,-1.5679541258560439,-2.3434489873144386,1.3399982715002992,0.783822202567603,0.6209853096185702
1769100056.865989,-1.5657776036873008,-2.334158418638416,1.343081200007877,0.7828640450652733,0.62219280528148
1769100056.9160857,-1.5643457027308487,-2.3280988018283377,1.33793217014282,0.7844632935040664,0.6201752503484422
1769100056.9659967,-1.5628570673196638,-2.32176661608229,1.3416573119719466,0.7833068130706901,0.6216352922711508
1769100057.0161674,-1.5607410370288493,-2.312799780509783,1.3408139070336378,0.7835688885516962,0.6213049145901387
1769100057.0659788,-1.5593700073959211,-2.306959924471783,1.3418428277085426,0.7832491481364082,0.6217079474669684
1769100057.1159787,-1.5578784135733492,-2.3006283843699737,1.3406024744732135,0.7836345662174655,0.6212220751302746
1769100057.1660023,-1.555654438055239,-2.2912189283641338,1.3383108263851329,0.7843458628302343,0.6203237601938968
1769100057.2159626,-1.5541207694376191,-2.2847673017630505,1.337243400011318,0.784676826075119,0.6199050561341449
1769100057.265988,-1.552642337521053,-2.27861472534462,1.3341978582539409,0.7856198893109755,0.6187094548485667
1769100057.3160167,-1.5503143621402877,-2.26896990468045,1.3333703258656053,0.78587582311007,0.6183843389438886
1769100057.3660142,-1.5488367387892263,-2.262921297501085,1.3313895014765167,0.7864878929609705,0.617605694780912
1769100057.41603,-1.5466347658037003,-2.2538710051351263,1.330346340073166,0.7868099171773986,0.6171953938837321
1769100057.4662182,-1.5451012836233466,-2.247549522558596,1.332361368336207,0.7861876848620231,0.6179878026072135
1769100057.5161407,-1.5437207081853996,-2.2418420451099035,1.3326080918787615,0.7861114428101071,0.6180847834100202
1769100057.5659788,-1.5414820387316226,-2.2325662369065373,1.3338592965678613,0.7857246137122255,0.6185764555871602
1769100057.6159742,-1.540016307334859,-2.226462706912476,1.3355849785076765,0.7851905881857276,0.6192541806274312
1769100057.666004,-1.538546410546597,-2.2203341556971488,1.3351674744665023,0.7853198416379672,0.6190902570140465
1769100057.716829,-1.5363078754798818,-2.2110062497782774,1.3354173539702139,0.7852424865256823,0.6191883698479516
1769100057.7661462,-1.5349086801585614,-2.2051991144251386,1.3341853251243931,0.7856237664784249,0.6187045316984944
1769100057.816002,-1.5333630737313366,-2.198802414789175,1.333589784713973,0.7858079634215823,0.6184705689224227
1769100057.866106,-1.531181960563783,-2.189747056015317,1.3347726147415195,0.7854420532361706,0.618935199361087
1769100057.9159772,-1.5297086779386593,-2.183593282611393,1.3365004507985503,0.7849070509164413,0.6196135258543466
1769100057.9661899,-1.5274784192148838,-2.174185314747079,1.339247819703016,0.784055157154063,0.6206911555194883
1769100058.0161862,-1.525994782346176,-2.1678779131793595,1.3417640833789337,0.7832736255170862,0.6216771087705574
1769100058.0661361,-1.5245285562255295,-2.1615664322091463,1.3452453460777967,0.782190328818831,0.6230395569322136
1769100058.116025,-1.5223724842345427,-2.1520892032694956,1.3523909863324877,0.7799593329439978,0.6258301997775068
1769100058.1659882,-1.5209700160528536,-2.145789221783624,1.357454100953333,0.7783725103254386,0.6278027040158993
1769100058.2159805,-1.519622362030037,-2.139606787513364,1.364119462436357,0.7762759256226528,0.630393279864795
1769100058.2659826,-1.5176515305401597,-2.130192786044202,1.369808034847126,0.7744797691103054,0.6325986778668196
1769100058.3160212,-1.5164466743899403,-2.124187059915221,1.3803843602496746,0.7711236709604249,0.6366853886218203
1769100058.3660836,-1.5152451268111107,-2.1180521061200204,1.384944891193069,0.7696698557400123,0.6384420985219792
1769100058.4161687,-1.5134963134326438,-2.108671419656391,1.3891885814548297,0.7683134488849632,0.6400737803273095
1769100058.4662285,-1.5123987986497367,-2.102671041741292,1.3948337520717142,0.7665037278653208,0.6422398579725227
1769100058.5160146,-1.5112822532320778,-2.0964169980332654,1.3956679517580557,0.7662357830538504,0.6425595106819699
1769100058.5659986,-1.5096181703065423,-2.086892402208003,1.4027256288413967,0.7639635281455224,0.6452594266366402
1769100058.6159806,-1.5085102972156788,-2.080482763522431,1.4013567153483986,0.7644050013276354,0.6447363755406528
1769100058.6659763,-1.507425135463504,-2.0739404490468343,1.4085229345195116,0.7620899382153364,0.6474711777916796
1769100058.7159846,-1.5057928519379686,-2.0640513190159058,1.4098870192267314,0.7616481582284111,0.6479908047706149
1769100058.7659817,-1.5047816731966264,-2.057753605741041,1.4157040380986394,0.7597602519642735,0.6502033216888264
1769100058.8160021,-1.503767263059828,-2.051277115043515,1.4209070056834554,0.7580661895489677,0.6521776232459288
1769100058.8659744,-1.5023453680250853,-2.0419696473517144,1.4237571684346875,0.7571360139172124,0.6532572666488715
1769100058.9159875,-1.501400593776528,-2.0356874071403515,1.4264364834621686,0.7562601937641247,0.6542709831009232
1769100058.966006,-1.5004840884337767,-2.0294009012202823,1.4337371123775784,0.7538668657385029,0.6570272054805691
1769100059.015984,-1.499214484462141,-2.0202758016466023,1.435375048090824,0.7533285288240503,0.6576443778059627
1769100059.0659902,-1.4983734038660674,-2.0139018787255965,1.4446199064749357,0.7502805769645207,0.6611195473057698
1769100059.1159856,-1.497589148074005,-2.00757174991401,1.4532014655080998,0.7474369608392433,0.664332740101973
1769100059.165986,-1.496453330699106,-1.9979445089609844,1.4584160164832642,0.7457023238388228,0.6662792539328981
1769100059.2160976,-1.4957273164694271,-1.9915567780217365,1.4644703450809826,0.7436819734462701,0.6685335611403972
1769100059.2659795,-1.4950418588795042,-1.9852665025456058,1.4665930629364587,0.7429720006434511,0.6693224979483863
1769100059.3160033,-1.4940540128662532,-1.9758265465816636,1.472215393529868,0.7410874912211258,0.6714084675929979
1769100059.365983,-1.4933838806731596,-1.9693565481764037,1.4722907710517263,0.7410621861415748,0.6714363977854269
1769100059.4160004,-1.4927425663514982,-1.9629597646210883,1.477216675380626,0.7394062243944117,0.6732595601451203
1769100059.4659812,-1.4917908012385257,-1.953083890337297,1.4802528872675995,0.7383832934127267,0.6743812808856539
1769100059.5159888,-1.491216624915165,-1.9469603622346505,1.4804981275637419,0.7383005951293602,0.674471816484301
1769100059.5659866,-1.4906297965730362,-1.9403549052453828,1.489537686178858,0.7352446006099388,0.6778018716955063
1769100059.615984,-1.4898170099694508,-1.9306444080391836,1.4935767805618845,0.733874249300956,0.6792853496233805
1769100059.665988,-1.489327720822746,-1.9244373045601366,1.4984653118986395,0.7322117048543353,0.6810771022977559
1769100059.7160099,-1.4888545343820507,-1.918127481156145,1.5041435802378236,0.730275087117679,0.6831532018041534
1769100059.7659876,-1.488254174171045,-1.9090861360156441,1.5111159549796946,0.7278890541817504,0.6856949210854612
1769100059.8160138,-1.487863276871398,-1.9026691926289632,1.5162710716774686,0.7261192194943082,0.6875688177055274
1769100059.866012,-1.487505060411196,-1.8963518043735084,1.5241650955001727,0.7233997281642817,0.6904294556953979
1769100059.916008,-1.4870235400561775,-1.8866700743722984,1.5233455061935925,0.7236826017149235,0.6901329523904212
1769100059.966028,-1.4867337352000982,-1.8804249959280797,1.5273192771523492,0.7223099590297065,0.6915694636741154
1769100060.0160158,-1.486434718328914,-1.8740031797841405,1.5250839942723997,0.723082434433293,0.6907617483720582
1769100060.0659976,-1.4859876887119197,-1.8642181474101405,1.5219656865126867,0.7241585589646085,0.6896335124385282
1769100060.115985,-1.4856780661522788,-1.8577713406573766,1.5226408170271675,0.7239257213959586,0.689877923912152
1769100060.165998,-1.485368201528506,-1.8513245565545386,1.519850869248978,0.7248873784120674,0.6888673955260767
1769100060.2160017,-1.4848916253927356,-1.8416422750427508,1.5214491440503404,0.7243366473067975,0.6894464601173524
1769100060.2660153,-1.4845653525427918,-1.8351963029129397,1.5182361346010853,0.72544331112132,0.6882819206904507
1769100060.3160386,-1.4842549253072344,-1.828724182600132,1.5226610951051085,0.7239187266595936,0.689885263787793
1769100060.366001,-1.483790682886051,-1.8190666507423938,1.5266825626457294,0.7225300885773748,0.6913394760176588
1769100060.4160178,-1.4834989504653597,-1.8125937016534943,1.5282231083897109,0.7219973542404483,0.6918958161961904
1769100060.466026,-1.4832141346858727,-1.8061457892374162,1.5309305009487537,0.7210600762066338,0.6928725470827108
1769100060.516013,-1.4828238307312387,-1.796763684596029,1.5293103479694352,0.7216211193175467,0.6922882059914722
1769100060.5660052,-1.482573357851355,-1.7905169418209173,1.5324527352977486,0.7205325102074198,0.693421157547269
1769100060.6160064,-1.4823220323962263,-1.7842702843232356,1.5311023615809207,0.72100053478757,0.6929345054448062
1769100060.666008,-1.4819408736881172,-1.7747104425162257,1.529826555303346,0.7214424131586759,0.6924744359871969
1769100060.7160068,-1.481673387721513,-1.7682617634959503,1.5307230961680656,0.7211319248686343,0.6927977677037206
1769100060.7660177,-1.4814150747554342,-1.7617113817583798,1.531790550867504,0.7207620570571632,0.6931825568396297
1769100060.8160164,-1.481017987694645,-1.7518735423638159,1.5333624881569239,0.7202170147343375,0.6937488390528369
1769100060.866018,-1.480741453406754,-1.745273230808335,1.528747556190968,0.7218158978000111,0.6920851173686399
1769100060.9160013,-1.480468213102869,-1.738748794444515,1.5296456234823892,0.7215050555367535,0.6924091672088883
1769100060.9660184,-1.48006805048743,-1.729519034761622,1.5296410104945761,0.7215066525723592,0.6924075030600324
1769100061.0159996,-1.4798077029870238,-1.723095394440449,1.5330370063294736,0.7203299065164709,0.693631621091464
1769100061.0660138,-1.4795485229507297,-1.7168490282609852,1.5335399908161207,0.720155440766043,0.6938127565381501
1769100061.1159956,-1.4791993890480075,-1.7075919033951759,1.53126893574896,0.7209428197925656,0.6929945530735031
1769100061.1660173,-1.4789722958335658,-1.7012176106940913,1.537405278743032,0.718813203634638,0.6952032640030601
1769100061.2160008,-1.478757858861509,-1.6947669452025549,1.5371255849789642,0.7189104186142027,0.6951027334199973
1769100061.2660158,-1.478459721459283,-1.685128093545926,1.5416649479980393,0.7173309064312355,0.6967326393090408
1769100061.3160045,-1.4782610041737365,-1.678752935949678,1.5394905222164124,0.7180879790349574,0.695952336274181
1769100061.3660817,-1.4780716556023406,-1.6722761307143672,1.5409051223101455,0.7175955523358025,0.69646006580986
1769100061.4160116,-1.4777851730314264,-1.6630168641324203,1.5415780993428432,0.7173611609012782,0.6967014890398688
1769100061.466056,-1.477584035456453,-1.6566164308835827,1.5383993897435393,0.7184675602462078,0.6955604681649624
1769100061.5160186,-1.4773716566706,-1.6501910222085991,1.5384548558870292,0.7184482699415488,0.6955803932098686
1769100061.5660155,-1.477041435621402,-1.6406799047172358,1.5338410695343196,0.7200509864786163,0.693921160414619
1769100061.6160161,-1.4768120201217607,-1.6341284736011448,1.5350508357681338,0.7196311135823988,0.6943565801259153
1769100061.666007,-1.4764365230707568,-1.6242897279016393,1.5347399551424121,0.7197390358922636,0.6942447120525116
1769100061.7160249,-1.4761898097837798,-1.618144107098739,1.53086585083229,0.7210824729753404,0.6928492384117684
1769100061.7660186,-1.4759285202861563,-1.6120750780777144,1.529251991983604,0.7216413185907359,0.6922671502408764
1769100061.8160262,-1.4754963965886911,-1.602542573889762,1.5220509035449594,0.7241291740466248,0.6896643671341539
1769100061.8660226,-1.4752054613891463,-1.5963990086168922,1.5227450814941172,0.7238897555352446,0.6899156628393964
1769100061.9160266,-1.4748885578675908,-1.5900285412461153,1.5161173243758927,0.7261720732739192,0.6875129962386586
1769100061.9660234,-1.474383157993032,-1.580601252331721,1.514465136548628,0.7267397757298483,0.6869128753867769
1769100062.016029,-1.4740369691761328,-1.5746632499238433,1.507124994076833,0.7292558948787446,0.6842410684726556
1769100062.0660276,-1.473413300321191,-1.5650906851070352,1.500070496571262,0.7316648418215751,0.6816645503781237
1769100062.1160302,-1.4729932981573612,-1.5591068105176111,1.4924979346052807,0.7342405646392806,0.6788893821810666
1769100062.1660209,-1.4724916580704286,-1.5524945906318022,1.487502731741015,0.7359338678697475,0.6770534263426138
1769100062.2160301,-1.4716692724286722,-1.5427592367727838,1.4799893373390576,0.7384721535707828,0.6742839745986332
1769100062.266017,-1.471102371889566,-1.536355536094201,1.4750396157923356,0.7401386492799878,0.6724542957272227
1769100062.3160315,-1.4704915422607756,-1.529930351865256,1.468568842511582,0.7423104213477895,0.6700561456762166
1769100062.366026,-1.46952655612786,-1.5203864095653044,1.4628792648904279,0.7442135833108817,0.6679417208226907
1769100062.4160342,-1.46886569393552,-1.5140426975687238,1.4614361252617443,0.7446953561103143,0.6674045449258884
1769100062.4660175,-1.4681871973423726,-1.507726178350436,1.4547135615063511,0.746934479827507,0.664897648397715
1769100062.5160272,-1.4671068037140207,-1.4981183665578146,1.4551239517655468,0.7467980303444787,0.6650509017162575
1769100062.5660203,-1.4663861552044897,-1.491806471133682,1.4546793353436263,0.7469458581656885,0.6648848659498299
1769100062.6160324,-1.4656383930213572,-1.4853957088693037,1.45377454626555,0.7472465720025989,0.6645468836962255
1769100062.6660087,-1.4645075113047707,-1.4759462171681448,1.4521220564857198,0.7477953953415266,0.6639292482682247
1769100062.7160318,-1.4637171056599756,-1.4695149337814801,1.4475528937357,0.7493102429290889,0.6622191176956083
1769100062.7660236,-1.4629129642024254,-1.4632638453063525,1.4415012821008073,0.7513105561776232,0.6599488223916081
1769100062.8160436,-1.4616189218610611,-1.4536052013319416,1.4318024678940446,0.7545020699674646,0.6562976660135332
1769100062.86614,-1.4606919030648147,-1.447089865730883,1.424217578450158,0.7569856107624549,0.653431545839802
1769100062.9160292,-1.459735030715755,-1.4405790774639498,1.4194922145405804,0.758527347401593,0.651641207447705
1769100062.9660294,-1.4582043705019192,-1.4308523235529595,1.411998880883879,0.7609635002732058,0.6487946911403875
1769100063.0160272,-1.4571680718207232,-1.4244560407013374,1.4050878707434817,0.7632008660127274,0.6461613096723008
1769100063.0660198,-1.4561227755364108,-1.41816407267234,1.4024176841450477,0.7640628711984043,0.6451417897300179
1769100063.1160457,-1.4550801000639793,-1.4119487071057932,1.3988982537177383,0.7651969534375125,0.6437962584932825
1769100063.1660273,-1.4534730649142984,-1.4026456753716499,1.3971574310252401,0.7657570310721451,0.6431299785918658
1769100063.216036,-1.452381218676931,-1.3964642474498292,1.3917181533003293,0.7675032782648581,0.641045020144994
1769100063.2660162,-1.4512738315015865,-1.3902857452661246,1.3901679466370762,0.7679999237936584,0.6404499332913813
1769100063.3160417,-1.449518549194405,-1.3808803707867368,1.3841302925522017,0.7699298289243686,0.6381285595649928
1769100063.3660178,-1.4482988851071148,-1.3744907713141763,1.3789863474934585,0.7715685296823487,0.636146212756013
1769100063.4160526,-1.4470408653988758,-1.368108535576707,1.3755268504035207,0.7726677478417089,0.6348106421959397
1769100063.4660323,-1.4451147782159075,-1.358555819603902,1.3653531064919864,0.7758869375114842,0.6308719840023412
1769100063.5160432,-1.4438163783256943,-1.352207937698429,1.3652579500931081,0.7759169523863665,0.6308350679848522
1769100063.5660355,-1.4424759523250315,-1.3458167610677043,1.3579963403181479,0.7782022720503178,0.6280137130475124
1769100063.6161427,-1.44039006804577,-1.3361684840039982,1.3514519470329636,0.7802530865389022,0.6254639245764031
1769100063.6660223,-1.4390260552469987,-1.3300414466395305,1.3438217979027842,0.7826335940559586,0.622482656348796
1769100063.7160392,-1.437572364181681,-1.3237012389065008,1.3377678358994731,0.7845142488711364,0.6201107911640924
1769100063.766029,-1.4353842294216987,-1.3144913838235446,1.329605479648294,0.7870384910105865,0.6169038933803052
1769100063.8160443,-1.433883162810445,-1.3082405443285876,1.3315299883704508,0.7864445082678169,0.617660938877789
1769100063.866039,-1.4323875649542852,-1.3021701890905422,1.3233766393050623,0.7889559688527993,0.6144497369285309
1769100063.9160402,-1.4300768936751165,-1.292938338766459,1.3202616534844116,0.7899120126566488,0.613220198836211
1769100063.9660702,-1.4284727337493492,-1.2866344739808115,1.315736240610796,0.7912975266528791,0.611431291571699
1769100064.0160425,-1.426880641524794,-1.28045823089113,1.3109280267593018,0.7927651846976145,0.6095271625869985
1769100064.0660346,-1.4244724305986585,-1.2713820640167959,1.3079563758889072,0.793669960241339,0.6083485795253503
1769100064.1160352,-1.422767124801566,-1.265078419904382,1.2995975416958485,0.796205563577529,0.605026198216399
1769100064.166025,-1.4210488003698327,-1.2588572536683236,1.2962904487880793,0.7972049135474966,0.6037088087942137
1769100064.2160294,-1.4183513121120204,-1.2494140337218622,1.2894973898695228,0.7992508259209056,0.6009976017129771
1769100064.2660275,-1.4165004067257445,-1.2430197880092502,1.2851833601582012,0.8005453263290834,0.5992722090107813
1769100064.3160322,-1.413896969855749,-1.2341821084683307,1.2837426628627144,0.8009768035147945,0.598695381835556
1769100064.3660402,-1.4120269067841942,-1.227872567728198,1.2812542117209609,0.8017210954309189,0.597698322852798
1769100064.4160504,-1.4102231523886617,-1.2218865064900275,1.276692633736496,0.8030822327294083,0.5958682131766626
1769100064.466039,-1.4075331200728645,-1.2130483140695576,1.27312033686133,0.8041452601946438,0.59443283935739
1769100064.5160635,-1.4057779400841295,-1.2073650648531595,1.2683436647362072,0.8055626707507902,0.5925105766928165
1769100064.5660346,-1.403900954090746,-1.2013751425264332,1.2645405745134295,0.8066878992563115,0.590977692636058
1769100064.6160533,-1.4010754588370276,-1.1926054774439467,1.25483215014835,0.8095471149789181,0.5870549110852497
1769100064.6660423,-1.399126793055991,-1.1866651190850175,1.2474672107978142,0.8117034330416218,0.5840698047223852
1769100064.716063,-1.3970749479008915,-1.1805457111440372,1.24167063657135,0.8133928234802281,0.5817148053048524
1769100064.7660434,-1.3939293848403693,-1.1713760935706994,1.2310063948811987,0.8164830194546827,0.5773694475309238
1769100064.8160713,-1.391754831095091,-1.165111813022979,1.230187640667295,0.8167193128651167,0.5770351497033189
1769100064.8660445,-1.3895587532697764,-1.1589083023866285,1.221503856497261,0.8192170309472183,0.5734836145924523
1769100064.9160414,-1.3862030342114184,-1.149652121150187,1.2154070514603594,0.8209614307447932,0.5709836505798235
1769100064.9660783,-1.3839350401630681,-1.1435285213561175,1.2093369044639848,0.8226906242195083,0.5684893462689655
1769100065.016067,-1.38166152064413,-1.1375150324364676,1.2031127357164408,0.8244558242703296,0.565926314838541
1769100065.066025,-1.3782937997257614,-1.1286685363959523,1.2021775581611713,0.8247203549252675,0.5655407466946487
1769100065.1160426,-1.3760338587800265,-1.122785410348105,1.1965324885815631,0.8263133260896465,0.5632106951458447
1769100065.1660318,-1.3737919667977017,-1.1169768988147895,1.1970084990853065,0.8261792555836782,0.5634073461033317
1769100065.2160544,-1.3702922834469584,-1.1080724607385195,1.191298003916089,0.8277845531764221,0.56104610641418
1769100065.2660182,-1.3679034937774137,-1.1020494300753816,1.1880759623848367,0.8286873355025752,0.5597118008204243
1769100065.3160331,-1.3655181859056629,-1.0961067194908938,1.1809754041004121,0.8306692418784055,0.556766208203367
1769100065.3660212,-1.3619484324787592,-1.0874214353059046,1.1764075019641342,0.8319387009847108,0.5548675497845157
1769100065.4160593,-1.3594592534002232,-1.0814664125505642,1.1673683787040732,0.8344379537776425,0.551101897379587
1769100065.4660308,-1.3568852399363591,-1.0754100478724558,1.1628043481589099,0.8356934029267058,0.5491962639209981
1769100065.516045,-1.3530065012084869,-1.06652538968885,1.1536667780905252,0.8381938318369485,0.5453724417959651
1769100065.5660305,-1.3503977437489918,-1.0606219705078173,1.148798868611722,0.8395187595800047,0.5433307025313868
1769100065.6160457,-1.3477527845154624,-1.0547345718730374,1.1438443074996851,0.8408621647602,0.5412493139716578
1769100065.666034,-1.3437270835184925,-1.0458881706343988,1.138914460823257,0.8421937470013346,0.5391750110231853
1769100065.716044,-1.341056912078284,-1.0400679575322194,1.1380955646572903,0.842414440573887,0.5388301312218768
1769100065.766102,-1.338318386981514,-1.0341397650362039,1.1328104876627256,0.8438353769895791,0.5366021398958961
1769100065.8160594,-1.3342777618437114,-1.0254675968997267,1.1322332831459296,0.8439902064348073,0.5363585847566266
1769100065.8660274,-1.3316311524098177,-1.0198594965404653,1.126379092204648,0.8455565613728422,0.5338858506453744
1769100065.916045,-1.3289207827057892,-1.0141417856695496,1.123235396708919,0.8463947037388901,0.5325561054788092
1769100065.9660769,-1.3250065728125975,-1.006025604395485,1.1203170425584503,0.8471708960528325,0.5313204992102609
1769100066.0160503,-1.3221752530776043,-1.0002253145725164,1.1139203656531165,0.8488659029308506,0.5286082470425444
1769100066.0660183,-1.3193743441980903,-0.9945792707975122,1.1064476516729034,0.850835042222857,0.5254328985947008
1769100066.1160514,-1.3149686660237199,-0.9858586680612047,1.098619976990687,0.8528849792819636,0.5220988528192765
1769100066.1660354,-1.3119530256372534,-0.9799808858470306,1.0932805971755757,0.8542757803064166,0.5198200565405908
1769100066.2160628,-1.3088867612675612,-0.9740723250607439,1.0884092889847763,0.8555393469479508,0.517737796402652
1769100066.2660382,-1.3042847657848007,-0.9653392093423124,1.084507700434985,0.856547718317434,0.5160678310505293
1769100066.316185,-1.3012651697900894,-0.9596633490169103,1.078777521932551,0.8580227811053777,0.5136116306161622
1769100066.36603,-1.2982503452843692,-0.9540425198960609,1.076054443454788,0.8587212879814314,0.5124429232290281
1769100066.4160652,-1.293744868674629,-0.9457457816565977,1.069728851058334,0.8603377427976167,0.5097244042793144
1769100066.4660401,-1.2907164618772633,-0.9402186984806677,1.0672414350159902,0.860971025575101,0.5086540013802692
1769100066.516059,-1.287657567761575,-0.934708199126623,1.058970526618922,0.8630671727602494,0.5050891557969046
1769100066.566038,-1.28298540939848,-0.9263881707175011,1.0545538871332396,0.8641804657596521,0.5031819974913955
1769100066.6160548,-1.2798225040885622,-0.9208201846185042,1.0513305525031107,0.8649903050456255,0.5017885731830446
1769100066.6660285,-1.2765692208871815,-0.9151289482744907,1.046798285427204,0.866125202969144,0.49982710288824794
1769100066.7160494,-1.271692755094706,-0.9067213483106015,1.0426469793207225,0.8671608040980348,0.49802825204605594
1769100066.7660415,-1.2683983297641104,-0.9011122252287296,1.0338791689843725,0.8693357729271163,0.4942219277907582
1769100066.8160698,-1.2650932201233522,-0.8955099021053022,1.0331282398887351,0.8695212744586888,0.49389548819941426
1769100066.866039,-1.2601098045111692,-0.8871946789099348,1.0257359257676208,0.8713408460888402,0.4906782346275246
1769100066.9160516,-1.2566687216214592,-0.8815259161825412,1.019600966111546,0.8728418899069692,0.4880031098503678
1769100066.9660738,-1.2533628137093795,-0.87613062463706,1.0119086569779614,0.8747123647433789,0.4846424238188874
1769100067.016057,-1.2482162678020117,-0.8678858590631646,1.0126699488985837,0.874527824197886,0.4849753444286744
1769100067.0660615,-1.2448594868989462,-0.8625515720435095,1.0065392794807044,0.8760103249764721,0.48229234965383366
1769100067.1160593,-1.2414028817800997,-0.8570711467906202,1.0079286586473108,0.8756750701535219,0.4829007884769133
1769100067.166067,-1.236346149190591,-0.8491283428335398,1.0035705344882593,0.876725261128913,0.48099149316639617
1769100067.2160578,-1.2331713012493757,-0.8441584129095637,0.9997872661518008,0.8776335519457021,0.4793321901345356
1769100067.2660968,-1.2298866335992291,-0.8390784144088675,0.9934988741108298,0.8791363257018995,0.4765703734301616
1769100067.316089,-1.2246614005230638,-0.8310938789093477,0.9825501894646699,0.8817320489041709,0.4717505632590732
1769100067.3660648,-1.2212854283433197,-0.8260135387535674,0.9777863337620954,0.8828532223595106,0.4696490048636627
1769100067.416057,-1.2158740281294398,-0.8180312250142622,0.9677281148145669,0.8852039641502254,0.465203118919818
1769100067.4660423,-1.2123596319768384,-0.8128917275785665,0.9635801583791177,0.886166880792874,0.4633662259874237
1769100067.516047,-1.2088546315620934,-0.8078377401789365,0.9558522651573755,0.8879506834316881,0.4599386739481666
1769100067.5660405,-1.2031712676076263,-0.7997363275480024,0.9527907463542632,0.8886536982723873,0.458578896752575
1769100067.6160562,-1.1995139980015415,-0.7945419528278502,0.9529339900780112,0.8886208517187544,0.45864254260876797
1769100067.6660295,-1.1957354697475324,-0.7892160600041908,0.9473897122709027,0.8898888565113392,0.4561774030538351
1769100067.7160583,-1.1902755821636433,-0.781607469841622,0.9414224208947499,0.8912459652781882,0.4535202634671912
1769100067.766036,-1.1865431588723623,-0.7764355218671121,0.940125672644377,0.8915398287266693,0.45294230735715263
1769100067.8160594,-1.1827903303695368,-0.7713405209102142,0.9314017821029239,0.8935070505595105,0.4490491627878224
1769100067.8660388,-1.177159957069945,-0.7637623594259908,0.9226530027468852,0.8954628115750906,0.4451363308987863
1769100067.916055,-1.1733271619005972,-0.7586958426820076,0.9137204956741947,0.8974419656057355,0.4411325405926362
1769100067.9660645,-1.169415265876574,-0.7536259969999314,0.9119381896652247,0.8978347257892332,0.4403326074309878
1769100068.0160758,-1.163495959478299,-0.7459810491204819,0.9101818595147974,0.8982210642635257,0.43954399064632793
1769100068.0660381,-1.1594796776850715,-0.7408637317438768,0.9006904027929012,0.9002968979954353,0.4352763437861018
1769100068.1160522,-1.1535877025960837,-0.7334544762601494,0.8937605788608998,0.9017996848862048,0.43215428765562636
1769100068.1660388,-1.149690681962131,-0.7286306148677875,0.8867257438567998,0.903314170177807,0.42897961484898073
1769100068.2160666,-1.145570473688644,-0.7235645079558236,0.881814636746202,0.9043648281626987,0.42676018743815874
1769100068.2660327,-1.1396544214673912,-0.7164028489772063,0.8789060776546678,0.9049845002219425,0.42544453734657456
1769100068.316073,-1.1355200302945203,-0.7114463209069504,0.8710007713167278,0.9066590610533157,0.421864133353287
1769100068.3660345,-1.131503864050495,-0.7066554227791466,0.8721417277308796,0.906418249237945,0.42238129391394513
1769100068.4160535,-1.1254079492627098,-0.6994131701863079,0.8682974319643113,0.9072284535983424,0.42063824479184064
1769100068.46604,-1.121318404443036,-0.6945516541737302,0.8693417324647144,0.9070086935697793,0.4211118969927614
1769100068.5160608,-1.1172308067445917,-0.6897213973392011,0.8640255369596362,0.9081248446129448,0.41869949438316106
1769100068.566102,-1.110908079938634,-0.6823065591271373,0.8606942461432397,0.9088209894417304,0.4171863002905947
1769100068.6160505,-1.1068210357994352,-0.6775756210460906,0.8519065179066344,0.9106452706051095,0.4131890501024283
1769100068.6660798,-1.1024392549189082,-0.6725644887595945,0.8454563621727178,0.9119730992908688,0.41025000447264737
1769100068.7161,-1.0960798540878836,-0.6654162501836017,0.8365302705024027,0.9137949751064456,0.4061757544096036
1769100068.7660384,-1.0917834859817388,-0.6606339904273404,0.8331418574214032,0.9144818089480546,0.40462701479645885
1769100068.8161013,-1.0874106250214777,-0.6558521731460552,0.822424305209837,0.9166369738305454,0.3997207252655033
1769100068.8660386,-1.0808075360240443,-0.6487205012257519,0.8167397905948693,0.917769378963458,0.39711379607995073
1769100068.916086,-1.076349718714115,-0.6439488956603537,0.8136857915441763,0.9183747013120586,0.3957119002380232
1769100068.9660676,-1.071908664193905,-0.6392308770036093,0.8079858486291149,0.9194987377344325,0.3930929550434418
1769100069.016105,-1.065277822743099,-0.632264150389043,0.8077231343839991,0.9195503653609218,0.39297216894405546
1769100069.066042,-1.0609644145505568,-0.6277736567742315,0.8001009406901181,0.9210413387516958,0.3894648280788444
1769100069.116111,-1.056593354673851,-0.6232337647892928,0.7990896529329123,0.9212381515055966,0.38899905939545854
1769100069.1660693,-1.049984249041494,-0.6164565760411399,0.7961632854789867,0.9218063422537632,0.3876507027992312
1769100069.2161126,-1.0455050918028903,-0.6118801901206342,0.7926949411698325,0.9224772088730941,0.38605154980870865
1769100069.2660756,-1.0411293328404616,-0.6074505284215574,0.789916552987942,0.9230126191064987,0.38476967782059135
1769100069.3162966,-1.0345433839857485,-0.6008281060472215,0.7818575825468784,0.9245555452879882,0.3810472984778015
1769100069.3660705,-1.029920968743329,-0.5962156712078969,0.779903474715126,0.9249274076776564,0.380143776125153
1769100069.4161055,-1.0231752864461985,-0.5895742828965361,0.7728808117756959,0.92625651382222,0.3768937126059648
1769100069.4660275,-1.0183658313066286,-0.5848989344022907,0.7650037822736452,0.9277337274420415,0.37324272392974495
1769100069.5160735,-1.0136995311819625,-0.5804035515884496,0.7596159216207086,0.9287358497183066,0.3707421225704128
1769100069.566097,-1.0069032746059972,-0.5739603421385233,0.7555004213905301,0.9294967775363903,0.3688302326944828
1769100069.6160755,-1.0025853886836553,-0.5699427857565353,0.7533194515045031,0.9298984286130217,0.36781641135630805
1769100069.666154,-0.9979698446837927,-0.5656142546223989,0.7524667567443906,0.930055161656806,0.36741991818018316
1769100069.7160745,-0.99100018396821,-0.5591704268367438,0.7446302809034091,0.9314876572613595,0.363772929682438
1769100069.7660587,-0.9863820646793631,-0.5549189877671684,0.7438124574898446,0.9316363303903137,0.3633920030722613
1769100069.8160918,-0.9817084158995063,-0.5506529172471345,0.738497245321067,0.9325987920406115,0.3609148003121959
1769100069.866031,-0.9748687444258747,-0.5444425426977656,0.7328225940995005,0.9336190695709768,0.3582672646690227
1769100069.9160628,-0.970073294583088,-0.540122777911529,0.7319669161084102,0.9337722648252402,0.3578677932465304
1769100069.9660742,-0.9631403846043766,-0.5339400679786828,0.7205761252366409,0.9357953078109416,0.35254381554499736
1769100070.016085,-0.9584380375529357,-0.5297823346506819,0.7134760868437611,0.9370409457571732,0.34921950972776755
1769100070.0660634,-0.953825973771655,-0.5257901738147003,0.7056043943099605,0.9384081587244409,0.3455287652850401
1769100070.1160696,-0.9463602859268774,-0.5193333461597023,0.702360613665661,0.9389673339848859,0.34400631637996987
1769100070.1660583,-0.941520976286,-0.5151789120139085,0.6954610423786763,0.9401484923530543,0.34076503976534755
1769100070.2160852,-0.9364624570315833,-0.5108916057158844,0.6914074895094685,0.9408372154515344,0.3388588703596278
1769100070.2676816,-0.9290088769043664,-0.5046937300534654,0.6831433720737555,0.9422293643433036,0.33496839398548345
1769100070.3160825,-0.9239981480362356,-0.5005464658748205,0.6842211240801802,0.942048721116947,0.33547609011958585
1769100070.3660398,-0.9190994812812446,-0.4965412534075336,0.6772648597421178,0.9432098507793821,0.3321974975714532
1769100070.416096,-0.9117018359672873,-0.49055459109483607,0.6728950492605001,0.9439334189034787,0.33013588214126277
1769100070.4660835,-0.9068636867537065,-0.486675886212362,0.6686490594599652,0.9446321679673477,0.32813117383343604
1769100070.5160925,-0.9019949354946206,-0.48279502818198045,0.665625920802327,0.9451270816293232,0.3267029225012207
1769100070.5686848,-0.8944475052348048,-0.4768740675134958,0.6622998941607687,0.9456690857632339,0.325130712532251
1769100070.6160865,-0.8893082141489175,-0.47288626763928593,0.6547207785105306,0.9468943942002845,0.321544718868272
1769100070.6660771,-0.8842069522012093,-0.46897366648166,0.6506249806200191,0.9475508992458203,0.3196049019311772
1769100070.7160966,-0.8762729208989725,-0.46297347414334666,0.6442927581087499,0.9485580529880319,0.3166032534759461
1769100070.7660928,-0.8709492304979487,-0.45897717015100997,0.6394171813997668,0.9493270453981713,0.3142899312348049
1769100070.8161123,-0.8657193533186377,-0.45510884595572,0.6339539141596745,0.9501820274204562,0.31169554819912226
1769100070.8696945,-0.8579003082634978,-0.44937831813262935,0.6258208723986203,0.9514416840067136,0.3078290466061788
1769100070.9160995,-0.8527623731496322,-0.4456420672251776,0.6237724081633388,0.9517564732922784,0.30685438818150307
1769100070.9662201,-0.8478324620871968,-0.44209295901112566,0.6162962990516279,0.952896859601197,0.30329453500216047
1769100071.016108,-0.840144092621557,-0.4366144058240791,0.6146234771039694,0.9531502051336435,0.3024974156148999
1769100071.0660722,-0.8349361505705625,-0.43293209952189476,0.6100300861341216,0.9538424351294298,0.30030752395895693
1769100071.1160953,-0.8300846654585786,-0.42953490707297415,0.6055946437295306,0.9545060873119732,0.2981914306018668
1769100071.1660786,-0.822222602134936,-0.42408304858533713,0.5984412210166394,0.9555665242873431,0.2947755377595068
1769100071.2161028,-0.8171940474826288,-0.420630514881947,0.5949682235182325,0.9560769606620838,0.2931157540821582
1769100071.2717214,-0.8092918861367847,-0.4152818723095414,0.5867595528336643,0.9572719498145723,0.28918923579242545
1769100071.3161032,-0.8039586100997423,-0.4116925501517886,0.5865051596529559,0.9573087259553947,0.2890674717253033
1769100071.3660755,-0.7985765840506537,-0.40812993912851814,0.5751196695017151,0.9589387926175071,0.28361310268264683
1769100071.4161139,-0.7904499271955767,-0.40284524518125653,0.5689488847708312,0.9598092845555678,0.2806530550001712
1769100071.4660985,-0.7849755850086905,-0.39933197345660737,0.5647534022823921,0.9603959097841668,0.2786390074448345
1769100071.5161576,-0.7794861014924017,-0.39584238324083904,0.5589365668531601,0.9612022453263449,0.27584460041768644
1769100071.5667171,-0.7715077064296261,-0.390842711428474,0.5573295274020271,0.9614235815829305,0.2750721664877241
1769100071.616107,-0.766287901744869,-0.3875896724654886,0.5524899290459803,0.9620863855637777,0.2727449114334237
1769100071.6660783,-0.760888273740651,-0.3842426254042788,0.5518494974222748,0.9621736734702421,0.2724368221822815
1769100071.7162142,-0.7527605221040803,-0.3792433850119469,0.5466967635090083,0.9628723766278822,0.2699570082938647
1769100071.7660437,-0.7473143018193493,-0.37592361617091785,0.5420388575276601,0.9634984819220267,0.2677137936938439
1769100071.8161137,-0.7419864130281284,-0.3727016773745283,0.5373640884059002,0.9641215994688505,0.2654609979594471
1769100071.8677118,-0.7337784008506072,-0.3678350174596247,0.5303265108998244,0.9650497299051246,0.2620668212690152
1769100071.9160998,-0.728269903050806,-0.3646193117513976,0.5205559611349863,0.9663184773997063,0.257349179590519
1769100071.9757779,-0.7227201918389324,-0.3614247723973598,0.5143759131685715,0.9671090779505466,0.25436200845575113
1769100072.0161092,-0.7141863999265023,-0.35661603495075456,0.5077791868881745,0.9679427940207862,0.25117075367811803
1769100072.0668728,-0.708508221879628,-0.3534427816440537,0.5036183881360067,0.9684632344658551,0.2491565040048806
1769100072.1161056,-0.7027190587683032,-0.35026047525790927,0.49765972511354284,0.9692012549530574,0.24627002943399068
1769100072.1687846,-0.6940430752727901,-0.34555216058251315,0.4892114053037434,0.9702328888719757,0.24217378336876288
1769100072.2161064,-0.6882691398860625,-0.3424485874969947,0.48692273177825296,0.9705093819116448,0.24106335188385072
1769100072.276781,-0.682614893032945,-0.339442885029872,0.47802301888094256,0.9715724670622358,0.23674235203402214
1769100072.3161087,-0.6741330173546023,-0.3350170467677879,0.4757553807296014,0.9718402654991444,0.23564061270195452
1769100072.3678126,-0.6685787390659238,-0.33214765643762006,0.47066577765229345,0.9724367766213773,0.2331667117626905
1769100072.416116,-0.6629744536448475,-0.3292651803117436,0.4687820679426488,0.9726559544686509,0.23225071417904772
1769100072.46983,-0.6546001388698579,-0.32501700777013554,0.46940413803825304,0.9725836693090986,0.23255323303117073
1769100072.5161152,-0.6488630756436383,-0.3221156813859281,0.4660202655236334,0.9729757422859321,0.23090735138392504
1769100072.5777955,-0.6432509303602797,-0.31930390611329185,0.4635464947689942,0.9732606038689362,0.2297037155917895
1769100072.6161659,-0.6344544562387804,-0.3149371229893279,0.457995348729922,0.9738944135829826,0.22700147839134982
1769100072.6662567,-0.6286092015235972,-0.3120825154281397,0.45179397212507916,0.9745935916466404,0.2239806489884822
1769100072.7162192,-0.6227711991794127,-0.30927098540765896,0.4443165496074024,0.9754241772618211,0.22033536804857157
1769100072.7661235,-0.6139331241150573,-0.3051058415823893,0.43695368444463106,0.9762287153042801,0.21674292471809728
1769100072.816305,-0.6080291340906689,-0.302374554141608,0.42621934661953204,0.9773779447732367,0.21150024366615713
1769100072.8661358,-0.6021585291576701,-0.2996930516953607,0.4227312490876524,0.9777453248773508,0.20979532807115558
1769100072.916337,-0.5937100149973201,-0.2958931707105594,0.41832817265429023,0.9782048274840313,0.2076422776963704
1769100072.9661446,-0.5879128227489054,-0.293294991756878,0.41786081442315504,0.9782533224395046,0.20741368599027063
1769100073.0162117,-0.5820101717260797,-0.2906840828167016,0.4126690575016886,0.9787884465350062,0.20487356327644962
1769100073.0661411,-0.5732946283971629,-0.286862013097469,0.4076101393782189,0.9793035340511241,0.20239710520404894
1769100073.1161733,-0.5674431225000225,-0.28432402470844054,0.4063398696556297,0.979431885976121,0.20177507460848262
1769100073.1661243,-0.5616081424677415,-0.2818114116123812,0.40167503543458793,0.9798998450493357,0.19949008414527275
1769100073.2161224,-0.5528407811511126,-0.278109190010576,0.3961325113216735,0.9804489208817816,0.1967737623306269
1769100073.2661204,-0.546901513946588,-0.27564773550885063,0.38478359832980324,0.9815497141245985,0.19120710944397187
1769100073.3161275,-0.5410968301637444,-0.27325975949963827,0.38396884835026285,0.9816275256704606,0.19080723478445247
1769100073.3663192,-0.5321270705745,-0.2696501411742609,0.3773112136392638,0.9822572482175774,0.18753852490630404
1769100073.416347,-0.5259190102053916,-0.2671786919869333,0.3728420029178323,0.9826738700312339,0.1853431011876024
1769100073.466405,-0.5199111700620791,-0.2648203286722453,0.36605267334062136,0.9832973844841432,0.18200619128656884
1769100073.516411,-0.5106483394220985,-0.26126491209398733,0.3621576511202426,0.983649978615395,0.18009086475980096
1769100073.5662215,-0.5046140586917172,-0.25897492601023286,0.35724880578125395,0.9840890344266192,0.17767603192688705
1769100073.6161115,-0.49859509205353014,-0.25671625446623053,0.3553853439174737,0.9842541535025686,0.17675904874416482
1769100073.6663432,-0.48966222429176287,-0.25343310291048077,0.3483057371128953,0.9848736780297661,0.1732738824062088
1769100073.7161884,-0.4839071762154287,-0.2513363042993471,0.34282038912607465,0.9853452069690467,0.17057204666394318
1769100073.7664242,-0.4780928798998766,-0.2492545337196871,0.3372834207329816,0.9858136562922829,0.16784348384027523
1769100073.8164463,-0.46913684587350324,-0.24611163960981258,0.33011510586507936,0.9864089005093515,0.164309101987481
1769100073.8661373,-0.463063153932092,-0.2440049262755168,0.32745801774132166,0.9866263218067047,0.16299846968046272
1769100073.9161263,-0.45688247303492874,-0.2418975098400318,0.31907034146596097,0.9873012324849182,0.15885929728461476
1769100073.9663956,-0.44766170951893053,-0.23882542405782317,0.315692912960174,0.9875680925462543,0.15719180189994944
1769100074.0161366,-0.4414305204732402,-0.2367891746091915,0.30958827121552535,0.9880432912032922,0.15417669962794806
1769100074.066429,-0.4352157398023171,-0.23478482519997185,0.30460587153052765,0.9884243098412292,0.1517148104665121
1769100074.1161366,-0.4260157992723791,-0.23189414682432744,0.3026461985099321,0.9885724910449267,0.15074624356589522
1769100074.1663723,-0.41982863758960814,-0.22996950881522496,0.2976397173989968,0.9889467474598909,0.14827113909491266
1769100074.2163355,-0.41375507440308057,-0.22810613021409604,0.2945134438176996,0.9891773072436908,0.1467250995369266
1769100074.2661479,-0.40459702499564715,-0.22533712327447133,0.28706174968019915,0.9897171154206137,0.14303856628021563
1769100074.316134,-0.39835859323109174,-0.22349459976588135,0.2815585869027053,0.9901069505099983,0.14031474103525926
1769100074.3663719,-0.39228743588117365,-0.22171201169732857,0.2786175796026628,0.990312213280452,0.13885863396840814
1769100074.4161713,-0.38306367597758023,-0.21907692699711287,0.27675419097818516,0.9904411572388563,0.1379359055770296
1769100074.46644,-0.3769961708193679,-0.21737189384276892,0.2671215123203041,0.9910940131260503,0.13316402346617703
1769100074.5161552,-0.3708487683034319,-0.21567193646658622,0.2653327444617534,0.9912127164734877,0.13227755176616052
1769100074.5664303,-0.36168366611578234,-0.2132034401805614,0.2575311615429252,0.9917211610861071,0.128410041095016
1769100074.6163523,-0.35556684638224506,-0.21158390104984873,0.25352857327059364,0.9919761611674952,0.1264250595230219
1769100074.6662078,-0.34926609309606393,-0.2099665832333344,0.244959347765954,0.9925087366435348,0.12217367836917484
1769100074.7162006,-0.339784535807944,-0.2076097880553411,0.23498884251314733,0.9931054675145683,0.11722427390549574
1769100074.766131,-0.3334125721113473,-0.20607030843600566,0.23239580171349886,0.9932566164467392,0.11593659424347039
1769100074.816406,-0.32696139484265313,-0.2045351920599669,0.2255803958122355,0.9936459260958412,0.11255120413899666
1769100074.8663347,-0.31754124910985265,-0.2023577730499375,0.2236029479088367,0.9937567224673403,0.11156870775880538
1769100074.9162047,-0.31137000459149633,-0.2009592819439865,0.2187607457071589,0.9940239287589778,0.10916239762192165
1769100074.9661837,-0.30524999651658147,-0.19956513443606783,0.22020965824548164,0.9939445845323813,0.10988249577959083
1769100075.0161657,-0.29608406016548616,-0.19752453581508037,0.21802412214419317,0.9940640671337622,0.1087962795020269
1769100075.0664058,-0.2898060612825132,-0.19613956850887915,0.21476647984113006,0.9942399580819729,0.10717698331804627
1769100075.1161315,-0.28379434737923337,-0.19483997906602393,0.21046440633273245,0.9944681993815769,0.10503809032329245
1769100075.1663156,-0.27445625706445675,-0.19287609569037764,0.20337062954060056,0.9948345015782244,0.10151016929158331
1769100075.2161343,-0.268105847463292,-0.1915879130627774,0.19486402278305745,0.9952572552646797,0.09727793091455139
1769100075.2664216,-0.2616744135397927,-0.19031872391872703,0.19170018069264752,0.995409895904106,0.09570339145598163
1769100075.3163886,-0.2521490343219835,-0.1885158349661666,0.18297311145734826,0.9958180231371662,0.09135898858451946
1769100075.3661747,-0.2457763357453928,-0.18734358999710132,0.1752547814313507,0.9961631762477084,0.08751529173851194
1769100075.4164004,-0.2393958547941252,-0.1862148618685338,0.16896152768601153,0.9964336221304584,0.08438030983573602
1769100075.466304,-0.22976115626926616,-0.1845932921804373,0.15993533369077956,0.99680428967573,0.07988246418371997
1769100075.5162778,-0.22341679766056488,-0.18355517708387484,0.1573197632386563,0.9969079063342698,0.07857879032043322
1769100075.566151,-0.21704098033873376,-0.182551573053938,0.149813409307208,0.9971958043654161,0.0748366738705744
1769100075.6163146,-0.21081266698188666,-0.18158995304960102,0.14828812267109145,0.9972525880522504,0.07407614746386795
1769100075.6661515,-0.20132467286691852,-0.1801759362630751,0.1481717542449814,0.9972568964265435,0.07401812298145899
1769100075.7164598,-0.19494134036732041,-0.17922200597300195,0.1477840874719654,0.9972712248757344,0.07382481991073504
1769100075.7661552,-0.18875489258355221,-0.17831989558056424,0.14553563399870303,0.9973535904762408,0.07270361451916205
1769100075.8161561,-0.17928294501365477,-0.1769697090411651,0.14283367623194793,0.9974509013375294,0.07135614494176468
1769100075.8663487,-0.1729194988418153,-0.1760545627098338,0.1414448872616136,0.9975002101698038,0.07066350338892857
1769100075.9161322,-0.1665252785995637,-0.1751749693525425,0.13444325432949525,0.9977414770873498,0.06717101234575422
1769100075.9663825,-0.15686377068566718,-0.17390286496478716,0.1279700782790398,0.9979536556851,0.06394138804205744
1769100076.016133,-0.15043346971337426,-0.17310328132335376,0.11777229654629494,0.9982667117170528,0.058852122116559505
1769100076.0662775,-0.14384631038127355,-0.17233706553605513,0.10885960436436731,0.9985190639902036,0.05440293051047554
1769100076.1164014,-0.1341325539314343,-0.17128923165923637,0.09815572304156976,0.9987959234652724,0.04905816210534085
1769100076.1664207,-0.12768799842908987,-0.1706210279286768,0.09758589251446405,0.9988098603447869,0.04877358791423131
1769100076.2161417,-0.12134113310301159,-0.1699897631489981,0.09170863332259829,0.9989488750173505,0.04583824932924293
1769100076.2663057,-0.11181617154015995,-0.1690915799328843,0.08872766942885268,0.9990160864747004,0.04434928370079947
1769100076.3161597,-0.105464479828754,-0.16851116505018687,0.08471670093379113,0.9991030192007051,0.042345684833704225
1769100076.3662696,-0.09921226004224913,-0.16795566824799357,0.08105337083298399,0.9991789062750038,0.040515592740167916
1769100076.4161417,-0.08985386202650608,-0.1671838572031793,0.07991700075352406,0.9992017653428592,0.0399478677242451
1769100076.4663167,-0.08339404020402466,-0.16667765534732962,0.07230377382078595,0.9993465917058767,0.036144012586426154
1769100076.5163486,-0.07713433777159141,-0.16621270870835228,0.06917439549253367,0.9994019225016558,0.03458030219639949
1769100076.5663614,-0.06751263308444547,-0.1655642013187532,0.06301215662016713,0.99950372456841,0.03150086624009039
1769100076.616281,-0.061021476782753145,-0.1651438332729765,0.059950312737180086,0.9995507786376743,0.029970667740627246
1769100076.666152,-0.0545280353944555,-0.1647581743993352,0.053481212354911684,0.9996424912947413,0.026737419435001197
1769100076.7163243,-0.04459527074654926,-0.16422464204118695,0.045907456656988185,0.999736574744201,0.02295171276251027
1769100076.7661488,-0.038098027073795886,-0.16391294103123985,0.039115899183967934,0.9998087494003216,0.019556702752890214
1769100076.816416,-0.03159896222191285,-0.16364288127396937,0.032798913325542765,0.9998655319243016,0.016398721588388315
1769100076.8661444,-0.02234036829858182,-0.16333605310668403,0.026977187516385493,0.9999090302984944,0.013488184737929506
1769100076.9162493,-0.01601580799536287,-0.16314461970224373,0.024055529095359976,0.9999276673120125,0.012027474546101459
1769100076.9661524,-0.009689871251991677,-0.1629951727287146,0.01837466825782042,0.9999577967426577,0.009187204883404392
1769100077.0163891,-0.00027580250395700147,-0.1628250824617447,0.01634844225975167,0.9999665912404858,0.008174130099477104
1769100077.0661523,0.006101638144854592,-0.162720811951853,0.014441954331648446,0.9999739288576702,0.007220914412674003
1769100077.11614,0.01245405087026746,-0.16263328282074405,0.009332061842145148,0.9999891140974724,0.00466601398974102
1769100077.1663158,0.02217299790185439,-0.16254651577848375,0.0057258250300784505,0.9999959018687647,0.002862908604174423
1769100077.2161412,0.028652623397242494,-0.1625240752558398,-0.001745562845157248,0.9999996191263184,-0.0008727813117721299
1769100077.266431,0.035132023159537604,-0.16252060377880584,-0.005479018970461629,0.999996247546237,-0.0027395060586023986
1769100077.3161316,0.04485128105247432,-0.16260633809069583,-0.009754776447699981,0.9999881055656366,-0.004877368885909959
1769100077.3663628,0.05138110065270419,-0.16269795457381922,-0.017377760750645208,0.9999622519164003,-0.008688771045519872
1769100077.4161637,0.0577330555487704,-0.1628194216675177,-0.020810872705794053,0.9999458639356122,-0.010405248582428549
1769100077.46649,0.06750055985994823,-0.1630488330895805,-0.02785850101713606,0.9999029895586796,-0.013928800078075187
1769100077.5161397,0.07397734458594485,-0.163243100657687,-0.033107355928964584,0.999862991001616,-0.016552921956630978
1769100077.566155,0.0804533332335943,-0.1634574138165458,-0.036507578629616774,0.9998334042137235,-0.018252775635421943
1769100077.6161757,0.09019092623105038,-0.16383235348463648,-0.041476002621564916,0.9997849753571917,-0.020736514895699144
1769100077.666424,0.09636129567834874,-0.1640924187449068,-0.046807690569138895,0.9997261425135147,-0.023401708806147004
1769100077.7163131,0.10268202482987984,-0.16438882237987856,-0.053138037220261614,0.9996470643875924,-0.026565892818961413
1769100077.766322,0.11195783362560668,-0.16488456796521864,-0.06077836636353307,0.9995382843073779,-0.03038450598353242
1769100077.816374,0.11822426776301115,-0.16524587639676971,-0.062279388366398535,0.9995151989001712,-0.03113466183454375
1769100077.8664165,0.12456447978585886,-0.16564992799215422,-0.07059852918704361,0.9993770456490122,-0.03529193434557356
1769100077.9163666,0.13418412572843655,-0.16632521876634537,-0.07579479525417736,0.99928197956856,-0.03788832682423555
1769100077.966157,0.14077120719102912,-0.16682608136284466,-0.08132849469120938,0.9991733234180517,-0.04065304133426629
1769100078.0161374,0.14732931033249658,-0.16737385812783992,-0.08379044923628351,0.9991225234346545,-0.041882969875216475
1769100078.06614,0.157165846394957,-0.1682000002126173,-0.0857593205402118,0.9990808082210086,-0.04286652125442525
1769100078.1161423,0.1636697186671776,-0.16878844446586844,-0.09298321336006443,0.9989194599047282,-0.0464748601250833
1769100078.166141,0.17004684027401828,-0.16936882003876721,-0.09330886261661338,0.9989118794113315,-0.046637508198032245
1769100078.2161822,0.17949681933991182,-0.1702559390193005,-0.09340287490711863,0.998909686058261,-0.04668446314338854
1769100078.2661343,0.18579787258080008,-0.17083518034581888,-0.09184146118847604,0.9989458285158487,-0.045904593351697005
1769100078.316141,0.1920477050820135,-0.17141945025143668,-0.09216358100194996,0.9989384221698826,-0.04606548287758814
1769100078.366145,0.2015747168307346,-0.1722980067161181,-0.09433084819799505,0.998887917567152,-0.047147938855888756
1769100078.416178,0.20790189484786656,-0.17286975112494593,-0.09048721489272599,0.9989766825700223,-0.04522817353589395
1769100078.4661858,0.21440569066439677,-0.17345593232200793,-0.09284153711578096,0.9989227495902349,-0.04640409842982564
1769100078.5161827,0.22411110529258346,-0.17432918208315662,-0.09036939579490556,0.99897934520793,-0.04516932419170751
1769100078.5661848,0.23043821048366153,-0.17490200565899594,-0.09098943648685665,0.9989652937913827,-0.045479025938299306
1769100078.616136,0.23694258626855483,-0.1754818395531593,-0.09021601012638919,0.9989828064335265,-0.045092709501594976
1769100078.666135,0.24644562630731248,-0.17634464927975152,-0.08782312538418345,0.9990360422398854,-0.04389745215460576
1769100078.716176,0.25297395231996767,-0.1769405727278362,-0.09150925204677252,0.998953439697771,-0.04573866325103966
1769100078.7661517,0.259426468803171,-0.17753167531177544,-0.08934405843313951,0.9990023708243089,-0.04465717285509682
1769100078.8161557,0.269180400922173,-0.178430449206368,-0.0899270869598667,0.9989893101737515,-0.04494839439370554
1769100078.8661404,0.27578395503017744,-0.17903762470430165,-0.08874814279715301,0.9990156324327475,-0.0443595103106138
1769100078.916144,0.2821355407069422,-0.17962082567840887,-0.08941721891394007,0.9990007365858011,-0.04469371657209568
1769100078.96619,0.28861559959326977,-0.1801883277209079,-0.08474853719304472,0.999102345010025,-0.04236158867970879
1769100079.0161374,0.29794556384796894,-0.18099680055670028,-0.08275395356363326,0.9991440950196293,-0.04136517118791991
1769100079.0661495,0.30419931381382714,-0.18153682214974567,-0.08449842816244216,0.9991076347056541,-0.0422366460893042
1769100079.1161351,0.3103271843261583,-0.18206384871818682,-0.08166797691395535,0.9991664085315547,-0.04082264153817445
1769100079.1661406,0.31973433162337395,-0.18286098041578822,-0.08565710811491752,0.9990829976618363,-0.04281546196223049
1769100079.216135,0.3261649192312021,-0.18341285261899554,-0.08490106562392846,0.9990991114311979,-0.04243778431293087
1769100079.2661443,0.3326197828406158,-0.18397792909154262,-0.0889037201737066,0.9990121787420696,-0.04443722229193891
1769100079.316149,0.34247923537925534,-0.18483297482076544,-0.08904572318573006,0.9990090211142495,-0.044508153549085286
1769100079.366153,0.34898444977041976,-0.18540309466730254,-0.08738530336921116,0.9990456279373688,-0.043678751118003324
1769100079.4161532,0.3555910740206307,-0.18597580828565008,-0.08907548680353902,0.9990083586417894,-0.044523020605502235
1769100079.466185,0.3652720836655881,-0.1868377076841709,-0.08946202952674959,0.9989997349586389,-0.044716099478477524
1769100079.5161915,0.3716239152360964,-0.18741830856038472,-0.09203212506892858,0.9989414478026066,-0.04599982458697153
1769100079.5662305,0.37800156391109646,-0.18799409304886536,-0.09054174270384356,0.9989754491020906,-0.04525540952501008
1769100079.616187,0.38745379303621197,-0.18885673884272505,-0.08989823817817312,0.9989899584230337,-0.04493398457676828
1769100079.666155,0.3938563954601293,-0.18943781398239462,-0.0900404478521619,0.9989867608739921,-0.04500501748127031
1769100079.7162385,0.4001585772022508,-0.19000520333481777,-0.08672896413495698,0.9990599081798849,-0.04335089235067737
1769100079.7661605,0.40979029925762267,-0.19084970656246952,-0.08856529283110978,0.9990196838250691,-0.04426817513811745
1769100079.8161597,0.416195689074057,-0.19139953482869287,-0.08537976418179274,0.9990889253599866,-0.042676916746960884
1769100079.8661528,0.42252526329972573,-0.19194433272037123,-0.08863398748477165,0.9990181627422985,-0.04430248876758913
1769100079.9161494,0.4320575557852719,-0.1927639709246084,-0.087101813034901,0.9990518091529677,-0.043537140790159974
1769100079.9661689,0.4383616849650636,-0.19330935503212207,-0.08484013055487886,0.9991004039421392,-0.04240734420656748
1769100080.0161521,0.44479308628959985,-0.19385177418065072,-0.08318000302570236,0.9991352605448818,-0.04157801264985032
1769100080.0661561,0.45452721317481953,-0.1946871103842324,-0.08324978729347651,0.9991338091910938,-0.04161287458581566
1769100080.1161528,0.46110822850568234,-0.19526224373125847,-0.08716012917940884,0.9990505392691774,-0.043566271196485054
1769100080.1661592,0.46768974005937825,-0.19583151039608562,-0.08470905884235919,0.9991031809982092,-0.04234186721508376
1769100080.2161624,0.47749933590639426,-0.196675747988133,-0.08306813066626288,0.9991375846969933,-0.041522124775335484
1769100080.2662961,0.4840313440718873,-0.19722979197637117,-0.08225604074580609,0.9991543621808736,-0.04111642658271406
1769100080.316153,0.4902602866918919,-0.19776322086769463,-0.07923053462924626,0.9992154179141075,-0.039604906296257965
1769100080.3661635,0.4997209850226001,-0.19852705520766964,-0.08142271909440482,0.9991714070549111,-0.04070011454417688
1769100080.4161634,0.5055247880929564,-0.19898071290930056,-0.07669538425240162,0.9992648173542156,-0.03833829414627493
1769100080.4662757,0.5114802645771632,-0.19944195040846452,-0.07960762492711121,0.9992079328405048,-0.039793302810965166
1769100080.5161567,0.5209435594177314,-0.20017379134135138,-0.07709312174527415,0.9992571733059171,-0.03853701592843382
1769100080.5661662,0.5273028644939273,-0.20066557135421734,-0.07817776398441305,0.9992361269224608,-0.039078928503731694
1769100080.6161425,0.5368176129820802,-0.2013884411502566,-0.08012322153790193,0.9991976409909251,-0.04005089559760498
1769100080.6661477,0.5432031275442555,-0.20187017521336367,-0.0759763290247538,0.9992785364467941,-0.03797902838084719
1769100080.7161527,0.5493868424842169,-0.20233464793359673,-0.07808219005829622,0.9992379932448482,-0.03903117799924579
1769100080.7661517,0.5586487681725146,-0.2030438496021714,-0.0758935328955139,0.9992801078487831,-0.03793766015088963
1769100080.8161676,0.5647049705183084,-0.20351573927470418,-0.07977440757593135,0.9992046109499823,-0.03987662794538564
1769100080.8661475,0.5743191188835001,-0.2042658626195964,-0.08058224770815249,0.9991884224693999,-0.040280223473959736
1769100080.916163,0.5803996344083209,-0.2047514093189872,-0.08059578789209675,0.9991881497456838,-0.04028698807055419
1769100080.9661744,0.5869092254450344,-0.20526922800983752,-0.07944565835213713,0.9992111521564337,-0.03971238353728099
1769100081.0162933,0.5964975030652152,-0.20602557601258326,-0.07621821932499892,0.9992739357589283,-0.03809988599538388
1769100081.0661666,0.6029317995357192,-0.20653228502873797,-0.07847026082507143,0.9992304010047882,-0.039225064790387225
1769100081.1161726,0.6092411451209087,-0.2070137118910007,-0.07477794661870708,0.9993011137596076,-0.03738026269046003
1769100081.1661634,0.6187051966754564,-0.20773492776764335,-0.07360359749015818,0.9993228902313035,-0.036793492084255516
1769100081.2161717,0.6250155028715838,-0.20820332342967646,-0.0710021668804344,0.9993699027188366,-0.03549362674823592
1769100081.2661703,0.6312750807580916,-0.20867093415987756,-0.0690871212021598,0.9994034305357922,-0.03453669111669711
1769100081.316171,0.6408951801696106,-0.20934033688441106,-0.0704397495716389,0.9993798443194827,-0.03521259388296272
1769100081.3661711,0.6473094955747607,-0.20977417340509055,-0.06534251539987335,0.9994663419320636,-0.03266544573305715
1769100081.4161742,0.6539272434759775,-0.2101999915233698,-0.062784219633973,0.9995073081834731,-0.03138695410242352
1769100081.4661796,0.6638093017592469,-0.21074450951759893,-0.055013679029990464,0.9996217107428148,-0.027503370913551366
1769100081.5161757,0.6703801243814718,-0.2111063597651568,-0.04985270776905384,0.9996893545257792,-0.02492377274472843
1769100081.5662014,0.6769270607958962,-0.2114396947703234,-0.047015160894482474,0.9997237095544308,-0.023505415434069178
1769100081.6161668,0.6866867982924157,-0.21188757097132285,-0.03929582744587683,0.999806985952558,-0.01964664959888781
1769100081.6661663,0.6929069956107614,-0.21216135663951954,-0.038792302527953126,0.9998119005552685,-0.019394935113631363
1769100081.7161744,0.6993313216484779,-0.2124053184517258,-0.029280461800418746,0.9998928337337504,-0.014639707916845357
1769100081.7661934,0.7055028718125259,-0.2126256871510945,-0.029579861275121036,0.9998906309695237,-0.014789391446837512
1769100081.8161778,0.7150160441287449,-0.2128931065301313,-0.024193163904361385,0.999926837244686,-0.012096286944319934
1769100081.8661723,0.7214427121022251,-0.21305982862053177,-0.02018836710843428,0.9999490541617725,-0.010094012134754131
1769100081.9161704,0.7278448054424446,-0.21319621848689813,-0.01583004776629875,0.9999686763619944,-0.007914941240529156
1769100081.9661822,0.7375122061290715,-0.2133522174672521,-0.01252598674095693,0.9999803875211293,-0.006262952426149882
1769100082.016348,0.743814283863148,-0.2134207438687198,-0.003390146907921019,0.9999985633633368,-0.0016950726422255416
1769100082.0661871,0.750318769596802,-0.21346482101894518,-0.0018880583973016774,0.9999995544044692,-0.0009440290584324373
1769100082.116323,0.7599116208962455,-0.2134711757744949,0.0035337649749402848,0.9999984390635438,0.001766881568139617
1769100082.1661716,0.7662392096264113,-0.21345653288983507,0.007337243095889561,0.9999932706155165,0.003668613318752782
1769100082.2162833,0.7727945215531246,-0.21339621213806298,0.015529760707228956,0.9999698534680171,0.00776480232538635
1769100082.2661657,0.7826392761392931,-0.213259246110429,0.020558884575240407,0.9999471669983553,0.010279261255718803
1769100082.3163393,0.7892189102198365,-0.21314816593553265,0.023216104549981492,0.9999326273177171,0.01160779158528056
1769100082.3661819,0.7957728291314718,-0.2130117276087964,0.028784589907226467,0.9998964327107307,0.014391798093191037
1769100082.416359,0.8054126462122213,-0.21275666642987998,0.031060906816663132,0.9998794049324055,0.015529829104619416
1769100082.466196,0.8117626062123319,-0.2125612067648876,0.035608814505853834,0.9998415057281019,0.017803466610799512
1769100082.5162423,0.8180867796191656,-0.21235520059096707,0.03797247807287752,0.9998197667778882,0.018985098372386863
1769100082.5661817,0.8274191296669071,-0.21198247143375112,0.039986783746115244,0.9998001387984766,0.019992059887535437
1769100082.616184,0.8339176114368014,-0.21168776159016262,0.050455204086927954,0.999681800924109,0.02522492618681148
1769100082.6661794,0.839782633636908,-0.21140221981040735,0.05004562286861432,0.9996869457891484,0.02502020021431172
1769100082.7161949,0.8494630383778328,-0.2108835689847436,0.05617494046383724,0.9996055729394975,0.02808377731536613
1769100082.7661903,0.8559820607489249,-0.21049944234997375,0.06154888546144002,0.999526504208403,0.030769585387671553
1769100082.8161886,0.8623980662418522,-0.21008987145684738,0.06650033081556037,0.9994472641771659,0.03324403899616096
1769100082.8661816,0.8721712085423625,-0.20943130079017844,0.07102046178446643,0.9993695780007774,0.03550276843498219
1769100082.9161823,0.8785341762992884,-0.20899086231280456,0.07504848770802862,0.9992960481684634,0.03751543835399188
1769100082.9661932,0.8850969706205356,-0.20850563503695071,0.07431576735322784,0.9993097252681596,0.03714933356704217
1769100083.016183,0.8948086408862747,-0.20769467425458638,0.07970630892265604,0.9992059681430948,0.039842605678100516
1769100083.0662594,0.9012423746411456,-0.2071807763423161,0.08210442178100752,0.9991574763247791,0.04104068108960304
1769100083.1161776,0.9076444433742573,-0.2065851167631297,0.08959098542061465,0.9989968496797282,0.04478051283737769
1769100083.1662207,0.917119654475989,-0.2056915245873842,0.0978024565150737,0.9988045731876173,0.04888174075768732
1769100083.2162104,0.9234158359976369,-0.20505932697532833,0.1011380097143648,0.9987216603254804,0.050547454898498684
1769100083.2662396,0.929658157778486,-0.2043965236987393,0.10962924726598458,0.9984980546419535,0.054787178027658257
1769100083.316189,0.939043584569444,-0.20337593695239947,0.11207233256990849,0.9984303848212995,0.056006844810180506
1769100083.366179,0.9452553848193619,-0.20266974254938183,0.11988334857392481,0.9982040356807531,0.059905785619235936
1769100083.4162045,0.9515141224176209,-0.2019309135436567,0.12410579238022501,0.9980753367423854,0.062013080769899066
1769100083.4662042,0.9607075979141567,-0.20079306195889107,0.12932614808963233,0.9979100718001629,0.06461802070470475
1769100083.5161817,0.9671615867349189,-0.19998323043109267,0.13203065887501453,0.9978217793734617,0.06596739048938308
1769100083.5661955,0.9766193543828935,-0.1987164647984569,0.13867240963612248,0.9975972082024741,0.06928066242920489
1769100083.6163325,0.9831392033034568,-0.19782416261618482,0.138850215306545,0.9975910450128054,0.06936935137550883
1769100083.6662014,0.9894804063753067,-0.1969320305853943,0.14480087079794832,0.9973802331398678,0.07233720026281736
1769100083.7161913,0.9959947437981237,-0.19600026663586154,0.1435833196534707,0.9974240854392418,0.07173000617379108
1769100083.7661905,1.0056862575589833,-0.1945776364908626,0.1478288024659216,0.9972695740882996,0.07384711638067872
1769100083.8163424,1.0119442012745195,-0.19364061961731643,0.15142890393428204,0.9971350299366797,0.07564213160122399
1769100083.8661852,1.021570962252662,-0.19212736870191457,0.15581496832245706,0.9969667466350552,0.07782869717471576
1769100083.9162233,1.0278643551424964,-0.19108672204074428,0.16829367738336629,0.9964617432834988,0.08404757088941116
1769100083.9662013,1.03412642513126,-0.1900152160208479,0.1726670624291604,0.9962755748832947,0.0862263236544426
1769100084.0162024,1.040307396364603,-0.18891983918440866,0.18136393651088425,0.9958912071001583,0.09055773639280976
1769100084.0661943,1.0496923018212092,-0.18719449699503474,0.18491924370854368,0.995728653365198,0.09232794196520011
1769100084.1161907,1.0558839611672457,-0.18601715103527772,0.1909891918376387,0.9954438550276421,0.09534952274503868
1769100084.16635,1.064879152869614,-0.18427412933971427,0.19581699001962258,0.9952107909460037,0.0977521436318905
1769100084.2161922,1.0711357968949224,-0.1830344351104138,0.196404716944024,0.9951820221919728,0.09804459549559917
1769100084.266364,1.0776871045764191,-0.18171865186517,0.2024611909038407,0.9948805573608293,0.10105778834610289
1769100084.3162198,1.087061181405692,-0.17980530692852992,0.20182849141568382,0.9949124771833662,0.10074305308485451
1769100084.3662198,1.0934538554955517,-0.17847136658960086,0.20833013150707716,0.9945797231949415,0.10397679649553299
1769100084.4162333,1.099842183232917,-0.17711763557377927,0.2111635003017821,0.9944314228809915,0.10538569725957399
1769100084.4663544,1.109217640811235,-0.17508664794091897,0.21683782613782382,0.9941284245578504,0.10820663328154242
1769100084.5161908,1.1156436206078675,-0.17366755984848306,0.22067081512519265,0.9939192215759256,0.11011167504813506
1769100084.5663552,1.121794463477892,-0.17229415401342005,0.22540199234654879,0.9936559619050757,0.11246256875289162
1769100084.6161914,1.130800421542113,-0.17023505128187277,0.22588918607272626,0.9936285368948936,0.11270461688907482
1769100084.6661987,1.1370334750647029,-0.16876553354890053,0.23673795398920502,0.9930025685790451,0.11809275505050583
1769100084.7161896,1.1429631489699883,-0.1673346287599896,0.24222876529581697,0.992674614215946,0.12081850144420223
1769100084.7661974,1.1522207477070845,-0.16502057839449277,0.24957549149664335,0.9922241076211895,0.12446413240501948
1769100084.8162324,1.1583996736055813,-0.1634379670725668,0.25629140420495206,0.991800569192162,0.1277952696702951
1769100084.866199,1.1644210918401314,-0.16185301715088257,0.2591569413006494,0.9916164502151799,0.1292161586747022
1769100084.9162693,1.173592112315689,-0.15940679514883077,0.2659996237360966,0.9911685547929366,0.13260805401513612
1769100084.966495,1.179701878734233,-0.15776122613708835,0.2653217231828582,0.9912134453923324,0.13227208954825573
1769100085.01632,1.1859265629899194,-0.15605475806652824,0.2684726750666204,0.9910038238263693,0.13383355768085328
1769100085.0662107,1.1949101018432084,-0.1535947824386537,0.26903821348417734,0.9909659401981079,0.13411377769371843
1769100085.1163619,1.2011794968462992,-0.15186038008970618,0.27265831194518897,0.9907215644509286,0.13590725415482563
1769100085.1662097,1.2104918868321213,-0.14925990838012787,0.2780620759661022,0.9903507433186761,0.13858356759784188
1769100085.216232,1.2166826510219797,-0.1475268826842525,0.276357117801658,0.9904685230427697,0.13773926405159295
1769100085.2662103,1.2230134420442937,-0.14573027661695961,0.2820873645540421,0.990069818255868,0.14057650934203902
1769100085.3162608,1.2320781190693155,-0.14309146376840323,0.28817273098357965,0.9896375061398662,0.1435883227886805
1769100085.3662002,1.238121732296415,-0.1413042566548223,0.2902035211989395,0.9894911971128785,0.14459312167638766
1769100085.4164302,1.2442792143078767,-0.13945566644262453,0.29456444097396306,0.9891735656407064,0.14675032210408007
1769100085.4663417,1.2533857909477877,-0.13669156644326272,0.3006079471570557,0.9887256070116532,0.14973868584783873
1769100085.5162172,1.2595081499293448,-0.134815123357311,0.30044488170992417,0.9887378123282013,0.14965807185862887
1769100085.5662386,1.2656032915965665,-0.13293596638762809,0.30569978581898855,0.9883411804963453,0.1522554134836936
1769100085.6162045,1.2748575388875902,-0.13004996764815735,0.3007342388217362,0.9887161496664878,0.1498011194506744
1769100085.666331,1.281067099710776,-0.128112209621871,0.3023726211492436,0.988593102175926,0.15061101662952503
1769100085.716219,1.287112081867535,-0.1262421136771367,0.2967157298269322,0.98901514226283,0.14781423603575564
1769100085.766221,1.2962522999998833,-0.1234149838362202,0.2977931607761354,0.9889353689371667,0.14834701232283037
1769100085.8162189,1.302397346451944,-0.12152571178013563,0.2981182958018975,0.9889112394645473,0.1485077791251785
1769100085.8662188,1.3086399684177927,-0.11960930281547162,0.29677675199202475,0.9890106318301235,0.14784441188959402
1769100085.916227,1.3180540718961613,-0.11672563825802165,0.3001251967281953,0.9887617214161447,0.1495000276327139
1769100085.9662678,1.324348342470303,-0.1148049566086616,0.29621243311799067,0.9890523081560747,0.14756534732497717
1769100086.016216,1.3305652229088165,-0.1128909585727232,0.29978141211903603,0.9887874047128491,0.1493300648939405
1769100086.0662181,1.3367819556702634,-0.11097648405725988,0.29808528619917996,0.988913690421248,0.14849145732138302
1769100086.1163993,1.3458944669453279,-0.10814539444283706,0.300414517255499,0.9887400843571004,0.14964306059926089
1769100086.1662257,1.351862574154238,-0.10628360663786149,0.3043160505377161,0.9884462845316624,0.15157157581668115
1769100086.2163184,1.3577528266885888,-0.10442732292524685,0.3066805341630706,0.9882663995453795,0.1527400521461617
1769100086.2662122,1.366728977192127,-0.1015844716698774,0.3095599338925653,0.9880454755815818,0.1541627003615523
1769100086.3163223,1.372787140836176,-0.09967178550039184,0.30622811837593544,0.9883009252657431,0.1525164945796884
1769100086.3662157,1.378914551551489,-0.09772603364648812,0.30988005914329136,0.98802078723825,0.15432084753884906
1769100086.4163747,1.3882772770874836,-0.09476261989957,0.30874475165411747,0.9881082288551716,0.15375996900590186
1769100086.4662397,1.3945025027635027,-0.09279045268760786,0.30828531252692204,0.9881435244560717,0.1535329771597387
1769100086.5162838,1.4007340695235082,-0.09083824759275355,0.30607266106511827,0.988312777182252,0.152439674816973
1769100086.566213,1.4100337589153193,-0.0879271970605103,0.2999628403873763,0.9887738542969327,0.14941976127269177
1769100086.6162045,1.4158294213461855,-0.08610782226379875,0.3049402226597477,0.98839893302017,0.15188004873777672
1769100086.6662455,1.4249598631508593,-0.08324931231591286,0.3048174127527231,0.9884082573440836,0.15181935586094408
1769100086.716225,1.4311602025191568,-0.08128232044328113,0.30621942727379586,0.9883015880246278,0.1525121998661053
1769100086.7663949,1.4372659109302837,-0.07935191505930353,0.30707368092056025,0.9882363558236059,0.15293431605914792
1769100086.816241,1.446400501295448,-0.07642248107155898,0.30762491982498014,0.9881941666155013,0.153206687409835
1769100086.8663938,1.4524644492316758,-0.07444406416213761,0.3157454141393115,0.9875639658285161,0.1572177260904552
1769100086.9162061,1.4586229703752898,-0.07242982207934619,0.31439878461467363,0.9876695989789718,0.15655274910622638
1769100086.9667034,1.4646337356133252,-0.07045205906765792,0.31921545844818255,0.9872897032950789,0.15893093395407681
1769100087.0162442,1.4736269733261629,-0.06749752295709617,0.318095260832529,0.9873785654554037,0.1583779292680296
1769100087.066239,1.479729783450926,-0.06547583289570283,0.321443882455486,0.9871120077329407,0.160030885111102
1769100087.1162343,1.485693881973142,-0.06351876284232971,0.31704747991879095,0.9874614026387752,0.15786062934963402
1769100087.1662276,1.4949538657903687,-0.06048393549511161,0.3134205005520139,0.9877460573507506,0.15606961968316463
1769100087.2162192,1.5011386689006174,-0.05846870478259119,0.3145875153969339,0.9876548214200783,0.15664595023706548
1769100087.2662911,1.5074935643622707,-0.0564035825163407,0.31124078074825795,0.9879155647178105,0.15499302238581408
1769100087.3162475,1.5168862884148706,-0.05336773996424459,0.3121792544875915,0.9878427275186121,0.15545657171245314
1769100087.3662398,1.5230588305187016,-0.05139676413168184,0.3079504144041428,0.9881692195554982,0.15336751130235354
1769100087.4162176,1.5292312386651703,-0.049425596867791334,0.30631603842316724,0.988294219682104,0.1525599401643209
1769100087.466233,1.5382369678488435,-0.046592196946123904,0.305829290938101,0.988331319496618,0.15231941078560543
1769100087.516353,1.5443258417722165,-0.044692359171101335,0.301207044867569,0.9886807086014556,0.1500348507491629
1769100087.566231,1.550249116394894,-0.04285688625960588,0.3007731818569302,0.9887132326239236,0.14982037122618203
1769100087.6164467,1.5592265393562186,-0.04010269972456526,0.29478662204978284,0.9891572569647702,0.14686020902181657
1769100087.6662397,1.5653798039085216,-0.038240251188833486,0.2911360789880939,0.989423668828772,0.14505448480282346
1769100087.7162983,1.5715891976319847,-0.03638860467034919,0.28681422959485753,0.98973481030011,0.14291607775266327
1769100087.766231,1.5810436582926999,-0.0336390568062714,0.27862139467438124,0.9903119484008267,0.13886052302421414
1769100087.8162518,1.587201607955009,-0.03188225656826214,0.2721214184184008,0.990758012615477,0.13564129326363097
1769100087.8662202,1.5933941439144168,-0.030154966558907974,0.2652896343683834,0.9912155674920226,0.1322561860990544
1769100087.9164228,1.6027511270154011,-0.027620797112392556,0.2562071848331638,0.991805949731482,0.1277535051465642
1769100087.9662602,1.608988895806382,-0.025964255748566527,0.25221846240934664,0.992058763756084,0.1257752330737264
1769100088.0162315,1.6149917491234929,-0.024409106371658648,0.2441157917440786,0.9925601785310499,0.1217550491536605
1769100088.0664184,1.6242691018732713,-0.022072171184721816,0.2414688092842802,0.9927204509252701,0.12044129821090636
1769100088.11623,1.6305811557865828,-0.020500871474704592,0.24004657006016594,0.9928058480823717,0.11973532483541623
1769100088.1663399,1.6367961812447545,-0.018958900572443496,0.2387267030787963,0.9928846492379855,0.11908011298097866
1769100088.216243,1.6461402651862114,-0.016679739015046102,0.23889824124497866,0.9928744321938968,0.11916527134885807
1769100088.2664773,1.6522913095508829,-0.015194798801410081,0.2327667393012218,0.9932350967432089,0.11612081035502904
1769100088.3162496,1.658343764282696,-0.013733818488033317,0.23437122730442728,0.9931416199088614,0.1169175898006914
1769100088.3663635,1.6676327004767668,-0.011549464030406364,0.22955806536601128,0.9934201153298553,0.11452717781390127
1769100088.4162352,1.6739928824886776,-0.010069097202613533,0.22664363787952757,0.9935859510986158,0.11307943128376159
1769100088.4663808,1.680114051897113,-0.008678219893780802,0.2182466859998023,0.9940519539189868,0.10890690019390202
1769100088.5162563,1.6897558759790612,-0.006561843544108177,0.21251986269064735,0.9943597236041462,0.10606007766302145
1769100088.566211,1.695799008935268,-0.005287020887943625,0.20191100710530038,0.9949083198953428,0.10078410094368143
1769100088.6162355,1.7023439663981093,-0.003940955191600937,0.19921472161198486,0.9950432870915913,0.09944273132794136
1769100088.6662266,1.7118869788168762,-0.0020926862261986924,0.1929116048074734,0.9953517446079928,0.09630630563896175
1769100088.7164953,1.7181966380541345,-0.0008601521296178513,0.1892203878590161,0.9955277930226636,0.09446911304455402
1769100088.7662454,1.7244648949665686,0.00032071567097536496,0.18293003435139196,0.9958199906465971,0.09133754008408203
1769100088.8164625,1.733725806525476,0.0020210545814145966,0.17698777858403017,0.9960869704120121,0.08837843275041384
1769100088.8662386,1.7399035812248211,0.0031326310606980433,0.1756342151592706,0.9961465551939152,0.08770427911622176
1769100088.9162345,1.7462103452156685,0.004242591618864498,0.16933421209770325,0.9964178812176943,0.08456598600880187
1769100088.9662507,1.7556157532409373,0.005852026629801059,0.16703888977921166,0.9965142780899796,0.08342238046715451
1769100089.0164497,1.761883774333405,0.006888746020854632,0.16145912061948722,0.9967431384409543,0.08064189959863724
1769100089.0662365,1.7683530224608874,0.007948137234028726,0.1583845493828323,0.9968659302496934,0.07910952602192312
1769100089.1162739,1.7778030401996687,0.009443260014261948,0.15720840283607213,0.9969122800717807,0.07852328216575923
1769100089.1662245,1.7842578345169557,0.010434374804533382,0.14857232549292665,0.9972420516585493,0.07421785771529166
1769100089.2163415,1.790690765993584,0.011398849489793101,0.1472456212653979,0.9972910648165261,0.07355631881163985
1769100089.2662377,1.8003377718382383,0.012778142628910335,0.1382300482290145,0.9976125073463297,0.06906001148399392
1769100089.3162355,1.80680824696763,0.013660504385993689,0.13169240844816363,0.9978329218518874,0.06579863272534671
1769100089.3663979,1.813182845854707,0.014495326405672,0.1254669050278995,0.9980329022186291,0.06269231283865925
1769100089.416239,1.8227540240009017,0.015675751872347786,0.12195779961566293,0.9981413629299423,0.06094111591001073
1769100089.466238,1.8291394426788212,0.016425821010513614,0.1123321708342037,0.9984231000344043,0.05613655954625214
1769100089.5162423,1.8354009744897677,0.01714104951995934,0.11133438045267359,0.9984509820408655,0.05563844409786519
1769100089.5663865,1.8449108644829209,0.018190148225739,0.10658194278689546,0.9985803722017009,0.053265751224520264
1769100089.6162386,1.8512019071469294,0.018869470222877948,0.10452744992864277,0.9986345623762717,0.052239935179442316
1769100089.666242,1.8576218081345255,0.019534931666353377,0.09778637881560834,0.9988049661083129,0.048873711516231794
1769100089.716241,1.8671184769388796,0.020465367256476755,0.09178628273290414,0.9989470946079494,0.04587703319022125
1769100089.766355,1.8735452036315279,0.021060172107544517,0.08827758705975944,0.9990260415931012,0.04412446281621345
1769100089.8162444,1.8800757390890575,0.021632069926312152,0.07997934985670567,0.9992005195004576,0.039979017371811636
1769100089.866385,1.8897893529495973,0.022408959450072763,0.07672108879657973,0.999264324537498,0.03835113696642987
1769100089.9162388,1.8963011899375461,0.02289920849326741,0.0694539976574698,0.9993970783716657,0.03472001932860613
1769100089.9662466,1.902838727490215,0.02338027553266007,0.06830097368217534,0.9994169287950752,0.034143849194543434
1769100090.0164373,1.9125113303839232,0.024026060735658047,0.06065596227061272,0.9995401420293432,0.03032333213815023
1769100090.0662506,1.9190793721178867,0.024433905619635588,0.05620492517841155,0.9996051517851329,0.028098763756105108
1769100090.1163294,1.925370670994642,0.02480455200829909,0.05320409078970609,0.9996461864563778,0.026598907932860533
1769100090.1662588,1.9347981091994018,0.02530804653126068,0.050012645023428996,0.9996873582093933,0.025003716450245152
1769100090.2164857,1.94109333067862,0.02561040536925472,0.04340151181422112,0.9997645478367304,0.02169905271706719
1769100090.266256,1.9473387726321925,0.02588930093096729,0.04136255690899893,0.9997861499831501,0.020679804202898788
1769100090.316358,1.9567981843494247,0.02625402762621928,0.03573667901577109,0.9998403654689936,0.017867388696434044
1769100090.3662462,1.963197992733698,0.026476250999351508,0.029602643829383993,0.9998904624345936,0.014800781477156265
1769100090.416274,1.9692952870052605,0.026654514719300606,0.025362183618313716,0.9999195960327533,0.012680751937304871
1769100090.4662604,1.9791384011365525,0.02689185037394595,0.016794784030959305,0.9999647421108576,0.00839729332380875
1769100090.5163183,1.985667498036771,0.027006493161936294,0.011381753707389218,0.9999838070040205,0.0056908461362127774
1769100090.5662606,1.9922730422702914,0.02708678558700983,0.0031221605744510047,0.9999987815144159,0.0015610796531741757
1769100090.6162708,2.0020427533184866,0.02712837255752205,-0.002885737733794162,0.9999989590648971,-0.001442868366252762
1769100090.6663215,2.0084209451136297,0.02711796427785249,-0.006166161499471874,0.99999524731031,-0.0030830758654256923
1769100090.7162578,2.014799018959446,0.027097799773948782,-0.008050387777794063,0.9999918989180163,-0.00402518301941593
1769100090.7663534,2.022543835138031,0.027038398146768495,-0.009168069934528003,0.9999894933301079,-0.004584018912938698
1769100090.8162613,2.025327895856593,0.02701695195881123,-0.009625089174594172,0.9999884197296481,-0.004812526010426943
1769100090.866456,2.026542750668059,0.027003743242331655,-0.011099429046099344,0.9999846003738813,-0.005549686035177518
1769100090.9162588,2.0272767286476037,0.02700281914854695,-0.009935045213859371,0.9999876618849464,-0.004967502176957729
1769100090.966484,2.0273526666458737,0.02700729922582355,-0.009414342975690746,0.9999889212887484,-0.004707154104701293
1769100091.0162647,2.0273273570810035,0.027007537505787417,-0.009414342975690746,0.9999889212887484,-0.004707154104701293
1769100091.066272,2.027327359117552,0.02700865624845395,-0.009197607275758529,0.9999894255211867,-0.004598787427883959
1769100091.1162636,2.027327360161962,0.027009229977317518,-0.009048410434894683,0.9999897658010317,-0.0045241897835646885
1769100091.1662426,2.0273273607120674,0.02700953216824117,-0.008941927856169783,0.9999900052574261,-0.004470949032697126
1769100091.2164137,2.0273273610120355,0.02700969695040065,-0.008862844561412703,0.999990181264353,-0.004431407777042219
1769100091.2662644,2.0273020514575544,0.02701000232290388,-0.0088088214368424,0.9999903005987915,-0.004404396478363111
1769100091.3164601,2.0273273612500757,0.027009826625767227,-0.008766708712805308,0.9999903931176751,-0.004383340319603834
1769100091.3662395,2.0273273613087563,0.027009858143557473,-0.008728260588717432,0.999990477198501,-0.004364116441434418
1769100091.4165695,2.027327361334843,0.027009872154968004,-0.008704852782655599,0.9999905282072066,-0.004352412649558813
1769100091.4662542,2.0273273613497222,0.027009880146777656,-0.008686564124938432,0.9999905679652902,-0.004343268407131574
1769100091.5164483,2.0273273613497222,0.027009880146777656,-0.008686564124938432,0.9999905679652902,-0.004343268407131574
1769100091.5662498,2.027327361355352,0.027009883170646308,-0.008673139973769593,0.9999905970951102,-0.004336556394757898
1769100091.6164804,2.027302051621483,0.02701010370605639,-0.008666017352339392,0.9999906125325936,-0.004332995117501971
1769100091.6662323,2.0273273613596436,0.02700988530211825,-0.008658842749586695,0.9999906280699187,-0.004329407849773425
1769100091.7163315,2.0273273613595526,0.027009885260866392,-0.008659273337314644,0.9999906271378005,-0.004329623141619579
1769100091.7663724,2.027327361358902,0.027009884965933206,-0.008663477909892645,0.9999906180334833,-0.004331725408194572
1769100091.816267,2.0273273613591414,0.027009885074347383,-0.008661363875015515,0.999990622611634,-0.004330668400670489
1769100091.8663487,2.027327361359168,0.027009885086351722,-0.0086610434410748,0.9999906233054677,-0.0043305081852024925
1769100091.9162548,2.027327361359747,0.02700988534883624,-0.008651448042294832,0.9999906440704354,-0.004325710530749249
1769100091.9664338,2.0273273613601677,0.027009885539505767,-0.008641900353293281,0.9999906647093101,-0.004320936730862954
1769100092.0162718,2.0273273613602005,0.02700988555448884,-0.008640872507364337,0.9999906669298066,-0.004320422812695532
1769100092.0663488,2.0273273613601788,0.027009885544618778,-0.008641800159666648,0.999990664925774,-0.004320886634517301
1769100092.116265,2.0273273613601086,0.02700988551289205,-0.008645885645554489,0.9999906560972269,-0.004322929358383047
1769100092.1663074,2.0273273613602454,0.027009885574795008,-0.008634963930809153,0.9999906796892173,-0.00431746855197167
1769100092.2162693,2.027327361360182,0.027009885546064732,-0.008641909126597331,0.9999906646903557,-0.004320941117474028
1769100092.2662551,2.027302051619319,0.02701010432984873,-0.008644325120643174,0.999990659469942,-0.00432214910321677
1769100092.3162656,2.02732736135993,0.027009885505445776,-0.00864801104615267,0.999990651502684,-0.004323992048749929
1769100092.3662333,2.0273273613596112,0.02700988546045241,-0.008654829700986943,0.9999906367549676,-0.00432740134426984
1769100092.4164941,2.0273273613597396,0.027009885478570975,-0.008651067485045748,0.9999906448935075,-0.004325520253904863
1769100092.4662585,2.027327361360025,0.027009885518839472,-0.008639610898890445,0.9999906696549488,-0.004319792014345065
1769100092.5164733,2.027327361360015,0.02700988551742511,-0.00864016224035602,0.9999906684640705,-0.004320067682505586
1769100092.5662587,2.027327361360052,0.02700988552266124,-0.008637365575873199,0.9999906745039828,-0.00431866936330854
1769100092.6164086,2.027302051617853,0.027010104156999882,-0.008638176017399583,0.9999906727538862,-0.004319074580292494
1769100092.6662443,2.027327361360306,0.027009885552550364,-0.008634219797089693,0.999990681295535,-0.00431709648857942
1769100092.7164073,2.0273273613604075,0.027009885564596787,-0.008632113134379458,0.9999906858423133,-0.004316043167037591
1769100092.7662475,2.0273273613602467,0.02700988554552712,-0.008636682438695939,0.9999906759790462,-0.004318327797904955
1769100092.8163118,2.027327361360124,0.027009885530985732,-0.008641456444751089,0.9999906656683358,-0.004320714778663759
1769100092.866242,2.027327361360187,0.02700988553845986,-0.008638094366313364,0.9999906729302139,-0.00431903375513017
1769100092.9163122,2.0273273613601206,0.027009885530552433,-0.008642967995262199,0.999990662402561,-0.0043214705468634235
1769100092.9663973,2.027327361360136,0.027009885532416348,-0.00864139396379047,0.9999906658033165,-0.004320683538475057
1769100093.0162745,2.027327361360085,0.027009885526328985,-0.008648437435926953,0.9999906505808083,-0.0043242052416439195
1769100093.0664237,2.027327361360085,0.027009885526328985,-0.008648437435926953,0.9999906505808083,-0.0043242052416439195
1769100093.1162717,2.0273273613600966,0.027009885527679463,-0.008645405519057778,0.9999906571349746,-0.004322689297377695
1769100093.1663752,2.0273273613600886,0.027009885526737592,-0.008648243914645666,0.9999906509992165,-0.004324108481907912
1769100093.2162762,2.0273020516188662,0.02701010427439842,-0.008642554627228545,0.9999906632957185,-0.004321263864776437
1769100093.2664042,2.02732736136006,0.027009885523518264,-0.008643222462008326,0.9999906618527176,-0.004321597779048397
1769100093.3162813,2.027327361360421,0.027009885565274123,-0.008634965421131192,0.9999906796860001,-0.004317469297125744
1769100093.3663676,2.0273273613602885,0.027009885549981242,-0.008639101850244435,0.9999906707544085,-0.004319537492396721
1769100093.4162834,2.0273273613602982,0.027009885551107157,-0.008638684964896712,0.9999906716547627,-0.004319329051667379
1769100093.4662828,2.0273273613604084,0.02700988556383342,-0.00863223181931487,0.999990685586187,-0.004316102508952564
1769100093.5162766,2.027327361360287,0.02700988554980276,-0.00864197737488991,0.9999906645429066,-0.004320975241301755
1769100093.5662422,2.027327361360314,0.027009885552934557,-0.00863899726340952,0.9999906709802905,-0.004319485199467116
1769100093.616264,2.027327361360289,0.027009885550013338,-0.008642805652951729,0.9999906627533364,-0.004321389376466117
1769100093.6662512,2.0273273613603537,0.027009885557507024,-0.008629420428973437,0.9999906916523235,-0.00431469682687081
1769100093.7164514,2.0273273613603564,0.027009885557810975,-0.008628676558796705,0.9999906932570414,-0.004314324895244248
1769100093.7662475,2.027327361360352,0.027009885557295683,-0.00863040442857262,0.9999906895293724,-0.004315188822090175
1769100093.8164284,2.0273020516175992,0.02701010412775911,-0.008635653663792858,0.9999906782002076,-0.004317813415249002
1769100093.866249,2.027327361359771,0.027009885490130652,-0.00864509032477244,0.9999906578162057,-0.004322531701707381
1769100093.9164498,2.0273273613595015,0.027009885459054438,-0.008651176213440071,0.9999906446583526,-0.004325574617593434
1769100093.9662688,2.027327361359382,0.027009885445278332,-0.008654872724819644,0.9999906366618767,-0.004327422855984768
1769100094.0164797,2.027327361359207,0.027009885425073973,-0.008662300872743842,0.999990620582611,-0.004331136895140882
1769100094.0662255,2.0273273613591996,0.027009885424188102,-0.008662747121103622,0.9999906196162048,-0.004331360017227889
1769100094.1163588,2.0273273613592995,0.02700988543570904,-0.00865479536028329,0.9999906368292705,-0.004327384174078783
1769100094.1662264,2.0273273613593132,0.02700988543730215,-0.008653288781253201,0.9999906400887599,-0.004326630891615689
1769100094.2162898,2.027327361359366,0.027009885443382547,-0.008645410209541134,0.9999906571248368,-0.004322691642597461
1769100094.2662566,2.0273273613593674,0.02700988544351438,-0.008645176160207553,0.9999906576306915,-0.004322574619023989
1769100094.3162897,2.0273273613593497,0.02700988544146339,-0.008650165224207725,0.9999906468447796,-0.004325069127705783
1769100094.3663533,2.0273273613593465,0.027009885441121453,-0.00865130488201934,0.9999906443800678,-0.004325638951281191
1769100094.41628,2.027327361359341,0.027009885440517294,-0.008654063850394193,0.9999906384119658,-0.004327018422558572
1769100094.4663272,2.027327361359359,0.02700988544257922,-0.008641162377214826,0.999990666303616,-0.004320567746268043
1769100094.5162895,2.0273273613593576,0.027009885442404055,-0.008642664088313353,0.9999906630592118,-0.004321318594807831
1769100094.5689878,2.0273020516181477,0.027010104191442057,-0.008642664088313353,0.9999906630592118,-0.004321318594807831
1769100094.6162739,2.027327361358805,0.02700988537861686,-0.008652964128734694,0.9999906407910725,-0.004326468566875738
1769100094.6663938,2.027327361358711,0.027009885367766898,-0.008655315853514192,0.9999906357030496,-0.0043276444182573535
1769100094.7162824,2.0273273613589042,0.02700988539002298,-0.008648779265141264,0.9999906498417238,-0.00432437615465306
1769100094.7662635,2.027327361359,0.02700988540107659,-0.008644357619892759,0.9999906593997085,-0.004322165352689783
1769100094.8163044,2.027327361358939,0.02700988539400713,-0.008648219944746497,0.9999906510510406,-0.004324096497070374
1769100094.8703504,2.027327361358939,0.027009885394015543,-0.008648213656745677,0.9999906510646356,-0.004324093353099357
1769100094.9163704,2.027327361358938,0.02700988539391392,-0.008648317614684148,0.9999906508398723,-0.0043241453315826395
1769100094.9662623,2.0273273613589065,0.027009885390261976,-0.008653433848563832,0.9999906397749309,-0.004326703424592085
1769100095.0164201,2.0273020516186944,0.02701010425471405,-0.008647093616645543,0.9999906534860578,-0.004323533338284204
1769100095.066248,2.027302051617514,0.027010104118212266,-0.008639549718808467,0.9999906697870908,-0.004319761424589491
1769100095.1164694,2.027327361358938,0.02700988539390961,-0.008644018835146285,0.9999906601318361,-0.0043219959618987095
1769100095.1710079,2.0273020516189777,0.027010104287464642,-0.008650708979362919,0.9999906456688532,-0.004325341002740308
1769100095.216387,2.0273020516194533,0.02701010434241237,-0.008655278297833502,0.9999906357843131,-0.0043276256405928495
1769100095.2662294,2.0273273613584344,0.027009885335647826,-0.00865155629872046,0.9999906438362909,-0.0043257646584556365
1769100095.3164885,2.027327361358617,0.02700988535676274,-0.008649806431321896,0.9999906476206655,-0.004324889732940723
1769100095.3662317,2.0273273613583753,0.027009885328833597,-0.008652977766526607,0.9999906407615707,-0.004326475385707875
1769100095.416298,2.027327361358348,0.02700988532563287,-0.008653475735676713,0.9999906396843141,-0.0043267243679524885
1769100095.4690201,2.0273273613582035,0.027009885308942962,-0.008657033501776129,0.9999906319859952,-0.004328503234344442
1769100095.5162978,2.027327361358228,0.027009885311784262,-0.00865620363055772,0.9999906337819593,-0.004328088302621987
1769100095.5664086,2.027327361358273,0.027009885317004944,-0.008654114379676937,0.9999906383026449,-0.0043270436869634245
1769100095.6162815,2.0273020516162705,0.02701010397429917,-0.008637868619853032,0.9999906734177109,-0.004318920882952752
1769100095.666292,2.0273273613587355,0.02700988537052552,-0.00863494374067182,0.9999906797328023,-0.004317458456997092
1769100095.7162912,2.027327361357931,0.027009885277296437,-0.008650581399191372,0.999990645944765,-0.0043252772132512385
1769100095.7673404,2.0273273613578704,0.02700988527030693,-0.008652187737233707,0.9999906424705138,-0.004326080374758124
1769100095.8162918,2.0273273613579077,0.027009885274642046,-0.008650822647542276,0.9999906454230248,-0.0043253978362983335
1769100095.8720584,2.027327361358065,0.027009885292844347,-0.00864296926334843,0.9999906623998209,-0.004321471180900619
1769100095.9162817,2.0273273613579423,0.02700988527865811,-0.0086513555121972,0.9999906442705635,-0.004325664266133281
1769100095.9662626,2.0273273613578606,0.027009885269190546,-0.008659023988690505,0.9999906276775855,-0.004329498468476032
1769100096.016329,2.0273273613578673,0.027009885269953116,-0.008658177697367658,0.9999906295095045,-0.004329075326780079
1769100096.0662596,2.02732736135786,0.027009885269125962,-0.008659435454668029,0.9999906267868437,-0.004329704199536506
1769100096.11646,2.0273273613578526,0.027009885268247092,-0.00866126652990315,0.9999906228224176,-0.004330619728570723
1769100096.1700592,2.0273273613578775,0.027009885271136607,-0.008653018008265312,0.9999906406745181,-0.0043264955063889105
1769100096.2164624,2.027327361357878,0.02700988527119606,-0.008652785465924887,0.9999906411775581,-0.004326379236306889
1769100096.2751334,2.0273273613578695,0.02700988527021687,-0.008658033023454192,0.999990629822654,-0.004329002990501167
1769100096.316459,2.0273020516217475,0.02701010460713929,-0.008665934200756082,0.9999906127127404,-0.004332953542100604
1769100096.3662393,2.0273273613579175,0.027009885275688456,-0.008664990327377886,0.9999906147575088,-0.004332481609841228
1769100096.416331,2.0273273613579406,0.02700988527832964,-0.008664468654050154,0.9999906158875448,-0.004332220775625231
1769100096.466238,2.0273273613579113,0.02700988527494646,-0.008665384231807845,0.9999906139041975,-0.00433267856020768
1769100096.5163496,2.027302051621562,0.02701010458566958,-0.008664793604328442,0.9999906151836535,-0.004332383249239632
1769100096.5731027,2.0273020516218274,0.02701010461634187,-0.008666652096251335,0.9999906111573721,-0.004333312486478406
1769100096.6162949,2.0273020516216755,0.027010104598826922,-0.008665197999136134,0.9999906143076364,-0.004332585444745804
1769100096.6690788,2.0273273613583536,0.02700988532604934,-0.008662377673395887,0.9999906204162933,-0.004331175295106728
1769100096.7162998,2.0273273613578855,0.02700988527201692,-0.008666859462773326,0.9999906107080747,-0.0043334161687659115
1769100096.7665093,2.0273273613573273,0.0270098852075576,-0.008674185224817945,0.9999905948285787,-0.004337079015367283
1769100096.816301,2.027302051622306,0.027010104671562712,-0.00866980015146054,0.9999906043353798,-0.004334886499299342
1769100096.8665087,2.027327361357934,0.02700988527761569,-0.008666164642726234,0.9999906122134866,-0.004333068762004038
1769100096.916296,2.027327361358199,0.02700988530821861,-0.00866252625774677,0.999990620094518,-0.004331249586585328
