timestamp,x,y,theta,qw,qz
1769099704.181858,1.8786242093199457e-15,9.925179501205934e-11,6.825022419896617e-06,0.9999999999941774,3.4125112099416853e-06
1769099704.3824992,6.420308038715999e-15,-6.790349275349037e-11,2.5136467310272348e-05,0.9999999999210197,1.2568233654805294e-05
1769099704.5831707,5.347444341467251e-15,-3.171743459320056e-11,1.7503415715134447e-05,0.9999999999617039,8.751707857455505e-06
1769099704.7838123,5.7470787320926095e-15,-4.5196493805573473e-11,2.540508558946866e-05,0.9999999999193228,1.2702542794392727e-05
1769099704.9844081,9.188992971386811e-15,-1.3833275103822205e-10,2.4834528115808036e-05,0.9999999999229058,1.2417264057584919e-05
1769099705.1850805,1.0507271280356669e-14,-1.593425236570189e-10,3.4572951240761846e-05,0.9999999998505888,1.7286475619519995e-05
1769099705.3856988,2.531068650170116e-05,4.611170929853788e-10,2.2950924297033475e-05,0.9999999999341569,1.1475462148264877e-05
1769099705.586345,8.094389145497233e-15,-8.874603907289211e-11,1.602602725534561e-05,0.9999999999678958,8.013013627587055e-06
1769099705.7869601,9.897002103221904e-15,-1.5127741678207376e-10,3.264196935805123e-05,0.9999999998668128,1.632098467830103e-05
1769099705.9875767,2.5310686501125308e-05,4.998194618841157e-10,2.200941673813972e-05,0.9999999999394482,1.100470836884774e-05
1769099706.1882334,6.265651788638776e-15,1.608316121848401e-13,1.5792860645287466e-05,0.9999999999688232,7.896430322561671e-06
1769099706.3888645,5.980061423347159e-15,1.0316780584742575e-11,1.593677769584489e-05,0.9999999999682524,7.96838884783812e-06
1769099706.5895476,2.5310686504416285e-05,2.4694360367483707e-10,8.116943304657285e-06,0.9999999999917644,4.0584716523175e-06
1769099706.790224,5.07424235008519e-15,2.468738459218391e-11,1.2704391227131484e-05,0.9999999999798248,6.352195613523023e-06
1769099706.9908836,2.53106865030654e-05,2.968184459448804e-10,1.0724642771954195e-05,0.9999999999856227,5.362321385951399e-06
1769099707.191557,6.822037238504025e-15,-5.022717594709101e-11,2.3503435446427087e-05,0.9999999999309486,1.1751717722943052e-05
1769099707.3922043,7.366227642505607e-15,-7.960463419594307e-11,1.6556526303521576e-05,0.9999999999657352,8.278263151666237e-06
1769099707.5928214,7.073260251874059e-15,-7.092289331807197e-11,1.6896163370170377e-05,0.999999999964315,8.448081684984698e-06
1769099707.7934697,6.424832457741901e-15,-5.1707505303284637e-11,1.2717501643384933e-06,0.9999999999997978,6.358750821692038e-07
1769099707.994124,6.399559948193601e-15,-5.095858448053065e-11,9.782830644211757e-07,0.9999999999998803,4.891415322105684e-07
1769099708.1947181,6.4703073416675775e-15,-1.2182338563786798e-11,3.871715573471488e-06,0.9999999999981263,1.935857786734535e-06
1769099708.395414,6.7873117969577405e-15,1.548658243466567e-11,-1.405020204984336e-06,0.9999999999997532,-7.025101024921103e-07
1769099708.5961065,6.722069881110282e-15,9.792109107094633e-12,9.695397573192253e-06,0.99999999998825,4.847698786577138e-06
1769099708.79673,6.744013818595068e-15,1.1707429420513459e-11,4.923295727438533e-06,0.9999999999969701,2.4616478637167804e-06
1769099708.9973943,7.851417613983736e-15,-3.472721203955119e-11,2.122422275179481e-05,0.9999999999436916,1.061211137569822e-05
1769099709.1980667,7.410357494411445e-15,-2.072170858005968e-11,1.14612831551151e-05,0.9999999999835799,5.730641577526185e-06
1769099709.3987124,7.424314376717582e-15,-2.1164897965696973e-11,1.144829874589886e-05,0.9999999999836171,5.72414937291817e-06
1769099709.599388,7.436083115700078e-15,-2.1538604649250773e-11,1.7059495142109595e-05,0.9999999999636217,8.529747570951366e-06
1769099709.8000262,7.444458614953751e-15,-2.1804561779734658e-11,2.6683835720539845e-05,0.9999999999109966,1.3341917859874097e-05
1769099710.0007243,7.448343444548863e-15,-2.192792136705493e-11,3.588916754059079e-05,0.999999999838996,1.7944583769332343e-05
1769099710.2013965,7.44914922363429e-15,-2.195350822305879e-11,3.679460765331529e-05,0.9999999998307696,1.8397303825619852e-05
1769099710.4020755,7.44934550160418e-15,-2.1959740869503922e-11,4.354216786871597e-05,0.9999999997630099,2.1771083932638145e-05
1769099710.6027775,7.44936838113211e-15,-2.196046739020561e-11,4.360528429278306e-05,0.9999999997623223,2.18026421446642e-05
1769099710.8033922,7.449367556717197e-15,-2.1960441211584183e-11,3.6050755741075543e-05,0.9999999998375428,1.8025377869561654e-05
1769099711.0040994,8.296395179467022e-15,-4.9398941287726874e-11,2.7456211419222372e-05,0.9999999999057696,1.3728105709179984e-05
1769099711.204801,2.531068650054712e-05,5.481589746355638e-10,2.325453923950577e-05,0.9999999999324033,1.1627269619490897e-05
1769099711.406194,0.0006327670052048797,4.15867828084817e-07,0.0005222234675009049,0.9999999659103315,0.0002611117307833816
1769099711.6060865,0.002784171821040045,-2.8129292753805687e-06,-0.0018419364496190793,0.9999995759087944,-0.0009209680946180278
1769099711.8067806,0.00556834297730719,-7.713228732791028e-06,-0.0017707135423230592,0.9999996080717195,-0.0008853566554960742
1769099712.0074546,0.009440869786157066,-1.5707562701867622e-05,-0.0019624353243559074,0.9999995186059883,-0.0009812175047271797
1769099712.208169,0.013591818666149664,-1.9909212288749746e-05,0.00043438817311310845,0.9999999764133645,0.0002171940848489283
1769099712.4088492,0.017312488838895586,-2.206097889113443e-05,-0.0009561951514126987,0.9999998857113562,-0.0004780975574926414
1769099712.6095483,0.02166592470984879,-2.7312394272032752e-05,-0.0006644287507729694,0.9999999448168049,-0.0003322143692756011
1769099712.8103516,0.026829300888152774,-3.412822556768072e-05,-0.0012180532036338708,0.9999998145433049,-0.0006090265641675813
1769099713.0109994,0.03234701930713971,-4.500912295408143e-05,-0.0035437284393769865,0.9999984302490041,-0.0017718632925598553
1769099713.2116368,0.040142665627396545,-7.137246372037561e-05,-0.003932768888771138,0.9999980666667314,-0.0019663831771599173
1769099713.4124014,0.053329401734943084,-0.00012996328271415848,-0.004609132340196651,0.9999973444885591,-0.002304564130164021
1769099713.6131094,0.07519733570389119,-0.0002806574423558036,-0.00842383193313233,0.9999911298950585,-0.004211903513179925
1769099713.8138301,0.09820374519540732,-0.0004982631983989338,-0.011792570885053833,0.9999826169593521,-0.005896251277364151
1769099714.0145848,0.12212085564036063,-0.0007628031430021761,-0.010633576941022066,0.9999858659134755,-0.005316763421171338
1769099714.2156105,0.1578563220302421,-0.0012403528010561174,-0.0173027790288758,0.999962576963151,-0.008651281593745784
1769099714.4162412,0.1804296056582484,-0.001655534551623894,-0.02041807135785623,0.9999478882478653,-0.010208858341399741
1769099714.6168787,0.22134888551218823,-0.002472767699900745,-0.021102517399474677,0.999944335986347,-0.010551062923874715
1769099714.8176093,0.25333685971171005,-0.0030258769519566453,-0.019272466780894514,0.9999535718622888,-0.009636084259195371
1769099715.0184634,0.28033701640034314,-0.0036089535747369423,-0.024054533207691044,0.9999276733008954,-0.012026976638283119
1769099715.2192097,0.31697461933703835,-0.004553537590954766,-0.027723592827011125,0.9999039268384767,-0.013861352495126994
1769099715.4200144,0.3667166918196447,-0.005918780303437378,-0.028144477374184816,0.9999009876831164,-0.01407177424237459
1769099715.6208131,0.3963944412085113,-0.006750844203128975,-0.024968497658746803,0.9999220727777128,-0.012483924540077443
1769099715.8216307,0.4462164016883998,-0.007956382165983397,-0.016802601773796826,0.9999647092792784,-0.008401202057344794
1769099716.0225258,0.47600027767056874,-0.008591427106315342,-0.02017290770256447,0.9999491321556151,-0.010086282825313946
1769099716.2232502,0.5275932110545791,-0.0098590826667589,-0.02417619759357263,0.9999269398233884,-0.012087804409141433
1769099716.4241436,0.5656474818020434,-0.010854034948686272,-0.02478289407307242,0.9999232270025393,-0.012391129925402528
1769099716.6249473,0.5955778019699416,-0.011709830140900945,-0.03176013655468199,0.9998739143654405,-0.015879400855568854
1769099716.8256583,0.6465888880940168,-0.012950212340168275,-0.01795608050051623,0.9999596976673483,-0.008977919637945805
1769099717.0264785,0.6465888880940168,-0.012950212340168275,-0.01795608050051623,0.9999596976673483,-0.008977919637945805
1769099717.2272842,0.7233157439379844,-0.014465116335392858,-0.020785843411210102,0.9999459940753243,-0.010392734611815835
1769099717.4280107,0.7361202577097622,-0.014727800451829148,-0.018775607362175966,0.9999559348946487,-0.00938766578916349
1769099717.6287618,0.7827058717219738,-0.015755068592293784,-0.022225936642336495,0.9999382516030343,-0.011112739584233505
1769099717.8294866,0.841638938608931,-0.017106340087328222,-0.017766866694940937,0.9999605425654647,-0.008883316507999868
1769099718.0301769,0.8543432832367824,-0.017312460654160988,-0.012575907550395789,0.9999802308837972,-0.006287912339380331
1769099718.2309508,0.9223153211235252,-0.018595290174521967,-0.02344334579140503,0.9999313019788472,-0.011721404475895661
1769099718.4316096,0.8754548089938446,-0.02606811321695257,-0.008123423320797275,0.9999917512605342,-0.004061700492392072
1769099718.6321347,0.9138425254307648,-0.026882148632391866,-0.00534459090352558,0.999996429420634,-0.0026722922712143662
1769099718.8327858,0.9424106055456566,-0.027545827039577232,-0.0034569698842409164,0.9999985061702743,-0.0017284840814329769
1769099719.0335808,0.9914529903297155,-0.028521353303539134,-0.003989612673561542,0.9999980103744991,-0.0019948050138080767
1769099719.236901,1.027816669497176,-0.02927348911371087,-0.006435590278938531,0.9999948229016873,-0.003217789586520087
1769099719.6355815,1.1040288611129436,-0.031165600351028888,-0.012200746000648128,0.9999813927823336,-0.006100335163287706
1769099719.8361537,1.1394713453362226,-0.03229106676818155,-0.020216833934042003,0.9999489103882411,-0.010108244821401892
1769099720.036834,1.238139051084395,-0.047892718039549115,-0.026383512561356907,0.9999129900449336,-0.013191373673751968
1769099720.2374756,1.2716824125572306,-0.04900982620594953,-0.032648946027508896,0.9998667587493886,-0.016323747976247333
1769099720.4381585,1.3108839415103455,-0.0505400947757413,-0.03873100435234227,0.9998124945227427,-0.019364291781797653
1769099720.6388905,1.3447673735141892,-0.052032706094102266,-0.036100602880438606,0.9998370977320089,-0.018049321284560188
1769099720.8394876,1.379306903953283,-0.053587340294582717,-0.04014439391460427,0.9997985602180146,-0.02007084915954182
1769099721.0400474,1.4184119616309707,-0.055581151682225494,-0.043468194366626085,0.9997638238069311,-0.021732386130927116
1769099721.2408152,1.4528391232925364,-0.057362461363975284,-0.042951366168278986,0.999769406380816,-0.02147403234026615
1769099721.4416332,1.4876459969892604,-0.05915155862146437,-0.04938511009464584,0.9996951543523548,-0.024690045857014068
1769099721.6422083,1.5256680833828742,-0.06146570003683617,-0.0612819740766742,0.9995306016837188,-0.030636192612383664
1769099721.8427198,1.5033389466781357,-0.0685746635144259,-0.05990691054156994,0.9995514287987031,-0.02994897638436344
1769099722.0433614,1.5378019610937763,-0.07100980727391158,-0.07054603881295782,0.9993779715482397,-0.03526570549593242
1769099722.243985,1.5763410359710475,-0.07392607780972126,-0.07501863690507174,0.999296607990137,-0.03750052345509909
1769099722.4448864,1.61056891172857,-0.07645865485241321,-0.06740008703523805,0.9994322072730225,-0.03369366506295013
1769099722.6454585,1.6453161119558952,-0.07916873116488556,-0.07300901148036203,0.9993337845173222,-0.03649639875776954
1769099722.8460941,1.6842529222425284,-0.0825104246128461,-0.07695983441907503,0.9992597393347823,-0.03847042168449677
1769099723.046636,1.7181630773422034,-0.0855150157392296,-0.08279019926328873,0.9991433452007655,-0.0413832785195163
1769099723.2474613,1.7530023676324178,-0.08864234147357238,-0.08649649571440723,0.9990649402877653,-0.043234767118650506
1769099723.4480348,1.7912031874798442,-0.09225180111844088,-0.08559059797423145,0.9990844209405926,-0.04278223736319604
1769099723.6486,1.785253634860032,-0.11752512525590864,-0.09177853152971747,0.99894727240155,-0.04587316166892521
1769099723.849232,1.8200273953509645,-0.12081073331810399,-0.10355264324951051,0.9986599056753114,-0.05175319117289368
1769099724.049976,1.858639694174147,-0.12463382928311474,-0.10950555594358435,0.9985014410816313,-0.05472542515052391
1769099724.2505882,1.892714851093076,-0.12804454228978351,-0.10726789215804217,0.9985620446654607,-0.05360823587411263
1769099724.451152,1.9274779019599693,-0.13169296655212975,-0.10977196757662891,0.9984941424781114,-0.05485843086437031
1769099724.651774,1.96575412449079,-0.13581628214041908,-0.10191481487862482,0.9987019522321123,-0.05093535714773756
1769099724.852411,1.9997796976375752,-0.13946243187534285,-0.11364170790720844,0.9983861295612074,-0.056790283498076
1769099725.0530853,2.03496445118249,-0.1432146095412492,-0.10351205418179867,0.9986609557765437,-0.051732923824971036
1769099725.2536654,2.073064703480174,-0.1468018291297754,-0.08040132926534464,0.9991920620989334,-0.04018983750254668
1769099725.4543777,2.0636483403585393,-0.16714443785906286,-0.057323102034857416,0.9995892858640675,-0.028657627008591213
1769099725.6551552,2.0986086260425565,-0.16891537459143868,-0.03743373691806475,0.9998248445310222,-0.01871577565898042
1769099725.855734,2.137160193697895,-0.17018670508469214,-0.015014145160842415,0.9999718220629699,-0.007507002069015932
1769099726.0564528,2.1716277376404904,-0.17074901646436325,0.0012601761936492652,0.9999998014945017,0.0006300880551326481
1769099726.2571027,2.2063531509654153,-0.17080647665599508,0.01123612424520714,0.9999842187305016,0.005618032569188338
1769099726.4577477,2.244870534780189,-0.17020949842182034,0.034937745880001404,0.9998474231192117,0.017467984482248566
1769099726.6585782,2.2792701495937537,-0.16900499891806708,0.05017402544476971,0.9996853373998102,0.025084381352297555
1769099726.859134,2.314235402135809,-0.16735998639749555,0.058785797168426364,0.9995680598553727,0.029388666471381032
1769099727.0597577,2.3520702102146207,-0.16489893279654327,0.08300911766994312,0.9991388094345501,0.04149264370596015
1769099727.2605536,2.4430537161799215,-0.16789606472568203,0.10783585392223026,0.9985467806869659,0.053891806238949035
1769099727.4612591,2.481334092073666,-0.16381693075490894,0.12119658026675817,0.9981644854104328,0.0605612092459024
1769099727.6617908,2.515743641648027,-0.15973811473435595,0.1343106332668951,0.9977459290392853,0.06710485143067854
1769099727.8624897,2.552686266417405,-0.15453242211528395,0.15847967788971312,0.9968621663365157,0.07915694111617069
1769099728.0632012,2.587523815031243,-0.1489405342138418,0.17814968042176302,0.996035458791537,0.08895709544455904
1769099728.2638843,2.62147158786328,-0.14280176466290329,0.1971085892298325,0.9951474551247652,0.09839482993889187
1769099728.4645236,2.659283729074323,-0.13517427281269448,0.2170266162955532,0.994118205955127,0.10830047363035697
1769099728.6650805,2.6933290261834593,-0.1277167589948611,0.23111278232351753,0.9933307865110801,0.11529938668214577
1769099728.8656526,2.727320340557654,-0.11967973307610136,0.252555264041364,0.9920375690374856,0.12594229479486233
1769099729.0664544,2.666764143425282,-0.12314479182479081,0.2848529087044493,0.9898744865106559,0.14194541540770284
1769099729.2669928,2.7044541341853767,-0.1126290325232801,0.29148495219906495,0.9893983509638052,0.1452270743012574
1769099729.467652,2.737452740683461,-0.10292161274504669,0.3112869614013571,0.987911985614951,0.1550158336374865
1769099729.668397,2.7701770337229568,-0.09249139806250528,0.3354399118825401,0.985967947955349,0.16693473456629135
1769099729.869062,2.814658759693036,-0.07739081272323681,0.3530911227343577,0.9844562680634714,0.17562988433220153
1769099730.0696893,2.8462533393343326,-0.06607158448787481,0.3745216030920145,0.9825178723746872,0.18616828533431173
1769099730.270565,2.8812384311640398,-0.052544085239901325,0.3947284977065159,0.980586815801894,0.19608543208383009
1769099730.4709857,2.906239470536275,-0.04253638409489906,0.4077517028373592,0.9792892055807882,0.20246642149489524
1769099730.6715853,2.9481646143787406,-0.02477307567005313,0.42787194542540913,0.9772028486055667,0.2123077781833859
1769099730.8728807,3.0449407905757906,-0.02711191609132506,0.43331801979020934,0.9766211044020644,0.21496794746308573
1769099731.072887,3.0874270952915936,-0.007368555511553063,0.4490125425346213,0.9749041422740656,0.22262505109908073
1769099731.2735963,3.111103872690899,0.003958954284395022,0.4552584557872098,0.9742041409786544,0.22566854388691843
1769099731.4743204,3.1520058134430253,0.0238524784540375,0.46254839535133613,0.9733751162409889,0.22921798158704998
1769099731.6749923,3.1835656157844574,0.0392278500015856,0.458738222872404,0.9738100296387072,0.22736320321252532
1769099731.8757079,3.2147942339592417,0.054416436274463686,0.46254873574983824,0.9733750772282461,0.2292181472547624
1769099732.0763314,3.2458573883063013,0.06924968728099673,0.44163143910163166,0.9757191104999573,0.2190256090167815
1769099732.2769382,3.2816329074052564,0.0854123682714743,0.41843238495994867,0.9781940067158427,0.20769324790470678
1769099732.477455,3.313022108269204,0.09891233590087174,0.4022478658889341,0.9798426678599516,0.19977073419570918
1769099732.6783183,3.339338472458211,0.10408449943304991,0.3934819881735058,0.9807088365214164,0.19547423863212735
1769099732.8789096,3.3755650282895826,0.11805305762784975,0.37291944214176465,0.9826666928816605,0.18538114979959583
1769099733.0796587,3.407254312108025,0.12963356799678988,0.3500419998855833,0.9847228824268737,0.17412881675618624
1769099733.280236,3.4399785502519666,0.14039150729840238,0.3080219705916114,0.9881637317258404,0.15340286601514788
1769099733.4807944,3.4768579676004867,0.15097851044458072,0.2725214887445703,0.9907308597653105,0.13583947698916046
1769099733.681739,3.509679180572705,0.15910910251200383,0.23154362130400752,0.9933059257281336,0.11551336681689954
1769099733.8821836,3.5532523391608977,0.17662577779588653,0.19160415898215535,0.995414489558547,0.09565560086527704
1769099734.0828738,3.5868846788124333,0.18205503057182545,0.1565611948242934,0.9969376383218981,0.07820067325257675
1769099734.283665,3.6209990613840395,0.18645032656166968,0.12024515524658827,0.998193182190707,0.06008636307840656
1769099734.4840865,3.659407049195326,0.18971473363710809,0.07580940218859017,0.9992817028257563,0.037895625046392725
1769099734.6847448,3.693682418236024,0.1914455207129421,0.04481732941856388,0.9997489363791672,0.022406789344391546
1769099734.8853402,3.7394788047788374,0.18189979680077617,0.019313799160866896,0.9999533725076051,0.009656749487629632
1769099735.0861099,3.778094979866825,0.18112763547403354,-0.016835136847247422,0.9999645724801036,-0.008417469018864664
1769099735.2867885,3.812431811040535,0.1791039003023318,-0.05638701184448344,0.9996025894372221,-0.028189771024264038
1769099735.4874332,3.8476718694846834,0.175654727449703,-0.09642888046668867,0.9988379090221745,-0.048195762264023966
1769099735.688037,3.8854644039220285,0.17050231840781804,-0.12868636135316958,0.997930691617152,-0.06429879258985095
1769099735.8888888,3.921085014592841,0.16842978274269743,-0.16898813619547448,0.9964324994251361,-0.08439356663499967
1769099736.0893137,3.955392163172997,0.16110380567987137,-0.203371902189485,0.9948344369846212,-0.10151080232907207
1769099736.2901428,3.992133724921707,0.15193424702223352,-0.2376567406728759,0.9929482127728215,-0.11854892134161132
1769099736.4907155,4.02581645008101,0.1421306129903106,-0.2835942375669914,0.9899636217770426,-0.14132242411620563
1769099736.6914556,4.058710142395057,0.13116140737371046,-0.3190947084807486,0.9872992969482187,-0.15887132606469
1769099736.8921275,4.062203503071883,0.13530941011378697,-0.3670076277062807,0.9832103685957126,-0.18247567258646502
1769099737.0927775,4.094175871769212,0.12189148932272478,-0.40664358645740295,0.9794012334427433,-0.2019238072413278
1769099737.293335,4.12527968937785,0.10756738656971898,-0.4380382671433212,0.976111033952313,-0.21727229320957253
1769099737.4941416,4.159048519252849,0.09061004268212505,-0.47642252892416354,0.9717616078267891,-0.23596478032514465
1769099737.697476,4.18903850667115,0.07397367282251449,-0.5176079058010522,0.9666967672854252,-0.2559245203568983
1769099737.8976033,4.171957104882359,0.05932594621579747,-0.5570950249217359,0.9614558275267516,-0.27495943648991067
1769099738.0961344,4.203439303767603,0.0385204362588253,-0.5993022445763069,0.955439531397315,-0.2951868930750131
1769099738.296831,4.230612086119293,0.019042449292864458,-0.6359446853244185,0.9498712995003685,-0.31264119112087774
1769099738.4974601,4.260305442474121,-0.003666623870639499,-0.6593572446046756,0.9461464348736627,-0.3237389747556788
1769099738.6980069,4.287379213920896,-0.025330526014636243,-0.6796796077099635,0.9428080767778275,-0.33333606219923767
1769099738.898678,4.3167751084406145,-0.04935607724504312,-0.6732187466794572,0.9438799744740647,-0.3302886522223235
1769099739.0994039,4.34283160778034,-0.07058966488679035,-0.6789264438786521,0.9429335382560579,-0.332980994100131
1769099739.3001833,4.372503763104145,-0.09487858607052137,-0.6783039284869405,0.9430371354750335,-0.33268748265458276
1769099739.50094,4.399054228368552,-0.11650765006293363,-0.6678086377242384,0.9447699688483816,-0.32773420017176746
1769099739.7014523,4.455158313157303,-0.14424197361754001,-0.6863675289005867,0.9416881449290042,-0.33648690568901884
1769099739.9021044,4.485687108687303,-0.1686792781083229,-0.6684083220273445,0.9446716578522161,-0.32801746729518166
1769099740.1027052,4.5127181711162745,-0.18933112293109336,-0.6494017613862771,0.9477461954418187,-0.31902531094814085
1769099740.3033285,4.540905449634081,-0.21008679007929734,-0.6294124727594558,0.950887350695484,-0.3095371484770828
1769099740.5040803,4.569356319290772,-0.2302594612721964,-0.6044747592675728,0.9546729076424847,-0.2976569156150146
1769099740.7047875,4.600791093970914,-0.25145685130369955,-0.5838116595437488,0.9576971593186637,-0.28777795439012016
1769099740.9054217,4.6290585609780255,-0.26973561550406266,-0.5699560238594019,0.9596678345352185,-0.28113635011944743
1769099741.1061435,4.661783158057163,-0.29015637053933163,-0.5476876704063042,0.9627385073224862,-0.27043403358022644
1769099741.3067997,4.688952714297559,-0.309054339283556,-0.5128138961271282,0.9673074418704712,-0.25360661052505096
1769099741.50744,4.722446218526781,-0.32703374880972413,-0.4786991307563502,0.9714923793894161,-0.23707078434149323
1769099741.7080703,4.753404582848994,-0.34213509285556776,-0.4329044630454857,0.9766655342451956,-0.21476599874641836
1769099741.9087384,4.787897247528352,-0.3567985596185457,-0.3791373481305628,0.9820856035071052,-0.18843531352717563
1769099742.109369,4.8099171398077525,-0.3901282109108637,-0.3345795560977237,0.9860396683572483,-0.1665105775196513
1769099742.310108,4.843060392544451,-0.4002271977654372,-0.2810605502566714,0.9901418607528165,-0.14006818191491668
1769099742.5107546,4.878831827793497,-0.40898400144555574,-0.22788594873543402,0.9935155195209535,-0.11369658073578927
1769099742.7115593,4.911647430046335,-0.4152351933293158,-0.17091232800612868,0.9963508435696269,-0.0853521910561935
1769099742.9124486,4.9454700496635615,-0.4508169142322298,-0.13983182835903762,0.997556877928423,-0.06985896719604065
1769099743.1134946,4.979495309471687,-0.4536243667320652,-0.08073621352906558,0.9991853186197867,-0.04035714378738221
1769099743.3138964,5.016909840233154,-0.4546087017534961,-0.02928257881198729,0.9998928182369747,-0.014640766309185314
1769099743.5148284,5.051731451110763,-0.4541664913961161,-0.0058738143863788774,0.9999956872911692,-0.002936902971179696
1769099743.7154796,5.087013507379572,-0.4527955420857988,0.011981485550608628,0.9999820555541675,0.005990706941741704
1769099743.9162705,5.124071751560402,-0.4802413707370037,0.034762742013758036,0.9998489477739096,0.017380495833137964
1769099744.1168962,5.151043503157855,-0.4780997856765326,0.03374477953194424,0.9998576646084814,0.016871589245641378
1769099744.3177304,5.186244802238491,-0.4753506090135256,0.031422282646774304,0.999876582557886,0.01571049497511072
1769099744.5183046,5.23173245242444,-0.47167937667457926,0.0352802865762339,0.9998444167069149,0.01763922844143329
1769099744.7190347,5.266850960852019,-0.46884614065323627,0.03523001624327572,0.9998448597560191,0.017614097179996794
1769099744.9223444,5.293881303423964,-0.4667994238105871,0.03550612599514967,0.99984241851593,0.017752130469773315
1769099745.3209963,5.3741577350784615,-0.4602983145875782,0.03429254555248418,0.9998530062662755,0.01714543263645725
1769099745.5216918,5.41159066928414,-0.4571895265991009,0.03829041801516389,0.9998167360839121,0.01914403945129998
1769099745.722377,5.452138850321961,-0.4681544803440687,0.04500877162407863,0.9997467869964706,0.022502486312264702
1769099745.9229994,5.478618784995761,-0.46589432646925183,0.036877115119426,0.9998300146136155,0.01843751278609585
1769099746.1237006,5.52465484610188,-0.46210320732485666,0.04989070348312527,0.9996888808471046,0.024942764695666968
1769099746.3244343,5.559000681735539,-0.45914372612758647,0.05063003446526572,0.9996795920629256,0.02531231346405959
1769099746.5251174,5.593717204501508,-0.4560639321937783,0.045185006543196946,0.9997448002531852,0.02259058137186088
1769099746.7257345,5.631055429604054,-0.4527491496331066,0.051135772312337055,0.9996731594044337,0.025565100554422394
1769099746.9263985,5.66497814859925,-0.44960457809819676,0.05262748535785269,0.9996538134491457,0.026310706120901788
1769099747.1270516,5.704060047391444,-0.4461817996557975,0.04618539199748123,0.9997333755446973,0.023090643603093645
1769099747.327911,5.7380733719638295,-0.44319614281354786,0.046552857268646705,0.9997291161655744,0.02327432686028575
1769099747.5291977,5.755718482821243,-0.462865290083371,0.04647071546942171,0.9997300712199353,0.023233267066497778
1769099747.7291014,5.794585885172617,-0.4593159679716101,0.0485603504673524,0.9997052510259421,0.024277789667884273
1769099747.9298048,5.828697802511248,-0.45601718896836096,0.05713215203199669,0.999592017395177,0.0285621910896246
1769099748.130453,5.863010547950471,-0.4526957401674855,0.05306318566499066,0.9996480579366923,0.02652848023161914
1769099748.3309102,5.901292307307027,-0.4491352634011231,0.047962176498030154,0.9997124674834111,0.023978789757401905
1769099748.531651,5.935491185151602,-0.44595355836338213,0.05663205994522605,0.9995991280092174,0.02831224617038266
1769099748.7322185,5.969572300386758,-0.4426052006733893,0.06105463514285621,0.9995340776260523,0.030522576304054458
1769099748.932829,6.008459328700053,-0.4387308661190509,0.06609489676605437,0.999453982774057,0.03304143333868864
1769099749.1335013,6.042465415589621,-0.43514550646466976,0.0642755163186041,0.999483626696599,0.032132226275402506
1769099749.334255,6.045245795949633,-0.46381518624916473,0.05602723758007614,0.9996076442410016,0.028009954925974863
1769099749.534789,6.07979853962655,-0.46010326959111325,0.0659290864701594,0.9994567186442179,0.032958573344923726
1769099749.735427,6.113802677561203,-0.4562670776212951,0.06776895553970863,0.9994259760087971,0.03387799402065163
1769099749.9362001,6.148620556216147,-0.4521942835657108,0.06817762981676204,0.9994190326116389,0.03408221315607215
1769099750.1367598,6.186958993061597,-0.4475069563602287,0.07719984697611564,0.9992551154472309,0.038590338849785646
1769099750.3373203,6.221203303666656,-0.4431249809569896,0.0856419440903791,0.9990833222604771,0.04280788690145367
1769099750.5378113,6.255994529259181,-0.43862848536687793,0.07854051181029588,0.9992290225886397,0.039260163226250464
1769099750.7385266,6.293723578803636,-0.4337598676511508,0.08905506804421591,0.9990088131421464,0.044512821347563625
1769099750.939186,6.327675649471446,-0.42909807812549305,0.08422024551915484,0.9991134997919957,0.04209767847981337
1769099751.1397724,6.369519360291495,-0.4458759693038114,0.08826822928054007,0.9990262480356564,0.044119788483164654
1769099751.3403146,6.403263780047339,-0.4410060511575695,0.09773672062460283,0.99880617929049,0.04884891207727728
1769099751.5409267,6.437253205246545,-0.4358887578443853,0.09877771037908932,0.9987806183873993,0.049368778936533964
1769099751.7415333,6.476165353173826,-0.430151194382177,0.09457793063168274,0.9988820852306992,0.04727134232460561
1769099751.9421647,6.509687066781531,-0.42516092983615833,0.10225127079233216,0.9986933693491333,0.05110336601512313
1769099752.1428046,6.543958452315459,-0.41988251795056536,0.11565549390761551,0.9983284417333196,0.05779552254562518
1769099752.3433151,6.582423257553712,-0.4138974287025282,0.10816359738594526,0.9985379359359242,0.05405543910490479
1769099752.5440557,6.616497379445873,-0.408504327539003,0.11567232356622306,0.9983279553585174,0.05780392330700514
1769099752.7447302,6.650732277458942,-0.4029923996718937,0.11121323167904026,0.9984543504737118,0.05557796343982269
1769099752.9453597,6.680558725388608,-0.4270495161514119,0.11351442819413593,0.998389741664952,0.056726746233064604
1769099753.1460001,6.714344024715295,-0.4216118097136353,0.12054273751031967,0.9981842308233678,0.06023488470613731
1769099753.3466353,6.748623394638377,-0.4159004529604245,0.1221719999604776,0.9981348304013703,0.06104801667235214
1769099753.5471878,6.78717415676861,-0.4094913159704118,0.12255831013958314,0.9981230200466656,0.06124081035488841
1769099753.7478397,6.820805518393549,-0.40359359787992,0.13293605855918092,0.9977918137018519,0.06641909747631951
1769099753.9484723,6.855429056317496,-0.3974949713946198,0.1336773655855322,0.9977671266902662,0.06678892794655628
1769099754.1489923,6.8897233410111225,-0.39157122477620376,0.12836023496987026,0.9979411631161533,0.06413606597211212
1769099754.3497057,6.927258632883554,-0.3849327721525673,0.13768363250044505,0.9976313378521758,0.0687874533274616
1769099754.550346,6.96128658118846,-0.3788101222245995,0.13529653668543024,0.997712728362592,0.06759668381860771
1769099754.7511375,7.0001560375287655,-0.404097877837887,0.13379057919933005,0.997763344383733,0.06684540825058988
1769099754.9517133,7.033930738553073,-0.39799676250970945,0.14237298831197429,0.997467311332835,0.07112638626027062
1769099755.1522026,7.068574019621168,-0.39172046630590146,0.1391190654832802,0.9975817110183577,0.06950345201272981
1769099755.3528078,7.102537173373332,-0.38580942511635086,0.13616225515057997,0.9976833750455469,0.06802854663835287
1769099755.5535822,7.139867867061695,-0.37903400158407047,0.14179787864891794,0.9974877228293924,0.07083955677891678
1769099755.754257,7.1741537373575275,-0.3727730978458047,0.1442332416146762,0.997400723322696,0.07205412628963631
1769099755.9547913,7.208146219213574,-0.3664567400722783,0.14516835766629255,0.997366924817747,0.07252046110988705
1769099756.1555173,7.2449978875087755,-0.3593243014717753,0.15567337625656963,0.9969722540996221,0.0777581156890944
1769099756.3561168,7.279500106734271,-0.3527056121175862,0.14383172823964213,0.9974151685710706,0.07185388997363232
1769099756.5568883,7.340853088685215,-0.37253016940600375,0.14879839343010343,0.9972336561488492,0.07433057946766498
1769099756.7574668,7.374673999977857,-0.36572629954410557,0.1534677858267575,0.997057399122669,0.07665861239768647
1769099756.9609365,7.409092128330001,-0.35868373766292666,0.15029307653614535,0.9971778273361668,0.07507583279006677
1769099757.359506,7.480513859893876,-0.3436036788812842,0.1603959822697609,0.9967858643642128,0.08011205030261734
1769099757.5600836,7.515068158514256,-0.33634531107071663,0.15792366172928562,0.9968841340824807,0.07887980232367936
1769099757.7606206,7.551812529045333,-0.32855558355332876,0.16447406913227505,0.996620440360837,0.08214437202250376
1769099757.9614427,7.585835088306463,-0.3211116716190151,0.16732849421988613,0.9965021878968067,0.0835666770721284
1769099758.1621897,7.620200541618229,-0.31357650014816146,0.17272562188321353,0.9962730497730212,0.08625549429435322
1769099758.3627815,7.639836561389133,-0.3270733146484315,0.1842198032527522,0.9957608814225286,0.09197970987467194
1769099758.5636606,7.673986367600777,-0.3193819904661881,0.1711616742993256,0.9963401947000898,0.08547640858732422
1769099758.7641625,7.708185671772629,-0.31179947432303046,0.16153824380867995,0.9967399473388044,0.08068133228347955
1769099758.9648242,7.745554154275189,-0.30354339722350526,0.16633937219176975,0.9965433948481464,0.08307383573984978
1769099759.1654353,7.779401682228576,-0.29589127987567804,0.16638759844570125,0.9965413913884813,0.08309786549310295
1769099759.3662968,7.81373009688752,-0.28818718790413766,0.17755860211748925,0.9960617055971619,0.08866272408894756
1769099759.5672429,7.84695636948217,-0.28043395689946843,0.17728680236365824,0.9960737456523949,0.0885273586074273
1769099759.7676115,7.884665922630987,-0.2715103518942063,0.17995111943055905,0.9959549293718717,0.08985420780280706
1769099759.968109,7.918558190190646,-0.26360419590942413,0.1820556442971634,0.9958598277933767,0.09090216382103432
1769099760.1688917,7.885288992946085,-0.2782404255060292,0.19488770310780978,0.9952561034084197,0.09728971491524085
1769099760.369456,7.885288992946085,-0.2782404255060292,0.19488770310780976,0.9952561034084197,0.09728971491524084
1769099760.5702035,7.9456953426535115,-0.26356681398405446,0.1960388508380676,0.9951999411374196,0.09786254217051917
1769099760.771175,7.990443603727051,-0.25241751772829113,0.20031769638184369,0.99498829436712,0.09999146999824188
1769099760.9716024,8.024560508241478,-0.24403696729476665,0.19473212895829162,0.9952636682796773,0.09721229656005695
1769099761.1723063,8.05066532686725,-0.23762855533916916,0.20413310449866048,0.9947957298025003,0.10188943010298354
1769099761.37293,8.095366576366041,-0.22639723494243352,0.1947570072483512,0.995262458964822,0.0972246767816483
1769099761.5737228,8.129515345426087,-0.21814905217239394,0.18329929259598027,0.9958031101041223,0.0915213958971205
1769099761.7743878,8.162542787210132,-0.21066368049958395,0.169129369690402,0.996426537341491,0.084463931246694
1769099761.9751027,8.207508544200943,-0.22163643780557404,0.14283486304958135,0.9974508589939883,0.07135673683791119
1769099762.1757908,8.241947198359792,-0.21537431147669778,0.1276496952845081,0.997963885747342,0.06378152353202497
1769099762.3766985,8.275635986875905,-0.2096676729664809,0.11099843446621399,0.9984603137112048,0.05547073051368991
1769099762.5773811,8.314138882694218,-0.20376869634279193,0.09509131654682625,0.9988699181013562,0.0475277467611286
1769099762.7781298,8.3486080066865,-0.19915934005896938,0.0771345616053068,0.9992563746071458,0.038557720458859274
1769099762.9789028,8.382864083801328,-0.1950819593383895,0.063224658319918,0.9995003719327862,0.03160706418226916
1769099763.1794016,8.42168666667872,-0.19133750314168663,0.035745216841856255,0.9998402891855546,0.017871656927847875
1769099763.3802562,8.456201022208546,-0.18858552694292813,0.03101870951628242,0.9998797323682875,0.015508732995367197
1769099763.5810277,8.489916393532305,-0.18599280108263777,0.03073459490394701,0.999881925408186,0.015366692618087735
1769099763.7814562,8.517796651163717,-0.202193841211545,0.03464510233386183,0.9998499683622667,0.017321684848025244
1769099763.9822183,8.552145013955593,-0.19925651064882968,0.04731115423890828,0.9997202198826985,0.023653370958255728
1769099764.1830537,8.58960150421253,-0.19584470124476014,0.04927244123912285,0.9996965436656587,0.024633728563409705
1769099764.3835645,8.62456842254177,-0.1927236050179597,0.04750966698546652,0.9997178672103496,0.023752599444897687
1769099764.5843463,8.658694162610576,-0.18957541040654544,0.05095865848301447,0.9996754194509768,0.025476572483626603
1769099764.7851064,8.697063848053158,-0.18586939823820472,0.051746265714682355,0.9996653091693983,0.025870246292821607
1769099764.985892,8.73194708526479,-0.1823983959873853,0.057120201381106205,0.9995921880457191,0.028556218201498333
1769099765.186514,8.765779177923324,-0.17884867141565716,0.06627987984614526,0.9994509224459995,0.033133874235298635
1769099765.3873603,8.804005194961066,-0.17473299833999364,0.06409487438420988,0.9994865248335181,0.032041951816598954
1769099765.5878854,8.757040030292252,-0.17834005536864717,0.0868768330836652,0.9990567003238652,0.04342475720128498
1769099765.7886047,8.791007680000831,-0.17463224624088503,0.0931233091405324,0.9989162019881277,0.046544832211686815
1769099765.9893234,8.829465368838541,-0.1707899070729395,0.06630848789545513,0.9994504483959992,0.03314817040254453
1769099766.1899774,8.864151768196509,-0.1679634296255233,0.054713003612172594,0.9996258342401312,0.027353089765541048
1769099766.3907928,8.898127313781261,-0.1654593413291507,0.04935689138331571,0.9996955026134866,0.024675940800067565
1769099766.591465,8.936632620915459,-0.1631677629665062,0.03623592708868716,0.9998358741882465,0.018116972325006284
1769099766.7922683,8.97082815076729,-0.16132158657092854,0.03799539184274507,0.9998195492021824,0.018996553191163102
1769099766.9930468,9.0053141201629,-0.15923431691899514,0.04113609644091988,0.9997884851530427,0.02056659805081985
1769099767.1937077,9.044045445140176,-0.15690584610723307,0.0423628370568702,0.9997756821414803,0.021179834714600772
1769099767.3943117,9.063695721411607,-0.1626785445336526,0.05645779992370192,0.99960159106123,0.02822515098024349
1769099767.595228,9.098026248928273,-0.16015620522511176,0.0597653974846409,0.9995535453821811,0.029878251520329333
1769099767.7958868,9.137061897238683,-0.15743827036507774,0.04751188598177019,0.9997178408562691,0.023753708630009095
1769099767.9964464,9.171510779505178,-0.15559384194042813,0.03476814035811459,0.9998489008573166,0.017383194597536955
1769099768.1971483,9.205876274799005,-0.15412449433046116,0.02274277614493371,0.9999353464633447,0.011371143004592021
1769099768.3978379,9.245006527433878,-0.15272646522992672,0.02402953161338641,0.9999278235695613,0.012014476744332795
1769099768.5983765,9.279300212903316,-0.1513465061639626,0.03252990206058333,0.9998677286000478,0.01626423389468678
1769099768.7990854,9.314276767740447,-0.1499453894762321,0.02598171601636549,0.9999156199907967,0.012990492616554501
1769099768.999697,9.352550902961895,-0.14868048037482512,0.018625720197941818,0.9999566356318035,0.009312725483150305
1769099769.2004237,9.35938189142415,-0.1634084349668809,0.005495491647504509,0.9999962249488192,0.0027477423661243453
1769099769.400875,9.393942176948292,-0.1624212695282412,0.0001903798735724046,0.999999995469438,9.518993664244766e-05
1769099769.601562,9.432808800068132,-0.16151781737362536,-0.0028295324603384697,0.999998999218424,-0.0014147657582118775
1769099769.8021348,9.466284885118608,-0.1607002570573014,-0.002203347730833532,0.9999993931574085,-0.001101673642569216
1769099770.0028527,9.504039689291304,-0.15988809670101128,-0.0049226344427048575,0.9999969709602972,-0.0024613147362093986
1769099770.203584,9.53901534533311,-0.15935541407689452,-0.010365207653528056,0.9999865703388469,-0.005182580626538828
1769099770.4041164,9.573131688419906,-0.1589286418654438,-0.010172886488848218,0.9999870640754505,-0.005086421311789848
1769099770.604649,9.612210461052088,-0.1586181993472302,-0.01960100001272972,0.9999519754842099,-0.009800343117773454
1769099770.8052707,9.646835565375444,-0.15855283804445064,-0.026700281215976687,0.9999108881963905,-0.013349744053929791
1769099771.006076,9.632100807237235,-0.18187130844524765,-0.0029330524445186365,0.9999989246506125,-0.0014665256965832557
1769099771.2094033,9.669939115369287,-0.18206474021353716,-0.013838166368330854,0.9999760632394407,-0.006919027977264839
1769099771.6078072,9.738933940390504,-0.18264706040590875,-0.014628928563849616,0.9999732494254007,-0.007314399059767682
1769099771.8084443,9.766215469311472,-0.18307442363065715,-0.02522595950157986,0.999920457425429,-0.012612645326055709
1769099772.0092096,9.80489763080601,-0.18423827817102625,-0.04000921962965963,0.9997999144658044,-0.02000327558601815
1769099772.209712,9.838304770225077,-0.18559937643960575,-0.05022919216375261,0.9996846451080007,-0.025111956022791267
1769099772.4104836,9.885061187768974,-0.18855401883092607,-0.07435446128203367,0.9993090063543022,-0.037168667169770624
1769099772.6111515,9.919091732214277,-0.19133682065512855,-0.09164537735031908,0.9989503242892257,-0.04580665456514829
1769099772.8118217,9.975074205742786,-0.21651402566486797,-0.13190346244321097,0.9978259727638403,-0.06590393067105953
1769099773.4136817,10.081887358384702,-0.23085376109342196,-0.17154588229166295,0.996323755956081,-0.085667807941884
1769099773.6141734,10.116059555428645,-0.23659731744858079,-0.1994992718376655,0.9950291287948817,-0.09958430021694549
1769099773.81493,10.149769100910943,-0.24291162957741283,-0.21296927587092265,0.9943358661018169,-0.10628351416635393
1769099774.015345,10.160964469608018,-0.2451427350782375,-0.21762919473447334,0.9940855310698175,-0.10859998580865057
1769099774.215887,10.160964469608018,-0.2451427350782375,-0.21762919473447334,0.9940855310698175,-0.10859998580865057
1769099774.4165304,10.257992830827108,-0.26712692588915615,-0.26436637414476594,0.9912765153126438,-0.1317985970700058
1769099774.6170735,10.294419708503408,-0.2626088569987013,-0.29179920411649535,0.9893755198072044,-0.14538253267233997
1769099774.817572,10.320095434399779,-0.2694690226742254,-0.294500315622697,0.9891782703402394,-0.14671860647747484
1769099775.0183065,10.36439915006792,-0.2813260778082839,-0.2964209017047548,0.9890369214134747,-0.14766843969161594
1769099775.2188766,10.390637408950289,-0.28862383626059795,-0.30621529060645947,0.9883019034686317,-0.15251015572833024
1769099775.419413,10.434885614012138,-0.3008775340851866,-0.30604197140248474,0.9883151162269919,-0.15242450930617252
1769099775.6200016,10.46860458844532,-0.31018338045764493,-0.3050748122318895,0.9883887100467637,-0.1519465624885757
1769099775.820601,10.494798289895886,-0.31754663386912374,-0.31239729032150537,0.9878257740968113,-0.15556426334488158
1769099776.021372,10.538303505223917,-0.3300107264903591,-0.30654561778003664,0.9882767008644554,-0.1526733851346319
1769099776.2219126,10.563888844816113,-0.33738543605625504,-0.3122187761220067,0.9878396553768437,-0.15547609226166811
1769099776.4225173,10.591742035368283,-0.36456777017056696,-0.32320844063471393,0.9869704316555736,-0.16090173099631536
1769099776.6230836,10.634862992653273,-0.3771759971107437,-0.3168045205916278,0.987480572208738,-0.15774067170613765
1769099776.8238626,10.672059239439813,-0.38804109162368666,-0.322348962621524,0.9870394862687994,-0.1604775764592191
1769099777.0244803,10.705149266637816,-0.397975650561484,-0.32819664509829954,0.9865660569593869,-0.1633628331524883
1769099777.225114,10.730745789403644,-0.4055819931433797,-0.32559807592140355,0.9867774789801953,-0.16208086555016332
1769099777.4256778,10.771603011817565,-0.41798745850072555,-0.3354858565500399,0.9859641128147509,-0.16695738450700842
1769099777.6263373,10.808426137184425,-0.42939062016146456,-0.3314224817129307,0.9863012828910891,-0.16495387042258758
1769099777.8269947,10.841563887302218,-0.43942862512187086,-0.3221860532826461,0.9870525546422919,-0.16039717695185737
1769099778.0276892,10.875247387341473,-0.44913852036570523,-0.3117187346917321,0.9878784967451076,-0.1552291070277299
1769099778.228275,10.837048546545901,-0.48356820660268773,-0.2975547714497844,0.9889530440842075,-0.14822913545109645
1769099778.4290216,10.870603096263254,-0.491899041317776,-0.2802479503028227,0.9901986887241853,-0.13966587574960485
1769099778.629695,10.904693202620557,-0.49984431244720273,-0.26937229301267673,0.9909435240392975,-0.13427930653893858
1769099778.8302963,10.94199362868678,-0.5080535772047683,-0.2518622177511675,0.9920811513956185,-0.125598523261796
1769099779.030888,10.975732975482792,-0.5146138388839292,-0.22799015802775846,0.9935095940522024,-0.11374834735603007
1769099779.2315955,11.01038967883849,-0.5208119379430105,-0.21279125339638733,0.9943453225898399,-0.1061950066797273
1769099779.4321883,11.04829344978604,-0.5269356056037,-0.19167397866909672,0.99541114962994,-0.09569035057100132
1769099779.6328964,11.08233962646381,-0.5318287380535464,-0.18159945289458104,0.9958805362798798,-0.09067501011248286
1769099779.833452,11.11702774366008,-0.5367089394284942,-0.19076013907747172,0.9954547685350349,-0.09523551753867915
1769099780.03411,11.13778262999722,-0.5859715892685916,-0.16871352355158212,0.9964440778024464,-0.08425674935832882
1769099780.2347713,11.172120380382262,-0.5906155094689925,-0.16590667772953355,0.9965613443201798,-0.08285823439318511
1769099780.4354374,11.206908487670502,-0.5953285147501793,-0.17157922091014818,0.9963223277944762,-0.08568441595877493
1769099780.6360428,11.244637453545524,-0.6005782246364932,-0.1644338105904698,0.9966220936652452,-0.08212431076303207
1769099780.8367195,11.27849986979001,-0.605147855955633,-0.1669121200365604,0.996519563805009,-0.08335921637032527
1769099781.0374131,11.313497688919979,-0.6100089168097905,-0.16841940116698295,0.9964564579253764,-0.08411021019360541
1769099781.2380064,11.347703574196098,-0.614682904400806,-0.16575978667073246,0.9965674271992161,-0.08278504119425835
1769099781.4386282,11.385908601557476,-0.619814970069189,-0.1663347886626825,0.9965435852312006,-0.08307155189681312
1769099781.6391993,11.42067514067918,-0.6246840922308518,-0.17397088159239615,0.9962191514190688,-0.08687578687914348
1769099781.839862,11.433597015219242,-0.6421425979799843,-0.17856435284338568,0.9960169933556373,-0.08916360774888164
1769099782.0404532,11.471932302907902,-0.6474431587871609,-0.18350041571810274,0.9957939015346028,-0.09162153494945252
1769099782.2409766,11.506555864536093,-0.6522387542730127,-0.1812634497911037,0.9958957557680853,-0.09050769935819915
1769099782.4416697,11.54076085858428,-0.656920389750566,-0.17786118408828822,0.9960482803269081,-0.0888134182306323
1769099782.6422536,11.578531011357123,-0.6620578241119534,-0.18140278141901237,0.9958894480588423,-0.09057707902695061
1769099782.842958,11.613251650368525,-0.6668899635246281,-0.18089318943063776,0.9959124944084252,-0.09032332744750023
1769099783.0436797,11.64714949994314,-0.6715748315615646,-0.17934504780043786,0.9959821126849318,-0.08955239366795287
1769099783.2442176,11.685487339447773,-0.6768571647694198,-0.17903060120766925,0.9959961800974823,-0.08939580097087169
1769099783.4448524,11.720201672796863,-0.6817349325149696,-0.1788742520813885,0.9960031655317656,-0.08931793913152179
1769099783.6454916,11.679453825676411,-0.7188971987466932,-0.1498674972861101,0.9971937801185344,-0.07486364199601808
1769099783.8461266,11.718169020519401,-0.724223109583679,-0.15487847149466225,0.9970030805019751,-0.07736186056172792
1769099784.0467296,11.752581827409958,-0.7290635779603718,-0.15724445523515843,0.9969108644334574,-0.078541252692688
1769099784.2473874,11.7866037816913,-0.7337746463400096,-0.14921722849354283,0.9972180681552882,-0.07453941604704714
1769099784.4480612,11.824572711209688,-0.7389519038750249,-0.15732224371080955,0.9969078088772525,-0.0785800267215233
1769099784.6487253,11.859101564826805,-0.7436927648267573,-0.14885292595901792,0.9972316290609161,-0.07435777027662534
1769099784.8494446,11.892315487066297,-0.7481473618444708,-0.15173703335867225,0.9971233643195244,-0.07579575402430473
1769099785.0500212,11.930486893063307,-0.7533390501655424,-0.15743452526087626,0.9969033957626322,-0.07863599377468733
1769099785.250559,11.964022236647585,-0.7580572369834616,-0.1561359017469586,0.996954244884224,-0.07798867614805749
1769099785.4513185,12.043929854975884,-0.7709664453764886,-0.15547878403016402,0.996979814943101,-0.0776611137959026
1769099785.6519587,12.078541504027594,-0.7758466642623134,-0.15936810237989596,0.9968269055024723,-0.07959975167276005
1769099785.8525848,12.115865835273812,-0.7812462721330542,-0.16907628875390424,0.9964287787028365,-0.08443748559007243
1769099786.0533333,12.149812016178725,-0.7866374150792762,-0.18673005971949258,0.9956446507877821,-0.09322944469251915
1769099786.253901,12.184236589066906,-0.7929823841006509,-0.21678631373866528,0.9941312112197495,-0.10818102827554375
1769099786.454671,12.221353492873972,-0.8005955099682234,-0.22279859544692282,0.9938015123805622,-0.11116903341356897
1769099786.6553295,12.255225525260983,-0.8081367198072477,-0.2475746661705629,0.992348126573021,-0.1234714367253236
1769099786.8559585,12.289360995386598,-0.8165450234988512,-0.27738848937791605,0.9903973611664275,-0.13825001625524988
1769099787.0567544,12.325952389794207,-0.8268508272820739,-0.3117602942532123,0.9878752709050167,-0.1552496348927747
1769099787.2574174,12.329857382583224,-0.8507670082845185,-0.34326784533592086,0.9853070205482473,-0.17079249180902517
1769099787.4580562,12.362296654314367,-0.8628791836865572,-0.39124753096963993,0.9809266138261269,-0.1943784409022992
1769099787.658708,12.394249972093458,-0.8760124730240599,-0.4254297213899255,0.9774613715599304,-0.21111434605014354
1769099787.8593125,12.42939077564416,-0.892272686215345,-0.4703964084626771,0.9724681717654065,-0.23303573739503555
1769099788.0600183,12.460285631042286,-0.908011881710348,-0.5005815054174655,0.9688404473858128,-0.2476856627042797
1769099788.2606614,12.485317567872375,-0.9010967505271765,-0.547537299545165,0.9627588373006148,-0.2703616489067343
1769099788.4615042,12.518206783232275,-0.9212438365805308,-0.5880420391161619,0.9570863124016622,-0.289803020366227
1769099788.6619697,12.54620788964344,-0.940155922414212,-0.6268441810670697,0.9512840574086577,-0.3083158155530162
1769099788.8627474,12.577526602557928,-0.9629299270646523,-0.6657600139764891,0.9451051751891076,-0.32676628931204954
1769099789.063377,12.604161909703164,-0.9839659634711654,-0.6989809956494595,0.9395472980915769,-0.3424191505287306
1769099789.2640786,12.623124829261629,-0.9964908838406404,-0.73409986271531,0.9333900774298864,-0.35886343273650856
1769099789.464715,12.651991799695127,-1.022830466022061,-0.771022816736725,0.9266062473994668,-0.37603306008950604
1769099789.6654592,12.67662553123977,-1.0469464385829403,-0.8050691688621754,0.9200710228912901,-0.39175159583054053
1769099789.8661008,12.700450814937467,-1.0720339275353061,-0.8510348497763132,0.9108252659736544,-0.41279212064188153
1769099790.0671456,12.725516594780894,-1.1010174569761904,-0.8937612363970467,0.9017995428076233,-0.4321545841385481
1769099790.2674515,12.745215099375729,-1.1214856590355493,-0.9371215186111637,0.8922191769389035,-0.4516026354024803
1769099790.4681742,12.765895992651945,-1.1492199158088554,-0.9830553016404611,0.8816128773082652,-0.47197323500834415
1769099790.669008,12.7873198366122,-1.1808646674290348,-1.0239841790925182,0.8717702837905856,-0.4899148622971973
1769099790.8694904,12.805452390550727,-1.209881952311473,-1.0608471492019709,0.8625928620374234,-0.5058987590042959
1769099791.070443,12.82302270014691,-1.2403851644923853,-1.0940434825354624,0.8540774366078405,-0.5201458759592161
1769099791.2707624,12.837245045290736,-1.2626322914492334,-1.1329853829274432,0.8437884491765446,-0.5366759292498984
1769099791.471568,12.85650216779451,-1.3037506554039144,-1.1851129390788857,0.8295156453213314,-0.5584834770762114
1769099791.6721935,12.866741785848323,-1.3282466303494411,-1.2164290534268618,0.8206695503650797,-0.5714030881116918
1769099791.8729331,12.88254922000954,-1.3704040756374294,-1.2673393217451225,0.8058601110888384,-0.5921059713901601
1769099792.0734656,12.893383426309452,-1.4034997133745004,-1.3036194093501714,0.794987286879896,-0.6066260905198045
1769099792.2742484,12.900418642839846,-1.4054200935125232,-1.3201028805217019,0.7899606915613819,-0.6131574885686899
1769099792.4748626,12.9118937485439,-1.4496898420976638,-1.36002691575913,0.7775642564597248,-0.6288034884415284
1769099792.6755092,12.919805206847244,-1.484073059394595,-1.3741685672676887,0.7730986959134091,-0.6342857450526428
1769099792.876242,12.926858208581578,-1.5174801126032393,-1.3958038507054404,0.7661921197044117,-0.6426115745167219
1769099793.0769398,12.93407314548714,-1.5556036979776677,-1.4202189228637199,0.7582905207894679,-0.6519167784931122
1769099793.2774377,12.939891843125416,-1.590145689673088,-1.4288073922542814,0.7554840541456896,-0.6551670351380574
1769099793.4782228,12.945306760039474,-1.623985567409542,-1.4393706973249685,0.7520131681900074,-0.6591480826558078
1769099793.6787763,12.950639874009157,-1.6622896502763456,-1.466311879525065,0.7430660944919865,-0.6692180356329513
1769099793.8794427,12.95473548276687,-1.6967472530737902,-1.480086282165078,0.7384394685319449,-0.6743197693337033
1769099794.0801656,12.957764814195487,-1.7225814066024532,-1.4950875106259285,0.7333609315842516,-0.6798394987244258
1769099794.280764,12.961071068662068,-1.7613675425596187,-1.5160729759267229,0.7261873181629735,-0.6874968937669961
1769099794.48134,12.96353555071917,-1.7959546431611,-1.5217801541063944,0.72422253053113,-0.6895663320312895
1769099794.6821017,12.965443223729958,-1.8301714264074422,-1.5472157643925364,0.7153944286763447,-0.6987208394050133
1769099794.8826363,12.966700412993454,-1.8684950798389215,-1.5685150468920717,0.7079128752622404,-0.70629976712296
1769099795.083294,12.967173998125707,-1.9024579906083015,-1.581004568680215,0.7034884275561494,-0.7107067132752978
1769099795.284066,12.9672019222836,-1.9374368526840218,-1.596913817000605,0.6978128255190531,-0.7162801550658203
1769099795.4873722,12.966500305473732,-1.9761549194767578,-1.615514310031823,0.691121161236142,-0.7227389158552392
1769099795.8859942,12.945782012969246,-2.044290557646686,-1.6466278736916204,0.6797944944839951,-0.7334026488016318
1769099796.0867069,12.943116107671864,-2.0825677805505705,-1.6651702230015597,0.6729658722926426,-0.7396735325326996
1769099796.28716,12.94030382579226,-2.116442792519546,-1.6774892879976986,0.6683970918716512,-0.7438046299785445
1769099796.4878857,12.936309960054828,-2.155164198930172,-1.7050977921748152,0.6580660683616815,-0.7529601912923409
1769099796.688456,12.932110167709702,-2.1891490689928212,-1.7157038299702836,0.6540638719046047,-0.7564393243804535
1769099796.8890464,12.927514042460642,-2.2230074014673926,-1.7284233564530993,0.649239902043343,-0.7605836900662217
1769099797.08953,12.921629388506927,-2.261948483041881,-1.7349725498118662,0.6467458207773358,-0.7627056072345675
1769099797.2902293,12.916637826112236,-2.2952650303838595,-1.7299487762710422,0.6486596085425831,-0.7610786504990026
1769099797.4909372,12.911603455513905,-2.329470913458494,-1.7234609598008435,0.6511250606142519,-0.7589704575542363
1769099797.6914499,12.89269976604767,-2.3669638947061813,-1.7359980841510132,0.646354645374542,-0.763037136974833
1769099797.892112,12.887644461101669,-2.4010387428060893,-1.7294895841619444,0.6488343320995695,-0.760929700753562
1769099798.092684,12.882259456810115,-2.4385441364207354,-1.730571761818768,0.6484225065774547,-0.7612806663536194
1769099798.2934186,12.877271522794791,-2.473447309823357,-1.729902259789578,0.648677309717606,-0.7610635636118241
1769099798.4941454,12.872525257681989,-2.507259887009905,-1.7233030435139098,0.651184985482781,-0.7589190435624806
1769099798.694578,12.867239889463214,-2.5455717306425845,-1.721087041984817,0.6520254684725305,-0.7581970643989445
1769099798.89525,12.862320211791674,-2.5804082462308013,-1.7238548157104707,0.6509755854897313,-0.7590986675632501
1769099799.0959203,12.857429770656603,-2.616755858002988,-1.7189349134520209,0.6528409595881948,-0.7574950042633714
1769099799.2966444,12.852849193438036,-2.651867905843199,-1.7162139694740335,0.6538709058390318,-0.7566061316809717
1769099799.4972732,12.83446195683892,-2.683255520620613,-1.7151994236578176,0.6542546274863553,-0.7562743433521267
1769099799.6979272,12.83011793607236,-2.7172497855030495,-1.7134498383757373,0.6549159602940061,-0.755701716917581
1769099799.8986123,12.82510601116061,-2.755879096890478,-1.7197884025520187,0.6525176432885553,-0.7577735316023843
1769099800.0992386,12.820636765553687,-2.7899591972879443,-1.7185744493768538,0.6529774738522253,-0.7573773291045662
1769099800.2999856,12.815796167276472,-2.8271305494206933,-1.7142311428367125,0.6546206937671294,-0.7559575036282411
1769099800.5004594,12.811334936829704,-2.861977381366953,-1.7166256201750243,0.6537151632675733,-0.7567406988619351
1769099800.701163,12.80681070193679,-2.8965352768734,-1.7127643421776373,0.6551749371473189,-0.7554772013330427
1769099800.9018052,12.80203696448288,-2.934199992934002,-1.7171958174851414,0.653499390947632,-0.7569270414188372
1769099801.1025162,12.797538789555198,-2.9689910198718317,-1.7160939149453889,0.6539163216572215,-0.7565668802361687
1769099801.3030884,12.784203276769233,-2.9712519683580583,-1.7143623229583898,0.6545711090604031,-0.7560004386132549
1769099801.5037289,12.779577870179732,-3.009138976618825,-1.7067816437196002,0.6574318986145049,-0.753513967146016
1769099801.7043793,12.775371839179513,-3.0441703941556426,-1.713726969241052,0.6548112398716593,-0.7557924583758032
1769099801.9051373,12.771427227168145,-3.07762703584481,-1.7013880881696655,0.6594615652495974,-0.7517382815571859
1769099802.105911,12.767398380983542,-3.115862286768859,-1.685206957784191,0.665521903322001,-0.7463783197539041
1769099802.3064656,12.764252590754372,-3.1505476068725247,-1.675778067679254,0.6690332539355934,-0.743232470448077
1769099802.507173,12.761719052462704,-3.185105306629817,-1.6493164777343963,0.6788079658731563,-0.7343158349560139
1769099802.7078912,12.759674466074289,-3.223345211192595,-1.6333061767403074,0.6846644621444697,-0.7288584048197729
1769099802.9084961,12.758437793397583,-3.2587335872718333,-1.615275803529422,0.6912073452870889,-0.7226564922708264
1769099803.1101966,12.732023310765573,-3.283874251918265,-1.582792815611054,0.7028526868871745,-0.7113354346125881
1769099803.3101635,12.732167860937773,-3.322396580194096,-1.5729761296563374,0.706335684665866,-0.7078770377456823
1769099803.510573,12.732801986658856,-3.357597681564849,-1.5505447265090124,0.7142304306122774,-0.6999106314290423
1769099803.7114346,12.73453597839969,-3.3917727876189,-1.5112851248838814,0.7278310521058863,-0.6857564870932237
1769099803.912033,12.738096865753972,-3.4296467985925574,-1.462830144980673,0.7442299877049526,-0.6679234427692189
1769099804.112664,12.727712759603302,-3.4378899172529134,-1.393605534477214,0.7668979884516328,-0.6417690202158711
1769099804.3132927,12.734678814257169,-3.4688223337759,-1.3016233331389089,0.795592326798135,-0.6058323609216741
1769099804.5139704,12.733519376500217,-3.4869467476582168,-1.1909114126137414,0.827892985483881,-0.5608860887796971
1769099804.7146988,12.745697858468935,-3.513798337240694,-1.0842005052651245,0.8566269749857016,-0.5159362613025431
1769099804.9154985,12.743305313157563,-3.538849826437345,-1.0058357478469226,0.8761799247369261,-0.4819841693333865
1769099805.116175,12.760701719388125,-3.5612276716548177,-0.8740272591631306,0.9060196398783973,-0.4232356461294575
1769099805.3169491,12.76477975588342,-3.581533060696869,-0.7685822346041986,0.9270644271600674,-0.3749020510671767
1769099805.5175664,12.795142842511865,-3.604986594700516,-0.6165000888039918,0.9528659504954026,-0.30339162873502795
1769099805.7182858,12.807056786797974,-3.6242870312359434,-0.5240191568727317,0.9658714036121033,-0.25902206794863114
1769099805.9188528,12.83717192268855,-3.638180638023334,-0.4123775962698184,0.9788182924919986,-0.20473092165827864
1769099806.1197238,12.86309841530367,-3.654461218368625,-0.29105552146497055,0.9894295106411674,-0.14501463192512734
1769099806.3204367,12.901603494018092,-3.6622027198028992,-0.1654835185248026,0.996578853126338,-0.08264738048718132
1769099806.521261,12.92959925867453,-3.6907412500199412,-0.0933484188545138,0.9989109568137727,-0.04665726478688104
1769099806.7221496,12.92959925867453,-3.6907412500199412,-0.09334841885451381,0.9989109568137727,-0.04665726478688105
1769099806.9229372,12.994058898883358,-3.6943469761575902,-0.10068940186601474,0.9987329731939091,-0.05032343644122945
1769099807.1236355,13.038609349036573,-3.699011779957623,-0.1871968536679692,0.9956228641992317,-0.09346182260002255
1769099807.3243327,13.06327533071926,-3.7034320720850307,-0.24857734224663616,0.9922861009394712,-0.12396892305066418
1769099807.524893,13.11965352271372,-3.722492142211362,-0.31705423490306484,0.9874608694601087,-0.15786396449185655
1769099807.725646,13.158361357537268,-3.736623082982034,-0.43983925197050344,0.9759149861693905,-0.21815118558008872
1769099807.926228,13.185673117864873,-3.73696362839304,-0.5200105933343657,0.9663886164508347,-0.25708567053463194
1769099808.1269383,13.210708358931678,-3.753716625341745,-0.6592093583254742,0.946170370563276,-0.32366901283279037
1769099808.3275418,13.233816347321449,-3.7616965521243326,-0.7976485358012942,0.9215182089301263,-0.3883351524266277
1769099808.528247,13.256490404051874,-3.787249127607991,-0.9992443772959604,0.8777636316633076,-0.47909394374093395
1769099808.7288783,13.266891949382075,-3.80664133922383,-1.2221386384909372,0.8190349711514173,-0.573743597812644
1769099808.9295788,13.285066401486246,-3.822042006598494,-1.4382566111030828,0.7523802253958308,-0.6587290766569507
1769099809.1302924,13.291612284446698,-3.8430157301446957,-1.6664880509483446,0.6724783450115839,-0.7401167985463383
1769099809.3309386,13.297613602727058,-3.8341801626302794,-1.9113021754301625,0.577077143623531,-0.8166896413615802
1769099809.5314615,13.284837159117698,-3.85011198074774,-2.1539908028799504,0.47397616185990493,-0.8805376755077282
1769099809.7320087,13.298173031777724,-3.864294046508925,-2.37945199762763,0.3719142325041047,-0.9282670971551683
1769099809.9324322,13.285374628097507,-3.8927669715292574,-2.589405280162842,0.2725993659921267,-0.9621276348077165
1769099810.1330824,13.269369391749214,-3.902366572641008,-2.7643213815037435,0.1875189084288324,-0.9822609933116856
1769099810.3337953,13.245134649694034,-3.907392180359153,-2.931671387769025,0.10476801846983916,-0.9944966879310878
1769099810.5344305,13.226939463021756,-3.9138251999174063,-3.0894006274262322,0.026093051276888896,-0.9996595183736618
1769099810.7348125,13.212312977364727,-3.9127646182689744,3.1174967594496605,0.012047655606180757,0.999927424363586
1769099810.9353607,13.211681652982337,-3.9127702585439006,3.1267743474198495,0.007409085296903024,0.9999725523508449
1769099811.13598,13.211656191420929,-3.9127745952431168,3.1295482194440822,0.006022180671531576,0.9999818665055679
1769099811.336622,13.21165616245123,-3.9127752366840123,3.1304430846205697,0.005574755608924933,0.999984460929219
1769099811.5372808,13.211656160111954,-3.9127752884798026,3.1306825528628055,0.005455023308689553,0.9999851212496622
1769099811.7379365,13.211656159948186,-3.9127752921059153,3.130744262533906,0.005424168929628876,0.999985289087506
1769099811.9385972,13.21165615993792,-3.912775292333222,3.1307749125863245,0.005408844128228488,0.9999853720956104
1769099812.1392624,13.211656159940883,-3.9127752922676216,3.130765301017343,0.005413649842358256,0.9999853460903236
1769099812.3398995,13.21165615994094,-3.9127752922663492,3.1307553790505516,0.0054186107529894546,0.9999853192209912
1769099812.540556,13.21165615994104,-3.9127752922641283,3.1307573100564103,0.00541764526423188,0.9999853244522097
1769099812.74123,13.211530452382428,-3.9127606847037577,3.1326619910034976,0.004465316453985884,0.9999900304247866
1769099812.941811,13.21100212397101,-3.9127025015770704,-3.1385567555341805,0.001517948444871214,-0.9999988479155957
1769099813.142498,13.210699776183377,-3.912673596826757,-3.1204786018951705,0.01055682975025069,-0.999944275120181
1769099813.3432238,13.210775522459974,-3.912678949157491,-3.1021381600138747,0.019725967289604105,-0.9998054241773694
1769099813.5437872,13.2107755272406,-3.9126788512727018,-3.0841131591652933,0.028735790999434636,-0.9995870418906183
1769099813.7444975,13.21087663765721,-3.9126841686558853,-3.0633737468127284,0.039099484177851536,-0.9992353228029051
1769099813.9451709,13.210952566779238,-3.9126850359696257,-3.0446837423086617,0.04843549736098821,-0.9988263125265542
1769099814.1458333,13.21090194604751,-3.912685750372258,-3.023190968777616,0.05916626787452885,-0.998248141869445
1769099814.3465316,13.211129694024946,-3.9126811991172095,-3.0059526631442948,0.06776801691506044,-0.9977011054837015
1769099814.5471287,13.211003223913023,-3.9126857649897975,-2.9845602763859596,0.07843554080454883,-0.9969191872657973
1769099814.7478945,13.211079067191214,-3.9126820387135632,-2.9675362608288904,0.08691838073158756,-0.9962154360834803
1769099814.948425,13.211028520016537,-3.9126849149936715,-2.948988792865028,0.09615314769465487,-0.9953665516725031
1769099815.1490746,13.211078983557027,-3.912680856524261,-2.930091250600616,0.10555370627979162,-0.9944136036331158
1769099815.3496842,13.239159746495842,-3.9118770491771104,-2.9502872254530357,0.09550691929279673,-0.9954287660938874
1769099815.5504057,13.239159746495842,-3.9118770491771104,-2.9502872254530357,0.09550691929279673,-0.9954287660938874
1769099815.7509792,13.239109306678655,-3.9118819133773886,-2.910809959476857,0.11513544172162056,-0.9933498024661641
1769099815.9516196,13.239059233750522,-3.911889428405119,-2.8913056164480855,0.12481713089194524,-0.992179763871398
1769099816.1522317,13.239084227898838,-3.9118853672152074,-2.872195001554171,0.13429187120792607,-0.9909418213636327
1769099816.3527648,13.239009755525927,-3.91190020546052,-2.8541691868882113,0.14321756270335903,-0.989691229491961
1769099816.5533912,13.238886536753036,-3.911929065140637,-2.835043573728338,0.15267509588160447,-0.9882764365791299
1769099816.7539086,13.239009224843821,-3.9118980277569024,-2.818665038897232,0.16076314595994418,-0.9869930146161429
1769099816.9545226,13.238935844716003,-3.9119175491559366,-2.798797970636273,0.17055938192289605,-0.9853473992648886
1769099817.1551697,13.239008913647009,-3.9118968877346436,-2.777386723078955,0.1810981651278424,-0.983465024587722
1769099817.3557055,13.242546559407874,-3.935655558950552,-2.7513545027297908,0.1938833522615454,-0.9810245897610445
1769099817.5563364,13.242450697858597,-3.935688128932919,-2.7314191309965783,0.20365210373896792,-0.9790433190838354
1769099817.7569816,13.242474423123152,-3.935679301014932,-2.71472791995879,0.21181562616423472,-0.9773096441316095
1769099817.9576235,13.242332318994368,-3.9357328614363483,-2.695980221047374,0.2209673395257139,-0.9752812080948386
1769099818.1583245,13.24235597480141,-3.9357238569759985,-2.6764144473108726,0.23049767932068696,-0.9730728748802824
1769099818.3588686,13.242285714549496,-3.9357526530136395,-2.6609811444269655,0.2379996063475018,-0.9712652507829332
1769099818.559494,13.242262780521889,-3.9357633794544777,-2.6397334525100384,0.2483045537371703,-0.9686820162434031
1769099818.7600596,13.242170770067911,-3.9358056160092523,-2.623544413739427,0.25613734890339657,-0.9666403977160999
1769099818.9606967,13.242170963529592,-3.9358060181626118,-2.602851516429508,0.2661247562078201,-0.9639385945864645
1769099819.1614377,13.242103136367048,-3.935840152598675,-2.583284318695459,0.2755426578293127,-0.9612888451013869
1769099819.3620117,13.235384259098748,-3.9247398051333358,-2.5728762993067322,0.28054146064299174,-0.9598419082642187
1769099819.5627215,13.23533968054586,-3.924763796802658,-2.5526958092649648,0.29021205506667397,-0.9569623624228791
1769099819.7632291,13.23529598933547,-3.9247893614295593,-2.536394083728524,0.2980023972966327,-0.9545651215110784
1769099819.9638038,13.23536090680481,-3.9247499731030646,-2.5164767009300775,0.3074936824808986,-0.9515501222922187
1769099820.1643474,13.235318191894773,-3.9247771382890235,-2.4996264816605516,0.31549958847476794,-0.9489257134635208
1769099820.364999,13.235402745647303,-3.9247214546409865,-2.479539873414486,0.3250138660224165,-0.9457092507177682
1769099820.5659258,13.23531898474755,-3.924778325162681,-2.457573960147702,0.3353807386394862,-0.942082671610954
1769099820.7662227,13.235319299501139,-3.9247787626734443,-2.4406432793820523,0.34334367691901035,-0.9392098378529338
1769099820.966898,13.235359418572417,-3.924747886013233,-2.4178424843176742,0.3540284987139855,-0.9352346347833369
1769099821.1676323,13.235339416064019,-3.9247633944194873,-2.400286806998377,0.362224093084959,-0.9320910397535098
1769099821.3685038,13.23451847429511,-3.9349928447612195,-2.3684112251064557,0.37703293243974434,-0.9261998530856541
1769099821.5689259,13.234518477295879,-3.9349928484336427,-2.3501215268164697,0.3854870071248797,-0.9227132638788189
1769099821.7694554,13.234556815239209,-3.9349597912955425,-2.3318685687553193,0.39389195947661737,-0.9191567462950325
1769099821.9700851,13.23459346874683,-3.9349248642016477,-2.3065714143349383,0.40548616627270917,-0.9141011809211609
1769099822.170684,13.234611918848866,-3.934907537180703,-2.2930249568622525,0.4116682341857933,-0.9113337835076405
1769099822.3713043,13.23464721382445,-3.9348712357448616,-2.2669896489069523,0.4234964469631474,-0.9058977643253073
1769099822.5719264,13.234682806962212,-3.9348352390174535,-2.252438961808154,0.43007589836149046,-0.9027927346011138
1769099822.7725809,13.23476844504559,-3.9347420599220304,-2.2287961335535567,0.44071788627497055,-0.8976456676870457
1769099822.973209,13.234734230688412,-3.9347793743921486,-2.207752005041491,0.45013840082803186,-0.8929588008973215
1769099823.1739283,13.23481684459725,-3.9346835059750296,-2.196205586429369,0.4552861087266571,-0.8903451910357795
1769099823.3745446,13.218942129089532,-3.943355362367871,-2.1724689589813084,0.4658206919964308,-0.8848791346325025
1769099823.5751162,13.218943330782599,-3.9433563143300088,-2.1433832785957185,0.47863963591910724,-0.8780114457837235
1769099823.7757733,13.218958232316865,-3.9433358614222276,-2.1035198685357352,0.4960436702400597,-0.8682975741154474
1769099823.9763017,13.21897237452759,-3.943314873657796,-2.064067866080874,0.5130740925600962,-0.8583443222528089
1769099824.1770153,13.218945574722362,-3.943357821431819,-2.026408559191788,0.5291445096037971,-0.8485317247788424
1769099824.3778036,13.221082863074162,-3.927199707800564,-1.9881716452507698,0.5452694363335931,-0.8382608435328741
1769099824.5783644,13.221083307649648,-3.9271999479207236,-1.9374157669000476,0.5663649074436732,-0.824154592061659
1769099824.779074,13.22107236570782,-3.927222774400681,-1.899778322501269,0.5817732438479095,-0.8133510267668449
1769099824.9796846,13.221053485053057,-3.927269752473184,-1.860639109474046,0.5975777903182794,-0.8018109406327171
1769099825.1803083,13.221035625924277,-3.927317120922728,-1.824020364852237,0.6121574639930235,-0.7907358846527899
1769099825.3810186,13.208669261027978,-3.939001379244322,-1.7918104453494514,0.6248122972524217,-0.7807749952464867
1769099825.5816429,13.208648176245152,-3.9390743200760063,-1.7533329821698453,0.6397168642659725,-0.7686106514833836
1769099825.782303,13.208641547063172,-3.9390987422174875,-1.7167216077930543,0.6536788436461266,-0.7567720722710787
1769099825.982983,13.208635969519372,-3.939123424802595,-1.6786020617368942,0.6679831453067162,-0.7441764021965132
1769099826.1838255,13.208636214257378,-3.939123467468576,-1.6408464750384675,0.6819116978465396,-0.7314345058445422
1769099826.3843796,13.20723222994666,-3.924972214200981,-1.6019148318314842,0.6960195819969917,-0.7180228001092535
1769099826.5850613,13.207229666395074,-3.924997387441191,-1.5632162412290658,0.7097816611384784,-0.7044217440649473
1769099826.7857003,13.207228776788101,-3.9250226886410693,-1.5273720758438099,0.7222917017966425,-0.6915885319434599
1769099826.9863048,13.20723169691597,-3.9249468044141764,-1.4900773725301275,0.7350616736341066,-0.678000247753809
1769099827.186945,13.207232117717492,-3.9249214835943094,-1.4518818354746308,0.7478751348249424,-0.6638394253963636
1769099827.3876305,13.189527839398743,-3.933505063246573,-1.4145706281840866,0.7601286033899775,-0.6497726574028815
1769099827.5882947,13.189532311848929,-3.933555490348582,-1.3970071089391136,0.7658053672291653,-0.6430724216781524
1769099827.7888885,13.189534422938353,-3.9335807126620246,-1.3805308597665644,0.771077031840802,-0.6367418715363226
1769099827.9895303,13.189671203051862,-3.934813353008663,-1.3596238521813286,0.7776909645603494,-0.6286467717575533
1769099828.1902301,13.18991884982534,-3.936669860552468,-1.3348776111985157,0.7854095591522998,-0.6189764328245383
1769099828.3908026,13.190189965705502,-3.938420694084179,-1.3143753193680432,0.7917133983414464,-0.6108927032520836
1769099828.5916507,13.1907303877359,-3.9413837538756313,-1.2901178553528958,0.7990643383284805,-0.6012455265627077
1769099828.7923129,13.19149716021983,-3.9451537076565373,-1.2695055553845696,0.805218318583417,-0.5929784645479925
1769099828.99288,13.192519234378546,-3.949671362846437,-1.2478649503632142,0.8115872631561339,-0.5842312164569231
1769099829.193449,13.192865337543441,-3.959610675372269,-1.2236333152401897,0.8186059618619862,-0.5743555337976751
1769099829.394207,13.196734508907301,-3.9741648844912505,-1.2143001298163911,0.8212773220712587,-0.5705291931632088
1769099829.5948951,13.202007036764012,-3.993688697368619,-1.2157556311174877,0.8208619016335749,-0.571126727133752
1769099829.7956579,13.20718440715959,-4.01321178464336,-1.2216306985607401,0.8191806583771809,-0.5735355690283982
1769099829.996317,13.213490039419678,-4.037149023779016,-1.2223983066138546,0.8189604727868981,-0.5738499316133621
1769099830.1969955,13.219468127541344,-4.05994236704349,-1.2202972352324943,0.819562870597584,-0.5729892679080889
1769099830.3976812,13.226077106531749,-4.084951356147104,-1.2170364319728006,0.8204959835353294,-0.5716522902975134
1769099830.598559,13.234026250871345,-4.114999198973047,-1.2248543830705203,0.8182551457826636,-0.5748552134235124
1769099830.7991695,13.241326072965478,-4.143150115227051,-1.2230350174096905,0.8187777430657732,-0.5741106230162604
1769099830.9999683,13.24862898870106,-4.170829293134332,-1.2190621472438843,0.8199165603818086,-0.572483042553807
1769099831.2008402,13.256601558631047,-4.201890846348514,-1.2388916629424582,0.814200323073976,-0.5805840455147153
1769099831.4014578,13.263409015948675,-4.2302947131402355,-1.2561890864095449,0.8091486306364396,-0.5876040278445805
1769099831.6021965,13.279571464603382,-4.194962440060707,-1.2638836222597871,0.8068819777969087,-0.5907126830418904
1769099831.802997,13.279571464603382,-4.194962440060707,-1.2638836222597871,0.8068819777969087,-0.5907126830418904
1769099832.0036156,13.290735737459997,-4.25438504085985,-1.3005800121762534,0.7959082573326719,-0.605417249431885
1769099832.204199,13.295696051083317,-4.286349262357798,-1.3128778377873318,0.7921705766618539,-0.610299743954744
1769099832.4050522,13.299751865016303,-4.314609902272348,-1.324286426815563,0.7886763778855264,-0.6148085644860247
1769099832.6057503,13.303602379215015,-4.343333549533424,-1.3293999046769798,0.7871018968529314,-0.6168229924139641
1769099832.8062453,13.307716791429398,-4.3754945158363,-1.3323057897927908,0.7862048579894155,-0.6179659547854096
1769099833.00706,13.311172524236893,-4.403707744278021,-1.333558815894834,0.7858175399789723,-0.6184584010759302
1769099833.2079506,13.314673858324305,-4.431966274436903,-1.3348655610997726,0.7854132885016116,-0.6189717006819329
1769099833.408466,13.318450914989343,-4.46401590829813,-1.3418142433837739,0.7832580336073532,-0.6216967530794594
1769099833.6092904,13.35100664720941,-4.514456845345458,-1.3518923306840878,0.7801153455815724,-0.6256357147639062
1769099833.8098674,13.354166633022745,-4.542373434182439,-1.3570329429904862,0.7785046951205246,-0.6276387812072316
1769099834.0104885,13.35770177433038,-4.573890093918137,-1.3578637921361545,0.7782438913792215,-0.6279621370201603
1769099834.211118,13.36066036268514,-4.602618140056346,-1.364799299653957,0.7760615983728221,-0.6306571140731076
1769099834.4119925,13.363798558375061,-4.634049772525089,-1.3666503390264502,0.7754775804998114,-0.6313751041513741
1769099834.6125648,13.366678924222777,-4.662403645858382,-1.3692748112938646,0.7746483998399843,-0.6323921699589201
1769099834.8132627,13.369530758275383,-4.691421773587819,-1.3694303054810144,0.7745992308455962,-0.6324523947092072
1769099835.0140297,13.372628256653488,-4.723289603107152,-1.3731307923039462,0.7734277147555023,-0.6338845084462006
1769099835.2147598,13.375350602866181,-4.751023380727641,-1.368330235941253,0.7749469844624955,-0.6320262425504851
1769099835.4153636,13.3784331922853,-4.783121431535122,-1.3733783069531866,0.7733492609819578,-0.6339802209364734
1769099835.615997,13.380891687790433,-4.811794750725066,-1.3814158879465765,0.7707951891044889,-0.6370830216332681
1769099835.8167593,13.405322131803487,-4.8459170191574925,-1.380749441794621,0.7710074370710516,-0.6368261395240686
1769099836.020077,13.407866663735472,-4.877071902958869,-1.3856444956634424,0.7694464801824481,-0.6387112916919832
1769099836.4187975,13.412246599992043,-4.93740534357404,-1.3973373449626014,0.7656991739505303,-0.6431988611708478
1769099836.6194363,13.414269472555219,-4.965503384316799,-1.3905751673299949,0.7678695056421992,-0.6406062927452434
1769099836.8200986,13.416817088424608,-5.003967053993328,-1.402656701599772,0.7639857656680277,-0.6452330973040963
1769099837.0208828,13.418140740377554,-5.026454757960371,-1.403794128585849,0.763618689369338,-0.6456674819486069
1769099837.2215056,13.420197967469333,-5.064010110211713,-1.4085239147877648,0.7620896208675245,-0.6474715513178881
1769099837.4222891,13.421732749753184,-5.093127609678697,-1.4123444435448818,0.7608513893051367,-0.6489261617414136
1769099837.6229281,13.423051410227222,-5.12489077118651,-1.4208626647023623,0.758080648460491,-0.6521608163863585
1769099837.8235452,13.44758758239201,-5.131579393490291,-1.437203301078979,0.7527270440074422,-0.6583327405042364
1769099838.0241642,13.448787411226462,-5.1602565772172495,-1.4457897221205083,0.7498937546496268,-0.6615582791693301
1769099838.2249131,13.449918747598012,-5.192229185714536,-1.4511559510529983,0.7481160209106417,-0.6635679462246714
1769099838.4256353,13.450721663300287,-5.221274471645435,-1.456871680921991,0.746216580850576,-0.6657032480495163
1769099838.626145,13.45151916416577,-5.252345735900716,-1.459510783508888,0.7453375018615943,-0.6666873392518549
1769099838.8269591,13.452166994945097,-5.2807115291610405,-1.4656041368037922,0.7433028650586727,-0.668955043927145
1769099839.027541,13.45251581212119,-5.309538281835171,-1.4734121105627427,0.7406856156036531,-0.6718517833851729
1769099839.2281587,13.452661726770415,-5.34097367708265,-1.486513948231857,0.7362685075478486,-0.6766895039774621
1769099839.4289503,13.452316787166234,-5.369091249847657,-1.5055844919273085,0.7297827159161105,-0.6836791554158321
1769099839.6295617,13.451205953403111,-5.401241449634441,-1.533313763195274,0.7202339159633893,-0.6937312925737469
1769099839.8302052,13.44962646148471,-5.429822850167784,-1.5530459115187771,0.7133545693291267,-0.7008032950958893
1769099840.0309541,13.47576016612583,-5.463514582085128,-1.5592117180783502,0.711190674011936,-0.702999164436522
1769099840.2315922,13.472905052977037,-5.491972655369438,-1.5879476985162244,0.7010169288855272,-0.713144631485019
1769099840.4322588,13.468953294261397,-5.523235971131718,-1.6107538865624216,0.6928394735197261,-0.7210918554060285
1769099840.6330156,13.465013837894038,-5.551333956805672,-1.62285276072367,0.6884646228870471,-0.7252699242578559
1769099840.83369,13.460418337250461,-5.580075771185746,-1.6476441520933125,0.6794217361008533,-0.7337479843336555
1769099841.0341825,13.454487646667262,-5.612130977210167,-1.6676711372296555,0.6720404163637403,-0.7405144689833215
1769099841.2348993,13.448751770555798,-5.640047560913742,-1.6826890716833307,0.6664610234671573,-0.7455398743186773
1769099841.4355636,13.442547174236182,-5.667915728042046,-1.7030910174623162,0.6588212477047244,-0.752299517195638
1769099841.6362035,13.457749102661824,-5.688867760313097,-1.728050115701061,0.6493818311511608,-0.7604625154277924
1769099841.8369594,13.450162249061531,-5.716810069896778,-1.73907573331087,0.6451797002585359,-0.764030859569367
1769099842.0376048,13.442301310777337,-5.744283230079546,-1.749013590074344,0.6413753364508618,-0.7672272660643285
1769099842.2381766,13.432766044717141,-5.7752722582483145,-1.774351131632473,0.6316043011194848,-0.7752909175318431
1769099842.4387455,13.423806099986368,-5.802406369936785,-1.7939874661702393,0.6239620455538282,-0.7814546472497829
1769099842.6395726,13.41436890793547,-5.829217125764865,-1.816451187464693,0.6151456829433324,-0.7884134630739008
1769099842.8402157,13.403050854252397,-5.859464644824976,-1.8343212459876528,0.6080767244759606,-0.7938782634324905
1769099843.040864,13.392456808817373,-5.885922385358828,-1.8543541061795639,0.6000945277403603,-0.7999290954678883
1769099843.2414517,13.380216756400785,-5.915124468232817,-1.8673697887654257,0.5948760453311088,-0.8038174486108277
1769099843.4419744,13.368645964842004,-5.941142207955082,-1.8955621134028677,0.5834865788473843,-0.8121227815453617
1769099843.642775,13.38015680045176,-5.942596415037282,-1.9202194455868362,0.5734300986330887,-0.8192544915846639
1769099843.8434048,13.36615296651604,-5.971135248504954,-1.9295749213160005,0.5695915811858745,-0.8219278743552717
1769099844.0440717,13.353447178901755,-5.996078719306724,-1.951986555686842,0.5603456389136308,-0.8282588755639597
1769099844.2445083,13.339668558854019,-6.021745790940971,-1.9731157730510078,0.5515643007096483,-0.8341323768939056
1769099844.4451985,13.324127481684242,-6.04996985743736,-1.9699085439118211,0.5529012177732785,-0.8332468082056035
1769099844.645906,13.310488277675603,-6.0749076142325515,-1.9667485165046301,0.5542170684578144,-0.8323721769917747
1769099844.846475,13.295190091941073,-6.1026303679217735,-1.9701068371311397,0.5528186014598475,-0.8333016223913033
1769099845.0471132,13.280971847430338,-6.128173623157109,-1.9734593142759556,0.5514210131440976,-0.8342271071255938
1769099845.2479098,13.267454667608892,-6.152542857746246,-1.970379822686804,0.5527048566574062,-0.833377070375299
1769099845.4485588,13.252054866469209,-6.180498661311742,-1.9693741313862447,0.5531238467978812,-0.8330990397926972
1769099845.651909,13.238175043782102,-6.205824081405071,-1.9599093801233225,0.5570601759790709,-0.8304721309822303
1769099846.0504432,13.22827631452777,-6.240736223814588,-1.929891092934802,0.5694616389357625,-0.822017908430586
1769099846.2512012,13.215858687839846,-6.266641237016956,-1.9160930305877726,0.5751191689495283,-0.8180696434331272
1769099846.4545925,13.202171453073758,-6.296256632284384,-1.8990587982727065,0.5820658190775401,-0.8131416741636063
1769099846.853106,13.179731581106443,-6.348567244501149,-1.8623275570673805,0.5969006695712141,-0.8023151442328857
1769099847.053818,13.167751384730291,-6.378586822328555,-1.8477429063056694,0.6027354898815467,-0.7979410562424094
1769099847.2545257,13.157356226669437,-6.405883029607525,-1.8338746056443764,0.6082539983415661,-0.7937424478390318
1769099847.455152,13.147718186979809,-6.432514781515093,-1.8087193880482875,0.6181890060022835,-0.7860294859977638
1769099847.6557012,13.137582057675264,-6.46237818873856,-1.7972745359942561,0.6226768554120017,-0.7824790947585892
1769099847.8563318,13.128678380172474,-6.490118027197468,-1.776985009480964,0.6305827429232269,-0.7761220292759506
1769099848.057088,13.12466050835504,-6.51329481926515,-1.7613785268745104,0.6366197507615698,-0.7711778607690166
1769099848.2581422,13.116928255559772,-6.540805189719457,-1.7452047732125033,0.6428352865810641,-0.7660044349259613
1769099848.4583795,13.109559603533286,-6.568309526869519,-1.7277103389680406,0.64951101551383,-0.7603521820355311
1769099848.6589937,13.101605432630008,-6.599950023532386,-1.7098622089181323,0.6562704947527968,-0.7545257038146013
1769099848.8596869,13.095251980875481,-6.627810066489923,-1.6843998346975289,0.6658230587063674,-0.746109679936467
1769099849.0604358,13.089445221913099,-6.655970246511639,-1.6687280317765971,0.6716489996940216,-0.7408695034957372
1769099849.2610247,13.084037024074494,-6.684621955461928,-1.6516366855749498,0.6779556266016052,-0.7351028284255373
1769099849.461672,13.078635943166733,-6.716180621873819,-1.630802862079093,0.685576206558258,-0.7280008688189794
1769099849.662288,13.074472313187096,-6.744041097551629,-1.6110257062987905,0.6927414636221213,-0.7211860124674363
1769099849.862971,13.07040436049003,-6.775059019320805,-1.5961726301391421,0.6980782263143791,-0.7160215010359469
1769099850.0635185,13.077396586743594,-6.820465596140037,-1.5994324941958402,0.6969102331691341,-0.7171583694722827
1769099850.264316,13.074474179173512,-6.849094682630032,-1.5797962642026315,0.7039176741953699,-0.7102815694887352
1769099850.4650233,13.071705722546538,-6.8809665245115,-1.5710901314027599,0.7070028979418556,-0.7072106491716723
1769099850.6656575,13.069226413555606,-6.909815519487533,-1.5778290406837867,0.7046159748696005,-0.7095888443025035
1769099850.866558,13.066778229152693,-6.939149859646367,-1.5757865753607403,0.705340262620038,-0.7088688975594117
1769099851.067605,13.063941025351943,-6.970558948703893,-1.5855880013721084,0.7018578434427682,-0.7123170414905617
1769099851.2678869,13.06097017036186,-6.999412311479919,-1.606101900879069,0.694514852287193,-0.7194783665632334
1769099851.4686792,13.057188872744426,-7.028222188554464,-1.6395494093238683,0.6823859137190155,-0.7309921099149186
1769099851.6717274,13.051725679869406,-7.066073303594336,-1.6338151439402848,0.6844789574656447,-0.7290326170938747
1769099852.0703433,13.044539430346601,-7.116923414040923,-1.636107433614593,0.6836429310962346,-0.7298166500992896
1769099852.2709417,13.043966171753294,-7.018385821463355,-1.639190304484557,0.6825171541206506,-0.7308695740903763
1769099852.4716334,13.043966171753294,-7.018385821463355,-1.639190304484557,0.6825171541206506,-0.7308695740903763
1769099852.6725967,13.03564648609612,-7.078635359274116,-1.6255300821797447,0.6874931159436628,-0.7261908946895943
1769099852.8756886,13.032064549797123,-7.10754649366862,-1.6103179920746917,0.692996617045657,-0.720940835827237
1769099853.2741964,13.026412222594642,-7.167820024679959,-1.5675885436110004,0.7082399938165801,-0.7059717495471689
1769099853.4750128,13.02459440054962,-7.197048088400571,-1.555318631777697,0.7125577439949341,-0.7016134701335557
1769099853.6764798,13.023449631770006,-7.21941874140421,-1.540830146103113,0.7176216607985991,-0.6964331640241297
1769099853.8763623,13.022262248086735,-7.257466377565479,-1.514752531482676,0.7266410605867178,-0.6870172989593566
1769099854.076926,13.021977504717361,-7.286344192916655,-1.4941184540135284,0.7336902469674472,-0.6794840848061463
1769099854.2775872,13.022060098525001,-7.315703956340942,-1.493744540741496,0.733817268203171,-0.6793469046715643
1769099854.4782872,13.032745231817804,-7.338829421026253,-1.4851585763378148,0.7367269214114055,-0.6761903898072442
1769099854.6789188,13.03311051789654,-7.367655850202261,-1.4813163891079786,0.7380245861706833,-0.6747738215191752
1769099854.8794699,13.033377419411803,-7.396812549795113,-1.488036852902247,0.73575302734685,-0.6772499411221424
1769099855.0802603,13.033592466070278,-7.4259191610659245,-1.4874768646640015,0.7359426245047557,-0.677043908056968
1769099855.2808344,13.033871479076168,-7.4575816135263775,-1.4872779495668143,0.7360099579921302,-0.6769707096591571
1769099855.481498,13.034197454905794,-7.486155528054221,-1.4844462526631539,0.7369677078905661,-0.6759279529110519
1769099855.682198,13.03436623155802,-7.51526245278372,-1.4928395003221904,0.7341246112628624,-0.6790147679823695
1769099855.882943,13.034617583166087,-7.547228758700032,-1.482538614805288,0.737612085433158,-0.6752247117981891
1769099856.0835185,13.03502730999852,-7.575826927358335,-1.4823240750381543,0.7376845124654474,-0.6751455843509717
1769099856.2842374,13.035353570399561,-7.607919229086788,-1.4863402448793008,0.7363272763885995,-0.6766255552712644
1769099856.4849055,13.035547310060602,-7.636823455855879,-1.4921326706902653,0.7343645392903019,-0.6787552750682257
1769099856.685486,13.04761172474681,-7.663113263562477,-1.4789467034153903,0.7388235688801178,-0.6738989049310333
1769099856.8861434,13.04796780587135,-7.695179912016422,-1.483278831601005,0.7373621285834507,-0.675497661972921
1769099857.0868447,13.04816880131042,-7.724337334137924,-1.4885362046035684,0.7355839114607501,-0.6774336197739993
1769099857.287481,13.048516275118578,-7.753088180106074,-1.4809462754712908,0.7381494450292782,-0.6746372334840175
1769099857.488159,13.048939696451125,-7.7818380103631375,-1.4804235560091805,0.7383257428220824,-0.674444287903916
1769099857.6889567,13.049410393358938,-7.814308198123679,-1.4870810639310872,0.7360765973299607,-0.676898251484776
1769099857.8897047,13.049672185529174,-7.843262366526138,-1.4834997230155118,0.7372875182693124,-0.6755790963346027
1769099858.091174,13.050088584120196,-7.8718096782374065,-1.4779748609993038,0.7391509434119194,-0.6735398153437326
1769099858.2908716,13.05049805471257,-7.903977042218245,-1.4850167181299065,0.7367748811366029,-0.6761381327259576
1769099858.4914484,13.05077128713218,-7.933285682963103,-1.4846395108630899,0.7369023901403335,-0.6759991622816286
1769099858.6920702,13.05077128713218,-7.933285682963103,-1.4846395108630899,0.7369023901403335,-0.6759991622816286
1769099858.892835,13.061865966891855,-8.005264734273915,-1.4647648873383867,0.7435835096897223,-0.6686430767737856
1769099859.0935032,13.062078142705317,-8.018222042617799,-1.4689140875669775,0.7421947435029156,-0.6701842751935033
1769099859.2940023,13.062436138791286,-8.050617774765367,-1.4731427825518073,0.7407760831396685,-0.6717520336018723
1769099859.494791,13.062855428215991,-8.078532238102568,-1.4634049068271913,0.7440380085197887,-0.6681372926860967
1769099859.6955135,13.063642994367408,-8.12259098555721,-1.4584318875465856,0.745697036535229,-0.6662851714563196
1769099859.8959951,13.064294584361724,-8.145335973312026,-1.455237167908814,0.7467603818988671,-0.6650931754470634
1769099860.0966759,13.065584152382533,-8.177429568761838,-1.4353250802353548,0.7533449591285463,-0.6576255564951904
1769099860.4981275,13.066296069357621,-8.190014506192158,-1.417754493130186,0.7590932464560874,-0.650981906956528
1769099860.6988683,13.066296069357621,-8.190014506192158,-1.417754493130186,0.7590932464560874,-0.650981906956528
1769099860.8996015,13.07659925191325,-8.301817259015749,-1.3509313564378096,0.7804158654229411,-0.6252608071806212
1769099861.100189,13.095865838482101,-8.323683503572365,-1.3343347958612097,0.7855775251733538,-0.6187632438522093
1769099861.3008077,13.100512712277618,-8.352698811684451,-1.3122808435084692,0.7923527140955009,-0.6100632561181614
1769099861.501612,13.105567492020649,-8.381182614331383,-1.2910577185805647,0.7987817058272981,-0.6016209657547115
1769099861.7021646,13.111173294062663,-8.409099952448766,-1.2792261896927988,0.8023267558373965,-0.5968850616889643
1769099861.9028652,13.117950808260675,-8.440832006305921,-1.2687265793957199,0.8054492154943013,-0.5926647967102606
1769099862.1034622,13.12449240971709,-8.469246015535132,-1.2468949243484404,0.8118705274264024,-0.5838375173765172
1769099862.3041523,13.131513705030631,-8.497232499833087,-1.2277511012181477,0.8174216910645042,-0.5760397373248187
1769099862.5048687,13.139778096802026,-8.527692590062443,-1.2109070421148211,0.8222440674763133,-0.5691350397752787
1769099862.705554,13.14794004937328,-8.555974217192933,-1.1935087266845608,0.8271638888985249,-0.5619607645576947
1769099862.9062967,13.156441986037771,-8.583625953750971,-1.1726088307757032,0.8329910794395784,-0.5532864191122768
1769099863.1068802,13.169607796559252,-8.60400604042726,-1.151422938038541,0.8388051684535268,-0.5444317123162927
1769099863.3074944,13.179128928781358,-8.631136892831341,-1.137836850879559,0.8424841349149479,-0.5387211546028352
1769099863.508229,13.189341715665275,-8.65874469253613,-1.1176967559163655,0.8478662747831154,-0.5302101282372892
1769099863.708953,13.199741767067978,-8.68560465258255,-1.1017179321405954,0.8520752370137293,-0.523419325653913
1769099863.9096525,13.211761469610101,-8.714459461797071,-1.0763792137892116,0.858638063530236,-0.5125823600720635
1769099864.1102,13.223267142117944,-8.740892063579308,-1.0628528445103855,0.8620850889824699,-0.506763553695495
1769099864.3108032,13.23626148088464,-8.76971009142331,-1.049485741274287,0.865452789596402,-0.5009904879134992
1769099864.5114217,13.248141593564034,-8.794889423230773,-1.0295089612310657,0.8704136229192928,-0.4923211604598274
1769099864.7122753,13.26234266620252,-8.82330257182826,-1.0100614752490158,0.8751596029213358,-0.4838343408797787
1769099864.9128284,13.275748390163669,-8.849110641944822,-1.0028139168296055,0.8769071617158748,-0.480659785847962
1769099865.113598,13.28960148669629,-8.875140660467375,-0.9837805698112618,0.8814416657620258,-0.47229290684771597
1769099865.3142385,13.3096910242028,-8.899742949071575,-0.9799262544579911,0.8823502112909105,-0.47059335379378836
1769099865.5148401,13.323901666103446,-8.925232509951098,-0.9765109227373154,0.8831525405842887,-0.469085909039609
1769099865.715492,13.338101944235659,-8.950669905180902,-0.97900635740708,0.882566566670686,-0.4701874683518453
1769099865.9161413,13.353709096469796,-8.978684419173096,-0.9733149331579921,0.8839010095004739,-0.46767403755611997
1769099866.1167505,13.367835794895658,-9.003524032443854,-0.968656737980166,0.8849878695430621,-0.4656140792132816
1769099866.3175128,13.382418902323597,-9.029123229670905,-0.9675933258567371,0.8852353142616858,-0.4651434600034859
1769099866.518131,13.398351920929372,-9.056895333108658,-0.9640892894393037,0.8860488950117964,-0.4635917985128453
1769099866.7187145,13.41265428546628,-9.081282994509706,-0.9501561136257817,0.8892570205324345,-0.45740786114121096
1769099866.9195757,13.427465016912569,-9.106045806182497,-0.944182919889042,0.8906191454101847,-0.4547499728739215
1769099867.1201131,13.443971205956231,-9.13362870885546,-0.9491009052897167,0.8894982270457398,-0.45693862178906
1769099867.3207436,13.458654871067047,-9.158113765635383,-0.9458131051439764,0.890248186248025,-0.45547575883037034
1769099867.5215054,13.490469673544883,-9.183778761502442,-0.9584827468151892,0.8873449854689451,-0.461106144790023
1769099867.7221484,13.504514956016656,-9.208867392984933,-0.9834642071718447,0.881516362649587,-0.47215347333366275
1769099867.922943,13.522042165213831,-9.24205878950247,-1.0092245190268427,0.875362000365783,-0.4834680633874535
1769099868.12371,13.532020444799404,-9.261574671093568,-1.0170579007561211,0.8734616960375028,-0.48689286866341447
1769099868.3245974,13.548841723004642,-9.29572284108241,-1.0397199867010776,0.8678887376952701,-0.4967586325185609
1769099868.524766,13.558340089303051,-9.316317576127014,-1.0568670810228733,0.8635979091142542,-0.5041811691976293
1769099868.7255,13.572391368571317,-9.348073925962762,-1.08255520086085,0.8570511211753686,-0.5152313807330098
1769099868.9261816,13.584793614274435,-9.378057254097609,-1.0997073510600692,0.8526009948643263,-0.5225624781366924
1769099869.1268144,13.59548461439125,-9.40534728257355,-1.1211846686381026,0.8469403225830436,-0.5316879629848038
1769099869.3275304,13.62321685673,-9.42472978141949,-1.1403035303948381,0.8418190681025576,-0.5397598137865968
1769099869.5281157,13.633854301154347,-9.455143576551809,-1.1631735134362295,0.8355920165953941,-0.5493505090577806
1769099869.7287269,13.642862859392691,-9.482901499463141,-1.1846938182011664,0.8296326631486975,-0.558309631151747
1769099869.9295142,13.649599470989715,-9.504529404342472,-1.1910090431047111,0.8278656047053744,-0.560926501910727
1769099870.130218,13.660163372075191,-9.541021751516979,-1.2215012021668896,0.8192177920539847,-0.5734825273556243
1769099870.3307493,13.667494353542693,-9.569216275844694,-1.244884481433,0.8124570031424089,-0.5830211128637245
1769099870.5313509,13.67425062375591,-9.597371400823972,-1.2622283887328634,0.807370585123283,-0.590044691762995
1769099870.7320356,13.681168169582095,-9.628166336679671,-1.2754882326257753,0.8034409192595385,-0.5953844885948807
1769099870.93269,13.686963181794406,-9.656793972252986,-1.3031164130659683,0.7951398270710079,-0.6064261335113186
1769099871.133434,13.709456953610959,-9.682486417440284,-1.3198365604680866,0.7900423326251251,-0.6130522919460061
1769099871.3339844,13.71456506962783,-9.714042861945025,-1.3314365244666198,0.7864733719103537,-0.6176241861164105
1769099871.5347376,13.718735479522342,-9.74256798772632,-1.356047876306296,0.7788137337061902,-0.6272552655742504
1769099871.7352638,13.722172595227239,-9.771318052587148,-1.3797255469427827,0.771333357522966,-0.6364313408156047
1769099871.9360259,13.725366303835093,-9.802412669542827,-1.394812992172544,0.7665103942413752,-0.6422319016678723
1769099872.1366992,13.727700155407199,-9.830409917530279,-1.4151985291115865,0.7599245695052077,-0.6500112681041188
1769099872.3381295,13.729844847841967,-9.862760933152268,-1.4315325918976294,0.7545906225913899,-0.656195849039857
1769099872.5378878,13.73125545530219,-9.89165588305126,-1.443422457805635,0.7506762708251106,-0.6606702175973314
1769099872.738546,13.732614335856068,-9.920249849668359,-1.4397611020847285,0.7518844865890535,-0.6592948648569283
1769099872.9392586,13.73377604985628,-9.949359230320932,-1.455616579343406,0.7466341964844039,-0.6652348281923373
1769099873.1421232,13.74454773206803,-9.913959960544759,-1.4704719141613465,0.7416725029652257,-0.6707621771874867
1769099873.3421497,13.74454773206803,-9.913959960544759,-1.4704719141613465,0.7416725029652257,-0.6707621771874867
1769099873.5414207,13.746255719944202,-9.971288462091966,-1.4717470404938073,0.7412446989966902,-0.67123490389677
1769099873.7419631,13.74691090550488,-10.003780851835696,-1.4801707305015464,0.7384109952822948,-0.6743509487249283
1769099873.942498,13.747384972480864,-10.032631118745952,-1.4757754222460626,0.7398912010903397,-0.6727265496091964
1769099874.1444795,13.747906450594373,-10.060822370936894,-1.481980315774194,0.7378005453428853,-0.6750187814362953
1769099874.3451562,13.748245345282637,-10.092990558743791,-1.4917736463425084,0.7344863722922971,-0.6786234367577509
1769099874.5445,13.748327435132923,-10.121313195328533,-1.499598040652148,0.7318258496311316,-0.6814916916673837
1769099874.7461355,13.748298266413313,-10.153027380418607,-1.4996315559790245,0.7318144293199719,-0.6815039552629786
1769099874.9458885,13.748227517219185,-10.181501808420036,-1.5051490532212968,0.7299315488018385,-0.6835202513925606
1769099875.146448,13.74782358428066,-10.210910274977032,-1.515789748008666,0.7262846700379276,-0.6873940486125106
1769099875.3471355,13.765929202741233,-10.244490358091344,-1.5098677366846147,0.7283168608658006,-0.6852405053545696
1769099875.5478451,13.765419488829279,-10.27278306034628,-1.5180720475968343,0.7254997777389508,-0.6882224004642198
1769099875.7484899,13.764681876047586,-10.30198216118625,-1.5242121522153735,0.7233834832929203,-0.6904464759117835
1769099875.949164,13.76355020520784,-10.333422689234283,-1.528800862771206,0.7217974511982047,-0.6921043558913462
1769099876.1498919,13.762527375438273,-10.362005484557221,-1.5291309656411547,0.7216832085500371,-0.6922234801687412
1769099876.3504937,13.7612362207984,-10.394174583165848,-1.5400346891055101,0.7178985953485871,-0.6961476903621282
1769099876.5510707,13.75986348675429,-10.423426665745652,-1.5391383252196464,0.7182105240614893,-0.6958258712690416
1769099876.7518048,13.758476968806862,-10.452019450973793,-1.5444546793787368,0.716358360455032,-0.697732541455663
1769099876.9524796,13.75701751984056,-10.480760666354078,-1.545139111603438,0.7161195431948628,-0.6979776499676626
1769099877.1529744,13.755143356360069,-10.513281303821717,-1.556232727286453,0.7122369987210962,-0.7019390697580276
1769099877.3536603,13.753153502059478,-10.542143014278176,-1.5593949876546738,0.7111262518466045,-0.7030643312916676
1769099877.5544918,13.768004528273044,-10.58411405905897,-1.5635798545981168,0.7096535808269434,-0.7045507754729229
1769099877.755031,13.765650872199066,-10.613126010178316,-1.5832885702940809,0.7026763413597732,-0.711509634012951
1769099877.9556737,13.76272340980317,-10.641958467531534,-1.6045773602601223,0.6950630874552106,-0.7189487495345063
1769099878.1563962,13.759021615178034,-10.672997840935508,-1.619209068582987,0.6897848097684485,-0.7240144447541813
1769099878.357032,13.755309201484895,-10.701535403884483,-1.63510054527608,0.6840102663811222,-0.7294723815781008
1769099878.5577552,13.750833759999203,-10.730040299003809,-1.6683332607427601,0.6717952235189161,-0.7407369152790818
1769099878.7583318,13.745288123047516,-10.761110507191745,-1.6784774947430332,0.6680294939197166,-0.7441347964269426
1769099878.9589462,13.739983509588706,-10.78849336932697,-1.6983748036247874,0.660593417014755,-0.7507438560499645
1769099879.1595957,13.733297719579669,-10.819391882488032,-1.7169634479972407,0.6535873299111709,-0.7568511096507597
1769099879.3602738,13.743647682898064,-10.852865761121425,-1.7416262697707403,0.6442048316100102,-0.7648530152456211
1769099879.5608928,13.736602758093431,-10.880062127450303,-1.753658236181224,0.6395918589582622,-0.768714676557118
1769099879.7614167,13.728112455487285,-10.910697073525073,-1.7683126145330945,0.6339422224686652,-0.7733804099998199
1769099879.9621203,13.71973414732188,-10.938599169445988,-1.795180252190337,0.6234958805253171,-0.7818266348545305
1769099880.162766,13.710940988408522,-10.965840266480715,-1.814503173016407,0.6159133114392799,-0.787813932849566
1769099880.3635008,13.701554422994485,-10.99280251596044,-1.8388680770076204,0.6062703394768151,-0.7952586217518597
1769099880.5640154,13.689993450049469,-11.023527165435922,-1.8596113895905735,0.5979897299275685,-0.8015037634978102
1769099880.7646687,13.679567498669991,-11.050024345378173,-1.8682632958083132,0.5945168777020197,-0.8040831313536193
1769099880.9654257,13.668882927110907,-11.076881837164718,-1.8699023986664236,0.5938576906384665,-0.8045700984187439
1769099881.1660728,13.656853518628402,-11.107072409262543,-1.8700927357949597,0.5937811181681616,-0.8046266113589382
1769099881.366709,13.64603058366149,-11.134010904459155,-1.870322156275418,0.5936888153498638,-0.8046947188396822
1769099881.5672905,13.65827748144975,-11.166787574908604,-1.8736235185108,0.592359712749113,-0.8056736130169513
1769099881.7679965,13.646274800301558,-11.1968798387407,-1.87722539607957,0.5909077840525032,-0.8067391094685816
1769099881.9687538,13.635647403945102,-11.223351346705531,-1.8782024557757253,0.5905135974201512,-0.8070276892783244
1769099882.1694012,13.624093602253385,-11.252123838097528,-1.8756401696711669,0.5915470304413911,-0.8062704947943785
1769099882.370167,13.613524510544178,-11.278427872143848,-1.8767884536206207,0.5910840192342929,-0.8066099938668216
1769099882.5707898,13.599024987518671,-11.31430888817896,-1.8847149382655697,0.5878825945797933,-0.8089462621151855
1769099882.771439,13.590770370056516,-11.334586851232695,-1.881784603049269,0.5890672050073075,-0.8080840475995543
1769099882.9721353,13.576895312329137,-11.368945923709918,-1.8827401013189748,0.5886810763417687,-0.8083653817161499
1769099883.1728013,13.568397872535723,-11.389835583181867,-1.8827392445894313,0.5886814226169669,-0.8083651295458408
1769099883.3735092,13.554177448523166,-11.424655358235043,-1.8851975042093687,0.5876873925109378,-0.809088084625954
1769099883.5741484,13.555055702024903,-11.439184721642421,-1.8884112689072892,0.5863865249834048,-0.8100313841561244
1769099883.774892,13.541847672275097,-11.471629262498455,-1.8883840182897111,0.5863975618567112,-0.8100233943834613
1769099883.9754443,13.529334599802716,-11.502033556794334,-1.8921493264062546,0.5848715297174051,-0.8111259419634059
1769099884.1762505,13.520888058408838,-11.52256119065133,-1.8893500536682803,0.5860062378386441,-0.8103065402760848
1769099884.376772,13.507602309532112,-11.55486449450077,-1.8911064173998617,0.5852944154557225,-0.8108208478056939
1769099884.5774438,13.495345702476556,-11.584580636227575,-1.8940946420074365,0.584082305204399,-0.8116944380412591
1769099884.7788393,13.484156613325542,-11.611478810807348,-1.8941591951942789,0.5840561061688024,-0.8117132898055425
1769099884.9787722,13.473328838189746,-11.637704759241306,-1.889927839202097,0.58577212168968,-0.8104757994235058
1769099885.1794417,13.460870370630213,-11.667802989439966,-1.8953555865208194,0.5835704383292344,-0.8120625243835756
1769099885.380073,13.449531244697932,-11.694748167796359,-1.9000817473520883,0.5816498416961641,-0.8134392796360569
1769099885.5806873,13.449630860513166,-11.640697952538336,-1.9001402131111267,0.581626062275182,-0.8134562825882323
1769099885.7813835,13.43853330368759,-11.6668109117458,-1.8974016469470387,0.5827393685970634,-0.8126591095207731
1769099885.982067,13.427103166317144,-11.693635062136513,-1.9030640726516437,0.5804362252057286,-0.8143057094659994
1769099886.1827703,13.414272735592126,-11.723411371798818,-1.9025108547804632,0.5806614472330824,-0.8141451244693308
1769099886.383464,13.403146457541594,-11.74937449246868,-1.9020692856833927,0.5808411837429621,-0.8140169035518087
1769099886.584123,13.391452495155379,-11.77658129005936,-1.9048041630085044,0.5797275228499333,-0.8148104069354294
1769099886.7848084,13.379957033594353,-11.803157012815934,-1.9085846316995012,0.578186305472031,-0.815904771504986
1769099886.9854705,13.367199354678256,-11.83238552995956,-1.907410580168399,0.5786651629463518,-0.8155652206857966
1769099887.1861787,13.355757046520152,-11.85862564044716,-1.909750920137045,0.5777104170402259,-0.8162417987601519
1769099887.3868163,13.342878193501603,-11.887800985869637,-1.914182629592596,0.5759003269895259,-0.8175199161937018
1769099887.5875568,13.331296523666698,-11.914118178168103,-1.9092788626019666,0.5779030574922103,-0.816105419747446
1769099887.7881935,13.331708607093823,-11.932646014227252,-1.915796406996782,0.575240492001469,-0.8179843374795803
1769099887.988838,13.318674790549371,-11.962278605801828,-1.918013471637777,0.5743333766710734,-0.8186215074389402
1769099888.1895773,13.30679881246899,-11.988991410060379,-1.926716965389237,0.570765516059449,-0.8211131016354513
1769099888.3902187,13.295153088192198,-12.015086399780472,-1.9207790033961953,0.5732008660687951,-0.8194148931633982
1769099888.590849,13.28341243597519,-12.04144395239943,-1.9229460504397085,0.5723126744561711,-0.8200354886569391
1769099888.7915065,13.270120563153204,-12.071128155711387,-1.9240445960358774,0.5718621649578983,-0.8203497207226108
1769099888.992117,13.25838546934848,-12.097294126123284,-1.9256063057326338,0.571221416624225,-0.8207960119236773
1769099889.192779,13.246664013796911,-12.123466200411762,-1.9201289903308936,0.5734671509839486,-0.819228555863596
1769099889.3934793,13.233783636211509,-12.15236394291679,-1.9253133217064324,0.5713416505547466,-0.820712323741625
1769099889.5940275,13.22167321068775,-12.179249162065593,-1.9264585778256038,0.5708715940027203,-0.8210393554274932
1769099889.7947314,13.210126598842487,-12.205111290534166,-1.9196125417658867,0.5736786765683103,-0.8190804454086498
1769099889.9952886,13.19321978930948,-12.235425623079974,-1.9226627464585224,0.5724288283732988,-0.8199544112005084
1769099890.1960144,13.181248992498185,-12.262096168371936,-1.9269017778012578,0.5706896376762727,-0.8211658404055326
1769099890.3966284,13.169247242933055,-12.288419348450898,-1.9316363778423904,0.5687440944782416,-0.8225145317841656
1769099890.597348,13.156121562359639,-12.317262128980454,-1.9282300564296144,0.5701441433381094,-0.8215446767019147
1769099890.7980738,13.14397115581961,-12.343879096040121,-1.9334246314680237,0.568008434934588,-0.8230227322760654
1769099890.9987206,13.131950892385023,-12.370138152361813,-1.929732458611361,0.5695268372717724,-0.8219727377639796
1769099891.1993399,13.118856753076967,-12.398884073668246,-1.9285517860801444,0.5700119783208641,-0.8216363822097551
1769099891.4000168,13.106844602937848,-12.425174663661833,-1.9303884446030082,0.5692572053411828,-0.8221594943605203
1769099891.6007261,13.094664314456846,-12.45172232402137,-1.9359120870301036,0.5669843796475625,-0.8237285434144362
1769099891.8013744,13.081294008826905,-12.480703579137225,-1.930951640201235,0.5690256644698252,-0.822319763337033
1769099892.002079,13.06950699245962,-12.50648482328358,-1.9311665801222726,0.5689372865114314,-0.8223809117537988
1769099892.2028778,13.101984499929708,-12.534461032331132,-1.9432725266067299,0.5639490447861049,-0.8258095875471777
1769099892.4034684,13.088369144156346,-12.563747192800477,-1.947493477676902,0.5622049392045311,-0.8269979482042441
1769099892.6041715,13.076203107713315,-12.589547872930826,-1.9499175219984242,0.5612021866709733,-0.827678745453644
1769099892.804997,13.06384884293125,-12.615483428566487,-1.9627263622844864,0.555889911215643,-0.8312559212472802
1769099893.005521,13.049427371597794,-12.644493368901424,-1.9854748304121168,0.5463992574267498,-0.8375248363383001
1769099893.2061775,13.03646830823925,-12.669191613120141,-2.005028316223728,0.5381850093724482,-0.8428267293381112
1769099893.4070058,13.022670137490204,-12.694416941627857,-2.0276025898192254,0.5286378288992539,-0.8488474809155548
1769099893.6076007,13.006592215566718,-12.722718020658855,-2.0372797675291685,0.5245244327578049,-0.851395395477391
1769099893.8082693,12.991779060013656,-12.747509050854234,-2.063918887709711,0.5131380285061186,-0.8583061014002252
1769099894.0087864,12.976699926630355,-12.771781126770023,-2.0777008716127527,0.5072113115500437,-0.8618217248571102
1769099894.2093987,12.947324038293567,-12.809005308857177,-2.097062677482419,0.49884446169836066,-0.8666915270341996
1769099894.4100323,12.930863343446054,-12.833163533364388,-2.107291041479459,0.4944055392253616,-0.8692313632073335
1769099894.6107664,12.914558295362157,-12.856600319805711,-2.1204089334543226,0.488693703972324,-0.8724554221837415
1769099894.8114572,12.89589175699264,-12.882333443994005,-2.144257814942397,0.47825566371149764,-0.8782206557169302
1769099895.012002,12.878194405628998,-12.905507391139313,-2.1710952621466095,0.4664283599038562,-0.8845589777269793
1769099895.2125912,12.860643040130384,-12.92783120812366,-2.1779324480425633,0.46340169319092517,-0.8861483345060147
1769099895.4133286,12.840524967692375,-12.952835846105188,-2.1960591714074575,0.45535128746190956,-0.8903118582871855
1769099895.614057,12.821758581370638,-12.974919168304703,-2.2239153555862616,0.4429071763525764,-0.8965674727176911
1769099895.8146918,12.80231334971851,-12.996781929336239,-2.2422479250142144,0.43467049214309883,-0.9005895642633642
1769099896.015262,12.781029038581437,-13.020086754810885,-2.251361837977157,0.43056204575090423,-0.9025609811856461
1769099896.216063,12.755700068768178,-13.030158230268135,-2.28376939074512,0.41588126596307223,-0.9094189203117298
1769099896.4166446,12.735247026074633,-13.050725301522302,-2.3023349718492305,0.40742152368455314,-0.9132402214305703
1769099896.617407,12.71254347465729,-13.07279622448566,-2.3221977276106367,0.39833184675463984,-0.9172413749177684
1769099896.8180788,12.69136525476678,-13.092652569284178,-2.341467714042291,0.3894758800206723,-0.9210366653299547
1769099897.0187635,12.669979457777842,-13.111871148583255,-2.3662835042694916,0.37801806625445095,-0.9257982186120502
1769099897.2197673,12.64118993931677,-13.13650473958655,-2.3844131161025226,0.36961046911691303,-0.9291867956009574
1769099897.4201038,12.62384832093783,-13.15080238908237,-2.4032284656184535,0.36085275495171165,-0.932622801160126
1769099897.620797,12.600611109081878,-13.169119315848468,-2.4235963742280733,0.3513364187484389,-0.9362492835036093
1769099897.8216283,12.570328762512522,-13.192144018927891,-2.4425426448494796,0.3424515708563871,-0.9395354818302462
1769099898.022269,12.552307908534093,-13.205320303507735,-2.454267542869376,0.33693773882730743,-0.9415269301267708
1769099898.2228544,12.55302698684663,-13.229339033393718,-2.4882345197039943,0.32089950400942024,-0.9471132500004992
1769099898.423431,12.529406703993635,-13.24501111641866,-2.497774934867328,0.3163779433297091,-0.9486332257382003
1769099898.6241205,12.510607646179613,-13.257144190114412,-2.508541680024799,0.3112665374855094,-0.9503226518618726
1769099898.8250525,12.4775881728039,-13.277422716944637,-2.540292881843737,0.2961410038991861,-0.9551442329876584
1769099899.0256047,12.45226228376719,-13.29207479472839,-2.5607569737417744,0.2863525926790835,-0.958124309610171
1769099899.2262042,12.433179784768528,-13.302754948094767,-2.570006820742741,0.28191829431682586,-0.9594384166425126
1769099899.4269977,12.399033405345572,-13.321235150095658,-2.59029562079314,0.27217102833246415,-0.9622488926137817
1769099899.6276603,12.37318903857767,-13.33440367973299,-2.6154384837371043,0.2600529941577529,-0.9655943455870005
1769099899.8284047,12.347310272766215,-13.346993668022474,-2.627620020854693,0.2541669952019637,-0.9671603478999772
1769099900.0289524,12.321289558435089,-13.35910666044204,-2.6524184214215984,0.24215575002758727,-0.9702373898838246
1769099900.2298408,12.318398998406863,-13.392180953709556,-2.6818222777725462,0.2278657333577415,-0.9736925631642355
1769099900.4305272,12.29198876975813,-13.403224045241624,-2.6974389676568293,0.22025593673529906,-0.9754421163415367
1769099900.6311426,12.265910327002018,-13.413605941539878,-2.7216592980668226,0.20842730955095645,-0.9780378605316615
1769099900.8318682,12.235275999731309,-13.425045670629423,-2.737025476086138,0.20090687985512842,-0.979610343772909
1769099901.0327036,12.20815701179659,-13.434675151651247,-2.750549841542756,0.19427803276441113,-0.9809465051597821
1769099901.233336,12.181152365943499,-13.443783226317908,-2.7718092529799967,0.18384008075326336,-0.9829561662193456
1769099901.4339576,12.151095432033914,-13.453158025666475,-2.799125695233873,0.1703979183438262,-0.9853753342884582
1769099901.6348,12.120796141484403,-13.461722432638576,-2.8203318171045675,0.1599405410033767,-0.9871266501029882
1769099901.835408,12.094113172281,-13.468928555802096,-2.8267404537782457,0.15677665728402332,-0.9876340819001984
1769099902.0361779,12.046084405189232,-13.491387203636847,-2.847097271140997,0.1467161665828153,-0.9891786322314304
1769099902.2367647,12.017455779288166,-13.497781855801723,-2.8641799314075707,0.13826201629782098,-0.9903956860009342
1769099902.437445,11.989754241158385,-13.503429031464728,-2.8803800686132437,0.1302352952845383,-0.9914831152683081
1769099902.6382923,11.958203757546807,-13.50944362523379,-2.893214238193607,0.12387022626321374,-0.9922984264048292
1769099902.8388739,11.929329264561563,-13.514166938063209,-2.9318770783873527,0.10466573859661286,-0.9945074575708447
1769099903.0396652,11.900651221136018,-13.51815433824064,-2.941395315769402,0.09993159213733005,-0.9949943099801618
1769099903.2402904,11.869224160036405,-13.522009852882457,-2.9608987786395993,0.09022407710844323,-0.9959214908364663
1769099903.4412918,11.840091188615542,-13.524978225741735,-2.979020753780856,0.08119646459873472,-0.9966981158488595
1769099903.641788,11.811080582506474,-13.52734555159192,-3.000414648596036,0.07053039520104876,-0.9975096307067837
1769099903.8424017,11.77955652662748,-13.5293496219476,-3.0140516297677884,0.06372729834040347,-0.9979673498898816
1769099904.0431185,11.764074662186033,-13.546664636801314,-3.0479331604762065,0.046812631964778355,-0.9989036877940386
1769099904.2437222,11.735081714374191,-13.547521281165162,-3.048070374073259,0.04674410027060546,-0.9989068971079795
1769099904.4443893,11.703379916171118,-13.548409080687858,-3.04255533179397,0.04949842594592259,-0.9987742016236082
1769099904.6450648,11.674945479296579,-13.549324908754313,-3.0456383346392935,0.047958755893219,-0.9988493168307093
1769099904.8455718,11.645448159375539,-13.55026347203478,-3.0465412900309925,0.04750779283270824,-0.9988708673398001
1769099905.046215,11.616710251278583,-13.551194855500366,-3.038964846416576,0.05129138730178961,-0.9986837305116459
1769099905.2469969,11.584766206348151,-13.552417427979682,-3.035330873897649,0.05310589625154527,-0.9985888862706815
1769099905.4476674,11.55578364317849,-13.55358504321992,-3.0352915232619306,0.05312554379501289,-0.9985878412020067
1769099905.6482623,11.526865518663305,-13.554415513650278,-3.057526977750936,0.042020462027044736,-0.9991167503205187
1769099905.8487685,11.495861391962144,-13.554716610918412,-3.0740791503059213,0.03375034093459993,-0.9994302949614837
1769099906.0494525,11.467439865757381,-13.554404237324286,-3.101049799001391,0.02027003896387408,-0.9997945416536355
1769099906.2500582,11.441400288567717,-13.561995179004645,-3.137777148786923,0.0019077512442183847,-0.9999981802409393
1769099906.4507077,11.412964979115902,-13.560505761417678,3.127966175882456,0.0068131861417790604,0.9999767899779461
1769099906.651317,11.384008069131088,-13.558434589256064,3.1045381004557737,0.018526216639780105,0.9998283749209241
1769099906.8518014,11.352012078638511,-13.55537658393963,3.0774219328249193,0.032079855511264584,0.999485308981766
1769099907.0524337,11.323201401045837,-13.552024149990066,3.075083649187388,0.03324837339216964,0.9994471199952376
1769099907.253104,11.295143227764989,-13.548766097172093,3.072712442667589,0.03443329751025871,0.9994069981857091
1769099907.4536092,11.262843656374516,-13.544950185581172,3.0769291367714517,0.03232612574283925,0.9994773742283805
1769099907.6544132,11.233842710203298,-13.5414736147925,3.072048230278826,0.03476520486006106,0.999395507559964
1769099907.854912,11.206023236848415,-13.53813640740977,3.072181378068954,0.03469867113142129,0.9993978198003604
1769099908.0555584,11.174260006984724,-13.534526598492665,3.0776388098361016,0.03197147262959863,0.9994887817969218
1769099908.2562883,11.144945806119914,-13.531113282533445,3.0770433108673245,0.032269068477422023,0.9994792180028554
1769099908.4570065,11.15258883276129,-13.526098593047287,3.0729465007510806,0.03431633763141823,0.9994110210376742
1769099908.6574962,11.121501941751555,-13.522592438074668,3.072836106339235,0.03437150227504366,0.9994091253492519
1769099908.8580985,11.092351927886973,-13.519302284290315,3.071133800679789,0.03522213962701713,0.999379507934846
1769099909.0587554,11.061201654957195,-13.515682808807204,3.070274728814859,0.035651405773382085,0.9993642865674066
1769099909.2593472,11.03308746499488,-13.51246908351635,3.0764822271215864,0.03254946297560802,0.9994701258466906
1769099909.4599159,11.0044583462846,-13.509304443093187,3.0759287130485564,0.03282607211563724,0.9994610792769566
1769099909.6606877,10.971712535628894,-13.505599836013936,3.0725655007757147,0.03450672479479042,0.9994044656413822
1769099909.861279,10.943661193482438,-13.502506126818373,3.0710352171045003,0.03527140078668904,0.9993777705585335
1769099910.0618694,10.91525245823318,-13.499419662599395,3.0798190175450517,0.030881907275575885,0.999523040156165
1769099910.2625616,10.883040858228744,-13.495953047136474,3.071776387046279,0.034901043991188714,0.9993907729853849
1769099910.465891,10.912212044579476,-13.49985143805206,3.0634129569027437,0.03907989411686192,0.9992360891580202
1769099910.8644047,10.852662897315893,-13.493516725443117,3.0719917949041498,0.03479340547617603,0.9993945261684049
1769099911.0649877,10.823789262831488,-13.490494224405428,3.0698727092795073,0.0358522870348496,0.9993571000970428
1769099911.265559,10.792419588205993,-13.487248147894105,3.0795809359934694,0.03100089105460699,0.999519356868
1769099911.4661944,10.76430379373251,-13.484533101055776,3.084916608583656,0.02833422987780004,0.9995985051095425
1769099911.6668425,10.735536226104642,-13.481720274564363,3.07762585453391,0.03197794696853041,0.9994885746759079
1769099911.867402,10.704132065453631,-13.4785632799521,3.080082361448671,0.030750297858672546,0.9995270977725431
1769099912.0680473,10.675660243122955,-13.475848176266338,3.090407397621387,0.025589834287995793,0.9996725265711331
1769099912.2688363,10.64370804555399,-13.472835014681324,3.0832076214696733,0.02918836991180085,0.9995739287625963
1769099912.4694045,10.614854203309982,-13.470126216959354,3.0789518543704055,0.03131527914552319,0.9995095563785461
1769099912.6700613,10.571689766583692,-13.46977564300733,3.097344764281624,0.022122139867679247,0.9997552755188016
1769099912.8707466,10.533995818012041,-13.466461517577414,3.0912658344510113,0.025160754086796615,0.9996834181148468
1769099913.0713532,10.51146176439798,-13.464404648913394,3.089553698239693,0.026016541852710653,0.9996615124881152
1769099913.2719018,10.480633323018557,-13.46160892160285,3.091557055658626,0.025015189314448308,0.9996870711895609
1769099913.472697,10.443446393935313,-13.458306785016406,3.0979764327788075,0.021806381813353783,0.9997622125846777
1769099913.6733031,10.414416542286116,-13.45586315251324,3.0958705196901577,0.022859075694780687,0.9997386971896108
1769099913.8738406,10.385018646300052,-13.45326804055283,3.0963112733153264,0.022638755913973897,0.9997437105231858
1769099914.0746098,10.353615002592365,-13.450660143047804,3.099319593370813,0.021134956343606574,0.9997766318635147
1769099914.2752023,10.324789509781818,-13.448202279526726,3.094842524590039,0.023372935893599872,0.9997268156190038
1769099914.4757845,10.302121086920263,-13.446227479707273,3.0930023408725758,0.02429276637442067,0.999704887205158
1769099914.6763732,10.272443333591307,-13.443106116711714,3.095157324574263,0.02321557861182756,0.9997304821349192
1769099914.87706,10.243737913647765,-13.441064350464655,3.1203556726336856,0.010618290935903914,0.9999436243596939
1769099915.0776103,10.214652052527471,-13.439419274427674,3.1293919400022325,0.006100318957045554,0.9999813928811987
1769099915.2782757,10.185323770439556,-13.438052320565237,3.139390978261911,0.0011008374416005475,0.99999939407828
1769099915.4788358,10.154358710844637,-13.437084081028534,-3.124573054895761,0.008509696638811614,-0.9999637918760436
1769099915.679706,10.131784973503661,-13.436713361566653,-3.1139889530719516,0.01380141207488909,-0.9999047559766575
1769099915.880292,10.09316606788051,-13.436105604993228,-3.1256826942647558,0.007954895762009561,-0.9999683593161414
1769099916.0808666,10.064216485343465,-13.435525719866808,-3.1227341799356885,0.009429097101302167,-0.999955545075807
1769099916.2816536,10.035973234516412,-13.43508667598827,-3.118643576056828,0.01147428696887281,-0.9999341682023651
1769099916.4823227,10.004186845532505,-13.434597008013531,-3.122903650300576,0.00934436565200519,-0.9999563404622032
1769099916.6828985,9.975996362903107,-13.434039179680385,-3.1276817115039552,0.006955414960422257,-0.9999758108088057
1769099916.8836248,10.011070945920139,-13.432402688607244,-3.118404639717101,0.011593747191763577,-0.9999327902544518
1769099917.0843408,9.980071951787233,-13.431762885763114,-3.117345427208879,0.012123316200493795,-0.9999265099017541
1769099917.2848997,9.951254229605789,-13.43095716622236,-3.1269493134337885,0.007321604662896122,-0.9999731966933715
1769099917.4855258,9.920162608060673,-13.429986799089875,-3.131720572086308,0.0049360207077408695,-0.9999878177755831
1769099917.6862485,9.892381321806312,-13.429237517268138,-3.1241987648514664,0.008696834734677772,-0.9999621818176914
1769099917.8868167,9.859944600404601,-13.42836789587465,-3.127800815048432,0.006895864616394896,-0.9999762232429291
1769099918.0876858,9.83080347967436,-13.42738040662378,-3.1331758616850447,0.004208383530184841,-0.9999911447148234
1769099918.2881796,9.802218802389358,-13.426412671531082,-3.1285457512248227,0.0065234049145546395,-0.9999787223677916
1769099918.488769,9.77360789178199,-13.425472254429241,-3.1355677237029758,0.0030124603870851753,-0.9999954625309138
1769099918.689317,9.741158906572007,-13.424210485473402,-3.1396234528873315,0.000984600192146085,-0.9999995152811133
1769099918.890037,9.712708893888612,-13.423029925980435,-3.1402330482940495,0.0006798025955121626,-0.9999997689341888
1769099919.0906444,9.675612049739263,-13.439609063940324,-3.1360472330051983,0.0027727067395686023,-0.9999961560412801
1769099919.2912104,9.647284936695087,-13.438522380529871,-3.1410106374993925,0.00029100804109301705,-0.9999999576571591
1769099919.491959,9.61787842809696,-13.43719279192183,3.140444896045181,0.0005738787408061267,0.9999998353315819
1769099919.6926386,9.586573843454008,-13.43582023470519,3.141232149483741,0.00018025205205004764,0.9999999837545988
1769099919.8932087,9.557646849930734,-13.434537352387641,3.139264041183395,0.0011643059401417253,0.9999993221956092
1769099920.093897,9.528905682151704,-13.433074767705794,3.1276870991692327,0.0069527211929199225,0.9999758295419012
1769099920.2945738,9.497160939310417,-13.431376976588385,3.130807666584386,0.005392467368034377,0.9999854605421444
1769099920.4952347,9.468845721942888,-13.430012304842489,3.1370780762729917,0.002257286741454495,0.9999974523250381
1769099920.6958952,9.43757773041685,-13.428404933689885,3.127765866834135,0.0069133383070121845,0.9999761025911833
1769099920.8965745,9.40659622797141,-13.426654863381664,3.1274797459682024,0.007056395249971564,0.9999751033331161
1769099921.0971098,9.378594417358423,-13.425112659171806,3.1303584509532585,0.0056170717800122635,0.99998422412787
1769099921.2979434,9.34782328225995,-13.416611011458405,3.1285015920973556,0.0065454840068954745,0.9999785780901086
1769099921.4985883,9.316496954646654,-13.414688137545628,3.1180394078485114,0.011776350658155478,0.9999306563783191
1769099921.6991475,9.287497746023169,-13.412862836267964,3.126682381722743,0.007455066875486041,0.9999722106028157
1769099921.8998995,9.256773415703718,-13.41104966082177,3.125041339979823,0.008275562343519798,0.999965756947656
1769099922.1006296,9.228225006822312,-13.409315094988482,3.119182450040612,0.011204867301266939,0.9999372235039363
1769099922.3011909,9.196777648431992,-13.407301027120056,3.12210299358845,0.009744675770447611,0.9999525195198664
1769099922.501802,9.169042079313348,-13.405544677904984,3.1279427008272744,0.006824923396471953,0.9999767099391027
1769099922.702545,9.13766551111915,-13.403614500903476,3.1198541601070398,0.010869032726222042,0.9999409303191845
1769099922.9031422,9.108778935747056,-13.401617710587804,3.1131500912236767,0.014220801824453028,0.9998988792850353
1769099923.1038213,9.077946892115579,-13.39950580204687,3.120984878871972,0.010303705032429014,0.9999469154223162
1769099923.3047752,9.056472253285037,-13.418144025278982,3.1201622844743335,0.010714979514599486,0.9999425929592167
1769099923.5050921,9.028285709009419,-13.416301158935928,3.116775563237197,0.012408226750676933,0.9999230149911061
1769099923.7057335,8.996446412853315,-13.414079733394292,3.1184058861122823,0.011593124036055634,0.999932797479453
1769099923.9064426,8.968591736538901,-13.412205776899032,3.122843266996575,0.009374555981588636,0.9999560578846193
1769099924.107119,8.940106920180565,-13.410270871370498,3.1157875176249106,0.012902209990209688,0.9999167630244872
1769099924.3076165,8.907695621293527,-13.407886526037267,3.111725366771103,0.014933088347675582,0.9998884952195423
1769099924.5082836,8.879853026056917,-13.405840515643753,3.1166866982954073,0.012452655788674518,0.999922462675886
1769099924.7090533,8.849022788147549,-13.403703000126066,3.119973218853965,0.010809506849917088,0.999941575574124
1769099924.9095995,8.820618953690007,-13.401697177915961,3.11269358109324,0.014449033435919656,0.9998956072674625
1769099925.1102157,8.789170292227311,-13.39933792029829,3.112632837082072,0.01447940226421788,0.9998951679601572
1769099925.3110354,8.758773812882314,-13.397164304546903,3.113799464134061,0.013896147457903855,0.9999034438813721
1769099925.5116198,8.725991862765559,-13.388819481595553,3.1175080180251946,0.012042026726772001,0.999927492167463
1769099925.7122211,8.694046050463518,-13.386322864892415,3.114048590249852,0.013771596319849902,0.9999051670707593
1769099925.9129922,8.665732592600678,-13.384126541646898,3.124083419970924,0.008754504979386842,0.9999616785870176
1769099926.113688,8.635011883191837,-13.381875817182994,3.122442269962455,0.009575045498549492,0.9999541582011151
1769099926.31438,8.60654581915032,-13.37968318241504,3.1137596753368997,0.01391603993280742,0.9999031672280014
1769099926.5149734,8.575763665801567,-13.377239484010614,3.1157888243949943,0.01290155665955088,0.9999167714543848
1769099926.7156878,8.547649690339584,-13.375088535240414,3.1174938476205,0.01204911141508429,0.9999274068221687
1769099926.9162054,8.515574923581221,-13.372616581186698,3.1173171155725035,0.012137470977154041,0.999926338186108
1769099927.116918,8.487525963462726,-13.37028710541739,3.1107047850652005,0.015443320334349636,0.9998807448176261
1769099927.3176446,8.456044078622085,-13.367704313490144,3.116084393898135,0.012753784067541282,0.9999186671884661
1769099927.5182033,8.427530257917335,-13.365472178311304,3.113924145978337,0.013833812528200916,0.9999043082370106
1769099927.7189054,8.413485421480262,-13.362221102067306,3.113983933216707,0.013803921763412195,0.9999047213329626
1769099927.9196105,8.375401548645856,-13.359008343331661,3.115286297985661,0.013152798542044633,0.9999134982039758
1769099928.120232,8.353001785775126,-13.357160019951287,3.115144763084217,0.013223559838261041,0.9999125649101545
1769099928.320899,8.324829641780985,-13.354784687206418,3.1125182085713767,0.014536710487382056,0.9998943364417092
1769099928.5216126,8.28609266731919,-13.351198543198509,3.1046414716767163,0.0184745398751333,0.9998293311242685
1769099928.7222962,8.264011428547725,-13.349192547211993,3.105092410524899,0.018249108463975032,0.9998334711542068
1769099928.922891,8.22602617808823,-13.345725004138865,3.1013912442445832,0.020099351124097185,0.9997979876376979
1769099929.1236565,8.2039279356638,-13.343628697481416,3.101667108305232,0.0199614467669879,0.999800750471297
1769099929.3241775,8.165964601192657,-13.339928882275036,3.1041452458080667,0.01872260989311075,0.999824716577256
1769099929.5248604,8.137465511200718,-13.337232605147438,3.1030854781978063,0.01925239816516413,0.9998146554061358
1769099929.7256217,8.128592868840983,-13.364831233468706,3.0910749582952084,0.025256161835999186,0.9996810122680704
1769099929.926201,8.099669889389284,-13.361796433754309,3.0972869181233373,0.022151055859379862,0.9997546352602296
1769099930.126795,8.068072747908749,-13.3585360769131,3.099959826056069,0.020814910427338736,0.9997833462825343
1769099930.327586,8.038790295504725,-13.355530386485993,3.094763402852158,0.023412485936828535,0.999725890183033
1769099930.5281816,8.007481088902342,-13.352194468754181,3.093469651730944,0.02405917923893857,0.9997105360524858
1769099930.7287347,7.978991308584279,-13.349152967469529,3.096866935290493,0.022360995261379028,0.999749961685881
1769099930.9294724,7.957037777437258,-13.346879587364924,3.0975906044337114,0.021999249706371272,0.9997579872210858
1769099931.130106,7.918740216923515,-13.342720242515025,3.09040733629117,0.025589864943062226,0.9996725257864176
1769099931.3306391,7.890996048660321,-13.339612458943098,3.0906026241091618,0.025492252888092586,0.9996750197152521
1769099931.5314245,7.860146613010556,-13.336262722389579,3.096351872479517,0.022618461529784892,0.9997441698744862
1769099931.7321312,7.832284353216138,-13.333304205691151,3.0922097746654695,0.024688930611918916,0.9996951818955815
1769099931.9327056,7.8106661638699295,-13.33931013803842,3.0806236932609234,0.03047975882797558,0.9995353842169813
1769099932.1333625,7.782493623396951,-13.336161470957956,3.0853709525237747,0.028107148386955383,0.9996049160591166
1769099932.3341417,7.753614855189472,-13.332951173594774,3.0821407877415594,0.02972155532445425,0.9995582169884331
1769099932.5347705,7.72233456020291,-13.329354306969016,3.0783955530219567,0.03159329218754167,0.9995008073477243
1769099932.735352,7.6945415486653435,-13.326008907897506,3.0774898387010343,0.032045920029994984,0.9994863976110085
1769099932.9361017,7.662757522788493,-13.322362843714975,3.087541127238488,0.027022473396155416,0.9996348262898578
1769099933.1367564,7.633824193792755,-13.319424010467326,3.098816115811913,0.021386638220289488,0.9997712796963286
1769099933.3373332,7.60456344226722,-13.316715202082753,3.1097496346722506,0.01592083679821423,0.9998732554457312
1769099933.5381138,7.573374415791466,-13.314290929836249,3.1345164433976875,0.0035380977142802066,0.999993740912694
1769099933.7387965,7.545703632596934,-13.312737812036461,-3.132765427827668,0.00441359855156246,-0.9999902600264793
1769099933.9396234,7.513386491409916,-13.311364274081184,-3.1215374690222104,0.010027424234545279,-0.999949724117778
1769099934.140053,7.496720518284156,-13.304750264258843,-3.1226008390022395,0.009495764583190779,-0.9999549142111261
1769099934.3407502,7.469040709443853,-13.304004859993467,-3.123696906075779,0.00894775435639435,-0.9999599680447101
1769099934.5414133,7.436907547988966,-13.303147937800228,-3.1249759092646805,0.008308276576382827,-0.9999654856745458
1769099934.7420738,7.408015069444031,-13.302305584993004,-3.13079415708669,0.005399222018548734,-0.9999854240945687
1769099934.9427342,7.375986341255408,-13.301339527175832,-3.1244119886567376,0.008590226814687945,-0.9999631033209536
1769099935.1434252,7.348380028576497,-13.300685958375057,-3.1184523704433382,0.011569883429330581,-0.9999330666586798
1769099935.3440237,7.3163201769260535,-13.299936918758181,-3.122462177757762,0.009565092056726425,-0.9999542534606003
1769099935.5446472,7.288689662013849,-13.299241421719598,-3.121409520179286,0.01009139541907352,-0.9999490805728539
1769099935.74539,7.257440141009889,-13.298484294668,-3.1229538398161094,0.00931927198692437,-0.999956574641936
1769099935.9461231,7.228569187034253,-13.297782423867378,-3.125844261257912,0.00787411479560764,-0.9999689986775518
1769099936.1467514,7.199222921465496,-13.2968749573022,-3.1321677918502946,0.004712413428272943,-0.9999888965181969
1769099936.3473368,7.132774471602106,-13.299891999305807,-3.124362240004628,0.008615100220302745,-0.9999628893354964
1769099936.5480394,7.104871126437431,-13.298997599578628,-3.122860949809891,0.009365714963074544,-0.9999561407297974
1769099936.748706,7.072744820613771,-13.297913935319329,-3.1266689234015153,0.007461795848931723,-0.9999721604138332
1769099936.94943,7.044065180539375,-13.29677121203267,-3.1285525617266683,0.006519999736049707,-0.9999787445758245
1769099937.150087,7.012351827586562,-13.295476273735956,-3.13079367105328,0.005399465031711368,-0.9999854227824381
1769099937.3507328,6.984638087390709,-13.294256806521295,-3.1376271443349535,0.0019827533282809943,-0.9999980343426876
1769099937.5514984,6.953471732831883,-13.2926413555009,3.138400064745411,0.0015962937442566465,0.9999987259223294
1769099937.7521133,6.92279202101807,-13.290931900809632,3.1411188577932907,0.00023689789603546132,0.999999971939693
1769099937.9528646,6.895112822000813,-13.289520148966377,-3.139842928161637,0.0008748626024769613,-0.9999996173076402
1769099938.1534333,6.86422801389016,-13.287856260613843,3.133708872532298,0.003941880320243982,0.9999922307595899
1769099938.3542073,6.833608218392203,-13.28599114044519,3.126885561261927,0.007353479890717338,0.9999729628012434
1769099938.5548375,6.931344658320484,-13.281293654813211,3.0934529929711316,0.024067506206954938,0.9997103356197625
1769099938.7555542,6.903261579969733,-13.279421267791507,3.0892615131203884,0.026162584683700505,0.9996577009970303
1769099938.9563646,6.873961877116023,-13.277171853431902,3.077877529900759,0.03185217338882868,0.9994925907931524
1769099939.1569965,6.843053349494947,-13.274719841414468,3.0821388109969683,0.029722543260089204,0.999558187611983
1769099939.357541,6.812167114689736,-13.272307676381011,3.0773089812645824,0.032136302172666636,0.9994834956529632
1769099939.5582461,6.783790045857788,-13.269954635803218,3.070847565336878,0.03536516813388312,0.9993744567892768
1769099939.758871,6.752101657331379,-13.267114774056196,3.0651983170275106,0.03818788052997857,0.9992705768612564
1769099939.959554,6.724250297845306,-13.26456056153712,3.0624619790730225,0.039555015364900865,0.9992173941437781
1769099940.1602705,6.6952702058854285,-13.261842571040292,3.0603969500909405,0.04058670053621429,0.9991760203986001
1769099940.360896,6.663540957899928,-13.258631201781753,3.052447649363354,0.04455774482187382,0.9990068104754786
1769099940.5616534,6.635491286559832,-13.255762051586855,3.060494185483727,0.04053812285186333,0.9991779924496171
1769099940.7623265,6.6123721327634435,-13.25829300129104,3.069292693029058,0.036142107202142955,0.9993466606173199
1769099940.963051,6.584070172243721,-13.255402635350475,3.063833919701448,0.03886957264241874,0.9992442926144716
1769099941.163649,6.552311443386491,-13.251986126853536,3.0613062048002053,0.04013244360654431,0.9991943689644011
1769099941.3642623,6.524053522516776,-13.248918756332191,3.061472044391076,0.04004959047599547,0.9991976933033347
1769099941.5650203,6.492133726033377,-13.245345520725301,3.0557656945145015,0.042900309411051926,0.9990793579353123
1769099941.765528,6.4635291831465,-13.241965816826921,3.0515686995970603,0.04499677890613732,0.9989871319932365
1769099941.9662776,6.432740238437774,-13.238306998435268,3.0551579517701852,0.04320389904111013,0.9990662756332263
1769099942.1668537,6.4045021747772175,-13.235061954184646,3.0550714372352368,0.04324711587778483,0.9990644058158881
1769099942.3675182,6.373255678850617,-13.231392950781252,3.051533786041195,0.04501421799580117,0.9989863463422443
1769099942.5681465,6.3456142940295415,-13.228058753500184,3.051952403387868,0.044805120504454524,0.9989957463255693
1769099942.7688835,6.314746573273551,-13.224419456145679,3.0534700043925733,0.04404706920413293,0.9990294568702799
1769099942.969519,6.2636708677098225,-13.19833399340744,3.030899676481141,0.05531823634279795,0.998468774037487
1769099943.1701133,6.232324546689142,-13.194435600759086,3.0291343149494363,0.056199543860582464,0.9984195567344735
1769099943.3708534,6.195771677287717,-13.189950633592362,3.035317367980487,0.05311263967972276,0.9985885276259947
1769099943.5713944,6.174132883355348,-13.187366925625897,3.034038029039456,0.05375139536465497,0.9985543487944722
1769099943.7719064,6.142729206724449,-13.18352068166643,3.0286590199258905,0.056436814194740184,0.998406172859297
1769099943.9726057,6.1084466531132895,-13.179237842913395,3.029187173334827,0.05617315641810215,0.9984210416943482
1769099944.1733937,6.0866179595774765,-13.176538265993432,3.027256343720048,0.05713702054862251,0.9983663460287643
1769099944.3738804,6.055053827568532,-13.172546475088014,3.023936027013687,0.05879438727777264,0.9982701137591125
1769099944.5745065,6.017401511938506,-13.167482062083794,3.018158200859039,0.06167805350919546,0.9980960964332627
1769099944.7751386,5.995448023523439,-13.164562045474774,3.022994346993593,0.05926440625372475,0.9982423203568327
1769099944.97577,6.053552858576747,-13.18772550334478,3.0508514236197635,0.045355050740390784,0.9989709301938353
1769099945.17639,6.031645646037535,-13.185261189809252,3.067282675814861,0.03714644077593851,0.9993098328034603
1769099945.3768988,5.993838038590994,-13.181817363143654,3.087427599725481,0.02707921638046193,0.9996332907822849
1769099945.577705,5.965105402932022,-13.179795306471533,3.103177083047929,0.019206604209156215,0.999815536163923
1769099945.7782712,5.933395169372957,-13.17793559977275,3.1120852735293245,0.014753154793407318,0.9998911662894326
1769099945.9789777,5.905102827125316,-13.176629628797011,3.1326443405822872,0.00447414157643347,0.9999899909784867
1769099946.179781,5.873853450081195,-13.175889181484536,-3.1276378668589144,0.006977336750986312,-0.9999756580896674
1769099946.3803165,5.845583612757392,-13.175597058334658,-3.1180903340417703,0.011750889323414426,-0.9999309559165117
1769099946.5809433,5.816628400344899,-13.175582175655094,-3.1103942161956075,0.015598586063854196,-0.9998783346551762
1769099946.7815614,5.784740476491146,-13.176074395486477,-3.0967355256343434,0.022426683612414497,-0.9997484903025103
1769099946.9824433,5.756760047331649,-13.176947762438873,-3.0827940281866,0.02939507781764511,-0.9995678713324546
1769099947.1829593,5.76209393962415,-13.191687364362219,-3.091611993077315,0.024987729191420498,-0.9996877579473784
1769099947.3836434,5.732946649949839,-13.192474060762825,-3.08860921582252,0.026488620295001694,-0.9996491149372699
1769099947.5843735,5.702258159998437,-13.193379031088996,-3.0874650438299587,0.027060501189027576,-0.9996337975855951
1769099947.785019,5.673647307025457,-13.194320504707667,-3.080879080976045,0.030352124050846103,-0.9995392681458803
1769099947.9855318,5.641796595578961,-13.195306184204902,-3.0918989419600473,0.024844299292115308,-0.999691332758609
1769099948.1864424,5.613362374402782,-13.196230881389406,-3.083265631334332,0.02915937732536517,-0.9995747749488264
1769099948.3896914,5.582380962412873,-13.197461504600811,-3.0773116396771787,0.03213497365288094,-0.9994835383678556
1769099948.788195,5.524129696383182,-13.199600059796117,-3.0830213153516937,0.029281483154175968,-0.9995712054397584
1769099948.988854,5.492943891780688,-13.200779553802445,-3.075608764844691,0.03298595958349157,-0.9994558151666116
1769099949.189997,5.464875040316865,-13.201987508975598,-3.07448124267005,0.03354940860882505,-0.9994370601403563
1769099949.390141,5.429455403226162,-13.174033406931004,-3.080008518671578,0.03078720176604454,-0.999525961747576
1769099949.5908935,5.400960458259148,-13.175341938339642,-3.0727959325488254,0.03439157729447567,-0.9994084347308653
1769099949.7914112,5.369693682154407,-13.17697189383373,-3.0648373010350793,0.038368256236365,-0.9992636673638148
1769099949.992073,5.340678449286305,-13.178522593458553,-3.0683677145775663,0.03660429038365576,-0.9993298384044724
1769099950.1927786,5.309308927997862,-13.180129958716599,-3.0709973969638433,0.03529029908430756,-0.9993771033951799
1769099950.3934464,5.287427104507991,-13.18140562257018,-3.0595874230337623,0.04099112721213839,-0.9991595105336676
1769099950.594055,5.249831234847133,-13.183638979339781,-3.066287291869245,0.037643784637004386,-0.9992912215556599
1769099950.7947953,5.236564365858894,-13.184390123179327,-3.0642223854187116,0.03867548583500856,-0.9992518235136857
1769099950.9954853,5.19257909951102,-13.187053162785897,-3.059830137897199,0.04086987147850979,-0.9991644777539532
1769099951.1961381,5.177247679978262,-13.188047560820696,-3.0550442376468334,0.04326070294409835,-0.9990638175716217
1769099951.3968768,5.177247679978262,-13.188047560820696,-3.0550442376468334,0.04326070294409835,-0.9990638175716217
1769099951.5975296,5.155406270910418,-13.189561465561843,-3.055521652758115,0.043022217632016135,-0.9990741157642027
1769099951.7981076,5.066246903667375,-13.19394431781052,-3.05476277382888,0.043401302673471455,-0.9990577195168684
1769099951.9988055,5.034639283120406,-13.196213060330075,-3.061657235500595,0.03995706903971053,-0.9992013974338486
1769099952.199429,5.006088294785694,-13.198289262661637,-3.0587151941198147,0.04142687120752161,-0.99914153869307
1769099952.3999944,4.974416788963493,-13.200721486994574,-3.044869383038466,0.04834278572966777,-0.998830804024333
1769099952.6007543,4.945714837818652,-13.20313643962301,-3.0445429480181625,0.048505811761914874,-0.9988229003308433
1769099952.8014524,4.91715543916174,-13.205433857502573,-3.057196594481328,0.04218550718230661,-0.9991097952596459
1769099953.0020437,4.885067876868306,-13.208064677810773,-3.046100159292548,0.04772810799697674,-0.9988603644689427
1769099953.202716,4.857402689492358,-13.210427288043224,-3.0435819602536864,0.04898573443712163,-0.9987994782846333
1769099953.4035091,4.825857593268299,-13.213163830981788,-3.0439849072097345,0.04878450183954069,-0.9988093273394416
1769099953.6039994,4.797411479335595,-13.215602815935158,-3.038734752629299,0.051406282423017764,-0.9986778229876966
1769099953.8047166,4.775198701127716,-13.222941313162378,-3.0365173309696263,0.052513495518718346,-0.9986202144901762
1769099954.0054834,4.747461371118102,-13.2256265387253,-3.0416208045540967,0.04996511137426367,-0.9987509637769354
1769099954.2060804,4.716107706352907,-13.22851520729067,-3.0445649879850545,0.048494804747142704,-0.9988234348034374
1769099954.4066906,4.685036356409212,-13.231433419032435,-3.0400303741904584,0.050759317421661336,-0.9987109149773457
1769099954.6074858,4.657525454747962,-13.234093708831892,-3.035723269968769,0.052909974052863434,-0.9985992863234608
1769099954.8080375,4.6289653085202636,-13.236946523937785,-3.0405201010016576,0.050514768146538484,-0.9987233141361532
1769099955.008573,4.596818776970026,-13.24005442255476,-3.0373414974808943,0.05210197640250923,-0.9986417696326108
1769099955.209334,4.568168152771239,-13.243019196887252,-3.027381290969429,0.057074648872756,-0.9983699136372508
1769099955.4099488,4.5369303000359436,-13.24630774673351,-3.0339413113883467,0.05379968421734548,-0.9985517482725239
1769099955.6105392,4.508381160748125,-13.249269060444114,-3.034780828525307,0.05338052883756778,-0.9985742431792548
1769099955.8112497,4.479750525747912,-13.25218018576386,-3.033416927836788,0.05406149442121591,-0.9985376081154604
1769099956.0120387,4.470960246792724,-13.239870846238238,-3.0198204766147354,0.060848476829930026,-0.9981470146563969
1769099956.2125425,4.439833110278826,-13.243243114526845,-3.021593617471246,0.0599635254059444,-0.9982005688341851
1769099956.413311,4.410466985452177,-13.246420841010625,-3.0160320482165917,0.06273907078361962,-0.9980299639776393
1769099956.6140351,4.382784101240769,-13.249619128558317,-3.0103962220656584,0.06555117965299437,-0.9978492084709497
1769099956.8145876,4.351818018338711,-13.253288980621475,-3.0135680162926777,0.06396861170403204,-0.9979519110241027
1769099957.0152526,4.320441077468188,-13.25693145199461,-3.0169818698974185,0.062265088477391504,-0.9980596468933621
1769099957.2161005,4.292140963108348,-13.260078263704381,-3.0193520956212803,0.06108223170433972,-0.9981327371497327
1769099957.416708,4.26131984923123,-13.263211228141152,-3.04135890494285,0.050095897190065325,-0.9987444122921151
1769099957.6174448,4.2324683994154855,-13.265651061657946,-3.06572706975021,0.03792369567937342,-0.9992806379121024
1769099957.8180068,4.20349343086219,-13.267445785152832,-3.082366214362576,0.0296088916202146,-0.9995615606539812
1769099958.0186532,4.1758587247340735,-13.280744248463813,-3.096818460485055,0.0223852265972484,-0.9997494194197813
1769099958.2193599,4.1532637472943055,-13.281321909502354,-3.1065900738705188,0.017500396446628763,-0.9998468563356144
1769099958.4202454,4.115069877153963,-13.281334856762037,-3.1372572876043456,0.002167681295121489,-0.9999976505761415
1769099958.6207967,4.093406052347981,-13.28097866111138,3.137957560677799,0.0018175454552940538,0.9999983482628948
1769099958.8242044,4.055312307161886,-13.279607380886194,3.1154919802429824,0.013049966239953506,0.9999148455649292
1769099959.2226446,3.99536665449612,-13.276783938601127,3.116832906835637,0.012379557153659404,0.9999233703462878
1769099959.4233663,3.9733898565027244,-13.275890362758686,3.1207062285004143,0.010443022721733275,0.9999454701514645
1769099959.6239944,3.9349258127328213,-13.274286614166375,3.112844181144809,0.014373741230018085,0.9998966924453008
1769099959.824681,3.90632854515817,-13.272995851112105,3.1166203559731707,0.012485824370932713,0.9999220490567143
1769099960.025432,3.88437649319264,-13.272115732814695,3.1192844981291508,0.011153846445544631,0.9999377939199364
1769099960.2259815,3.867980611826049,-13.261768622436627,3.105948498230215,0.017821134234219833,0.9998411909771501
1769099960.4267063,3.8359908436223176,-13.260424022642683,3.1121730351674137,0.014709278735885359,0.9998918127072899
1769099960.627262,3.8144461224541897,-13.259492845850206,3.110085800157136,0.015752775135239008,0.999875917339516
1769099960.8280206,3.7796660943002096,-13.25825437774224,3.1161592242123293,0.01271637194460575,0.9999191436734104
1769099961.0287144,3.747620198655308,-13.257044237427344,3.111461633078296,0.015064940360078617,0.9998865173468173
1769099961.2293496,3.7251341586528923,-13.256218465908631,3.1132496187274197,0.014171043087139826,0.9998995857273981
1769099961.4300368,3.6875155879975994,-13.255044502556146,3.118650658775535,0.011470745842581375,0.9999342088306685
1769099961.630822,3.6584970395851855,-13.25418087474864,3.114474323337204,0.013558749652528748,0.9999080759289126
1769099961.8313777,3.6293546099262923,-13.253231320812537,3.1177750208543125,0.011908534885197539,0.9999290908843926
1769099962.0320625,3.5972722502653665,-13.252368360046498,3.12325769097804,0.009167352896415484,0.9999579789375515
1769099962.2328405,3.5687779787682685,-13.251794349527696,3.124394745244798,0.008598848202226074,0.9999630292213783
1769099962.433439,3.5407625906004263,-13.240205158375757,3.124669844971188,0.008461303343445355,0.9999642025321357
1769099962.6341264,3.5092840529281184,-13.23949727847013,3.120756021199505,0.0104181277265483,0.9999457298347112
1769099962.8347905,3.4810419675855244,-13.238986677775554,3.125374359568922,0.008109058136821135,0.999967121047554
1769099963.0354657,3.449307163973277,-13.238437753313232,3.1214292558156793,0.010081528102849449,0.9999491801042248
1769099963.236058,3.4201294966342033,-13.237869296883511,3.126723487987874,0.007434514312506588,0.9999723636165837
1769099963.4367418,3.3916825952274876,-13.237517151473108,3.1310157645077097,0.005288419890185741,0.9999860162097594
1769099963.6375737,3.360424672960318,-13.237288088185606,3.131612383540516,0.004990114314400202,0.9999875493020547
1769099963.8381727,3.3314192639673155,-13.237090171294474,3.1335885810579907,0.00400202558294476,0.9999919918635516
1769099964.0392544,3.2998328214664907,-13.236803160965936,3.1338458138930507,0.003873410162646022,0.9999924983187184
1769099964.2395024,3.2716871983521942,-13.236803626660452,-3.141517233045941,3.771027191712934e-05,-0.9999999992889677
1769099964.4399524,3.2559692544794983,-13.236800953503629,3.1411659042793794,0.00021337465358782506,0.9999999772356284
1769099964.6405945,3.22602960175245,-13.220167428555168,-3.134923779215274,0.003334431008288891,-0.999994440769473
1769099964.841439,3.203832417729085,-13.220267164263388,-3.130313983923874,0.005639304942561222,-0.9999840989934614
1769099965.042154,3.166323949634583,-13.220646893943666,-3.1247335740605626,0.008429439935137886,-0.9999644716400578
1769099965.2427106,3.144051683618038,-13.220869165078012,-3.1344635857608707,0.0035645263660296182,-0.999993647055713
1769099965.4433522,3.1060871044013045,-13.221177799380992,-3.1268012591625016,0.0073956297942386565,-0.9999726519560155
1769099965.6440408,3.0841453148870484,-13.22151231903459,-3.1219587304738794,0.009816803877478866,-0.9999518140198712
1769099965.8446667,3.06182328468817,-13.221809357609866,-3.1256857227842487,0.007953381550166172,-0.9999683713607733
1769099966.0453806,3.0232013516000777,-13.2222148058922,-3.132174745147232,0.004708936818378703,-0.9999889128955584
1769099966.2460237,2.9856432394768677,-13.222687850396506,-3.118499280875773,0.011546429779868661,-0.999933337757742
1769099966.4465065,2.9792410290729627,-13.222823233486451,-3.115924921112078,0.012833513934756673,-0.9999176470690406
1769099966.6473105,2.9792410290729627,-13.222823233486451,-3.115924921112078,0.012833513934756673,-0.9999176470690406
1769099966.8479302,2.9792410290729627,-13.222823233486451,-3.115924921112078,0.012833513934756673,-0.9999176470690406
1769099967.0485709,2.868972920453398,-13.19803593952891,-3.1195689015916717,0.011011653447802864,-0.9999393699061686
1769099967.2493412,2.8397711213347265,-13.198665239702887,-3.1217783709447313,0.009906979256613298,-0.9999509246768108
1769099967.4500442,2.807630994592767,-13.19921298476937,-3.125674091604475,0.00795919695597922,-0.999968325090258
1769099967.6506994,2.779240768076524,-13.19990711307425,-3.1134300040287286,0.014080859435598348,-0.9999008597843863
1769099967.851262,2.750627256570299,-13.20076342253111,-3.1101613782620805,0.015714990760494273,-0.9998765119080444
1769099968.0520623,2.718594993792669,-13.201611070820974,-3.121928527366943,0.009831904702143918,-0.9999516656568597
1769099968.252594,2.6905366726981246,-13.20240454820831,-3.116013190957851,0.012789382634025537,-0.9999182125013227
1769099968.453469,2.659396384702941,-13.203440512814412,-3.105541776701254,0.018024462333272692,-0.9998375461831769
1769099968.6541822,2.6302026798506257,-13.204369475939512,-3.1175552107610955,0.012018432066392793,-0.9999277760371823
1769099968.8548014,2.598543488095229,-13.204902067310682,-3.135064589373929,0.0032640263121535133,-0.9999946730519286
1769099969.0555944,2.5701963981929485,-13.205047231396428,3.1297584867674253,0.005917048883212543,0.9999824941130288
1769099969.256064,2.5158086114883518,-13.216881353053221,3.108403924154523,0.016593603121620254,0.9998623166893741
1769099969.4566638,2.487236469889847,-13.215609849976767,3.082298573654777,0.02964269712900017,0.9995605586991307
1769099969.6574714,2.4565216051024805,-13.21364193216302,3.064621856840484,0.03847589879154495,0.9992595284570385
1769099969.8581653,2.4282306651354904,-13.211496955816632,3.048123381119367,0.04671762570221487,0.9989081356404841
1769099970.0615122,2.3965443027118267,-13.208134882655365,3.013844560867038,0.06383062199972353,0.9979607465702889
1769099970.4600015,2.3371739853399616,-13.20013897025184,2.9808066715464943,0.08030642190894091,0.9967702235722048
1769099970.6606936,2.308141243401133,-13.195443328929027,2.9679882425962107,0.08669324290724499,0.9962350534056836
1769099970.8615367,2.2799953026047897,-13.190366739386143,2.946053425334998,0.09761392693678393,0.9952243572521626
1769099971.062026,2.2623526693527407,-13.186185657225312,2.9393843851727666,0.10093197370603231,0.9948933292990786
1769099971.2626834,2.2343655445716406,-13.180056213413993,2.927756505040101,0.1067144854671961,0.9942897055644655
1769099971.4633303,2.2034057515156436,-13.17261676433075,2.905845530682049,0.11760079167403081,0.9930609517031879
1769099971.6640813,2.17571649894116,-13.165351633416135,2.8911235510837927,0.12490745115972046,0.9921683973221391
1769099971.8648148,2.1482138791222862,-13.157595955824407,2.8610235881930763,0.13982485782116943,0.9901762515508488
1769099972.0653913,2.117049389573273,-13.147945386864382,2.840804495426646,0.14982777485804796,0.9887121107183253
1769099972.2661316,2.0902975421678285,-13.139283492924706,2.829370010472313,0.1554780022471154,0.9878393547623247
1769099972.4666395,2.0609552530533617,-13.129034026841724,2.8059993550966653,0.16701035121611618,0.985955142279135
1769099972.6673574,2.033919218369792,-13.118955711145738,2.7838934468666974,0.1778976447335525,0.9840489967467345
1769099972.8679857,2.0073690193993574,-13.108459117201663,2.771532624433889,0.18397603586189681,0.9829307291099114
1769099973.0686562,1.977832592611976,-13.096634472006714,2.7749488950755534,0.1822967895862479,0.9832435509610766
1769099973.269403,1.9593073421502445,-13.097551235166042,2.7676034098284377,0.18590675246378935,0.9825673917794989
1769099973.4701755,1.931945501889195,-13.086696394404296,2.77201556143356,0.1837386836920542,0.9829751248709762
1769099973.6708066,1.9030792401071919,-13.075448899972853,2.775471648175044,0.18203978655521597,0.9832911654799567
1769099973.8713024,1.8676839278949993,-13.061926855533589,2.7769961599977013,0.1812902142386974,0.9834296407070956
1769099974.0719812,1.8404005117178435,-13.051498017963768,2.782783275405142,0.17844384885505643,0.9839500967050075
1769099974.27265,1.8194844735910471,-13.043552039125133,2.7881471758100784,0.17580430509737416,0.9844251349438562
1769099974.473615,1.7926437378129112,-13.033527707460726,2.7912168274028937,0.17429317752863965,0.9846938043203939
1769099974.6743138,1.7560837109802208,-13.019938796345787,2.791195199148872,0.17430382612231468,0.9846919194342573
1769099974.8749473,1.7347307939366314,-13.01207665945642,2.7930981538196655,0.1733668353205748,0.9848573198240081
1769099975.0755377,1.6996383981184864,-12.999484229914302,2.8024419134970473,0.16876382501301962,0.9856565179447528
1769099975.27625,1.716046932564518,-12.9702482741094,2.8027236769403325,0.16862496235149918,0.9856802839014056
1769099975.4769287,1.6948746572481206,-12.962704936303695,2.8096661492644097,0.1652024242565055,0.9862596813313285
1769099975.6775997,1.658486866562382,-12.949981461395671,2.8157641809084706,0.1621945396414104,0.9867588009795053
1769099975.8783379,1.6314565505613885,-12.94071147825686,2.819749402507824,0.16022799270262714,0.9870800323957966
1769099976.0792282,1.609625160448744,-12.933291050869293,2.8218998343114725,0.15916657614099955,0.9872517414720277
1769099976.2798252,1.5731631642741841,-12.920938413044986,2.8269346831327287,0.1566807427797769,0.9876493025573285
1769099976.4805405,1.5458894028728436,-12.911996489551735,2.8348834063037596,0.15275424023774573,0.9882642066215841
1769099976.681378,1.5246256324855587,-12.905034091563607,2.8324087708966155,0.15397691979447078,0.9880744446501019
1769099976.8819625,1.4874701515437696,-12.892840917394789,2.8342179708192043,0.15308304481224916,0.9882133278756217
1769099977.082677,1.4603144900307947,-12.884108858502843,2.8405584096903276,0.1499494276974651,0.9886936679948966
1769099977.2834723,1.4329232545960104,-12.875449168820849,2.842039616431035,0.14921715677850772,0.9888044498903402
1769099977.4841619,1.4185463956561444,-12.841621815929543,2.840622563217319,0.14991771352736957,0.9886984773785815
1769099977.6847365,1.387869333490434,-12.83193596005674,2.848968416329948,0.14579065408842767,0.9893154629239697
1769099977.8856325,1.3612249874290883,-12.823772319631326,2.8466095180717774,0.1469573996743346,0.9891428221854304
1769099978.0863044,1.3305818076951281,-12.814403467693435,2.854572668764009,0.14301789855341046,0.9897201021972659
1769099978.2887526,1.302348761113366,-12.805808927967,2.854065104389057,0.14326906727767671,0.9896837749308536
1769099978.487876,1.2754415777946062,-12.797726825467333,2.8589262766056462,0.1408631348126269,0.990029078992511
1769099978.6885073,1.2445558612162713,-12.788727922225517,2.868155536090813,0.13629303356928776,0.9906685666763032
1769099978.8891642,1.2167613030602993,-12.780611451587596,2.8654569014491957,0.13762963534843486,0.990483762347398
1769099979.0897486,1.18905508526134,-12.772644493574173,2.871604902518956,0.13458424226471755,0.9909021554795568
1769099979.290459,1.1591676082700044,-12.764204908708217,2.875064783985349,0.1328698397336148,0.9911334953926053
1769099979.4910283,1.1312870809756594,-12.756389024113949,2.875603499467441,0.13260286543735703,0.9911692489569086
1769099979.6915455,1.1335786196369695,-12.77407184058899,2.874261134029723,0.13326809119089114,0.9910800249577914
1769099979.8924172,1.1029284292866777,-12.765539567786764,2.877445442210039,0.13168997082790562,0.9912909520334307
1769099980.092835,1.075337471976567,-12.758003412976498,2.8797388572860045,0.13055316368791872,0.9914413101394735
1769099980.2934604,1.0440267585780996,-12.749390349376972,2.8823127349833695,0.12927713159009452,0.9916085030130779
1769099980.4942126,1.0172512431700196,-12.742136586373496,2.886794575568431,0.1270546932363687,0.9918957127272061
1769099980.6947055,0.9872821664125527,-12.734186513275054,2.896370565365372,0.12230406341480403,0.9924926780950213
1769099980.895465,0.9592463661720342,-12.726747281236253,2.89125358102934,0.12484294509443855,0.9921765160797483
1769099981.0962524,0.931447633243595,-12.719303088365729,2.8932584425183245,0.12384829429203113,0.9923011639623096
1769099981.29695,0.9008089405726636,-12.711312338098777,2.9039547647009694,0.11853956191370406,0.9929493301580434
1769099981.4976606,0.8736345182779293,-12.704280546636214,2.898581410537221,0.12120686509023942,0.9926272693488712
1769099981.6983774,0.868378293382041,-12.719192123111707,2.8887217367529234,0.12609886294160993,0.9920176796634388
1769099981.8990154,0.8414521356694846,-12.712311983425815,2.8966779160822984,0.12215154030315252,0.9925114614963231
1769099982.0997303,0.8106103060801113,-12.704709650066725,2.9082440483651175,0.11640977026499118,0.9932012713377143
1769099982.300421,0.7830521462060507,-12.697852034580333,2.9028732448472954,0.11907649176291815,0.9928850835365771
1769099982.5010722,0.7545880509987741,-12.690756699590766,2.9007821210517872,0.1201145492987809,0.9927600390057765
1769099982.7018557,0.7239009683857213,-12.683161421700978,2.9045919028871157,0.11822323293640966,0.9929870428127768
1769099982.9026086,0.6962665150855631,-12.676295939315208,2.9016726701649493,0.1196724866197073,0.9928134245397048
1769099983.1032782,0.6653069402485933,-12.66853799538638,2.8988896442443166,0.12105388305989431,0.9926459375810297
1769099983.3039773,0.6377740837261431,-12.661788762856055,2.9104170112296184,0.11533060703001807,0.993327162158615
1769099983.5044882,0.6098652051998816,-12.655087172971205,2.9078570772179764,0.11660193820245104,0.9931787291356132
1769099983.7052352,0.5785110125938094,-12.647448967937759,2.9032489701714574,0.11888996362783519,0.9929074360425407
1769099983.9058924,0.5239790878678832,-12.61939787244554,2.888045357179157,0.1264343459717742,0.9919749775869802
1769099984.106527,0.49665011077574805,-12.612158115687937,2.868195445844274,0.13627326487302446,0.9906712861897464
1769099984.3072674,0.4652676653335153,-12.603060767815741,2.84159927991098,0.14943485651540767,0.9887715730431471
1769099984.5077488,0.4375193401646579,-12.594273261275697,2.825551283216802,0.1573638622245047,0.987540690232958
1769099984.708465,0.41031562079600825,-12.58528034160387,2.81625832903816,0.16195073218528055,0.9867988449246642
1769099984.9092,0.3833074444432397,-12.575946646655527,2.7878471774032083,0.17595196610512603,0.9843987533635649
1769099985.109703,0.35307190836011015,-12.564598279666793,2.766887911360073,0.18625825329164045,0.9825008209058896
1769099985.3104105,0.3263629380218567,-12.554020498471983,2.755995041695713,0.19160659098643607,0.9814718102373376
1769099985.5110862,0.2970890286512552,-12.541820843184732,2.733368198464532,0.20269789644269556,0.979241319990995
1769099985.7117562,0.2630694061779454,-12.536456900194256,2.716963285203263,0.21072317208431263,0.9775457762922026
1769099985.9123995,0.23685303851270323,-12.524286232947661,2.6933939508133595,0.22222832480277718,0.9749946521162828
1769099986.1128867,0.21106683405571222,-12.511856847923584,2.6876655073285067,0.2250200103118267,0.9743541424755505
1769099986.3135555,0.18253337509787648,-12.49750077851956,2.663721650361916,0.2366685042387001,0.9715904585273656
1769099986.5140214,0.156978785917238,-12.483887263633404,2.6415992964208437,0.24740074109239824,0.9689132434366516
1769099986.7146978,0.12954528563499954,-12.46859143306192,2.62227391291955,0.25675135588978293,0.9664774913306352
1769099986.9154046,0.10480106733909597,-12.45409767761845,2.6040669989215908,0.2655388818547901,0.9641001515523726
1769099987.1158397,0.0775049585727707,-12.437313329773216,2.582584518925488,0.27587899581145414,0.9611923739138091
1769099987.316559,0.05351661712957598,-12.422019779021879,2.567930169186689,0.2829143518073271,0.9591451764677962
1769099987.5172215,0.02933936894023295,-12.406086895728878,2.5478730466569144,0.29251881022343335,0.9562597689255086
1769099987.7181027,0.007759371809727966,-12.394430235809,2.52491033895109,0.3034784458721939,0.9528383036439068
1769099987.9184525,-0.015454497732988015,-12.377549916592839,2.5108011327992292,0.31019273450582985,0.9506736913682822
1769099988.1193244,-0.038157973400507195,-12.36048956583281,2.491670932568747,0.31927169504680153,0.9476632232718236
1769099988.31986,-0.06381670389461785,-12.340299666299767,2.4638751614915115,0.3324109527107748,0.9431346449568667
1769099988.5202656,-0.09096804997753716,-12.317690108887927,2.4397318134467896,0.34377167013586807,0.9390532672921148
1769099988.7210457,-0.1077799297046424,-12.303312910040994,2.433275469998371,0.3468012988390802,0.9379386222581556
1769099988.9219418,-0.12975620079516448,-12.283958846892245,2.4114930322692345,0.35699582335540464,0.9341059801258081
1769099989.1224158,-0.15782604494673458,-12.257911806225632,2.3809666079752914,0.3712111444474568,0.9285484835150017
1769099989.3229861,-0.18036756108924723,-12.236111490678708,2.367970952669031,0.37723681343602844,0.9261168320404457
1769099989.5237663,-0.19625150580282824,-12.220245752237393,2.357283745238891,0.3821802054127568,0.9240878154107774
1769099989.724329,-0.20054431203885148,-12.2066571584306,2.331628960157391,0.39400207557920247,0.9191095497487122
1769099989.9250226,-0.226530178709193,-12.179465670903134,2.3353884567666396,0.39227368588491435,0.9198485502311038
1769099990.1256528,-0.24666078542031133,-12.15844200239707,2.334177159668676,0.3928307188456007,0.9196108015520743
1769099990.3264914,-0.26167747864914637,-12.142754190043178,2.3283975458688495,0.39548657252600905,0.9184717583854333
1769099990.5269923,-0.28839560479884485,-12.11444299045558,2.3258513424945026,0.3966555596554805,0.9179675195748472
1769099990.7277212,-0.3079660265222778,-12.093585838655214,2.318570296736474,0.3999948055149541,0.9165174060327791
1769099990.9282968,-0.3229543617542263,-12.077350385310138,2.312280183030037,0.40287532186270886,0.9152548688939156
1769099991.129008,-0.3491204448443874,-12.048733846153015,2.3048996325185387,0.40625011339069267,0.9137619194133937
1769099991.3297446,-0.36834289951991517,-12.027487425875782,2.3053292602948825,0.4060538152682226,0.9138491664963755
1769099991.5303495,-0.3874011185416957,-12.00646773675959,2.30730129183213,0.40515254833767617,0.914249097661839
1769099991.73098,-0.4034402918545669,-11.983443823565889,2.2878303772699877,0.4140338409227782,0.9102614891176775
1769099991.9316924,-0.41844419144619976,-11.966505726481866,2.2898969284623116,0.413093069083965,0.9106888141812166
1769099992.132285,-0.44153030493502793,-11.940294243129562,2.2799880289986643,0.4175999425772755,0.9086309965874245
1769099992.3329034,-0.46270423329724236,-11.915907433550103,2.274942751839508,0.4198907590119755,0.9075746528503025
1769099992.5334978,-0.4816800638804158,-11.893769390193743,2.267389068009243,0.4233155220831072,0.9059823225447097
1769099992.734085,-0.5004122274547378,-11.871789192675605,2.2731607616714955,0.42069923678924265,0.9072001720485665
1769099992.9347258,-0.5207675137777639,-11.84799982345762,2.265749016079059,0.4240583087005616,0.9056348882535495
1769099993.135515,-0.5398097350387101,-11.825452961544409,2.2613275798934827,0.4260593742584252,0.9046952025994828
1769099993.33605,-0.5583250712795031,-11.803388732514797,2.2604368929778293,0.4264622320845655,0.9045053701363249
1769099993.536618,-0.5786573602078062,-11.778950801427422,2.2550298303968894,0.4289060291535977,0.9033491120024933
1769099993.7373145,-0.5969633757409096,-11.756778295906042,2.249357261480426,0.4314664555969532,0.9021289806311525
1769099993.937862,-0.5871805472053533,-11.744968976166623,2.235313126195722,0.43779057662057036,0.8990769772506848
1769099994.138486,-0.6067850242385678,-11.721013348760737,2.2400388692581554,0.43566495307620723,0.9001089093332574
1769099994.3391097,-0.6250749849246625,-11.698598457180944,2.2298250088684664,0.44025604524369494,0.8978722707748478
1769099994.5398417,-0.6452981325246289,-11.673547475874825,2.2283883708507175,0.44090089032573304,0.8975557948729292
1769099994.740416,-0.6630992717341294,-11.651258437978951,2.2264687204117544,0.4417621837881232,0.8971321937009887
1769099994.9411507,-0.6808050763388193,-11.628893560870814,2.218059631907429,0.44553029991012355,0.8952668606968514
1769099995.1416173,-0.7005409967443784,-11.603617345790834,2.207014273569673,0.45046775210244205,0.8927926995197557
1769099995.3423145,-0.7182943193910841,-11.58058310614831,2.2083591586913998,0.44986729849247686,0.8930954113346908
1769099995.5429497,-0.7372758487347887,-11.556034837397922,2.2089885047633224,0.44958624317989526,0.8932369282241908
1769099995.7437005,-0.7548186066020052,-11.533221701608712,2.204212067332835,0.4517182041742855,0.8921606716379951
1769099995.944275,-0.7724936093475087,-11.509936323403435,2.193605203387079,0.45644334283870325,0.8897524795010295
1769099996.1448917,-0.7794065059404418,-11.48159632000952,2.188885368375173,0.45854181232808894,0.8886728342572826
1769099996.3456142,-0.7958593628257857,-11.45860566932277,2.158946862510137,0.47179271022403196,0.8817094978389779
1769099996.5462084,-0.8138276255243999,-11.432044967137807,2.1412159627895364,0.4795908187384224,0.877492248730329
1769099996.7468197,-0.8294279129000761,-11.408042762300882,2.1250900907121504,0.48665031671419656,0.8735968573901649
1769099996.9475243,-0.8446160350893903,-11.383837993022786,2.105074868372213,0.4953684190844847,0.8686829855440581
1769099997.148105,-0.861133690502359,-11.356172615851925,2.080478169580607,0.5060140550327514,0.8625252321580579
1769099997.3487725,-0.8753143886373778,-11.330985965701268,2.0555111913209854,0.5167416722651039,0.8561413692519851
1769099997.5494335,-0.8888992157173943,-11.306163178123436,2.050793087320607,0.5187599145357068,0.8549199676407764
1769099997.750045,-0.9036644225883266,-11.278382630868801,2.037864859875869,0.5242753378511464,0.8515488066582363
1769099997.9505851,-0.8761537677123705,-11.253186676953149,2.037255651337674,0.5245346989268698,0.8513890706496637
1769099998.1512756,-0.889694071199485,-11.224900771586295,2.018069036172509,0.5326780741889133,0.8463179481012976
1769099998.3521717,-0.9015291723410932,-11.199197734185958,2.002892734998641,0.539084664858017,0.8422515800608031
1769099998.5526617,-0.914370957839064,-11.169951324117479,1.9818230601247493,0.547927569925063,0.8365257785125424
1769099998.7532513,-0.9250749772891012,-11.143975881555122,1.9613262366671407,0.5564717063056004,0.8308665597322675
1769099998.9538364,-0.9367531151680955,-11.114300271398033,1.950295493995925,0.5610457569556839,0.8277847900281955
1769099999.1545062,-0.9470448766055797,-11.087181555050785,1.9419310064459598,0.5645028379841799,0.8254311272951892
1769099999.3551984,-0.9571087053805838,-11.060247383204459,1.9403052163652192,0.5651736402685665,0.8249719730667078
1769099999.5557878,-0.9680158633035418,-11.031439969614533,1.947886958862107,0.5620422242585756,0.8271085407311866
1769099999.7564578,-0.9781816133752868,-11.004814794804703,1.945064807695289,0.5632087769872344,0.826314633492923
1769099999.9571545,-0.9953565795071001,-10.981526895464215,1.944495176874174,0.5634441012819439,0.8261541894407984
1769100000.1577451,-1.0053612371183394,-10.955111352097767,1.9544472832945885,0.5593261553058232,0.8289476774747645
1769100000.3584545,-1.016774618345941,-10.925711795341378,1.9584951423346206,0.5576472791953722,0.8300780156141944
1769100000.5593026,-1.027164407913737,-10.898251369275522,1.9388770593298592,0.5657625908888468,0.8245681844157822
1769100000.7599266,-1.036786638350466,-10.871182774162556,1.918519519967579,0.5741262272652298,0.8187668014558197
1769100000.9606488,-1.046732029857643,-10.841842644752486,1.9007541221566875,0.5813763407933611,0.813634777013447
1769100001.1611617,-1.0553475260974992,-10.814517369270371,1.8755881903887146,0.5915679849224961,0.8062551204269883
1769100001.3617728,-1.06410748137437,-10.784116988322875,1.854401399464554,0.6000756119352446,0.799943285465002
1769100001.5625017,-1.0716866092276836,-10.756171968431918,1.845428638110452,0.6036584109604517,0.7972430764056232
1769100001.7632542,-1.0793751961347597,-10.726005167725022,1.820183075026707,0.6136734777084745,0.7895599171419396
1769100001.9638402,-1.0857385387387994,-10.697706204897052,1.7947067586915837,0.6236809579647985,0.7816790023226358
1769100002.1644504,-1.0959900893599435,-10.694327041901438,1.7788599392046631,0.6298548788080811,0.7767128373096825
1769100002.3651307,-1.1010836225639726,-10.667083468210631,1.7580713835063695,0.6378940777001151,0.7701241105400607
1769100002.5657332,-1.1064780480815755,-10.63501007692761,1.7386921805614968,0.6453262114617678,0.763907115296357
1769100002.7664087,-1.1107970039180226,-10.606301780063633,1.7297056610101857,0.6487521186672986,0.7609997953512808
1769100002.9670913,-1.1150662288240956,-10.578046845237932,1.7334467029030471,0.6473275184975528,0.7622119677594944
1769100003.1675453,-1.1197471044206007,-10.546091578136894,1.7249211249107987,0.6505707760411665,0.7594456302864573
1769100003.3683712,-1.1237575736038121,-10.51700636671006,1.717048581657085,0.6535551125665907,0.7568789301057804
1769100003.5690484,-1.1275612072590522,-10.488787127661388,1.7129850548007775,0.6550915614805447,0.7555494994220973
1769100003.7695906,-1.1316661884830637,-10.457671513233684,1.7161257827139174,0.6539042665251031,0.7565772995671142
1769100003.9703455,-1.1352084289092736,-10.428780490853477,1.6999583165713803,0.6599988037132107,0.7512666497969483
1769100004.1710045,-1.1384098303513717,-10.400562843051343,1.6939894634044728,0.6622379613086434,0.7492935890569008
1769100004.3715792,-1.1433220361692902,-10.35745157831027,1.6892229995048946,0.6640218193525329,0.7477131959673791
1769100004.5723677,-1.1464281769403886,-10.328739479493295,1.6819770928296076,0.6667263855443195,0.7453025740053548
1769100004.7729633,-1.150370586191953,-10.290037402488906,1.6730695454123812,0.6700391709645956,0.7423257434395478
1769100004.9736392,-1.1525020762889864,-10.268069723505176,1.6728697978331744,0.6701133065078453,0.7422588203862064
1769100005.1743906,-1.156185945499461,-10.230282929622753,1.6666327632561113,0.6724247912463125,0.7401654545555021
1769100005.375018,-1.1586979687536225,-10.201157294354688,1.6574547774665382,0.6758143131008507,0.7370719192914795
1769100005.5756295,-1.1605871757846002,-10.178811842109893,1.6597661270436754,0.6749620465525608,0.7378524484702743
1769100005.7762697,-1.1637906136893994,-10.140752672919477,1.6549528626958632,0.6767358296323881,0.7362259278861099
1769100005.977081,-1.166176884547042,-10.111438657582505,1.6546523722885347,0.676846436408261,0.7361242432642997
1769100006.1777215,-1.1678484088724512,-10.089278770058863,1.6477226722267841,0.6793929285824143,0.7337746579108675
1769100006.3783174,-1.161961842269504,-10.072722197620385,1.657115158286711,0.6759394652369479,0.7369571489138218
1769100006.579082,-1.1638713866706893,-10.04446415229438,1.6462838703084943,0.6799206309238459,0.7332857121505364
1769100006.7797053,-1.165658958381838,-10.015132945876806,1.6433387920006248,0.6809996852956305,0.7322837077439673
1769100006.9802196,-1.1674930206604852,-9.983421046144274,1.641044458088779,0.6818392886882366,0.7315020057396422
1769100007.1811256,-1.169130356842869,-9.956007779082825,1.6442353896039323,0.6806713349671037,0.7325889254923943
1769100007.3817427,-1.1708741921922325,-9.923758781951586,1.6328183691951308,0.6848422130923061,0.7286913908966074
1769100007.582345,-1.1722382632208865,-9.895190165744028,1.637088654035806,0.6832847933343182,0.7301519644553989
1769100007.7831783,-1.173712803629048,-9.863940866565462,1.6291954492187937,0.6861610840527765,0.7274496317488369
1769100007.983894,-1.1749144980866837,-9.835390451591733,1.623082758927815,0.6883812129447799,0.7253490922753496
1769100008.1855469,-1.1761147051343894,-9.803293700101227,1.6179861378494718,0.6902273905470795,0.7235925299079375
1769100008.3852267,-1.177037085893183,-9.775011410135159,1.6188291997164583,0.689922312598837,0.7238834178086087
1769100008.5860043,-1.2115107323865466,-9.670856993377868,1.5866952129570462,0.7014633930701945,0.7127054848830966
1769100008.7863836,-1.212338698630005,-9.63862205641122,1.5769196802961456,0.7049385380176783,0.7092683960374228
1769100008.987164,-1.212956419114945,-9.609597238965767,1.5722204623984177,0.7066030939919082,0.7076101098493877
1769100009.1879468,-1.213484605488074,-9.581558033614057,1.570873440010716,0.7070795170220451,0.7071340442998566
1769100009.388717,-1.2140296391467797,-9.549139679387476,1.5698725730610494,0.707433302015982,0.7067801095098564
1769100009.5892823,-1.2142364926755056,-9.52003284099916,1.5592057335011682,0.7111927775851314,0.7029970363456348
1769100009.7901952,-1.2144318428117276,-9.491913415976622,1.5624136688890544,0.7100642786863575,0.7041368617915291
1769100009.9906735,-1.2146037077903338,-9.45989593926625,1.5561491464257982,0.7122663324349369,0.7019093044544173
1769100010.1913173,-1.2144841670947424,-9.430814269751968,1.5480851461804475,0.7150906335105078,0.699031748825145
1769100010.392047,-1.2141690959664433,-9.402240478041124,1.5321493565561166,0.7206376865365094,0.693311852446868
1769100010.5927136,-1.1787478116544008,-9.44059674989764,1.57374002463191,0.7060652612947157,0.7081467692454897
1769100010.7933936,-1.178354119327766,-9.411517492171416,1.564119303447341,0.7094635204626253,0.7047421607458845
1769100010.9939997,-1.177664128654978,-9.382544921222426,1.5535027278963192,0.7131944815112398,0.7009662128390454
1769100011.1946952,-1.1769257210282964,-9.351016530499924,1.5543710625682368,0.712890077668542,0.7012757925108639
1769100011.3952281,-1.1761495786274694,-9.32280592396461,1.549625084279083,0.714552188781038,0.6995821392147086
1769100011.5959675,-1.17511426485886,-9.29057680688737,1.5425626580566147,0.7170181022318859,0.6970545466975916
1769100011.7965884,-1.174035075084317,-9.262350766233032,1.5425078874745428,0.7170371910046474,0.6970349106868069
1769100011.9972022,-1.1728907645440545,-9.23129031213352,1.545136111360466,0.7161205902453265,0.697976575700564
1769100012.1978457,-1.1716260209955724,-9.202261212142469,1.530182970105155,0.721318997634159,0.6926029913681084
1769100012.3985336,-1.1700316476953898,-9.17296964149537,1.5228550387484776,0.7238518238252182,0.689955460261679
1769100012.5991364,-1.1682029638836184,-9.141561793273782,1.5237008828904137,0.7235599617066055,0.6902615314611814
1769100012.7998548,-1.1797350716577575,-9.21803903071083,1.5531874355843902,0.7133049772774318,0.7008537717607308
1769100013.0004632,-1.1777698078549184,-9.188795294728896,1.5360382667218373,0.7192882112994348,0.6947117885034482
1769100013.2012043,-1.1753951223015782,-9.156814855706672,1.5415023981091822,0.7173875309685082,0.6966743359783736
1769100013.4017599,-1.173281830715714,-9.12841889706707,1.5364373798935163,0.7191495626656523,0.6948553133694819
1769100013.6024587,-1.1708890113479202,-9.09935945505387,1.5234131195184428,0.723659270209633,0.6901574172894624
1769100013.8030546,-1.1679723006331906,-9.067118849239787,1.5200458648705533,0.7248202119038615,0.6889380671843016
1769100014.003735,-1.1653587341013507,-9.039145851418482,1.5236513915624488,0.7235770424649862,0.6902436262781595
1769100014.2045472,-1.1626799936844276,-9.010467148911701,1.5165853982119857,0.7260111499652188,0.6876829284824371
1769100014.4051003,-1.1593067188057893,-8.977889040747318,1.5073136046563664,0.7291913640837935,0.6843098381183895
1769100014.6057003,-1.1562791203456828,-8.949372307361863,1.5079598209485512,0.7289702199411151,0.6845454100634977
1769100014.806428,-1.1532219915004245,-8.921087873345577,1.5061967364339386,0.7295733923215056,0.6839025261076979
1769100015.0071418,-1.1535787778233615,-8.952874688308928,1.5284391015699472,0.7219226276413047,0.6919737854134896
1769100015.2075522,-1.1501985526163954,-8.924626842935316,1.5192339687843217,0.7250998252334389,0.688643771079385
1769100015.4083896,-1.1464700050454055,-8.893285609953505,1.5257119553840175,0.7228655130370681,0.6909887481440318
1769100015.6090348,-1.142989154426232,-8.864616907836803,1.5090721561791347,0.7285893852290568,0.6849507337988222
1769100015.8095987,-1.1392907666373377,-8.835669277781227,1.5124918365835716,0.7274171644637545,0.6861955033687639
1769100016.0102983,-1.135218384637995,-8.804779167777708,1.510644018336987,0.7280508361949255,0.6855231432387019
1769100016.2111242,-1.1315594905876878,-8.777281009744195,1.5103767179806895,0.728142449982515,0.6854258329924987
1769100016.4116457,-1.1271932567094698,-8.745408900380966,1.499645311848392,0.7318097419629713,0.6815089886187043
1769100016.6122558,-1.1231074676567168,-8.717484834806104,1.5002873617799066,0.731590922857926,0.6817438826948784
1769100016.8130906,-1.1186594700322412,-8.68639082347536,1.4983177920321011,0.7322619390640974,0.6810230925586064
1769100017.0136209,-1.1145728770043926,-8.658620440567713,1.491621678213485,0.7345379347389379,0.6785676255388667
1769100017.2142253,-1.123274809573835,-8.741559130366579,1.5182881639600891,0.7254254054422714,0.6883007926327821
1769100017.4150362,-1.1188750278855046,-8.71370835222293,1.516602914461752,0.7260051271244068,0.6876892869523807
1769100017.6157565,-1.1144108634818628,-8.685585926347581,1.5054967750402435,0.7298127003178415,0.6836471476242554
1769100017.8163514,-1.1091005198326587,-8.653858028033921,1.493971624688282,0.7337401290850566,0.6794302193531316
1769100018.0171764,-1.1041940752392292,-8.625809693927481,1.4989766301416103,0.7320375573533356,0.6812642766387812
1769100018.2177374,-1.098832298491446,-8.595296946345208,1.4898694852683991,0.7351321434705524,0.6779238391120281
1769100018.418306,-1.0937032009961025,-8.566516634296619,1.4929482013273287,0.7340877053846953,0.6790546670210234
1769100018.6192367,-1.0878830354868474,-8.53487780092129,1.483649191544029,0.7372370273036934,0.6756341950881506
1769100018.819864,-1.0827159172601144,-8.507391011394553,1.4839441980138304,0.7371373610545615,0.6757429325842166
1769100019.0204523,-1.0769430737087646,-8.476541219290958,1.4827164556271866,0.7375520412582908,0.6752902978984139
1769100019.2210312,-1.0714022663187701,-8.448146869716192,1.4753409601260141,0.7400373207331821,0.6725658063877864
1769100019.421755,-1.103224863932612,-8.431430929870944,1.465258935645263,0.7434183160143304,0.6688267394582974
1769100019.6223423,-1.0975937881579647,-8.403673704295901,1.4669056995465786,0.742867364208046,0.6694386298941751
1769100019.8230512,-1.091083923853691,-8.372117909298524,1.4507544059867072,0.7482492320490918,0.663417731702993
1769100020.0237134,-1.0850307645345127,-8.34390599527412,1.4487940519115212,0.7488991393328324,0.6626839964164993
1769100020.2243567,-1.0804819355158222,-8.32259351179285,1.4504258682289168,0.7483582008401501,0.6632948086901431
1769100020.4249766,-1.0724066510971784,-8.284978316897309,1.4525158313523374,0.7476646615227633,0.6640764669148063
1769100020.62561,-1.0665240261148465,-8.256239118602583,1.4707556066028984,0.741577350424316,0.6708673738807479
1769100020.8262413,-1.0612152270257695,-8.22818695006401,1.4876494688403263,0.7358841914611164,0.677107418920823
1769100021.0269854,-1.056104989145747,-8.19675944326071,1.5111656764911774,0.7278720070628675,0.6857130167455427
1769100021.2275808,-1.051853913082723,-8.167938011271485,1.5219381001775834,0.7241680711263083,0.6896235239325889
1769100021.428281,-1.0478994705048421,-8.139330275975421,1.5346148456602788,0.7197824627822309,0.6941996876051921
1769100021.6287825,-1.0453252500726145,-8.093825882284818,1.5471975232553117,0.7154008013779463,0.6987143145719803
1769100021.8295906,-1.0421560699302042,-8.065222634167581,1.5522818547729909,0.7136222440096507,0.7005307222774962
1769100022.0301943,-1.0388558536337154,-8.036303087132906,1.5470671875981967,0.7154463335534783,0.6986676919715732
1769100022.2308037,-1.03517427792148,-8.004140745745392,1.5517010985443707,0.7138256327108261,0.700323472464681
1769100022.431521,-1.0321692279247578,-7.9759015468188075,1.5641891582518,0.7094389052169684,0.70476694003376
1769100022.6322143,-1.029199937805121,-7.9474550663585255,1.5566572226653663,0.7120879977337081,0.7020902246033615
1769100022.8327904,-1.0258184086431341,-7.916201688948754,1.5522465093171236,0.7136346241870728,0.7005181105163344
1769100023.033595,-1.0227914025008829,-7.888194016527453,1.558710462198516,0.7113668429059429,0.7028208981056494
1769100023.2344103,-1.0196227447323858,-7.8572744218502475,1.5587419311244586,0.7113557843084888,0.7028320909938979
1769100023.4348435,-1.01653267058115,-7.828331569461629,1.5574600580095435,0.711806108946163,0.702376012736001
1769100023.6354845,-1.0131610879835482,-7.796822422145319,1.5554182954310765,0.7125227804293863,0.701648977316419
1769100023.8364015,-1.0280004920201606,-7.755131738475713,1.580925399034889,0.703516560204184,0.710678865253831
1769100024.036895,-1.025135779578505,-7.726191178480223,1.5840457643496408,0.7024069155742291,0.7117756141885573
1769100024.2374578,-1.0218570177228128,-7.694163373728255,1.5780281907027676,0.7045453140606136,0.7096590029269209
1769100024.438263,-1.0190928385129423,-7.66607762695791,1.585139986861357,0.7020173900175053,0.7121598023709355
1769100024.6388612,-1.016049551950289,-7.634509662684044,1.5846859512553193,0.702179044879885,0.7120004135754223
1769100024.839423,-1.0131591848405512,-7.60577517254916,1.5803413124694903,0.7037240791887777,0.7104733776644323
1769100025.0401146,-1.0102567712248787,-7.57757610413166,1.5787013292485361,0.704306424745462,0.7098960910318247
1769100025.240786,-1.00720466223827,-7.546263362283519,1.5868676561225545,0.7014019398679303,0.7127659635178326
1769100025.441345,-1.0044608143150355,-7.517412826449241,1.5857814901528846,0.7017889274804225,0.7123849389662013
1769100025.6420724,-1.0012723818709721,-7.485172380440705,1.585658094733139,0.7018328786639593,0.7123416388407042
1769100025.8427591,-0.9985759847081488,-7.457156379218811,1.5867274127341695,0.7014519185003991,0.7127167782731858
1769100026.0433009,-1.0221539584299448,-7.487828255347936,1.5472170992699699,0.715393962322845,0.6987213168867971
1769100026.2439668,-1.019034765216246,-7.4562675835070005,1.5403146089772213,0.7178011555314361,0.6962481605848128
1769100026.4446893,-1.0161521247674266,-7.427710347188241,1.541770845107078,0.7172940144395787,0.6967706199669684
1769100026.6452708,-1.0135346729028367,-7.399330906939035,1.5515903265890163,0.713864419716151,0.700283935459984
1769100026.8458972,-1.010572858126214,-7.367450211853635,1.547605919667791,0.7152581102542278,0.6988603835642359
1769100027.046695,-1.007878222637972,-7.339154290867824,1.5454108384432035,0.7160247069552499,0.6980749379756077
1769100027.2472875,-1.0049550265616214,-7.307829195533573,1.5488896094009728,0.714809403004783,0.6993193243261233
1769100027.4479246,-1.0023324597521936,-7.279018143313099,1.5489895366553181,0.7147744615825902,0.6993550379237419
1769100027.6486187,-0.9995398050686106,-7.249968845989525,1.54165804934493,0.7173333096853625,0.696730164996352
1769100027.8492994,-0.9965024872916932,-7.217968120104251,1.5491369884713517,0.714722899054858,0.6994077334192261
1769100028.049868,-0.9940097011921134,-7.189856987477336,1.553728747649271,0.7131152608520954,0.7010468063830316
1769100028.25071,-1.0045781693226354,-7.209797977780863,1.533310435407632,0.7202350702576035,0.6937300941800241
1769100028.4540248,-1.0016637028569437,-7.177938375995818,1.5274932897933329,0.7222497853814044,0.691632306588201
1769100028.8527122,-0.9967023809992006,-7.121256508765272,1.5333252370360175,0.7202299360703522,0.6937354244869556
1769100029.0532563,-0.993658003271314,-7.08877344776096,1.5289688802971246,0.7217393058204632,0.6921649907600036
1769100029.2539065,-0.9910909141129784,-7.060669118057594,1.5399396889646018,0.7179316616030316,0.6961135893429391
1769100029.4546993,-0.988546993023893,-7.031901925671066,1.5391780273395699,0.718196711038886,0.6958401283721188
1769100029.6555088,-0.9857640734176416,-7.000233764269135,1.5342352342836756,0.7199142128654512,0.6940630562955485
1769100029.8558905,-0.9828971502874286,-6.969106847670106,1.5395320374369097,0.718073532572906,0.6959672419146375
1769100030.0567045,-0.9804547129167802,-6.940915253922015,1.544048120067021,0.7165001804840615,0.6975869059596139
1769100030.2573216,-0.9780234996507888,-6.912392352683708,1.5369654391161893,0.7189660752229138,0.6950451659270492
1769100030.4578984,-0.9718279561420848,-6.930584618467837,1.52248243962608,0.723980349662415,0.6898205950119838
1769100030.6585326,-0.9694112063778475,-6.9027209412130315,1.5279354355633243,0.7220968665839398,0.6917919595294931
1769100030.859303,-0.9668356696211171,-6.870908383413894,1.5297797201481445,0.7214586290347023,0.6924575413636332
1769100031.0598361,-0.9645394539000525,-6.842221895615241,1.5263090457662902,0.7226591894580214,0.6912045253699338
1769100031.2605069,-0.96198891039204,-6.810559484599965,1.531893358463521,0.7207264238887913,0.6932196058309908
1769100031.461291,-0.9599467539709632,-6.782919506111476,1.5378325495071907,0.7186646672174948,0.6953568120707292
1769100031.6618536,-0.9578191271347587,-6.754042365702906,1.5312239634168991,0.7209584024008785,0.6929783416583616
1769100031.862506,-0.9553911702900599,-6.722522719615903,1.5309856070622239,0.7210409851763324,0.6928924142288931
1769100032.0633945,-0.9532489970729738,-6.69428117568751,1.539000594510033,0.718258440653926,0.6957764097965601
1769100032.2642655,-0.9511157966903121,-6.663120633671294,1.5390425508725467,0.718243844372241,0.6957914773992162
1769100032.464938,-0.9490682114188038,-6.63438995366705,1.5380229570807458,0.7185984633590217,0.6954252285170942
1769100032.6657097,-0.9261770523078822,-6.57983612259276,1.5533895833040219,0.713234135638139,0.7009258646679525
1769100032.8667367,-0.9242438717640317,-6.551148251821853,1.5565056242089244,0.7121412135851645,0.7020362468658218
1769100033.0673094,-0.9223344809591519,-6.522205143359196,1.555458802422719,0.7125085694386173,0.7016634082496643
1769100033.267989,-0.9200459082353715,-6.489812376690968,1.552412621012521,0.713576439600219,0.7005773796287424
1769100033.468727,-0.9181445404743073,-6.461198637990459,1.5621089319474781,0.7101715587003192,0.7040286622099693
1769100033.6694698,-0.9164192449385694,-6.43264973430504,1.5584057214572546,0.7114739237284539,0.7027124987179595
1769100033.8701377,-0.9144380393675003,-6.400464821849324,1.5626957018486112,0.7099649767251104,0.7042369855550853
1769100034.070929,-0.9127081593995622,-6.372550071163348,1.5636941164732945,0.7096133280224488,0.7045913174975296
1769100034.2715616,-0.9105097140696942,-6.334774654109026,1.5682850051741206,0.7079941097851978,0.7062183377040454
1769100034.4722059,-0.9092412824856743,-6.312714890766852,1.5625575703854582,0.7100136136743892,0.7041879496249813
1769100034.6730163,-0.907178718586955,-6.2806619114575675,1.558869333023894,0.711311011793557,0.702877403606935
1769100034.8735528,-0.9204765047070136,-6.263055652170223,1.5657626018469,0.7088842302133257,0.705324852925842
1769100035.074286,-0.9188351761936124,-6.234172138390512,1.567834101473055,0.7081533100218124,0.7060587011751579
1769100035.275014,-0.9165707133903871,-6.195284937398361,1.56310304876454,0.7098215276183325,0.7043815719690406
1769100035.47832,-0.9148822345896628,-6.166530951466409,1.5719755322705062,0.7066897462103424,0.7075235703502477
1769100035.8771102,-0.9124651919503424,-6.105429535252184,1.596558418523718,0.6979400969390261,0.7161561429498059
1769100036.0777254,-0.9118968086314967,-6.076454383663874,1.6166545225710813,0.690709010956731,0.7231328108882727
1769100036.2784693,-0.9117918493679511,-6.054232248858539,1.6293635627953675,0.6860999345491129,0.7275073056758283
1769100036.4791732,-0.9125280864545748,-6.015996308185247,1.6585955960070298,0.6753937705243027,0.7374572901103938
1769100036.6798813,-0.9135280307906866,-5.9870333354518115,1.6671009733861988,0.6722514963398322,0.740322852321105
1769100036.880478,-0.9217316320174519,-5.9986017092602495,1.66026820368961,0.6747767960451102,0.7380218665589088
1769100037.081148,-0.9239740744271018,-5.967069406813078,1.684872055807323,0.6656468757782439,0.7462668669897272
1769100037.2818305,-0.9265241166061452,-5.938024188307595,1.6939976129547338,0.6622349081002633,0.7492962875214555
1769100037.4823139,-0.9296615612202886,-5.90692339707777,1.708806151333156,0.6566688145417375,0.7541790689274989
1769100037.683093,-0.9330465188464075,-5.878600084953429,1.7263560941095668,0.6500257180923619,0.7599122092837497
1769100037.8836493,-0.9367813420958321,-5.850805838757052,1.741189796204699,0.6443717353293499,0.7647124078427407
1769100038.0848129,-0.9416352835327676,-5.818902020299619,1.755450227950421,0.6389028371288811,0.7692874395885237
1769100038.2848501,-0.9464191770007829,-5.790216384927685,1.7746600734107087,0.6314845337071691,0.7753884727597123
1769100038.4855187,-0.9516894698902748,-5.762182294917595,1.7944608642805204,0.6237770584997292,0.7816023165839681
1769100038.686163,-0.9577873929091009,-5.730750629039365,1.7895691049137448,0.625686896001905,0.7800742965714877
1769100038.8868263,-0.9631963337762902,-5.702511012147895,1.7889225682688503,0.6259390366138561,0.7798719910619419
1769100039.0873282,-0.9722622629827686,-5.667743578241941,1.7909966711862784,0.625129932781793,0.7805207025699132
1769100039.2880309,-0.9776566074946926,-5.639501198363407,1.793650716946559,0.6240936138314427,0.7813495768059326
1769100039.4886396,-0.983044220517141,-5.610948368174129,1.787314386054336,0.6265659223247467,0.7793684269851707
1769100039.6892822,-0.9889450516585012,-5.579015365426867,1.7867363436197818,0.626791150163537,0.7791873035905232
1769100039.889986,-0.9940701990812062,-5.551417672432723,1.7871071170841257,0.6266466884055475,0.7793034889632925
1769100040.0905814,-0.9992673343348297,-5.523189804124585,1.7839661907629722,0.6278697825564983,0.7783184028098369
1769100040.291154,-1.0049610279468677,-5.4914507828252965,1.7773501837188874,0.6304410225275247,0.7762371526244084
1769100040.491751,-1.0098692255835853,-5.463376797910786,1.7793706380061938,0.6296565251183492,0.7768736450516812
1769100040.6924784,-1.0153063559835178,-5.432748824619352,1.777588096242557,0.6303486797972121,0.776312142039471
1769100040.8930323,-1.020298881840859,-5.4037904308169304,1.7727415246500933,0.6322280533414687,0.7747823491588183
1769100041.093726,-1.0252323130513235,-5.37518132119064,1.7715340384683118,0.6326957075779325,0.7744005046566403
1769100041.294355,-1.026807639494294,-5.373296690256363,1.7765438122675343,0.6307539390168783,0.7759829047180693
1769100041.4949667,-1.0318600135239047,-5.344759770376594,1.7743261938916306,0.6316139680723752,0.7752830420793869
1769100041.6955266,-1.036831737815045,-5.315849100237878,1.77207662473276,0.6324855947588152,0.774572122156864
1769100041.8962047,-1.042183150174923,-5.284743666563518,1.7719435221774498,0.6325371421224804,0.7745300277171474
1769100042.096842,-1.04706714966298,-5.256537004361846,1.7696691821695445,0.6334175052628963,0.7738102248138937
1769100042.2975664,-1.051966798480656,-5.227845086943122,1.7717956001161392,0.6325944254314884,0.7744832424998007
1769100042.4981422,-1.0572992110507156,-5.196376894120296,1.773231206115041,0.6320383361154056,0.7749371211140099
1769100042.6988199,-1.0621700494673865,-5.1685790918261825,1.7832759811413654,0.628138346587506,0.7781016755837981
1769100042.8994157,-1.0678219436132803,-5.137141107464264,1.7772290148771928,0.6304880492488198,0.7761989562956252
1769100043.1001546,-1.072925603315927,-5.108330503376504,1.7781638158455093,0.6301251846248326,0.776493561918913
1769100043.3008122,-1.077896826248028,-5.0804989653916826,1.7795400397280245,0.6295907209932174,0.7769269747146386
1769100043.5014358,-1.0741896262391486,-5.063433018350494,1.7884813467852096,0.6261110695189891,0.7797338832100267
1769100043.7020998,-1.079239794243808,-5.034741483037681,1.7853829725575383,0.6273182713928062,0.7787629847243265
1769100043.9054759,-1.0841431133287511,-5.006435385174235,1.7883205787576661,0.6261737456352915,0.7796835513700858
1769100044.304045,-1.0948044353097648,-4.94791866865455,1.7945084809467695,0.6237584496746169,0.7816171674544504
1769100044.504718,-1.100620080354786,-4.915970065001234,1.7946232318439983,0.6237136030123258,0.7816529545887886
1769100044.7061505,-1.1058387318130136,-4.887746179236013,1.7978540185435263,0.6224501127880202,0.7826594770972756
1769100044.9059777,-1.1111623688482235,-4.859310126323867,1.799990086221917,0.621613851127602,0.78332382836622
1769100045.1065843,-1.1168918169307016,-4.828143398049396,1.7924724176611382,0.6245538373182182,0.7809817566954356
1769100045.3071947,-1.1221099739011078,-4.7998937057998585,1.8017549008487,0.6209223985348811,0.78387203993872
1769100045.50788,-1.1279418251865476,-4.769338453738096,1.8021210727905927,0.6207788721553469,0.7839857089804223
1769100045.7085974,-1.1515451073955252,-4.722235351090243,1.7857919386868075,0.6271590144370445,0.7788912444047339
1769100045.909282,-1.1568918960565413,-4.6938293748698605,1.7794637324904552,0.6296203631105798,0.7769029529847995
1769100046.1099384,-1.1626804865372975,-4.662622124818938,1.7841922828237107,0.6277817927389837,0.7783893760229694
1769100046.3109677,-1.167875221203554,-4.634805691019144,1.7782796716755782,0.6300802029145404,0.7765300624542308
1769100046.511185,-1.1730996390037494,-4.605862448713351,1.77389136754422,0.6317825098900273,0.775145702559885
1769100046.7118516,-1.1788318607290569,-4.574207390511316,1.7759222418808462,0.6309950725486179,0.7757868382612356
1769100046.912539,-1.1839660462506323,-4.546199540943878,1.780674120421212,0.6291500708581595,0.7772838531316425
1769100047.1131945,-1.1892359458714274,-4.517959415511598,1.7802986266511511,0.6292959923910905,0.7771657184671186
1769100047.3137548,-1.1950952012751934,-4.485993060666333,1.7787350519529712,0.6299033783458852,0.7766735053730368
1769100047.5144513,-1.200266799108705,-4.458043629029269,1.7824639399648872,0.6284542201037001,0.777846574353741
1769100047.71506,-1.2054339582469142,-4.429990394504283,1.775523572064118,0.6311497014098015,0.7756610435043895
1769100047.9158301,-1.2126478635516038,-4.47839435652084,1.7983976671573898,0.6222373439247767,0.782828645250951
1769100048.1165552,-1.2175919888713371,-4.45094367134595,1.799444644911498,0.6218274565959184,0.7831542723010908
1769100048.3171372,-1.223375942784288,-4.419890207547634,1.8067642501893595,0.6189571084996918,0.7854247881482356
1769100048.5177948,-1.2287572193367526,-4.391284739317886,1.8003669571171148,0.6214662341161558,0.7834409485426987
1769100048.718455,-1.2340975112385248,-4.36241410182471,1.8033455891242154,0.6202987541797493,0.784365638948476
1769100048.9191818,-1.2399284085152957,-4.331652555032324,1.8060659362273392,0.6192313073132452,0.785208627081446
1769100049.119802,-1.2452252748118715,-4.303546254912902,1.8027717282077043,0.6205237870345695,0.7841876240570724
1769100049.3205197,-1.250507339277263,-4.274947936556336,1.7969310539643526,0.6228112299823338,0.7823721440643784
1769100049.5212784,-1.2561199078806213,-4.244068637916408,1.7993436083464058,0.621867019411225,0.7831228576466142
1769100049.7217817,-1.2613476474861696,-4.216387059053928,1.803664361407948,0.6201737292882573,0.7844644960103009
1769100049.9223547,-1.267291401931105,-4.184487801720309,1.7995888658162575,0.621770981370383,0.7831991105240804
1769100050.1230364,-1.263184936730457,-4.183108851757505,1.816783533714541,0.6150146613218793,0.7885156728684181
1769100050.323681,-1.2700685165143164,-4.145797804873942,1.8170105267868601,0.6149251635633488,0.7885854698233976
1769100050.5243225,-1.2752926438204786,-4.117420475175534,1.8119099236368534,0.6169342924017168,0.7870146624166496
1769100050.7249627,-1.2793670161092563,-4.094750961873142,1.8090314104827505,0.618066369062685,0.7861259208508958
1769100050.92563,-1.2844954652934597,-4.066562069843638,1.8186654827294852,0.614272416007337,0.7890940368121592
1769100051.1262078,-1.2915487261712606,-4.0290509482416565,1.8174123455058502,0.6147667169521702,0.7887089981278584
1769100051.3269475,-1.2969401095809574,-4.000189797994521,1.8156084327978361,0.6154778478839288,0.7881541846391272
1769100051.5276093,-1.3009206613551203,-3.9780434872177888,1.8049347634348125,0.619675311564953,0.7848582727071675
1769100051.7282324,-1.3070308533992083,-3.9402909118162395,1.7779862211196973,0.6301941327210943,0.7764376054029762
1769100051.9287221,-1.3109579669609848,-3.911399884078247,1.7504563291228439,0.6408217152534355,0.7676897350229746
1769100052.129413,-1.3241393909560353,-3.8571513546156315,1.7358768385591372,0.646400901631445,0.7629979517469591
1769100052.3299947,-1.3272976227696998,-3.82562019782571,1.7199541341815052,0.6524548475272045,0.7578276004067497
1769100052.5308278,-1.3296210181995334,-3.796911152075469,1.69421979392894,0.6621516643245169,0.7493698508962529
1769100052.7314482,-1.3313062424606534,-3.768157693669103,1.6792341036059633,0.6677479366330686,0.7443874616906704
1769100052.9320831,-1.3326276846599374,-3.7370536819255884,1.6665726593965033,0.6724470343429533,0.7401452465586515
1769100053.1327934,-1.3334579119287748,-3.708793969136442,1.6490509956640538,0.6789054337365846,0.7342257228148166
1769100053.333422,-1.3336479650810467,-3.683812956359235,1.626929763873959,0.6869847295750237,0.7266718525790934
1769100053.5341146,-1.3330216746425416,-3.645903205828016,1.6049110203704615,0.6949431355236273,0.719064696942208
1769100053.7347221,-1.332077504547314,-3.6175205429671813,1.585515044717152,0.7018838271101001,0.7122914384163823
1769100053.9353595,-1.3305351011446955,-3.5888858018508407,1.5620580663691135,0.7101894638831826,0.7040106003387432
1769100054.13586,-1.3285755893975915,-3.5898715121634535,1.5580337587686524,0.711604602838262,0.7025801656888695
1769100054.3366318,-1.325928775519692,-3.561419149459345,1.5412189809137948,0.7174862485083318,0.6965726690026249
1769100054.5373607,-1.3223740634135643,-3.529497697827733,1.5265021203205005,0.7225924590879315,0.6912742856994292
1769100054.7378922,-1.318581147231624,-3.500638545086979,1.4996973684987889,0.731792003177501,0.6815280361697972
1769100054.9385636,-1.3143142094730769,-3.472613445282531,1.4845472480949566,0.7369335741332037,0.675965167235163
1769100055.1391258,-1.3089874358225728,-3.4411452770160937,1.4609021536137607,0.7448735171190854,0.6672056980382014
1769100055.3398001,-1.3033621390304262,-3.4122518319639807,1.4400978807502858,0.7517734577073504,0.6594214648362112
1769100055.540486,-1.297560976227835,-3.384478323904259,1.4317731595021939,0.7545116874010344,0.6562866093219057
1769100055.7412925,-1.2908465985879405,-3.3531724596015513,1.4355962088378598,0.7532558016574011,0.657727677135048
1769100055.94179,-1.2846271447085442,-3.3245561217566917,1.428610773012313,0.7555484597176976,0.6550927606211312
1769100056.1424127,-1.2782842385724427,-3.2963299453525456,1.4224434764342957,0.7575649399771553,0.6527598039994567
1769100056.3432167,-1.290377994864245,-3.3699416329077776,1.4214255465327725,0.7578970737024887,0.6523741454665446
1769100056.5438414,-1.2840084769667903,-3.341410133725065,1.4156331489385054,0.7597832976707138,0.6501763918973185
1769100056.7444687,-1.2769983370721265,-3.31073988382681,1.4092260334093702,0.7618622729946556,0.6477390500714133
1769100056.9452367,-1.2705609494648382,-3.283210457549029,1.404368778710724,0.7634331414017914,0.645886862081427
1769100057.145811,-1.2640936603073387,-3.255740040090665,1.4070390830411175,0.7625701039558149,0.6469055855013293
1769100057.3463786,-1.2565296088742772,-3.224081560401141,1.3998069344335093,0.7649043718471359,0.6441438518911272
1769100057.547086,-1.2499359549193891,-3.1969537008305946,1.3990447004466655,0.7651498104581153,0.6438522870627317
1769100057.7478323,-1.2425231222138713,-3.1661179054989685,1.4018539625381181,0.7642446810285156,0.6449264047312859
1769100057.948481,-1.2359239246726488,-3.138704938332084,1.4029370593664543,0.7638953101070435,0.6453401856358117
1769100058.149052,-1.2285877309685322,-3.1072008589901867,1.4188275949003917,0.758743852288003,0.6513891053856835
1769100058.3496456,-1.2226619211239298,-3.079298715635912,1.4468209688175786,0.7495525400834223,0.6619448539376144
1769100058.5505333,-1.2198413433970257,-3.073070859580848,1.4751057625442914,0.7401164085414417,0.6724787742432602
1769100058.7511501,-1.2143519421029165,-3.040705180563488,1.4893248300129671,0.7353167335995894,0.6777236171836056
1769100058.9518068,-1.209959683941476,-3.012341268687934,1.5058742942484042,0.7296836423520097,0.683784894600564
1769100059.1523206,-1.2061482382389528,-2.9842256114615924,1.5326392762943355,0.7204678313365268,0.6934883589572661
1769100059.3529863,-1.202613103031201,-2.952480408129246,1.5516532043161035,0.7138424032322732,0.7003063781999794
1769100059.553665,-1.199775715080113,-2.923614223782233,1.5599359383499778,0.7109360642675946,0.7032566476925068
1769100059.7542841,-1.1974136245469986,-2.8947813427037277,1.5835813910240593,0.702572161443653,0.7116125054862327
1769100059.9550667,-1.1955826302211254,-2.8633239359198805,1.6027833169798282,0.6957077203147305,0.7183249737371524
1769100060.1554925,-1.1942371563172267,-2.834425202204959,1.6020786278134032,0.695960775038066,0.7180798003066334
1769100060.3561664,-1.1928140154721822,-2.805378044147714,1.602098905891344,0.6959534943632144,0.718086856643144
1769100060.5570173,-1.2244208168379707,-2.7573261776412696,1.6149049003787577,0.6913413511851358,0.7225282943535919
1769100060.7575364,-1.2232703738282449,-2.728824256541191,1.6163176485773876,0.6908308034770821,0.7230164596793139
1769100060.9581046,-1.222065199209601,-2.6993112874897554,1.6152401758917114,0.691220218449265,0.7226441791137257
1769100061.1588452,-1.2207963751547395,-2.6681543964404164,1.6168634881582822,0.690633452250527,0.7232049741480758
1769100061.3594608,-1.2198579902804685,-2.6393154289949186,1.6250850746257346,0.687654679141044,0.7260379068997899
1769100061.560089,-1.218968642777332,-2.6107535152538395,1.6240494082963515,0.6880305534335502,0.7256817191730287
1769100061.760845,-1.2177867958905118,-2.5787066001439793,1.6164604032416123,0.6907791947313648,0.7230657674971808
1769100061.9615583,-1.2164855439743227,-2.550591034291356,1.601711876785215,0.6960924415884798,0.7179521660691531
1769100062.1621964,-1.2145902842640932,-2.5196693035628517,1.5780924870146027,0.7045224994682678,0.7096816523928067
1769100062.3627934,-1.2120885283675076,-2.490492844910497,1.5541633949209042,0.7129628899723931,0.7012017666279894
1769100062.5632813,-1.2087037898207527,-2.458680859603055,1.540718504174869,0.717660535251194,0.6963931046061339
1769100062.7640877,-1.219330639881306,-2.470759047270788,1.5559696062119628,0.7123293400381993,0.7018453614014581
1769100062.9649918,-1.2153485649370854,-2.4418231909532575,1.527908927016843,0.7221060357201693,0.691782388599552
1769100063.1653745,-1.2106936342853096,-2.4131928205951008,1.507314966194001,0.7291908982268254,0.6843103345289735
1769100063.368723,-1.2051320834157353,-2.3821244842760443,1.4925470050284644,0.7342239077236452,0.6789073967243399
1769100063.7671893,-1.1931858984030115,-2.3249453523958086,1.4461845483757358,0.7497631397490772,0.6617063051487463
1769100063.967931,-1.1856904278964469,-2.294182452255767,1.4286783659606743,0.7555263194606372,0.6551182951210134
1769100064.1685262,-1.1783806590228965,-2.26632253339369,1.4080142541721112,0.7622545914959974,0.6472773267644018
1769100064.3691423,-1.1695105040770795,-2.2354262219576384,1.3921593753389772,0.767361837993785,0.6412143242245919
1769100064.569978,-1.2005426233974927,-2.2076816172258855,1.3923856772765824,0.7672892790596224,0.6413011478550189
1769100064.7705925,-1.1918396312142547,-2.1808622635167634,1.3657126491117253,0.7757735122917211,0.6310114560184837
1769100064.9713514,-1.1786997234764314,-2.1438450737288433,1.3333789170043602,0.7858731667899896,0.6183877147223036
1769100065.1719403,-1.1707985420933897,-2.123101962720831,1.3205745011219385,0.7898160807478493,0.6133437523869522
1769100065.3726494,-1.1567131157921224,-2.0877379876786306,1.3004495145045096,0.795947758409132,0.6053653160559151
1769100065.573166,-1.1477711845218501,-2.066841942061576,1.2777087906309006,0.802779381290635,0.596276165023075
1769100065.7738376,-1.1358215953916473,-2.0403845099049454,1.262137577197666,0.8073973757231494,0.5900080318736106
1769100065.9746199,-1.1197712561259607,-2.006342156768211,1.2443590550988257,0.812610142426523,0.5828076495942259
1769100066.1752124,-1.1350117113339047,-1.9708972869284143,1.2310273519159587,0.8164769694340676,0.577378003030736
1769100066.375888,-1.1243238554867407,-1.950579750098294,1.216524276672934,0.820642344006483,0.571442160873299
1769100066.5792048,-1.1060440950951314,-1.9173045717988848,1.1923006418736224,0.8275031861073925,0.5614610200023811
1769100066.9777336,-1.0764214994060308,-1.8670470257184437,1.1496554117183446,0.8392859895123782,0.5436901946956816
1769100067.1785338,-1.0594048348872422,-1.8400447439149235,1.1413172892286423,0.8415453668316804,0.5401864451873377
1769100067.3792498,-1.0477200862197151,-1.8220102799907314,1.120296944205053,0.8471762353436364,0.5313119858134047
1769100067.5798,-1.0262299533042776,-1.790652728629386,1.090537501094646,0.8549879347550647,0.5186478877073242
1769100067.7805595,-1.0096018445690136,-1.7673519229484957,1.07787242738476,0.858255126779603,0.5132232821653042
1769100067.98126,-1.019215455019616,-1.7523973866324953,1.0713013007342111,0.8599367189430996,0.5104006655690962
1769100068.182121,-0.9994908711051731,-1.7274020045003513,1.0460888549257863,0.8663024447723423,0.4995198436313245
1769100068.3825932,-0.9813040531935371,-1.7054268124117105,1.031504838799866,0.8699218832059219,0.4931895346816093
1769100068.5833354,-0.960708269081676,-1.6810779487597012,1.0200573572122262,0.8727305070438767,0.4882022757781225
1769100068.7838576,-0.9415836751247808,-1.6594053800599045,0.9925049684903897,0.8793730501218227,0.47613342533311215
1769100068.9846396,-0.9217088533369471,-1.6380022666361733,0.9673489596981014,0.8852921403141037,0.4650352957551429
1769100069.1853726,-0.8997844381845359,-1.6152279656737039,0.9555263965479731,0.8880256114329272,0.4597939902164618
1769100069.3860743,-0.8797211578863711,-1.5949870608404608,0.9392665857841125,0.8917343048651233,0.45255931050715925
1769100069.586657,-0.8567034637490392,-1.5727317317710874,0.9148635324595166,0.8971897036917111,0.44164537311012286
1769100069.787224,-0.8361822538224051,-1.5536903773997324,0.9031755685588311,0.8997553361658542,0.436394700977304
1769100069.9879866,-0.8531939628263893,-1.5271431128852386,0.8913755045012782,0.9023144035746492,0.4310785509645836
1769100070.188582,-0.8315745545080127,-1.5083819569204644,0.8662604216433136,0.9076564051893647,0.41971400991475094
1769100070.3892832,-0.8091530595032573,-1.4897442983140894,0.8480642390067551,0.9114373834075628,0.41143881213027955
1769100070.5899353,-0.7845010834568175,-1.4700771124200518,0.833099273425406,0.9144904240583535,0.40460754355989575
1769100070.7905142,-0.7610028087199614,-1.4521802150575658,0.8102165606644041,0.9190597272955234,0.3941182787736166
1769100070.9912784,-0.7378860403092095,-1.4352960039176814,0.7870956783162651,0.9235543943560623,0.38346744407525235
1769100071.191898,-0.7122761803569487,-1.417286093491893,0.7692406002812766,0.92694096561198,0.37520720444886196
1769100071.3927238,-0.6886301622726664,-1.401332984035074,0.7459190487663525,0.9312530544558836,0.36437308979476946
1769100071.5932813,-0.6615612846516388,-1.38404575633503,0.7281289066666644,0.9344572950438325,0.3560752220238917
1769100071.7940142,-0.6496236927094292,-1.3574961752275834,0.7170084661627419,0.9364226966763464,0.3508739562141931
1769100071.9945354,-0.6250295827290123,-1.3429973314540253,0.6893455218036532,0.9411860733924725,0.33788870246289576
1769100072.1953032,-0.59635246616287,-1.3271247196391787,0.6641810139388252,0.9453628626070025,0.32602002699756616
1769100072.396013,-0.5708881299560037,-1.3137202154942855,0.6456353862873752,0.9483452990394009,0.317239962472998
1769100072.596661,-0.5455603212503596,-1.3008764651699574,0.6385161034040757,0.9494685489142743,0.313862190495482
1769100072.7973328,-0.5162425150051372,-1.2866784006390548,0.6119232930797127,0.953557735677693,0.30121029983921704
1769100072.9979117,-0.4902222136389853,-1.2748675508135436,0.5928304230582366,0.956389725917661,0.2920936359442657
1769100073.198804,-0.4639175333578214,-1.2633839706690466,0.5766446440696696,0.9587222624969042,0.28434419880281925
1769100073.3993545,-0.4344364614645799,-1.2512227002309264,0.5522808222743455,0.9621148967091999,0.27264432055380416
1769100073.6000843,-0.4644107249371065,-1.196301438554881,0.5145803641900177,0.9670830706111974,0.25446087034594894
1769100073.8007474,-0.43788954614526593,-1.1865810462643351,0.4946149791417454,0.9695750465286349,0.2447942588154296
1769100074.0014203,-0.40745837576431987,-1.1761519366024713,0.47302447136893777,0.9721611159949898,0.2343133896032746
1769100074.2021108,-0.3796253038349975,-1.167296021359873,0.4549712758077606,0.974236534679329,0.2255286555983797
1769100074.4028935,-0.352084102126563,-1.1590385242419767,0.4359491380114266,0.9763374563249779,0.21625256386196184
1769100074.603526,-0.3214803323611717,-1.1505299527252095,0.41486271995168905,0.9785631460985348,0.20594700555661788
1769100074.806874,-0.2932092383567366,-1.1433968209806538,0.3897273601222626,0.9810740746762302,0.19363279680410192
1769100075.2054307,-0.2342529233098461,-1.1302026082350256,0.3607021879493644,0.9837807759471737,0.17937498397707743
1769100075.406174,-0.2431894215728369,-1.0763165672527266,0.3176366260298354,0.9874148583088791,0.15815150201897016
1769100075.606784,-0.21445406616617788,-1.0715245503095634,0.2921952539056927,0.9893467110480677,0.14557845080358278
1769100075.8074145,-0.18616797841099633,-1.0672928728361895,0.2879174785971878,0.9896558237110132,0.14346201795205557
1769100076.0082371,-0.1542768565131113,-1.0628758422204125,0.27035192287752463,0.9908776331595464,0.13476466934673736
1769100076.2087634,-0.125101084256534,-1.059594005184302,0.23996773711294875,0.9928105668554014,0.11969619183690305
1769100076.40986,-0.09662534586969324,-1.0569286455036189,0.22343521543146863,0.993766075820387,0.11148536472806098
1769100076.6102386,-0.06492571891188958,-1.0545371785743785,0.2053940012186518,0.9947312960843435,0.10251657714907467
1769100076.8109033,-0.03551111290124001,-1.052885918286865,0.1814977437824526,0.9958851462294972,0.09062436493268795
1769100077.0114808,-0.007102957079435812,-1.0519681499843399,0.1607565128563051,0.9967714067464832,0.08029173489616967
1769100077.2122204,0.02475991207441025,-1.051519493034109,0.14810766962856314,0.9972592676261061,0.07398616853062792
1769100077.412895,0.017598707144358572,-1.0195829758002621,0.11256577433762185,0.9984165363753612,0.056253176730092114
1769100077.6135879,0.04667093972524868,-1.0203424350429886,0.09343595645865028,0.998908913724375,0.04670098587812882
1769100077.8142962,0.07817544011726107,-1.0217695891916616,0.06916516872473402,0.99940208202323,0.03457569157129278
1769100078.0147812,0.10698881368268351,-1.0237111025892875,0.04861504039705769,0.9997045867768737,0.024305126563756347
1769100078.215415,0.13626444676567268,-1.02625384126521,0.03663467247165369,0.9998322422872634,0.018316311932894083
1769100078.4162397,0.167792323322389,-1.0291830279425611,0.03561268689027204,0.9998414712552945,0.017805402496099864
1769100078.6167085,0.19665581697531592,-1.0317870268854388,0.03895409860141044,0.9998103282714663,0.019475817869931005
1769100078.8173802,0.22564407529482539,-1.0344166965382184,0.04059947665512756,0.9997939673872112,0.020298344172371488
1769100079.0181482,0.25483320608492416,-1.037073348947351,0.04519499789522235,0.9997446873854846,0.02259557577269641
1769100079.218774,0.28595193811502834,-1.039746001642231,0.04428642697334954,0.9997548490653935,0.022141403980606236
1769100079.4194849,0.31520205626207415,-1.0422881158937454,0.0425582317190559,0.9997736081568452,0.021277510029203837
1769100079.620171,0.3264655693920183,-1.019330169376653,0.04230295636051579,0.9997763158249942,0.021149901073089762
1769100079.8207128,0.3646596945549789,-1.0227356111564805,0.0474649348825666,0.9997183982121612,0.02373023969770508
1769100080.0214057,0.38682569044598547,-1.0246454313599096,0.04800456850948048,0.9997119590042755,0.023999979663198133
1769100080.222178,0.4161537455403001,-1.0271675867238732,0.04813564022200016,0.9997103839982034,0.024065496590858444
1769100080.4227898,0.4539887935738783,-1.0303167892370881,0.05614931481195773,0.999605932689996,0.02807096954084676
1769100080.6234007,0.4757668699748491,-1.032001647682005,0.05466693507994631,0.9996264640332904,0.027330064110807156
1769100080.8241997,0.5071127736534364,-1.034379925929959,0.05695116616884545,0.9995945979787625,0.02847173496076691
1769100081.0247953,0.544961508546137,-1.0373616523403708,0.05662647973936043,0.9995992069994076,0.028309457185813767
1769100081.2254305,0.5734795083525057,-1.039539399757464,0.06184253218392495,0.9995219757410225,0.03091633889649159
1769100081.426086,0.5957735010556826,-1.0411102497328781,0.06750218366448599,0.9994304859659828,0.0337446843487885
1769100081.6267726,0.6253910662768181,-1.042775771098111,0.08582953816987689,0.9990793026125038,0.04290159777109736
1769100081.8273408,0.6706570845780244,-1.0183630793099745,0.1188612861457192,0.99823451906384,0.05939566439887791
1769100082.0280893,0.6994553243124275,-1.018890716648563,0.13966430314215955,0.9975627259982147,0.06977540898490542
1769100082.2286644,0.7218802500756909,-1.0189265056696784,0.15039169314597017,0.9971741242618898,0.07512500184714277
1769100082.429493,0.7610536866615009,-1.0182266392097232,0.17411535686674373,0.9962128731182291,0.08694775117001574
1769100082.6301441,0.789558651886081,-1.0171577343700058,0.19350965413700855,0.9953229021476021,0.0966039360506332
1769100082.8308268,0.8180391066911318,-1.0155598442366907,0.20955478086564094,0.9945158691857461,0.1045857826748936
1769100083.0313826,0.8504496813355542,-1.0131646470344295,0.22276075897273662,0.993803615324853,0.11115023242104173
1769100083.2322006,0.8790568764469164,-1.0105292997551716,0.24419245976444542,0.9925555104424751,0.12179309787618334
1769100083.4328234,0.9071551628669005,-1.0074008863235,0.26716024243030567,0.9910914342115791,0.13318321603128233
1769100083.6334977,0.9387802437527364,-1.003294135396028,0.28190466535662556,0.9900826557326242,0.14048606627503613
1769100083.83412,0.8942335898530785,-0.9907014194732464,0.30854883633426433,0.9881232860811051,0.15366317549848632
1769100084.0346754,0.9225967849431621,-0.9859806390403386,0.33848386891086657,0.9857127350171355,0.16843516267406375
1769100084.2354338,0.9534251854734815,-0.9800952349663438,0.35352464934400624,0.9844181748216222,0.17584327419854895
1769100084.4360926,0.9821315718114761,-0.9741784354297093,0.3682834327017644,0.9830937668725105,0.18310282776739947
1769100084.6367273,1.0130898101206722,-0.9672958511378027,0.3830091184727085,0.9817189743491253,0.1903361642013979
1769100084.8375182,1.0406890621841405,-0.9604987669284968,0.41341133660493445,0.9787123424429435,0.2052368162631807
1769100085.0381212,1.0682159515684786,-0.9531155579224582,0.4255926074666027,0.9774441745244349,0.2111939527738566
1769100085.2387843,1.0989720396005387,-0.9445876825401824,0.4334770502016403,0.9766040080940922,0.21504560301144102
1769100085.4394863,1.1265686028864357,-0.9365164662985546,0.45168437337394535,0.9746058641829994,0.22392724153195143
1769100085.6402493,1.1571469274661492,-0.9271107675040873,0.4578541712217185,0.9739104349081612,0.22693273183257712
1769100085.8408175,1.1846867350305033,-0.9185865116360656,0.4552382282018798,0.9742064232936932,0.22565869097668168
1769100086.041482,1.1876362362624486,-0.8832366261465114,0.4522223027723437,0.9745456004080914,0.22418936800221537
1769100086.242212,1.2148238400422209,-0.8747729904990351,0.45912142481637835,0.9737664487535072,0.22754978198623574
1769100086.4429107,1.2453482904411157,-0.8651082874733582,0.46118564230742515,0.9735310740236137,0.2285546934771396
1769100086.6434493,1.2729004346998176,-0.856453489837587,0.45738111331305537,0.9739640838262543,0.22670236746996045
1769100086.844132,1.30347151464908,-0.8467681486453472,0.4600658104782878,0.9736588928233239,0.22800956213733478
1769100087.0448642,1.330697986679795,-0.8378431905308844,0.47053615148583666,0.9724518868323873,0.23310368464726125
1769100087.245446,1.3582096822542495,-0.8288143723563794,0.46702840605024165,0.9728592251512916,0.23139777016650032
1769100087.4460964,1.3863022520188024,-0.8197712644415796,0.4587569290764749,0.9738079030448739,0.2273723113471506
1769100087.6467793,1.4162975527098507,-0.8104483672983536,0.4472275127030905,0.9751024501304686,0.2217548460565339
1769100087.8475206,1.4442726213086412,-0.8022279241420504,0.4245623090717085,0.9775528412184729,0.21069039519088475
1769100088.048185,1.472062762477125,-0.7947547739454469,0.3965566823973863,0.9804071659624434,0.196981696940325
1769100088.2487476,1.4975246506880118,-0.750411799021923,0.39743782059902305,0.980320286767083,0.19741361491271078
1769100088.4495368,1.525377267990478,-0.7438011572094905,0.38518321723357196,0.9815114895435127,0.19140322853618452
1769100088.6501844,1.5537283518999097,-0.7376730151984778,0.3577543009660292,0.9840440958053372,0.17792475238329333
1769100088.8509445,1.5851101920272763,-0.7317110054254623,0.33552735793807453,0.9859606481208776,0.16697784391067885
1769100089.0514054,1.6132681598352054,-0.7268433139860223,0.31999869997353164,0.9872273869343612,0.15931756490341295
1769100089.252095,1.6420751514953844,-0.7223332105170838,0.3057852006194422,0.9883346771621383,0.1522976228271859
1769100089.4526455,1.674138409502702,-0.7180563081345291,0.2804973789697073,0.9901812626870223,0.1397893666325663
1769100089.6533856,1.7025862926487298,-0.714862589783999,0.26306702928268705,0.9913619320254392,0.13115456427737615
1769100089.8540587,1.7314601245908579,-0.7120999900805648,0.23851892921075007,0.9928970147479526,0.1189769645965305
1769100090.054667,1.7554796838388205,-0.6705847746142038,0.21597191961370382,0.9941751797972896,0.10777621200908333
1769100090.2553883,1.7840616841335173,-0.6690004299806072,0.1987174691573122,0.9950679804081619,0.09919533439845797
1769100090.456022,1.8122636404601578,-0.6679563206305613,0.18067814096140483,0.9959222005979566,0.09021624219686551
1769100090.6565871,1.8450111067733839,-0.6674824627923398,0.15243021960929695,0.9970970341421616,0.07614134556799652
1769100090.8571358,1.86829624931149,-0.6675938833910506,0.14569086816849694,0.9973479444293917,0.07278102597839034
1769100091.057806,1.8702957105359008,-0.6676032978440745,0.14590161436740037,0.9973402697300957,0.07288611921827048
1769100091.258377,1.8702957144669328,-0.6676011383994612,0.1464531127816784,0.9973201335230719,0.07316113223236742
1769100091.459002,1.8702957147897403,-0.6676009631948939,0.14661110456043555,0.9973143509825557,0.07323991619495272
1769100091.659635,1.87027040507638,-0.6676007316438055,0.14664993999075165,0.9973129286427074,0.07325928174713447
1769100091.8602293,1.8702957148140387,-0.6676009502755145,0.14665459346807552,0.9973127581848046,0.0732616022334853
1769100092.060866,1.8702957148150978,-0.6676009497953731,0.14667508483572675,0.9973120075172456,0.07327182038083543
1769100092.2614732,1.8702957148150792,-0.6676009498037971,0.14667404821649374,0.9973120454946007,0.07327130346442144
1769100092.4620295,1.8702957148146369,-0.6676009498712909,0.14666488985804532,0.997312381006575,0.07326673659305447
1769100092.6626658,1.87027040507275,-0.667600731192862,0.14667778132569154,0.997311908727975,0.07327316500167884
1769100092.8632932,1.8702957148150214,-0.6676009498188762,0.14667450089834,0.9973120289102808,0.07327152919694858
1769100093.0653436,1.8702957148149824,-0.6676009498235329,0.14666751990716417,0.9973122846581548,0.07326804808326554
1769100093.26585,1.8702704050737635,-0.6676007310754635,0.14667340271586254,0.9973120691428852,0.07327098158164018
1769100093.4658139,1.8702957148151955,-0.6676009497987547,0.14667727237819436,0.9973119273740397,0.07327291121197656
1769100093.6658623,1.8702957148151862,-0.6676009497998485,0.14667315169013936,0.9973120783393279,0.07327085640614792
1769100093.8665457,1.8702704050724965,-0.6676007312221028,0.14668030367929824,0.9973118163167658,0.07327442278826557
1769100094.0671015,1.8702957148141044,-0.6676009499247879,0.14665365647034725,0.9973127925076726,0.07326113499358285
1769100094.2677372,1.8702957148142634,-0.6676009499064793,0.14667054713354996,0.9973121737575281,0.07326955762821312
1769100094.4683824,1.8702957148142385,-0.6676009499093446,0.1466618934926969,0.9973124907724111,0.07326524243684224
1769100094.669018,1.8702957148137025,-0.6676009499712451,0.1466629932143564,0.9973124504865735,0.07326579081990485
1769100094.8697765,1.8702957148138362,-0.6676009499558547,0.1466677373983446,0.9973122766905718,0.07326815653657814
1769100095.0703244,1.8702704050735917,-0.6676007310951478,0.14666886372644555,0.9973122354284217,0.07326871818698785
1769100095.2709317,1.8702704050743506,-0.6676007310074495,0.1466606790452576,0.9973125352606204,0.07326463684502842
1769100095.4716105,1.870295714813245,-0.667600950024229,0.1466624816074144,0.9973124692281844,0.07326553570391595
1769100095.672311,1.8702704050711678,-0.6676007313755628,0.14667808872323806,0.9973118974659676,0.07327331828729491
1769100095.8728552,1.870295714812805,-0.6676009500752198,0.1466651346955488,0.9973123720373451,0.07326685868279069
1769100096.0735872,1.8702957148127646,-0.6676009500799088,0.14665777964572344,0.9973126414712993,0.07326319104120137
1769100096.2743592,1.8702957148127752,-0.6676009500786658,0.14666317187716615,0.9973124439416334,0.07326587991122688
1769100096.4748652,1.8702957148128085,-0.6676009500749155,0.14665057311128327,0.9973129054516797,0.07325959745677657
1769100096.6755075,1.8702704050765728,-0.667600730751035,0.14665075934395497,0.9973128986300102,0.07325969032289971
1769100096.8761647,1.8702957148128312,-0.6676009500722462,0.14664979270036485,0.9973129340378987,0.07325920829983075
