timestamp,x,y,theta,qw,qz
1769097853.330932,0.0,0.0,8.444534495319651e-06,0.9999999999910862,4.22226724764728e-06
1769097853.531583,0.0,0.0,8.779940807512355e-06,0.999999999990364,4.389970403742077e-06
1769097853.732205,0.0,0.0,-9.730453091322457e-06,0.9999999999881648,-4.8652265456420345e-06
1769097853.9328585,0.0,0.0,-1.670312582496956e-05,0.9999999999651257,-8.351562912387696e-06
1769097854.1334858,0.0,0.0,6.709042043721091e-06,0.9999999999943736,3.354521021854254e-06
1769097854.3341324,0.0,0.0,3.310784952637509e-06,0.9999999999986299,1.6553924763179985e-06
1769097854.5348296,0.0,0.0,-5.708045037781641e-07,0.9999999999999593,-2.854022518890782e-07
1769097854.7354677,0.0,0.0,-1.8680295612397837e-06,0.9999999999995638,-9.340147806197561e-07
1769097854.936161,2.531068649675355e-05,-4.062411153910286e-10,-1.5838960962386562e-05,0.9999999999686409,-7.919480481110499e-06
1769097855.1368022,-4.0633525732504394e-16,-1.5156869553026512e-10,-2.7586746644037285e-06,0.9999999999990488,-1.3793373322014267e-06
1769097855.3374915,-3.9327820092666335e-16,-1.5380684946570756e-10,-8.461512604094347e-06,0.9999999999910504,-4.2307563020345525e-06
1769097855.5381823,-3.614066407066462e-16,-1.592700607561152e-10,-1.1439337799563502e-06,0.9999999999998365,-5.719668899781439e-07
1769097855.738821,-3.7450969343203926e-16,-1.570240224356186e-10,-3.6588164913904778e-06,0.9999999999983267,-1.8294082456942184e-06
1769097855.9394515,-3.745028401970055e-16,-1.5702519717167651e-10,2.678547340270758e-06,0.9999999999991032,1.3392736701349785e-06
1769097856.1401165,2.5310686498905672e-05,-3.4884459888591787e-10,-7.585702814456651e-06,0.9999999999928071,-3.7928514072192318e-06
1769097856.340856,5.0621372997802216e-05,-6.670691171595102e-10,-0.00022455998963627727,0.9999999936966014,-0.00011227999458222345
1769097856.5415125,0.0011895996516414669,-2.365594257982461e-06,-0.0016551528334748408,0.9999996575586568,-0.0008275763222719584
1769097856.742167,0.0030119688819873706,-2.9708013721844367e-06,0.000498491409589885,0.9999999689382895,0.0002492457022142765
1769097856.9428847,0.004960890914743445,-1.5047910410767221e-06,0.0009227743873141276,0.9999998935609307,0.0004613871772871892
1769097857.143569,0.006682015089209811,1.3463246522761287e-06,0.0031697152735089655,0.9999987441133985,0.00158485697328727
1769097857.34424,0.008732171711674798,7.321197601396951e-06,0.0036531465872898547,0.9999983318154653,0.001826572277957708
1769097857.5449162,0.011566950063894904,1.751775515539581e-05,0.0035303293918264953,0.9999984420972027,0.00176516377926148
1769097857.7455227,0.015363522317857075,3.276410737541532e-05,0.004437109537268535,0.9999975390083787,0.0022185529486857367
1769097857.9462433,0.01948912370317557,5.09980436625741e-05,0.005723211007988573,0.9999959056097638,0.002861601598483342
1769097858.1469479,0.023336289835918372,7.209331410276327e-05,0.006504185791169913,0.9999947119505598,0.003252087163173597
1769097858.3476028,0.027234051352313358,9.77591748552267e-05,0.006604501145779285,0.9999945475755317,0.003302244571130186
1769097858.5482836,0.03214423977481346,0.0001265580023109613,0.005103255734437584,0.9999967445993799,0.0025516250983612107
1769097858.7490008,0.03778842527494198,0.0001597849711100413,0.004734156527570493,0.9999971984715547,0.0023670760533058043
1769097858.9496217,0.04441975382237191,0.00019018589444487656,0.0033007862101625154,0.9999986381016085,0.0016503923558586178
1769097859.1503906,0.057809058049034925,0.00022470903770504912,-0.0004912716237765132,0.9999999698315241,-0.0002456358094181039
1769097859.3510177,0.07203365070309761,0.0002086230907115704,-0.002572791537582686,0.9999991725930771,-0.0012863954140004017
1769097859.5516996,0.08792873306609053,0.00018011687750558525,-0.0007195759487448336,0.9999999352763075,-0.000359787966610148
1769097859.7523408,0.10820259212500073,0.0002147519456838055,0.0032115540080431553,0.9999987107403837,0.0016057763139337034
1769097859.9531863,0.12260405625250023,0.0003161454935161873,0.005762060120172561,0.9999958498357671,0.002881026074502542
1769097860.153864,0.14748390277597523,0.0004842739245004332,0.005371569911491452,0.9999963932817538,0.0026857817267884145
1769097860.3545947,0.1668968940217119,0.000593257749028169,0.0015010654941937426,0.999999718350311,0.0007505326766344317
1769097860.5553315,0.1882337306226643,0.0006457527166412799,0.00035067644300033397,0.9999999846282541,0.0001753382206017488
1769097860.756389,0.20276199411592638,0.0006927749796753729,0.004179131818572914,0.9999978168579498,0.0020895643886798348
1769097860.9567604,0.22771714746877914,0.0009308031538697681,0.012784220852927642,0.9999795705317088,0.006392066897265446
1769097861.1575468,0.24687571356980909,0.00117797387773466,0.014303366922808272,0.9999744268208326,0.007151622497539364
1769097861.3581924,0.26811012150486435,0.0014121618261034017,0.009735030861441315,0.9999881536701551,0.004867496209974371
1769097861.5588937,0.2874977279840035,0.0015461338473658538,0.00751448422583151,0.9999929415741561,0.0037572332728399846
1769097861.7595656,0.30688525977315395,0.0016805211866753004,0.010011660925507484,0.9999874708568524,0.005005809556480799
1769097861.9601448,0.3259177735451032,0.0018850530036307162,0.014625982687744624,0.9999732601979726,0.007312926161109192
1769097862.160841,0.34707550026890216,0.0021745014017734952,0.016426168118373115,0.9999662728147073,0.00821299172424298
1769097862.3615263,0.36661367111653204,0.002430428474209633,0.01107594976086055,0.9999846654563034,0.005537946572962071
1769097862.5622551,0.38802552365005133,0.002637694061881137,0.006420364210860974,0.9999948473698499,0.0032101765918015586
1769097862.762873,0.406704018972102,0.002807422588406258,0.011043247448235885,0.9999847558744553,0.005521595666647675
1769097862.96371,0.4259128896979597,0.0030809147218132625,0.018237606828926604,0.9999584240002414,0.009118677039656835
1769097863.1643834,0.4472208935317397,0.003470809557389834,0.017190637043310218,0.9999630604771793,0.008595212685739578
1769097863.3651354,0.466175616912752,0.00380706254818885,0.016960166661242816,0.9999640443088236,0.008479981694625318
1769097863.565838,0.4875606344172868,0.0041330316692139105,0.011029778618318064,0.999984793036496,0.0055148613542238736
1769097863.7664256,0.5069718967308231,0.004413865324509298,0.014606016781647494,0.9999733331527427,0.00730294347463858
1769097863.9671457,0.5254462473069613,0.004715390414173432,0.01754558062575345,0.9999615193218594,0.008772677784947907
1769097864.1678457,0.5465252927728953,0.005164851679220677,0.023783610621142072,0.9999292933164826,0.011891525032545003
1769097864.3685021,0.5655290369257334,0.005581785960027554,0.02047592840978594,0.9999475925022338,0.010237785355572694
1769097864.56919,0.5871157955178389,0.005959070442656926,0.01707471962520106,0.9999635569650663,0.008537256103247933
1769097864.7698944,0.6061472290668828,0.006251277480471772,0.01817579688709344,0.9999587053351513,0.009087773349295534
1769097864.9705846,0.6256326936407197,0.006633327689853839,0.023033887245247766,0.9999336807378504,0.011516689023097123
1769097865.1713295,0.6466346180163067,0.007131124917484253,0.02608280435607004,0.9999149621198828,0.01304103250487425
1769097865.3719418,0.6657381451214587,0.007611328570507603,0.0253288156690877,0.9999198074589304,0.012664069302385509
1769097865.5726466,0.6854235641265514,0.008108944591317127,0.02401381206836739,0.9999279179697297,0.012006617538742584
1769097865.7733443,0.7068312553807484,0.008579319852501318,0.02043338856039099,0.9999478100329643,0.010216516543264519
1769097865.9739728,0.725505918949718,0.008994025215629971,0.026406078811238503,0.9999128411413674,0.013202655816108645
1769097866.1746747,0.7448354605087462,0.009540870061420792,0.031099153820771285,0.9998791077648547,0.015548950297632608
1769097866.3753707,0.7661875859120435,0.010197403613827195,0.028336693306458268,0.9998996306556028,0.01416787262750231
1769097866.576112,0.7854925592529812,0.010719409557532117,0.026268440090088038,0.999913747371852,0.01313384242254007
1769097866.776764,0.8051525110103093,0.011223062171969434,0.02666885829130324,0.9999110978169774,0.013334033990022767
1769097866.977497,0.8260010300791658,0.011781586749770385,0.030616752999401253,0.9998828290927134,0.015307778596242223
1769097867.1781147,0.8444185215590604,0.012346575698771012,0.033865654014768154,0.9998566431100996,0.016932017853845037
1769097867.378885,0.8653630903516416,0.013075527257431125,0.036721567970062485,0.9998314455410413,0.018359752376101872
1769097867.5795226,0.8841320322478854,0.01373467468933973,0.034156363016476954,0.9998541714026536,0.017077351337749243
1769097867.7801812,0.9055606996389942,0.014371963448004822,0.02756505176393347,0.999905022493649,0.013782089535890656
1769097867.980823,0.9244856203145054,0.014903526975662735,0.029847715835541504,0.9998886412992798,0.014923303946515554
1769097868.1815228,0.900591404018448,-0.009828388417008338,0.03183305238490621,0.9998733347710862,0.015915854163300238
1769097868.3822598,0.9218644073533921,-0.009077637293866342,0.028003236233723285,0.9999019789464512,0.014001160629418965
1769097868.582883,0.941065061037684,-0.008453411723766293,0.02499165888909059,0.9999219281391368,0.01249550425196679
1769097868.7835917,0.9608481187296221,-0.007827821434368267,0.024993231672387428,0.9999219183124675,0.012496290582216288
1769097868.9841962,0.982402534417887,-0.007161823054322376,0.02691649274419976,0.9999094391692043,0.013457840106322888
1769097869.1848693,1.001172561674123,-0.0065344760076110914,0.03217789824241406,0.9998705756499611,0.01608825501462367
1769097869.3855517,1.0202420066601032,-0.005782963905798242,0.037123309400079144,0.9998277374333574,0.018560588861705685
1769097869.5862138,1.041409062872789,-0.004910265282687671,0.037190580804114255,0.9998271125693385,0.018594218759045184
1769097869.786797,1.0605565047417491,-0.004211338031281769,0.028489611679516722,0.9998985444688777,0.014244324098385878
1769097869.9875565,1.0818820385663772,-0.0035150560199204896,0.02974595555958033,0.9998893993047934,0.014872429455186338
1769097870.1882272,1.1006754533265684,-0.0028319846748697513,0.035143894045698114,0.9998456173114124,0.017571042745400122
1769097870.388885,1.1194406081366726,-0.0020718284536958894,0.036892234585953365,0.9998298752023669,0.018445071233788433
1769097870.5895848,1.1403550611350812,-0.0012164287781924413,0.03600941025223268,0.9998379196751886,0.018003732379453515
1769097870.790193,1.1598539208000356,-0.0004344151180525318,0.03271481960811185,0.9998662205551808,0.01635668036914946
1769097870.9908679,1.181276930967507,0.000370781866832438,0.03127043738478126,0.9998777724582304,0.015634581669084466
1769097871.1914704,1.1998404647974124,0.0011047095144351964,0.038990154464660934,0.9998099770002811,0.019493842379001442
1769097871.3921325,1.21938275322965,-0.005266507979352408,0.04446750244214675,0.9997528403353074,0.02223191942872353
1769097871.5927129,1.238419675925838,-0.004350828704529495,0.046253269270061556,0.9997325913039806,0.02312457317720862
1769097871.7934165,1.2594551986645828,-0.003365538594234177,0.0437159304308255,0.9997611241892023,0.02185622474130673
1769097871.994072,1.2791558057152745,-0.0025559060283750594,0.03943393983122024,0.9998056268458204,0.019715692415844335
1769097872.1947584,1.298426104223928,-0.0017590698546649797,0.04099131945090348,0.9997899713186289,0.020494224813230846
1769097872.395451,1.3173393297487017,-0.0009075465257350063,0.04588702221357549,0.9997368091947567,0.022941498231080357
1769097872.5961795,1.3384227426308695,0.00013351024196147504,0.04906601632789611,0.9996990808484809,0.024530547297243743
1769097872.7968395,1.3580662959705003,0.0010808354359621505,0.0423783040861015,0.999775518317022,0.02118756649381755
1769097872.9974523,1.3774351434078709,0.0019412570826382106,0.03940333588712477,0.9998059284177422,0.01970039341578155
1769097873.1981266,1.3986242532625313,0.0028900971299267372,0.04490724158292344,0.9997479280474334,0.022451734117076804
1769097873.398813,1.4176077128425535,0.0038625755262073486,0.05138061140895469,0.9996700222455553,0.025687479899181184
1769097873.599474,1.4385084213610038,0.0050051316016236705,0.051144618776034545,0.9996730463142874,0.0255695223403293
1769097873.800178,1.4615816951821978,0.006283366109788149,0.05266638381691155,0.9996533015371126,0.026330148612391992
1769097874.000848,1.483318107244452,0.007440178634377501,0.04690647685875884,0.999724985410016,0.023451088395708034
1769097874.2015314,1.5025034366761325,0.008429106076057555,0.04818141881183393,0.9997098328940707,0.024088379250363057
1769097874.4023006,1.5170605826867523,0.009226859655222443,0.05277876697408436,0.9996518204262991,0.026386320667846276
1769097874.6029756,1.4887024385425567,-0.005451942737022597,0.04584613340362596,0.9997372780111053,0.022921059202091955
1769097874.8036773,1.508031770045533,-0.004316139618163822,0.04314106452912548,0.999767365089305,0.021568859552337283
1769097875.0043147,1.5230685294507889,-0.0034824603722160424,0.042662640387863424,0.9997724960162592,0.021329702515954684
1769097875.2049673,1.5490739657472485,-0.0020529983416433945,0.0446270629929514,0.999751063484995,0.02231167991482324
1769097875.4055734,1.5680747966145243,-0.0009360100633818841,0.048091721490507236,0.9997109122202079,0.024043543579095095
1769097875.6061845,1.5827012861908727,-2.3776496036256867e-05,0.05091192409425325,0.999676014494074,0.025453212866829462
1769097875.8069081,1.6084140637217839,0.0016359557571231712,0.05546194956832634,0.9996155211586163,0.02772742070204072
1769097876.0075824,1.6280426529626948,0.002854755072412292,0.047095474456243874,0.9997227648465532,0.023545561101052177
1769097876.2082548,1.6466657057118683,0.003928200207549033,0.04395863923254915,0.9997584644784638,0.02197754999230275
1769097876.40888,1.6677617574942443,0.00520117897308936,0.04967062599006498,0.999691619465282,0.024832760033510374
1769097876.609581,1.6869052193906695,0.006471267054028666,0.05392938946633396,0.9996364746462227,0.02696142720390927
1769097876.8101883,1.7061256150253705,0.007727757556265619,0.05140262804074618,0.9996697394090905,0.025698484581020906
1769097877.01091,1.7276222361787674,0.009084641740059692,0.049332485179815026,0.9996958036620678,0.024663741412292797
1769097877.2114406,1.7472763827088336,0.010300281334939765,0.048116535979011374,0.9997106138291424,0.024055947234713528
1769097877.4120412,1.766347115575382,0.011517977365648434,0.05369574568499395,0.9996396175099203,0.02684464759724795
1769097877.612652,1.7872050733399558,0.012942921022049088,0.05954880297148321,0.999556775253316,0.029770002438561895
1769097877.8133037,1.7675870907205582,0.005718354066004683,0.04578680138901351,0.9997379575474946,0.02289140097861643
1769097878.0140204,1.7870521391519043,0.007107297280751837,0.036695319802664154,0.9998316864098619,0.01834663050294475
1769097878.2147162,1.8081435715126724,0.008454465478380926,0.03436442193740143,0.9998523894447359,0.017181365535146927
1769097878.4154496,1.8273642403578452,0.009706744885116109,0.04039405257314969,0.9997960469977714,0.020195653186521917
1769097878.6160748,1.8465028713504559,0.011045794251016663,0.046370387618772976,0.9997312354339388,0.023183116652649292
1769097878.816807,1.8674835099419207,0.01253127076033271,0.0426036716126753,0.9997731244749096,0.021300224826909266
1769097879.0174055,1.886875368297304,0.01387873131634454,0.039261190094088794,0.9998073260565755,0.019629334262796012
1769097879.218082,1.906269570765955,0.015192088019870487,0.036714052388180256,0.9998315145260932,0.018355995218423553
1769097879.418661,1.9274836855016124,0.01660276985018072,0.03761679295580706,0.9998231273252014,0.018807287567696167
1769097879.6193724,1.9460403921094995,0.017919873600227273,0.04537676441688406,0.9997426296970517,0.022686435736442155
1769097879.8200512,1.9669886552683935,0.019500737995013603,0.045771243279837705,0.9997381355907036,0.022883623961778527
1769097880.0207052,1.9862208621008137,0.020949996445213726,0.042827095371555914,0.9997707387484103,0.02141191122851742
1769097880.2213314,2.005485823664525,0.022297230090514097,0.03634473745785954,0.9998348870513043,0.018171368553458123
1769097880.421932,2.0271024419591708,0.02375792928557481,0.038330268781857184,0.9998163544331131,0.019163961179241237
1769097880.6226199,2.0461395808372216,0.025098624702929173,0.041914570933182495,0.9997804041304642,0.02095575139969037
1769097880.823246,2.0650975371615603,0.026481718014605624,0.04711127974405186,0.9997225787431511,0.02355346155333016
1769097881.0240178,2.0269461338603247,0.005645561670479082,0.04954207097141664,0.9996932135880834,0.024768502294863656
1769097881.2246644,2.046537492780602,0.0070425415070388825,0.044280294824995674,0.9997549169478812,0.022138338657976184
1769097881.4254057,2.065703159000584,0.008359036626858288,0.045529705985570414,0.9997408919243808,0.022762886773069233
1769097881.6260364,2.0848628549172563,0.009759247133771382,0.052528362013035644,0.9996551162239883,0.0262611615737837
1769097881.8268275,2.1058817256527633,0.011412191614867756,0.05663608439163632,0.9995990710366349,0.02831425758688655
1769097882.0274975,2.1247044628010032,0.012903887478803625,0.05370763375215479,0.999639457926774,0.02685058948822848
1769097882.2281823,2.146179164103981,0.014572309103429687,0.04872048476614004,0.9997033039681025,0.024357833139663027
1769097882.4288013,2.1657165714370565,0.01601321217707323,0.046205170136993566,0.9997331471508283,0.023100530035052753
1769097882.6293628,2.184750281442304,0.01740117247612495,0.04877087732787814,0.9997026899239653,0.02438302193716104
1769097882.8300982,2.203625323453905,0.01887410731125029,0.05313312306450253,0.9996471296590426,0.026563436608191965
1769097883.0307474,2.2249180371640915,0.020596076761015686,0.054156637986057556,0.9996334047211289,0.027075009984185022
1769097883.231429,2.244070618752758,0.022090441740393013,0.05023848534050047,0.9996845284122858,0.02511660114556971
1769097883.4319792,2.2654996970293344,0.023691027180685192,0.04941747692998402,0.9996947546521189,0.024706224338004814
1769097883.6326628,2.284629111563767,0.02515688165863947,0.05241952203561468,0.9996565438758471,0.02620676031478459
1769097883.8333461,2.3035998110442786,0.0267040381113859,0.05708703495075941,0.9995926614621847,0.02853964174523256
1769097884.034056,2.3246107561060727,0.02845572934434859,0.05964697449520531,0.9995553127658942,0.02981906640851478
1769097884.2346675,2.5001935083954288,-0.006436497926958384,0.0567194667431109,0.9995978897132177,0.028355932022804627
1769097884.435279,2.519718608425692,-0.00483709337875117,0.04977990512276002,0.9996902611217624,0.02488738271298314
1769097884.6359274,2.5409133503212873,-0.0031604795728101126,0.049551851171823244,0.9996930924556724,0.024773390894554496
1769097884.83656,2.56000712693519,-0.0015665813933424394,0.058222681161282805,0.9995762948491893,0.029107228922840584
1769097885.037305,2.579194402480276,0.00012132560462184416,0.056654315847016176,0.9995988128900414,0.02832336965864069
1769097885.2378497,2.598436065322354,0.001768593295701254,0.054228806145385736,0.9996324270935202,0.027111080817961385
1769097885.4385207,2.619952800325911,0.0035457434253272635,0.051782097281387045,0.9996648455232365,0.02588815607577273
1769097885.639164,2.6393505298810176,0.0051495428197465,0.053604401318774135,0.9996408425209821,0.02679899184561072
1769097885.8398466,2.660029799421576,0.00691826624724852,0.057801844102468566,0.9995823974208504,0.02889689890602508
1769097886.0404325,2.678608558602205,0.008592018108670732,0.06256554083163855,0.9995107340396251,0.03127766838448507
1769097886.2412198,2.6980414264094605,0.010375340245517325,0.06328338844764654,0.99949944335839,0.03163641456089162
1769097886.441831,2.7197233310467035,0.012299741029158054,0.05510596447165086,0.9996204405982766,0.027549496149790197
1769097886.6425085,2.738740143126735,0.013902322503272599,0.05587146819734623,0.9996098227558714,0.027932100708241266
1769097886.8432062,2.75795282446548,0.015590775553010458,0.06192386722530867,0.9995207176236428,0.030956986951545352
1769097887.0438714,2.778921562088864,0.01753278813106872,0.06357957659999351,0.9994947472323806,0.031784434160128
1769097887.2446191,2.7977246519443293,0.019254670921176706,0.06047390763968993,0.9995428981397788,0.030232346556821905
1769097887.4452176,2.76597699835934,0.007328442568106053,0.0628308523775142,0.99950657608189,0.03141025897787464
1769097887.6459026,2.7855655540189295,0.009076453314148053,0.06094684095016476,0.9995357212525156,0.030468704275265428
1769097887.8465805,2.8045221320619116,0.01078752017664325,0.06736766468032898,0.9994327533556794,0.033677463085657576
1769097888.0472686,2.823292329193389,0.012588554465753549,0.07358168249306248,0.9993232933359468,0.03678254200292835
1769097888.247923,2.8491309328503642,0.015184948536386716,0.07355180987160939,0.9993238426199522,0.036767615795600395
1769097888.4485135,2.8640685457635358,0.01664937100802541,0.06740135175120186,0.9994321859663646,0.033694297061877036
1769097888.6491363,2.883298769640921,0.018425264693397586,0.06709906082093234,0.999437267290557,0.033543237034961364
1769097888.8497968,2.9046914311669645,0.020455252978850952,0.07387261904431028,0.9993179320696578,0.036927911449509986
1769097889.050502,2.9237313744124616,0.022358728848268894,0.07407785370091399,0.9993141373644848,0.03703045859121185
1769097889.2511406,2.9487888145949555,0.024881989464566406,0.0749313712590538,0.9992982432925971,0.03745692128738585
1769097889.4517672,2.9638231343877246,0.02639719557029921,0.07337846947015089,0.9993270255232674,0.03668100405958134
1769097889.652536,2.989263638334898,0.02890487978552428,0.0724661809929797,0.9993436533875851,0.03622516299416996
1769097889.8531804,3.0081030748540414,0.030778563629242944,0.07822910693901189,0.9992351233793743,0.039104580358400934
1769097890.0537863,3.027231786889105,0.03280830435703655,0.0831696302184444,0.9991354761717998,0.04157283073055001
1769097890.254563,3.0481396591313437,0.03510070891295988,0.08168846019971185,0.9991659903882368,0.04083287464156543
1769097890.455148,3.0625842108625485,0.03665873990060822,0.08017391591739483,0.9991966254922928,0.04007622243693672
1769097890.6557808,3.0390111611044923,0.024239061452912686,0.062093246850539206,0.9995180922977585,0.031041636062707396
1769097890.856377,3.057917452840722,0.026205899707340413,0.0642314774344978,0.9994843339879906,0.03211021819581342
1769097891.0570881,3.0783019322692393,0.028394674876702636,0.06901229231908267,0.9994047220072999,0.03449929897130768
1769097891.257776,3.097042736266079,0.030479557638463856,0.07227280642814776,0.9993471512289972,0.036128539002950606
1769097891.458436,3.118601305253899,0.03287521447913172,0.06819004209425036,0.9994188210734484,0.03408841568859569
1769097891.6591766,3.133398317464993,0.03446994251170532,0.06555430010406706,0.999462877307586,0.03277128139150626
1769097891.859737,3.1566048995449725,0.03692873872471811,0.06867942133392228,0.9994104500729496,0.03433296207705274
1769097892.0604887,3.1778608998394975,0.03929670190054935,0.07472425647618518,0.9993021168753461,0.03735343636738403
1769097892.261141,3.196766130413172,0.04150352899196266,0.07653351228121916,0.9992679170289258,0.03825741753793397
1769097892.4618318,3.2157731167445167,0.04371214610970425,0.07622521993689554,0.9992738023915491,0.038103383759651804
1769097892.662463,3.237572363512771,0.0462314436140753,0.07251978438663947,0.9993426821328193,0.03625194708678289
1769097892.8630884,3.256738175090263,0.04838798973781158,0.07117149113385365,0.9993668941713354,0.035578235402265214
1769097893.0637333,3.2756748675983602,0.05054307443671838,0.07618309423939612,0.9992746047356973,0.03808233619824187
1769097893.264448,3.2965585181062576,0.05304623473148892,0.08004621830835934,0.9991991822744859,0.04001242484527546
1769097893.465054,3.3155546112282326,0.05534663715871202,0.0771264801543885,0.9992565304001508,0.03855368273787142
1769097893.665736,3.336871912822062,0.05784722613243348,0.07468482742670782,0.9993028530863958,0.03733373559382181
1769097893.8663366,3.2949055560192515,0.03995258161101235,0.07529829880676216,0.9992913544868314,0.03764025568289724
1769097894.066954,3.3140581442863337,0.04222342397945471,0.07692886728991682,0.9992603348742591,0.03845494957718064
1769097894.267594,3.3346829735822254,0.0447592218229909,0.08248349655649768,0.9991496796342636,0.04123005804929638
1769097894.4682121,3.3536186729720887,0.04713579175556139,0.08491419198109082,0.9990988328829226,0.04244434157790543
1769097894.6689103,3.3731567358236947,0.04959092316583853,0.08136974761096964,0.999172484677176,0.040673650734085666
1769097894.8694944,3.3942377688998158,0.05214892658907448,0.0767445462167814,0.9992638746593998,0.038362857045368355
1769097895.070188,3.4128551831630602,0.05441822868643377,0.08210938561202978,0.9991573744621988,0.0410431609139152
1769097895.2708087,3.4320361120752065,0.05687318920760055,0.08854385094033787,0.9990201583643441,0.044257464700103805
1769097895.4714847,3.4531959948779147,0.059615788711584,0.08592333455058196,0.9990772895064982,0.04294845273521163
1769097895.6721632,3.472305078760405,0.06203360274579624,0.08298284649657572,0.9991393543785707,0.04147951942794051
1769097895.8728373,3.4919197859827182,0.06448783442145851,0.0821633732413674,0.9991562661866937,0.04107013196794975
1769097896.0733783,3.5131900522893895,0.0671655831085987,0.08328621002205262,0.9991330511981925,0.04163107016868582
1769097896.2739978,3.531890517148516,0.069586069723106,0.09016197653503152,0.9989840243294632,0.04506572017077343
1769097896.4746482,3.550778626611904,0.07213200374214913,0.09302545292559974,0.9989184781429967,0.04649595707671235
1769097896.6753702,3.570240867779568,0.07477654486880432,0.08936124418136931,0.9990019870539624,0.04466575715506102
1769097896.8759644,3.5915021114678467,0.07752387928727246,0.08101330578142768,0.9991797177041735,0.04049557665484282
1769097897.0766191,3.617775810712002,0.044723430071504686,0.08205032874379493,0.9991585859668748,0.04101365734332139
1769097897.2773867,3.638674994520352,0.04750766918401515,0.09101329073055384,0.9989647512864442,0.04549094071584575
1769097897.4780538,3.6575576432010495,0.050093935594094516,0.08800614113439928,0.9990320210945121,0.04398887163606792
1769097897.6787577,3.676016522260255,0.052603364876573674,0.08947548134532521,0.9989994341796139,0.04472281865906192
1769097897.8793504,3.697814590665121,0.0555399246597275,0.08615487596416244,0.9990723106385359,0.04306411633108153
1769097898.0800128,3.7169590248187308,0.058078828602860885,0.08667120591837968,0.9990611596983898,0.043322040373328825
1769097898.280549,3.735570168759067,0.06059541686365376,0.0923865273351969,0.9989332808981072,0.04617683742032766
1769097898.4812443,3.756571098181489,0.06356843987965576,0.09704723728545415,0.9988229601931949,0.04850457907149906
1769097898.681885,3.7756373755706605,0.06630329074283729,0.09253110049256327,0.9989299403226308,0.04624904676882861
1769097898.8825333,3.7946640017374733,0.06895689598942199,0.08768737064603266,0.9990390195819965,0.04382964011537391
1769097899.0832608,3.8161396170879724,0.07182252318723946,0.08124798618088577,0.9991749590664174,0.04061282032342821
1769097899.2840023,3.8351390132731495,0.074095820964778,0.0638679435884963,0.9994901540524284,0.03192854447438917
1769097899.4845698,3.853945971919333,0.07603720690157427,0.04408445746373814,0.9997570799119313,0.022040443869581015
1769097899.6852958,3.8752077195349495,0.07782166774698955,0.02338394911304404,0.9999316496441275,0.011691708171767576
1769097899.8859146,3.8950394830738313,0.07903025520788969,0.002184081030769378,0.9999994037238157,0.0010920402983320963
1769097900.0892386,3.9142844646716917,0.07981990041896563,-0.017900406918011688,0.9999599471963952,-0.008950083965106315
1769097900.4877138,3.929096156161742,0.06140414131821628,-0.022052053645683314,0.9999392139820843,-0.011025803412514969
1769097900.6884477,3.9484492748390454,0.062012595764989714,-0.021888939284069993,0.9999401098899411,-0.010944251152665497
1769097900.8891358,3.969548706261007,0.06265197010616516,-0.02541351967627454,0.9999192702134477,-0.012706417898293762
1769097901.0898101,3.9891325169401655,0.06316164574849178,-0.0270156626550916,0.99990877063358,-0.01350742055474955
1769097901.2904394,4.008259992531228,0.06369435248966057,-0.02312402808585175,0.9999331606602317,-0.011561756442649666
1769097901.4911084,4.029156175280535,0.06435641003427403,-0.01792394861319958,0.9999598417770473,-0.008961854340624511
1769097901.6917572,4.048559708196725,0.06497136815837037,-0.020757847445896233,0.9999461394546766,-0.01037873738411516
1769097901.8923397,4.06811664581647,0.06553898049221404,-0.02524618426144784,0.9999203298304414,-0.012622756900979906
1769097902.092988,4.08952194800421,0.0661064335480894,-0.029135955233429656,0.9998938888907272,-0.01456746233831472
1769097902.2936013,4.108599554483508,0.06661038669149252,-0.02449411764509963,0.9999250057124744,-0.01224675266786891
1769097902.4942966,4.127750733079312,0.06719611911019338,-0.018125448183428122,0.999958933797094,-0.009062600034152277
1769097902.694965,4.148847307662175,0.06792266309787351,-0.01900945999322158,0.9999548303938988,-0.009504586887876493
1769097902.8956351,4.168274950158491,0.06857532992365986,-0.022973245644787404,0.9999340294734326,-0.011486370228430746
1769097903.0963044,4.187932763955967,0.06915629974284579,-0.02630567411471532,0.9999135026856643,-0.013152457826810349
1769097903.297069,4.207160933255981,0.06970836240740655,-0.021043380977581592,0.999944647525286,-0.010521496354205491
1769097903.4977288,4.228107454247349,0.0703782909398791,-0.019705067766536202,0.9999514641806656,-0.009852374482484138
1769097903.6983232,4.198117480654556,0.0347463990522713,-0.015128781126020946,0.999971390134127,-0.007564318424139739
1769097903.8989854,4.198117480654556,0.0347463990522713,-0.015128781126020948,0.999971390134127,-0.00756431842413974
1769097904.0996113,4.239074792099926,0.03604765951468016,-0.020948930986115406,0.9999451432878679,-0.01047427396077781
1769097904.3002741,4.25853127199543,0.03658707625514281,-0.021483993707260344,0.9999423053065865,-0.010741790267430528
1769097904.5009272,4.283904062797673,0.037423746377533505,-0.013018789377048387,0.9999788139652029,-0.006509348719038472
1769097904.7015316,4.302544763418388,0.038127013271166764,-0.011932530754977529,0.9999822018915184,-0.005966229981367292
1769097904.9021103,4.317619534074792,0.038686968568286316,-0.01231568995480209,0.9999810405325277,-0.006157806060864673
1769097905.1028056,4.343824888076913,0.03961805099659751,-0.015322470902570877,0.9999706528792234,-0.007661160506071447
1769097905.3034806,4.362721523377695,0.040246581359351406,-0.016015471876526494,0.999967938253899,-0.008007650357414822
1769097905.504128,4.377569866559253,0.04076443183752445,-0.014144333080381622,0.9999749923344452,-0.007072107587300663
1769097905.704849,4.403292210778224,0.041743312241237805,-0.010830505386121798,0.9999853375549665,-0.00541522622608671
1769097905.905595,4.417961100046143,0.042319416264705055,-0.01272507797306495,0.999979759117105,-0.006362496058672368
1769097906.1062288,4.443381738218632,0.043236611353262754,-0.01859443808088159,0.9999567811703718,-0.009297085101746306
1769097906.3068392,4.46270793325859,0.04389335230848564,-0.016851712876959874,0.9999645026816509,-0.008425756739807881
1769097906.5075173,4.481627392409682,0.04459319415610232,-0.0105435180343237,0.9999861043106143,-0.0052717345988972895
1769097906.7081828,4.477678809877173,0.01746525302105259,-0.015775595590951194,0.9999688914842602,-0.007887716002745342
1769097906.9089174,4.497226649489206,0.018288290731280105,-0.016746807536498435,0.999964943259498,-0.008373305919939525
1769097907.1095207,4.516699746665168,0.01908069770502055,-0.01768272671946576,0.9999609154015742,-0.008841248172387258
1769097907.3101108,4.538046741934731,0.01988680544217178,-0.02196354466857319,0.9999397009442047,-0.01098155160323169
1769097907.5107234,4.55726972084376,0.020597651864721706,-0.0186596307935351,0.9999564775880349,-0.009329680044351737
1769097907.711496,4.576490076284566,0.021376610333869644,-0.015980770460178984,0.9999680770417847,-0.007990300204330598
1769097907.9121509,4.595557427875208,0.022179553942237,-0.015660533260374747,0.999969343618887,-0.007830186614144495
1769097908.1128829,4.617308695224279,0.023011947597082666,-0.02103661404880848,0.9999446831186706,-0.010518113077041844
1769097908.313529,4.636734851478396,0.023708302426674682,-0.022842091559330625,0.9999347805655908,-0.011420797487203697
1769097908.5141473,4.655603588175631,0.024409516280651605,-0.02021145683841582,0.9999489375611267,-0.010105556410909133
1769097908.714837,4.676796765471101,0.02526246909502991,-0.015019496943556967,0.9999718019714677,-0.007509677884945231
1769097908.9155202,4.696116448519,0.02608886408486019,-0.016912430313286646,0.9999642464256673,-0.008456114376430714
1769097909.116243,4.715411546032346,0.026897988529828804,-0.018026771451193083,0.999959379713885,-0.009013263683163701
1769097909.3168297,4.73698517119482,0.02773873231766491,-0.02465264639385876,0.9999240318401021,-0.012326011059317996
1769097909.517548,4.75633599608419,0.02841521762262203,-0.02079794433813182,0.9999459311761602,-0.010398784748325554
1769097909.7181616,4.7751023570379445,0.02914433058832469,-0.015252585771558214,0.9999709199693526,-0.007626218961358843
1769097909.9188492,4.764156132348483,0.009682724246252817,-0.016148431800699695,0.9999674036958853,-0.008074128170293543
1769097910.1195376,4.783453633603342,0.010433123568763015,-0.020483066095083557,0.9999475559588207,-0.010241354011122186
1769097910.3201995,4.805307495745423,0.011231374276178586,-0.024269790064930314,0.9999263730647808,-0.012134597212626486
1769097910.5208817,4.824329239808894,0.011904050446266402,-0.022698424893750423,0.9999355983796911,-0.011348968809938891
1769097910.7215512,4.8435269154517995,0.0126144267446494,-0.020410427397525414,0.9999479272586159,-0.010205036560329861
1769097910.9221807,4.862669798245386,0.013428716635734184,-0.016253876362570797,0.9999669766196576,-0.008126848721431587
1769097911.1228697,4.883885718446692,0.014344171716081645,-0.01976416625012326,0.9999511726139121,-0.009881922285775368
1769097911.3234942,4.903460338914134,0.015131888126474247,-0.021627847632451454,0.9999415300956456,-0.010813713052373754
1769097911.5241,4.922986990262173,0.015850761231015188,-0.021780157432517492,0.9999407036787951,-0.010889863468206007
1769097911.724802,4.944003990199694,0.016675074957268877,-0.01743747585146635,0.999961992045261,-0.008718627464987794
1769097911.9254518,4.963071450623842,0.017475438378847786,-0.018486580393890485,0.9999572810973217,-0.009243158575498943
1769097912.1261952,4.982442351414465,0.018289205246523544,-0.0183659897856485,0.9999578365986945,-0.009182865830361849
1769097912.326805,5.003231229591988,0.019117127576718396,-0.02236137700924184,0.9999374967534015,-0.01118045556054001
1769097912.5274615,5.0222769224115025,0.01982742607717296,-0.022733092342169137,0.9999354015095765,-0.01136630141612251
1769097912.7281375,5.043522355834383,0.02063945242600178,-0.016733655238296338,0.9999649983019842,-0.008366730001195822
1769097912.9287577,5.062562991278142,0.021473711114736106,-0.012144817097195086,0.9999815629838636,-0.006072371229520207
1769097913.1295228,5.0696508242108544,-0.010473745450901174,-0.017042257246491953,0.9999636954031658,-0.008521025504283316
1769097913.3299744,5.091473664714545,-0.009533739442234446,-0.019168710988672785,0.9999540704164712,-0.009584208758735006
1769097913.5307665,5.111073842940644,-0.008752112715035943,-0.02480918671890246,0.9999230640183377,-0.012404275237963799
1769097913.7313576,5.131508770413277,-0.007940336068108279,-0.020875541635587413,0.9999455269647367,-0.010437581291419487
1769097913.932137,5.150727809496155,-0.007129904971859547,-0.017903311728297885,0.9999599341961926,-0.008951536312067077
1769097914.1327488,5.170020739722514,-0.006271187646959265,-0.01641326006056529,0.9999663258007667,-0.008206537912844288
1769097914.3334,5.185041289964098,-0.005622533247625339,-0.018468408218493073,0.9999573650401945,-0.009234072875566513
1769097914.5340111,5.185041289964098,-0.005622533247625339,-0.018468408218493073,0.9999573650401945,-0.009234072875566513
1769097914.7347395,5.230414914340503,-0.0038736742561652944,-0.0214102365743901,0.9999427007684373,-0.01070491382139678
1769097914.9353328,5.2492794826777445,-0.0030670790905955488,-0.013009863746246676,0.9999788430052665,-0.006504885998122172
1769097915.1359704,5.270415948236666,-0.0020753718255065896,-0.012684758784416397,0.9999798871792439,-0.006342336871104557
1769097915.3366392,5.290061977335818,-0.0011805543566551953,-0.014106843506923848,0.9999751247239145,-0.007053363268093779
1769097915.5372589,5.309531719545369,-0.00030935799144337153,-0.017106445167867818,0.9999634214147158,-0.008553118295419012
1769097915.7378812,5.330723291575363,0.0005828986853566136,-0.01835878566701813,0.9999578696694349,-0.00917926392286217
1769097915.9385462,5.349864406374392,0.001437511811267677,-0.011346664860251604,0.9999839066927346,-0.0056733019958658095
1769097916.1392808,5.368951345407102,0.0023658943029109085,-0.010946829013915745,0.9999850209042133,-0.005473387177997188
1769097916.3399837,5.3515427824378525,-0.026265279025073144,-0.012255370328013672,0.9999812257960108,-0.006127646816488423
1769097916.54066,5.37124073199878,-0.02539840995715076,-0.015565775386436248,0.9999697134824574,-0.00778280912087126
1769097916.741278,5.39073750343656,-0.02456621744265858,-0.015542471192749922,0.9999698041006194,-0.007771157376401455
1769097916.9419181,5.409523755788826,-0.02370833095601022,-0.008808660757451675,0.9999903009526362,-0.00440431613944698
1769097917.1426094,5.430631853786088,-0.02265469776387913,-0.006376793293411052,0.9999949170677177,-0.003188391244568947
1769097917.3432803,5.449994311161983,-0.02166015201472238,-0.004834433370874116,0.9999970785331703,-0.002417214331497144
1769097917.5439856,5.471127392995875,-0.020598321014868307,-0.005326452709154315,0.9999964536147883,-0.002663223206300893
1769097917.7445333,5.490443365225744,-0.01968762060409635,-0.0107000704507643,0.9999856885956797,-0.005350009703185387
1769097917.9452589,5.50973424006546,-0.018783413094609683,-0.00657221530832447,0.9999946007531013,-0.0032861017399912528
1769097918.1459277,5.528793836837748,-0.017813948865062438,-0.004247667102793446,0.9999977446663707,-0.0021238319547454056
1769097918.3466065,5.55007826453694,-0.016738948648635846,-0.009035380888563314,0.999989795253881,-0.0045176750769765255
1769097918.547234,5.56977225360276,-0.01578648670401817,-0.010761602721231113,0.999985523523287,-0.0053807753955753
1769097918.7479453,5.595662217823835,-0.014578352430586753,-0.011653229490121122,0.9999830253283298,-0.005826581776732503
1769097918.9485657,5.610274904485017,-0.013875477585731603,-0.010166135272954645,0.9999870812395173,-0.0050830457474807
1769097919.1492047,5.62946101669012,-0.01290193786089278,-0.0029130469823301867,0.9999989392698474,-0.001456522976172262
1769097919.34985,5.648719573622668,-0.011860001575878246,-0.005874746548404143,0.9999956859222259,-0.002937369050181938
1769097919.5505412,5.6490986728992505,-0.04626085884795824,-0.0038706653683660977,0.9999981272442853,-0.0019353314760477834
1769097919.7511315,5.664343082256679,-0.04551935943868137,-0.005641534736901899,0.9999960216383644,-0.002820763627772397
1769097919.9518545,5.683733612014648,-0.0445784419807165,-0.0036181376574407212,0.9999983636354327,-0.0018090678419548762
1769097920.152554,5.708908639301107,-0.043262363039285066,0.00047182240835732256,0.999999972172952,0.00023591120199042382
1769097920.3531733,5.728141945586749,-0.042221848588723375,-0.005102414378793254,0.9999967456727035,-0.0025512044219082953
1769097920.55381,5.743408809895831,-0.0414251818072506,-0.004833725768142229,0.9999970793883215,-0.002416860531164668
1769097920.7543955,5.769219278542027,-0.040145426487799084,-0.008738040817378707,0.999990455845516,-0.004369006509145269
1769097920.9550524,5.788432409740949,-0.03920529188509755,-0.00610708345422307,0.9999953379450829,-0.003053536981850319
1769097921.1556191,5.809259281432968,-0.038102862496644706,-0.00013862979257933065,0.9999999975977226,-6.931489623416079e-05
1769097921.3563998,5.828337927022757,-0.03701577779125589,0.002726726936351702,0.9999990706201708,0.001363363045814989
1769097921.5570612,5.847568937304486,-0.035933914923431585,-0.00043528865320643375,0.9999999763154737,-0.00021764432488494926
1769097921.7577188,5.867182193257546,-0.034888341874386185,-0.0036584963371275535,0.9999983269260354,-0.0018292471484078344
1769097921.9583795,5.888642667346731,-0.03378585533484287,-0.0032863728179484976,0.9999986499695165,-0.0016431856695236014
1769097922.1591203,5.907445456737915,-0.032752917672278246,0.0018854706989759665,0.9999995556250634,0.0009427352098453252
1769097922.3597503,5.926750609955631,-0.031637837836278125,0.0023505331834175803,0.9999993093742987,0.0011752663211523396
1769097922.560429,5.948356087965151,-0.03040460659421359,-0.001055400835670324,0.9999998607661378,-0.0005277003933439059
1769097922.7611172,6.001386456723777,-0.05872189510593064,-0.019746654132348645,0.9999512591022732,-0.009873166654044823
1769097922.9617045,6.020773275490652,-0.05770823176827335,-0.020686657799630734,0.9999465082505364,-0.010343144471571626
1769097923.1623967,6.04215350779492,-0.0565272412832187,-0.01534319405813906,0.9999705734438333,-0.007671521779361618
1769097923.363009,6.060848392359565,-0.05538153518560326,-0.011199959392849033,0.9999843201546762,-0.005599950427455436
1769097923.5636816,6.080199133777562,-0.054180350370993245,-0.012033088250090534,0.9999819006529936,-0.006016507826494836
1769097923.7643118,6.099881466943541,-0.053011233774077036,-0.012538207263083533,0.9999803492341875,-0.0062690625672588655
1769097923.9649997,6.121031842764273,-0.05179972089897313,-0.016627542010652127,0.9999654408048937,-0.008313675232693994
1769097924.165654,6.1414497442701546,-0.050636141217926776,-0.016755411628775356,0.9999649072278961,-0.008377607815184773
1769097924.3663146,6.16019627993255,-0.04950561538849476,-0.011497158139077208,0.9999834769648426,-0.005748547408179038
1769097924.5670216,6.179269737691633,-0.04833085828792135,-0.012963141316749765,0.9999789946944379,-0.006481525275853929
1769097924.7676606,6.200443799612119,-0.047090902457598914,-0.017260613926343923,0.99996275913201,-0.008630199829531868
1769097924.968342,6.219625474068449,-0.04603332157995784,-0.019810465701910973,0.9999509435821781,-0.009905070878678644
1769097925.1689034,6.2407003386125295,-0.044831089836023484,-0.017101815483586122,0.9999634412111553,-0.0085508035379289
1769097925.3695667,6.2592680165692895,-0.04367836272848243,-0.008938726199059386,0.9999900124133676,-0.0044693482201360706
1769097925.570249,6.278515565717986,-0.04244972365287727,-0.010435372178168785,0.9999863879068195,-0.005217662414519831
1769097925.7709131,6.30028978357298,-0.04107116803547486,-0.011289385354553483,0.9999840687645905,-0.005644662701602287
1769097925.9715626,6.301617377908431,-0.07132157784580086,-0.018326269942890556,0.999958018772488,-0.00916300674453508
1769097926.1722777,6.320796160015451,-0.07021303920128864,-0.01669384992054226,0.9999651646241062,-0.008346828037289858
1769097926.3728442,6.342118872926794,-0.0689144812233914,-0.01198430954072379,0.999982047094322,-0.005992118911455844
1769097926.5735514,6.361164273042991,-0.06769743074483682,-0.010798047965147169,0.9999854253054216,-0.005398997752839575
1769097926.7743485,6.380439743147858,-0.06650949312828015,-0.017556667010333475,0.9999614706778567,-0.008778220763797312
1769097926.9749725,6.40219563457698,-0.06524700715351685,-0.019791910428598715,0.9999510354347916,-0.00989579369672398
1769097927.1756053,6.421349168163948,-0.0641399432785665,-0.018240596120678326,0.9999584103699314,-0.009120171623381114
1769097927.3763323,6.4401959331663345,-0.06299054022951757,-0.01133909990978308,0.9999839281447054,-0.00566951958146351
1769097927.5770984,6.461614191605275,-0.06159924211917246,-0.00797679577300215,0.9999920463516929,-0.003988387312390769
1769097927.7804158,6.480632032753133,-0.06034837796455135,-0.01294816058674241,0.9999790432153757,-0.006474035068005904
1769097928.1817355,6.520802537895284,-0.05792154354659719,-0.02019209030380818,0.9999490353690502,-0.010095873637582933
1769097928.580389,6.560186134336665,-0.05547702069719353,-0.011789290365659701,0.9999826266293902,-0.005894611046171854
1769097928.780986,6.579156635318416,-0.054278794526083154,-0.01837632979820743,0.9999577891098567,-0.009188035618533517
1769097928.9816575,6.600857778563091,-0.05294818629367866,-0.015403193885880082,0.9999703428488566,-0.007701520806981314
1769097929.1822774,6.616884830977115,-0.08923017010897225,-0.022935323974831417,0.9999342470848581,-0.011467410642245407
1769097929.382907,6.635959209983047,-0.08807108599204075,-0.02104451254632008,0.9999446415722277,-0.010522062107255486
1769097929.5835512,6.657049383953301,-0.08670433735480634,-0.0161997065261136,0.9999671963679064,-0.008099764694660956
1769097929.784284,6.675989057458669,-0.08542254499427762,-0.017539602950476598,0.9999615455375026,-0.008769689062282798
1769097929.984889,6.695309304657677,-0.08414151706078274,-0.01881427238337672,0.9999557532206356,-0.009406997446119246
1769097930.185527,6.716883421600289,-0.08280659955503974,-0.022542009540457073,0.9999364828981498,-0.011270766135365384
1769097930.3861134,6.7359804290181975,-0.08160349097318884,-0.01801400973270536,0.9999594372058951,-0.00900688308292872
1769097930.5867846,6.754820811622294,-0.08035420978909999,-0.01574031723234693,0.9999690304615315,-0.007870077370945716
1769097930.787492,6.776109080377612,-0.07891436101465041,-0.01678693140559171,0.9999647750735492,-0.008393367149493736
1769097930.9881601,6.797145983697517,-0.07750872861553501,-0.015898524286808206,0.9999684047820654,-0.007949178423671146
1769097931.1888285,6.8158879731420985,-0.07630564027262696,-0.020301524209658327,0.9999484814567117,-0.010150587786738148
1769097931.389518,6.835011144556219,-0.07511524110683435,-0.021192516273993534,0.9999438601820347,-0.010596059845586984
1769097931.5902207,6.8559979228314125,-0.0737183296350363,-0.013678731585574512,0.9999766116289461,-0.006839312472162472
1769097931.7908397,6.874301977230689,-0.07241669605976844,-0.012813112297688245,0.9999794780893477,-0.006406512323859872
1769097931.9915478,6.895435781610983,-0.07094448046036725,-0.01640460342207347,0.9999663613119159,-0.008202209739274203
1769097932.1920433,6.914503277307107,-0.06967732518056266,-0.01964209432145019,0.9999517739039645,-0.009820889283296323
1769097932.392662,6.940416718292187,-0.10776404082564583,-0.021311917590799274,0.9999432258083016,-0.010655757133487223
1769097932.5933185,6.959410100664089,-0.10652692935055452,-0.019487076352015967,0.9999525321074446,-0.009743384007112358
1769097932.7940335,6.978806010744939,-0.10523934325072037,-0.017138598617654644,0.9999632837793602,-0.008569194431142556
1769097932.9946575,7.000223100242438,-0.1038289793509567,-0.024652622241346536,0.9999240319889541,-0.012325998983979297
1769097933.195362,7.019624341203963,-0.10262487957691996,-0.02654099602263989,0.9999119482334817,-0.013270108512102679
1769097933.396012,7.039130774243669,-0.10148272205311859,-0.028501113514155938,0.9998984625344126,-0.014250074432007535
1769097933.5966353,7.060351413988299,-0.10017350734735514,-0.02189072361474548,0.9999401001254615,-0.010945143264567006
1769097933.7973576,7.079040307583412,-0.09893385771760393,-0.01976184913333321,0.9999511840620251,-0.009880763783943088
1769097933.9979856,7.098537075092829,-0.09763684985858789,-0.020618911502479482,0.9999468580317414,-0.010309273129002643
1769097934.1986716,7.124453351904976,-0.09598680391724335,-0.022695612955397033,0.9999356143350032,-0.011347562931297671
1769097934.3992708,7.139207510865886,-0.09508914468758767,-0.025572148708859082,0.9999182592649171,-0.01278572597149219
1769097934.5999823,7.164344577206253,-0.09355029391438502,-0.019989198372579845,0.9999500544093186,-0.009994432790349207
1769097934.8005323,7.179246925168656,-0.0925895972704523,-0.019688181402772027,0.9999515473304134,-0.009843931710047727
1769097935.001269,7.198367248743588,-0.09135440855963295,-0.02125905672278957,0.9999435070953232,-0.01062932819633009
1769097935.201917,7.224390038916213,-0.08978616025841463,-0.02957974456898458,0.9998906318325284,-0.014789333100151278
1769097935.4025638,7.2418985371827755,-0.1269425387889573,-0.029787848399641367,0.9998890875612871,-0.01489337355526405
1769097935.603205,7.2624902035593655,-0.12571492655364516,-0.02608330659804731,0.9999149588449744,-0.013041283604507676
1769097935.8039312,7.28105615360284,-0.12453483684902791,-0.023116575719256394,0.9999332037345138,-0.011558030508327365
1769097936.0045915,7.29626154429812,-0.12355334985449509,-0.02360078295103871,0.9999303761884397,-0.011800117611504034
1769097936.2052073,7.322154165434047,-0.1219302149229832,-0.028310397746431418,0.999899816845252,-0.014154726165898765
1769097936.4058304,7.341535104959952,-0.12081080061222901,-0.03332524784415144,0.9998611816938883,-0.01666185288919724
1769097936.6064277,7.356344753207368,-0.11999615457295529,-0.029615745230723498,0.999890365457651,-0.014807331459960606
1769097936.807126,7.381864738104746,-0.11850026527555466,-0.023926061419724764,0.9999284438015154,-0.01196274536550117
1769097937.0077863,7.400889234311896,-0.11735506971521245,-0.027782426069487127,0.9999035186516934,-0.013890766284215574
1769097937.2084217,7.4204480269045225,-0.11624150281955839,-0.031203284004737503,0.9998782968521045,-0.015601009074252012
1769097937.40906,7.440160435499004,-0.11515498541001637,-0.03066892449089525,0.9998824294376999,-0.015333861280287554
1769097937.6097007,7.461186631532902,-0.1139891518187234,-0.028412265741351354,0.9998990945914596,-0.014205655042247557
1769097937.810377,7.480138416654461,-0.11290065343954489,-0.0285848428501473,0.9998978650835416,-0.014291934836671
1769097938.0110629,7.499540505748388,-0.11170843103543396,-0.027040171963734882,0.9999086050297288,-0.013519674090072285
1769097938.2116618,7.520785691826915,-0.11038539771750663,-0.021620388458746757,0.9999415704193731,-0.01080998368351479
1769097938.412262,7.5402761195218275,-0.10899611223852426,-0.007450587816889928,0.9999930611006725,-0.0037252852919611797
1769097938.6129005,7.576270045533229,-0.14990836437180424,-0.011258966946270588,0.9999841544997596,-0.005629453739109976
1769097938.8136036,7.595203348085775,-0.14795857129175913,0.011725388541756303,0.9999828144571672,0.005862660686311838
1769097939.014335,7.616223576518919,-0.1453258246668104,0.03111252512028408,0.9998790037876726,0.015555635138798313
1769097939.215076,7.635338813240184,-0.14257905960512798,0.043320539663751066,0.9997654255268428,0.021658576156593518
1769097939.4156694,7.65592387106525,-0.13955990932487247,0.036550873924341996,0.9998330088498019,0.018274419672099217
1769097939.616334,7.674642800767783,-0.13689924960840325,0.0345330110681903,0.9998509375967344,0.017265647596632218
1769097939.8169308,7.6953383560867525,-0.13393592818881953,0.03836090603316179,0.9998160607502572,0.019179276989446742
1769097940.0175872,7.71429248237464,-0.13113356735397994,0.04273276735887726,0.99977174750796,0.021364758011259904
1769097940.2182643,7.735098073645842,-0.12804783421103008,0.04185533123629675,0.9997810243980733,0.02092613804645559
1769097940.4189956,7.754380568482153,-0.12521677218128194,0.03870173100407589,0.9998127778444753,0.019349657850047327
1769097940.6196334,7.77360656169339,-0.12252675361718404,0.02937585799758073,0.9998921343100868,0.01468740088712767
1769097940.8202574,7.794318879464765,-0.11968304186813547,0.03205244731291657,0.9998715828262458,0.01602553763646907
1769097941.0209975,7.81311707579891,-0.11704051536154644,0.03399327700876053,0.9998555606170322,0.016995820168507373
1769097941.2216794,7.83228632520847,-0.1143103425880577,0.034611519240136154,0.9998502590791927,0.017304895817984493
1769097941.4223292,7.853521632696996,-0.11136844760090267,0.02922097440065589,0.9998932687305325,0.014609967398013792
1769097941.622992,7.872861589981904,-0.10876389137327866,0.023027125209958185,0.9999337196702639,0.01151330822961311
1769097941.823635,7.886900976714615,-0.15136315656238303,0.040385842922135144,0.9997961298889806,0.020191549198036
1769097942.0242426,7.907492597602816,-0.1485706908035737,0.044966149218985355,0.999747266324488,0.022481180500883338
1769097942.2249453,7.926268627424984,-0.14595221575594092,0.0473098185193032,0.9997202356796112,0.023652703285301807
1769097942.425557,7.945521633344419,-0.14327235952447953,0.0460036971094119,0.9997354691451181,0.022999820286047672
1769097942.6262083,7.966767883430106,-0.14041118491465038,0.03861581891242934,0.9998136081068261,0.019306709828708548
1769097942.8269083,7.9854663839718265,-0.1379759113477848,0.04012145899790269,0.9997987903139033,0.02005938400987391
1769097943.0274951,8.006137741501398,-0.13520662152383495,0.04646901227904645,0.9997300910049112,0.023232415701171776
1769097943.228232,8.024371228193377,-0.1327303155196467,0.04278415628704373,0.9997711982219254,0.02139044660346229
1769097943.4288294,8.045344868226149,-0.12993029337971224,0.040719691884216806,0.9997927454960741,0.02035843936608285
1769097943.6295488,8.064869672414787,-0.12737188357306334,0.0375692343692093,0.9998235742665312,0.018783512474989404
1769097943.8301857,8.084277029928938,-0.12489178490851832,0.03725240189199102,0.9998265373342744,0.01862512395005109
1769097944.0308669,8.104838082022546,-0.12225483891220773,0.03859488044394396,0.9998138101785016,0.019296242544788383
1769097944.2315233,8.123252216293064,-0.1197924306528188,0.04360318208903563,0.9997623547271063,0.021799864002137372
1769097944.4322276,8.144523750402623,-0.11692856278080904,0.04042367239939006,0.9997957477922578,0.02021046007690053
1769097944.6328442,8.163697152791094,-0.1144158386002187,0.032761719694336215,0.9998658367154055,0.01638012727062844
1769097944.8335564,8.182863337527778,-0.11204721291998415,0.030924468506969664,0.9998804620375752,0.015461618140582407
1769097945.0341818,8.199014323153296,-0.15048839826749025,0.02579784007916355,0.9999168100843588,0.012898562350908024
1769097945.2348795,8.217850222527025,-0.14812971174495068,0.02591571365250378,0.9999160481479137,0.012957494212195842
1769097945.4355083,8.236564204397718,-0.1458159294900235,0.022385578988268262,0.9999373613856136,0.011192555792883195
1769097945.636181,8.257644394772838,-0.14325100762629692,0.019683507148198234,0.9999515703342038,0.009841594695974005
1769097945.8368635,8.277002436488134,-0.14099375930821087,0.01255526806194292,0.9999802957201968,0.0062775927988314795
1769097946.0374262,8.29729469660782,-0.13866278525054662,0.01743704317144118,0.9999619939314256,0.008718411133197646
1769097946.238205,8.31594304980137,-0.1364385078508704,0.021428847401637016,0.9999426011114935,0.01071421870136358
1769097946.4387877,8.336996084250497,-0.13385982821263528,0.02032204208990694,0.9999483772698191,0.010160846197802472
1769097946.6395178,8.355946865547656,-0.13160675050548262,0.015237949359371936,0.9999709757528173,0.007618900967875212
1769097946.8400812,8.376898521098422,-0.12925091739594427,0.005473860013926748,0.9999962546094064,0.0027369265900052202
1769097947.0407615,8.395467277945391,-0.12722235750516528,0.008554612069466299,0.9999908523404892,0.004277292992278786
1769097947.2414417,8.415797155894763,-0.12499953940983208,0.006398442003443848,0.9999948824968559,0.0031992155443788845
1769097947.4420998,8.434364967290357,-0.12296177278206463,0.0075414150540895515,0.999992890890796,0.0037706985915833455
1769097947.6428158,8.455804823278052,-0.12064471481208192,0.0058189164673692235,0.9999957675293789,0.0029094541289512877
1769097947.84342,8.475089496038356,-0.11864579226535218,0.00034972961786603265,0.9999999847111494,0.00017486480804185567
1769097948.0440688,8.496319959514862,-0.11651705262099041,0.004102572073459241,0.9999978961135355,0.002051284598171776
1769097948.2447476,8.481991969755086,-0.14745393160586528,0.011788164706908992,0.999982629946892,0.005894048226573809
1769097948.4454014,8.50723527976323,-0.14476055862013326,0.010570379231168351,0.9999860334178747,0.0052851650102163274
1769097948.6460614,8.521936094247712,-0.1432189014823021,0.008029000836513782,0.9999919419040181,0.004014489635174535
1769097948.8466914,8.541554379022475,-0.14124867521852735,-0.0027522769460555253,0.999999053121601,-0.0013761380386824705
1769097949.0472274,8.561084728914002,-0.13942056435629946,-0.0038671759115993954,0.999998130619391,-0.0019335867509289375
1769097949.2478783,8.581903217442381,-0.13750294371042682,-0.0036377047198672984,0.9999983458885024,-0.0018188513570720048
1769097949.448557,8.600827164744757,-0.13571366764602755,-0.0024202503951906863,0.9999992677985924,-0.0012101249022435376
1769097949.6492872,8.626306757360233,-0.13334907075651148,-0.00715533440433103,0.9999936001555216,-0.0035776595699910283
1769097949.8499422,8.645621002360645,-0.13166054489002865,-0.011934818144513026,0.9999821950673183,-0.005967373655775536
1769097950.0505328,8.664761618489875,-0.13001987741450782,-0.010518811181482514,0.9999861693582973,-0.005259381343734135
1769097950.2512631,8.685565025328158,-0.1282179554514441,-0.005450753976730437,0.9999962861624344,-0.0027253736144952365
1769097950.4518442,8.705756924037752,-0.12639698278315947,-0.005167395640119187,0.9999966622546441,-0.0025836949454838202
1769097950.6525943,8.725064806435284,-0.12463640450268898,-0.004751814953981818,0.9999971775331581,-0.0023759052416837977
1769097950.8531532,8.740392507566884,-0.12326546017232443,-0.007383811727412498,0.9999931849232877,-0.0036918974768285462
1769097951.053729,8.76592198126927,-0.12118163461346132,-0.014028713083090024,0.9999753995020187,-0.007014299022562699
1769097951.2543452,8.770893281427167,-0.15609996620331135,-0.02124102190684142,0.9999436029036575,-0.010620311297343553
1769097951.4550967,8.785977156502287,-0.1548472581167264,-0.021054057010262375,0.9999445913471201,-0.01052683407492354
1769097951.6557353,8.811377242026943,-0.15273375553364665,-0.023431625432894874,0.9999313706512089,-0.011715544699022067
1769097951.8564627,8.830225058585476,-0.15123804009441255,-0.025051030461885813,0.9999215567596782,-0.01252518771522965
1769097952.0570536,8.84975866231673,-0.14974629126520733,-0.02839591451561405,0.9998992106979788,-0.014197480253867795
1769097952.2577817,8.870454140082368,-0.14817865589505552,-0.02865502757734501,0.9998973629300938,-0.01432702360730696
1769097952.4584973,8.891119846062411,-0.1465540242872525,-0.023429338238649275,0.9999313840484182,-0.011714401180375934
1769097952.659075,8.909914056504485,-0.14502298562748883,-0.02513926664734034,0.9999210031991586,-0.012569302334986904
1769097952.859784,8.93085689997415,-0.1433714408970651,-0.02818984378513424,0.9999006682329314,-0.01409445519831047
1769097953.0603793,8.94971574228554,-0.14202261283875406,-0.0368879213108234,0.9998299149793752,-0.018442914963078087
1769097953.2610831,8.97009085350832,-0.14058625351034537,-0.031274133946308444,0.9998777435594259,-0.01563642972391054
1769097953.4616575,8.988721133517792,-0.13923411862083546,-0.03258809300725757,0.999867254961247,-0.016293325512636583
1769097953.6623256,9.009068649289718,-0.13776598195449385,-0.032633391452225644,0.9998668856736329,-0.016315971724367634
1769097953.862939,9.028030544041817,-0.13643830834936954,-0.03541158159075994,0.9998432565810762,-0.01770486569698483
1769097954.0636394,9.0496477309018,-0.1349861691595644,-0.03925629657436148,0.9998073740818499,-0.019626887974300476
1769097954.2643163,9.068745037496754,-0.13378817293938317,-0.04226761268608509,0.9997766894264911,-0.021132233185483167
1769097954.464895,9.034223729337677,-0.17456704870965373,-0.032539946673064965,0.9998676469034743,-0.016269255536414975
1769097954.6656063,9.034223729337677,-0.17456704870965373,-0.032539946673064965,0.9998676469034743,-0.016269255536414975
1769097954.8662608,9.074144250238431,-0.17180202753322144,-0.03487765640100769,0.9998479474889805,-0.017437944319004813
1769097955.0669558,9.093468806599565,-0.17058753465908588,-0.044369774308218514,0.9997539254837533,-0.022183067412463717
1769097955.267494,9.112369232449247,-0.16948807129694826,-0.044762416538547255,0.9997495512130011,-0.02237933978925418
1769097955.4682493,9.133088546692099,-0.16827575657291333,-0.04202258072193518,0.9997792709593798,-0.021009744404229702
1769097955.6688964,9.151784834522338,-0.16715415373317105,-0.04136728463248128,0.9997861010961587,-0.020682167559070312
1769097955.8696477,9.172604684070254,-0.16592628950398253,-0.04311944983722419,0.999767598133046,-0.0215580547192932
1769097956.0702703,9.19408582445411,-0.16473602393660342,-0.048890383973182905,0.99970123117269,-0.02444275745098368
1769097956.2709284,9.213045390633381,-0.1637921489178022,-0.051755813655096176,0.9996651856542217,-0.025875018664929646
1769097956.471675,9.233470371744922,-0.16276063448779748,-0.04824765011842912,0.9997090346434909,-0.024121485281373103
1769097956.6723573,9.25232331228715,-0.16171765938481514,-0.044344075115257314,0.9997542104446825,-0.022170220976110357
1769097956.8730052,9.272994986047346,-0.1605587408486276,-0.04665839896379277,0.9997278865676159,-0.023327083380658024
1769097957.073558,9.291672125369981,-0.15954576137963788,-0.04778143658048887,0.9997146303634593,-0.02388844568514176
1769097957.274203,9.313134739775231,-0.158485268096561,-0.05049064885355233,0.9996813537213066,-0.02524264292691539
1769097957.474766,9.3318071120566,-0.15738849465106647,-0.03431986149793534,0.9998527720011677,-0.01715908859994684
1769097957.6754327,9.333547681845458,-0.2117292871944717,-0.007548959241777739,0.9999928766602527,-0.003774470658584378
1769097957.8762057,9.352907519223052,-0.20972722970595925,0.012784991504668233,0.9999795680686059,0.006392452215263263
1769097958.076875,9.371711541177358,-0.20753180453680986,0.0175123378141343,0.9999616649979667,0.008756057017530244
1769097958.2775288,9.392375085426234,-0.2051068955502937,0.01190671612148297,0.9999822788162406,0.005953322893849212
1769097958.4781284,9.4117835522727,-0.20284467347966872,0.013024167238024862,0.9999787964584016,0.0065120375925354
1769097958.6787765,9.432765675426966,-0.20031209231832336,0.017480247218311103,0.9999618053627892,0.008740012333588731
1769097958.8793793,9.451410178272994,-0.198055794135381,0.01531136007547649,0.9999706954247074,0.007655605255441452
1769097959.080105,9.472063604902274,-0.19554584937827213,0.0186548195843149,0.9999565000286629,0.00932727454441236
1769097959.2808008,9.491374172614833,-0.1933186528664823,0.00728152506298235,0.9999933724314154,0.003640754488353162
1769097959.4814007,9.512079829261127,-0.19103998504092845,0.0051015153306080115,0.9999967468194303,0.002550754899278314
1769097959.6821663,9.53034219227822,-0.18900356964476073,0.009799107690816915,0.9999879972100693,0.004899534242620918
1769097959.8828292,9.551085339186638,-0.18660407000391366,0.010307402853540936,0.9999867197101963,0.0051536786125341
1769097960.083503,9.569666901622693,-0.18446195879800698,0.006483810235213641,0.9999947450302067,0.0032418994389003426
1769097960.2841039,9.590042506712964,-0.182192105198826,0.005433556756354496,0.9999963095598918,0.002716775036140462
1769097960.4848576,9.611252684679492,-0.1798706088388834,-0.0010448203640635754,0.999999863543804,-0.0005224101582697521
1769097960.6854863,9.629842578974857,-0.17780102872607906,0.005083062433328217,0.9999967703112759,0.002541528480545282
1769097960.886188,9.620121014276188,-0.19827008727380546,0.004085261039157004,0.9999979138310056,0.002042629099154152
1769097961.0867739,9.64106241910812,-0.19582433815425226,0.005057121481201867,0.9999968031919938,0.0025285580461592862
1769097961.2874424,9.660103606381014,-0.19369232168820372,-0.008155602417302857,0.9999916857801724,-0.0040777899073999434
1769097961.4880314,9.679187600281026,-0.19172218902259164,-0.012230217253455645,0.9999813027815063,-0.006115070514839615
1769097961.6887462,9.700587505670088,-0.18950889865573706,-0.006860825369653462,0.9999941161401759,-0.003430405956801633
1769097961.889432,9.719712548241537,-0.18744475385301484,-0.0047532806477167955,0.9999971757917149,-0.002376638086482212
1769097962.090021,9.738337724568114,-0.1854669228940059,-0.010044089751991572,0.9999873895591357,-0.005022023765911396
1769097962.2906802,9.759334622000916,-0.18329334505265538,-0.011730099299468805,0.9999828006456063,-0.0058650160246733595
1769097962.491249,9.778597757992442,-0.18133279883369868,-0.013005989412188584,0.9999788556044409,-0.006502948872065555
1769097962.6919582,9.799328039038395,-0.17929005446553803,-0.015178511747249563,0.9999712017358667,-0.007589183021019837
1769097962.892522,9.817936958910426,-0.1774008415869568,-0.006717186712985851,0.9999943599306346,-0.0033585870422573843
1769097963.09318,9.83902892151667,-0.17516345222802587,-0.005939324273194838,0.9999955905566378,-0.0029696577717438035
1769097963.293731,9.857607934819324,-0.17323023027362305,-0.010409310984514015,0.9999864558111777,-0.005204631994623544
1769097963.4944222,9.878452095873124,-0.17131050528697722,-0.022967714927678864,0.9999340612335413,-0.011483605052264721
1769097963.695087,9.897056853101072,-0.169642654372692,-0.02180203342760997,0.9999405845056788,-0.010900800816517583
1769097963.8957174,9.917776157204186,-0.16775163186752284,-0.01902420420195948,0.9999547602979195,-0.00951195865899205
1769097964.096383,9.87054355814803,-0.2156632030288289,-0.010873869704475804,0.9999852199061149,-0.005436908066075654
1769097964.2971249,9.88929675771255,-0.2139514527161207,-0.009606836903680397,0.9999884636077697,-0.004803399980452891
1769097964.4978738,9.914915554226248,-0.2117210231459058,-0.019360564539286015,0.9999531464334707,-0.009680131083920983
1769097964.6983807,9.92974948740642,-0.21051848305353182,-0.02039418209697659,0.999948010117572,-0.010196914332687554
1769097964.899118,9.950456163447747,-0.20877379032312382,-0.013181774783026625,0.9999782801803218,-0.006590839673815662
1769097965.0997314,9.969111247356306,-0.20710140215442474,-0.01201818150604826,0.999981945468489,-0.006009054589207817
1769097965.3006058,9.994072930874676,-0.2049118246089512,-0.017611458248657497,0.9999612298178182,-0.008805615324127145
1769097965.501084,10.008608637270068,-0.20379071375922042,-0.029928244384272648,0.9998880396127598,-0.01496356372499605
1769097965.701715,10.008608637270068,-0.20379071375922042,-0.029928244384272648,0.9998880396127598,-0.01496356372499605
1769097965.9023833,10.048874019581493,-0.20088021367525577,-0.031250031986889464,0.9998779319211191,-0.015624380216375817
1769097966.103113,10.074243982356924,-0.1990312342680597,-0.026349376177963672,0.9999132150521792,-0.013174306965237298
1769097966.3037279,10.093554145880036,-0.19760626388216618,-0.031190304528506442,0.9998783980775119,-0.015594520125629554
1769097966.5043783,10.1043351161929,-0.19684721322168675,-0.03377272685935396,0.9998574287529494,-0.016885560918751683
1769097966.7050586,10.134593181777594,-0.1948780439768003,-0.03882682834557919,0.9998115655932962,-0.01941219477241005
1769097966.9056902,10.153658869049208,-0.19358410948915006,-0.03283239246502796,0.9998652572766701,-0.01641545890489483
1769097967.1063912,10.168252223306665,-0.19255539681044775,-0.030579608793831443,0.9998831132179097,-0.015289208666928516
1769097967.3070338,10.20262885563109,-0.2244475030660327,-0.04145820045822747,0.9997851598949982,-0.02072761572716098
1769097967.5077233,10.232172161473068,-0.22240961296636222,-0.0406764789918698,0.9997931851362275,-0.020336837393192257
1769097967.7083895,10.247116907379894,-0.2213267581163985,-0.0352679940645517,0.9998445251032405,-0.017633083141513777
1769097967.9090526,10.267999544260208,-0.2195622041814375,-0.014561270931458445,0.9999734962906829,-0.007280571144333562
1769097968.3103266,10.282700955326561,-0.21802518913562843,0.004452512360212525,0.9999975218927337,0.0022262543411387535
1769097968.5109794,10.282700955326561,-0.21802518913562843,0.004452512360212525,0.9999975218927337,0.0022262543411387535
1769097968.7116127,10.351970348221332,-0.20814605877868367,0.06520222077287544,0.9994686308663143,0.032595335773927946
1769097968.9123065,10.370887835616509,-0.20466181495247174,0.08341428746738172,0.9991303831489362,0.041695053287649116
1769097969.1129043,10.391296942793163,-0.2004943235825021,0.10156240401215343,0.9987109118147129,0.05075937964775228
1769097969.3136768,10.411309319982529,-0.19592729198799233,0.1266828578892767,0.997994602318276,0.06329908169623182
1769097969.5143428,10.399554934628062,-0.24672341155707184,0.1271265945336564,0.9979805336939214,0.06352050352441999
1769097969.7150185,10.418025676340688,-0.2421293977237357,0.12177483512457482,0.9981469337833407,0.06084980344187873
1769097969.9157,10.439414740989292,-0.2368946130804252,0.11823218204899658,0.9982531527072781,0.05908166475294705
1769097970.1163738,10.458048939515328,-0.23232843043222268,0.11818102279650403,0.9982546636675932,0.059056129791075336
1769097970.3170576,10.47606258116189,-0.2278885050539095,0.11947086101023964,0.9982163696463942,0.059699910971234976
1769097970.517677,10.496903966064423,-0.22275849687835453,0.11902474495852022,0.9982296613574998,0.05947724931510618
1769097970.7183368,10.51583155346679,-0.2181134362645037,0.12040319381233919,0.9981884310930083,0.06016523940016133
1769097970.919025,10.534416845188256,-0.21356030209783766,0.11571791536950457,0.9983266374065752,0.057826681077859744
1769097971.1196392,10.55512541833698,-0.20852658043975353,0.11623567685298533,0.9983116337391074,0.058085126677613855
1769097971.3203466,10.57330929527608,-0.2040368606582203,0.12108532646270882,0.998167852698548,0.060505684354197745
1769097971.5209734,10.593034628765528,-0.19913827126302647,0.11843695782291708,0.9982470982279932,0.05918387347404077
1769097971.7216895,10.611503254303267,-0.19464104881610017,0.11256300867767732,0.9984166141629854,0.056251796089727024
1769097971.922376,10.632348738663527,-0.18963525280768584,0.11087764052759182,0.9984636621541226,0.05541042643562812
1769097972.123032,10.650691340564245,-0.18526316658438663,0.11161109041691503,0.9984432746287268,0.055776584232674786
1769097972.3236153,10.671175409688175,-0.1803781928633233,0.11382207187744953,0.9983810040408804,0.056880319710102864
1769097972.5243046,10.689507237023465,-0.17596121969771644,0.11680756486582337,0.9982949838325348,0.05837058552729446
1769097972.7249477,10.672369639777257,-0.22191648415558857,0.11835454636320454,0.9982495360952268,0.059142739923548515
1769097972.925656,10.69114906636147,-0.21741220895489805,0.11555418981134004,0.9983313679142378,0.05774495509121789
1769097973.1262293,10.712029062462749,-0.21244164147844785,0.11558525245109605,0.9983304709384593,0.057760460488071916
1769097973.326892,10.730211956948335,-0.20805491226778666,0.12197752284602582,0.998140761903573,0.060950959193065174
1769097973.5275052,10.750100997116567,-0.20318607719778442,0.12128288672577489,0.9981618710692801,0.06060428321062647
1769097973.728181,10.768800845674203,-0.19867548054107348,0.11742666725929661,0.9982768673189367,0.05867960613270934
1769097973.9288352,10.787383633502536,-0.19421941405481552,0.11619224945309949,0.9983128947467746,0.0580634496246579
1769097974.1294737,10.808390851989005,-0.1892369072486923,0.11266141906702705,0.9984138450737504,0.056300923305476654
1769097974.3301635,10.827143886206933,-0.18484076149666345,0.11413435694162069,0.9983721104332619,0.057036208754041466
1769097974.5307872,10.845853748946524,-0.18037197818861167,0.11815503639210684,0.9982554309115643,0.059043159261399955
1769097974.731501,10.86630359411444,-0.17545281895343628,0.11883733170858704,0.998235230387094,0.0593837083216029
1769097974.9320917,10.885190450427176,-0.1709624987512101,0.11327316837596971,0.9983965773431045,0.056606310156858394
1769097975.1327243,10.905908871532768,-0.1660784464676544,0.11286341939147095,0.9984081535789467,0.056401762978458524
1769097975.3333793,10.923837526424444,-0.16182550446708294,0.1142977021758736,0.9983674488070484,0.05711774822684833
1769097975.534063,10.943799550136225,-0.15704276452041338,0.11731968790263061,0.9982800046440843,0.05862620854026918
1769097975.7346685,10.96213495113106,-0.15264058336130287,0.11671352480960687,0.9982977273155492,0.058323645604586354
1769097975.9352906,10.983922366156921,-0.18961637542838533,0.11274831316885153,0.9984113980223438,0.056344301389483306
1769097976.1359696,11.002473645472621,-0.18524682269163967,0.10744916916494318,0.9985571815934325,0.053698743823114764
1769097976.336633,11.023457086898837,-0.18038480658087302,0.10904145605394902,0.9985141132301619,0.05449372147489515
1769097976.5372922,11.042109788535093,-0.17600417452541034,0.1135528590421642,0.9983886514521513,0.0567459307048082
1769097976.7378783,11.059892405404337,-0.17179359831185698,0.11180908899097891,0.998437747893863,0.055875429131514186
1769097976.9386,11.080495595462127,-0.166972572186813,0.1095876161273808,0.998499194851936,0.05476639371033624
1769097977.1391485,11.099353172501115,-0.16257883427177683,0.10923733135054317,0.9985087714544769,0.05459151333743405
1769097977.3398497,11.119763528963977,-0.15782240795818586,0.10997131529750165,0.9984886695665798,0.05495795435750349
1769097977.540358,11.13807648777024,-0.15354508189519284,0.11110706302133447,0.9984572993858034,0.05552496108245458
1769097977.7410524,11.158569671512826,-0.14869850181959615,0.11251922828697564,0.9984178452865796,0.05622994054152583
1769097977.941707,11.176648706987399,-0.14442155237682403,0.11149630343941616,0.9984464741970425,0.055719279997992505
1769097978.142339,11.197751279405646,-0.13951305048439738,0.10550770809496005,0.9986088381165136,0.05272938872760471
1769097978.3430479,11.216972554978181,-0.1351194761072006,0.10332549028397955,0.9986657771795587,0.05163976655977384
1769097978.5436711,11.235543063766459,-0.13083241210382596,0.1094184622337504,0.9985038232550364,0.05468194350125979
1769097978.7444625,11.255729434741255,-0.12611847409006466,0.11056155732492373,0.9984724068372235,0.055252626948247126
1769097978.9450657,11.274291648304896,-0.1217955494175122,0.1099552580713705,0.9984891107705496,0.054949937876554014
1769097979.1458776,11.281313309720513,-0.15455986748734774,0.12405213511483422,0.9980770001093564,0.06198630375097273
1769097979.3464704,11.301898016669114,-0.1497709418430201,0.12384696297879023,0.9980833537886863,0.06188391462995904
1769097979.5472357,11.320615128457575,-0.14544369650193045,0.12149582422410127,0.9981554129496858,0.06071055591280803
1769097979.7479064,11.345350130076278,-0.13961734529175496,0.1277545640486068,0.9979605400306877,0.0638338510639784
1769097979.9486198,11.35941656342481,-0.1362996240931803,0.12567779663771841,0.9980262860287795,0.0627975508726326
1769097980.1491926,11.384617936518945,-0.13046726447541668,0.12015945000219885,0.9981957561324076,0.06004358782793619
1769097980.3498352,11.399421732186651,-0.1270798531567453,0.12023161921365634,0.99819358883334,0.06007960728913718
1769097980.5505621,11.417802476538377,-0.1228710041196287,0.11922025639252004,0.9982238423467258,0.05957483168703969
1769097980.7512505,11.442618893419764,-0.11717127211464307,0.1231618371782822,0.9981044943593352,0.06154200467725876
1769097980.9519556,11.456924175544215,-0.1138747500134124,0.12026521992966718,0.9981925793335577,0.06009637729030871
1769097981.1526093,11.475223748822177,-0.10965170978423211,0.12160040724928589,0.998152236938209,0.060762750886126045
1769097981.3533108,11.500073176929876,-0.10398288318784632,0.11791465590437838,0.9982625201130108,0.05892317827154905
1769097981.5538979,11.521026124237604,-0.09921411731248309,0.11955203829728445,0.9982139456857403,0.059740427170433714
1769097981.754585,11.539195460793794,-0.09498969100014587,0.1267673917621363,0.997991925968559,0.06334126381409103
1769097981.9552803,11.55766009356502,-0.0906942331171886,0.1208352739245158,0.9981754096970379,0.060380886679068546
1769097982.1559813,11.56281657088478,-0.1357772642055192,0.12000427296494608,0.9982004118208772,0.059966139117265886
1769097982.3566954,11.58167666583038,-0.13150773215651115,0.11820309615701327,0.9982540118231737,0.05906714720501394
1769097982.5572975,11.596049448275151,-0.12827979014665095,0.11793075517703695,0.9982620457705123,0.058931213919888016
1769097982.7580228,11.62069580558465,-0.12274560352030575,0.12245441366207309,0.998126200052125,0.06118895953932663
1769097982.9587305,11.639137162958702,-0.11857504195540805,0.11612271965372037,0.9983149127134965,0.058028743341932525
1769097983.1594746,11.659765618234983,-0.11421809874806024,0.09603831951064729,0.9988473016685335,0.04800070780196484
1769097983.3601496,11.679073544048002,-0.1106128225247959,0.07067241719764875,0.9993757411415982,0.03532885531235462
1769097983.5606544,11.7001653745272,-0.10707046105042953,0.056435796930304705,0.9996019015196429,0.028214153864931642
1769097983.761389,11.718375812625153,-0.10426003350062044,0.04365318635636497,0.9997618093715136,0.02182486018734694
1769097983.9620826,11.739292238767963,-0.10141573130071704,0.020762801132777068,0.9999461137451018,0.0103812140941196
1769097984.1626635,11.75828159374803,-0.09927704275550622,-0.0015455002129655393,0.9999997014286514,-0.0007727500295757543
1769097984.3633778,11.777287464287614,-0.09755087826640332,-0.02396746580467699,0.9999281959321832,-0.011983446074042108
1769097984.5640266,11.798143047693138,-0.09609636535799285,-0.04535090078132689,0.9997429229903103,-0.02267350724503284
1769097984.7647355,11.80129344341215,-0.1112004720670005,-0.044902357023241746,0.9997479828778694,-0.02244929245279925
1769097984.965423,11.822463056314437,-0.11039971433955091,-0.06212916743207594,0.9995175346197406,-0.031059587693265757
1769097985.1660924,11.841747257701712,-0.11009772587137638,-0.08842813824531057,0.9990227172675619,-0.04419966496860782
1769097985.369417,11.863057565009255,-0.1102816346388024,-0.10932235876555627,0.9985064496644872,-0.05463396359793883
1769097985.7681012,11.901131158205759,-0.11144718346451159,-0.1334886403617542,0.9977734246257329,-0.06669477573721012
1769097985.9686084,11.922006467149664,-0.11258385594140934,-0.15701827758496517,0.9969197401966395,-0.0784285127123082
1769097986.169297,11.941189807609348,-0.11400071855448617,-0.1745311176767485,0.9961947768593298,-0.08715484242536511
1769097986.3699162,11.962778125014333,-0.1161087797689601,-0.1989056166452314,0.9950586443285747,-0.09928894372979834
1769097986.5705206,11.981632214461813,-0.11831899381165638,-0.2124553685215293,0.9943631432154336,-0.10602801240579326
1769097986.7712502,11.987232684085193,-0.14505046722277437,-0.23693562161636167,0.9929908921718411,-0.11819089670431952
1769097986.9719167,12.00800747070812,-0.1481690662978139,-0.25956008406352993,0.991590383790553,-0.12941603754598513
1769097987.172537,12.027114904998978,-0.15145384520930016,-0.28018313240121573,0.9902032146286579,-0.13963378437567361
1769097987.3732061,12.047537933526394,-0.155423201498899,-0.3019371678775341,0.9886258707735678,-0.15039577001101045
1769097987.5738726,12.066096493866826,-0.15941343185540457,-0.3193736250473321,0.9872771314250924,-0.1590090115843778
1769097987.774445,12.086639729533143,-0.1641563451528505,-0.33260994563156787,0.9862031706678651,-0.16553943990677764
1769097987.9751146,12.105288731231106,-0.16876761959101438,-0.35112335955979235,0.9846285905568579,-0.17466121108596322
1769097988.1757782,12.125640666887401,-0.1742732858649294,-0.37285988345287635,0.9826722129750541,-0.18535188654748014
1769097988.376416,12.144100951358396,-0.1796811972204393,-0.3917130691094255,0.9808813419636313,-0.19460676500991883
1769097988.5771244,12.162218034891215,-0.1852638409109295,-0.4027209834883826,0.979795382919261,-0.2000025190093832
1769097988.7777479,12.182248760317847,-0.19517469810089058,-0.42354276425300913,0.9776601183469005,-0.21019203836949785
1769097988.9783924,12.200250442713457,-0.2015107085714922,-0.4462737054632007,0.975208094928068,-0.22128979096824208
1769097989.1791523,12.218797941243556,-0.20841973672140932,-0.4651633843465589,0.9730745830640668,-0.23049046790419003
1769097989.379744,12.238631904803377,-0.21628479058003222,-0.48489563536367636,0.9707532127055761,-0.24007957018830742
1769097989.5803552,12.256051276842946,-0.22357063121489437,-0.5016539661530054,0.96870749152653,-0.248205148738655
1769097989.7810647,12.27358370055691,-0.23123582856309952,-0.5187193667089511,0.9665543929673305,-0.25646170364316623
1769097989.9818215,12.293104151451177,-0.24021930270128553,-0.5376667163534159,0.9640814204732999,-0.26560687999030513
1769097990.1823502,12.310341232617521,-0.2486434615370343,-0.5634328909131735,0.9605796734230978,-0.2780048398973923
1769097990.3830307,12.329149815405001,-0.2582810609621484,-0.5773276208078439,0.9586251063617176,-0.2846715747189832
1769097990.5836825,12.346141233571236,-0.2672987211356589,-0.5903050273373056,0.9567577893922105,-0.2908857721466119
1769097990.784389,12.353714693385097,-0.28864550307321024,-0.6151936323067823,0.9530639311662408,-0.30276912509361176
1769097990.9850972,12.372104459853174,-0.29931487198743734,-0.6394739643191536,0.9493181218656435,-0.3143168838886759
1769097991.18567,12.388615820893552,-0.3094276099709158,-0.6620774303463107,0.9457052448222502,-0.32502552194510503
1769097991.3863328,12.404624413144793,-0.3196288188460479,-0.6760454808718266,0.9434122127659386,-0.3316223707835096
1769097991.5870154,12.421983903993025,-0.33105031991937783,-0.6929260013733971,0.9405796636868347,-0.339573108856931
1769097991.7877042,12.437714710262126,-0.3418548548437521,-0.7148449007055637,0.9368017180619687,-0.34986074520606597
1769097991.9883163,12.455321883642391,-0.354523155430737,-0.7366469294911934,0.9329322960634762,-0.36005184482478425
1769097992.1889348,12.470856967479563,-0.366206872530779,-0.7580892569379744,0.9290185785671348,-0.3700330805172702
1769097992.38968,12.48592933561238,-0.3779947183872808,-0.7734659985535673,0.926146197566331,-0.37716471300139764
1769097992.5903106,12.50077001025869,-0.38995227386136855,-0.7860633931910406,0.923752195197643,-0.38299070728613727
1769097992.7910306,12.524254315334224,-0.3939732297160378,-0.8164724109507728,0.917822460834399,-0.3969910961065601
1769097992.9916809,12.54031339578975,-0.40794449946762207,-0.8392058808445843,0.9132507735242371,-0.407397870217043
1769097993.1922266,12.554447466974118,-0.4208423226324333,-0.8631496654926125,0.9083081209936882,-0.41830175392522023
1769097993.3929543,12.568419944265912,-0.43402627594966864,-0.8758289568700364,0.9056380009529841,-0.42405166103893854
1769097993.5935812,12.58330008143648,-0.4485308807945864,-0.893768639050708,0.9017979432560889,-0.4321579219904315
1769097993.7942057,12.596465204377708,-0.4618882995496019,-0.9147386195983962,0.8972172855353897,-0.441589336982345
1769097993.9949179,12.611262879454598,-0.47753959901810344,-0.9381102216977375,0.8919958174664356,-0.45204365012948167
1769097994.1955774,12.6242482933719,-0.491833456375879,-0.954640044148508,0.8882292939731034,-0.45940039326065263
1769097994.3962138,12.637807794918572,-0.507277807820185,-0.9681725754124076,0.8851005600644235,-0.46539982657242573
1769097994.5968773,12.649945626001212,-0.5212418369679388,-0.9681949538089795,0.8850953525580754,-0.4654097301089614
1769097994.7975743,12.662872639014582,-0.5361298647832842,-0.9661346505487192,0.8855743254283953,-0.46449770090070686
1769097994.9982784,12.676653116836256,-0.5520533767299114,-0.9710396538242786,0.8844324819390992,-0.4666681742855891
1769097995.1989064,12.689087255658572,-0.566464169103535,-0.9697489211230139,0.8847334696727354,-0.46609729417884754
1769097995.3996258,12.703034680283455,-0.5826448218965512,-0.9697256531404591,0.8847388921847159,-0.4660870011658357
1769097995.600231,12.715473016246708,-0.5970185859475565,-0.9708437627560279,0.8844781857602906,-0.46658154583543593
1769097995.800945,12.72795639210981,-0.6114538018538618,-0.9703667007954122,0.8845894547506666,-0.46637055711517456
1769097996.0016017,12.725670289118149,-0.6233499459492939,-0.9847920401319411,0.8812026979209291,-0.4727386224721604
1769097996.202233,12.735505110978677,-0.6348883553176808,-0.9846163634304373,0.8812442191023172,-0.47266121725687116
1769097996.4028544,12.751689838256075,-0.6538517634020793,-0.981978711255029,0.8818668104906651,-0.4714985986776859
1769097996.603562,12.761150538779447,-0.6649108673559183,-0.9794117020922781,0.8824712545494802,-0.47036633052745885
1769097996.8042352,12.77369524163285,-0.6795603903537951,-0.9827098019709856,0.8816943974514395,-0.47182092948781207
1769097997.0048702,12.780719666385568,-0.6877739811579489,-0.9838687164560266,0.8814208493884085,-0.4723317544516953
1769097997.2055135,12.780719666385568,-0.6877739811579489,-0.9838687164560266,0.8814208493884085,-0.4723317544516953
1769097997.4061651,12.815351809307568,-0.7286605307984331,-0.9915264707659184,0.8796058926038253,-0.47570313610131665
1769097997.6068587,12.828686449962447,-0.744432557289257,-0.9890112323552522,0.8802034502512074,-0.4745965509418187
1769097997.8075545,12.840975934419074,-0.7589669391853702,-0.9907530968897471,0.8797897750260567,-0.4753629684352795
1769097998.0081754,12.85494779769421,-0.7756251681965658,-0.9944155235538328,0.8789178093895003,-0.47697325327313916
1769097998.208753,12.867029075198738,-0.79016896016051,-0.999372083103254,0.8777330383344949,-0.47914999052081386
1769097998.4095678,12.873625830187025,-0.7981140572333565,-0.9973247993519235,0.8782230563808258,-0.47825125534714596
1769097998.6101363,12.89278467191564,-0.8211247702903537,-0.9951595221763946,0.8787403148580203,-0.47730017708275296
1769097998.810817,12.902418386066653,-0.8326342723747302,-0.9919322226587474,0.8795093657788431,-0.475881577188377
1769097999.0114892,12.914708550910616,-0.8473664043040603,-0.9950638942332766,0.8787631354706263,-0.4772581604727505
1769097999.2120879,12.893306719426459,-0.8574858624922989,-1.0029333648601688,0.876878453219551,-0.4807121574074112
1769097999.6134644,12.902882423239882,-0.8690436685005083,-1.0043737208936063,0.8765320275220526,-0.48134354127595763
1769097999.8141735,12.931392078350104,-0.9029420209355545,-0.9885075557491269,0.8803229439276076,-0.4743748669508434
1769098000.0148492,12.943778446485268,-0.9181893780186802,-1.003021292500534,0.8768573184292869,-0.48075070786947366
1769098000.2155578,12.955696019227744,-0.9327045283202009,-1.0114443131565036,0.8748248615247679,-0.48443932711761806
1769098000.4161294,12.969024045897633,-0.949008539326158,-1.0124176431250058,0.8745889982785862,-0.4848650163602848
1769098000.6168253,12.981238767477086,-0.963868850311951,-1.006559013893209,0.8760055660557393,-0.4823009934049108
1769098000.8174746,12.99456777582214,-0.9800411746853441,-1.009466606723826,0.875303473118178,-0.48357401703074887
1769098001.018194,13.00673890990573,-0.9948062549776732,-1.0071730732079254,0.875857444060017,-0.4825699303568906
1769098001.2188468,13.019200543752186,-1.0099878396274917,-1.0114785146238405,0.8748165771289421,-0.4844542871937472
1769098001.4195356,13.032802606788026,-1.026590946370403,-1.0105004384349283,0.8750533891111568,-0.48402641064830176
1769098001.6201844,13.044591074684359,-1.040982497093995,-1.0089569567374572,0.875426671443183,-0.48335095213096396
1769098001.8208356,13.058082812421823,-1.0573814572506623,-1.004693376960791,0.8764550841351902,-0.4814836295177403
1769098002.0216057,13.07019121573186,-1.072132611314533,-1.0084410059956181,0.8755513349525723,-0.48312509752937544
1769098002.2221925,13.082390978631963,-1.087103296096621,-1.014699049748165,0.874035342259392,-0.4858623472564092
1769098002.4229486,13.067453893667713,-1.1263650400826064,-1.022888032668999,0.8720386620561847,-0.4894369948004127
1769098002.623537,13.079452003920897,-1.1412060119672338,-1.0209963565132958,0.8725012000664724,-0.48861196862394346
1769098002.8242311,13.091267863247774,-1.1557711732205787,-1.017557129228579,0.8733401334357229,-0.4871108819668
1769098003.024867,13.104830052532469,-1.1724721417017778,-1.0188751244742107,0.873018938909555,-0.48768630522625367
1769098003.2255678,13.117082191176912,-1.1875959581822388,-1.0228475647842823,0.8720485651176132,-0.48941934992020075
1769098003.4262407,13.128963767821306,-1.2023358337372698,-1.0239107848026356,0.8717882616802942,-0.48988287048686535
1769098003.6269226,13.14196540304469,-1.2185135157216391,-1.028591777550732,0.8706393058514983,-0.4919219441196145
1769098003.8275964,13.153958207417215,-1.2334886819221207,-1.0250998950202423,0.8714968452473609,-0.4904011100353439
1769098004.0281997,13.166959685473062,-1.2496989531672258,-1.0274387138984702,0.8709227697971074,-0.4914199111238115
1769098004.2288845,13.179025941908225,-1.264842246882932,-1.0336619708864658,0.8693894398319748,-0.494127515838417
1769098004.4295,13.19120829147384,-1.2802810502678037,-1.0354435534134139,0.868948930481854,-0.4949017642062334
1769098004.6302428,13.204464213831974,-1.2970974044604549,-1.0309451113195096,0.8700598750041572,-0.4929460557786729
1769098004.8308678,13.215914393496519,-1.311566358020643,-1.0289241174918624,0.8705575511766538,-0.49206661143518754
1769098005.0316062,13.22907170852696,-1.3283315857409645,-1.0387810264712718,0.8681218603402151,-0.49635112128355674
1769098005.232211,13.240689977788675,-1.3436312497140528,-1.0635312799088863,0.8619131362195361,-0.5070559590540312
1769098005.4328823,13.251905780747192,-1.3590091006259652,-1.0839177150493264,0.8566999172857043,-0.5158151332819418
1769098005.633569,13.233047847572369,-1.3954680675416395,-1.1022768354661014,0.8519289333441077,-0.5236574190548349
1769098005.8341763,13.243537111065725,-1.4109549514113546,-1.1186079186647608,0.8476246329434539,-0.5305963452828101
1769098006.0347667,13.25497694003174,-1.4284236246649085,-1.1373722830959043,0.8426092484317682,-0.538525444577367
1769098006.2354305,13.265237280499573,-1.4448738182335472,-1.1616855393970298,0.8360004949485881,-0.5487286874637737
1769098006.4360447,13.275284628648576,-1.4618086737374385,-1.1839299838592863,0.8298458306729417,-0.557992739482097
1769098006.636611,13.285679937494951,-1.4800639051962912,-1.1966547613548728,0.8262788918786032,-0.5632612119042707
1769098006.8373294,13.294802230277407,-1.4967400069478307,-1.2157739494896316,0.8208566705431791,-0.5711342455366922
1769098007.0379658,13.30453679714558,-1.5154128841079433,-1.2389975918437208,0.8141695716169636,-0.5806271683731739
1769098007.2386174,13.313145410147312,-1.5327279537203822,-1.25577717208898,0.8092696347311538,-0.5874373654289493
1769098007.4393106,13.303658613476397,-1.567501094648047,-1.2748399106873056,0.803633877456129,-0.5951240131307317
1769098007.639881,13.31206563359045,-1.5862270882268232,-1.29171065872985,0.7985852520210317,-0.6018817120120076
1769098007.8406339,13.319400928117856,-1.603185186415389,-1.306182297086558,0.7942092770850813,-0.6076443237552644
1769098008.0412712,13.327542803011182,-1.6230167807419864,-1.3263917060931834,0.7880287691933126,-0.6156384157309167
1769098008.2418966,13.334336982992294,-1.6408233678879411,-1.3530681662616175,0.7797473884143777,-0.6260942503017877
1769098008.442579,13.341544133249485,-1.6609864423603247,-1.3714405673301724,0.7739631422082005,-0.6332306487396269
1769098008.6432285,13.347772738129803,-1.6792928742973166,-1.3829268423576022,0.7703136674853582,-0.6376651579671395
1769098008.8438785,13.353532407155543,-1.6971947110033234,-1.404969882953581,0.7632389842570528,-0.6461162843562003
1769098009.0445306,13.359656042412276,-1.7176865308629476,-1.4266436686652721,0.7561924120731112,-0.6543493225510745
1769098009.2452178,13.364871765342333,-1.7367533109946638,-1.4477984003306101,0.7492289477035153,-0.6623110930092316
1769098009.4458342,13.345125269847143,-1.7649714303533728,-1.471501866274392,0.7413269781737236,-0.6711440318082368
1769098009.6465209,13.349940311965117,-1.7852378609997581,-1.4857729360131908,0.7365191746019105,-0.6764166655573475
1769098009.8472016,13.354036416869016,-1.804058611684468,-1.5061951239705582,0.7295739437051582,-0.6839019379022864
1769098010.0476575,13.357822915078945,-1.823279239898823,-1.526223797915838,0.7226886506515545,-0.6911737221707979
1769098010.2483485,13.362311257393694,-1.8484195484631365,-1.5446046099844923,0.716306052710889,-0.6977862415165157
1769098010.448907,13.36472479738403,-1.8626945187117603,-1.5444722920894152,0.7163522159465628,-0.69773884993488
1769098010.6497102,13.367904694537716,-1.8814092542356442,-1.5398030485473908,0.7179792185531045,-0.6960645384774844
1769098010.8503976,13.37221093244254,-1.9065050138432738,-1.5393528564241983,0.718135881748639,-0.6959029065502635
1769098011.05113,13.374699311787188,-1.9213579360036042,-1.5454597413251068,0.7160076378030799,-0.698092445602768
1769098011.2517233,13.378914991776714,-1.947341322425117,-1.5515047739082009,0.7138943746470271,-0.7002533983118755
1769098011.452481,13.38196206777661,-1.9662320129906812,-1.548402540431221,0.7149796901771815,-0.6991452228501182
1769098011.653049,13.385229726197615,-1.9863690215669456,-1.5461612834917706,0.7157627231157757,-0.6983435574256337
1769098011.8537238,13.388316262387463,-2.005202014661404,-1.5453520367711582,0.7160452306325608,-0.6980538859489022
1769098012.0543518,13.390745194072025,-2.0199364596918286,-1.545579622447986,0.7159657924637174,-0.6981353622484692
1769098012.2550051,13.394879371411147,-2.0454970985116026,-1.5539097939683768,0.713051796958483,-0.7011113569571373
1769098012.4555404,13.345817467063593,-2.0154255836005928,-1.562419708809494,0.7100621522178076,-0.7041390061541933
1769098012.6562188,13.348129075269652,-2.0302557937812042,-1.5564653091242129,0.7121553647658642,-0.7020218917065186
1769098012.8569233,13.352061687692972,-2.0550797048515506,-1.5550717115870714,0.7126443598300662,-0.7015254923396548
1769098013.0575678,13.355027711750934,-2.0742395274076255,-1.5621357918620353,0.7101621035614186,-0.7040381997201721
1769098013.258301,13.357990806416892,-2.093783837540855,-1.5638231434212422,0.7095678709121556,-0.7046370956522163
1769098013.4588795,13.36114574840788,-2.1147070479581673,-1.566045534383661,0.7087844434453736,-0.7054251290745405
1769098013.6595228,13.363969280583907,-2.133606862237623,-1.5667825471698826,0.7085244416559455,-0.705686272770082
1769098013.8602722,13.366831895180487,-2.1525264036290026,-1.5605722758018474,0.7107122740152639,-0.7034828097146741
1769098014.0609589,13.370098059467535,-2.1736118468753505,-1.5591391059634176,0.7112161966712724,-0.7029733434437254
1769098014.2615566,13.372998495140994,-2.1928840398392686,-1.5688790146566356,0.7077843283668976,-0.7064285841599416
1769098014.4622843,13.375817399713993,-2.2122449483709543,-1.5694849204548897,0.7075702813021888,-0.7066429770527274
1769098014.6628134,13.37855416690739,-2.2311063764207715,-1.566164203703691,0.7087425860375245,-0.7054671833167311
1769098014.8635597,13.381615348720134,-2.251992335690567,-1.5668194471577275,0.7085114216279109,-0.7056993449216151
1769098015.0642152,13.384399796225754,-2.2712560439405847,-1.5718526985426124,0.7067331987563467,-0.7074801663478788
1769098015.2648478,13.387171653115352,-2.2906238487350246,-1.5727724581197893,0.7064077682051884,-0.7078051038381715
1769098015.465557,13.390143745114749,-2.3119571710232267,-1.5782089352847677,0.7044811776737137,-0.709722671403033
1769098015.6661527,13.337897870119651,-2.3036513054023384,-1.5864669512484837,0.7015447301872794,-0.7126254216251743
1769098015.8668096,13.340816807021405,-2.324532044175462,-1.5811252000275784,0.7034455595223355,-0.7107491433609389
1769098016.0675046,13.34348883537383,-2.34307036497541,-1.5828113835729454,0.7028460828322632,-0.7113419598528848
1769098016.2681801,13.34619671418999,-2.3623961431037204,-1.5844700001319598,0.7022559194310524,-0.7119245912482917
1769098016.4687855,13.349107095519354,-2.3838402611398744,-1.590279759120623,0.7001849042631968,-0.7139615534760524
1769098016.669513,13.351594495405571,-2.4023532101041156,-1.5877399424188752,0.7010910051759218,-0.7130718073668427
1769098016.8701751,13.354358780814557,-2.422948633078457,-1.5882132272630372,0.7009222425074632,-0.7132376952729776
1769098017.0708492,13.35689207178764,-2.4417363316894614,-1.5869305308931112,0.7013795320231246,-0.712788013408631
1769098017.271585,13.359459971113811,-2.460774757615664,-1.5894835548027888,0.7004690784069949,-0.7136827517851718
1769098017.4722333,13.362242436779868,-2.4820315431490787,-1.5961291187748663,0.6980938036853548,-0.716006313698499
1769098017.6728559,13.364696170109438,-2.5013656794490533,-1.59753720842258,0.69758953017274,-0.7164976255322665
1769098017.8735018,13.367404154879564,-2.5220450796252125,-1.5899469198937637,0.7003037117724003,-0.7138450190887368
1769098018.0742838,13.369949902999988,-2.540882147179005,-1.58909718745669,0.7006069371907904,-0.7135474192792935
1769098018.2748792,13.372500880127971,-2.5600505190034344,-1.5910770473724563,0.6999002320556215,-0.7142406213374365
1769098018.475625,13.375051209159963,-2.579576419549237,-1.5939261338275164,0.6988820555979548,-0.7152369344232562
1769098018.676173,13.377725523937833,-2.6007195645987835,-1.6014462210096612,0.6961877995172775,-0.7178596992472074
1769098018.8768916,13.314303823921454,-2.4224208662303788,-1.5939868063324705,0.698860357668148,-0.7152581355566312
1769098019.0775676,13.314303823921454,-2.4224208662303788,-1.5939868063324705,0.698860357668148,-0.7152581355566312
1769098019.278251,13.314819398958909,-2.4265141664947256,-1.591825457051131,0.6996329107616474,-0.7145024773779197
1769098019.4788365,13.32172617209774,-2.4815889744347928,-1.598888626967416,0.6971052268665829,-0.7169688296399572
1769098019.6795254,13.32428604118143,-2.5032560769011667,-1.5995767538664694,0.6968585028411823,-0.7172086356270021
1769098019.8801792,13.326547370761336,-2.522078423136243,-1.5976676485960684,0.6975427986518297,-0.7165431208580354
1769098020.0808306,13.328835417975167,-2.5407190675982276,-1.5951935851592867,0.6984286512873765,-0.7156796902671587
1769098020.2815478,13.331476939597454,-2.562172369829679,-1.5947129121658683,0.6986006350640562,-0.7155118117041097
1769098020.4822385,13.333803569109586,-2.581114274339308,-1.5963879177063558,0.6980011470066321,-0.7160966406689994
1769098020.6829207,13.336093108400783,-2.600392020594793,-1.606571752568254,0.6943458090606267,-0.7196415061959279
1769098020.883567,13.338496830532078,-2.6214656913376917,-1.6059424815051584,0.6945721994761554,-0.7194230047161793
1769098021.084297,13.34072357802092,-2.640419622073807,-1.6004184000504789,0.6965566231903755,-0.7175018262622203
1769098021.2848442,13.342967369875938,-2.6591930683723977,-1.600950227478774,0.6963658049902997,-0.71768702485151
1769098021.485597,13.345432922484589,-2.6807947396511813,-1.6079453314795433,0.6938514031467564,-0.720118205818515
1769098021.6862087,13.347573186303752,-2.700064207010862,-1.6095471947316613,0.6932744152130144,-0.7206737023168343
1769098021.88677,13.349648195414224,-2.718882537521119,-1.6095399897504155,0.6932770114287704,-0.720671204797578
1769098022.087438,13.292532937420724,-2.692426119798994,-1.6135235562511738,0.69184021635912,-0.7220506319006764
1769098022.2880797,13.292532937420724,-2.692426119798994,-1.6135235562511738,0.69184021635912,-0.7220506319006764
1769098022.488772,13.296901656584966,-2.730725911148957,-1.6120626431547698,0.6923674583529562,-0.7215450800981651
1769098022.689388,13.299252528070616,-2.7520856494146235,-1.6198154498234365,0.6895652636791751,-0.724223547757921
1769098022.8900442,13.301270637749546,-2.7713937905588706,-1.6211468577792703,0.6890829924236597,-0.7246824335889857
1769098023.09068,13.3032638629404,-2.789890068500893,-1.6140978858229833,0.6916328403210255,-0.7222492742741047
1769098023.291351,13.305477457313577,-2.8103227401485773,-1.6203907143209535,0.6893569251097386,-0.7244218590043003
1769098023.4920135,13.307509407586098,-2.8297057436769304,-1.6225406916854725,0.6885777816494909,-0.7251624911829527
1769098023.6926956,13.309681794815875,-2.850931784138716,-1.6245895825352004,0.6878345310558825,-0.7258675208928514
1769098023.8932934,13.311582864390456,-2.869946564490467,-1.6286177163486812,0.6863711912037105,-0.727251392494782
1769098024.093937,13.313660082439968,-2.8911058233928735,-1.625315094788626,0.687571172914509,-0.7261169893185025
1769098024.2947266,13.31561763777664,-2.9100894062874705,-1.6206598752411006,0.6892594258401787,-0.7245146264158283
1769098024.4952517,13.31762178710434,-2.9291190370623297,-1.6226069467687034,0.6885537584210564,-0.7251853016741566
1769098024.696004,13.319585131191088,-2.9485345747889538,-1.6283432940204337,0.6864709717524502,-0.7271572078589654
1769098024.8965695,13.322061091267557,-2.974410396773693,-1.6327663965641472,0.6848611488654509,-0.7286735941247594
1769098025.0972695,13.323455003336255,-2.9888462754608067,-1.6286990968869761,0.6863415985806086,-0.727279320521225
1769098025.2978714,13.265060205413223,-2.9398933769752396,-1.6369369136586405,0.6833401881349113,-0.730100121407841
1769098025.4984806,13.265060205413223,-2.9398933769752396,-1.6369369136586405,0.6833401881349113,-0.730100121407841
1769098025.6991534,13.26879284975279,-2.978412972042893,-1.6390335612485032,0.6825744314556321,-0.7308160818721907
1769098025.8998024,13.271162672902143,-3.00424795734924,-1.644201034526804,0.6806839189412003,-0.7325772331262073
1769098026.1004202,13.272899523495406,-3.0234055012680647,-1.640861974982713,0.6819060292290313,-0.7314397906192248
1769098026.3010728,13.274297774441933,-3.038044394675024,-1.6365426620832448,0.6834840964186966,-0.7299654032505362
1769098026.5017192,13.27671334768391,-3.0627818304846084,-1.6397551180220429,0.6823107243920087,-0.7310622924071877
1769098026.7023761,13.278157347239352,-3.077975705124092,-1.639582017349414,0.6823739955236229,-0.7310032354464149
1769098026.9030318,13.280735966652532,-3.1034089594294856,-1.6253778866450188,0.687548375458783,-0.7261385758958054
1769098027.1037118,13.282933219366457,-3.122315169992961,-1.6062776812417385,0.6944516145207169,-0.7195394048205905
1769098027.3043728,13.285557652140993,-3.1413966050531146,-1.5831798776726598,0.702715008245713,-0.7114714450954638
1769098027.5050719,13.288974920260385,-3.1626111651938467,-1.5604388920131054,0.7107591890359103,-0.703435409402324
1769098027.7057598,13.292281778652058,-3.1811491975328683,-1.5460747457499904,0.7157929389829658,-0.6983125865270712
1769098027.9064221,13.296398119835517,-3.20249746756972,-1.5383481571945044,0.7184853776783751,-0.6955420634744981
1769098028.1071174,13.300182214998598,-3.2214350897324846,-1.5359100436655426,0.7193327488555464,-0.6946656724093422
1769098028.3077643,13.234390425649623,-3.2051886421247024,-1.5328144976638662,0.7204070715815764,-0.6935514769757595
1769098028.508475,13.234390425649623,-3.2051886421247024,-1.5328144976638662,0.7204070715815764,-0.6935514769757595
1769098028.7091117,13.24258719146497,-3.244640741466374,-1.53020052511316,0.7213129182808434,-0.6926093227218165
1769098028.9097457,13.246416116086115,-3.26338861260635,-1.537807287033962,0.7186734503765885,-0.6953477343918
1769098029.1103284,13.247671411658658,-3.269642135207727,-1.5383655304539827,0.7184793357348942,-0.695548304664705
1769098029.311019,13.252674977992069,-3.294763075857332,-1.5392055073303272,0.7181871501309449,-0.6958499963259263
1769098029.5116816,13.257247991233287,-3.3173372728413235,-1.532554453938383,0.7204972423467785,-0.6934578024441628
1769098029.712344,13.262246629656094,-3.3420461756098336,-1.5356586723663794,0.7194200526799878,-0.694575257118999
1769098029.913072,13.263091019046705,-3.3462395113101264,-1.5368752183156578,0.7189974282570115,-0.695012732372439
1769098030.1137252,13.270207856129536,-3.382269112404234,-1.5427819853380635,0.7169416563811941,-0.6971331733215612
1769098030.3144047,13.273817634897732,-3.4006736584530532,-1.5362974661542343,0.7191981708084436,-0.6948050022170169
1769098030.515066,13.276648644519344,-3.414871850452606,-1.5330597702511446,0.7203220115818666,-0.6936398198133188
1769098030.7157598,13.281593509792765,-3.439255896991364,-1.532842807682086,0.7203972542819301,-0.6935616742749386
1769098030.9163454,13.281593509792765,-3.439255896991364,-1.532842807682086,0.7203972542819301,-0.6935616742749386
1769098031.1170332,13.289366483998997,-3.4785614216397835,-1.542913228124728,0.71689590798742,-0.6971802185309711
1769098031.317639,13.236233356219099,-3.4642183493521026,-1.5507229682907453,0.7141680511169608,-0.6999742815016864
1769098031.5182436,13.239798580448282,-3.4825542319758584,-1.5472467254406692,0.7153836120258541,-0.6987319140019599
1769098031.7189648,13.243832912139329,-3.503248447925715,-1.5519738818226696,0.7137301078052434,-0.700420825798545
1769098031.919582,13.247470368471264,-3.5220859562935773,-1.5514436208957503,0.7139157856156985,-0.7002315695887469
1769098032.1203308,13.251346677405222,-3.542655865476403,-1.5547361399366288,0.7127620558319484,-0.7014059108435104
1769098032.320868,13.254892575434171,-3.561639610359513,-1.5541003989448845,0.7129849760635537,-0.701179309383594
1769098032.5216675,13.258436938397265,-3.580391846342242,-1.5506306477214915,0.7142003613681503,-0.6999413145554444
1769098032.722288,13.262400073318016,-3.6008935940075184,-1.5481906191255381,0.7150537680475127,-0.699069459210638
1769098032.9231129,13.265971792718148,-3.619408691715639,-1.5502561261405636,0.7143314204089358,-0.6998075605597243
1769098033.1235983,13.269622848871023,-3.6388362963414167,-1.5576072747461875,0.7117544062656126,-0.7024284057193909
1769098033.3242292,13.273539713393216,-3.66009382056916,-1.5591412936272346,0.7112154277361731,-0.7029741213942746
1769098033.5249352,13.276984595280508,-3.678632926382323,-1.555943887054511,0.7123383654149789,-0.7018362010881998
1769098033.7256558,13.280553723346685,-3.697535019874638,-1.5546730438557983,0.712784183459269,-0.7013834242483231
1769098033.92628,13.2844678850188,-3.718278065629693,-1.5571431888141691,0.7119173806729923,-0.7022632292066173
1769098034.126941,13.287895537492203,-3.736768865317954,-1.5620114216278762,0.7102058828861739,-0.7039940368453913
1769098034.3276393,13.291744527411387,-3.7579872681131903,-1.562691516061745,0.709966450616518,-0.7042354996725054
1769098034.5282698,13.230145958297566,-3.7658970975584,-1.5563623601037773,0.7121915000554135,-0.7019852329278871
1769098034.728996,13.233954016945223,-3.7860676825404056,-1.5530549534106728,0.7133514010280194,-0.7008065201261771
1769098034.9295678,13.23752018629807,-3.8047384766598813,-1.5525931400424333,0.7135132029191551,-0.7006417838382525
1769098035.1303434,13.241121466046097,-3.823892072765223,-1.5615794912301733,0.7103579045348052,-0.7038406406743792
1769098035.330978,13.244929098762123,-3.8447063305969977,-1.5648603482082182,0.7092023490256052,-0.7050049844763961
1769098035.53166,13.248314005561543,-3.8632050461137055,-1.5609732920358572,0.7105712057161256,-0.7036252991522771
1769098035.7322905,13.252196844392493,-3.8840827208874913,-1.5581515129529147,0.7115632357277482,-0.7026220616808563
1769098035.9329653,13.255698500888963,-3.902842970938484,-1.5583403993122928,0.7114968746928229,-0.7026892608417646
1769098036.1336782,13.259176436267717,-3.9217106198014258,-1.5624241520772753,0.7100605878769753,-0.7041405836505975
1769098036.3369977,13.262997618433396,-3.942908380744799,-1.5656091329075077,0.7089383508548067,-0.7052704549938746
1769098036.7355402,13.270107911126178,-3.9819275911507117,-1.5594415190723798,0.7111098943641053,-0.7030808759577173
1769098036.9362864,13.273541262583965,-4.000211417876006,-1.5585466774217092,0.711424396202502,-0.7027626402192318
1769098037.1368783,13.27755804671658,-4.021682048406848,-1.5591989473528007,0.7111951629021327,-0.7029946232117348
1769098037.3375292,13.28093954107619,-4.040155648674574,-1.5628386199597342,0.7099146508025926,-0.704287717183704
1769098037.5381646,13.224522879523924,-3.9660251834621545,-1.5705673014585328,0.7071877492343747,-0.7070258038663223
1769098037.7389174,13.224522879523924,-3.9660251834621545,-1.5705673014585328,0.7071877492343747,-0.7070258038663223
1769098037.9395425,13.231403675671892,-4.003130798086529,-1.5682185169506442,0.7080175869952966,-0.706194800678508
1769098038.140197,13.235193740305743,-4.023639530765139,-1.5705847953885115,0.7071815648773686,-0.7070319895857585
1769098038.3407722,13.238695722274098,-4.042940167882579,-1.5740888132581103,0.7059417537890307,-0.7082698922425459
1769098038.5414152,13.242461224405039,-4.063942189232623,-1.5746012011138495,0.705760276177971,-0.7084507269875543
1769098038.742107,13.24579526590262,-4.082270075687639,-1.5702993241600633,0.7072824763184694,-0.7069310423887282
1769098038.9427526,13.24930369307352,-4.101157819090858,-1.5663102500092163,0.7086910687100312,-0.7055189360539048
1769098039.1434686,13.253278525770146,-4.121915100200056,-1.5548567314672626,0.7127197627301304,-0.7014488861021212
1769098039.3441188,13.25710250680943,-4.140560595415067,-1.5382734491954617,0.718511358455016,-0.6955152246867982
1769098039.544756,13.26169440036108,-4.1616045468567044,-1.5312094458048495,0.7209634325772463,-0.69297310834291
1769098039.7454128,13.265786254733486,-4.180063429897621,-1.528635703183879,0.721854602571922,-0.6920447476469512
1769098039.946071,13.270340278126877,-4.200442088199244,-1.5309075226903126,0.7210680366612705,-0.6928642626845901
1769098040.1467533,13.274536212318086,-4.219111249895557,-1.5301859254844465,0.7213179741811026,-0.6926040572529664
1769098040.3474581,13.27874624311878,-4.237932875286537,-1.534846746634205,0.7197019651520207,-0.694283142065483
1769098040.5480304,13.283334321644531,-4.258407669240929,-1.527220011927623,0.7223442825391374,-0.6915336126921228
1769098040.7487152,13.211663328328257,-4.117074845721308,-1.5064522618354748,0.7294860091334202,-0.6839957327926801
1769098040.9494913,13.211663328328257,-4.117074845721308,-1.5064522618354748,0.7294860091334202,-0.6839957327926801
1769098041.1502104,13.213277518081648,-4.1233239586609916,-1.498471340299031,0.732209651948274,-0.6810793093273261
1769098041.3508418,13.22792063749822,-4.173886703327781,-1.4522748585744802,0.7477446682711281,-0.6639863786796388
1769098041.5515432,13.235846898857693,-4.198562732686463,-1.4424033047355078,0.7510128353874507,-0.6602876048233087
1769098041.752249,13.2423813582016,-4.218821169801636,-1.4469978044639822,0.7494940094305409,-0.6620111251540507
1769098041.9527974,13.248225317258598,-4.236749201814298,-1.4421839840300825,0.75108523824333,-0.6602052445209445
1769098042.1535807,13.25414060718771,-4.254573835843151,-1.4381476330481886,0.7524161177856225,-0.6586880792123176
1769098042.3541744,13.260843796570034,-4.274937053521599,-1.444259809967127,0.750399598222929,-0.6609844498827993
1769098042.554846,13.265448484350225,-4.289116087083272,-1.4472213598164234,0.7494200066833109,-0.6620948977169258
1769098042.7554357,13.272828949712476,-4.3116812016750306,-1.4401079540429975,0.7517701364250972,-0.6594252512448934
1769098042.9561198,13.279496156758183,-4.331896369769909,-1.4380395918004643,0.7524516994287139,-0.6586474322631497
1769098043.1567693,13.28545709456073,-4.3498125180957,-1.4381573666630723,0.7524129120686659,-0.6586917410688782
1769098043.3574052,13.291553116249998,-4.368030485022562,-1.4376198637284616,0.7525899092660534,-0.6584895052093948
1769098043.558087,13.29827675826448,-4.3883870160919205,-1.4438966868554508,0.7505195952190645,-0.6608481952704506
1769098043.758705,13.233810149808408,-4.337146039300479,-1.4393956311665277,0.7520049505846386,-0.6591574578931769
1769098043.9594636,13.233810149808408,-4.337146039300479,-1.4393956311665277,0.7520049505846386,-0.6591574578931769
1769098044.1600635,13.246392752314932,-4.37547884234219,-1.428579723338053,0.7555586298350594,-0.6550810307754054
1769098044.3607655,13.252234714811669,-4.393221076648567,-1.434542282722904,0.7536022952432675,-0.6573306478508963
1769098044.5613298,13.258930221186866,-4.413693384560798,-1.4354110825907922,0.7533166797586223,-0.6576579506076432
1769098044.7620647,13.264950998031145,-4.432069557586608,-1.4329933879757273,0.7541111371926514,-0.6567468254677795
1769098044.9626436,13.27159118371132,-4.452320288056722,-1.4344808135681222,0.7536224976670004,-0.6573074858923729
1769098045.1633234,13.277471872542154,-4.4700763897270726,-1.4270075759443706,0.7560733383153143,-0.6544869036800784
1769098045.3640409,13.283464540042116,-4.48784844033256,-1.427043467533325,0.7560615929061062,-0.6545004719114276
1769098045.5646834,13.290022069093213,-4.507913043245942,-1.445557628967737,0.7499705211734942,-0.6614712521121062
1769098045.7653275,13.295617917786192,-4.526343451351881,-1.468609625017027,0.7422967579092581,-0.6700712821763102
1769098045.965912,13.301450566324707,-4.546972808194241,-1.4845129831136177,0.7369451549919706,-0.6759525416283754
1769098046.1665237,13.306390304043914,-4.565249267087827,-1.490362132367043,0.7349651325638429,-0.6781048989023843
1769098046.3672261,13.311698404164932,-4.585235157917085,-1.492383431481739,0.7342794309133336,-0.6788473446494366
1769098046.5678604,13.31650588179216,-4.603416126968218,-1.493530757373815,0.7338898805453483,-0.6792684618272324
1769098046.7685568,13.321514575861121,-4.622538695463106,-1.495384547021132,0.7332599549595026,-0.6799484086699433
1769098046.969135,13.262381567271996,-4.567241187576018,-1.5080905839998011,0.728925461759797,-0.6845930697854505
1769098047.1697996,13.262381567271996,-4.567241187576018,-1.5080905839998011,0.728925461759797,-0.6845930697854505
1769098047.3705583,13.272556885362718,-4.605418246713056,-1.5008132166760002,0.7314116483929444,-0.6819362144622588
1769098047.57118,13.277516779618006,-4.624003910366104,-1.5055747992582116,0.7297860292454512,-0.6836756186366144
1769098047.771769,13.282367271960444,-4.642566154869706,-1.5075386918008435,0.729114344792267,-0.6843918995854226
1769098047.9723763,13.287639501678575,-4.662797105720093,-1.5052014113503718,0.7299136546309397,-0.6835393600834594
1769098048.1730676,13.292497997518966,-4.681357235731127,-1.5070589028271493,0.7292785056542119,-0.684216969382344
1769098048.3737962,13.297805910019353,-4.701578844574072,-1.5068964760714778,0.7293340708203877,-0.6841577399551668
1769098048.57444,13.302767273332025,-4.720399839455946,-1.5059760160189226,0.7296488635031748,-0.6838220060721396
1769098048.7750282,13.307717743075948,-4.7394068125254805,-1.5099814486088008,0.728277899680446,-0.685281913402826
1769098048.9756587,13.312991729461144,-4.760003283871699,-1.5092224946019392,0.7285378959641818,-0.685005499353168
1769098049.1762726,13.317814857555318,-4.778598760837419,-1.5051997918251316,0.7299142081353237,-0.6835387690264418
1769098049.3769367,13.323154108488465,-4.79875974882877,-1.5025388841394303,0.7308229786358326,-0.6825670471813369
1769098049.5775187,13.32792129503962,-4.816820465796436,-1.5057248530522913,0.7297347331312556,-0.6837303702936233
1769098049.7782116,13.332741355792283,-4.835338321937368,-1.507111109863829,0.7292606449355424,-0.6842360058840784
1769098049.9788673,13.338093358053113,-4.856097692945139,-1.5134602538284034,0.7270848174229623,-0.6865476445761194
1769098050.1794918,13.272453525402696,-4.865499484916605,-1.5095173354730438,0.7284369042388986,-0.6851128932831798
1769098050.3802056,13.277679993065506,-4.885689992217522,-1.5095197367932445,0.7284360816506583,-0.6851137678878125
1769098050.5807905,13.282571606475141,-4.904476911310726,-1.5065389437263126,0.7294563634265608,-0.6840273487635543
1769098050.7815242,13.287365012715842,-4.923158481211379,-1.513972138568042,0.7269090769793447,-0.6867337138986531
1769098050.982097,13.292593223796164,-4.943897142033762,-1.5138330775423254,0.7269568241695125,-0.6866831698777658
1769098051.182804,13.297301605823826,-4.962495913788282,-1.5115584277138292,0.7277373357162729,-0.685855939833272
1769098051.3835187,13.302006173339645,-4.98075606159158,-1.5074929781637814,0.7291299876232614,-0.6843752341723819
1769098051.5842133,13.307242714650785,-5.000970103121312,-1.5069555798725396,0.729313852340443,-0.6841792928643358
1769098051.7847672,13.312035272316555,-5.019547388753497,-1.510561256168381,0.7280792032625444,-0.6854930151187382
1769098051.9854467,13.317420227372697,-5.040716317109041,-1.5156194063186588,0.7263432133355666,-0.6873321878403219
1769098052.1860676,13.322027896764656,-5.05907944569851,-1.5162512293114292,0.7261260409546513,-0.6875616137100181
1769098052.3868055,13.326668710961966,-5.077382011287087,-1.5123657677921334,0.7274604169374896,-0.6861496497041543
1769098052.5875134,13.331923986111624,-5.097904884135544,-1.5129520809630805,0.7272592363926809,-0.6863628800288771
1769098052.7881496,13.336617471142805,-5.1164290864560025,-1.5152303144426902,0.7264769172745501,-0.6871908677123602
1769098052.9887986,13.34131761430553,-5.135264818477167,-1.5192453141808053,0.7250959187534628,-0.6886478843408086
1769098053.1894631,13.280655544138742,-5.139888101987799,-1.516369265644398,0.7260854610642878,-0.6876044671401289
1769098053.390166,13.285272500054806,-5.15824889820644,-1.512792853096031,0.7273138781365055,-0.686304977885223
1769098053.5907156,13.28987291488115,-5.176300575358115,-1.5104284994851238,0.7281247035480634,-0.6854446849185168
1769098053.7914398,13.295249254645418,-5.197288872681348,-1.5132110320387615,0.7271703630940277,-0.686457036556331
1769098053.992081,13.299978634365448,-5.216195554101687,-1.5196904989407045,0.7249426130199089,-0.688809268105378
1769098054.192685,13.304517547198,-5.234706128280161,-1.5189427474144788,0.7252000914373041,-0.6885381814970944
1769098054.3933444,13.309683751817818,-5.255512464224518,-1.5126868530272282,0.7273502513024126,-0.6862664292607626
1769098054.5940728,13.31437589011969,-5.274141396181433,-1.5133283576638532,0.7271300923423796,-0.6864996932338445
1769098054.7946894,13.319016080328058,-5.2926790469082965,-1.5178308425423686,0.7255827738233578,-0.6881348983526427
1769098054.9953423,13.32419292505192,-5.313456668423141,-1.517427860899689,0.7257214119594766,-0.6879886861159444
1769098055.1960194,13.3288419550228,-5.3322007945798955,-1.5178615859791964,0.725572195921746,-0.688146051725428
1769098055.3966057,13.33388973815493,-5.352567140331486,-1.5150807712118097,0.7265282976150051,-0.6871365459387547
1769098055.5973322,13.335929280637677,-5.3606929216648345,-1.5125103363571455,0.7274108172019156,-0.6862022318658264
1769098055.7979767,13.342144426841749,-5.385124197259567,-1.50889163647084,0.7286512058144526,-0.684884968637175
1769098055.99867,13.34583851367204,-5.399723963644126,-1.5143462640990561,0.7267806019542301,-0.6868696795048148
1769098056.1993089,13.353033475953302,-5.42894558562122,-1.5208848168329943,0.7245311551708873,-0.6892420512321775
1769098056.4000187,13.284181719793036,-5.424409857688306,-1.5211054162706887,0.7244551275592396,-0.6893219626220579
1769098056.6006887,13.290323121763471,-5.449042451154177,-1.520094121259966,0.7248035888610532,-0.6889555555869604
1769098056.801374,13.292873340033884,-5.459258193899422,-1.5203861772386444,0.7247029743389655,-0.6890613898516276
1769098057.002005,13.298648203662752,-5.482364847944471,-1.520008295769788,0.7248331531678145,-0.6889244516409645
1769098057.2025886,13.30489555412654,-5.507805550269396,-1.526427734895993,0.7226181689537418,-0.6912474100479087
1769098057.4032538,13.305882823762353,-5.511889491809878,-1.527178277417699,0.7223587127900776,-0.6915185391992483
1769098057.6039262,13.305882823762353,-5.511889491809878,-1.527178277417699,0.7223587127900776,-0.6915185391992483
1769098057.8046074,13.319155945580036,-5.565341918185789,-1.5163988628386662,0.7260752854032855,-0.6876152121110596
1769098058.0052261,13.32270990709069,-5.579585423486025,-1.5210642408449926,0.7244693189683336,-0.6893070476018355
1769098058.2059133,13.328814723788536,-5.604409610342569,-1.5234985629437305,0.7236297848423902,-0.6901883326230284
1769098058.4065711,13.333388437371964,-5.623068027829781,-1.5248639137961635,0.7231584416425635,-0.6906821760267882
1769098058.6073332,13.337934092959273,-5.641498763282627,-1.5215494693146865,0.7243020619463097,-0.6894827938827219
1769098058.8106482,13.343036484735975,-5.662034103271436,-1.5198750002722912,0.7248790668217138,-0.6888761416130489
1769098059.2092803,13.352383543661619,-5.700005470552765,-1.5290556671324953,0.7217092697364079,-0.6921963088434817
1769098059.409856,13.287279304096554,-5.711809179408096,-1.5320511155166328,0.7206717415056446,-0.6932764535127537
1769098059.610448,13.291916474172409,-5.730530115376507,-1.5256107603955693,0.72290047441094,-0.6909521720759244
1769098059.8111417,13.29550653770151,-5.744842835122446,-1.5247372032681803,0.7232021985427916,-0.6906363587466798
1769098060.0117903,13.301677278639685,-5.769494159114643,-1.526387643124944,0.7226320254750042,-0.6912329243879323
1769098060.2124245,13.306348490382808,-5.788415336921822,-1.5326205516531075,0.7204743239653097,-0.693481613676044
1769098060.413126,13.310906772136011,-5.807155676237352,-1.534723883832366,0.7197446145800338,-0.6942389284554983
1769098060.6136904,13.315778391075549,-5.827226431944481,-1.5348071984020812,0.7197156938467434,-0.6942689104595573
1769098060.8144648,13.320306247881573,-5.845661536385053,-1.5284122420570707,0.7219319206156017,-0.6919640901060318
1769098061.0151558,13.325333199158774,-5.86613728339472,-1.5332990688881456,0.7202390128942887,-0.6937260008858401
1769098061.2158585,13.32980173976428,-5.884691051917928,-1.5378549429026045,0.7186568814724238,-0.6953648586981734
1769098061.416439,13.334793278485352,-5.905644138268527,-1.5395007168702863,0.718084431529038,-0.6959559965943382
1769098061.6171508,13.339270540155969,-5.92424782253977,-1.5343779151529817,0.7198646962733941,-0.6941144135221614
1769098061.817795,13.343620369602766,-5.942153215955733,-1.534187920051603,0.7199306321942556,-0.6940460250072609
1769098062.0185096,13.348606316731555,-5.962534776810863,-1.5313801920397545,0.7209042686753522,-0.6930346567132524
1769098062.2191246,13.353191742864386,-5.981607087108558,-1.5396816564922846,0.7180214655829642,-0.6960209587089258
1769098062.4196358,13.358088106850268,-6.002452604174844,-1.5441477905582015,0.7164654151795642,-0.6976226120558124
1769098062.6204264,13.289078841816092,-5.888337900805011,-1.5420189879691395,0.7172075595909694,-0.6968596102986355
1769098062.8210118,13.289078841816092,-5.888337900805011,-1.5420189879691395,0.7172075595909694,-0.6968596102986355
1769098063.0217383,13.290008996425577,-5.892279341742652,-1.5413664322224605,0.7174348912826274,-0.6966255642526225
1769098063.2223616,13.302798186749298,-5.9461101067233475,-1.5436266579314781,0.7166471678075094,-0.6974359016235654
1769098063.4230878,13.307309624018236,-5.96533007510475,-1.5426962724057625,0.7169715323870347,-0.6971024470955379
1769098063.6237242,13.3122139568651,-5.98627772226546,-1.5430232182085708,0.7168575654479848,-0.6972196431971693
1769098063.8243635,13.316557275213388,-6.004653150775069,-1.5383869085890278,0.7184719009310552,-0.6955559844991027
1769098064.0250654,13.320963887271834,-6.02296142771505,-1.5367616421826895,0.7190368955269019,-0.6949719007780353
1769098064.2256887,13.325934443858639,-6.043633194345821,-1.542313363781548,0.7171049825154888,-0.6969651670287837
1769098064.426321,13.330225993934116,-6.06194276593984,-1.547302128911903,0.7153642556646201,-0.6987517311015438
1769098064.6269379,13.335049806345367,-6.082675249629539,-1.5428670612639481,0.7169120011074651,-0.6971636699284394
1769098064.827718,13.339443227680558,-6.101298951643683,-1.5417261378778064,0.7173095896022954,-0.6967545856789079
1769098065.02825,13.344276747152287,-6.121665212043432,-1.5428680012915688,0.7169116734308331,-0.6971640068869036
1769098065.229022,13.348568633550771,-6.139844746607888,-1.5430778093119963,0.7168385341861149,-0.6972392099601845
1769098065.4296615,13.35347248439569,-6.160740489002079,-1.5454467196162207,0.7160121829662048,-0.6980877837664616
1769098065.630334,13.357819352080213,-6.179530993458694,-1.5462430510441296,0.7157341715958929,-0.6983728199249603
1769098065.8309915,13.283079765738133,-6.147007301925054,-1.5447664588291905,0.7162495824169738,-0.6978442058851752
1769098066.0316803,13.287547850317475,-6.165665240410668,-1.538305107502658,0.7185003489476793,-0.6955265980263178
1769098066.2323685,13.292060743452522,-6.184442571509789,-1.543801398664408,0.7165862298419842,-0.6974985126871964
1769098066.4329617,13.296476494231905,-6.203217001591578,-1.5477307434116945,0.7152144916764333,-0.6989050228006815
1769098066.6336057,13.30139876181032,-6.224342401737918,-1.5474299558122409,0.7153195945695981,-0.698797451072044
1769098066.8342988,13.305812276713576,-6.243195355709837,-1.5446967503549722,0.7162739048093295,-0.6978192411285286
1769098067.0349934,13.310136640984368,-6.261549264853728,-1.5447180327654106,0.7162664791310253,-0.6978268631066338
1769098067.2356308,13.315073636932937,-6.282359181394646,-1.5448403053564868,0.716223815243139,-0.6978706516816435
1769098067.4363563,13.319596931743076,-6.301498325268158,-1.5473596895817117,0.7153441450595159,-0.6987723192350068
1769098067.6369681,13.323999374748484,-6.320457800438988,-1.5494039436066498,0.7146295374452386,-0.6995031266626364
1769098067.8376572,13.32882273813413,-6.341164404215879,-1.5429687325413928,0.7168765594206813,-0.6972001137070808
1769098068.0383449,13.333156576882068,-6.3593339188988605,-1.5390535230846594,0.7182400271755943,-0.69579541775065
1769098068.2390206,13.337952446106247,-6.379266722962194,-1.5412099366003027,0.7174893985117896,-0.6965694244102236
1769098068.4396846,13.342401274203347,-6.3979813350356665,-1.5439243721312845,0.7165433415823184,-0.6975425719151807
1769098068.6402931,13.346899667438553,-6.417152342872324,-1.5492144830825714,0.7146957983531462,-0.6994354264807859
1769098068.840997,13.351765825774613,-6.438082874777821,-1.5515192953966606,0.7138892902673882,-0.7002585816978788
1769098069.041603,13.283211164864445,-6.454710048455518,-1.5513382642602886,0.7139526716462293,-0.7001939607346035
1769098069.2423718,13.288017540757467,-6.475056656481367,-1.5483281468505785,0.7150056956408105,-0.6991186274168358
1769098069.442967,13.292416399675707,-6.493809096264341,-1.5542168412606305,0.712944151383904,-0.7012208190060282
1769098069.6436589,13.29674171959255,-6.512734449063626,-1.5600414858005394,0.7108989498044825,-0.7032941654577292
1769098069.844253,13.301434256938224,-6.533315351945382,-1.55837894940706,0.7114833301918547,-0.7027029748472026
1769098070.0449188,13.305735320110498,-6.55183071301195,-1.5520161746866497,0.7137152962443073,-0.7004359184871237
1769098070.2455935,13.310478980403733,-6.572036116803886,-1.552420589745348,0.7135736482375734,-0.7005802227731809
1769098070.446311,13.314866469441649,-6.590713199529659,-1.553620267568707,0.7131532846101085,-0.7010081259513427
1769098070.6468956,13.319310907190834,-6.609922752333459,-1.5588791605481922,0.7113075580125884,-0.7028808988115754
1769098070.8475614,13.323590685074091,-6.628754574030063,-1.5606921950559927,0.7106700921708056,-0.703525422492989
1769098071.0482285,13.328290721270522,-6.6493857016988365,-1.5574312679648252,0.7118162195908214,-0.7023657661983758
1769098071.2489328,13.332583188673627,-6.667929014545181,-1.552577581118538,0.7135186535136605,-0.7006362330682399
1769098071.4495926,13.338350643393554,-6.692963562342445,-1.557891377258667,0.7116546182474079,-0.7025295042395985
1769098071.6501825,13.341631010059002,-6.7074283223687505,-1.5604412632609075,0.7107583550255765,-0.703436252094912
1769098071.8508964,13.347357004136914,-6.732757944789949,-1.559608040969769,0.7110513527185877,-0.7031400812050659
1769098072.0514271,13.27683473862644,-6.750311490463354,-1.5575367405617053,0.7117791784303562,-0.7024033037742684
1769098072.2521791,13.280124546807913,-6.76456637298965,-1.55401350104225,0.7130154408962317,-0.7011483302722417
1769098072.4527764,13.285898589232595,-6.789339593805695,-1.5569063825534153,0.7120005258471924,-0.702178931037753
1769098072.6534727,13.290262573824782,-6.808385861669934,-1.5617312051719159,0.7103045112720795,-0.703894524248152
1769098072.8540652,13.293561844596974,-6.823131781940646,-1.5626026197349698,0.7099977518897416,-0.7042039422720615
1769098073.0548897,13.299124988346113,-6.847927280046053,-1.5573337319176588,0.7118504717345945,-0.7023310514929803
1769098073.2553973,13.303396341040521,-6.866631233570287,-1.5579608911460492,0.7116302000391372,-0.7025542387547438
1769098073.4560907,13.306677032365586,-6.881069971415407,-1.5602139574222897,0.7108382980185748,-0.7033554677899759
1769098073.6567123,13.312349129132777,-6.906230128644633,-1.5617254122272923,0.7103065500800998,-0.7038924668678496
1769098073.8573654,13.316678878291878,-6.925595570700207,-1.5631540075948596,0.7098035801574232,-0.7043996575777877
1769098074.0580826,13.319915585074785,-6.94009609723375,-1.5646460906869275,0.7092778712660908,-0.7049290044623236
1769098074.2586288,13.325019472962264,-6.962582159295723,-1.5548286179903754,0.7127296227432398,-0.7014388675175329
1769098074.4593396,13.329881281826935,-6.983513710172515,-1.5539734575584878,0.7130294789642064,-0.7011340543205931
1769098074.6599612,13.334209289519386,-7.002360494662283,-1.5615123482358464,0.7103815331185698,-0.7038167924993765
1769098074.8606644,13.338797806246623,-7.022835184673734,-1.5628102000723367,0.7099246586197273,-0.7042776292653797
1769098075.0612514,13.342969309121274,-7.041380123601767,-1.559868206228279,0.7109598803923237,-0.7032325706852128
1769098075.2619863,13.270378814478176,-7.033167990496986,-1.5634125753607446,0.7097125067028588,-0.7044914178537198
1769098075.4626036,13.274568199905989,-7.051605093947642,-1.5648710510904447,0.7091985762227914,-0.7050087797209094
1769098075.6632462,13.278863875893713,-7.070485252158618,-1.5637481112588543,0.7095943056352991,-0.7046104749504918
1769098075.8638268,13.283601468968687,-7.091600980487374,-1.5662208051858575,0.7087226205096021,-0.7054872409746349
1769098076.0644178,13.287757142179462,-7.110382879191072,-1.5674959117188594,0.7082726908064012,-0.7059389459846085
1769098076.2651536,13.291930928378488,-7.128875410308546,-1.5614123079276254,0.7104167372542886,-0.703781258225147
1769098076.4658074,13.296669765497482,-7.149393779984142,-1.5594733570913561,0.7110987019228675,-0.7030921960337867
1769098076.6664884,13.30089567589756,-7.167848509979729,-1.564074438460215,0.7094793294081015,-0.7047262455327108
1769098076.867064,13.305117773307042,-7.186589610162835,-1.5664157608273046,0.7086538477837977,-0.7055563223593266
1769098077.0678275,13.309867415968386,-7.2078322788532105,-1.569072259627006,0.707716068177693,-0.7064969687430421
1769098077.2684648,13.314026450717991,-7.226431905077343,-1.569236357251183,0.7076580985585534,-0.7065550336275955
1769098077.4691632,13.318491026022809,-7.246363755356925,-1.5671338089502567,0.7084004904206567,-0.7058107006639762
1769098077.6697772,13.322755904751482,-7.265354681696737,-1.5672899745601951,0.7083453765818954,-0.7058660124096164
1769098077.870442,13.326963437574285,-7.284332435470405,-1.5731580370698774,0.7062712977038265,-0.7079412786663545
1769098078.071112,13.331390688817542,-7.3047648947001464,-1.5745539149724703,0.7057770259313294,-0.7084340404494461
1769098078.2717562,13.335863704696186,-7.325057837995692,-1.5688969843696638,0.7077779811788626,-0.7064349434720607
1769098078.4725232,13.260651450250533,-7.339201103473423,-1.5673944851739674,0.7083084903697032,-0.7059030262509093
1769098078.6731596,13.264828987758552,-7.357796569607716,-1.5693351803193214,0.7076231857265783,-0.7065899992373006
1769098078.8739161,13.2690364474581,-7.376722521423529,-1.5732356425131662,0.7062438271237576,-0.7079686833819615
1769098079.0745897,13.273716766326253,-7.398084202310457,-1.576807426362588,0.7049783459909976,-0.7092288288583575
1769098079.2752957,13.277725466057271,-7.4165355227286565,-1.5753371584617413,0.7054995336418807,-0.7087103837471896
1769098079.475961,13.281776559172387,-7.4349776063046775,-1.5705304191103793,0.7072007875000508,-0.7070127623737128
1769098079.6767297,13.286419574373204,-7.455958762274447,-1.5714247326242627,0.7068845712745443,-0.7073289212905151
1769098079.8773282,13.290536380425001,-7.474801023493277,-1.5778910453450141,0.7045939756230343,-0.7096106886988999
1769098080.0780296,13.294598989327643,-7.493758576837597,-1.5793084770514332,0.7040908863693711,-0.7101098673667289
1769098080.278631,13.29914578912269,-7.514864385225357,-1.5769736649564525,0.7049193929541633,-0.709287423712795
1769098080.4794116,13.303206656986779,-7.533407950370996,-1.5726507911233873,0.7064508251585662,-0.7077621292728095
1769098080.680165,13.307259735468774,-7.551797739360779,-1.5715887447942642,0.7068265636220679,-0.707386887748295
1769098080.8808217,13.311924535441522,-7.5729296272441005,-1.5758645256364598,0.7053126338213106,-0.7088963877549708
1769098081.081526,13.3160186334348,-7.591906253647785,-1.58132993754754,0.7033727973281686,-0.7108211504863562
1769098081.2821543,13.31999414468441,-7.61064944082423,-1.5807022906646178,0.7035958350283277,-0.7106003806154274
1769098081.482853,13.324377044372776,-7.631013835475733,-1.5756716886933946,0.7053809812489099,-0.7088283792938351
1769098081.6835198,13.248710673160009,-7.645054384008205,-1.57904649168171,0.7041838995264011,-0.7100176305189833
1769098081.8841193,13.253177740326183,-7.665763118464606,-1.5809306766351825,0.7035146848622407,-0.710680721690959
1769098082.0848377,13.257115286527583,-7.684281583106796,-1.583200626449914,0.7027076271266287,-0.7114787352957662
1769098082.2854986,13.261586462632437,-7.705377715660617,-1.5836581975962336,0.7025448326669472,-0.7116394860411914
1769098082.486197,13.265457545433321,-7.723496215052759,-1.5810904238566699,0.7034579179828343,-0.7107369116819922
1769098082.686845,13.269801874927156,-7.743480477056761,-1.5771041921513786,0.7048731008040446,-0.7093334277777209
1769098082.8874714,13.273985070504313,-7.762489543823877,-1.5798785610192783,0.7038884466433987,-0.7103105339792894
1769098083.0881045,13.278080199663329,-7.781491873004124,-1.585559601183443,0.7018679583411895,-0.7123070749711603
1769098083.2887826,13.28248935227242,-7.802445846718979,-1.587014004541945,0.7013497819040828,-0.7128172861421751
1769098083.48936,13.286538912105414,-7.8214579493972245,-1.5812827682200064,0.7033895616103788,-0.7108045614777377
1769098083.6900914,13.290556497643678,-7.840062734638453,-1.5795204434189944,0.7040156227106069,-0.710184485172266
1769098083.8906994,13.295017417385203,-7.86079867029704,-1.583742159886479,0.7025149566073292,-0.7116689790506555
1769098084.091479,13.299122938720213,-7.879954112079652,-1.5842480325560033,0.702334927193798,-0.7118466478418526
1769098084.2920563,13.303205374748506,-7.899321452951124,-1.5876752414146686,0.7011140730400566,-0.7130491263476748
1769098084.492679,13.307490586852746,-7.919758338472512,-1.5840782959690227,0.7023953378746263,-0.7117870393116116
1769098084.6933002,13.311461801730571,-7.938243619972062,-1.5786399685538453,0.7043282042726347,-0.7098744823319725
1769098084.8939888,13.236808860707228,-7.967985022160865,-1.5801971085595812,0.7037753038789837,-0.7104226359358521
1769098085.0945787,13.241264841386945,-7.988747903361081,-1.588004834843537,0.7009965553669233,-0.7131646579603536
1769098085.2951248,13.245254940031302,-8.007746714482144,-1.5884480525816744,0.7008384945417641,-0.7133199875010049
1769098085.4958308,13.24927445032045,-8.02689453562138,-1.5887261305927491,0.700739308466141,-0.7134174244931185
1769098085.6964636,13.253656315841132,-8.047595592479645,-1.5889153424364555,0.7006718118172247,-0.7134837153886329
1769098085.897195,13.257579715853291,-8.066091142271485,-1.5867618282662934,0.7014396541329584,-0.7127288485881821
1769098086.0977728,13.26164825365071,-8.085254477865517,-1.586840200376461,0.701411724562498,-0.7127563346938857
1769098086.2984974,13.265652427402216,-8.10445721790494,-1.5938067665506281,0.6989247422957687,-0.7151952213254736
1769098086.4990609,13.269973133798365,-8.125429576790577,-1.5899773644371267,0.7002928453484453,-0.7138556792193913
1769098086.69982,13.273891348625096,-8.143977938657532,-1.5834878338082432,0.7026054489173198,-0.7115796393599886
1769098086.9004786,13.27791675837603,-8.162684613249079,-1.5830343245263836,0.7027667848383866,-0.7114203020211869
1769098087.1011531,13.28235949301092,-8.183424451250286,-1.5846027988747284,0.7022086465376755,-0.7119712190304647
1769098087.3017738,13.286412499016643,-8.202539336558203,-1.588209014130831,0.7009237449882604,-0.7132362187323581
1769098087.5024037,13.291740159320227,-8.227929850475117,-1.5888342783923293,0.7007007301793632,-0.7134553151572335
1769098087.7030363,13.295643029437063,-8.246507322296338,-1.5861037907001534,0.7016741173405495,-0.7124980231933004
1769098087.903712,13.298726567771281,-8.260989449924992,-1.5836819500342927,0.7025363810309961,-0.7116478295673156
1769098088.1043322,13.218761130617011,-8.288011613194998,-1.5881796367447882,0.7009342214205138,-0.7132259230016939
1769098088.304947,13.22271092786134,-8.306992962572014,-1.594655932716218,0.6986210195151634,-0.715491908473879
1769098088.5056024,13.22573801647917,-8.321693759903992,-1.5919686968439348,0.6995817363739306,-0.714552583181977
1769098088.7061641,13.231209515761064,-8.346923817648499,-1.5683689434732653,0.7079644697786269,-0.7062480509927568
1769098088.9068694,13.235595448300147,-8.365340891259661,-1.54765753094746,0.7152400754767206,-0.6988788410247193
1769098089.1075022,13.239223041320951,-8.379696221838389,-1.5396594071278915,0.7180292085505012,-0.6960129709052417
1769098089.308294,13.245936805630853,-8.404860108751878,-1.5253050460873607,0.7230060829477778,-0.6908416634949799
1769098089.5089076,13.251098871075033,-8.423626947763838,-1.5254335558815266,0.7229616914952853,-0.6908881187502619
1769098089.7095666,13.256202771766635,-8.442199846297425,-1.5243557265908227,0.7233339162182406,-0.6904984037985774
1769098089.9103153,13.261335964855478,-8.460528241394222,-1.520602668052442,0.7246283823628914,-0.6891398315829228
1769098090.1109653,13.267102882239515,-8.481071032369352,-1.5238508741882106,0.7235081930604162,-0.6903157933688403
1769098090.3115914,13.27220272198116,-8.49951377458898,-1.5264502458484617,0.7226103885891733,-0.6912555434157501
1769098090.5122373,13.277378193090213,-8.518381997260347,-1.5270244562873354,0.7224118957352477,-0.6914629801371911
1769098090.7128875,13.283115337634193,-8.539248294588544,-1.5264593782268043,0.722607232178063,-0.6912588429842752
1769098090.9136016,13.288144015924741,-8.557448117205537,-1.5231211337326394,0.7237600205751733,-0.690051760824523
1769098091.1141999,13.293300141679973,-8.575822610325071,-1.5192761259137748,0.7250853094500547,-0.688659054989999
1769098091.3149219,13.213815252849088,-8.604657471535063,-1.5281421904244752,0.7220253470503122,-0.6918666043515008
1769098091.5154552,13.218943783671337,-8.623433532962432,-1.5372483165497157,0.7188677617354543,-0.6951468486136279
1769098091.7161508,13.223936572598756,-8.641879281334642,-1.5313959306164484,0.720898814963483,-0.6930403296953548
1769098091.9168627,13.229595145826597,-8.662452188448674,-1.5287383047357388,0.7218190991895277,-0.6920817784375043
1769098092.1175172,13.234506350967411,-8.680290577501948,-1.5293991822754873,0.721590369134536,-0.6923202576642432
1769098092.318181,13.240076730609484,-8.700703976388825,-1.5299419357394712,0.7214024629569448,-0.6925160550049753
1769098092.5188487,13.245118645417442,-8.719188902123422,-1.5318328141502995,0.7207474088110234,-0.6931977875701822
1769098092.7195778,13.25019961030925,-8.737977913192816,-1.5368602787094092,0.719002619845232,-0.6950073615838129
1769098092.9202068,13.255731873747408,-8.758454074480078,-1.5315442981959593,0.7208474006217822,-0.6930938067944481
1769098093.1209524,13.260812693423324,-8.776797050812464,-1.525819378082549,0.722828398056395,-0.6910275732293363
1769098093.3216062,13.265948691239087,-8.795334825214946,-1.5294378394307164,0.7215769874339115,-0.6923342048503748
1769098093.5223346,13.27158569467658,-8.816123552196576,-1.5351628922649125,0.7195922088699569,-0.6943968987068249
1769098093.7229373,13.276633067025738,-8.834895431556927,-1.5344182933070385,0.7198506825973259,-0.6941289467845034
1769098093.9236708,13.281614423727218,-8.853344327075648,-1.5329688963174146,0.7203535277278059,-0.6936070898499418
1769098094.1242678,13.287092395358943,-8.873651634781764,-1.535386165880372,0.7195146841329902,-0.6944772273566666
1769098094.324928,13.292080679676522,-8.892098656083421,-1.5331632932092294,0.7202861067939247,-0.6936771038167909
1769098094.5256312,13.214094012167791,-8.92057227930247,-1.5405968725099317,0.7177028856503926,-0.6963494581954519
1769098094.728952,13.219660201200812,-8.941510985699452,-1.545121593221845,0.716125656886799,-0.6979713773131752
1769098095.127606,13.229544989551428,-8.978298543764723,-1.5351081632501957,0.7196112104295777,-0.6943772071605447
1769098095.3283224,13.23509543862635,-8.998691084242509,-1.5373573300507262,0.7188298704717583,-0.6951860307267078
1769098095.5289037,13.2400546083164,-9.017276993618474,-1.5412261874878244,0.7174837385524209,-0.6965752543069854
1769098095.7296863,13.245073704335185,-9.036161225497795,-1.5451118154743726,0.716129069172176,-0.6979678762569183
1769098095.9302683,13.250525443762905,-9.056868409767963,-1.5478548893433168,0.715171107190996,-0.6989494169388833
1769098096.1309998,13.255365855126302,-9.075250118403712,-1.5443219411159481,0.7164046667799903,-0.6976849958368397
1769098096.3316383,13.260277752252543,-9.093639061341142,-1.540074168183611,0.7178848535742048,-0.6961618612138577
1769098096.5323179,13.265691381556723,-9.113937405570137,-1.5437735983435263,0.71659592511399,-0.6974885519562489
1769098096.7329443,13.270594241178427,-9.132669136597269,-1.5495445650811968,0.7145803530982971,-0.6995533710632184
1769098096.9336967,13.276061654007615,-9.153529193411144,-1.5444254782232074,0.7163685476769065,-0.6977220821353439
1769098097.1343935,13.28098373762847,-9.172020205841784,-1.5414850843782513,0.7173935619576269,-0.6966681256249266
1769098097.335057,13.285885691248508,-9.19033319375438,-1.541839882127881,0.7172699625283528,-0.6967953794727512
1769098097.535792,13.290790660048328,-9.208881083194951,-1.5451839163084864,0.7161039066737978,-0.697993692554972
1769098097.7364147,13.212406851857772,-9.229790390290898,-1.5550316550345171,0.7126584100335092,-0.7015112191608276
1769098097.9371479,13.217192018130678,-9.248317227555237,-1.5571949623742272,0.7118992011007204,-0.7022816582199454
1769098098.13777,13.222501355343624,-9.268852310944007,-1.5515553111906621,0.7138766799672241,-0.7002714372291458
1769098098.33847,13.227365432418345,-9.287358592397773,-1.5512841690659092,0.7139716099492776,-0.7001746497742093
1769098098.5392103,13.23225149709732,-9.306016144878253,-1.5562176472940101,0.7122422913187839,-0.7019336994737954
1769098098.7398121,13.237089246818268,-9.324790837302142,-1.5573809360361628,0.7118338950772334,-0.7023478524343719
1769098098.9404602,13.242372147560989,-9.345332747496226,-1.5570364652648934,0.7119548536715629,-0.7022252390319672
1769098099.1411939,13.247593329786767,-9.365498483681797,-1.5546066519796888,0.7128074661472352,-0.701359762322275
1769098099.3419003,13.252305896130189,-9.383573526698576,-1.5524506043307327,0.7135631343447612,-0.7005909315028852
1769098099.5425534,13.257118792422062,-9.401857754587844,-1.5481090222164124,0.7150822884059642,-0.699040285540175
1769098099.7432382,13.262616153682298,-9.422788496510144,-1.5555633360065904,0.7124718947700444,-0.7017006478283905
1769098099.943845,13.267457542276684,-9.441614526395156,-1.5582421008942517,0.7115314104548047,-0.7026542904844432
1769098100.1446083,13.272263925672764,-9.460318881325845,-1.55351518618516,0.7131901150776294,-0.700970655416871
1769098100.3451836,13.277665628163245,-9.480934512475207,-1.5492540230005327,0.7146819704037861,-0.6994495558507146
1769098100.5459454,13.28247193108863,-9.499403661041253,-1.5550684485931134,0.7126455043658393,-0.7015243296616009
1769098100.7492855,13.287319253421114,-9.518202053299653,-1.555566460302022,0.7124707986091109,-0.7017017608138773
1769098101.1478326,13.221616863531716,-9.67761658870553,-1.549363857895242,0.7146435573419307,-0.6994888033054357
1769098101.3485193,13.221616863531716,-9.67761658870553,-1.549363857895242,0.7146435573419307,-0.6994888033054357
1769098101.5490944,13.231725377030669,-9.716256331467685,-1.5433926379851506,0.7167287698575276,-0.6973520419834699
1769098101.7497272,13.236622396174974,-9.734910981828907,-1.5484677296611096,0.7149569014280562,-0.6991685269664193
1769098101.9504106,13.241453536737465,-9.753765772633026,-1.5528621815006611,0.7134189456200243,-0.700737759814906
1769098102.1510177,13.247873560176908,-9.778902304370929,-1.5509522896548413,0.7140877868939942,-0.7000561638960389
1769098102.3517478,13.252635519246207,-9.797356769157254,-1.5488373383880647,0.7148276798253648,-0.6993006421815197
1769098102.5523639,13.256313394264856,-9.811673342106,-1.549533360750424,0.7145842721007651,-0.6995493678549211
1769098102.7531455,13.262715947547727,-9.836631478515564,-1.5507055174134188,0.7141741586724338,-0.6999680500455155
1769098102.9537961,13.26757536458607,-9.85574029994046,-1.5561374735137974,0.7122704290855771,-0.7019051473313526
1769098103.1544,13.271249231715734,-9.870371248236156,-1.5550379785245816,0.7126561920303348,-0.7015134724015089
1769098103.3549604,13.277526777686733,-9.89507387214464,-1.5471606324412717,0.7154136893261671,-0.6987011185941543
1769098103.555708,13.28232613813192,-9.913570918107448,-1.5468712311666097,0.7155147843332146,-0.6985975904629169
1769098103.7564144,13.286016885616453,-9.92798871216539,-1.5516487695995835,0.7138439560606507,-0.7003047953539087
1769098103.957032,13.29226734098077,-9.952854894742062,-1.5549791746286243,0.7126768175849171,-0.7014925186180069
1769098104.157761,13.238855477435992,-9.9379256327471,-1.5379853659176943,0.7186115341536676,-0.6954117219182548
1769098104.358357,13.243473683364906,-9.956416594582313,-1.536946018739138,0.7189728242086139,-0.6950381845981483
1769098104.559189,13.24807909334202,-9.974832494036193,-1.5358712405499342,0.7193462263163576,-0.6946517161026925
1769098104.759822,13.25320792521085,-9.995178564731418,-1.5376210403182613,0.7187382003762415,-0.695280806091986
1769098104.960539,13.257907612718329,-10.014092646770381,-1.542623076642791,0.7169970443796136,-0.6970762069895217
1769098105.1611145,13.262978917256758,-10.03487022900398,-1.545516670585982,0.71598776656954,-0.6981128262127562
1769098105.3618398,13.267605783975904,-10.053515538629856,-1.537541488158805,0.7187658553524399,-0.6952522169540171
1769098105.5625167,13.272254578416385,-10.07197272517318,-1.536146932513651,0.719250464534471,-0.6947508684895238
1769098105.7632408,13.277430355993681,-10.092620161557015,-1.5408738212779933,0.717606452207375,-0.6964488349838375
1769098105.9638617,13.282094152905438,-10.111412761793195,-1.5419860715487843,0.7172190285557635,-0.6968478062514992
1769098106.1645103,13.286768283144463,-10.130437439619826,-1.5442411484283902,0.7164328501183862,-0.6976560551383798
1769098106.3652308,13.291798884656513,-10.151198898621372,-1.5416487416842206,0.7173365521415853,-0.696726826641276
1769098106.5659094,13.29632552026464,-10.169712476749346,-1.5380888244320483,0.7185755600604046,-0.6954488942286672
1769098106.7666006,13.3009563159916,-10.188435015833978,-1.5408364756775381,0.7176194567322334,-0.6964354351404975
1769098106.967229,13.305536559167345,-10.207222128950523,-1.5450363045637436,0.7161554207567209,-0.6979408379803865
1769098107.167951,13.31059415914512,-10.228341626024319,-1.5457434256853786,0.7159086116462394,-0.6981939986642351
1769098107.3685663,13.183475162261177,-10.188809286574976,-1.5689000682029477,0.7077768919142254,-0.7064360348058689
1769098107.5692813,13.18849899092183,-10.209337919134866,-1.5686475589917293,0.7078660770758894,-0.7063466690833835
1769098107.7699237,13.19302058280344,-10.227722442301326,-1.5708377627728447,0.7070921312042949,-0.707121430865285
1769098107.970593,13.197638989008157,-10.246526255408279,-1.5688605771900999,0.7077908407135121,-0.7064220592549894
1769098108.171222,13.202240433691456,-10.265542648884205,-1.5765184670041548,0.7050808077863335,-0.7091269664110732
1769098108.3718224,13.207216186942622,-10.286525437217964,-1.5768383358548006,0.704967384955325,-0.7092397240350055
1769098108.572559,13.21163836963366,-10.304856006977404,-1.5698963568661792,0.7074248970057634,-0.7067885221877794
1769098108.7732124,13.216197770213624,-10.323439723838293,-1.5696659455487723,0.7075063183482526,-0.7067070181463468
1769098108.9738722,13.221171040019287,-10.344058818512373,-1.5765375866325706,0.7050740286320664,-0.7091337068201935
1769098109.1745288,13.225563315077975,-10.36315048999659,-1.5923771609759947,0.69943578723456,-0.7146954453021029
1769098109.3752377,13.230001177134637,-10.384020887788331,-1.6099148702321446,0.6931419164666069,-0.7208011401468503
1769098109.5758553,13.233661437770602,-10.402673295503487,-1.6255832232209668,0.6874738204308477,-0.7262091614832565
1769098109.776551,13.237015279845052,-10.421151849485117,-1.6399832425264025,0.6822273333421353,-0.7311401135492972
1769098109.9772189,13.240479570244075,-10.442333485996281,-1.6597358827774455,0.6749732043783305,-0.7378422415199936
1769098110.177802,13.243142376793385,-10.46143513455753,-1.6873704494598625,0.6647141224504262,-0.7470978084661739
1769098110.3783808,13.245363800548072,-10.480440072084397,-1.704252693890712,0.6583841722869271,-0.7526820588283328
1769098110.5790951,13.176865605041774,-10.496784373411003,-1.7285931628944582,0.6491753236984963,-0.7606388098834772
1769098110.7797287,13.178493336010048,-10.515925971486947,-1.7531899949676315,0.6397718133743457,-0.768564913856794
1769098110.9803407,13.179767119170629,-10.535093954054297,-1.7705533761467518,0.6330753442032546,-0.774090181155872
1769098111.1809897,13.180714431864507,-10.556890706960504,-1.7966540268667408,0.6229195931495195,-0.782285868765656
1769098111.3816218,13.181129344320707,-10.576349772797538,-1.8135844228354634,0.6162751485365312,-0.7875309145019491
1769098111.582268,13.1813010029971,-10.595154398494817,-1.8243272630392857,0.6120361190816617,-0.7908298103507847
1769098111.782975,13.181127994792496,-10.616287745999664,-1.8433463817872322,0.6044881158619058,-0.7966141586626007
1769098111.9834967,13.180572093108408,-10.635743309872822,-1.8647905267121634,0.5959121782818015,-0.8030496097847494
1769098112.1841953,13.179652362979452,-10.655007798803439,-1.885744847920312,0.5874659458685412,-0.8092488878242468
1769098112.3848867,13.152632053613747,-10.686267950697152,-1.9053880865295476,0.5794896046639421,-0.8149796304733193
1769098112.585497,13.151020008098204,-10.70513124555752,-1.9210260724299626,0.5730996356723531,-0.8194856970028312
1769098112.786191,13.149096576970319,-10.72422007290431,-1.936092600916604,0.5669100301178501,-0.8237797143361678
1769098112.9868045,13.14651671281037,-10.745578669845846,-1.9604716756618152,0.5568266685789487,-0.8306287143840319
1769098113.18748,13.143741903874119,-10.764510994086663,-1.986064250465636,0.5461524067349133,-0.837685829304556
1769098113.3881364,13.140629235908968,-10.783313935609096,-1.9978152124647457,0.5412212009669011,-0.8408802599799482
1769098113.5888333,13.13690150132922,-10.803988324095036,-2.0147146532393787,0.5340967615601279,-0.8454233550659598
1769098113.7894804,13.133183720903059,-10.822603551314204,-2.034947313589557,0.5255169961059465,-0.8507831020911162
1769098113.9900987,13.12858999196926,-10.843413984001952,-2.0558420590954576,0.516600030399822,-0.8562268441195376
1769098114.1908054,13.123960218779775,-10.862553446996092,-2.0756367128046818,0.5081005097066598,-0.8612977836009057
1769098114.3914645,13.068860391375903,-10.877102594712,-2.0867811338849633,0.5032933138341341,-0.8641156405538878
1769098114.592168,13.063271130911147,-10.897300490750414,-2.1044276987682196,0.49564948575715345,-0.8685226463764024
1769098114.7928712,13.057789568026504,-10.915765281691273,-2.1248750691369294,0.48674423498771696,-0.8735445321826599
1769098114.9935486,13.051766800896182,-10.934592700082336,-2.147158446538617,0.4769814638816052,-0.8789133535868942
1769098115.1941905,13.044926865557155,-10.954589309508048,-2.1658692730553026,0.46873811273275806,-0.8833371845856667
1769098115.3949258,13.038428161355164,-10.97250570541172,-2.1825935399320864,0.4613352271832999,-0.8872259059336202
1769098115.5955935,13.03159797426121,-10.990434045233535,-2.1966967267024864,0.4550674528107634,-0.8904569688605529
1769098115.7962687,13.02382243335298,-11.009731615646306,-2.219887231915665,0.44471201914731784,-0.8956736124425658
1769098115.9969485,13.01610169377835,-11.027818920398442,-2.2393588217001503,0.43597098631821857,-0.899960720858816
1769098116.1975887,13.00551438975631,-11.051253824423256,-2.2545341653080904,0.4291298952883024,-0.9032427873887787
1769098116.3982072,12.958059001580468,-11.063126111955905,-2.26272213389937,0.4254284475760852,-0.9049920640497363
1769098116.598904,12.949815600753242,-11.080169681883692,-2.2853793542105802,0.4151490656792789,-0.90975340244795
1769098116.7995832,12.940188778547723,-11.098983658652589,-2.3098160486328356,0.4040026712995057,-0.9147578048767135
1769098117.000174,12.93107885951955,-11.115839393400652,-2.3275805610431672,0.3958617282636431,-0.9183101284947921
1769098117.2008646,12.918361325982962,-11.138190452134308,-2.3492049754137554,0.38590982369889604,-0.9225365076638902
1769098117.4015737,12.91083945847024,-11.150914888074956,-2.3620942231160638,0.3799564500705004,-0.9250043762327956
1769098117.6025417,12.901054000363258,-11.166973873967118,-2.378627208914896,0.372297012979762,-0.9281136428942023
1769098117.8028998,12.887073400801343,-11.188827074968065,-2.4086380995456933,0.3583288640494942,-0.9335954290746068
1769098118.003499,12.878878945811495,-11.200976575580874,-2.425551065741643,0.35042121183049796,-0.9365922134521754
1769098118.2041473,12.819995632651235,-11.195500286117921,-2.4326001181330064,0.3471179983601159,-0.9378214623340984
1769098118.4049392,12.811473622676722,-11.207360055513217,-2.4433020251736153,0.342094813800894,-0.9396654395956742
1769098118.6055596,12.79644087350238,-11.227564745277833,-2.464868585314656,0.331942445511005,-0.9432996410834542
1769098118.8061807,12.787242114483206,-11.239360867891964,-2.4795658888517678,0.3250015644750711,-0.9457134783266844
1769098119.0069125,12.770679761758249,-11.259721683933169,-2.511163510215607,0.3100204780770116,-0.9507298791838307
1769098119.2075655,12.75841087807542,-11.274206528527486,-2.5240683568056954,0.3038795553866323,-0.9527104574937879
1769098119.4082549,12.748868520337744,-11.285161449231305,-2.5359261010703014,0.29822574909799526,-0.9544953654025459
1769098119.608899,12.73151688632953,-11.304242681097357,-2.5641914013074802,0.2847068670160757,-0.9586146253181674
1769098119.8095953,12.718171240609284,-11.318270997886211,-2.584015110803081,0.2751913882921172,-0.9613894631260825
1769098120.010207,12.704830738131353,-11.331775621049495,-2.6026199348260532,0.2662363696462186,-0.9639077733256445
1769098120.210885,12.694738563777914,-11.302583734144347,-2.6306106027433116,0.2527205254856688,-0.9675393201303228
1769098120.4115365,12.680830273561693,-11.315687985080993,-2.644203457923786,0.2461389284414184,-0.9692345577339421
1769098120.6121845,12.666724086413499,-11.328579063874697,-2.661690885899741,0.23765491775393252,-0.971349648719436
1769098120.812928,12.65030686261028,-11.342871606867591,-2.686996199711941,0.2253460690297839,-0.9742787841130607
1769098121.0135474,12.63580069272381,-11.355036674331046,-2.7025329875964013,0.21777076419789665,-0.9759999458302567
1769098121.214168,12.621082223945974,-11.367064531567381,-2.7165594469327834,0.21092055298504486,-0.9775032073238854
1769098121.4148593,12.604572732320351,-11.380054661878832,-2.7366273973753166,0.20110185688558904,-0.9795703359928618
1769098121.6154015,12.589504868318373,-11.391349348007818,-2.760324346136476,0.18948159860516467,-0.9818842720962747
1769098121.8160868,12.572000513329519,-11.403900382463041,-2.7791770673159166,0.18021772221593454,-0.9836267445526785
1769098122.0167584,12.556429848812252,-11.414713719807905,-2.793200985670927,0.1733161977407282,-0.9848662323385328
1769098122.2173734,12.518283012765654,-11.389255825943488,-2.8276124629985304,0.15634602938320175,-0.9877023433687434
1769098122.418065,12.50214436249174,-11.399630109150838,-2.845204877864556,0.14765205826296113,-0.9890393671086662
1769098122.6187563,12.483568999112299,-11.411073946830536,-2.8681098858497682,0.13631564566321447,-0.9906654555133236
1769098122.81935,12.466725723386872,-11.420978326282667,-2.886208851968235,0.1273451761475396,-0.9918584607250936
1769098123.0199506,12.450187180772659,-11.430347334988253,-2.9007886902054016,0.12011128850153376,-0.9927604335258841
1769098123.2206614,12.431732167964732,-11.440436466053534,-2.9131894729470478,0.11395351589433848,-0.9934860825473696
1769098123.4213076,12.414586170390496,-11.449432390438064,-2.934922809950752,0.10315111643902784,-0.994665696190123
1769098123.6219401,12.397364860588631,-11.458002472997135,-2.9600981132570863,0.09062276979856251,-0.9958852913835191
1769098123.8225858,12.379678294782908,-11.4663071654167,-2.9793923887737987,0.0810112592493943,-0.9967131863654797
1769098124.023218,12.360173849772021,-11.475081790951332,-2.991835504808306,0.07480862246086856,-0.9971979091461771
1769098124.2239385,12.336907170478904,-11.424119164820183,-3.0124706369726084,0.06451616794214185,-0.9979166618881866
1769098124.4247313,12.31900600576343,-11.431497905157755,-3.037641130959933,0.05195236256447889,-0.9986495641735238
1769098124.6253228,12.29776918742969,-11.439666660474598,-3.059064895389185,0.04125217004296455,-0.9991487669345073
1769098124.8259206,12.277999702365772,-11.446845978020743,-3.0755293537271946,0.033025643509064784,-0.9994545046528192
1769098125.0266385,12.25630715786399,-11.45428041353632,-3.0921005191225994,0.0247435416949548,-0.9996938317026819
1769098125.2272298,12.236711939834901,-11.460643967679065,-3.1089478380115314,0.016321683026762103,-0.9998667924594625
1769098125.4279606,12.214334900105941,-11.467442509676129,-3.1304351545083975,0.005578720603353944,-0.9999844388171396
1769098125.6285577,12.194121830484896,-11.473071269346061,3.1257640343561794,0.007914226996558079,0.9999686820151154
1769098125.8292525,12.174127951341607,-11.478246505834983,3.11228432027896,0.01465364217718771,0.9998926296212723
1769098126.0299482,12.132924184688537,-11.44956096032463,3.1018935750619168,0.01984823582261382,0.9998030043637246
1769098126.2305298,12.1123030970573,-11.454071498154432,3.0763742617357748,0.03260341701702721,0.9994683672827339
1769098126.4312232,12.091539033061562,-11.458140042626992,3.0548566970859734,0.04335438524810946,0.999059756611064
1769098126.6319842,12.068521904114634,-11.462135607190465,3.0386933788225776,0.05142694196362937,0.9986767593372089
1769098126.8326344,12.04856002923026,-11.465213546550757,3.0189093588142586,0.06130318525641393,0.9981191910174946
1769098127.0360086,12.02541603931034,-11.46839306548288,3.0008627833364936,0.07030688407265764,0.9975254092262482
1769098127.4344983,11.98308702196682,-11.473389818215772,2.9931921551639697,0.07413218085302682,0.9972484242965611
1769098127.635136,11.959990722222338,-11.476148988272511,2.9974884588430197,0.0719897704199961,0.9974053704261253
1769098127.8357956,11.939134439583182,-11.478668037652405,2.9978053564226603,0.07183173184306484,0.9974167645976411
1769098128.036504,11.91855687466807,-11.481172837311894,2.997637063429155,0.07191566071520203,0.9974107166778868
1769098128.2372222,11.894860222513078,-11.484027362957683,2.9931752308365693,0.07414061972978866,0.9972477969422058
1769098128.4378483,11.87355033274494,-11.486590195216719,2.9989322264478457,0.07126974094366277,0.9974570787887683
1769098128.638595,11.853328126266783,-11.489081610736317,3.0021862076100736,0.06964679405839724,0.9975717137516417
1769098128.839187,11.811796964874546,-11.38841320057898,2.9903172663304343,0.07556559295134078,0.9971408331634566
1769098129.0398862,11.790905293827597,-11.391058405002093,2.9960927821117163,0.07268578056836446,0.997354890349051
1769098129.2405927,11.767826980158254,-11.393964452247872,2.992703115704072,0.07437602554981995,0.9972302677032083
1769098129.4412448,11.747583918039462,-11.396493625780371,2.9931881695063334,0.07413416819827845,0.9972482765618346
1769098129.6419604,11.724638183354417,-11.399438474543919,2.997728424455709,0.07187009840669838,0.9974140007815268
1769098129.8425753,11.704230371485785,-11.402076361797516,2.994417619862123,0.07352112060550292,0.9972936602751022
1769098130.0432763,11.683036750341952,-11.404755170109896,2.992070077733658,0.0746916641312469,0.9972066763260788
1769098130.2439365,11.659062353812201,-11.408029143421738,3.0140688925927988,0.0637186844701661,0.9979678999093065
1769098130.4445832,11.638626439545178,-11.411186189970923,3.0338300815919887,0.05385521848792178,0.9985487546642969
1769098130.6452098,11.617891166942066,-11.414860583332382,3.0564393317043423,0.042563798478410145,0.9990937508858162
1769098130.845842,11.594724044292093,-11.419433256462519,3.0766923324108513,0.032444465816240935,0.9994735397387461
1769098131.0465958,11.57417250256794,-11.423904916207928,3.0917428508242093,0.024922320694180277,0.9996893907265478
1769098131.2472973,11.55308926838487,-11.428895674362968,3.107992846940134,0.016799113077624318,0.999858884943173
1769098131.4478467,11.530510618748378,-11.434692607553668,3.132219377132922,0.004686621071782797,0.9999890177311597
1769098131.648639,11.534337204982783,-11.338335865226014,-3.1103056159700073,0.015642880771545194,-0.9998776426549236
1769098131.8493526,11.514452570057825,-11.34428304490836,-3.0994386810473156,0.021075425768119924,-0.9997778885475976
1769098132.0500886,11.492413794405795,-11.35088807706598,-3.1092130604298274,0.016189089339301386,-0.9998689481058826
1769098132.2506588,11.472017410982936,-11.356889361465797,-3.109251772443918,0.01616973586586593,-0.9998692612747069
1769098132.4513195,11.444979463207863,-11.364887387100934,-3.102895133559025,0.01934755275754441,-0.9998128185827055
1769098132.6520154,11.429625303855115,-11.369463732030587,-3.102325860763628,0.019632135089007005,-0.999807271063702
1769098132.8526614,11.409480580078002,-11.37551219584183,-3.0987295603560874,0.02142990602966564,-0.9997703531949523
1769098133.0533483,11.382113511439975,-11.383735271537104,-3.1056633568404037,0.017963682106010036,-0.9998386400440794
1769098133.2539408,11.366265175054037,-11.38842589886143,-3.1059817584671197,0.017804506754316825,-0.9998414872064649
1769098133.4545968,11.346345417367166,-11.394343201049312,-3.1025603625039424,0.019514906681804854,-0.9998095660760605
1769098133.655381,11.319508384531407,-11.40248274283566,-3.100754574546348,0.020417620641859733,-0.9997915386555964
1769098133.8560116,11.304019945897291,-11.407140124564565,-3.1039282331187854,0.01883109710795854,-0.9998226791695168
1769098134.0566788,11.276891903049558,-11.415190385671275,-3.1073713903084794,0.017109796729013367,-0.9998536167139127
1769098134.2572722,11.25648300179613,-11.42123876222643,-3.1088170012381497,0.016387092664259025,-0.999865722581794
1769098134.4578907,11.259759440666224,-11.343059885934746,-3.1136059452009577,0.013992897516535492,-0.9999020946168138
1769098134.6586077,11.233324279343892,-11.351041697954848,-3.105870172779178,0.017860290726667862,-0.9998404922862241
1769098134.8592079,11.21284024100987,-11.357279661888866,-3.11343834174864,0.014076690988821989,-0.9999009184768285
1769098135.0597706,11.19242549701683,-11.363396895354285,-3.1149066190703025,0.013342621340122575,-0.9999109832658976
1769098135.2605736,11.170363613719282,-11.370013356936147,-3.10704710546817,0.01727191518860783,-0.9998508293469169
1769098135.4612017,11.150730449269886,-11.376004427742085,-3.1095975746397575,0.015996857131981332,-0.9998720420943367
1769098135.6618,11.128694707301287,-11.382707519315217,-3.1107138939788985,0.01543876642048307,-0.9998808151431918
1769098135.8625062,11.108803101685446,-11.388718796969556,-3.110909684185872,0.015340882910788294,-0.9998823217316714
1769098136.0631368,11.088202478051116,-11.394921209348983,-3.115684835250987,0.012953546886659251,-0.9999160992918631
1769098136.2638032,11.066086000458998,-11.401531907457283,-3.1139473632351997,0.013822205009687758,-0.9999044687612263
1769098136.4645386,11.046104915795516,-11.407597036626775,-3.107513512847915,0.01703874581833774,-0.9998548300333094
1769098136.665151,11.023964743937256,-11.414391502311823,-3.10559981894442,0.017995445918695417,-0.9998380688522454
1769098136.865811,11.00409313278188,-11.420381571565766,-3.1135471416676386,0.014022296398551402,-0.9999016827687166
1769098137.066428,10.981725917306475,-11.427125417235578,-3.1112441997838878,0.015173644580586338,-0.9998848736280302
1769098137.2671978,11.014099741654087,-11.367232219454298,-3.1206647808498063,0.010463745414726267,-0.9999452535173592
1769098137.4677973,10.994361007645848,-11.373311108373178,-3.119135592718548,0.011228294488452249,-0.9999369607144646
1769098137.6684563,10.971915450477514,-11.380231852454457,-3.118075048645547,0.011758531493499785,-0.9999308660788087
1769098137.8691735,10.951363693023277,-11.386508079591641,-3.123848316596207,0.008872052101241128,-0.9999606425712528
1769098138.069755,10.929481995935527,-11.39310869397507,-3.126076366935795,0.00775806550169285,-0.999969905757004
1769098138.2704122,10.909782612199209,-11.39914287476477,-3.1157358548999454,0.012928039198260346,-0.9999164294092223
1769098138.4711223,10.889671227345483,-11.40538718797055,-3.117008789439876,0.012291622542695021,-0.9999244551541221
1769098138.6717815,10.867412877338335,-11.412227867456352,-3.1193564610660407,0.01111786720815328,-0.9999381946044175
1769098138.8724263,10.847355324475936,-11.418389324238381,-3.1165168736787567,0.012537561468132171,-0.999921401687369
1769098139.073115,10.825244135595158,-11.425192089423588,-3.117609449050164,0.011991314876094498,-0.9999281015990812
1769098139.2737956,10.805661110372716,-11.431260262457897,-3.1183406145387207,0.011625757623449633,-0.9999324185962173
1769098139.474523,10.78558952245259,-11.437547360075518,-3.115504359801998,0.013043776987282893,-0.9999149263221877
1769098139.6752164,10.762860962274114,-11.44458090705102,-3.1237351838174736,0.008928616250075919,-0.9999601391114842
1769098139.8758245,10.74276083036578,-11.45068938088528,-3.122299125938299,0.009646614205052348,-0.9999534703346845
1769098140.0764534,10.697832985558774,-11.351185663671256,-3.1104652033145874,0.015563096812882355,-0.9998788876746988
1769098140.2770748,10.67569514603368,-11.358073267018046,-3.111696175127347,0.014947682540458508,-0.9998882771523375
1769098140.4779027,10.655832536329712,-11.364265288845688,-3.109466714976159,0.016062278557227878,-0.9998709932824085
1769098140.678576,10.633243884983392,-11.371322805990546,-3.113832650374283,0.013879555938048046,-0.9999036743241634
1769098140.879122,10.613656322645767,-11.377376291617455,-3.1134696459099556,0.014061040457272522,-0.9999011386838496
1769098141.0799074,10.59185503691493,-11.384152924810506,-3.1058647955753473,0.017862978899665885,-0.9998404442633985
1769098141.2804782,10.572236425592685,-11.390361508593363,-3.1066767032076616,0.017457088395021157,-0.9998476134215496
1769098141.4810724,10.551906011416545,-11.396753488336978,-3.1116271918257294,0.014982170328863608,-0.9998877609873205
1769098141.6817126,10.529293830957824,-11.403735102782072,-3.1114756554115433,0.015057929988730479,-0.9998866229450489
1769098141.8823326,10.509159303985795,-11.40999024611591,-3.1106806408350667,0.015455391008628666,-0.9998805583112267
1769098142.0829608,10.489589552293639,-11.416101097701484,-3.1072402971268427,0.017175333688104564,-0.999852493077205
1769098142.2837014,10.467696461383664,-11.423008056773043,-3.1020771237173204,0.019756479490596748,-0.9998048217117868
1769098142.4843612,10.447434593717388,-11.429448904320113,-3.107800565937696,0.016895239934185853,-0.9998572652471783
1769098142.6850262,10.425020779737759,-11.436471632812726,-3.1110124604349814,0.015289500813266042,-0.9998831087506584
1769098142.8857071,10.39474012255355,-11.38616177048776,-3.1129192909089296,0.01433619021753344,-0.9998972315443456
1769098143.0864494,10.374964294536651,-11.392460663788004,-3.1093737753191153,0.016108742373470163,-0.9998702457914953
1769098143.2871163,10.35308960158465,-11.399425735140378,-3.1118467289650584,0.014872413989474283,-0.9998893995348314
1769098143.4876883,10.332969792363366,-11.405728071177135,-3.115242980714959,0.013174455300798091,-0.9999132130977805
1769098143.6883721,10.310379995693184,-11.412781909439351,-3.114001237740991,0.013795270325129753,-0.999904840730685
1769098143.88895,10.290702996466269,-11.418889015241856,-3.114033632802963,0.013779074333679982,-0.9999050640488361
1769098144.0896595,10.270976181873976,-11.425091058059602,-3.108671990574776,0.01645958821697989,-0.9998645318020474
1769098144.2903798,10.248677432108133,-11.43222582548649,-3.1069320702556364,0.017329424186333816,-0.9998498342538094
1769098144.4910145,10.228736214783622,-11.43850552649863,-3.1164854050056694,0.012553294566430933,-0.9999212042933825
1769098144.691681,10.206765515883042,-11.44533418148539,-3.1166637857673853,0.012464111163580031,-0.9999223199493559
1769098144.892335,10.18740881566602,-11.451447780391739,-3.1096225599580025,0.015984366070145358,-0.9998722418595966
1769098145.0930188,10.165279261586242,-11.458446437048895,-3.1142523616154913,0.013669720227844899,-0.9999065650093975
1769098145.2936244,10.144995906562635,-11.464819395136487,-3.113142526361202,0.014224583873106472,-0.9998988254886776
1769098145.4942818,10.124413759032915,-11.471254504815578,-3.1160347564644737,0.012778600761865327,-0.9999183503479516
1769098145.6950552,10.119863213088557,-11.366277104148189,-3.128564611558685,0.006513974947985233,-0.9999787838401258
1769098145.8956385,10.10002890580019,-11.372474660298657,-3.1177967101660515,0.011897690997612911,-0.9999292199695563
1769098146.0962808,10.079938692868852,-11.378870737488453,-3.1184708050765617,0.011560666729173285,-0.9999331732594818
1769098146.297088,10.057703848815441,-11.385872278480768,-3.123724714689758,0.008933850605156907,-0.9999600923603725
1769098146.4976988,10.03724356947758,-11.392273143147913,-3.119474430640076,0.011058886047407304,-0.9999388486499514
1769098146.6983142,10.011224294091887,-11.400486790054874,-3.1198586316534893,0.01086679708503651,-0.9999409546173778
1769098146.8991182,9.99610313330277,-11.405303503652634,-3.118384261475345,0.011603935627231271,-0.9999326720724546
1769098147.0996919,9.976361445185706,-11.411626204936058,-3.1155744225331987,0.013008748593933183,-0.9999153826499619
1769098147.3002236,9.953909716672937,-11.418781135227489,-3.1225283843320244,0.00953199027872121,-0.9999545695487002
1769098147.5009198,9.933860134930661,-11.42505356973318,-3.12446790820649,0.008562268068080487,-0.9999633431109014
1769098147.701487,9.907601690999241,-11.433350047021923,-3.112471147485691,0.014560238539877484,-0.9998939941082063
1769098147.9021668,9.892303244082862,-11.438276887137585,-3.114899369390049,0.013346245857490207,-0.9999109348944591
1769098148.1028101,9.865558007387515,-11.44688002103659,-3.115687295252491,0.012952316989095247,-0.9999161152239792
1769098148.3035831,9.849901453115816,-11.451933627483522,-3.113890689315257,0.013850539257040976,-0.999904076680503
1769098148.504206,9.841295953077191,-11.375215452049869,-3.1257591046953053,0.007916691749777601,-0.9999686625048502
1769098148.7047603,9.821753709556521,-11.381579070635587,-3.116422436787732,0.012584776188360201,-0.9999208085685031
1769098148.905508,9.799962256955043,-11.388800106300675,-3.113974104819346,0.013808835493707847,-0.9999046534856749
1769098149.1061528,9.77978648129405,-11.395425300790324,-3.1236549425455147,0.008968735279614384,-0.9999597800849214
1769098149.3067741,9.764207320486934,-11.40047136299523,-3.1201184385016414,0.010736901239835124,-0.9999423578145722
1769098149.5074646,9.737410919992124,-11.409163266711753,-3.121216844454321,0.010187728329109233,-0.9999481037491357
1769098149.708043,9.717664558555896,-11.415635690371309,-3.1175067256430573,0.012042672870984227,-0.999927484385804
1769098149.908742,9.697832586197366,-11.422171906359594,-3.115719086448658,0.012936422722774921,-0.9999163209824798
1769098150.109446,9.675506643548063,-11.429550371784469,-3.120936386105981,0.010327950125284514,-0.9999466653008098
1769098150.3100023,9.655294550363433,-11.43614576236405,-3.1204906102057146,0.010550825929369193,-0.999944338487002
1769098150.5106983,9.63554158988407,-11.442598043288715,-3.1168503855531386,0.012370818464129898,-0.9999234784974936
1769098150.7114263,9.613518063426833,-11.449923551851562,-3.1174497033735333,0.012071181933345252,-0.999927140629122
1769098150.9120202,9.59374546385819,-11.45647811108469,-3.1183363189738946,0.011627905260685698,-0.9999323936243132
1769098151.1126227,9.573436750448247,-11.463103760070814,-3.1227393362120743,0.009426519077688838,-0.999955569381999
1769098151.313254,9.540549201328723,-11.376443020970411,-3.1219052328976526,0.009843551373160528,-0.9999515510745328
1769098151.5139909,9.52104222169843,-11.382833194801043,-3.1185365321145433,0.011527805400107446,-0.9999335526437031
1769098151.7146301,9.50129655458692,-11.38938849113914,-3.1158015056153334,0.012895216576841768,-0.9999168532380261
1769098151.91539,9.4788377759124,-11.396928856790813,-3.1137824975825543,0.013904629914044972,-0.9999033259605418
1769098152.1160307,9.458635049739273,-11.403633760355115,-3.118277771134912,0.011657177196086948,-0.9999320528014987
1769098152.3166964,9.438711379013304,-11.410215228770184,-3.1180288610478777,0.011781623692631898,-0.9999305942630045
1769098152.5173414,9.416599446502511,-11.417675279586842,-3.1096465778697855,0.015972358647343442,-0.9998724337430454
1769098152.7180634,9.396741178394864,-11.424372639100424,-3.1140769263851436,0.01375742959442176,-0.99990536208731
1769098152.9187355,9.374901539416008,-11.431689500276713,-3.1167111988429266,0.012440406463834274,-0.9999226151492997
1769098153.1193094,9.354663473059265,-11.438448457976094,-3.1170999639258086,0.012246038730853523,-0.9999250144562853
1769098153.3199725,9.335053845178592,-11.444931521615922,-3.1199883302384683,0.010801951598793956,-0.9999416572188886
1769098153.5206535,9.313234017230716,-11.452227662922871,-3.111756424266367,0.014917561329773305,-0.999888726991145
1769098153.7213283,9.293256287367182,-11.459045766858898,-3.107770286841732,0.016910377319291327,-0.9998570093462961
1769098153.9219658,9.273226151624614,-11.465787921029035,-3.1171310713514804,0.012230486182840592,-0.9999252048067052
1769098154.1226964,9.246306598026512,-11.36371603528889,-3.115221364813689,0.013185262312674766,-0.999913070650517
1769098154.3233685,9.226359719529272,-11.370467559969898,-3.113140909220528,0.014225392361632021,-0.9998988139867742
1769098154.5239298,9.206739078398863,-11.377156366314223,-3.1117194812666353,0.01493603077171387,-0.9998884512708337
1769098154.7246597,9.18444390387816,-11.384785189636014,-3.106944586505522,0.01732316700080781,-0.999849942683932
1769098154.9252777,9.16400357585057,-11.391736537942782,-3.1176010247109502,0.011995526742746739,-0.9999280510807586
1769098155.125922,9.143969514233191,-11.398467028261537,-3.1158160260361245,0.012887956969769417,-0.9999169468336585
1769098155.32667,9.122374138582018,-11.405795199777327,-3.105940398738924,0.017825183336583034,-0.9998411187978904
1769098155.5272946,9.102754129697445,-11.412563656683833,-3.1097677631577576,0.015911773703650243,-0.9998733997149858
1769098155.72791,9.082811418576586,-11.41940589926342,-3.1100556344135013,0.015767856133741032,-0.9998756796286955
1769098155.9286432,9.060401444242393,-11.42709008727095,-3.105920847406681,0.017834957448683054,-0.9998409444970753
1769098156.1292708,9.040356091054598,-11.433945182333446,-3.111415420578159,0.015088043983964827,-0.9998861689856191
1769098156.3298697,9.020803107453816,-11.440675280437864,-3.106836159071649,0.017377372557095275,-0.9998490020613172
1769098156.5306435,8.998785642962119,-11.448332937542506,-3.102303986823558,0.019643069949996973,-0.9998070562878317
1769098156.7312627,8.978553174962935,-11.455344165429942,-3.110478084247063,0.01555665712634159,-0.999878987887561
1769098156.9318461,8.959384743360683,-11.368077697578345,-3.1099404067631924,0.015825462770121947,-0.9998747695227195
1769098157.1325321,8.937343564285614,-11.375588709746884,-3.106152487123465,0.01771915589271465,-0.9998430034332638
1769098157.3332174,8.917552969902948,-11.382406191010444,-3.1031833274562555,0.019203482580833153,-0.9998155961259895
1769098157.5338535,8.897646434885687,-11.389275707463504,-3.1041572395862653,0.018716614054830074,-0.999824828836693
1769098157.7345557,8.875271735203548,-11.396984654440338,-3.107419353067069,0.01708581885527397,-0.9998540267429264
1769098157.9352126,8.855028188633414,-11.403885652474466,-3.10751736561423,0.017036819714801667,-0.9998548628546072
1769098158.13574,8.83535892912565,-11.410588770240834,-3.1051394379775488,0.01822559864832106,-0.9998338999823472
1769098158.3364468,8.815578686118199,-11.417436182564431,-3.0992802594802376,0.02115461889183666,-0.9997762160101336
1769098158.5371623,8.793316711723897,-11.42516128212382,-3.102946470687788,0.0193218889914701,-0.9998133148772331
1769098158.7377641,8.773048305715788,-11.432067860219336,-3.1078137867919375,0.016888630450233637,-0.9998573769100848
1769098158.9383564,8.752922608294119,-11.438922466012867,-3.10592315444208,0.017833804114445167,-0.9998409650693492
1769098159.1390798,8.73117928801572,-11.446365911604033,-3.1018306126671065,0.019879710808519798,-0.9998023790220594
1769098159.3397963,8.711866670494304,-11.453016795755508,-3.104994441883013,0.018298084605702005,-0.9998325760344892
1769098159.5404594,8.691765688298423,-11.460020958189656,-3.101324895388699,0.020132518839328487,-0.9997973203030622
1769098159.7410161,8.66795977510823,-11.361190438781877,-3.1237889105035546,0.008901753974613779,-0.9999603786031602
1769098159.9418287,8.646664207477462,-11.368456912257008,-3.122325770279641,0.009633292653401772,-0.9999535987597894
1769098160.1424346,8.62710782861927,-11.375254905959993,-3.110868648414207,0.0153613983788808,-0.9998820067587202
1769098160.3430626,8.60729881059341,-11.382173779852312,-3.1156735436294247,0.012959192223546358,-0.9999160261426522
1769098160.5437562,8.585242597094632,-11.389796950527304,-3.120175190625504,0.010708526809243184,-0.9999426620829694
1769098160.7444696,8.565145466380361,-11.396734856004361,-3.116045688043459,0.01277313541846172,-0.9999184201781571
1769098160.9450855,8.543365721346827,-11.404228128694474,-3.118426422563482,0.01158285649989549,-0.9999329164675512
1769098161.145895,8.523783770354964,-11.41102928238226,-3.1115226373524636,0.01503444167745484,-0.9998869763945559
1769098161.3465333,8.503765792633796,-11.418116872094181,-3.106869486745636,0.017360711233894984,-0.9998492914962
1769098161.5470803,8.481456147707936,-11.425935928612265,-3.1166158577645207,0.012488073299906331,-0.9999220209722637
1769098161.7477694,8.461417289667096,-11.432887270365722,-3.113452832674706,0.014069446243310975,-0.9999010204427269
1769098161.948442,8.441550310691474,-11.439870323051846,-3.109697275567366,0.01594701302708204,-0.9998728383027085
1769098162.149142,8.421939206067,-11.446817778067267,-3.1068764442084844,0.0173572330266401,-0.999849351883402
1769098162.3498037,8.395210987489342,-11.45626294844616,-3.108929262769564,0.01633096940986049,-0.9998666408267326
1769098162.5504954,8.359116497734886,-11.370717906515809,-3.123965027456048,0.008813698952967176,-0.999961158601056
1769098162.751086,8.332785726900639,-11.379842829029005,-3.125750244861512,0.00792112152777405,-0.9999686274247519
1769098162.9517817,8.313253204300256,-11.386708685290035,-3.1124683229096064,0.0145616506781944,-0.9998939735439585
1769098163.1525276,8.291465650869103,-11.394485603479136,-3.115490112748328,0.013050899907762328,-0.9999148333791221
1769098163.3531187,8.271780006662052,-11.401450136313407,-3.1215231936497636,0.010034561561659716,-0.9999496525196983
1769098163.553773,8.256185755908206,-11.406926337930589,-3.119623998895907,0.010984106461787447,-0.9999396728829375
1769098163.7545674,8.229622560648131,-11.416306724932799,-3.1194383600589193,0.011076920233303698,-0.9999386490371022
1769098163.9551296,8.210141565769408,-11.423242649241637,-3.1157237552762225,0.012934088504298847,-0.9999163511787188
1769098164.1558669,8.194701459988883,-11.428775037263353,-3.1106060827174757,0.015492665604002366,-0.9998799814540156
1769098164.356602,8.167812814933995,-11.438373414982022,-3.1188823057738793,0.011354929886891213,-0.9999355307054869
1769098164.557233,8.147801450987902,-11.44540354087071,-3.1203540286232543,0.01061911289477493,-0.9999436156310655
1769098164.7578895,8.128067935609444,-11.452384514120839,-3.112205207206515,0.014693194454735261,-0.9998920491916692
1769098164.958582,8.108295130408202,-11.459481301173392,-3.1124762761707205,0.014557674469150253,-0.9998940314423576
1769098165.15922,8.086328057859996,-11.467357701646975,-3.1124038395731444,0.01459388892038141,-0.999893503532341
1769098165.359857,8.013415721625915,-11.369840312446044,-3.1222443436496623,0.009674004071247607,-0.9999532057277628
1769098165.560477,7.9934353113007806,-11.376958095467055,-3.122263993618126,0.00966417954630209,-0.9999533007264373
1769098165.7612388,7.9717002045292045,-11.384731458503666,-3.116495017669478,0.012548488613100024,-0.9999212646171332
1769098165.9619339,7.95197217291463,-11.3918778799109,-3.1187227530282637,0.011434701080354968,-0.9999346216684384
1769098166.1625726,7.931857297710634,-11.399145479142975,-3.121679477080059,0.009956423750193904,-0.9999504335846385
1769098166.3632758,7.909550975205832,-11.407050056939559,-3.1254471796872356,0.008072649269421948,-0.9999674156360161
1769098166.563902,7.88967774563865,-11.414091430108588,-3.12416081457036,0.008715809156058902,-0.9999620166140087
1769098166.7645738,7.870306344274871,-11.421033025059174,-3.1185466166993767,0.011522763442591209,-0.9999336107575573
1769098166.9652684,7.848777920830235,-11.428782892746801,-3.119153723777503,0.011219229529997933,-0.9999370624638099
1769098167.1659539,7.828995824643892,-11.435928742327327,-3.1207747197321027,0.010408778967180427,-0.9999458271928596
1769098167.3665216,7.806643265401462,-11.443929691227002,-3.123746496930031,0.008922959919129754,-0.9999601896007069
1769098167.5672376,7.787114899922196,-11.450883339345541,-3.120313156333309,0.010639547885249621,-0.9999433984085286
1769098167.7679114,7.767481893723906,-11.457994815801792,-3.116924109847991,0.012333959129054044,-0.9999239338330705
1769098167.9685798,7.745395306097937,-11.465987526321287,-3.120462747252747,0.010564756629381562,-0.9999441914013811
1769098168.1691403,7.7627179546233265,-11.370285956637973,3.1412980845323255,0.00014728452820136486,0.9999999891536339
1769098168.3698585,7.742527359702535,-11.3774167782618,-3.1410499681164104,0.000271342733361757,-0.9999999631865598
1769098168.5705628,7.720615238809996,-11.385145534270176,-3.141511657731906,4.049792893244163e-05,-0.9999999991799589
1769098168.7712202,7.7011280549146335,-11.392063789812111,-3.1361741547538795,0.0027092461036283275,-0.9999963299860405
1769098168.9719806,7.681124033467846,-11.399265706730814,-3.132864917716931,0.004363854086005061,-0.999990478343427
1769098169.1725633,7.660955068867976,-11.406457593373682,-3.1405448497327666,0.0005239019045471453,-0.9999998627633878
1769098169.3732145,7.63877175545305,-11.414254539508638,3.1408924018123816,0.000350125881552269,0.9999999387059316
1769098169.5740068,7.619133864233204,-11.421278089321024,-3.1343742041171474,0.0036092169003984283,-0.9999934867554717
1769098169.7746322,7.599456424160319,-11.428340969202633,-3.1369044402307393,0.002344104532780532,-0.9999972525831955
1769098169.9752338,7.57715816954191,-11.436268342264112,-3.1391588978022336,0.001216877593456058,-0.9999992596041872
1769098170.1759632,7.556844831145401,-11.443431599473994,3.1391727709178006,0.0012099410407791376,0.999999268021071
1769098170.3765328,7.534984254589055,-11.451077974948499,3.1376575880602635,0.0019675314953178278,0.9999980644080342
1769098170.5771708,7.515477153757514,-11.45793985213999,-3.1355208479231327,0.0030358981698284443,-0.9999953916505328
1769098170.7779062,7.496176493990456,-11.464853665673377,-3.1347837430739927,0.003404448681452286,-0.9999942048477958
1769098170.9785643,7.518521716039938,-11.344478167062446,3.135830988453046,0.002880828583609459,0.9999958504047264
1769098171.1792018,7.4983711667454855,-11.351570320687745,3.1386621845985934,0.0014652339713117093,0.9999989265441285
1769098171.3798149,7.47851811329385,-11.358592837841774,3.1407493669221758,0.0004216433213152259,0.9999999111084509
1769098171.5805817,7.457139324533218,-11.366235060945355,-3.1397403568051425,0.0009261482599246049,-0.9999995711246084
1769098171.781177,7.437715267647398,-11.37317978204382,-3.139611887267795,0.000990382999094704,-0.9999995095706373
1769098171.9818223,7.415518818219899,-11.381091370644796,3.1372871281544064,0.002152761054904453,0.9999976828072356
1769098172.1825278,7.3954153874768345,-11.388164925372097,3.135607617457477,0.002992513599744943,0.9999955224211533
1769098172.3830698,7.375823488501103,-11.395090846730898,-3.140969373965544,0.00031163980708024856,-0.9999999514403142
1769098172.5837398,7.356082695382515,-11.402201757872671,-3.137841394788033,0.0018756283011408543,-0.999998241007691
1769098172.78452,7.334032143646411,-11.410145200711566,-3.140113693894096,0.0007394797804536593,-0.9999997265847897
1769098172.9851127,7.313967714233231,-11.417328776835655,3.1410159951538787,0.00028832921396226423,0.9999999584331313
1769098173.1857526,7.293861189686195,-11.424544887845403,-3.1402702386061234,0.0006612074436554367,-0.9999997814023344
1769098173.386461,7.272125567827327,-11.432391665393844,-3.1347658476450815,0.003413396343918104,-0.9999941743457306
1769098173.587132,7.2524305833563485,-11.43955499010864,-3.136768218383159,0.0024122152639516185,-0.9999970906045279
1769098173.7878232,7.202458272372545,-11.354538066469013,-3.129807842042979,0.0058923716756404815,-0.9999826398273303
1769098173.9884348,7.180608844315855,-11.36236766147466,-3.135706256594208,0.0029431942485921548,-0.9999956687944278
1769098174.189165,7.161325509524976,-11.369254848557906,-3.133002951232998,0.004294837974787016,-0.9999907771408546
1769098174.389857,7.139461343324084,-11.377192721057048,-3.1280025488909153,0.006795000058532811,-0.9999769137206141
1769098174.5905187,7.1198683021276095,-11.384340143098292,-3.1283239759195407,0.006634290167435582,-0.9999779928548299
1769098174.791298,7.099922914822792,-11.391629475533762,-3.1290304867393024,0.006281042125100258,-0.9999802740603551
1769098174.9918349,7.077431601303105,-11.399842354170051,-3.1303708494660905,0.005610872621287062,-0.9999842589303232
1769098175.1924362,7.058068033418638,-11.406880247320391,-3.127567038249264,0.007012750189376804,-0.9999754103650657
1769098175.3932016,7.03881116597361,-11.413988505018736,-3.1208398163912614,0.010376232395327726,-0.9999461654515598
1769098175.593878,7.01696783604421,-11.422129632928185,-3.1237845701866784,0.008903924047046171,-0.999960359282589
1769098175.7944596,6.997509655236931,-11.429277232192257,-3.1296360190143075,0.005978281676686583,-0.9999821299144271
1769098175.9951737,6.975259783410407,-11.437413342275129,-3.1246394227723386,0.008476513897371755,-0.9999640737107247
1769098176.19582,6.95554701815533,-11.444675370702605,-3.1244911743090706,0.008550635442642602,-0.9999634426485435
1769098176.3964143,6.9360616107740976,-11.451895447740311,-3.122212147608256,0.009690101337401382,-0.9999530498658779
1769098176.5971568,6.890421350913446,-11.322710204715737,-3.1282134818874625,0.0066895359574927725,-0.999977624804012
1769098176.7977903,6.870312322605876,-11.33021388238251,-3.140492308055357,0.0005501727394628935,-0.9999998486549669
1769098176.9983826,6.850528368724607,-11.337502167350465,-3.1372700393675452,0.0021613054284573244,-0.9999976643766949
1769098177.1990554,6.830971078434967,-11.344819377964381,-3.127927476602883,0.006832535331183277,-0.9999766579580486
1769098177.399868,6.804714213594728,-11.354742797419599,-3.131819873724226,0.004886370487575627,-0.9999880616204666
1769098177.6004455,6.789189145268248,-11.360558162066429,-3.133406088557611,0.004093271085635391,-0.9999916225308187
1769098177.8010616,6.762723162476673,-11.370428792962711,-3.1340874830871126,0.003752576444093936,-0.9999929590602282
1769098178.001833,6.747298269450859,-11.376150646714727,-3.1381966114083863,0.0016980202747264254,-0.9999985583625342
1769098178.2023942,6.7278745562277305,-11.383391408977086,-3.1288249858411272,0.006383790514001351,-0.9999796234017337
1769098178.4030223,6.708329846983483,-11.390813900427109,-3.1249555033070133,0.008318479202634852,-0.9999654008533272
1769098178.603701,6.6817124529787435,-11.40092872685366,-3.1315857139108396,0.005003448962766509,-0.9999874826708968
1769098178.804289,6.666477269337534,-11.406652086900264,-3.129493307174916,0.006049636305965799,-0.9999817007828521
1769098179.0049725,6.64031448292322,-11.416609482760776,-3.125440060012314,0.00807620899083656,-0.9999673868923608
1769098179.2057161,6.6255263753375555,-11.422298001649782,-3.1219763326150782,0.009808003230587576,-0.9999519003795276
1769098179.4063954,6.583586830303743,-11.318263834117712,-3.127509164436672,0.0070416863811847774,-0.9999752070191086
1769098179.6070156,6.563367033101565,-11.3259760349065,-3.136642755100456,0.0024749467180044853,-0.9999969373146815
1769098179.8076482,6.54354611543776,-11.333455145016602,-3.1368087366654485,0.0023919561812551574,-0.9999971392687216
1769098180.0083044,6.522008555590313,-11.34161835654646,-3.1267217849112425,0.007435365827286091,-0.9999723572854474
1769098180.2089813,6.502368146170902,-11.349215233282571,-3.12799381186844,0.006799368468852929,-0.9999768840270383
1769098180.4096029,6.487047869088965,-11.355141737987205,-3.127118299832383,0.007237113702261571,-0.999973811749718
1769098180.6103466,6.460504046581736,-11.365307596229819,-3.129641997814228,0.0059752923301204675,-0.9999821477814339
1769098180.810946,6.451617757633226,-11.368714021007621,-3.127568340668483,0.007012098995778976,-0.9999754149316239
1769098181.011572,6.429891904320865,-11.3770935780994,-3.129924797175888,0.005833895114325112,-0.9999829826891031
1769098181.2123063,6.429891904320865,-11.3770935780994,-3.129924797175888,0.005833895114325112,-0.9999829826891031
1769098181.412985,6.384187229126836,-11.39483369649005,-3.1266364174587937,0.007478048366830224,-0.9999720390054031
1769098181.6135707,6.360058992643516,-11.40408814577589,-3.134446090565802,0.0035732739078544584,-0.999993615836411
1769098181.8142622,6.33866779017691,-11.412280051993239,-3.127748291063072,0.006922125982268921,-0.9999760417989451
1769098182.0148363,6.329960812441916,-11.415659009581452,-3.12315606018843,0.00921816614404564,-0.999957511803847
1769098182.2154803,6.3082941778936785,-11.424121089145963,-3.1258227571584998,0.007884866511530654,-0.9999689139568766
1769098182.416217,6.235488025066494,-11.331968846571609,-3.126652897198887,0.007469808726924695,-0.9999721005896031
1769098182.616888,6.204472991476307,-11.344046233434224,-3.1265656827314694,0.007513414736901391,-0.9999717739011393
1769098182.817477,6.1852915007103055,-11.351496551688992,-3.1243623349423615,0.008615052753197499,-0.9999628897444442
1769098183.0181706,6.1639476340434145,-11.359880497648208,-3.1209740679961686,0.010309110183234799,-0.9999468597116699
1769098183.218872,6.14436220199864,-11.367618148255271,-3.123129748627335,0.009231321364829775,-0.9999573904451425
1769098183.419539,6.122278329754658,-11.376194627539288,-3.132611155272577,0.004490734064595775,-0.9999899166029431
1769098183.620132,6.102518225461682,-11.38383283790332,-3.125251124842554,0.00817067345865796,-0.9999666194904868
1769098183.8208857,6.082968193142054,-11.391452875814455,-3.1245788036475695,0.008506822366948039,-0.9999638163319797
1769098184.0214996,6.061451626897852,-11.39988180534027,-3.1253005288306284,0.008145972286695648,-0.9999668210173297
1769098184.2221456,6.0416797974383085,-11.407698707367148,-3.1185244907222867,0.011533825695967451,-0.9999334832201665
1769098184.4228206,6.021699779635491,-11.415539413205428,-3.12717440063949,0.007209064030455597,-0.9999740143602757
1769098184.623479,6.002072018489289,-11.423168981525972,-3.1246871699457155,0.008452641165959389,-0.9999642757905501
1769098184.8241906,5.980543089866477,-11.431704589756462,-3.1144063516453464,0.013592732366503296,-0.9999076145458703
1769098185.0249329,5.9609170117073615,-11.439545449374874,-3.118828121149869,0.011382020448103587,-0.9999352227072107
1769098185.2255945,5.935673944491015,-11.31483974725028,-3.122530684948281,0.009530840022845617,-0.9999545805127645
1769098185.4262013,5.913533082560871,-11.323548448829012,-3.120293659049516,0.01064929597485165,-0.9999432946398711
1769098185.6267817,5.893911999595446,-11.331264649187835,-3.121361132113628,0.010115588217000523,-0.9999488361286412
1769098185.827525,5.874725265734764,-11.338840353563269,-3.117123237325834,0.012234402902596232,-0.9999251568920631
1769098186.0282204,5.852879501748557,-11.347606576333582,-3.1124126198678987,0.014589499240398788,-0.9998935675920285
1769098186.228755,5.832997063092041,-11.355556251757545,-3.118138834998003,0.011726640516197302,-0.9999312405871735
1769098186.4294734,5.813271353779784,-11.363352112502566,-3.1129005272535264,0.014345571080448037,-0.9998970970006743
1769098186.6301153,5.791651359155228,-11.372000878852255,-3.1104889340991133,0.015551232856569393,-0.999879072266562
1769098186.8308144,5.772712392954869,-11.379650993141002,-3.110012442315522,0.015789449494223094,-0.9998753388721363
1769098187.0315154,5.753382388928522,-11.387414360050842,-3.1133833515708904,0.014104183348117177,-0.9999005310590062
1769098187.232121,5.731247498115371,-11.39627548580102,-3.1156763408062638,0.012957793752559026,-0.9999160442662505
1769098187.4327495,5.711450221696021,-11.404165513446458,-3.114954714322836,0.013318575850641372,-0.9999113038351505
1769098187.6334634,5.692239573349488,-11.411818299052923,-3.1108065183262563,0.015392459749973848,-0.9998815290737425
1769098187.834109,5.670614198538088,-11.420589200329063,-3.1068099327619705,0.017390483730380803,-0.9998487741031757
1769098188.034707,5.732322539165137,-11.309677875972719,-3.12132008422622,0.010136111108488048,-0.9999486283062727
1769098188.2353954,5.712606383128646,-11.31756626028981,-3.1263378287216006,0.007627338477114777,-0.9999709114308053
1769098188.4361167,5.692876892790919,-11.325489357190518,-3.1229987418459717,0.009296821944589792,-0.9999567836170374
1769098188.6367605,5.6714209575225585,-11.33420690963495,-3.1173130355696204,0.012139510828300127,-0.999926313423569
1769098188.837432,5.651981283628107,-11.342104159641439,-3.119871932209638,0.010860147199390024,-0.9999410268624883
1769098189.038113,5.632166198031259,-11.350153344101312,-3.121991718971281,0.009800310422234901,-0.9999519758046522
1769098189.23867,5.610272195090095,-11.358934973369417,-3.1277142067987103,0.006939167705144845,-0.9999759236859455
1769098189.43928,5.5909196410053426,-11.366641893310948,-3.126096786355921,0.007747856098479244,-0.9999699849124859
1769098189.6400063,5.571518796893498,-11.374500079094862,-3.1177439977274064,0.011924045347306051,-0.9999289060441025
1769098189.840652,5.549812952452868,-11.383342087689956,-3.1197774030818644,0.010907408963789276,-0.9999405124454638
1769098190.0412767,5.530123509000312,-11.391297039773756,-3.1217917634896355,0.00990028331256088,-0.9999509909942242
1769098190.241949,5.510229187029413,-11.399352875430107,-3.1200130067885583,0.010789614042776355,-0.9999417904202264
1769098190.4425755,5.488720470924083,-11.408074965744946,-3.1212650088938036,0.010163647356193012,-0.9999483488022863
1769098190.6433012,5.4694349046261355,-11.415947954676676,-3.115095016304123,0.013248431049407747,-0.9999122356860771
1769098190.844003,5.355102285486278,-11.293971892044544,-3.1178184534333724,0.011886820132744154,-0.9999293492578022
1769098191.0447185,5.333104188322399,-11.302901466713605,-3.128654839465733,0.006468861944992519,-0.9999790766936759
1769098191.2454014,5.313521976772599,-11.310783653193933,-3.1222673857222927,0.009662483573409148,-0.9999533171159509
1769098191.445999,5.29404370894104,-11.318720469852687,-3.117717529155417,0.011937278691378339,-0.9999287481503092
1769098191.6467626,5.2725986275220285,-11.327531425595241,-3.1209180774866563,0.010337103946271594,-0.9999465707136577
1769098191.8474333,5.253055964778912,-11.33557810350533,-3.115008884717649,0.01329149305070605,-0.9999116642046352
1769098192.048014,5.233156646583503,-11.3437556167363,-3.1213591276181027,0.010116590413479128,-0.9999488259898133
1769098192.2487624,5.211495144621968,-11.35257232258885,-3.1203561833023405,0.010618035615970746,-0.9999436270708755
1769098192.449447,5.192305740215191,-11.3604797111185,-3.11222239846938,0.014684599750665299,-0.9998921754520148
1769098192.6500869,5.172702844184239,-11.368645411372023,-3.1138710889171555,0.013860338515358788,-0.9999039408944439
1769098192.8507392,5.1530437743769815,-11.376741744190506,-3.1226738701524512,0.00945925064809577,-0.9999552602877674
1769098193.0513577,5.131385374353484,-11.385565831993782,-3.1221659706986418,0.009713188705617638,-0.9999528258698852
1769098193.2520587,5.1056440542191135,-11.396108124986101,-3.1200085595106337,0.010791837552274884,-0.9999417664255481
1769098193.4527946,5.086429874747151,-11.4040217886736,-3.1151412220112866,0.013225330219898516,-0.9999125414957923
1769098193.653475,5.100490428198326,-11.300431193893514,-3.1257169488231225,0.007937769023579117,-0.9999684954151947
1769098193.8540747,5.074042955559315,-11.311385646769502,-3.130480564985316,0.005556015716779116,-0.9999845652255613
1769098194.0546787,5.054508794736438,-11.319386414459805,-3.1281863743080356,0.006703089443322666,-0.9999775340435978
1769098194.2554774,5.035253158975334,-11.327398247980808,-3.117272370060358,0.012159842082169376,-0.9999260663871788
1769098194.4561164,5.020173793743411,-11.333719310134223,-3.1220618327995395,0.009765255185670752,-0.999952318758829
1769098194.6566975,4.994074883458814,-11.344589357853222,-3.1264192836934828,0.007586612169563405,-0.9999712212437859
1769098194.8574724,4.979174215572459,-11.35074711094591,-3.131365000044576,0.005113804483832599,-0.9999869244163652
1769098195.058031,4.953014334587432,-11.361535950342693,-3.1314092017097575,0.005091703938976085,-0.9999870371914817
1769098195.2587156,4.933860252151278,-11.369462566784426,-3.123210627558432,0.009190883614851542,-0.9999577629372044
1769098195.4594204,4.914448333376524,-11.377625702764345,-3.1199228277208,0.01083470094102931,-0.9999413029050848
1769098195.6600091,4.894802205596226,-11.385884839983468,-3.1267611719921766,0.007415672829761385,-0.9999725035202127
1769098195.8606381,4.872962854868029,-11.394934520327283,-3.127925251950507,0.006833647631403132,-0.999976650357422
1769098196.0614042,4.853835176790462,-11.402924580463262,-3.1244536664842517,0.00856938866795393,-0.9999632821148272
1769098196.261991,4.83456833738198,-11.411041159098863,-3.124255863120475,0.008668286676309603,-0.9999624296972849
1769098196.462586,4.824334652426188,-11.311322466787743,-3.130705517699786,0.005443541060683983,-0.9999851838206008
1769098196.663273,4.80459576162275,-11.319622225945421,-3.130389853033258,0.005601370987018435,-0.9999843121984794
1769098196.8639276,4.784878359670875,-11.327842130617054,-3.1338641399052847,0.0038642472251045204,-0.9999925337688194
1769098197.06459,4.763570080348995,-11.336718974438016,-3.132352498475715,0.004620061121040966,-0.9999893274606674
1769098197.2652225,4.744263632667888,-11.344936618600059,-3.1211500323109553,0.010221132661451462,-0.9999477628591991
1769098197.4658914,4.72483228273728,-11.353248416937197,-3.120844486532429,0.01037389745042313,-0.9999461896780687
1769098197.6665535,4.703039616390708,-11.362475251468586,-3.13003293360275,0.005779827812488606,-0.9999832966557282
1769098197.8671727,4.683614498323427,-11.370737092686438,-3.120927604418357,0.010332340734812482,-0.9999466199427546
1769098198.0679085,4.662840817803351,-11.37964345744996,-3.1179781713430756,0.011806966782168015,-0.9999302953383324
1769098198.2685103,4.643619968698575,-11.38793224555296,-3.1198837828979276,0.01085422220449087,-0.9999410911950442
1769098198.4692068,4.624183562940809,-11.39636030308554,-3.1186862411906686,0.011452955803704533,-0.9999344127508356
1769098198.6698847,4.602335717432261,-11.405715944680647,-3.125889119709181,0.007851686263330004,-0.9999691750363219
1769098198.870431,4.583054471091714,-11.413928051156843,-3.122694920475259,0.009448725957060729,-0.9999553597925201
1769098199.0711339,4.563703541701325,-11.422299049098731,-3.116784635225837,0.01240369110543293,-0.9999230712644653
1769098199.271914,4.558035175113895,-11.299281150620741,-3.1359794796300346,0.0028065832953323264,-0.9999960615373474
1769098199.472527,4.536440486317148,-11.308648778119787,-3.130962352745869,0.00531512539576751,-0.9999858746212504
1769098199.6732287,4.5165979737151805,-11.317285439570348,-3.1296947132803705,0.005948935065520676,-0.9999823049292353
1769098199.8765543,4.497441924017309,-11.325596651351518,-3.129484295532975,0.006054142044421712,-0.9999816735141229
1769098200.2752023,4.4568143887607885,-11.343493660966875,-3.1255301050541036,0.008031187930095964,-0.9999677494901681
1769098200.4757836,4.437538556013378,-11.351910115879054,-3.1359847895534996,0.0028039283440464435,-0.9999960689851943
1769098200.676531,4.416137482169126,-11.361151277909139,-3.1337542890910903,0.0039191722162594585,-0.9999923200150785
1769098200.8771384,4.407455514283792,-11.364923861833086,-3.1323413179035398,0.004625651347393796,-0.9999893016175785
1769098201.0777812,4.407455514283792,-11.364923861833086,-3.1323413179035398,0.004625651347393796,-0.9999893016175785
1769098201.2785685,4.367601762803792,-11.38238005678189,-3.128680016261988,0.006456273809743753,-0.9999791580470533
1769098201.4791572,4.342112920587012,-11.393581971404059,-3.133673190522757,0.003959721185775053,-0.9999921602733348
1769098201.6797593,4.316105967209915,-11.404925837342926,-3.130318298577776,0.005637147649900691,-0.999984111156959
1769098201.8806307,4.297123253535409,-11.413254652915336,-3.125212352029933,0.008190059216303718,-0.9999664609025812
1769098202.0812886,4.257033496597672,-11.28656139284562,-3.129233075736251,0.006179749592704686,-0.9999809051651793
1769098202.2818623,4.231102551062925,-11.297952492487296,-3.1333635366997803,0.004114546835384227,-0.9999915352163434
1769098202.4824626,4.211482284058196,-11.306465449079335,-3.1372093657764855,0.0021916421521326807,-0.9999975983494546
1769098202.683182,4.192003175734306,-11.314922270914158,-3.1375266133092827,0.0020330187397855997,-0.9999979334152664
1769098203.0844567,4.151719052153742,-11.332594615135024,-3.1291363050598915,0.006228133999721791,-0.9999806049853575
1769098203.2851675,4.132131716395831,-11.341246004750072,-3.1321310622708576,0.00473077801328264,-0.9999888098070843
1769098203.4857283,4.112570918079513,-11.349768742316055,-3.133602042043266,0.003995295144115206,-0.9999920187765058
1769098203.6863534,4.091287316384487,-11.35908967863816,-3.1279725726070025,0.006809987853705028,-0.9999768117638691
1769098203.8870685,4.07236269299766,-11.367487198298313,-3.1279738608842163,0.006809343730033155,-0.9999768161502377
1769098204.087725,4.051115568288394,-11.376891121930749,-3.132557569476736,0.004517526690737796,-0.9999897959242376
1769098204.288407,4.0318228043114175,-11.385394984505572,-3.1311539600636746,0.005219323065882296,-0.9999863792406044
1769098204.4892066,4.012143629365876,-11.394026111024184,-3.1341400854841925,0.003726275429444227,-0.9999930574116122
1769098204.6924708,3.991400493063308,-11.403066985347987,-3.136024021009234,0.0027843126927508464,-0.999996123793902
1769098205.0910864,3.9305885817262993,-11.299618744315806,3.1332035201331205,0.0041945544282066625,0.9999912028178792
1769098205.2917564,3.9115498133072633,-11.307945722191581,3.1215648957617423,0.010013711553288644,0.9999498615335308
1769098205.4924586,3.890308262601147,-11.317236488662228,3.130420495635437,0.005586049925629516,0.9999843979014015
1769098205.6930718,3.871674711493882,-11.325478755672806,3.1335710846598355,0.004010773711812328,0.9999919568147699
1769098205.893761,3.852581779947391,-11.33393385183952,3.130076923325702,0.005757833317004142,0.9999834235403573
1769098206.0944645,3.8310476174751793,-11.34350222960335,3.1325985918575228,0.0044970157086932135,0.9999898883737354
1769098206.295111,3.8116328034214604,-11.352042933450146,3.1258698721156497,0.007861309763078791,0.9999690994269818
1769098206.4958184,3.7904539686822183,-11.361287731499365,3.1278255607334016,0.0068834920675686605,0.999976308487834
1769098206.6964579,3.771288974108254,-11.36976759124294,3.136079064464606,0.002756791070693563,0.9999962000442765
1769098206.8971071,3.752122352193111,-11.37830611586207,3.1328418058687357,0.004375409899779518,0.9999904278482914
1769098207.0978498,3.7327486018105143,-11.386877344190292,3.1308919693398742,0.005350316598370322,0.9999856869537169
1769098207.2984772,3.7109403285172258,-11.396514390167281,3.1320774088491636,0.00475760442222802,0.9999886825360383
1769098207.4990737,3.691691425135464,-11.40499236805882,3.1305595707138543,0.005516513457902938,0.9999847839238699
1769098207.6998823,3.666498698604917,-11.41617552988203,3.1345433062430255,0.0035246663753609525,0.9999937883441788
1769098207.9005322,3.597986755527252,-11.278183248438854,3.1372996112979203,0.0021465194975684924,0.9999976962243696
1769098208.1011827,3.5786046946149366,-11.286735495361864,3.128839801348837,0.006376382910916096,0.9999796706638457
1769098208.3018026,3.552910735766887,-11.297910309609708,3.13169484671218,0.004948883237700175,0.9999877542023701
1769098208.5025363,3.5381469949946007,-11.30438959163602,3.1322283048543422,0.0046821572600492575,0.9999890386416204
1769098208.7031224,3.5130531691727276,-11.315483758029682,3.1317087102461194,0.0049419515554965975,0.999987788482851
1769098208.903737,3.4981011775506126,-11.32210074472187,3.13633541991756,0.002628613808990843,0.9999965451887537
1769098209.1045136,3.4727225761243607,-11.333301679410196,3.129876554244977,0.00585801616759858,0.9999828416760861
1769098209.3050814,3.458090763936032,-11.339703544216249,3.1318122573290945,0.0048901786396422136,0.9999880430049514
1769098209.5057003,3.432967581825338,-11.350793684809291,3.1394052662722434,0.0010936934407351205,0.99999940191715
1769098209.7064545,3.4135047052319916,-11.359475801048355,3.1357920426065085,0.0029003014255260403,0.9999957941169758
1769098209.907087,3.3983658009326625,-11.366170675988597,3.133026931776538,0.004282847813293262,0.9999908285652465
1769098210.10771,3.372339561561856,-11.377533440260148,3.1285499731242314,0.0065212940097517475,0.9999787361361432
1769098210.3084862,3.3529859714906403,-11.386024781885741,3.1327195177945306,0.004436553343385038,0.9999901584487876
1769098210.50906,3.334230150194979,-11.394303513507495,3.135483516208731,0.0030545639404804758,0.9999953348086847
1769098210.7097254,3.3373607473125992,-11.269842129284639,3.1343655587530606,0.0036135395542534325,0.999993471144632
1769098210.910368,3.3176421788862114,-11.278634573362856,3.1309505363072523,0.005321033531527332,0.9999858432008707
1769098211.1109548,3.298235133964059,-11.287192825708166,3.1298881950402464,0.0058521958697329065,0.9999828757551312
1769098211.3116348,3.277599563216659,-11.296352338274374,3.1365689437174438,0.0025118522947862737,0.9999968452940485
1769098211.5123022,3.258395844100112,-11.304993793368759,3.1389149753806582,0.0013388387045915593,0.99999910375506
1769098211.7129421,3.239121514649408,-11.313601672936459,3.1339718759608997,0.0038103795939076622,0.9999927404773248
1769098211.913567,3.2176465536190144,-11.32311637633239,3.1315122524526218,0.0050401792287213575,0.9999872982160035
1769098212.1142113,3.1982758055650087,-11.331694261544552,3.1324035114474014,0.004594554905916637,0.999989444976904
1769098212.3149543,3.1778176315496762,-11.340754489288768,3.134198432285257,0.0036971022298693717,0.999993165694197
1769098212.5156047,3.159396090880873,-11.34903717470678,3.1390014812177562,0.001295585823568887,0.9999991607283347
1769098212.7162244,3.1379065834052766,-11.358767050861521,3.1392900816368763,0.0011512857221280242,0.9999993372703734
1769098212.9169388,3.1190921727413357,-11.36716330508018,3.1321945330837004,0.004699042959609589,0.9999889594366849
1769098213.1176274,3.0983450383924898,-11.376445631074619,3.139567874760835,0.0010123892415407505,0.9999994875338805
1769098213.3182228,3.0794223844846713,-11.385033099062912,-3.1399542736835726,0.0008191898614877218,-0.9999996644639291
1769098213.5189059,3.0732688740466005,-11.259501790491134,-3.1259326337295823,0.007829929921931829,-0.9999693456288636
1769098213.7196677,3.0539840167323855,-11.268209779941383,-3.125174146843219,0.008209161167481637,-0.999966304268762
1769098213.9202328,3.032576098118676,-11.277812584928833,-3.132358044245633,0.004617288265657953,-0.999989340267721
1769098214.1208894,3.0139458893722595,-11.286124716151726,-3.1286932323319188,0.006449665912361757,-0.9999792006885038
1769098214.3216894,2.994923357018932,-11.294736896686482,-3.1204652483663153,0.010563506142380996,-0.9999442046124273
1769098214.5222752,2.9734923724470987,-11.304534144731422,-3.1236580801173854,0.008967166556764406,-0.9999597941537166
1769098214.7256007,2.9541931965375343,-11.31327191705721,-3.125970778760145,0.007810857989883509,-0.9999694947834468
1769098215.124155,2.9138088541022413,-11.331589083170847,-3.1246667515453637,0.008462850000979022,-0.9999641894437324
1769098215.3247435,2.894881813437927,-11.340228026324539,-3.120320568121943,0.010635842200619111,-0.9999434378307023
1769098215.5255125,2.8757150414538084,-11.349012217411055,-3.120135461313746,0.010728390324009957,-0.9999424491644785
1769098215.726134,2.854006180194401,-11.358871050779753,-3.1292506000783087,0.006170987588751037,-0.9999809592748151
1769098215.9267752,2.8351709570505625,-11.36734449741055,-3.125443081454257,0.00807469831912522,-0.999967399092118
1769098216.1274185,2.8148113787342326,-11.376624226613492,-3.1176147294614345,0.011988674860244042,-0.9999281332551332
1769098216.328114,2.7039441890962617,-11.264776077115437,3.1080261408253715,0.016782468481812824,0.9998591644585036
1769098216.528804,2.6831508253310994,-11.274324347031433,3.1082407789199515,0.016675164452419924,0.9998609597791509
1769098216.7293718,2.6638442942104965,-11.283168034899846,3.1051417880306116,0.018224423816948998,0.9998339213972189
1769098216.930069,2.642678181907938,-11.292814140581068,3.1072858380166584,0.017152566597544307,0.9998528839079861
1769098217.130687,2.624375072383762,-11.301235002369236,3.1150382721862235,0.013276800612967122,0.9999118593983589
1769098217.331372,2.6030365949909826,-11.311172164083079,3.113421312342748,0.014085204847607917,0.9999007985817397
1769098217.5321379,2.5836817823163822,-11.320092684286886,3.1081795832804717,0.01670575801002158,0.9998604490874267
1769098217.7326732,2.564496058414273,-11.328835311939114,3.1037676933758713,0.01891135268514237,0.9998211643787194
1769098217.9333472,2.5431897038955973,-11.338600691764121,3.1104637798027164,0.01556380848261152,0.999878876597319
1769098218.134093,2.524325907940536,-11.347316664514297,3.1143798270648584,0.013605993430308808,0.9999074341871723
1769098218.3346593,2.5052246811666046,-11.356182487833323,3.11447321582985,0.013559303355300511,0.9999080684205518
1769098218.535317,2.483934240692316,-11.366103063833167,3.112333681440743,0.014628964241799092,0.9998929909771406
1769098218.7360451,2.464766030209993,-11.374944640419951,3.109874539909104,0.01585839206430911,0.9998742477937587
1769098218.9366827,2.446066612748026,-11.38359395773767,3.1156386455790477,0.012976639781499207,0.9999157998651592
1769098219.1374593,2.535623288805818,-11.26026390035814,-3.09886962188541,0.02135989129485352,-0.9997718514960661
1769098219.3381267,2.516694445665522,-11.26914006497591,-3.1055588215141463,0.018015941310669567,-0.9998376997586611
1769098219.5388725,2.495614917752969,-11.278914309546941,-3.108799577289732,0.016395803468024564,-0.9998655797799212
1769098219.7395175,2.476073816034995,-11.287974735788405,-3.106244454256716,0.017673179526633914,-0.9998438171661709
1769098219.9401903,2.4574476718034357,-11.29660170442918,-3.107029328514487,0.017280802338866974,-0.9998506757864021
1769098220.140892,2.4370937775909742,-11.306134917113791,-3.101265682027958,0.02016211951019819,-0.9997967238078231
1769098220.3415313,2.4176518886034377,-11.315347313219307,-3.1006732400347863,0.02045827940319501,-0.9997907075002552
1769098220.5420687,2.3983292617985303,-11.324397037857262,-3.109445091699625,0.01607308879978204,-0.9998708195644247
1769098220.7428653,2.3777389192935723,-11.334022112623984,-3.1007894469385158,0.02040018807744595,-0.9997918945092548
1769098220.9435606,2.358933730922416,-11.342982422737839,-3.096108856364677,0.02273993833451251,-0.9997414141689552
1769098221.1441689,2.337884018002027,-11.352998255200408,-3.1004476948500135,0.02057102826279397,-0.9997883940095581
1769098221.344875,2.3188670041034487,-11.36198425415619,-3.1005613996219954,0.020514187873894304,-0.9997895619058416
1769098221.5455058,2.299334048830127,-11.371181715782901,-3.103666901256252,0.01896173970830492,-0.9998202100514044
1769098221.746115,2.2789069269457776,-11.380737859665372,-3.1034184778206195,0.019085928947507314,-0.99981784706826
1769098221.9468076,2.1835196527336986,-11.244455202309775,-3.110358366842387,0.015616508557145733,-0.999878054894938
1769098222.147484,2.1650118185291953,-11.253332912358927,-3.1152046981214747,0.013193594933911661,-0.9999129607384434
1769098222.3481617,2.144252847239146,-11.263194072571352,-3.1193854589516152,0.01110336916031082,-0.9999383556966348
1769098222.5487974,2.125858803065121,-11.27189876666129,-3.1163830498446647,0.012604468097897854,-0.9999205605366703
1769098222.7495277,2.10551663520529,-11.281634350287671,-3.1152740336472897,0.0131589301805392,-0.9999134175299897
1769098222.950153,2.085419336641219,-11.29129514957993,-3.1114199853248454,0.015085761870387194,-0.9998862034195641
1769098223.1508324,2.0602437780182994,-11.303419588107033,-3.1110725793359917,0.01525944486954456,-0.9998835678929189
1769098223.3515995,2.0410127342206357,-11.312603854876,-3.119470317428909,0.011060942527203096,-0.9999388259040699
1769098223.5522523,2.0261264128025083,-11.319608329278552,-3.1248302944474373,0.008381081450020747,-0.9999648781200908
1769098223.752896,2.0012344478118367,-11.331026863319227,-3.1371261054209607,0.0022332722280027557,-0.9999975062444684
1769098223.9534886,1.9866751340326037,-11.337467686837513,3.1303221686277496,0.005635212655648759,0.9999841220631084
1769098224.1541991,1.9608692564820744,-11.348183258482472,3.099608454668086,0.02099055773623693,0.9997796739711814
1769098224.354856,1.9454237831416918,-11.354205809506006,3.081148925490526,0.030217263680731087,0.9995433542251427
1769098224.5555074,1.9201257718011489,-11.363584289603889,3.0664882589250873,0.03754337213976743,0.9992949990910467
1769098224.756232,1.8983569106832425,-11.183469809131392,3.001754522258337,0.06986211098243748,0.9975566577638975
1769098224.956824,1.8758114379808222,-11.190744580937283,2.979664533782017,0.0808756332406744,0.9967242005429184
1769098225.1574132,1.8552216559466912,-11.19689367290467,2.960027624891694,0.09065786890542546,0.9958820968395439
1769098225.3580425,1.8331165558244609,-11.202993663657706,2.940146006451286,0.10055310043205068,0.9949316931294842
1769098225.5586686,1.8134611772631672,-11.208063440701245,2.9256736569072155,0.10774990463906962,0.9941780313657466
1769098225.7593591,1.7927369450131698,-11.213031226744254,2.905583236635643,0.11773102764999267,0.9930455201693811
1769098225.9600399,1.7697611349352276,-11.218027780835142,2.8783256267676935,0.13125369859499045,0.9913488117737043
1769098226.1606991,1.7489617833439388,-11.22204785357218,2.8615617052727624,0.13955843738681897,0.9902138367818081
1769098226.3613212,1.7264299760441182,-11.226027922474684,2.848691436544266,0.1459276628823436,0.9892952629047089
1769098226.5620291,1.685576775353978,-11.153836598984041,2.8357082135765785,0.1523466635067816,0.9883271189835637
1769098226.762651,1.664308589891442,-11.156724353872873,2.8120561466670364,0.1640237275423374,0.9864563937666566
1769098226.9633346,1.640793856094668,-11.159389591751154,2.7936303388119224,0.17310476604346697,0.9849034165709024
1769098227.163925,1.620232553440927,-11.161335269601722,2.7736260392273073,0.18294709440342077,0.9831227597046799
1769098227.3645308,1.5977682986036883,-11.163003514429363,2.753596510766205,0.19278349816304777,0.981241317330257
1769098227.565283,1.5771968566498695,-11.164134503988985,2.7332703991125866,0.20274578078357966,0.9792314069587723
1769098227.7658968,1.554253426146198,-11.16490185459639,2.7075182515681857,0.21533728150609674,0.976539735593777
1769098227.9665403,1.533044479267693,-11.165115321878384,2.691017030985057,0.22338690964882205,0.9747298541634749
1769098228.1671965,1.509607318489706,-11.164996918209912,2.673624807708526,0.2318547159753089,0.9727504256899654
1769098228.3678765,1.4247893237953828,-11.089923165065462,2.6358605166220217,0.2501799086777205,0.9681993665015525
1769098228.5685594,1.403675897618468,-11.088990304599955,2.6094996762471676,0.2629190829206714,0.9648178873943792
1769098228.7691855,1.3807236716723954,-11.0874083287509,2.5870759651236117,0.27371973004294314,0.9618094974501022
1769098228.9698894,1.359669281102368,-11.085577224989878,2.5740661851531366,0.2799703598761481,0.9600086445396313
1769098229.1705282,1.3372386326963415,-11.083244811106338,2.5535426083436867,0.2898068516425976,0.9570851522936741
1769098229.371243,1.3161222802154222,-11.080566421325317,2.5279666337882314,0.30202201469827444,0.9533009507168213
1769098229.5717642,1.2947239423244692,-11.077337743886806,2.508736221378298,0.31117409748564073,0.9503529244727965
1769098229.7723882,1.2716878972001442,-11.07360673181616,2.5093937459308697,0.3108616404839754,0.9504551754162905
1769098229.9731295,1.2511249229995467,-11.07027796611124,2.512533370093426,0.3093692220500587,0.9509419984668579
1769098230.1737769,1.2305768677709394,-11.067015869338169,2.513350678615512,0.30898058972912895,0.9510683441113156
1769098230.3745124,1.2080287397512313,-11.063437950915636,2.5108161191302303,0.3101856109418152,0.9506760156670898
1769098230.575065,1.1872712045507974,-11.060044299529721,2.5066004978690564,0.3121887654138368,0.9500200917608976
1769098230.7756343,1.164934693989841,-11.056425522366283,2.5120564388549655,0.3095959802241538,0.950868197506387
1769098230.976289,1.1431817243198592,-11.053004679111844,2.514696151313489,0.30834070161361565,0.9512759913549922
1769098231.1770267,1.1791495876504934,-10.989040287010026,2.548628870964233,0.29215740715488653,0.9563702470510748
1769098231.3776722,1.1560626723438663,-10.985305398081886,2.5437922552865526,0.2944693482669473,0.9556609246648308
1769098231.5782642,1.1354072573693745,-10.981914338514803,2.543172722034406,0.2947653659945602,0.9555696620394
1769098231.779051,1.114626103289548,-10.978507893385112,2.5470076858739876,0.29293253768012045,0.9561331122643357
1769098231.979732,1.0918790010956148,-10.974892029648975,2.5512425835092336,0.29090731957057164,0.9567512380029959
1769098232.1803708,1.072000868198491,-10.97176888056734,2.548688337178671,0.2921289711666521,0.956378933375842
1769098232.3809648,1.0484130422379678,-10.967960651650106,2.5448745570897824,0.29395214840433415,0.9558201370804428
1769098232.5817063,1.0278495853048417,-10.964797277022814,2.5657941397994857,0.2839385714004734,0.9588424728134743
1769098232.7823265,1.00544254311823,-10.961833753367223,2.585653896727149,0.27440354023800045,0.9616146302468843
1769098232.9830523,0.984640916116434,-10.959503585491815,2.6074386856981535,0.2639131834188528,0.9645464382898975
1769098233.1836908,0.9618076526965291,-10.95738676248029,2.6258017790552532,0.2550461557318944,0.9669288797250718
1769098233.384293,0.9413426359331423,-10.955796325586673,2.6377172707310366,0.24928094691777292,0.9684312105171841
1769098233.585108,0.917896614881645,-10.954388940344332,2.660681863016814,0.23814494449921808,0.9712296254797134
1769098233.7857618,0.8979165980495409,-10.953621192763755,2.683701103918049,0.22695093342420414,0.9739061935411862
1769098233.9864476,0.9568930375633911,-10.781703286613597,2.6900969838673836,0.22383528469266809,0.974626987788945
1769098234.1870515,0.9335822620862149,-10.781834888341155,2.7076277784459903,0.21528380250907564,0.9765515267394923
1769098234.387808,0.913135321579857,-10.78224003966272,2.719844376363899,0.20931475468042887,0.977848318234005
1769098234.588448,0.8895104521371073,-10.783093201609748,2.7422574575334524,0.1983435437624683,0.9801325617730215
1769098234.789166,0.868792783693149,-10.784329421162203,2.7664037353993014,0.18649609947079704,0.9824557012314492
1769098234.9897778,0.8463621180120406,-10.78610438901699,2.7824627571834357,0.17860153353051814,0.9839214868171887
1769098235.1904755,0.8261099368920664,-10.788096750377925,2.8025431638167975,0.1687139257779751,0.9856650603772987
1769098235.391134,0.8034793711725272,-10.790696999815877,2.8187566143393483,0.1607179536305991,0.987000374559601
1769098235.591789,0.7806974985003623,-10.793722867077843,2.836001467483954,0.1522017464749115,0.9883494464864069
1769098235.7924798,0.760238641489472,-10.796899370499741,2.8624942495773853,0.13909671309594404,0.9902788013513693
1769098235.993225,0.753634319648804,-10.751043390839207,2.879001757943986,0.1309185501818802,0.9913931274818656
1769098236.193919,0.733170765208367,-10.755070511140012,2.8955898647121727,0.12269147392806591,0.9924448610504055
1769098236.3945532,0.7122339120877823,-10.75955996433338,2.9157843482687023,0.1126644340854707,0.9936330938994538
1769098236.5952063,0.6896663864339911,-10.764872116941376,2.9377229845078143,0.10175839700569753,0.9948091418150674
1769098236.7958462,0.6697881222107422,-10.76988723687156,2.9532227811680967,0.09404574863709902,0.9955678767232737
1769098236.996521,0.6473764041168566,-10.776113302877272,2.9770783526778866,0.08216441991284908,0.9966187877520597
1769098237.1972933,0.6277415998936451,-10.782010269025543,2.993708720944171,0.07387460617803429,0.9972675381070218
1769098237.3979952,0.6051466333534632,-10.789215705488912,3.006917890217301,0.06728650498273997,0.997733695054551
1769098237.5986114,0.58527493249551,-10.795629832930144,3.005158940585113,0.06816396050534515,0.9976741324140993
1769098237.7993484,0.5595171243528438,-10.80399600234007,3.011294004547887,0.06510324729401115,0.9978785332853768
1769098238.000023,0.5375888277357659,-10.811206287162186,3.011698940067815,0.06490120772964592,0.9978916941408188
1769098238.200685,0.5179759372272554,-10.817598516887308,3.0055930834402638,0.06794739235292475,0.9976889053569944
1769098238.4013116,0.5023438173794699,-10.822645323800092,3.001636075363786,0.0699211896040107,0.99755251853943
1769098238.6020057,0.4802665207145529,-10.829724686732494,3.001677660537802,0.06990044789136068,0.9975539721662118
1769098238.8026114,0.5124349807756365,-10.643455514669228,2.986997384955881,0.07722068272432232,0.9970140250566135
1769098239.0032876,0.4976822597207895,-10.648260360394643,2.9858237912311303,0.07780571409767502,0.9969685405536881
1769098239.2040112,0.47102336554695245,-10.656965663815193,2.98639704041275,0.07751995520558935,0.9969908006320437
1769098239.4045527,0.45083430098252464,-10.663467972531585,2.9830552932972907,0.07918569178574683,0.9968598829406331
1769098239.605338,0.42876218335215777,-10.670563524141471,2.9822427280816055,0.07959069207208441,0.9968276288985406
1769098239.8061154,0.4091949860191533,-10.676932419209603,2.986428655593202,0.07750419517386907,0.9969920259111659
1769098240.0066214,0.38955155684921383,-10.683312364107508,2.985565997276356,0.0779342196823978,0.9969585033503129
1769098240.20735,0.3667788071053266,-10.690627117667452,2.9813380980802213,0.08004156400468104,0.9967915268659162
1769098240.408031,0.35116645840702665,-10.695569942166397,2.9808187830439814,0.08030038571743943,0.9967707098694416
1769098240.6087136,0.3252161186680902,-10.703749950746602,2.980850236658085,0.08028470968688067,0.996771972614847
1769098240.8094175,0.3101861378543078,-10.708519336396453,2.9805402505797103,0.08043920143934097,0.9967595170710943
1769098241.0100644,0.28339200406721154,-10.717052724308004,2.9817092371289133,0.07985658849807245,0.9968063629780106
1769098241.2107852,0.26347089125399625,-10.72331200388602,2.9737375505565624,0.08382905758962261,0.996480149879382
1769098241.411323,0.24324161436580916,-10.729603494936878,2.9732330301697045,0.08408042719507364,0.9964589714397146
1769098241.6119795,0.19371527643672226,-10.589291971914324,2.983798851687374,0.07881507455692144,0.9968892536398348
1769098241.8127203,0.17474188404681468,-10.595274346537002,2.97821728068082,0.08159686809819476,0.9966654158324978
1769098242.0133133,0.15222172579400328,-10.602296357252357,2.9744026239921806,0.08349768672239036,0.9965079710228161
1769098242.2141173,0.132144600145361,-10.608479969956473,2.971974792940634,0.08470730140216887,0.9964058776869806
1769098242.4147494,0.11042308543746393,-10.615085558859766,2.971199168686578,0.08509371330537704,0.9963729522402253
1769098242.6152928,0.09099400541476554,-10.621051673925125,2.9759436581817442,0.08272983558546206,0.9965720115997652
1769098242.8160434,0.06882486291360013,-10.62792402332662,2.9760531541408413,0.08267527515739485,0.9965765393975764
1769098243.0167966,0.048735530410566996,-10.634068084598503,2.966099276194358,0.08763413137218208,0.9961527287613297
1769098243.2174067,0.02607100044929589,-10.64060801799915,2.946599505944715,0.09734218693964522,0.9952509726907114
1769098243.4179738,0.006103022545312475,-10.645984125876078,2.9322600105179415,0.10447532224948529,0.9945274792789117
1769098243.618713,-0.015513886179636449,-10.651457017188068,2.916136101406787,0.11248967556442964,0.9936528935656602
1769098243.819411,-0.03569810847172472,-10.65617985770008,2.8931961454954176,0.12387920293611646,0.9922973057909169
1769098244.0200381,-0.05858175652495423,-10.661006061379423,2.8728992823172663,0.1339429122577842,0.9909890495136178
1769098244.2206538,-0.07892192594282688,-10.664870973465257,2.8511817325759243,0.14469573104432806,0.9894761974992362
1769098244.4213057,-0.1173074315398075,-10.53877641402279,2.8317025340992026,0.15432581745302595,0.9880200109650894
1769098244.6219027,-0.13950304983928796,-10.54214868139139,2.8107873954822313,0.16464947835531038,0.9863521426333114
1769098244.8225696,-0.1602315414041271,-10.54486734046894,2.7864417830345856,0.1766436568393541,0.9842748693827454
1769098245.0232542,-0.18358803297377002,-10.547346417752985,2.767795730846499,0.18581226742385926,0.9825852641245971
1769098245.2238154,-0.20412967493070755,-10.549232666877316,2.757035440458975,0.19109600405560942,0.9815713510662272
1769098245.4245825,-0.22689395313847682,-10.550961926082815,2.7369603649931675,0.20093877149874,0.9796038026205172
1769098245.6250765,-0.24751944329674846,-10.552043721600093,2.712207219042542,0.21304721026307408,0.9770419060609026
1769098245.8257463,-0.27147801486202305,-10.552756550869425,2.689301496279619,0.22422291881280537,0.974537881602899
1769098246.0263872,-0.2922062148009499,-10.552956723140861,2.670174914285907,0.23353231285597809,0.9723490416780065
1769098246.227114,-0.31589778468754015,-10.415767725036865,2.6452992594905655,0.24560784714964715,0.9693692719590999
1769098246.4278052,-0.3389982584846767,-10.415153863488102,2.6251744536579276,0.2553494327024836,0.9668488336955885
1769098246.6285064,-0.36225518503246357,-10.414000802138004,2.6015243496720455,0.2667643511972893,0.963761786402786
1769098246.8291638,-0.38302837121013744,-10.412454662986969,2.5782912595044496,0.2779416827065841,0.9605979497241458
1769098247.029758,-0.4039241420155337,-10.410553325540418,2.5641543827545075,0.28472461023044926,0.9586093554358411
1769098247.2305443,-0.42732947151958256,-10.408050883766109,2.54662702445819,0.2931145138652698,0.956077340889076
1769098247.4312558,-0.44829046607079337,-10.405352153797754,2.5206004145441265,0.3055310701575924,0.9521821071456638
1769098247.6317992,-0.4693131952975895,-10.402182638797065,2.4999098271541746,0.3153651483966487,0.9489704016336652
1769098247.8323934,-0.4923801799670289,-10.398176194471374,2.4841989269046767,0.3228099311471974,0.9464638124898076
1769098248.0330439,-0.49137647095801673,-10.32566219161845,2.4645989246883113,0.33206962787941596,0.9432548766054837
1769098248.2337599,-0.5120370557561204,-10.32133606279855,2.445928571007456,0.3408604819798445,0.9401138930068357
1769098248.4344654,-0.5346967158973207,-10.31608284935469,2.4230211713199195,0.351605670869716,0.9361481999193594
1769098248.6351388,-0.5571065726825281,-10.310342087050714,2.3987503203385994,0.36294005884673264,0.9318124884784118
1769098248.8356893,-0.5766731682395861,-10.30493967924272,2.3831949912947152,0.37017633327053234,0.9289615074298739
1769098249.0364552,-0.5985517681520512,-10.298505672267257,2.366068020282855,0.37811781140566125,0.9257574848186715
1769098249.2370586,-0.6185936573577123,-10.29221026391114,2.3415822934262285,0.38942311347470127,0.9210589767716668
1769098249.43771,-0.6389320962988733,-10.285275309775356,2.3208794908922283,0.3989363308158498,0.9169786278617331
1769098249.6384854,-0.6607665113584206,-10.27740504650192,2.304677129160628,0.40635176842411735,0.91371671775151
1769098249.8390386,-0.6008240836220076,-10.196501200441862,2.269975417855887,0.4221435748336452,0.9065289858723055
1769098250.0396974,-0.622248588749523,-10.187840861656483,2.2479649922178515,0.43209435422647946,0.9018284033260439
1769098250.2402496,-0.6416830888965441,-10.179472346788993,2.224106761978088,0.4428213699519006,0.8966098562440199
1769098250.4408712,-0.6611307827219302,-10.170634413250378,2.2071541451177388,0.4504053128523795,0.89282420114732
1769098250.6416783,-0.6819038645498134,-10.160743980757506,2.1919035884427704,0.45720018560172393,0.8893638121071428
1769098250.84234,-0.7006390113358634,-10.151409732316575,2.1670476108721926,0.46821759660385065,0.8836131971799164
1769098251.0430233,-0.7197045782846716,-10.141387849425836,2.1458233242095286,0.477568085979374,0.878594743470502
1769098251.2436254,-0.7398047075592615,-10.130244931665553,2.1272446734522283,0.4857089161482593,0.8741206145458893
1769098251.4443264,-0.7594046778586512,-10.118887585789281,2.1103248098654204,0.4930864476180573,0.8699803188437109
1769098251.644956,-0.7769198946738365,-10.108379158963405,2.094694333565653,0.49987042350580135,0.866100201884361
1769098251.8456657,-0.796368871892766,-10.096135525789473,2.068559604606665,0.5111450710962836,0.8594944539053031
1769098252.0462594,-0.814201221377058,-10.084282248721047,2.0443557355949404,0.5215089329075441,0.8532458220803866
1769098252.2469509,-0.8317023982128837,-10.072209868737733,2.033175514471853,0.5262704981645874,0.8503172130220563
1769098252.4476438,-0.8542140148742801,-10.056087672608871,2.0064113183786674,0.5376020651544742,0.8431986833135144
1769098252.6483488,-0.8672553023787246,-10.046266994978826,1.9880659211890828,0.5453137477422892,0.8382320183119104
1769098252.8490245,-0.8857652394998243,-10.031725290624832,1.9692303692600464,0.5531837294135125,0.8330592785103337
1769098253.0496557,-0.9019540926256477,-10.018536586437445,1.947754448144538,0.5620970233980368,0.8270713006065843
1769098253.2503629,-0.9230633724938435,-10.000578309627665,1.9294076080000404,0.5696603389317383,0.8218802213511267
1769098253.450991,-0.782327799194975,-9.906257462852048,1.9308818317546776,0.5690543665558219,0.822299901437275
1769098253.651689,-0.798129645571659,-9.891920826840538,1.907238391924616,0.5787353761731947,0.8155153979942198
1769098253.852242,-0.814723151434431,-9.87613048469286,1.8871295986250542,0.5869055011186719,0.8096554407626991
1769098254.0530097,-0.8294304213375651,-9.86163016551251,1.8700684619326882,0.5937908838222,0.8046194046191346
1769098254.2537544,-0.8490029567189746,-9.841617240611107,1.8470740151653442,0.6030023240189437,0.7977394294052118
1769098254.454346,-0.863322476967156,-9.826211134987306,1.8210402126001557,0.6133350406260245,0.7898228459219655
1769098254.6549685,-0.8790551674335448,-9.808499476685757,1.798622371689042,0.6221493874256533,0.7828985500854401
1769098255.056267,-0.9068410532633709,-9.775516235004048,1.7691447902055875,0.6336203734196397,0.7736441186925396
1769098255.2570095,-0.8615445844194561,-9.686363936655185,1.7585789803517091,0.6376986008731589,0.7702859822458251
1769098255.4576643,-0.874421808466903,-9.66963756835857,1.7370343352551114,0.6459592095961303,0.7633719273970864
1769098255.6583633,-0.8880370551126425,-9.6511540091426,1.7163390771801363,0.6538235759309906,0.7566470323452094
1769098255.8590198,-0.9019237537887567,-9.631524607853493,1.695103557971363,0.6618204666251707,0.7496623706416384
1769098256.0598104,-0.9146062650530399,-9.61303075139809,1.6834891479890446,0.6661627257538557,0.7458064244937779
1769098256.2604902,-0.9284693102460276,-9.591884723915603,1.657967030140763,0.6756255074050922,0.7372449889579527
1769098256.4610775,-0.9405098148141081,-9.572547597654442,1.6378380838819495,0.6830111465330858,0.7304079501973945
1769098256.6617196,-0.9530412961106499,-9.55178960446481,1.6284776471949738,0.6864221222639375,0.7272033209953541
1769098256.8623583,-0.964781480442522,-9.531973705821065,1.6249003248276725,0.6877217438853704,0.7259743817706413
1769098257.0630212,-0.9778699052129233,-9.50974986650475,1.6240668563594205,0.6880242225371657,0.7256877215456582
1769098257.263698,-0.989652474703205,-9.489899986699644,1.6272664728481303,0.6868623813728968,0.7267874992422154
1769098257.4644082,-1.002411217733242,-9.468481089504962,1.6363876830040265,0.6835406590496342,0.7299124381910419
1769098257.6650445,-1.0140147927688719,-9.449202722354876,1.6351963898771733,0.6839753076009943,0.729505160086017
1769098257.865704,-0.9139836433420863,-9.466679780921417,1.6053733098929437,0.6947769089227394,0.7192253101968559
1769098258.06627,-0.925878591546093,-9.4466318905188,1.609475591660965,0.6933002159937345,0.7206488815664956
1769098258.2669723,-0.9375138814606299,-9.427165843176363,1.6124193850487525,0.6922387446601558,0.7216685668583133
1769098258.4676108,-0.9504330254536946,-9.40566588985131,1.6100908557996583,0.6930784884844267,0.7208621288430558
1769098258.6684186,-0.9622081203559181,-9.386047496973156,1.6158957938666718,0.69098329205802,0.7228707284823899
1769098258.8690255,-0.9756179571794075,-9.363838563513342,1.6163507274617424,0.6908188450936652,0.7230278855365502
1769098259.069621,-0.9875889928289552,-9.343954047850946,1.6111611192937902,0.6926926330553863,0.7212329139125557
1769098259.2703824,-0.9995619290815685,-9.324485228280372,1.6282960126596342,0.686488162051772,0.7271409790149226
1769098259.4710374,-1.0129104627021395,-9.302951050830755,1.625565681882409,0.6874801897447884,0.726203131849808
1769098259.6716468,-1.0251154822800752,-9.283090365060339,1.621430352003894,0.6889802638590876,0.7247801018327297
1769098259.872422,-1.037196931296969,-9.263569709576299,1.6268904771260158,0.6869990037294369,0.7266583577409408
1769098260.073144,-1.0506038007974163,-9.241952379982017,1.6285689694462615,0.6863889166261664,0.7272346630440256
1769098260.2737677,-1.0627041324637392,-9.22250310628027,1.6271467351508508,0.686905892072703,0.7267463762797887
1769098260.4744241,-0.910740930467604,-9.233421290969238,1.6453861998292443,0.6802496868950733,0.7329804659601474
1769098260.6750448,-0.9242568263511519,-9.21172270299114,1.6459784358643432,0.6800326083516165,0.7331818680099071
1769098260.8757534,-0.9364946556841809,-9.192270028702547,1.6569648102253196,0.675994863366317,0.7369063337374394
1769098261.0765572,-0.9487995288306115,-9.173099598367587,1.6580455611981308,0.6755965585700052,0.737271517182351
1769098261.277235,-0.9624039317960191,-9.151786007089822,1.6545159339095847,0.6768966526324768,0.736078067636136
1769098261.4780853,-0.9747227569023125,-9.132414353028981,1.654390698399017,0.6769427428617055,0.7360356804441418
1769098261.6785812,-0.9883290844219468,-9.110981995294765,1.6482747322243103,0.6791903588847277,0.7339621627836376
1769098261.8792021,-1.000276863092065,-9.092184257474702,1.6576648312983207,0.6757368969831832,0.7371428939191769
1769098262.079887,-1.0139125356978962,-9.070920741771559,1.6581517937487638,0.6755573965000905,0.7373074013150956
1769098262.2804976,-1.0264214808313372,-9.05128008550281,1.6526194440264894,0.6775943305100557,0.7354358729764475
1769098262.4812007,-1.0388250921934319,-9.031812413204785,1.6635385937739133,0.6735690847556264,0.7391242710542442
1769098262.681899,-1.052501280749542,-9.01066546516157,1.667039917143674,0.6722740966923797,0.7403023294009312
1769098262.88252,-1.0648397775062817,-8.991577015095379,1.6557660249162904,0.6764364381505172,0.7365010150313721
1769098263.083159,-0.9297587877055236,-8.921375207386554,1.6650148977604093,0.6730233152480005,0.7396212660088882
1769098263.2837648,-0.9436287943329142,-8.899871141866452,1.6635125203445293,0.6735787204506312,0.7391154898634519
1769098263.4844162,-0.9557957311723582,-8.88091302856219,1.6653534604480564,0.6728981015236316,0.7397351857022163
1769098263.6850793,-0.9693251114533212,-8.860123151956508,1.669548177694082,0.6713451326810054,0.7411448662883143
1769098263.8857765,-0.9828539158191951,-8.839272572257398,1.6689863958254727,0.6715532870677442,0.7409562622911746
1769098264.086437,-0.9953591040564762,-8.81996034635568,1.6668752107625826,0.6723350606714078,0.740246962973827
1769098264.2875252,-1.0090788745760555,-8.798962188982507,1.6674935324935607,0.6721061731522645,0.7404547872832062
1769098264.4876995,-1.0215573454477531,-8.779995203289694,1.6790899652260054,0.667801582300286,0.7443393357046465
1769098264.6884,-1.0338980496606223,-8.761331638667453,1.6781793532564229,0.6681404152240238,0.7440352045059891
1769098264.8889854,-1.0481772268320098,-8.73964115049691,1.6701011072611862,0.6711402065721902,0.7413304412488656
1769098265.0897253,-1.060880917247126,-8.720186330053986,1.6733646253968075,0.6699296409378636,0.7424245929337641
1769098265.2904894,-1.0747271052771596,-8.699180510415513,1.6785278825201562,0.6680107460585729,0.7441516264514033
1769098265.491143,-1.0870712036721708,-8.680519123811413,1.6732273065900318,0.6699806137883724,0.7423785942144047
1769098265.6917305,-0.9225127656767316,-8.673108231023381,1.638462642180498,0.6827830220604509,0.7306212047196535
1769098265.8924527,-0.936912375237656,-8.651375861909578,1.6390832442017829,0.6825562766944002,0.73083303780349
1769098266.0931263,-0.9494227495868799,-8.632429847459537,1.6394391579285528,0.6824262091322048,0.7309544918046871
1769098266.293839,-0.9618546836462298,-8.613857284429667,1.6480950593897068,0.6792562926750477,0.7339011437934607
1769098266.49452,-0.9760213916812257,-8.592760672879171,1.6406826323758805,0.681971615646755,0.7313786402761258
1769098266.6952035,-0.988768986774262,-8.573516449915093,1.6335122006178904,0.6845893773945729,0.7289289295661896
1769098266.8959262,-1.003048826321975,-8.551977993094606,1.6356111135351326,0.6838240213727304,0.7296469747717916
1769098267.0965793,-1.0154906090852902,-8.533259840705218,1.639405033460414,0.6824386807495036,0.7309428479825746
1769098267.2972436,-1.0280538981617198,-8.514379343876548,1.6383856148779083,0.6828111604443646,0.7305949077105727
1769098267.4978654,-1.0421768163652845,-8.493222771578225,1.6393867094085717,0.6824453776381807,0.7309365954310134
1769098267.698479,-1.0549344544126553,-8.474015591401432,1.6415823102336258,0.6816425440735058,0.7316853436477997
1769098267.899293,-1.0691854704634496,-8.452792730830351,1.6509660620147373,0.6782020771223191,0.7348754605965367
1769098268.099938,-1.0820736158931272,-8.433856118267833,1.642860585909345,0.6811747570922896,0.7321208577142576
1769098268.3005977,-0.9572083612454544,-8.387209182562838,1.6423469545121732,0.6813627547565431,0.7319458972018185
1769098268.5012355,-0.9702613865436619,-8.367773181800901,1.6439436098761144,0.6807782050217118,0.7324896146481642
1769098268.7019172,-0.9873358355029197,-8.34231811021999,1.64122897409935,0.6817717988706696,0.7315649077591484
1769098268.9025624,-0.997209782127335,-8.327637573688643,1.6477723060308749,0.6793747183593956,0.7337915181126666
1769098269.1031876,-1.014501479190911,-8.302084757748352,1.6450074554424905,0.6803884808152865,0.7328516324426566
1769098269.3039222,-1.0275245079098037,-8.28265917807243,1.6395915714751899,0.6823705034674099,0.7310064951815637
1769098269.5046859,-1.0375865271268414,-8.267708563917326,1.6486633648595979,0.6790477252381462,0.734094126695548
1769098269.7053182,-1.0544669834697986,-8.243008763434908,1.6535745104200876,0.6772430582213292,0.7357593628972867
1769098269.905985,-1.0673980060488546,-8.224101593238554,1.650361654029428,0.6784241284480687,0.734670471667045
1769098270.1066346,-1.0806331522886081,-8.204789139706168,1.653661245783536,0.6772111494065991,0.7357887326667846
1769098270.3073318,-1.0949687770538907,-8.183806800242017,1.6534050255060084,0.677305405845719,0.7357019690147403
1769098270.5081127,-1.1075503749451538,-8.165427246032836,1.6576089126394866,0.6757575067400592,0.7371240004805562
1769098270.70892,-1.1217038684365153,-8.145026353754432,1.6590607898957066,0.6752222219437362,0.7376143646875133
1769098271.31082,-0.9757112981817915,-8.031246767995054,1.6871366413576303,0.6648014566684401,0.7470200955874748
1769098271.5114148,-0.9900485159139598,-8.010850714935275,1.6937714217950763,0.6623196459629893,0.7492213868887223
1769098271.712109,-1.0031105989057063,-7.992342838172794,1.691628968899998,0.6631218515596841,0.7485114628274282
1769098271.9128237,-1.0166255043541066,-7.973070431177856,1.6851717446904761,0.6655350443637078,0.7463666020956441
1769098272.1134744,-1.031338667702763,-7.952010615695757,1.6918261500305702,0.6630480521687551,0.7485768367477181
1769098272.3142085,-1.0442769338848368,-7.933694198539309,1.6929314057877098,0.6626342665139429,0.7489431412607561
1769098272.5148077,-1.0574291976389818,-7.915064056149287,1.6902682331266485,0.6636309612028105,0.7480601228063383
1769098272.9160256,-1.0865817242086664,-7.873741727274334,1.6938410672050348,0.6622935556461034,0.7492444501960903
1769098273.1167202,-1.0997748372899494,-7.855140468443825,1.6945229734854788,0.6620380599074688,0.7494702177097865
1769098273.31745,-1.1130047125932556,-7.836658518595531,1.6985427770620343,0.6605303621719962,0.7507993344755518
1769098273.718691,-1.141244540923664,-7.796675053542543,1.6869797330033147,0.664860061469354,0.7469679368372962
1769098273.9192674,-1.0247392580527444,-7.693059701730167,1.6465706530293744,0.6798154770983977,0.7333831993558878
1769098274.1198788,-1.0393475859702848,-7.672421252025959,1.64411739958764,0.6807145528721981,0.732548768006611
1769098274.3204927,-1.0527329647822417,-7.653490932120521,1.6451321283626827,0.6803427961168353,0.7328940440281434
1769098274.5212197,-1.0662792641493566,-7.634426427633295,1.6457550734600448,0.6801144867429414,0.7331059165784882
1769098274.721961,-1.0809900673290338,-7.613705489494796,1.6503982695732229,0.678410678154959,0.7346828919781163
1769098274.9225552,-1.0941915219001137,-7.595327956276732,1.652030516253901,0.6778108604354464,0.735236314034991
1769098275.123192,-1.1076702832281606,-7.576588611452843,1.6482578861780703,0.6791965410409005,0.7339564419215056
1769098275.3238008,-1.122601389840527,-7.555496358433411,1.6435884911035163,0.6809082546959144,0.7323687245417869
1769098275.5244923,-1.1360667374494269,-7.536498622305121,1.6458508208317226,0.6800793894812441,0.7331384753256497
1769098275.7251782,-1.149115288368093,-7.518105140545721,1.6453146857263263,0.680275895680435,0.7329561417685112
1769098275.9259126,-1.1638134652905159,-7.497437301646727,1.6506126886468968,0.6783319092437519,0.734755619850387
1769098276.1266243,-1.1773182243508906,-7.478498660461552,1.64490071002445,0.6804275941231083,0.7328153172224491
1769098276.3271606,-1.1920469408675047,-7.457697385199346,1.6421783227596678,0.6814244669942011,0.7318884449024106
1769098276.5278516,-0.9893060122135428,-7.413835518809496,1.6682369967364314,0.671830875892282,0.7407045795712413
1769098276.7285025,-1.002516134635489,-7.395589170514932,1.6663440060492678,0.6725316482921627,0.7400683630891316
1769098276.9291089,-1.0172548340570633,-7.375105950842197,1.6614617946077415,0.6743362278067274,0.738424438834058
1769098277.1298547,-1.0310157892604075,-7.355977187617889,1.6661722261006013,0.6725952102641327,0.740010596633418
1769098277.3305206,-1.0456747081681765,-7.33556128613083,1.6650754441670859,0.673000924234623,0.7396416402416398
1769098277.531229,-1.0586989488911476,-7.317461513794609,1.6647655165390622,0.6731155338430886,0.7395373405712072
1769098277.731889,-1.0735552368818868,-7.296969487425703,1.6627133248963673,0.6738740155323879,0.7388462703365667
1769098277.9324982,-1.086905915083023,-7.278387435484588,1.6641075606161808,0.6733587889009421,0.7393158603802954
1769098278.1331842,-1.1005184350342967,-7.2594636829198675,1.6679101213028449,0.6719519259841112,0.7405947671744944
1769098278.3338242,-1.115507935575415,-7.238912007009296,1.671913567538639,0.6704681150875735,0.7419383442381963
1769098278.5345595,-1.129011769422981,-7.220440974847338,1.6748167762001047,0.6693904081621341,0.7429108166264181
1769098278.735301,-1.1427937960059475,-7.20164031572154,1.6704384603960538,0.6710151519510509,0.7414436363285534
1769098278.9359457,-1.156699773577532,-7.182648096932986,1.6674830884329355,0.6721100398204447,0.7404512775143008
1769098279.1365972,-1.0322017147794091,-7.200583155019551,1.6539282696035178,0.6771129068120528,0.735879141862665
1769098279.738491,-1.0743644198186368,-7.143305314706717,1.6540663496852908,0.6770621000723129,0.735925888011605
1769098279.9392064,-1.0881119274424416,-7.124699264899691,1.655542777064273,0.6765186450709884,0.7364255039522424
1769098280.1399052,-1.1032458967438235,-7.104348349270415,1.6563098241208196,0.6762361588156626,0.7366849106030596
1769098280.3404946,-1.1170615425393275,-7.085887570221852,1.6629052020563875,0.6738031285692354,0.7389109174523749
1769098280.5411792,-1.130860755074162,-7.067351341206482,1.652787032829933,0.6775327027222822,0.7354926490059841
1769098280.7417965,-1.1461699183229295,-7.046657752605128,1.6539731288553619,0.6770964011478547,0.7358943290667644
1769098280.9424887,-1.1595127195891684,-7.028854558021804,1.662779539714481,0.6738495538773736,0.7388685801543227
1769098281.1431198,-1.1746976884783298,-7.008573343273749,1.6608192124120835,0.674573442196083,0.7382077424978202
1769098281.3439105,-1.1885421772971376,-6.990039303825636,1.6564962633274152,0.6761674824024297,0.7367479458685717
1769098281.544544,-1.2024868352716793,-6.971516950018964,1.6614719896238068,0.6743324636734577,0.7384278762588021
1769098281.745103,-1.040825938947231,-6.908349395586072,1.6606230503409065,0.6746458431311695,0.7381415760853967
1769098281.9458542,-1.054333262931939,-6.8906391884909155,1.6652316070021196,0.6729431699154119,0.7396941868530514
1769098282.1491952,-1.0698012736071763,-6.870349788907724,1.657699534386021,0.6757241063142121,0.7371546188866074
1769098282.5478346,-1.0979274715947216,-6.833103656912607,1.6590088353263697,0.6752413829342345,0.7375968239987631
1769098282.7485292,-1.1130080377230078,-6.8131873624546735,1.657364267627109,0.6758476685393343,0.737041334614244
1769098282.949148,-1.1268290890800647,-6.7949524446451335,1.66243840017845,0.6739755727165683,0.7387536310444598
1769098283.1498194,-1.1454402569563744,-6.770407472252447,1.6557140613736776,0.6764555735231396,0.7364834397659463
1769098283.3503592,-1.156201830357797,-6.756142117492043,1.6556900942019985,0.6764643991870877,0.7364753333496327
1769098283.5510473,-1.1699068610060326,-6.7382004083812586,1.668600602942625,0.671696202399179,0.7408267082675416
1769098283.7517056,-1.1882349345758272,-6.714362958807243,1.6628825869082053,0.6738114838161043,0.7389032983263369
1769098283.9524214,-1.199122639326028,-6.700066119444376,1.6568991174701553,0.676019067705333,0.7368841293573993
1769098284.1531043,-1.2180352025667354,-6.675241596979143,1.6620184372516926,0.6741306824254135,0.7386120923818174
1769098284.3537102,-1.0528858751541197,-6.583890009412548,1.6583047223249419,0.6755010168396809,0.7373590551749922
1769098284.5543573,-1.0636273358023716,-6.569768119926292,1.6594826026653315,0.6750666393483978,0.737756756959135
1769098284.7549975,-1.0821713703882865,-6.545458273743962,1.6586223573223093,0.6753839028003181,0.7374663272571911
1769098285.1563704,-1.110182923755909,-6.508379205738376,1.6601555901064085,0.6748183506188508,0.7379838708725645
1769098285.3570588,-1.1254025050012766,-6.4884731559388795,1.6630776193144081,0.673739425568332,0.7389690023504735
1769098285.5576572,-1.1363337229352284,-6.474082151862853,1.6602696266115624,0.6747762709711816,0.7380223466360801
1769098285.7583556,-1.1534634211886918,-6.451463105034832,1.6556416216304966,0.6764822484150367,0.7364589381488533
1769098285.9590218,-1.1688586800662342,-6.431086724566339,1.6521258696682468,0.6777758060186573,0.7352686289892691
1769098286.1597068,-1.1826306066080015,-6.412909852135219,1.662503104114462,0.6739516722300284,0.7387754350940131
1769098286.3603165,-1.1965127732935144,-6.394721474963684,1.6598569427479368,0.6749285415618548,0.7378830962863885
1769098286.5610147,-1.2120183700798983,-6.374269848208599,1.6590131110997435,0.6752398060342611,0.7375982675866406
1769098286.761725,-1.2261602822499371,-6.355674813289036,1.6679201898135265,0.6719481976324344,0.7405981499426818
1769098286.9623418,-1.0868445370985056,-6.29045401226667,1.672558302771453,0.6702289033583451,0.7421544428911478
1769098287.162884,-1.1022574832853116,-6.270601096575284,1.6714204250047449,0.6706510353818997,0.7417730035133294
1769098287.3635626,-1.116211282662441,-6.25272361184695,1.6756877310970373,0.6690668237936961,0.7432022506011504
1769098287.5641656,-1.1320103656919687,-6.232337462020906,1.6729524093994692,0.670082646354317,0.7422864993079124
1769098287.7648244,-1.1461066349506284,-6.214154046169005,1.6767683770083537,0.668665156909881,0.7435636542587891
1769098287.9655,-1.1613897597459415,-6.194649273931693,1.6800185665313896,0.6674559130926171,0.7446493161735266
1769098288.1660693,-1.1752493882206176,-6.176858949845853,1.6745132298422882,0.6695031543882493,0.742809212560119
1769098288.3667543,-1.1896516978898497,-6.158368452908801,1.6756703643429756,0.6690732772738239,0.7431964408136416
1769098288.5674233,-1.2053754313502592,-6.13827644288585,1.67746669078386,0.6684054957851265,0.7437970779750611
1769098288.767997,-1.2195662703444896,-6.120263403349609,1.6880769456314675,0.6644501701122539,0.7473325708396475
1769098288.9687035,-1.2352854201248407,-6.100490236571682,1.6834850576219202,0.6661642510635024,0.7458050620671617
1769098289.1693604,-1.2497425953209051,-6.082171515618162,1.677862637637512,0.6682582306311307,0.7439293899247096
1769098289.3700628,-1.2639348223427633,-6.064127249877815,1.6840080533537098,0.6659692018570879,0.745979237095667
1769098289.5706563,-1.1500280417303084,-6.119948107500307,1.6446787899586253,0.680508903145903,0.7327398124431074
1769098289.771307,-1.1637260015689093,-6.102674563870592,1.644172584719986,0.6806943397127133,0.7325675503890908
1769098289.9719574,-1.179491975250951,-6.082776995710701,1.649244904833759,0.6788342439956321,0.7342915423582643
1769098290.1726215,-1.1937095385432728,-6.064817172214069,1.6429964345841408,0.6811250266967992,0.7321671243693509
1769098290.373272,-1.2093071073837551,-6.045076818538024,1.6464511565253324,0.6798592942491739,0.7333425802604232
1769098290.5739276,-1.2232636979868678,-6.027685829360119,1.6562064381696915,0.676274239347221,0.7366499529595707
1769098290.7746844,-1.2391731510523043,-6.007870356130266,1.6492151600672191,0.6788451645858065,0.7342814463940032
1769098290.975295,-1.25383551444114,-5.989455855577423,1.643528278433629,0.6809303033254496,0.7323482245579019
1769098291.1759336,-1.2682575199837318,-5.971432294130168,1.6514480632024249,0.6780249520062039,0.7350388863570313
1769098291.3765616,-1.284063526430479,-5.951663625701879,1.651090713270774,0.678156274230519,0.7349177285395835
1769098291.577249,-1.2984875244937382,-5.933706601722036,1.6527845261388983,0.6775336245481647,0.7354917998228305
1769098291.77794,-1.3131274526846624,-5.915533456597598,1.6512466356185407,0.6780989771208544,0.7349705961653507
1769098291.9785893,-1.3277450036271783,-5.897245005974743,1.6493626411988784,0.678791016410852,0.7343315028241145
1769098292.1792765,-1.133405523867959,-5.817007685607688,1.706432903872286,0.657563278792199,0.7533993193413787
1769098292.379897,-1.1478982119871417,-5.799301759031604,1.7083706139437211,0.6568330355611934,0.7540360491352307
1769098292.5805013,-1.162590059514669,-5.781203139739077,1.7039234277659827,0.6585080797162619,0.7525736568259622
1769098292.7811728,-1.178987698895932,-5.760968416695114,1.703908697842983,0.6585136223744107,0.7525688069188969
1769098292.9817278,-1.1932827888999025,-5.743297616885661,1.703191111330663,0.6587835965952511,0.7523324882370995
1769098293.182442,-1.2075104886388761,-5.725800324210315,1.7105640097776802,0.6560056909608288,0.7547559429557382
1769098293.383156,-1.223734409573784,-5.705979098323786,1.7066920670481005,0.6574656465916437,0.7534845211096455
1769098293.5837052,-1.2380553722617111,-5.68836190236042,1.7025653849992315,0.659018941473376,0.7521263422984937
1769098293.7843962,-1.2541749693418212,-5.668618980553564,1.7148929352134057,0.6543705144772333,0.7561740737309108
1769098293.9850447,-1.2686421413416995,-5.651154693242811,1.718540855036045,0.6529901955561648,0.7573663608238232
1769098294.1857035,-1.284792346451312,-5.631699084770743,1.7122655400933189,0.6553633335704768,0.7553137765269424
1769098294.3864052,-1.2993875429026605,-5.614110523978782,1.716080684044472,0.653921326673627,0.7565625542685837
1769098294.5870836,-1.3141128958397208,-5.5962354359790485,1.711303886430499,0.655726432928192,0.7549985729518098
1769098294.7877932,-1.2134527080783264,-5.587826689463457,1.7100609372135218,0.6561955187096907,0.754590909848058
1769098294.9884088,-1.2279575806383896,-5.570492270245516,1.713722278397737,0.6548130125218586,0.7557909225652609
1769098295.189016,-1.242774188221967,-5.55269281275932,1.7124056274435344,0.6553104270101082,0.7553596787304904
1769098295.3896708,-1.2589736766749946,-5.533278243329649,1.716505342397256,0.6537606716302077,0.7567013837899464
1769098295.590323,-1.2736478129516122,-5.515854644521436,1.7202778133575078,0.6523321924765484,0.7579331835054719
1769098295.7910886,-1.2899189312597037,-5.496665749205535,1.7264725595960924,0.6499814652176656,0.7599500607760331
1769098295.9918067,-1.304974982000612,-5.479035168975514,1.7235544992054295,0.6510895630797787,0.7590009096493777
1769098296.1925445,-1.3217128003828453,-5.459312790977197,1.7156455328618352,0.6540859207394069,0.7564202590428699
1769098296.3931222,-1.3362239734850156,-5.44214915187664,1.7204783305263183,0.6522561998900727,0.7579985815982517
1769098296.5938153,-1.3520964278395524,-5.423186821890329,1.7060780676010752,0.6576969351449781,0.7532826438335762
1769098296.7944582,-1.3663669468075477,-5.405529152944721,1.683100054759184,0.6663078072616273,0.7456768106775228
1769098296.995059,-1.3819075351938692,-5.385424112756844,1.6614577667882486,0.6743377149255342,0.738423080780259
1769098297.1957216,-1.3957943215376003,-5.366764597387762,1.6456572762680401,0.6801503337798672,0.7330726590585241
1769098297.3964179,-1.2260775195923062,-5.107718775862829,1.624691903610317,0.6877973943831647,0.7259027099272529
1769098297.5971587,-1.2407683027877718,-5.0867364993728375,1.6034773585308575,0.6954584047405252,0.7185663555133679
1769098297.7977552,-1.2537432127862953,-5.067249438264901,1.5797528081620733,0.7039331070415523,0.7102662745835723
1769098297.998321,-1.2659576439070959,-5.0479624257210025,1.561133326470412,0.7105149013029349,0.703682154830205
1769098298.1989594,-1.279223597752594,-5.026258838132331,1.5503494268118403,0.7142987733740821,0.6998408835987519
1769098298.3996408,-1.2906854118382562,-5.006807549014137,1.5306735157619222,0.7211490992443942,0.6927798904839826
1769098298.6002793,-1.3020739858727728,-4.986671434144347,1.5111917231540821,0.7278630767332434,0.6857224960057944
1769098298.8009317,-1.3143947287131459,-4.963754014367873,1.4951349909502731,0.7333447918776429,0.6798569086402937
1769098299.001612,-1.3270258173911071,-4.939425741652564,1.4817429605934138,0.737880649749418,0.6749312162919838
1769098299.202295,-1.3359700075668317,-4.921655269169828,1.4683317306155428,0.7423898552724035,0.6699681356517038
1769098299.4029872,-1.2247976241629575,-4.910591350044128,1.4369490535182048,0.7528107276717363,0.6582370456775818
1769098299.6035693,-1.2340943711173655,-4.889878688096148,1.4179385335827368,0.7590333397398973,0.6510517561325656
1769098299.8042226,-1.2429965529858282,-4.869076094173615,1.402484309051406,0.7640413795187962,0.6451672421806727
1769098300.0048766,-1.2525380938436006,-4.846043459882764,1.3902318609051272,0.7679794564571439,0.640474476040841
1769098300.2056015,-1.259209565516028,-4.82938464571482,1.3779825569079314,0.771887711280012,0.6357588860369197
1769098300.406233,-1.2703849454826326,-4.800870802422565,1.3792801778977595,0.7714750618064434,0.6362595610368023
1769098300.6068962,-1.2768926399808707,-4.784310167747539,1.3844975654604226,0.7698126322771616,0.6382699359882993
1769098300.8076622,-1.287937659517584,-4.756288689931739,1.3803267232107295,0.7711420189704804,0.6366631657149102
1769098301.0083268,-1.29623858137413,-4.735075385833476,1.3775298807096383,0.7720315879650717,0.6355841621564604
1769098301.2089214,-1.304641506634527,-4.713277057215307,1.368296177506577,0.7749577472623778,0.6320130457182198
1769098301.4095516,-1.3135025157081794,-4.689757320855304,1.3647049015229729,0.7760913639348048,0.6306204839884401
1769098301.6102917,-1.3213317815091112,-4.669148798850235,1.3724481940536215,0.7736440139330896,0.6336205013298555
1769098301.8109808,-1.330250588445389,-4.645542696141232,1.36776863010112,0.775124428722237,0.6318086102594881
1769098302.0116582,-1.1601663084667388,-4.656419629429138,1.3501318112165999,0.7806657651991732,0.6249487683370448
1769098302.2123086,-1.169022635699338,-4.632277194683134,1.3497527236534441,0.780784206327878,0.6248007867704278
1769098302.4129856,-1.1766466683206929,-4.611618833608372,1.3548745183026805,0.7791815971473435,0.6267982439883786
1769098302.6136425,-1.1856103352157334,-4.5875160000386614,1.3536808397608684,0.7795555561531743,0.6263330862015155
1769098302.8143778,-1.1936059321502355,-4.565915671867087,1.3467739457373766,0.7817139113779932,0.6236372028336018
1769098303.0151303,-1.201461453223426,-4.544048805027003,1.3422260459607436,0.7831300088425063,0.621858013738133
1769098303.2157867,-1.2100356644334938,-4.520100182771268,1.3452531262497105,0.7821879051354815,0.6230425997151132
1769098303.416458,-1.2176500703649902,-4.498818962870224,1.338864005392164,0.7841742577896543,0.6205406782959879
1769098303.6170626,-1.2260545828276606,-4.475078599286729,1.3390136455105963,0.7841278267044816,0.6205993485234306
1769098303.817708,-1.2335590678742883,-4.453570404740198,1.3313308025527453,0.7865060190170305,0.6175826115184773
1769098304.018288,-1.2417184781264488,-4.4298785415910675,1.3271107594557574,0.7878073798315243,0.6159216933044236
1769098304.219028,-1.2490180399617095,-4.408888818470967,1.3394014175766935,0.784007486421052,0.6207513682914795
1769098304.4197707,-1.257278651342169,-4.385151628211908,1.3326570531120963,0.7860963114778996,0.6181040277176982
1769098304.6204317,-1.1041276097510853,-4.420677150633198,1.2869811164537546,0.8000063302953183,0.5999915595134802
1769098304.8212192,-1.1122189023256905,-4.396507838652099,1.289660513020318,0.7992018049513296,0.6010627878703995
1769098305.0217335,-1.119151943754917,-4.375687438937666,1.2870274096666183,0.7999924423125212,0.6000100767844215
1769098305.222322,-1.1264011209730689,-4.35374528055095,1.278951179372028,0.8024088230282126,0.5967747319772164
1769098305.4230306,-1.1343137131103052,-4.329383843214897,1.275637377834688,0.8033965176536154,0.5954444016212127
1769098305.6235766,-1.1414034866347684,-4.3071770455585625,1.27892824509513,0.8024156662739305,0.5967655306049138
1769098305.8242688,-1.1493528943675546,-4.283014068044986,1.2967601312073347,0.7970631158587973,0.6038960087113223
1769098306.024911,-1.1569699799583004,-4.261492484620147,1.3163446883172978,0.7911114780540839,0.6116719948559708
1769098306.2255814,-1.1650363382678308,-4.239756236748745,1.3313914673753644,0.7864872858854287,0.6176064678584349
1769098306.4263172,-1.173571712962084,-4.217764939130353,1.346241234202429,0.7818799930123141,0.6234289667051601
1769098306.6269464,-1.1830966244897505,-4.194178067597177,1.3578489277848087,0.7782485584826456,0.6279563529574999
1769098306.8275983,-1.1919038281993561,-4.173471997257277,1.382413420119291,0.7704773378378428,0.6374673888743727
1769098307.0283523,-1.2021722775079384,-4.150808834417804,1.4023445631308513,0.7640864573987317,0.6451138547728271
1769098307.2290764,-1.0089623511654144,-4.119668996564678,1.4510085281185592,0.748164931445114,0.663512799692461
1769098307.4295454,-1.0200131852145826,-4.096841876883283,1.4614787006005776,0.7446811484542609,0.667420397603222
1769098307.6301231,-1.0301607638082206,-4.076673790988845,1.482362987392876,0.7376713765735922,0.675159936743896
1769098307.830826,-1.0414097560035458,-4.055566289545173,1.5087292214584505,0.7287068212121217,0.6848257944316386
1769098308.0315595,-1.0550533181315283,-4.031151670363122,1.5205078267961478,0.7246610609918324,0.689105468475031
1769098308.2321618,-1.0671821401278896,-4.009980142164349,1.5274287760118268,0.7222720949134025,0.6916090086959574
1769098308.432807,-1.0813051512268441,-3.9860154157958094,1.5442652492278204,0.7164244430320409,0.6976646883899384
1769098308.6335084,-1.0939816978211885,-3.96528636384365,1.5650400220146894,0.7091390106992507,0.7050686941741834
1769098308.8342752,-1.1087833434170873,-3.942125010169339,1.5783536150800643,0.704429834565054,0.7097736316422657
1769098309.03495,-1.1223653182850608,-3.9214298526369946,1.5870770435646535,0.7013273139031541,0.7128393919905007
1769098309.2354944,-1.1377620159156638,-3.8985066101590116,1.6067825477141098,0.6942699567360142,0.7197146845617178
1769098309.4362695,-0.992469533741057,-3.8408437567817684,1.6352651917190562,0.6839502115469446,0.7295286890348383
1769098309.6368537,-1.0072169815629923,-3.8206803810512016,1.6420074588673403,0.6814869911616197,0.7318302268132155
1769098309.837592,-1.0222854431462245,-3.8006908891969013,1.6547871434772232,0.6767968307019365,0.7361698512923592
1769098310.0382676,-1.0394168892478244,-3.7781050869842607,1.6484270625662483,0.6791344545611315,0.7340138913044864
1769098310.2389128,-1.054458627267011,-3.7582228648936296,1.655100422714085,0.6766815090348679,0.7362758554579214
1769098310.43957,-1.0694512940421435,-3.7386532395941314,1.658049465911635,0.6755951191516928,0.7372728361864487
1769098310.6401942,-1.0864183894296793,-3.7163875738483307,1.6547263426802525,0.6768192102460228,0.7361492760588372
1769098310.8408527,-1.1013337384868005,-3.696727121259026,1.652896712767246,0.6774923673096704,0.735529803772178
1769098311.0415628,-1.1177738712774536,-3.674982947357182,1.6514531926532263,0.6780230668310717,0.7350406253024305
1769098311.2422445,-1.1324386239375563,-3.655513802616455,1.6512995611307935,0.6780795275357815,0.734988540275868
1769098311.6435657,-1.163873534444177,-3.613472425517375,1.6402209471249223,0.6821404308402363,0.7312211926722971
1769098311.84421,-1.0531837523363514,-3.54237005242434,1.6777414310885732,0.6683033139609316,0.743888889921631
1769098312.044854,-1.0677685449062082,-3.5228725738460667,1.6811248370312784,0.6670439192210609,0.7450183956320856
1769098312.2455943,-1.0827226298225088,-3.5028611138200936,1.6788338459300525,0.6678968966576004,0.7442538111660205
1769098312.4462008,-1.0992034743960457,-3.4807045554045266,1.6756138977461688,0.6690942598940415,0.743177550371945
1769098312.646903,-1.1141356773892952,-3.4605191240698487,1.671922270537675,0.6704648865368784,0.7419412617728514
1769098312.8476121,-1.1304597671349752,-3.4384669148098523,1.673950980846196,0.6697119497967775,0.7426209694719094
1769098313.0482476,-1.1455190135747968,-3.4180292409791426,1.6700237136890312,0.6711688931751842,0.741304469724821
1769098313.248903,-1.1604536503939247,-3.3976570382394065,1.6695006685096636,0.6713627380856567,0.7411289185493506
1769098313.4495425,-1.1764307886578154,-3.375820869096857,1.6664975748107835,0.6724748206186704,0.7401200008335723
1769098313.6501992,-1.1912066882549266,-3.3556461031701477,1.671496153809274,0.6706229481097518,0.7417983967821615
1769098313.8509543,-1.210944401658901,-3.328720876945018,1.668751365222761,0.6716403561289748,0.740877339388204
1769098314.051449,-1.2223492080662395,-3.313010695703363,1.6662190456105774,0.6725778866130819,0.7400263417197258
1769098314.2522075,-1.05847373655901,-3.29743211588391,1.660244144872172,0.6747856739629639,0.738013749339637
1769098314.4528406,-1.0775546419710675,-3.2712808244044806,1.6564961345568696,0.6761675298381458,0.7367479023333424
1769098314.6534965,-1.0891321858856953,-3.2552894802926344,1.6532469655119038,0.6773635462549642,0.7356484392730667
1769098314.8542151,-1.108755492004537,-3.228030869153641,1.648075985463711,0.6792632918322098,0.7338946657179559
1769098315.0548813,-1.1230640466176938,-3.208048943220189,1.6493342217257276,0.678801450999536,0.7343218573084451
1769098315.2555597,-1.1374270436271345,-3.1881685110252596,1.6547005296087078,0.6768287113266159,0.7361405406061755
1769098315.456161,-1.153753207841478,-3.1655846868285655,1.6494067135803256,0.6787748343769943,0.7343464606141191
1769098315.65679,-1.1682358119323852,-3.145353802156163,1.6465755710998888,0.679813673681198,0.733384871043897
1769098315.8575318,-1.1839713188446166,-3.123373983760577,1.6482932295706485,0.6791835706795175,0.7339684443618956
1769098316.058162,-1.1981454332350807,-3.1034515037350454,1.6431232301754826,0.6810786075462663,0.7322103047231984
1769098316.2588348,-1.2141693909924272,-3.080869157708233,1.6439699281208744,0.6807685660422883,0.7324985730284576
1769098316.459537,-1.229795159155125,-3.058749189371862,1.6408823842534028,0.6818985651171865,0.7314467491835084
1769098316.6602635,-1.131978964650624,-2.994558020110195,1.6544664178090676,0.676914876282812,0.7360613087691984
1769098316.8609102,-1.1463578210185383,-2.974533116639731,1.6559618590736502,0.6763643188800427,0.7365672461805072
1769098317.0615342,-1.162689035563012,-2.9516412359651616,1.6493554634988368,0.6787936518121097,0.7343290667402321
1769098317.2622561,-1.1773487078352067,-2.9309771092826944,1.6492636204164193,0.678827372618881,0.734297894715317
1769098317.4628973,-1.1886301875933536,-2.915147146663302,1.6528343642943835,0.677515296560467,0.7355086831075365
1769098317.6636653,-1.2078957230182383,-2.8881304086208557,1.6541454449649875,0.6770329954108784,0.7359526636441868
1769098317.8643053,-1.2226087524474707,-2.8675975913512604,1.6532815553715243,0.677350823165538,0.7356601541180331
1769098318.064903,-1.2374037218488048,-2.8467811735909434,1.6495486263594503,0.678722726094754,0.7343946221770047
1769098318.2656946,-1.2530062338143724,-2.8249551982591496,1.6568211720757937,0.6760477855539636,0.7368577825113758
1769098318.4663603,-1.2673306980855237,-2.805015839647946,1.6541193356487447,0.6770426029636042,0.7359438251471829
1769098318.6670022,-1.2833415151995111,-2.782672808138112,1.653502852730777,0.67726941919455,0.7357350975887156
1769098318.8677053,-1.2977969705079873,-2.762391386204139,1.649546467220661,0.6787235189243163,0.7343938894482942
1769098319.0682793,-1.1378699600676154,-2.7171359973922384,1.6453478699950617,0.6802637342800062,0.7329674288966879
1769098319.2690132,-1.152129618471106,-2.6970259862153187,1.647116622761087,0.6796152492564118,0.7335687513642776
1769098319.469652,-1.1665068991578205,-2.6765652761282293,1.6386007097222832,0.6827325828966786,0.7306683380653837
1769098319.6702938,-1.1825103432553277,-2.6535355606012714,1.6371454582801959,0.6832640551934094,0.7301713708990908
1769098319.870992,-1.1962653593089219,-2.6337207808120335,1.6368373211700884,0.6833765435316601,0.7300660927277208
1769098320.0716858,-1.211796856643044,-2.6113185742288763,1.6373683875697786,0.6831826626565222,0.7302475261481853
1769098320.272427,-1.2260138281707638,-2.5908076807516465,1.6351704623179615,0.6839847646876365,0.7294962931195734
1769098320.4730017,-1.2403598993345148,-2.569894057307932,1.6291888473307785,0.6861634853195412,0.727447366765555
1769098320.673652,-1.2558868101879301,-2.5472120983158724,1.6341890178336314,0.6843426623752707,0.729160558761324
1769098320.8743355,-1.269960502030347,-2.52672535841679,1.633194985334926,0.6847049824815183,0.7288203392915045
1769098321.0750103,-1.2858132617052471,-2.503499588409713,1.630494911795804,0.6856882924677704,0.727895298496036
1769098321.2756531,-1.2998940794003315,-2.4828949930297095,1.6300023009530495,0.6858675562250658,0.7277263876745547
1769098321.4762514,-1.1297355944515464,-2.4266366789749685,1.633742640987648,0.6845053855245322,0.7290078032421269
1769098321.6770403,-1.1449522958420868,-2.404570705954798,1.6381036503027906,0.6829141545996121,0.7304986361708672
1769098321.8776581,-1.1589419634239655,-2.384241204814543,1.6320059208673532,0.6851381686294952,0.7284131313252263
1769098322.0782385,-1.174477734139297,-2.3613507338352675,1.629066816328327,0.6862078696079561,0.7274054988024976
1769098322.2789168,-1.1881248343042263,-2.3413081722561357,1.6327020632320324,0.684884587511303,0.7286515640479146
1769098322.479496,-1.2035555700568654,-2.3185605848996835,1.6264238139272762,0.6871685373833439,0.7264980393851286
1769098322.6803055,-1.2174763535596038,-2.2979696507246614,1.6278137715540442,0.6866634707289839,0.7269754314737368
1769098322.8808072,-1.2330235252037136,-2.2748427031321294,1.6206654689807332,0.6892573994643928,0.7245165541818782
1769098323.0814524,-1.2468883968168543,-2.2541531274874855,1.6245903189684487,0.6878342637793479,0.7258677741649112
1769098323.282117,-1.2606874307250475,-2.233663236889242,1.625549842576565,0.6874859409999837,0.7261976872225405
1769098323.4827604,-1.2763800376089196,-2.2101766619429415,1.6186921207079412,0.6899719255888842,0.7238361291750829
1769098323.6834679,-1.290231786133384,-2.1892957817700203,1.6198247871495057,0.689561882515954,0.7242267670978847
1769098323.8840415,-1.1752962042651351,-2.199376549253398,1.60999580111119,0.6931127483641771,0.7208291878490055
1769098324.0846777,-1.190500537178646,-2.1763859788935265,1.608762621354966,0.6935570725622253,0.7204016845475281
1769098324.2854156,-1.2042526675309222,-2.155560593000305,1.6053573340506844,0.6947826540156258,0.719219760350759
1769098324.4859807,-1.2195077348706833,-2.132119063083175,1.5973220111758257,0.6976666202925927,0.7164225617116697
1769098324.6867425,-1.2330113586454419,-2.111342707262741,1.6048241674617658,0.6949743612985707,0.7190345173478417
1769098324.887342,-1.2462279028717986,-2.0910136794433893,1.598014812966773,0.6974184090228839,0.7166641910657944
1769098325.0881062,-1.2615489889125413,-2.0671626183034015,1.5944518686927178,0.6986940189573412,0.7154206230416051
1769098325.2887921,-1.2749017759885712,-2.046228877682617,1.5923120356825657,0.6994590592390348,0.7146726694427628
1769098325.489422,-1.2882578289542603,-2.0251173225245878,1.5853870082396444,0.7019294253151583,0.7122465035903872
1769098325.6900246,-1.3027499441528196,-2.002088960297112,1.5869691539832946,0.7013657668544789,0.7128015579981771
1769098325.8907423,-1.3159839518977472,-1.9808708645295217,1.5784876231989673,0.7043822752691935,0.7098208297074651
1769098326.0913675,-1.3304784237007798,-1.9572776572499957,1.573862861973317,0.7060217665297845,0.7081901334995867
1769098326.2920327,-1.1279295852435656,-1.884880642855765,1.607748934572746,0.693922114295336,0.7200500672119201
1769098326.4926705,-1.140957499945273,-1.863654055570831,1.605787612774223,0.6946279054576173,0.7193692188018358
1769098326.6934094,-1.155617885161063,-1.8396578332250266,1.6063017105589126,0.6944429694503055,0.7195477483677105
1769098326.8940833,-1.1685784839478304,-1.818241949819737,1.5992202620123186,0.6969863312885108,0.7170844120443438
1769098327.0946336,-1.181317257921497,-1.7970766140887218,1.5985439639813133,0.697228772823489,0.7168486858096704
1769098327.2953134,-1.1954573963245005,-1.7736528567260352,1.5988766623277717,0.6971095159909502,0.716964659320711
1769098327.4959624,-1.2085509393597476,-1.7517853112009663,1.5930838640345277,0.6991832048464254,0.7149425473845304
1769098327.696658,-1.222594485518575,-1.728185630744461,1.5931196118557283,0.6991704259155633,0.7149550444084227
1769098327.897359,-1.2351069379663446,-1.707061990964415,1.5887206415032857,0.7007412664695357,0.7134155012800543
1769098328.098003,-1.2478017912332464,-1.6855757448071387,1.5900651194993878,0.7002615224495524,0.7138864056533328
1769098328.298694,-1.2620084627195265,-1.6614255742867057,1.585205602466752,0.7019940252414152,0.712182833635686
1769098328.4993958,-1.274585972681138,-1.6396946954516682,1.5807302970304768,0.7035858842922247,0.7106102331269429
1769098328.7000709,-1.1344123345107364,-1.6391711684767056,1.5787630036477454,0.7042845332031338,0.7099178095320923
1769098328.9006648,-1.1441487268840833,-1.6223174707068866,1.57416365256426,0.7059152500811452,0.708296307842187
1769098329.1013997,-1.1568499692219663,-1.6001905728615053,1.5731762069554869,0.7062648660686544,0.7079476950714833
1769098329.3019762,-1.1733248697766399,-1.5712996790904672,1.56623491573767,0.7087176430848297,0.7054922411907051
1769098329.502617,-1.1826956349338824,-1.5547908186365698,1.5676890862530615,0.708204502789201,0.7060073528151818
1769098329.7033179,-1.1988737502064415,-1.5264007260444261,1.5673415571505693,0.7083271711476163,0.7058842813195484
1769098329.903956,-1.21142832623339,-1.5041031389899029,1.563112975502208,0.7098180315040479,0.7043850950664121
1769098330.1046565,-1.2208697770941292,-1.4871983472300094,1.5650165824319655,0.7091472739085406,0.7050603831645097
1769098330.305351,-1.2369742072017125,-1.458388770207744,1.5624836333264078,0.7100396459822123,0.7041617009845499
1769098330.508666,-1.2491140930057385,-1.4365261634959463,1.5577200786352416,0.7117147868055507,0.7024685489346334
1769098330.9071343,-1.2747298942556056,-1.3900115757974607,1.5533816217640661,0.7132369258571266,0.7009230254413645
1769098331.107794,-1.1219949716147315,-1.3349936151748714,1.5576205412453965,0.7117497468670096,0.7024331269485713
1769098331.3085086,-1.1340142995956886,-1.3132668324891958,1.5542448048438544,0.7129343469908522,0.7012307871740424
1769098331.509116,-1.1475352915110582,-1.2885529285097372,1.5509604300171875,0.7140849375326609,0.7000590703569063
1769098331.709814,-1.1594134372794425,-1.2667486077210222,1.552876165745969,0.71341404595822,0.7007427481105479
1769098331.9105337,-1.172317532994892,-1.243024405612363,1.5504242712928091,0.7142725832600807,0.6998676137691835
1769098332.111093,-1.1842860389206649,-1.2209811173347398,1.5461217806844028,0.7157765162416717,0.6983294199709302
1769098332.311716,-1.1963905503684964,-1.198464807263664,1.539250608424184,0.7181714581503402,0.6958661916620279
1769098332.5123568,-1.2092492151801804,-1.1743138680489937,1.5415211997766023,0.7173809816172259,0.6966810799884733
1769098332.7163892,-1.2208855787540391,-1.1526664736674115,1.5443718593747944,0.7163872529467393,0.6977028764563211
1769098333.114445,-1.246031678751432,-1.1056949899224517,1.5398177904287198,0.7179740878831885,0.6960698306407939
1769098333.3151057,-1.257707398178663,-1.0836956488454823,1.5428961673159054,0.716901855190548,0.6971741030935891
1769098333.5158424,-1.1065739349569916,-1.0827239628091794,1.5686180351715273,0.7078765040247912,0.7063362195510292
1769098333.7164946,-1.117692541940894,-1.0606073905172184,1.5456560055767905,0.7159391290599227,0.6981627055929867
1769098333.9170344,-1.1286001514197717,-1.0374313540954654,1.5169548558293833,0.725884102730332,0.6878170319230114
1769098334.1176684,-1.139883001549873,-1.0122557929815155,1.502920211243479,0.7306928246952566,0.6827063760789603
1769098334.318405,-1.1495436014032558,-0.989850926649807,1.4875171985214022,0.7359289704588801,0.6770587496217243
1769098334.5190234,-1.1590236684997104,-0.9666560699134645,1.4651796072503993,0.7434448439053741,0.6687972518413289
1769098334.719694,-1.1691953479839927,-0.9400605760119924,1.4427418675226507,0.7509010502214989,0.6604147278614023
1769098334.920254,-1.1775762387521438,-0.9167692884619567,1.4240028866062253,0.757055749612622,0.6533502827568616
1769098335.1209297,-1.185925564206767,-0.8931978424045102,1.4217825324651683,0.7577806174336105,0.6525094143703492
1769098335.3215702,-1.194792591030599,-0.8665662240722793,1.3973237053684795,0.7657035604184271,0.6431936392429143
1769098335.5222073,-1.100723407561328,-0.8402408777961179,1.382768522221252,0.7703641426891684,0.6376041778868631
1769098335.7227964,-1.1076953686057107,-0.8161732538724731,1.368031699992482,0.7750413171058603,0.631910560743222
1769098335.9235418,-1.114176294735176,-0.7924665870541385,1.3518430182062238,0.7801307711681107,0.6256164798633815
1769098336.124269,-1.1210716231133604,-0.7649444386490891,1.325940252772675,0.7881677151196118,0.6154605209460071
1769098336.3249457,-1.1266044094814542,-0.7402976198604001,1.3058616745568294,0.7943066791093221,0.6075169952538945
1769098336.5255783,-1.1316770548168782,-0.7161986320983604,1.2911549489293859,0.798752456975196,0.6016597979556949
1769098336.7261844,-1.1370287427778438,-0.6886190742616145,1.2735282004415387,0.8040240197209902,0.5945968177779803
1769098336.9268355,-1.1412421319203767,-0.6640210049596484,1.2531507011970309,0.8100403802520064,0.5863740976212923
1769098337.1274831,-1.1449601689996476,-0.6391643456681748,1.2335870352814617,0.8157373485084219,0.5784224911329515
1769098337.3281817,-1.1486473364569447,-0.6118490032592561,1.2198870091107492,0.8196803809392823,0.5728211528070808
1769098337.528807,-1.0263167826884387,-0.5816266290179968,1.201127282905368,0.8250172279214495,0.565107577044236
1769098337.7294748,-1.0289028888119172,-0.55382955135864,1.1786506495217386,0.8313158529613068,0.555800281229881
1769098337.9301267,-1.0307166940530024,-0.5293706164433365,1.1620842653323764,0.8358910821560649,0.5488953440975455
1769098338.1308553,-1.0321264118595443,-0.5048852982127832,1.1422951549609366,0.8412811513473459,0.5405978397919141
1769098338.3314018,-1.0333115932412584,-0.47701896374481123,1.1250761909432037,0.8459041822003878,0.5333348990417683
1769098338.5319822,-1.0338762602304417,-0.45189300311234604,1.105861839947078,0.8509889080990176,0.5251836614865716
1769098338.7327032,-1.0338420314774595,-0.42503803762686143,1.089257810597043,0.8553196141023169,0.5181007216090937
1769098338.933355,-1.033462647872377,-0.400287269503945,1.0704479126147102,0.8601544255851812,0.5100336892267285
1769098339.1340184,-1.03240478072991,-0.3724667432998059,1.0439696510299072,0.866831250549431,0.4986016276256121
1769098339.3347769,-1.030945069261796,-0.3474526774221047,1.0271840919882953,0.8709853258771799,0.49130902913199426
1769098339.5353897,-0.9166446157764214,-0.36090952325076403,1.013865214780557,0.8742378307983242,0.4854979044249736
1769098339.7360852,-0.9140533828888102,-0.3333923840925728,0.996128185560339,0.8785090401984992,0.47772572286774734
1769098339.936686,-0.9111211147379306,-0.3077688085394375,0.9736563214099763,0.8838211674128877,0.4678249074524788
1769098340.1372175,-0.907941031409113,-0.2833740240456946,0.9628746165494628,0.8863302877763799,0.4630535832603388
1769098340.3379998,-0.9038683198570563,-0.2563430654857078,0.9440004460059839,0.8906606316999757,0.4546687136144296
1769098340.5385785,-0.8996349635197631,-0.23159378799606417,0.9216190275574823,0.8956928218579308,0.44467332826714157
1769098340.7392612,-0.894873322192349,-0.20681288701360595,0.8971974918876015,0.9010557153525784,0.4337033523394224
1769098340.9399722,-0.8889788171483579,-0.17931762066513107,0.8811896211047129,0.9044981498960359,0.4264775455222092
1769098341.1406233,-0.8833925927547475,-0.1553324752966488,0.8585807842243699,0.909261335607841,0.41622568826136275
1769098341.341234,-0.7675918355965267,-0.16400897845105117,0.8298210595437953,0.9151523903269065,0.40310805310604914
1769098341.5419996,-0.7607613386223743,-0.1394018764948028,0.8179483100124756,0.9175292515588119,0.3976682946048458
1769098341.7425983,-0.7531629445245437,-0.11361895161218655,0.8013481712405467,0.9207982834568437,0.3900391277589085
1769098341.9431977,-0.7448981558404474,-0.08777562787008314,0.777033734942636,0.9254719122033239,0.37881623476657267
1769098342.144041,-0.7366996126098534,-0.06385713267773369,0.755933055923256,0.9294169714422784,0.36903129026555864
1769098342.3446317,-0.7282488952648049,-0.040995580719161706,0.7340530497500055,0.9333984769049134,0.35884158525955134
1769098342.545342,-0.7183553766804206,-0.015459536661165563,0.7170411616236384,0.9364169605583604,0.35088926455313807
1769098342.7460675,-0.7087957050573089,0.0076200612383164334,0.6911962899186413,0.9408729936330651,0.33875951625298195
1769098342.946511,-0.6984699218741343,0.03078356453956449,0.669218432078462,0.9445387152363133,0.3284000843783916
1769098343.1472173,-0.6210093279175534,0.026473189383630913,0.6438626975379667,0.9486261103457333,0.31639927744911905
1769098343.3479054,-0.61038464065619,0.04854947618796873,0.6325203799862011,0.9504051964309576,0.31101440898619626
1769098343.548603,-0.5991375429762179,0.07099724037756089,0.6148743981195667,0.9531122461529185,0.30261699594262476
1769098343.7492278,-0.5858238485147352,0.0960238217935549,0.5885913442849594,0.9570066811557084,0.29006587566160935
1769098343.9498906,-0.5737025825248344,0.11760626772133803,0.5690602781187345,0.9597936516251565,0.2807065127496115
1769098344.150651,-0.557170516735732,0.14599605859959225,0.5537620761404032,0.9619127051271308,0.2733568139172782
1769098344.3512194,-0.5471609610689504,0.16245227582087124,0.533028170937385,0.9646948418005626,0.2633701999152285
1769098344.5518293,-0.533466411017275,0.18391829630073814,0.5107008315623576,0.9675748455081916,0.2525844776303548
1769098344.752519,-0.5151186211915738,0.2114744084968711,0.4942976206003244,0.969613878096416,0.2446404042729421
1769098344.953172,-0.5010705756226054,0.23188568046789654,0.4725096535342022,0.9722213981428843,0.23406313890293629
1769098345.1538703,-0.3847977508729201,0.1761705021078312,0.4383414155292552,0.9760780898669952,0.21742024395533668
1769098345.3545227,-0.36453734736407606,0.2030218852530798,0.41279239913180593,0.9787758099540751,0.20493392556808246
1769098345.555189,-0.35305242595537,0.2176567214404161,0.39767431452553864,0.9802969363530804,0.1975295334292183
1769098345.7558885,-0.3320139214886657,0.2437078853688876,0.3825472919909555,0.9817628993161848,0.1901094672189654
1769098345.9564903,-0.3156159297291481,0.2631866828048319,0.35419950806498135,0.9843587840969653,0.17617543577679587
1769098346.157111,-0.30264897922340106,0.277938228385016,0.34210844651128014,0.9854058632929309,0.17022128124272137
1769098346.3578224,-0.28074869887382903,0.3021882037319971,0.32336413531076513,0.9869579028935215,0.16097856352950313
1769098346.5586178,-0.26358690453328837,0.3204804966918772,0.3088133561713074,0.9881029539596279,0.15379386325942077
1769098346.7592883,-0.2457552978112032,0.33879790657221104,0.2855953620438669,0.9898217243810993,0.142312873427625
1769098346.9598355,-0.22797648445793195,0.3563117265795976,0.2673203660687476,0.9910807681446293,0.13326256418758967
1769098347.1605053,-0.1503382954776017,0.2570127502742997,0.25646458224793445,0.9917894998067328,0.12788114823190588
1769098347.3611937,-0.13157100482970396,0.27425760995606796,0.2334271031612703,0.9931967016093287,0.11644875230052917
1769098347.5618036,-0.1125398921538926,0.29090475340510624,0.21040978493062154,0.9944710676745867,0.10501093066042076
1769098347.762453,-0.09132557246121265,0.30873909411566347,0.19382456285036742,0.9953076790991012,0.09676065277973528
1769098347.9630682,-0.07684691720954684,0.32054056982634604,0.17904833745539817,0.9959953872852819,0.08940463358485
1769098348.1639173,-0.050643126307294506,0.34101976609472173,0.1536608298806712,0.9970499952334847,0.07675485004159764
1769098348.3645356,-0.030296908583046567,0.356243610637733,0.13931260723485817,0.9975749804374685,0.06959998854298935
1769098348.5651855,-0.010993248267142985,0.3705373752945006,0.1408416133229271,0.9975214795157773,0.07036261723852182
1769098348.7657542,0.011334199038259718,0.3869145467840106,0.13574224240481847,0.9976976394735202,0.0678190252728957
1769098348.9663599,0.031830490017263346,0.4016787552372195,0.12371327695221467,0.9980874880662987,0.0618171995928808
1769098349.1670585,0.05455233265557158,0.4178120979577852,0.12129607325041795,0.9981614714676476,0.06061086435236446
1769098349.3677237,0.07487648128632285,0.4322072823927169,0.11864269110168527,0.9982410049003354,0.05928655948500089
1769098349.5683827,0.13671995436552636,0.29285111177498,0.10458978469433287,0.9986329337091727,0.052271059979792076
1769098349.7691288,0.15957484794505733,0.3087069747330754,0.10107549270898039,0.9987232398753128,0.05051623633010091
1769098349.969819,0.18033028934604406,0.3229705464967515,0.0959067619708228,0.9988504569351159,0.04793500475133246
1769098350.1705465,0.20058112256252864,0.3369406080502583,0.10124316646224739,0.9987190012420205,0.0505999659895255
1769098350.371155,0.21672584951010337,0.34808181226186974,0.09664787543799831,0.9988326257195148,0.04830513221449372
1769098350.571776,0.2445418270414707,0.3669062567608633,0.0835990895143166,0.9991265262180822,0.041787373779503
1769098350.7724435,0.26582930899665674,0.38106068899793655,0.0826652752130794,0.9991459281350645,0.04132086992211726
1769098350.9731467,0.2863439566893486,0.39473184712720577,0.08347296961720395,0.9991291593411794,0.041724368829115246
1769098351.1738627,0.3093514855448007,0.4100022011141763,0.07977939284853328,0.9992045115489476,0.039879118598947105
1769098351.3744771,0.3300067615806474,0.42346012932502386,0.06804760024101177,0.9994212463472625,0.03401723606768286
1769098351.575113,0.35338035973687315,0.43844701404378206,0.06562997462843258,0.9994616366165755,0.032809098306969216
1769098351.7758737,0.3744402835069795,0.4520718501381279,0.07142935483822266,0.9993622986971111,0.035707085330869595
1769098351.9764998,0.36649048061785144,0.25754935510575366,0.081277379030877,0.9991743620952463,0.04062750461888522
1769098352.17709,0.3902526145477276,0.2726331995799924,0.07141729829739778,0.9993625139309187,0.03570106090404429
1769098352.3778064,0.4118846959142201,0.2861598866026788,0.06563228340199162,0.9994615987415202,0.0328102520722473
1769098352.5784223,0.4325408282582121,0.2990513729454784,0.0697507496750502,0.9993919157527082,0.03486830549555915
1769098352.7791705,0.4564259175544109,0.31393997312773164,0.06635223315434496,0.9994497231192768,0.03317003100391987
1769098352.97982,0.47788971184325785,0.3271133798912355,0.05386262390529889,0.9996373741366269,0.02692805654386199
1769098353.180457,0.4994434900607935,0.34013894109616943,0.05191176733953379,0.9996631649627998,0.025952969320638966
1769098353.3811796,0.5232627221659194,0.354554581295825,0.05371526368287466,0.9996393554854309,0.026854403077937496
1769098353.5818677,0.5441200774349015,0.3671178266394585,0.044245259218747945,0.9997553046095401,0.022120825144773038
1769098353.7824502,0.5662471471474917,0.38017067027569856,0.037129538497310315,0.9998276796206517,0.01856370287371111
1769098353.9830542,0.5903639688383968,0.39418330767508175,0.03525131997612502,0.9998446720762865,0.017624747392888815
1769098354.183758,0.6117116832783014,0.4065637570017308,0.033102744398015804,0.999863029166114,0.016550616507023205
1769098354.3844454,0.5961162056977527,0.2663792011527826,0.04041984048475409,0.9997957865128017,0.020208544510883962
1769098354.5851085,0.6178569906297073,0.2787867476938861,0.03114441053958703,0.9998787556616285,0.015571575917464742
1769098354.785763,0.6426133331205137,0.29270059182415364,0.02744988167662152,0.999905814478015,0.013724509938699395
1769098354.9864674,0.6640807049534707,0.3047178168303142,0.027091537245826556,0.9999082574790232,0.013545354379392312
1769098355.1870604,0.6859016152238948,0.31688042558927654,0.020326236593128582,0.999948355957769,0.010162943341125089
1769098355.3877325,0.7108452469009352,0.33050852024658317,0.014585088057321595,0.9999734095186381,0.007292479391127523
1769098355.5910547,0.7320642386468623,0.34192582445245145,0.010149273081483091,0.9999871240596214,0.005074614760483669
1769098355.989748,0.7783378307020896,0.3667130566345107,0.0044473219442040315,0.9999975276669593,0.0022236591395582163
1769098356.1930661,0.8008745769025498,0.37850875760894764,-0.005963566291710597,0.9999955544879293,-0.002981778727336333
1769098356.5916154,0.8471208411363094,0.4023136004633172,-0.008739292586192014,0.9999904531108271,-0.004369632387577528
1769098356.792281,0.9206370527369435,0.2874150120527813,-0.040470337813464055,0.9997952759553618,-0.020233788012677046
1769098356.992904,0.945321277396579,0.30051059625204346,-0.023703788702952387,0.9999297671222657,-0.011851616885961395
1769098357.1935718,0.9669930328353843,0.31241891259319854,-0.00459575080384386,0.9999973598854803,-0.0022978733797035036
1769098357.394288,0.9905967664401804,0.3260030592779063,0.010679260697750744,0.9999857442077401,0.0053396049752975905
1769098357.5948303,1.0111828524767685,0.3383295543484933,0.027620185278241435,0.9999046421862068,0.01380965366958261
1769098357.7955365,1.0347912147734148,0.35289440411250983,0.0465932603191043,0.9997286457846777,0.023294522908497414
1769098357.9961562,1.0560420949974207,0.3665014486083634,0.06258607580865855,0.9995104128438395,0.03128793084781359
1769098358.1969287,1.0768102998729998,0.38047480133492695,0.08672277371614082,0.9990600423551891,0.043347800050842676
1769098358.3975933,1.0995030406430724,0.3964303167182327,0.09831313538592416,0.9987920591915216,0.049136773357232474
1769098358.5982862,1.1198871677919096,0.4111763883446714,0.11834421321108327,0.9982498416473676,0.059137582390603446
1769098358.7989266,1.161331994076976,0.2700706736109777,0.1519624504243744,0.9971148151579747,0.07590813785410594
1769098358.9996421,1.1830343740134048,0.2869385942774536,0.1677203218816934,0.9964857969050828,0.08376190402827657
1769098359.2002633,1.201955550168567,0.30230361741236456,0.187372799145486,0.9956146382540753,0.09354940990838365
1769098359.4008598,1.2276235071143624,0.3239263660447249,0.2075132390514064,0.9946221091620402,0.10357055549747056
1769098359.6015139,1.2424470440807855,0.33692730644799473,0.2298280901239963,0.9934046436889653,0.11466130078278318
1769098359.8020868,1.260692966046633,0.35346584623343125,0.2448130812723135,0.9925176689470994,0.12210109265611012
1769098360.0028942,1.2788542802842462,0.3705822455176695,0.26531644842333585,0.991213794240617,0.1322694753415158
1769098360.2035854,1.3022993851999929,0.393668468442796,0.2888349464155206,0.9895899086910092,0.14391599152602952
1769098360.4042084,1.3220151575837593,0.41378894068188954,0.3055462751922931,0.9883528639969589,0.15217955259826754
1769098360.604791,1.338807107953828,0.4315248600489041,0.3222475507262754,0.9870476221674975,0.16042752748044525
1769098360.8055472,1.3748481762785374,0.318338262012668,0.34266301766359525,0.9853586255048987,0.17049451352784561
1769098361.0060623,1.397008559403284,0.3436447637154971,0.3694694802273608,0.982985009685155,0.18368579350150008
1769098361.2066815,1.41307020914413,0.3627777269201402,0.3908937005805477,0.9809609869746311,0.19420489703855992
1769098361.4072447,1.4255121126552603,0.37804016144657093,0.40065973153743956,0.9800009903096862,0.198992610395548
1769098361.6079605,1.4460167801824024,0.40419200418882784,0.41998269032327723,0.9780327188742559,0.20845143513881284
1769098361.8086982,1.4609743753647562,0.4240741663673224,0.4413983746614206,0.9757446274153634,0.2189119048157355
1769098362.0094235,1.4759007577585834,0.4442632815015901,0.4410850437318232,0.9757789113761699,0.2187590366442876
1769098362.2099907,1.4889359203801915,0.4618221516364336,0.4381223043043661,0.9761019036172763,0.21731330781783567
1769098362.410629,1.5066004752900741,0.4857789923050724,0.4483383931000221,0.9749791281648134,0.22229642291989396
1769098362.611294,1.5227947395015802,0.5081144835759372,0.4530617363757314,0.9744514185272983,0.2245983814058689
1769098362.8120165,1.5375823200878962,0.52856248405725,0.45297794678867676,0.9744608271749453,0.2245575567677947
1769098363.0125306,1.5524829275682817,0.5492411067795471,0.45348128117127745,0.9744042825465368,0.22480278947328247
1769098363.2132208,1.6103444471863042,0.4061758588071322,0.46599953947049366,0.9729781351327046,0.23089726839805721
1769098363.4139347,1.624773849995902,0.4267542622520785,0.4736094649568156,0.9720925384944133,0.23459773358557293
1769098363.6145794,1.6393429041709653,0.4474516077464425,0.46863689578854734,0.9726728100745357,0.23218011228722063
1769098363.8152359,1.655515089508749,0.4704251844524023,0.4684798579868123,0.9726910376033671,0.2321037383716279
1769098364.015865,1.6697857797935511,0.49086777313176716,0.47468952175496854,0.9719657073160793,0.23512265692942813
1769098364.2165568,1.683763461629595,0.5111439551443064,0.48433124075379885,0.9708209238592344,0.2398056166921507
1769098364.4172385,1.699771475463336,0.5345700451947328,0.4841446918495136,0.9708432873735887,0.23971506285931118
1769098364.6177027,1.7140344144331778,0.5553567987766646,0.4791930270085576,0.9714338055816212,0.2373106853329806
1769098364.8184314,1.7278200861347126,0.575611062518536,0.48971501310677584,0.9701718778102155,0.24241808411543933
1769098365.0191395,1.7432045852365172,0.5986032288841026,0.4948454503218007,0.9695468310802369,0.24490598674240413
1769098365.2198162,1.7571964233963817,0.6193906634930046,0.4908644993038214,0.9700323894588299,0.2429756436369562
1769098365.4205112,1.771429457668738,0.6406257905008594,0.49507047127916554,0.9695192704539379,0.2450150693701594
1769098365.621156,1.7797752350828604,0.5428141071938475,0.49815620457500404,0.9691400910853647,0.24651061610212843
1769098365.8218105,1.7933383071984639,0.5635816525534723,0.5069873903426483,0.9680421562302683,0.25078752712416275
1769098366.0225086,1.8071626961746075,0.5849645000982697,0.5062064931902382,0.9681400020716197,0.25040953733586946
1769098366.2231803,1.8222933837585196,0.6083963069262426,0.5079402689173849,0.9679225613340154,0.25124871195808984
1769098366.4240317,1.8358070176840449,0.6295875977060943,0.5143503097815592,0.9671123341357718,0.2543496278009057
1769098366.6244342,1.8491860873688506,0.6505045721259197,0.5040321175692126,0.9684116720549032,0.24935683954491142
1769098366.8252087,1.86315865996669,0.6716696398067512,0.48042280029176015,0.9712877027779436,0.23790796210371998
1769098367.025743,1.8791833555348765,0.6949608128326057,0.4622930171297707,0.973404376945952,0.22909369031569354
1769098367.226432,1.8931908462131004,0.7146597292295178,0.4545982066947876,0.9742785866174835,0.2253469228958736
1769098367.427126,1.9096723935474693,0.7372563029950636,0.43920778627078927,0.9759838150206375,0.21784304629196272
1769098367.6277816,1.9248797576304515,0.7572666503100138,0.41136886285570196,0.978921427449688,0.20423721227990055
1769098367.828394,1.9404762544223424,0.7769417624678927,0.39448226307170886,0.9806109498824075,0.19596470337977318
1769098368.0290437,1.9658234657255806,0.659887834149695,0.38731745459782296,0.9813066807770238,0.1924505086051486
1769098368.2297375,1.983610814271953,0.6811749745726527,0.3703710490083437,0.982902107124991,0.18412888912186653
1769098368.4303591,2.0005266783649915,0.7005103407995312,0.34031880896146677,0.9855577859634225,0.16933945354487476
1769098368.6309767,2.017209364475911,0.7189337911331863,0.32790467104590065,0.9865898953005533,0.1632188055673834
1769098368.8316143,2.036047704528828,0.7390889266225034,0.3132206771955738,0.9877616455983362,0.1559709315381134
1769098369.0323098,2.0536505248547137,0.7573816815304659,0.30422534684549096,0.9884531575659283,0.15152674779703446
1769098369.2329957,2.0714318947421044,0.7752869184459832,0.2780068010021396,0.990354573041298,0.13855619674409453
1769098369.4335477,2.091133095207097,0.7942717011944458,0.2595908927979073,0.9915883901007411,0.12943131235300237
1769098369.6343393,2.109231021806033,0.8112706502590723,0.24887978306140512,0.9922673429628894,0.12411897554108171
1769098369.8350136,2.128067198899224,0.8282152233253308,0.22572161909411703,0.9936379761934725,0.11262136682770374
1769098370.035645,2.1624670970288893,0.7368737505988804,0.20113121924802602,0.9949475393817832,0.10039618457956963
1769098370.2363904,2.1815256829624814,0.7527080086765497,0.18142976012878156,0.9958882261418716,0.09059051292490007
1769098370.4369714,2.200852968032888,0.7681731322016753,0.16590187341872467,0.9965615433556602,0.08285584049772693
1769098370.6375082,2.2231202481733523,0.7853460190756526,0.14954830712603287,0.9972057152878634,0.07470449382213111
1769098370.8380764,2.243277708325304,0.8002729742589761,0.13098943500943516,0.9978559875593738,0.0654479036479156
1769098371.0387597,2.2632491927527143,0.8146822288598127,0.12477021705668315,0.9980546801558904,0.06234465028311004
1769098371.2394676,2.2860236125538336,0.8310031379625501,0.11931968666421215,0.9982208793422743,0.05962445844732386
1769098371.440099,2.3066153266099305,0.845545666233419,0.11447102382252276,0.998362495187048,0.057204267357354156
1769098371.640743,2.3274233300448985,0.8602211535089376,0.11588625597970603,0.9983217665807992,0.05791071033058061
1769098371.8414454,2.347497952401162,0.8743555328296088,0.11447970420141741,0.9983622469002872,0.057208600439181585
1769098372.0421078,2.3702347592291257,0.890292219655909,0.11115189236658599,0.998456054561157,0.055547341162000885
1769098372.2427428,2.3909537399569687,0.9046975812537864,0.1074922451444892,0.9985560247988295,0.053720250725023004
1769098372.4434803,2.3654736716852978,0.7629389112070013,0.09686396351831457,0.9988274008079365,0.04841304984466291
1769098372.6440134,2.366512597724958,0.7636615524490658,0.09914818224053573,0.9987714563804815,0.04955378814593183
1769098372.8446083,2.3665334926128145,0.763675837381822,0.09942889242758664,0.9987644914162593,0.049693970318548684
1769098373.045224,2.366533515669521,0.7636758041562952,0.09938348487722065,0.9987656193995771,0.0496712945812691
1769098373.245818,2.3665335186616363,0.7636757998445518,0.0993678185792733,0.9987660084515859,0.04966347109985877
1769098373.4463816,2.3665335193067203,0.7636757989149625,0.09935730576937392,0.9987662694891034,0.04965822118058228
1769098373.6469939,2.3665542702815623,0.7636902912542174,0.0993537066161782,0.9987663588512589,0.04965642382409658
1769098373.8475583,2.366533519298828,0.7636757989266958,0.09936044570817922,0.9987661915259847,0.04965978921300458
1769098374.0481944,2.366554270536396,0.7636902908894172,0.09933641027185587,0.9987667882512118,0.04964778631881963
1769098374.2487566,2.3665335192466204,0.7636757990012042,0.09933306244262713,0.9987668713559675,0.04964611446842688
1769098374.4494035,2.366554270390924,0.7636902910977306,0.09935450487630222,0.9987663390318079,0.04965682246177136
1769098374.6500406,2.3665542703984377,0.7636902910869738,0.09935828299076972,0.9987662452254461,0.04965870918846033
1769098374.8506758,2.3665335195283395,0.763675798597838,0.09936677028156078,0.9987660344825003,0.04966294759779094
1769098375.051265,2.3665335195535597,0.7636757985617277,0.09936819757868504,0.9987659990403549,0.0496636603657227
1769098375.2518566,2.366554270317065,0.7636902912034882,0.09936548628473449,0.9987660663658281,0.04966230639157146
1769098375.4524856,2.3665542703820046,0.763690291110503,0.09934969132261745,0.9987664585418055,0.04965441865393181
1769098375.6531029,2.366533519364014,0.7636757988331249,0.09935268016995953,0.9987663843359517,0.04965591123411384
1769098375.853719,2.3665542702849063,0.7636902912495336,0.09936217435152067,0.9987661486035797,0.049660652468249356
1769098376.0543165,2.366533519394024,0.7636757987901552,0.09935726323013135,0.9987662705453147,0.04965819993720197
1769098376.2549777,2.3665542703679816,0.7636902911305825,0.09935766862748392,0.9987662604796429,0.04965840238580191
1769098376.455669,2.366533519664407,0.7636757984030165,0.09937800403559911,0.998765755516076,0.0496685575429941
1769098376.6562185,2.36655427041774,0.763690291059343,0.09936143433335995,0.9987661669784036,0.04966028291570181
1769098376.8568983,2.3665542704036096,0.7636902910795744,0.09936639904762641,0.9987660437007688,0.04966276220986784
1769098377.0575178,2.3665542704367764,0.7636902910320844,0.09935669933856646,0.9987662845461951,0.049657918339262364
1769098377.2582302,2.366554270411351,0.7636902910684886,0.09935748083335245,0.9987662651424167,0.049658308604580474
1769098377.4588692,2.3665542704120037,0.7636902910675538,0.09935001784252727,0.9987664504352141,0.049654581712498126
1769098377.6594646,2.366554270411784,0.7636902910678691,0.0993557596806279,0.9987663078768134,0.04965744908992287
1769098377.8600838,2.3665542704112785,0.763690291068593,0.0993603312113562,0.9987661943689271,0.04965973203522656
1769098378.0607731,2.3665542704122995,0.763690291067131,0.0993567404658061,0.9987662835250484,0.04965793887751251
1769098378.261386,2.3665542704158145,0.7636902910620991,0.0993644434769972,0.998766092259811,0.04966178563107384
1769098378.4619992,2.3665542704132854,0.7636902910657206,0.09936353761748805,0.9987661147530089,0.04966133326018769
