timestamp,x,y,theta,qw,qz
1769097853.330932,0.0,0.0,8.444534495319651e-06,0.9999999999910862,4.22226724764728e-06
1769097853.531583,0.0,0.0,8.779940807512355e-06,0.999999999990364,4.389970403742077e-06
1769097853.732205,0.0,0.0,-9.730453091322457e-06,0.9999999999881648,-4.8652265456420345e-06
1769097853.9328585,0.0,0.0,-1.670312582496956e-05,0.9999999999651257,-8.351562912387696e-06
1769097854.1334858,0.0,0.0,6.709042043721091e-06,0.9999999999943736,3.354521021854254e-06
1769097854.3341324,0.0,0.0,3.310784952637509e-06,0.9999999999986299,1.6553924763179985e-06
1769097854.5348296,0.0,0.0,-5.708045037781641e-07,0.9999999999999593,-2.854022518890782e-07
1769097854.7354677,0.0,0.0,-1.7963595906515886e-06,0.9999999999995967,-8.981797953256735e-07
1769097854.936161,2.5310686496894057e-05,-3.9731043904669817e-10,-1.5518195396519195e-05,0.9999999999698982,-7.759097698181743e-06
1769097855.1368022,-4.02405024449784e-16,-1.492456914422017e-10,-2.6839301175846816e-06,0.9999999999990996,-1.3419650587919378e-06
1769097855.3374915,-3.9050715752117113e-16,-1.5135868745960883e-10,-8.440375288743042e-06,0.999999999991095,-4.220187644358993e-06
1769097855.5381823,-3.596921565258043e-16,-1.5683126290277673e-10,-1.1379852279962825e-06,0.9999999999998381,-5.689926139981106e-07
1769097855.738821,-3.723904312884956e-16,-1.545761188368281e-10,-3.6571229441480024e-06,0.9999999999983282,-1.828561472072982e-06
1769097855.9394515,-3.72384180887543e-16,-1.5457722887381196e-10,2.6790278655218835e-06,0.9999999999991028,1.3395139327605411e-06
1769097856.1401165,2.5310686498907854e-05,-3.463925120502629e-10,-7.5855664336840515e-06,0.9999999999928074,-3.7927832168329324e-06
1769097856.340856,5.062137299780441e-05,-6.646179112924161e-10,-0.00022455995093939352,0.9999999936966035,-0.0001122799752337817
1769097856.5415125,0.0011895996516414942,-2.3655917937965172e-06,-0.0016551528224964143,0.9999996575586613,-0.000827576316782747
1769097856.742167,0.0030119688819873944,-2.9707989048700102e-06,0.000498491412704393,0.9999999689382891,0.00024924570377153046
1769097856.9428847,0.0049608909147434675,-1.504788573073956e-06,0.000922774388197874,0.9999998935609304,0.0004613871777290623
1769097857.143569,0.006682015089209834,1.3463271202557034e-06,0.0031697152737597168,0.9999987441133983,0.0015848569734126456
1769097857.34424,0.008732171711674822,7.3212000694171735e-06,0.003653146587361005,0.9999983318154652,0.0018265722779932827
1769097857.5449162,0.011566950063894932,1.7517757623437953e-05,0.003530329391846684,0.9999984420972027,0.0017651637792715743
1769097857.7455227,0.015363522317857103,3.27641098434655e-05,0.004437109537274269,0.9999975390083787,0.0022185529486886033
1769097857.9462433,0.019489123703175598,5.099804613062601e-05,0.0057232110079902,0.9999959056097638,0.0028616015984841555
1769097858.1469479,0.0233362898359184,7.209331657081511e-05,0.006504185791170375,0.9999947119505598,0.003252087163173828
1769097858.3476028,0.027234051352313386,9.775917732327855e-05,0.006604501145779417,0.9999945475755317,0.003302244571130252
1769097858.5482836,0.03214423977481349,0.00012655800477901318,0.005103255734437622,0.9999967445993799,0.00255162509836123
1769097858.7490008,0.03778842527494201,0.00015978497357809325,0.004734156527570504,0.9999971984715547,0.00236707605330581
1769097858.9496217,0.04441975382237194,0.00019018589691292853,0.0033007862101625193,0.9999986381016085,0.0016503923558586198
1769097859.1503906,0.05780905804903495,0.00022470904017310106,-0.0004912716237765119,0.9999999698315241,-0.00024563580941810325
1769097859.3510177,0.07203365070309764,0.00020862309317962234,-0.0025727915375826846,0.9999991725930771,-0.001286395414000401
1769097859.5516996,0.08792873306609056,0.0001801168799736372,-0.0007195759487448328,0.9999999352763075,-0.0003597879666101476
1769097859.7523408,0.10820259212500076,0.00021475194815185743,0.003211554008043156,0.9999987107403837,0.0016057763139337039
1769097859.9531863,0.12260405625250026,0.0003161454959842393,0.005762060120172563,0.9999958498357671,0.0028810260745025427
1769097860.153864,0.14748390277597528,0.00048427392696848517,0.005371569911491454,0.9999963932817538,0.0026857817267884154
1769097860.3545947,0.1624675946988241,0.0005682073991549583,0.002247235935154648,0.9999993687413978,0.0011236177311461449
1769097860.5553315,0.18823373062266435,0.000645752719109332,0.0003506764430003359,0.9999999846282541,0.00017533822060174977
1769097860.756389,0.20276199411592644,0.0006927749821434249,0.004179131818572917,0.9999978168579498,0.002089564388679836
1769097860.9567604,0.2277171474687792,0.0009308031563378201,0.012784220852927646,0.9999795705317088,0.006392066897265448
1769097861.1575468,0.24687571356980914,0.001177973880202712,0.014303366922808276,0.9999744268208326,0.0071516224975393655
1769097861.3581924,0.2681101215048644,0.001412161828571454,0.009735030861441318,0.9999881536701551,0.004867496209974373
1769097861.5588937,0.2874977279840036,0.001546133849833906,0.007514484225831513,0.9999929415741561,0.0037572332728399863
1769097861.7595656,0.3068851779038972,0.001690145682812858,0.011663829923214299,0.9999829944321388,0.00583188190322779
1769097861.9601448,0.3259177006269155,0.0018928388733061821,0.015056204624102412,0.9999716639716124,0.007528031206409942
1769097862.160841,0.34707542929091784,0.002182294671097454,0.016545567729857522,0.9999657807187238,0.008272689501807488
1769097862.3615263,0.3666136628825098,0.0024348163556847974,0.011444904117632932,0.9999836268158977,0.00572242082719535
1769097862.5622551,0.38802553579723825,0.002641558344991377,0.006517095336912419,0.9999946909382439,0.0032585419018438993
1769097862.762873,0.40670395609809323,0.002819239489612471,0.011920717095314495,0.9999822371155787,0.005960323256562125
1769097862.96371,0.42591280150719035,0.0030927032923797016,0.018488998712064934,0.9999572699201416,0.00924436768292546
1769097863.1643834,0.447220800329649,0.0034826089987866167,0.017260522992880056,0.999962759524396,0.008630154364493145
1769097863.3651354,0.46617552439164617,0.0038188097536427314,0.016980002864851563,0.9999639601543192,0.00848989943940024
1769097863.565838,0.48756040884212015,0.004154867817838475,0.012613293005576228,0.9999801131708591,0.006306604696332202
1769097863.7664256,0.5069716979621425,0.004432864452200234,0.015027999930407198,0.9999717700350843,0.00751392925841873
1769097863.9671457,0.5254460440033186,0.004734030632443278,0.017664627812891638,0.9999609953690919,0.00883219907243255
1769097864.1678457,0.5465250800627817,0.005183529353088523,0.02381727918165661,0.999929092989531,0.011908358120820365
1769097864.3685021,0.5655288240833062,0.005600442906671996,0.020485480756350396,0.9999475435933916,0.010242561278430843
1769097864.56919,0.5871155834232324,0.005977742341415189,0.017077556211829024,0.9999635448557274,0.008538674344866416
1769097864.7698944,0.6061470172882196,0.006269947298714511,0.018176577167340193,0.9999587017895701,0.009088163473307513
1769097864.9705846,0.6256324818725023,0.006651997511819825,0.023034108098726264,0.9999336794660939,0.011516799442512882
1769097865.1713295,0.646634406260242,0.007149795007980489,0.026082867008826543,0.9999149617113541,0.013041063828588566
1769097865.3719418,0.665737933370439,0.007629998642493754,0.025328833445878402,0.9999198073463671,0.012664078190068078
1769097865.5726466,0.6854233523760821,0.008127614666091881,0.024013817112337642,0.9999279179394491,0.012006620060545923
1769097865.7733443,0.7068310436308289,0.008597989933698662,0.02043338999156414,0.9999478100256535,0.010216517258813746
1769097865.9739728,0.725505707199763,0.00901269529519003,0.026406079217318724,0.9999128411386867,0.013202656019131058
1769097866.1746747,0.7448352487588292,0.009559540141121222,0.031099153935992246,0.9998791077639588,0.015548950355236126
1769097866.3753707,0.7661873741621213,0.010216073693623704,0.028336693339150995,0.9998996306553712,0.014167872643847033
1769097866.576112,0.7854923475030566,0.010738079637296803,0.026268440099364243,0.9999137473717911,0.013133842427177774
1769097866.776764,0.8051522992603847,0.011241732251733168,0.02666885829414247,0.9999110978169584,0.013334033991442258
1769097866.977497,0.8260008183292414,0.011800256829534476,0.03061675300016048,0.9998828290927076,0.015307778596621791
1769097867.1781147,0.844418309809136,0.012365245778534612,0.033865654014982614,0.9998566431100978,0.01693201785395225
1769097867.378885,0.8653628786017172,0.0130941973371948,0.03672156797012511,0.9998314455410408,0.018359752376133177
1769097867.5795226,0.884131820497961,0.013753344769103367,0.03415636301649444,0.9998541714026535,0.017077351337757982
1769097867.7801812,0.9055604878890698,0.014390633527768485,0.027565051763938423,0.999905022493649,0.013782089535893133
1769097867.980823,0.9244854085645811,0.01492219705542639,0.02984771583554291,0.9998886412992798,0.014923303946516257
1769097868.1815228,0.901482546286429,-0.009396723247993122,0.03258426121310794,0.9998672861757466,0.016291409869857696
1769097868.3822598,0.9227555496213732,-0.008645972124851123,0.02875444506192474,0.9998966495164171,0.014376727229915951
1769097868.582883,0.9419560292248959,-0.008016239201105323,0.02704162029600404,0.9999085952389765,0.01352039819001818
1769097868.7835917,0.9617391315443007,-0.007391910008095455,0.0260815261627444,0.999914970454159,0.01304039346255619
1769097868.9841962,0.9832935431310084,-0.006725868468327812,0.027761743310090754,0.9999036622479149,0.01388042590152506
1769097869.1848693,1.0020635720393483,-0.006098618995434646,0.0329557688199488,0.9998642427344695,0.016477138739049147
1769097869.3855517,1.021133016313211,-0.005347114376704173,0.03788208140227816,0.9998206238514692,0.01893990816395194
1769097869.5862138,1.042300072178663,-0.0044744075862249,0.03794393586720927,0.9998200376143656,0.01897082983974677
1769097869.786797,1.0614475142692883,-0.0037754789665002658,0.02924142960513866,0.9998931192533009,0.014620193907885895
1769097869.9875565,1.0827730480961932,-0.003079196818788975,0.030497337211230057,0.9998837413056286,0.015248077670933852
1769097870.1882272,1.101566462858399,-0.002396125688481658,0.035895151910605196,0.9998389465818839,0.01794661243880564
1769097870.388885,1.120331617667055,-0.0016359695127140823,0.03764345774145184,0.9998228764901951,0.01882061760071066
1769097870.5895848,1.1412460706648437,-0.000780569832034032,0.03676062307948694,0.9998310868293417,0.018379276635855916
1769097870.790193,1.1607449303300128,1.4438278238011054e-06,0.03346602956951731,0.9998600063745977,0.016732233939003038
1769097870.9908679,1.1821679404973884,0.0008066408129690731,0.03202164653448338,0.999871829507192,0.016010139223027138
1769097871.1914704,1.2007314743272766,0.0015405684600693966,0.039741363384083926,0.9998025845003686,0.019869374081313788
1769097871.3921325,1.2198904464921732,-0.004703506728592266,0.04524694365226056,0.9997441001761309,0.022621542012387703
1769097871.5927129,1.2389273691883644,-0.0037878274537676802,0.04703271046163627,0.9997235032610097,0.023514187792352176
1769097871.7934165,1.2599628919271126,-0.0028025373434529405,0.04449537161720188,0.9997525304456178,0.022245850570024248
1769097871.994072,1.2796634989778053,-0.0019929047775911687,0.04021338101604979,0.9997978673083785,0.020105335749944206
1769097872.1947584,1.298933797486459,-0.0011960686038811064,0.04177076063530382,0.999781908372281,0.0208838619867124
1769097872.395451,1.3178470230112325,-0.0003445452749512752,0.04666646339785571,0.9997277924996258,0.023331114500279432
1769097872.5961795,1.3389304358934002,0.0006965114927452547,0.04984545751214056,0.9996894448710884,0.024920148742237778
1769097872.7968395,1.358573989233031,0.001643836686745951,0.043157745270336056,0.9997671851622499,0.02157719798193092
1769097872.9974523,1.3779428366704016,0.002504258333422004,0.040182777071356535,0.9997981748426187,0.020090036868273195
1769097873.1981266,1.399131946525062,0.003453098380710524,0.0456866827671544,0.9997391022226144,0.022841354756690208
1769097873.398813,1.424256775609949,0.004760538119321391,0.05328858945117332,0.9996450617781325,0.026641142291456556
1769097873.599474,1.4430343419179232,0.005791010278396767,0.05447708793142575,0.999629053797097,0.027235175870929884
1769097873.800178,1.4577933191940964,0.006605473622616629,0.05335647371543997,0.9996441569451311,0.026675072360877135
1769097874.000848,1.4838258005069827,0.008003179885161273,0.04768591804298948,0.9997157701180079,0.02384070001821123
1769097874.2015314,1.5030107587498394,0.008999381482389154,0.051701020126455846,0.9996658941708441,0.025847631063731957
1769097874.4023006,1.5175678925366354,0.009796089386701509,0.055354989398937224,0.9996170025939132,0.027673961139680778
1769097874.6029756,1.455366785604864,-0.004758079502671542,0.04584976214127975,0.9997372364222046,0.02292287309420653
1769097874.8036773,1.4746961351963377,-0.0036226168044923013,0.0428885228300874,0.9997700806372074,0.02144261790621104
1769097875.0043147,1.4897328990795602,-0.002788992951965358,0.042342986093290534,0.9997758923122975,0.021169911458230654
1769097875.2049673,1.5157383354944498,-0.0013595326266957822,0.044275070273707834,0.9997549747759129,0.02213572702248122
1769097875.4055734,1.5347391664184973,-0.0002425525350689267,0.04773371585808042,0.9997152000658247,0.02386459212616236
1769097875.6061845,1.5493656558625422,0.0006696805670835596,0.05055246297301887,0.999680573067963,0.025273540126167705
1769097875.8069081,1.5750782767093983,0.0023318064016878207,0.05538419270073145,0.9996165984018304,0.0276885571952328
1769097876.0075824,1.5947069963117213,0.0035487243373416646,0.04678524074085122,0.9997264051327047,0.023390486964555878
1769097876.2082548,1.6133300504037338,0.004622165841450698,0.0436125894538006,0.9997622521764103,0.021804566566470802
1769097876.40888,1.634426094663786,0.005895248527748899,0.049314434658342884,0.9996960262180494,0.024654718896003618
1769097876.609581,1.6535695551873997,0.007165352149545182,0.05357020033358436,0.9996413006507827,0.026781897490868106
1769097876.8101883,1.6727899510774165,0.008421839190732104,0.051042596394171164,0.9996743493454275,0.025518527794448857
1769097877.01091,1.6942865722955758,0.009778722671786214,0.04897219601834948,0.9997002304803008,0.0244836512316611
1769097877.2114406,1.7139403864591078,0.01099971782177378,0.05103740425479421,0.9996744155899354,0.02551593257008618
1769097877.4120412,1.7330110120897875,0.012218865879122853,0.05430296600135749,0.9996314211293882,0.02714814709772407
1769097877.612652,1.753868938168622,0.013644129840359669,0.05945939681501598,0.9995581050653238,0.02972531914410802
1769097877.8133037,1.7318525251911232,0.006242028616318673,0.045397092673874,0.9997423990575623,0.022696597247820253
1769097878.0140204,1.7513175804592032,0.007630926387860448,0.03625076775420481,0.9998357397267571,0.01812439143939813
1769097878.2147162,1.7724090473789367,0.008977577880969007,0.03404865677748931,0.9998550896214277,0.017023506046842815
1769097878.4154496,1.7916296025133585,0.010231609919698514,0.040016086067215094,0.9997998457842907,0.020006708117740576
1769097878.6160748,1.8107682748212597,0.011570039975476024,0.045923276502398816,0.9997363931666519,0.02295962060082408
1769097878.816807,1.831748928671671,0.013055305262274872,0.04214223533324358,0.9997780122137221,0.021069558466624283
1769097879.0174055,1.8511407891180929,0.014402738232026452,0.038796294922153717,0.9998118618371632,0.019396930935209448
1769097879.218082,1.8705349922180365,0.0157160868805485,0.036248193705328724,0.9998357630524637,0.018123104626352065
1769097879.418661,1.891749106798281,0.017126770803928354,0.03715066274965264,0.9998274834927101,0.018574263178777015
1769097879.6193724,1.9103058133338913,0.018443875413308733,0.04491055707324684,0.999747890826806,0.0224533914443366
1769097879.8200512,1.9312540765016328,0.02002473968953143,0.04530501403140354,0.9997434429339571,0.02265056976231975
1769097880.0207052,1.950486283337962,0.021473998092031404,0.042360859908509234,0.9997757030788295,0.02117884636216478
1769097880.2213314,1.9697512449014691,0.022821231740461814,0.035878500231544604,0.9998390959678449,0.017938287939558328
1769097880.421932,1.9913678631954947,0.02428193094292974,0.037864031055232894,0.9998207947467073,0.018930884608558934
1769097880.6226199,2.010405002073404,0.02562262636178954,0.04144833306720072,0.9997852621465748,0.02072268309135102
1769097880.823246,2.0293629583977166,0.027005719673732068,0.04664504183541733,0.999728042336744,0.023320406633277148
1769097881.0240178,2.019081565101187,0.004724887394773725,0.047316835836570675,0.999720152684196,0.023656210962192448
1769097881.2246644,2.0386729240214674,0.006121867231301856,0.04205505968686855,0.9997789296401727,0.02102598029939993
1769097881.4254057,2.0578385902414507,0.0074383623511150715,0.043304470846512566,0.9997655995084255,0.021650543631942472
1769097881.6260364,2.0769982861581235,0.008838572858028429,0.05030312687371376,0.9996837161023312,0.025148911702768367
1769097881.8268275,2.0980171568936306,0.010491517339124526,0.05441084925223948,0.9996299552598935,0.02720206880189906
1769097882.0274975,2.116839894041871,0.011983213203060089,0.05148239861273671,0.9996687136225284,0.025738356674026432
1769097882.2281823,2.138314595344849,0.013651634827686082,0.046495249626715876,0.9997297861404006,0.023245530832158894
1769097882.4288013,2.157852002677924,0.015092537901329653,0.043979934997567714,0.9997582304074186,0.0219881953017241
1769097882.6293628,2.1768857126831715,0.016480498200381374,0.04654564218845178,0.9997292001221364,0.02327072029726114
1769097882.8300982,2.195760754694773,0.017953433035506713,0.05090788792507602,0.9996760658587749,0.02545119543601918
1769097883.0307474,2.2170527921012617,0.019683768638747587,0.05280003558868115,0.999651539769532,0.026396951271003898
1769097883.231429,2.236205749364756,0.021173457473557908,0.048030931093877086,0.9997116425666825,0.024013157156558565
1769097883.4319792,2.257634659830016,0.022776246054747137,0.04724166979181754,0.9997210410500577,0.02361863844062565
1769097883.6326628,2.2767640693041815,0.024242159296287716,0.050209430560066964,0.9996848931854624,0.025102078335681958
1769097883.8333461,2.2957347585350525,0.025789435989253137,0.05486649878000028,0.9996237320125874,0.027429808552504046
1769097884.034056,2.3167457012441206,0.02754115396456315,0.05742309351330441,0.9995878518555478,0.02870760217802112
1769097884.2346675,2.481722736068396,-0.008607344007527606,0.05601556314982026,0.9996078077241044,0.028004120000634732
1769097884.435279,2.5012472355085387,-0.007000710974638835,0.05128966835586969,0.9996711892609903,0.025642023350690085
1769097884.6359274,2.5224418437514102,-0.005321852038893446,0.04947615344942681,0.9996940293842572,0.02473555363172197
1769097884.83656,2.541535669365594,-0.00372876807231895,0.05769344321123933,0.9995839621774165,0.028842721052237823
1769097885.037305,2.560722940257841,-0.0020407980233844297,0.056000000853582026,0.9996080255980488,0.02799634190337411
1769097885.2378497,2.579964603883467,-0.0003935359237815239,0.05353869623771769,0.9996417223964967,0.026766151089862106
1769097885.4385207,2.6014813379752133,0.0013836253599066733,0.05108183252753332,0.9996738485288761,0.025538139467581784
1769097885.639164,2.6208790677284477,0.0029874196014881005,0.0529012556542245,0.9996502025387223,0.026447543634364044
1769097885.8398466,2.6415583372178943,0.004756142438042371,0.05709788113963778,0.9995925066743133,0.028545062630216684
1769097886.0404325,2.6601370964085533,0.006429893827388164,0.06186134598038261,0.9995216848699452,0.030925741296626834
1769097886.2412198,2.6795699642165336,0.008213216002087007,0.06257912780133171,0.9995105215321944,0.03128445854478895
1769097886.441831,2.7012518688527702,0.010137616823695614,0.0544016851566397,0.9996300798905794,0.027197488449376313
1769097886.6425085,2.7202686809330534,0.011740198286883344,0.05516718358528489,0.9996195968521144,0.027580094075551186
1769097886.8432062,2.739481362271724,0.013428651335640876,0.06121958111026594,0.999531556938805,0.030605010757853397
1769097887.0438714,2.760450099895059,0.0153706639141893,0.06287529005849579,0.9995058779356394,0.03143246684730301
1769097887.2446191,2.7792531897505337,0.017092546704163034,0.05976962097719006,0.999553482284666,0.029880362323738415
1769097887.4452176,2.75928940907999,0.0065978626476449476,0.0602623133464584,0.9995460910418141,0.030126597601280062
1769097887.6459026,2.7788779647395794,0.008345873393670017,0.05837830190936731,0.9995740269788772,0.029185006240033895
1769097887.8465805,2.797834542782561,0.010056940256160524,0.06479912563676737,0.9994751800770064,0.03239389464135991
1769097888.0472686,2.823001904887401,0.012496101527293774,0.0725308016962902,0.9993424824181933,0.03625745212012095
1769097888.247923,2.8424433435710146,0.014454368615904906,0.07098327082701722,0.9993702380189656,0.03548418467311924
1769097888.4485135,2.8573809564841866,0.01591879108754357,0.06483281270657036,0.9994746343075336,0.03241072933184276
1769097888.6491363,2.876611180361572,0.017694684772915692,0.0645305217762829,0.9994795216258007,0.032259662903705404
1769097888.8497968,2.8980038418876153,0.01972467305836903,0.07130407999965574,0.9993645333363128,0.03564448778554354
1769097889.050502,2.9170437851331124,0.021628148927786972,0.07150931465625805,0.9993608703324018,0.0357470397160996
1769097889.2511406,2.9421012253156062,0.024151409544084484,0.07236283221439745,0.999345523966514,0.03617352247284719
1769097889.4517672,2.9571355451083754,0.02566661564981726,0.07080993042549441,0.9993733096868747,0.035397568920789914
1769097889.652536,2.982576049055549,0.02817429986504233,0.06989764194832318,0.9993893521148535,0.03494170687664529
1769097889.8531804,3.0014158399625503,0.03004441560753557,0.07550782210501371,0.9992874057479669,0.03774494288640796
1769097890.0537863,3.020544552696433,0.03207419755203053,0.08055809630878126,0.9991889088084297,0.040268157571704065
1769097890.254563,3.041452425770757,0.03436660467615771,0.07910785904918166,0.9992178453118463,0.03954361655629209
1769097890.455148,3.055896975901645,0.035924649755335825,0.07760070069565732,0.9992473608363479,0.03879061563823898
1769097890.6557808,3.0431229383549474,0.02202830782698778,0.06152020071931526,0.999526945414411,0.030755249804497294
1769097890.856377,3.0620292300676124,0.023995146294543357,0.06365912559862212,0.9994934822318206,0.0318241885381143
1769097891.0570881,3.0824137095753765,0.026183920823938,0.0684401374972664,0.9994145505815097,0.03421339044817004
1769097891.257776,3.101154513537192,0.028268803877002008,0.07170070752016826,0.9993574448922762,0.03584267482179774
1769097891.458436,3.1227130825123504,0.030664460811552163,0.06761795904960023,0.9994285308895327,0.03380253901692104
1769097891.6591766,3.1375100947216352,0.03225918885730755,0.06498222090027439,0.9994722103043877,0.03248539409121844
1769097891.859737,3.16071667680012,0.03471798508144583,0.0681073440521168,0.9994202297416925,0.03404709066957917
1769097892.0604887,3.1819726770946843,0.03708594825698938,0.0741521795699088,0.9993127605139099,0.03706759601146143
1769097892.261141,3.200877907668297,0.03929277534888653,0.0759614354758998,0.9992788192403442,0.03797158697794354
1769097892.4618318,3.219884893999634,0.041501392466692905,0.07565314316413876,0.9992846605425357,0.03781755153879268
1769097892.662463,3.2416841407678882,0.04402068997106004,0.07194770762241011,0.9993530106988836,0.035966095243675326
1769097892.8630884,3.2608499523453793,0.04617723609480667,0.07059941437202864,0.999377030028969,0.035292376662347705
1769097893.0637333,3.2797866448534765,0.04833232079371427,0.07561101747825298,0.9992854568660212,0.03779650375454523
1769097893.264448,3.3006702953613742,0.05083548108848504,0.07947414154740966,0.9992105864873148,0.03972661389643589
1769097893.465054,3.3196663884833493,0.05313588351570836,0.0765544033934937,0.9992675173544084,0.038267855444970154
1769097893.665736,3.3409836900771785,0.05563647248942982,0.07411275066582856,0.9993134910870575,0.03704789510076914
1769097893.8663366,3.2998091805412626,0.03726908159497175,0.07409296976890847,0.9993138574584776,0.037038011440378237
1769097894.066954,3.318961768808345,0.0395399239634141,0.07572353825206446,0.9992833288386127,0.0378527238811308
1769097894.267594,3.3395846224586454,0.04209165528410477,0.08360165657326242,0.9991264725819333,0.04178865618781215
1769097894.4682121,3.358520648670214,0.04446529541783853,0.084332069129438,0.9991111444731215,0.04215354065329755
1769097894.6689103,3.378058709864472,0.04692041188397597,0.08034093852250244,0.9991932751904921,0.04015966650879342
1769097894.8694944,3.399139737810528,0.049478503727522244,0.07558921417250905,0.9992858688510043,0.037785609889128706
1769097895.070188,3.417757152986767,0.05174778389131149,0.08091825340711249,0.9991816411760851,0.04044808940685855
1769097895.2708087,3.4369380797547615,0.0542027512657515,0.08734255125082968,0.9990465613886881,0.043657395449548726
1769097895.4714847,3.45809796228703,0.05694535328570208,0.08471914875159686,0.9991029673726962,0.04234690764475259
1769097895.6721632,3.4772070463403084,0.0593631663554188,0.08177784183782745,0.9991641645358235,0.0408775281472586
1769097895.8728373,3.496821753579319,0.06181739798722383,0.08095813624250256,0.9991808343851719,0.04046801449727485
1769097896.0733783,3.5180920198622676,0.06449514678868401,0.08208090709933208,0.9991579587849956,0.041028933651766984
1769097896.2739978,3.5367924847212406,0.06691563338753237,0.08895665490707351,0.9990110022558982,0.04446366349802721
1769097896.4746482,3.555680594185012,0.06946156740342371,0.09182012599022667,0.9989463181508097,0.0458939369954394
1769097896.6753702,3.5751428353525903,0.07210610853038182,0.08815591574007357,0.9990287240852237,0.04406368632615852
1769097896.8759644,3.596404079040689,0.0748534429495106,0.07980797691787474,0.9992039414931522,0.03989339926039592
1769097897.0766191,3.617445230006568,0.04111728585554447,0.08144449018437556,0.9991709639527849,0.04071099106706488
1769097897.2773867,3.6383444138149015,0.04390152496808902,0.09040745213626988,0.9989784855374688,0.04518833293301768
1769097897.4780538,3.657227062495599,0.04648779137815548,0.08740030253024056,0.999045300336963,0.04368624353989951
1769097897.6787577,3.6756859415548044,0.048997220660634805,0.088869642738365,0.9990129357503387,0.04442020039902599
1769097897.8793504,3.6974840099596697,0.05193378044378974,0.0855490373564074,0.9990853097529879,0.04276147607106406
1769097898.0800128,3.716628444113279,0.054472684386922904,0.0860653673103991,0.9990742369435285,0.043019403479200094
1769097898.280549,3.7352395880536156,0.05698927264771578,0.09178068872715239,0.9989472229222356,0.04587423913214535
1769097898.4812443,3.7562405174760376,0.05996229566371783,0.09644139867739138,0.9988376073402555,0.04820201409478136
1769097898.681885,3.7753067948652093,0.06269714652689942,0.09192526188449546,0.9989439042205184,0.04594644948924647
1769097898.8825333,3.794333421032022,0.06535075177348412,0.0870815320379632,0.9990522505899111,0.04352700990458063
1769097899.0832608,3.815809036382521,0.06821637897130159,0.08064214757281599,0.9991872156312974,0.04031014908152924
1769097899.2840023,3.834808432567698,0.07048967674884013,0.06326210498042642,0.9994997799680913,0.03162577815228084
1769097899.4845698,3.8536153912138813,0.0724310626856364,0.04347861885566821,0.9997637105188399,0.021737597144144877
1769097899.6852958,3.874877138829498,0.07421552353105168,0.022778110504974112,0.9999351454112596,0.011388809040591
1769097899.8859146,3.8947089023683796,0.07542411099195181,0.0015782424226994385,0.999999688643873,0.0007891211294504762
1769097900.0892386,3.91395388396624,0.07621375620302775,-0.018506245526081627,0.9999571901650165,-0.00925299072111111
1769097900.4877138,3.933907788990999,0.05757246436800183,-0.02241907716384146,0.9999371737802569,-0.011209303829959424
1769097900.6884477,3.953260907668302,0.05818091881477526,-0.022255962802228132,0.9999380846538971,-0.011127751735892777
1769097900.8891358,3.9743603390902638,0.058820293155950706,-0.025780543194432688,0.9999169215994372,-0.012889914627523513
1769097901.0898101,3.993944149769422,0.05932996879827733,-0.027382686173249737,0.9999062750263406,-0.013690915343695428
1769097901.2904394,4.0130716253604835,0.05986267553944612,-0.023491051604009897,0.9999310221048234,-0.011745255740213859
1769097901.4911084,4.033967808109791,0.060524733084059576,-0.018290972131357715,0.9999581803337952,-0.009145358578265242
1769097901.6917572,4.053371341025983,0.06113969120815592,-0.021124870964054375,0.999944217996957,-0.010562239083360746
1769097901.8923397,4.072928098442146,0.06171353645765919,-0.024263229739209535,0.9999264128628567,-0.012131317291209158
1769097902.092988,4.094333415648801,0.062281325007798635,-0.02913689955148937,0.9998938820124568,-0.014567934447241634
1769097902.2936013,4.113411013370593,0.06278516923454756,-0.02475510167988309,0.999923399095572,-0.012377234794464584
1769097902.4942966,4.13256219239816,0.06337085561110621,-0.018462463434849266,0.9999573924830598,-0.009231100610431628
1769097902.694965,4.153658766863094,0.06409741478512941,-0.019367977352901293,0.9999531105480985,-0.009683837317003745
1769097902.8956351,4.173086409400408,0.06475007765274064,-0.023337855461958986,0.9999319188353261,-0.011668662918380757
1769097903.0963044,4.192744223248473,0.06533104669589572,-0.02667199239961544,0.9999110769205963,-0.01333560090484796
1769097903.297069,4.2119723925161505,0.06588310926809647,-0.021410207646072203,0.9999427009232748,-0.010704899358066615
1769097903.4977288,4.23291891350784,0.06655303790669824,-0.02007203550392191,0.9999496395965419,-0.010035849278760956
1769097903.6983232,4.237985647859754,0.03937009043866585,-0.026999489922225842,0.9999088798268404,-0.013499334925589227
1769097903.8989854,4.2638138616991785,0.04022038378539877,-0.029706915823382453,0.999889689422163,-0.014852911743166233
1769097904.0996113,4.278942959306617,0.04067135089862939,-0.03281965433379823,0.9998653618075252,-0.016409090697132308
1769097904.3002741,4.298399711794493,0.041201171164960304,-0.03284649478337066,0.9998651415038005,-0.016422509113565652
1769097904.5009272,4.3237726631873725,0.04203276937096295,-0.02477354271569992,0.9999232849285513,-0.012386454605546713
1769097904.7015316,4.3424134079341625,0.042734715814704005,-0.023793367393649317,0.9999292352931319,-0.011896403073722592
1769097904.9021103,4.35748817297232,0.04329482774010118,-0.024180751480145958,0.9999269122975514,-0.012090081186042882
1769097905.1028056,4.383693514127405,0.04422627844972077,-0.027191135652538428,0.9999075816912997,-0.013595148997227234
1769097905.3034806,4.4025901493601065,0.044854811792148896,-0.027885608706712754,0.9999028006780408,-0.013942352606719246
1769097905.504128,4.417438492515756,0.045372662979005496,-0.026014828999720737,0.9999154047767667,-0.013007047709413988
1769097905.704849,4.4431608367922175,0.04635154152923304,-0.02270118275226117,0.9999355827293154,-0.011350347650378194
1769097905.905595,4.457829726060533,0.04692764553332951,-0.02459578422322459,0.9999243818778415,-0.012297582128880259
1769097906.1062288,4.483250364243869,0.047844840286472234,-0.030465158899618823,0.9998839865049105,-0.015231990383659614
1769097906.3068392,4.502576559286592,0.048501581153326645,-0.028722436419757084,0.9998968794781199,-0.014360724561045915
1769097906.5075173,4.521496018438341,0.049201422978780274,-0.022414242349943565,0.9999372008747841,-0.011206886574854268
1769097906.7081828,4.5380389791978475,0.01725131381029478,-0.023792693767747945,0.9999292392999378,-0.0118960662846057
1769097906.9089174,4.557586818809882,0.018074351520503087,-0.024763905775511342,0.9999233446007044,-0.01238163650495793
1769097907.1095207,4.577059915985857,0.018866758493787064,-0.02569982497613184,0.9999174410105474,-0.012849558860856362
1769097907.3101108,4.598406911255418,0.019672866231053257,-0.029980642930248158,0.9998876472351065,-0.014989760059564549
1769097907.5107234,4.617629890164445,0.02038371265360768,-0.02667672905663129,0.9999110453347082,-0.01333796902271942
1769097907.711496,4.6368502456052525,0.021162671122750734,-0.02399786872367842,0.9999280136507791,-0.011998646440631016
1769097907.9121509,4.655917597195894,0.0219656147311187,-0.023677631523988604,0.9999299220391789,-0.011838539214013245
1769097908.1128829,4.677668864544965,0.022798008385965587,-0.029053712312454794,0.9998944870806564,-0.01452634522896606
1769097908.313529,4.6970950207990825,0.02349436321555777,-0.030859189822986164,0.9998809661620177,-0.015428982692001051
1769097908.5141473,4.715963757496318,0.024195577069534638,-0.028228555102073966,0.9999003952381682,-0.01411380893150718
1769097908.714837,4.737156934791788,0.025048529883912943,-0.023036595207215873,0.9999336651435559,-0.011518042914275599
1769097908.9155202,4.756476617839686,0.025874924873743224,-0.024929528576945765,0.9999223158314422,-0.012464441515184563
1769097909.116243,4.775771715353033,0.026684049318711836,-0.026043869714852258,0.9999152158043715,-0.013021566837255142
1769097909.3168297,4.797345340515506,0.027524793106547943,-0.032669744657517936,0.9998665889395256,-0.016334145904751258
1769097909.517548,4.816696165404877,0.028201278411505062,-0.02881504260179101,0.9998962134603061,-0.014407022861852897
1769097909.7181616,4.835462526358631,0.028930391377207723,-0.023269684035217408,0.9999323159891473,-0.011634579518833094
1769097909.9188492,4.801387517427437,0.0046953001464496045,-0.022525723364373827,0.9999365746438379,-0.011262623564175523
1769097910.1195376,4.820685018682296,0.0054456994689598024,-0.0268603576587577,0.9999098165038486,-0.013429775100124572
1769097910.3201995,4.842538880824377,0.006243950176375373,-0.03064708162860445,0.9998825968457782,-0.015322941132266678
1769097910.5208817,4.861560624887848,0.006916626346463189,-0.02907571645742456,0.9998943272002369,-0.01453734613971076
1769097910.7215512,4.880758300530753,0.007627002644846187,-0.02678771896119955,0.9999103036050463,-0.013393459017901758
1769097910.9221807,4.8999011833243395,0.008441292535930973,-0.02263116792624493,0.9999359794629032,-0.011315342485504191
1769097911.1228697,4.921117103525646,0.009356747616278433,-0.026141457813797387,0.9999145792390666,-0.013070356734242852
1769097911.3234942,4.940691723993088,0.010144464026671036,-0.028005139196125597,0.9999019656241573,-0.014002112017348592
1769097911.5241,4.960218375341126,0.010863337131211976,-0.028157448996191624,0.9999008963952174,-0.014078259410906804
1769097911.724802,4.981235281699082,0.011689994757955308,-0.024862595344550865,0.9999227324141587,-0.012430977491839437
1769097911.9254518,5.000302802548483,0.012489177283007264,-0.025197402888103335,0.9999206374107208,-0.01259836815376554
1769097912.1261952,5.019673689338802,0.013303393043057849,-0.024833802937830687,0.9999229112694213,-0.01241658239955156
1769097912.326805,5.040462567788058,0.014131325405041601,-0.02876535679302888,0.9998965710640445,-0.014382182531387679
1769097912.5274615,5.059508259415975,0.014841666471188581,-0.02911770650340534,0.9998940217679482,-0.014558338940892781
1769097912.7281375,5.080753371812436,0.015662255069266457,-0.023325036953341663,0.9999319936022163,-0.01166225410018197
1769097912.9287577,5.099794071294187,0.016495091864447493,-0.018617163477805457,0.9999566754658445,-0.00930844730852529
1769097913.1295228,5.11547089739342,-0.014775916533251712,-0.026229615019970676,0.9999140021446214,-0.013114431559390056
1769097913.3299744,5.137293735871586,-0.01383584967646039,-0.028335318805136768,0.9998996403922464,-0.014167185445817113
1769097913.5307665,5.156893913491183,-0.01305420736367229,-0.03397008863969568,0.9998557576025047,-0.016984227657489737
1769097913.7313576,5.177328840612805,-0.012242416966531491,-0.030034828276784366,0.9998872407554696,-0.01501684968339125
1769097913.932137,5.196547879667791,-0.011431984460647407,-0.027062142207789137,0.9999084564541283,-0.013530658207298563
1769097914.1327488,5.2158408098981965,-0.010573267355484297,-0.02557196115509458,0.9999182604639182,-0.012785632202275275
1769097914.3334,5.230861360140007,-0.00992461299127483,-0.027627077981185817,0.9999045945873484,-0.013813099692336243
1769097914.5340111,5.230861360140007,-0.00992461299127483,-0.027627077981185817,0.9999045945873484,-0.013813099692336243
1769097914.7347395,5.276234984516088,-0.008175754009036298,-0.030568887579538143,0.9998831951629845,-0.015283848686146335
1769097914.9353328,5.295099552853333,-0.007369158837955072,-0.022168513912676185,0.9999385702528089,-0.011084029987707697
1769097915.1359704,5.316236018412277,-0.006377451573484785,-0.021843408712868842,0.9999403587798306,-0.010921487227646376
1769097915.3366392,5.335882047511426,-0.005482634104692843,-0.02326549336785283,0.9999323403652786,-0.011632484326945856
1769097915.5372589,5.355351789720975,-0.004611437739463478,-0.026265095009637716,0.9999137693373332,-0.01313217002655753
1769097915.7378812,5.3765433617509695,-0.0037191810626614943,-0.027517435503351836,0.9999053503360457,-0.013758283662932904
1769097915.9385462,5.39568447655,-0.002864567936745546,-0.02050531469504286,0.9999474419690547,-0.010252477727064677
1769097916.1392808,5.4147714155827105,-0.0019361854451049234,-0.02010547884826936,0.9999494716405601,-0.010052570107420663
1769097916.3399837,5.4195106156483766,-0.03476451837306337,-0.017849256264593695,0.9999601757706811,-0.008924509659836532
1769097916.54066,5.439208593513044,-0.033898003141997694,-0.021591450270812437,0.9999417267253716,-0.010795515433839668
1769097916.741278,5.4587053752424275,-0.03306606784385429,-0.0216911671784092,0.9999411872348041,-0.010845370968783925
1769097916.9419181,5.477491628907756,-0.032208255545880575,-0.014991361914422893,0.9999719075150261,-0.007495610766311771
1769097917.1426094,5.498599725888041,-0.03115459551061888,-0.012569054095849519,0.9999802524248868,-0.006284485679813654
1769097917.3432803,5.51796218333889,-0.03016005021558054,-0.011029412375815211,0.9999847940463675,-0.005514678235757072
1769097917.5439856,5.53909526517082,-0.029098217668884034,-0.011522203112740007,0.9999834049003283,-0.005761069687649897
1769097917.7445333,5.5584112374327175,-0.028187516737413758,-0.016896039761219797,0.9999643156922787,-0.008447919393123823
1769097917.9452589,5.577702112275891,-0.02728330920329502,-0.012768246738130436,0.9999796215536182,-0.006384080002834378
1769097918.1459277,5.596761709048507,-0.026313844943474766,-0.01044371615840087,0.9999863661300809,-0.005221834347800935
1769097918.3466065,5.618045326901732,-0.025222587057894978,-0.013269285844428581,0.9999779908373817,-0.006634594247831208
1769097918.547234,5.637739413909874,-0.024271907828715904,-0.016416374006196825,0.9999663130221982,-0.008208094833220296
1769097918.7479453,5.663629380374742,-0.023063852783761322,-0.017737701072814454,0.999960672002866,-0.0088687342713929
1769097918.9485657,5.678242068388327,-0.02236107585888652,-0.01631884967686467,0.9999667120778356,-0.008159334301465104
1769097919.1492047,5.697428180871954,-0.021387567821029345,-0.009096806994182804,0.9999896560306468,-0.004548387814231794
1769097919.34985,5.716686737900902,-0.020345630778839212,-0.012067313399734096,0.9999817975486359,-0.006033620090708414
1769097919.5505412,5.7121101634478935,-0.0551383363965386,-0.011642954290470853,0.999983055249778,-0.005821444264039566
1769097919.7511315,5.727354572975662,-0.054396837355369106,-0.013414325029898585,0.9999775070698215,-0.00670711222696117
1769097919.9518545,5.746745102720304,-0.05345591883366713,-0.011391067716247384,0.9999837804908811,-0.005695503065169279
1769097920.152554,5.771920130012412,-0.05213983984062282,-0.007301172336126293,0.999993336617715,-0.0036505780596424774
1769097920.3531733,5.791153436299574,-0.05109932538744139,-0.012875421088268191,0.9999792780130422,-0.0064376660766880195
1769097920.55381,5.806420300608186,-0.05030265860577699,-0.012606735373294512,0.9999801338436812,-0.006303325945362708
1769097920.7543955,5.832230769254233,-0.049022903285902926,-0.01651105188282609,0.9999659233392536,-0.008255432167614414
1769097920.9550524,5.85144390045312,-0.0480827686835646,-0.01388009479284002,0.9999759179677257,-0.006939991686182106
1769097921.1556191,5.872270772145115,-0.04698033929528451,-0.00791164121523593,0.9999921757518634,-0.003955810290505244
1769097921.3563998,5.8913494177348955,-0.04589325458981442,-0.005046284501582332,0.9999968168782798,-0.002523139573634298
1769097921.5570612,5.910580428016627,-0.044811391721991174,-0.008208300097534394,0.9999915779880103,-0.004104138527027089
1769097921.7577188,5.930193683969685,-0.04376581867294433,-0.011431507783248328,0.9999836651231967,-0.005715722769545054
1769097921.9583795,5.95165415805887,-0.042663332133400296,-0.0110593842645775,0.9999847112914186,-0.005529663951642842
1769097922.1591203,5.970456947450055,-0.04163039447083584,-0.005887540747797215,0.9999956671111219,-0.0029437661222207413
1769097922.3597503,5.989762100667772,-0.04051531463483555,-0.0054224782633960685,0.9999963245934368,-0.0027112358100618537
1769097922.560429,6.011367578677292,-0.03928208339277101,-0.008828412282495991,0.999990257407891,-0.004414191805968711
1769097922.7611172,6.059210552125706,-0.07175689205192688,-0.02585316832719791,0.9999164528743103,-0.012926224168609873
1769097922.9617045,6.078597539879258,-0.07074641137517236,-0.025641582607389746,0.9999178147809332,-0.012820440075256493
1769097923.1623967,6.099977507407091,-0.06956076954553982,-0.021059312192755808,0.9999445636834511,-0.010529461520542623
1769097923.363009,6.1186724199641525,-0.06841587595014965,-0.017199956855565066,0.9999630204134381,-0.008599872419638955
1769097923.5636816,6.1380231608512785,-0.06721472439849842,-0.018109460023576253,0.9999590062122916,-0.00905460628222336
1769097923.7643118,6.157705493045031,-0.06604558186925309,-0.018635485401388922,0.9999565901495546,-0.009317607873031894
1769097923.9649997,6.178855868665235,-0.0648340546558059,-0.022731584022052963,0.9999354100813026,-0.011365547304778791
1769097924.165654,6.199273770205757,-0.06367047744595973,-0.022861227726052202,0.9999346712446773,-0.011430364946016578
1769097924.3663146,6.21802030587623,-0.0625399536071616,-0.017603474352282864,0.9999612649614108,-0.008801623530638236
1769097924.5670216,6.237093763628424,-0.06136519673573056,-0.019069599339011867,0.9999545441420079,-0.009534655198234872
1769097924.7676606,6.258267825546552,-0.060125240842050745,-0.023367110928003164,0.9999317480422623,-0.011683289654280846
1769097924.968342,6.27744950000411,-0.059067659981891354,-0.025916975299223398,0.9999160399738247,-0.012958124982594285
1769097925.1689034,6.298524960841483,-0.05787582175689977,-0.024171065429777833,0.9999269708383924,-0.012085238514682635
1769097925.3695667,6.317092013368186,-0.05671105332852373,-0.01518640989321933,0.9999711717578317,-0.007593131980219087
1769097925.570249,6.336339574802467,-0.055482585502342044,-0.01658473929283208,0.99996561849984,-0.008292274611495433
1769097925.7709131,6.358113792794786,-0.054104017664992246,-0.017407772370976488,0.9999621214217685,-0.008703776288266128
1769097925.9715626,6.346124143531903,-0.08848969113617605,-0.026004073919419127,0.9999154747082302,-0.013001670623989351
1769097926.1722777,6.36530292533273,-0.08738114711187706,-0.024369253370084783,0.9999257683546808,-0.01218432518858819
1769097926.3728442,6.386625638218836,-0.08608258774733107,-0.019659041402479014,0.9999516906503625,-0.00982936241481228
1769097926.5735514,6.40567103832937,-0.08486553720471451,-0.018472580208504633,0.999957345775789,-0.009236158781615888
1769097926.7743485,6.424946508436079,-0.0836775996932082,-0.02523114385828687,0.9999204247278434,-0.012615237298178296
1769097926.9749725,6.446702399865749,-0.0824151137274074,-0.027466371585644547,0.9999057012860684,-0.013732754116188978
1769097927.1756053,6.465855959688533,-0.08130846797856206,-0.026241604818640407,0.9999139235069566,-0.013120425942940741
1769097927.3763323,6.484702700602192,-0.08015847891667727,-0.019099929607367772,0.999954399432697,-0.009549819641971661
1769097927.5770984,6.506120974198515,-0.07876743233260886,-0.015676379180570812,0.9999692815492452,-0.007838109331107398
1769097927.7804158,6.5251388159032135,-0.07751659303691028,-0.020629791942917242,0.9999468019322281,-0.010314713059964929
1769097928.1817355,6.565309320794538,-0.07508975398390949,-0.027867122520343544,0.999902929505792,-0.013933110411361582
1769097928.580389,6.6046930389386915,-0.07264681707305248,-0.02178234986339863,0.9999406917405578,-0.010890959618638492
1769097928.780986,6.623663412625151,-0.0714458964507178,-0.026701311544160507,0.999910881318949,-0.01335025917211273
1769097928.9816575,6.645364545184641,-0.07011450247888501,-0.023244134381886508,0.9999324645372915,-0.01162180555587014
1769097929.1822774,6.666394923383769,-0.10472589341039312,-0.03190308244792909,0.9998727768640027,-0.015950864749860707
1769097929.382907,6.685469301174253,-0.10356679534344304,-0.029979229171410073,0.9998876578308096,-0.01498905325956162
1769097929.5835512,6.706559475888421,-0.10220004845446573,-0.025124309799195797,0.9999210971697705,-0.012561824501334798
1769097929.784284,6.725499149236805,-0.10091825350180761,-0.02646145578004761,0.999912475196545,-0.013230341882152042
1769097929.984889,6.744819396468768,-0.09963722545891324,-0.027735347394088165,0.9999038453541084,-0.013867229213776866
1769097930.185527,6.7663935133934405,-0.09830230856941546,-0.03146286391707792,0.9998762635761349,-0.015730783102808767
1769097930.3861134,6.785490520807258,-0.09709919992860744,-0.026934802244370344,0.9999093159241405,-0.013466994026782331
1769097930.5867846,6.804330903410448,-0.09584991874332366,-0.02466109133528125,0.9999239797849675,-0.01233023320914602
1769097930.787492,6.825619172165919,-0.09441006997833595,-0.025707700400527715,0.9999173904049306,-0.01285349624786113
1769097930.9881601,6.8466560754857095,-0.09300443758011473,-0.024819291834989883,0.999923001332254,-0.012409327407125645
1769097931.1888285,6.865398064930155,-0.09180134923696381,-0.02922229134739778,0.9998932591100413,-0.01461062580110187
1769097931.389518,6.884521236344273,-0.09061095007108871,-0.03011328329664729,0.9998866509125377,-0.015056072758494323
1769097931.5902207,6.905507264908995,-0.08920279137568127,-0.021561800553283723,0.9999418866574814,-0.01078069143778262
1769097931.7908397,6.923811354207878,-0.08790200852932395,-0.02284517446729472,0.9999347629597691,-0.011422338840639418
1769097931.9915478,6.944945151892198,-0.08642955534153862,-0.02561368344388359,0.9999179935234228,-0.012806491638705928
1769097932.1920433,6.96401261589179,-0.08516189761055942,-0.028642334185375457,0.9998974538392188,-0.014320677562439951
1769097932.392662,6.974085349366726,-0.1254005204530002,-0.028112921096670532,0.9999012095850605,-0.014055997664096594
1769097932.5933185,6.9930787312797875,-0.12416340557594546,-0.02627194329887988,0.999913724365022,-0.013135593875835362
1769097932.7940335,7.01247464176746,-0.12287583272461694,-0.023918883115573237,0.9999284867311872,-0.01195915647017444
1769097932.9946575,7.033891731436384,-0.12146547406857083,-0.031431604858851735,0.9998765093187414,-0.015715155505716973
1769097933.195362,7.0532929723567594,-0.1202613734025707,-0.03331960910310638,0.9998612286658514,-0.016659033909988727
1769097933.396012,7.072799405391634,-0.11911921584762258,-0.035279621748371674,0.999844422570385,-0.01763889607921925
1769097933.5966353,7.094020045139014,-0.11781000106374423,-0.02866920209987894,0.9998972613656222,-0.014334110140798316
1769097933.7973576,7.112708938734094,-0.11657035140541822,-0.02654031917756927,0.9999119527243282,-0.013269770119365313
1769097933.9979856,7.1322057062436395,-0.11527334354339713,-0.027397379151704537,0.9999061744191955,-0.013698261144003797
1769097934.1986716,7.158121983055828,-0.11362329760202594,-0.029474079852337146,0.9998914117923973,-0.014736506499389927
1769097934.3992708,7.172876142016729,-0.11272563837240479,-0.032350615485707716,0.9998691825620118,-0.01617460239926311
1769097934.5999823,7.198013208357099,-0.11118678759910755,-0.026767665088863468,0.9999104378501397,-0.013383432980440627
1769097934.8005323,7.212915556319502,-0.11022609095518332,-0.026466648109387356,0.9999124408450292,-0.013232937819548521
1769097935.001269,7.2320358798944335,-0.10899090224436964,-0.02803752342500027,0.9999017387692778,-0.01401830254256582
1769097935.201917,7.258058670067061,-0.10742265394315487,-0.036358211269811785,0.9998347646098137,-0.01817810434667142
1769097935.4025638,7.271811584238807,-0.14740115634000328,-0.0337587268492579,0.9998575469274644,-0.01687856191128947
1769097935.603205,7.292403187736307,-0.14617267675733797,-0.030693499361361783,0.9998822409483908,-0.01534614726972228
1769097935.8039312,7.310969113571662,-0.14499238374359186,-0.027927886668447123,0.9999025057275094,-0.013963489529775133
1769097936.0045915,7.326174501356487,-0.14401087297911652,-0.02846459247580945,0.9998987225814637,-0.014231815764586323
1769097936.2052073,7.352067121684665,-0.1423877241099667,-0.03320069345492131,0.9998622174083874,-0.016599584307526016
1769097936.4058304,7.371448061062378,-0.1412683083394619,-0.03822050180325425,0.9998174047123488,-0.01910908774021401
1769097936.6064277,7.386257709068351,-0.14045365982474706,-0.03451220067658493,0.9998511171950524,-0.01725524395091855
1769097936.807126,7.411777557863892,-0.13895502595401438,-0.029541744885803176,0.9998909126470372,-0.014770335333870146
1769097937.0077863,7.430802639575667,-0.13781946918012572,-0.031381241789011714,0.9998769047334628,-0.01568997707550196
1769097937.2084217,7.4503612275874165,-0.1367020604342008,-0.03565158080523509,0.9998411248053272,-0.017824846367311548
1769097937.40906,7.470073643596578,-0.135615570709896,-0.035438853867629135,0.999843015062119,-0.01771849969639799
1769097937.6097007,7.491099840477276,-0.1344497215478459,-0.033273531541699417,0.9998616122043245,-0.016635998321988435
1769097937.810377,7.510051625699175,-0.1333612383025149,-0.033471853566279526,0.9998599576461202,-0.016735145529651996
1769097938.0110629,7.52945371256114,-0.132168997284692,-0.03193449149347888,0.9998725262399836,-0.015966567272689323
1769097938.2116618,7.550698897869646,-0.13084595672231236,-0.026516785219446597,0.9999121088002105,-0.013258004175436018
1769097938.412262,7.57018932540407,-0.12945667058471938,-0.012347574220276138,0.9999809422368927,-0.006173747890564166
1769097938.6129005,7.585398458812133,-0.16900528216561753,-0.012318479557768729,0.999981031942638,-0.006159200835897308
1769097938.8136036,7.604329417900224,-0.16703056437771588,0.011149245443676356,0.9999844618309939,0.005574593848664936
1769097939.014335,7.625349615964736,-0.16439809271159886,0.03017584961876163,0.9998861794217261,0.015087352366261424
1769097939.215076,7.644464891360125,-0.1616517187674615,0.042294125645605855,0.9997764091996221,0.02114548670307424
1769097939.4156694,7.665049958835598,-0.1586326455063198,0.03550056789106754,0.9998424678461635,0.017749351855590845
1769097939.616334,7.683769845921026,-0.15597872624020256,0.03305868612720262,0.999863393519278,0.016528590384951573
1769097939.8169308,7.704465308190454,-0.1530146748166625,0.037196480233465834,0.9998270577173489,0.018597167963671484
1769097940.0175872,7.723420026689898,-0.15021612586588354,0.04030712869933686,0.9997969237956983,0.02015220009474751
1769097940.2182643,7.744225698022009,-0.14713086115504062,0.04041798159700105,0.9997958052950777,0.020207615256803688
1769097940.4189956,7.7635081478913905,-0.14429952304012802,0.03753538046047589,0.9998238920709541,0.0187665885042829
1769097940.6196334,7.7827341279721205,-0.14160945282045997,0.028286033237898942,0.999899989207529,0.01414254513103916
1769097940.8202574,7.803446448134134,-0.13876576255710524,0.03098428588448226,0.9998799991536392,0.015491523247195094
1769097941.0209975,7.822244644214215,-0.13612323203911766,0.03293126270066873,0.9998644445547746,0.016464887341614373
1769097941.2216794,7.841413893896214,-0.13339305997426584,0.03355124929095225,0.9998592925087673,0.01677483781940921
1769097941.4223292,7.862649201421122,-0.1304511654684842,0.028161199428505028,0.9999008699936798,0.014080134441198072
1769097941.622992,7.8819891586732025,-0.12784660908506915,0.021967490680895038,0.9999396792755895,0.010983524490400827
1769097941.823635,7.909504214909881,-0.17154860847886294,0.03042899219819775,0.9998842617868499,0.01521390912837229
1769097942.0242426,7.930095835803317,-0.16875614273402478,0.03500931046812995,0.9998467974345657,0.01750376130557163
1769097942.2249453,7.948872438470883,-0.16614196977594847,0.037714015877476796,0.9998222118941508,0.01885589040825128
1769097942.425557,7.968125306019059,-0.16346115019327173,0.036169729251162276,0.9998364732927623,0.018083878828712877
1769097942.6262083,7.989371564872919,-0.16060003359457525,0.028692857103030836,0.9998970917589742,0.01434593642623003
1769097942.8269083,8.008070078872226,-0.1581648640920606,0.030174120884995048,0.9998861924623603,0.015086488097755235
1769097943.0274951,8.028741437780447,-0.15539558885793264,0.03651486438429354,0.9998333377144666,0.018256417905751193
1769097943.228232,8.046974924791819,-0.15291928575717656,0.03282808419667657,0.9998652926354513,0.016413305060934955
1769097943.4288294,8.06794856484689,-0.15011926407068515,0.030763073881026476,0.999881706492973,0.015380930423747287
1769097943.6295488,8.087473369050237,-0.1475608543583749,0.027612461507124923,0.9999046955100525,0.013805792152182349
1769097943.8301857,8.10688072655999,-0.14508075562342654,0.02729558509046234,0.9999068703248798,0.013647368871105403
1769097944.0308669,8.127441778651612,-0.14244380960708486,0.02863805117485493,0.9998974845047323,0.014318536276749996
1769097944.2315233,8.14585591292288,-0.1399814013568756,0.03364634928239942,0.9998584937349589,0.01682238110551031
1769097944.4322276,8.167127447032282,-0.13711753348421102,0.03046683858901353,0.9998839737120515,0.015232830130918274
1769097944.6328442,8.186300849420807,-0.13460480930405166,0.022804885599159018,0.9999349928534349,0.011402195718418603
1769097944.8335564,8.205467034157508,-0.1322361836240355,0.020967634332463757,0.9999450452921566,0.010483625120491799
1769097945.0341818,8.210917855265135,-0.17700217687233544,0.019411944188306048,0.9999528974226338,0.009705819701573987
1769097945.2348795,8.229753754638866,-0.1746434903497841,0.019529817755041416,0.9999523236561506,0.009764753691976357
1769097945.4355083,8.248467736509559,-0.17232970809485348,0.01599968308893817,0.9999680014382845,0.007999756216479267
1769097945.636181,8.269548328799793,-0.1697681312276954,0.012857431858581118,0.9999793358769183,0.006428671647970483
1769097945.8368635,8.288905526800198,-0.1675037516724296,0.006429007364249735,0.9999948334874876,0.0032144981461984623
1769097946.0374262,8.309197854113638,-0.16517333747099716,0.011108719867347634,0.999984574582521,0.005554331374204179
1769097946.238205,8.327845083484041,-0.16293958638988038,0.015450641806691956,0.999970159856877,0.007725244061632637
1769097946.4387877,8.348898733595401,-0.1603660950135255,0.013934425344950686,0.9999757290719685,0.006967156305478353
1769097946.6395178,8.367849524777775,-0.1581130979987989,0.008850797689985722,0.9999902079385121,0.0044253844003908985
1769097946.8400812,8.388802282167747,-0.15576633097611647,-0.00012125502644580802,0.9999999981621523,-6.062751318576263e-05
1769097947.0407615,8.407370982715085,-0.15373720279866132,0.002412419739322446,0.9999992725289634,0.0012062095771669607
1769097947.2414417,8.427701032057364,-0.151515989031068,0.0040713137610911675,0.9999979280512479,0.0020356554746198117
1769097947.4420998,8.446268374272755,-0.14947406431100452,0.0024128976148996843,0.9999992722407258,0.001206448514781725
1769097947.6428158,8.467708069732543,-0.14715553246992208,-0.00021000983232129236,0.9999999944869838,-0.00010500491596768157
1769097947.84342,8.48699278375967,-0.1451568522611153,-0.0059351494763212045,0.9999955967533182,-0.002967570382504784
1769097948.0440688,8.508223246702931,-0.14302806194094353,-0.00225467281232403,0.9999993645563809,-0.001127336167375763
1769097948.2447476,8.379191849701188,-0.1668060030383589,0.019831527538884387,0.9999508392172367,0.009915601280006781
1769097948.4454014,8.379191849701188,-0.1668060030383589,0.019831527538884387,0.9999508392172367,0.009915601280006781
1769097948.6460614,8.419136079816337,-0.1625719190445044,0.015596360086642686,0.9999695943480912,0.007798101006911825
1769097948.8466914,8.438755166021688,-0.16060974205771616,0.004155021219180866,0.9999978419756097,0.002077509115150696
1769097949.0472274,8.458285417668165,-0.15878078591571865,0.00349547626913502,0.9999984727060952,0.0017477372447974862
1769097949.2478783,8.479103907962974,-0.15686319699182227,0.003844796311276786,0.9999981521932346,0.0019223969715648083
1769097949.448557,8.498027849617577,-0.15507383600730384,0.005096068117066802,0.9999967537629746,0.002548031301358637
1769097949.6492872,8.523506330665946,-0.1526970899361204,0.0019195425367694238,0.9999995394195915,0.0009597711210340931
1769097949.8499422,8.542819885284734,-0.15100025013028595,-0.003185151707495552,0.999998731851343,-0.0015925751805400759
1769097950.0505328,8.55769895884056,-0.1497287348933064,-0.0032520659528711355,0.999998678008671,-0.0016260322599016726
1769097950.2512631,8.582763991321041,-0.14755857284522933,0.002174459528349014,0.9999994089657782,0.0010872295499778327
1769097950.4518442,8.602955887139,-0.14573755920985498,0.002389396308569873,0.999999286348245,0.0011946978700854449
1769097950.6525943,8.622263770706134,-0.14397699438801048,0.0027855307515880154,0.9999990301024608,0.001392764925514075
1769097950.8531532,8.637591471804368,-0.14260604959165157,0.00014882508645520237,0.9999999972313867,7.4412543158928e-05
1769097951.053729,8.663120945657337,-0.14052222215779342,-0.006498450956604486,0.9999947212715398,-0.0032492197610405624
1769097951.2543452,8.685718933382148,-0.16630524163499333,-0.016186942667500034,0.9999672480396683,-0.00809338297453973
1769097951.4550967,8.700802808449314,-0.1650525335790975,-0.01600008534039096,0.9999679998293075,-0.007999957335769766
1769097951.6557353,8.72620289397025,-0.16293903102453672,-0.01837770801271526,0.9999577827780772,-0.00918872469669742
1769097951.8564627,8.745050710529645,-0.1614433155985185,-0.019997123189950478,0.9999500147994413,-0.00999839500105121
1769097952.0570536,8.764584314261151,-0.15995156676712668,-0.02334201012313526,0.9999318945934982,-0.011670740107516628
1769097952.2577817,8.78527979202675,-0.15838393139601242,-0.023601124001881576,0.9999303741762052,-0.011800288125052665
1769097952.4584973,8.805945498006746,-0.1567592997884118,-0.0183754348950053,0.9999577932209578,-0.009187588185818862
1769097952.659075,8.824739708448822,-0.15522826112874305,-0.020085363369472704,0.9999495726961141,-0.010042512875715127
1769097952.859784,8.845682551918491,-0.15357671639831344,-0.023135940525929915,0.9999330917781293,-0.011567712264373814
1769097953.0603793,8.864541394229878,-0.15222788834000994,-0.03183401805691463,0.9998733270862222,-0.015916336938144062
1769097953.2610831,8.884917083830832,-0.15079974504576904,-0.02712604759304517,0.999908023602725,-0.01356260796795113
1769097953.4616575,8.903547351110003,-0.14944726676716497,-0.027796951268817822,0.9999034177422487,-0.013898028182809111
1769097953.6623256,8.923894897383896,-0.14797950608109695,-0.027655421512981157,0.9999043987309234,-0.01382727010478316
1769097953.862939,8.942856792338839,-0.14665183667066245,-0.030379257709888675,0.9998846398056885,-0.015189044757606733
1769097954.0636394,8.964473982104947,-0.14519973619156518,-0.034208523536438,0.9998537256808506,-0.017103427788671247
1769097954.2643163,8.983571289186497,-0.14400174383823344,-0.03721544976650654,0.9998268812825802,-0.018606651089038015
1769097954.464895,8.976286241291852,-0.18854371564277064,-0.025257206686583607,0.9999202602485594,-0.012628267674276822
1769097954.6656063,8.994718320910923,-0.18725920695759016,-0.023543271754032948,0.9999307150944706,-0.011771364010200819
1769097954.8662608,9.016207013358825,-0.1857823372596811,-0.02801909135030665,0.9999018679200141,-0.014009087410202988
1769097955.0669558,9.035531510268864,-0.18456727572452727,-0.03720489166410675,0.9998269794941123,-0.01860137295148145
1769097955.267494,9.05443209730222,-0.18347066523810188,-0.03820427456439774,0.999817559723305,-0.01910097560166553
1769097955.4682493,9.0751513956625,-0.18225811853276422,-0.034925080160500346,0.9998475337214581,-0.01746165258839579
1769097955.6688964,9.093847690558187,-0.1811366741317231,-0.03413831305852521,0.9998543254846712,-0.01706832767417804
1769097955.8696477,9.114667545852026,-0.17990894567669083,-0.03585178391902484,0.9998393355010925,-0.017924931931079587
1769097956.0702703,9.136148686938238,-0.17871870872080745,-0.041611578888369395,0.9997835673704333,-0.020804288405285767
1769097956.2709284,9.155108252827334,-0.17777483394686158,-0.04447383713111609,0.9997527699141453,-0.02223508599025688
1769097956.471675,9.175533233918648,-0.17674331853310069,-0.040964772957416115,0.9997902432554606,-0.020480954352444736
1769097956.6723573,9.19438617445367,-0.1757003430559241,-0.037060942457235006,0.999828315730829,-0.018529410753009255
1769097956.8730052,9.215057848216558,-0.17454142456931368,-0.0393751938125459,0.9998062055237347,-0.019686325107330774
1769097957.073558,9.233734987537913,-0.17352844507086276,-0.04049821085996836,0.9997949938696112,-0.020247721680822367
1769097957.274203,9.255197601943122,-0.17246795180894384,-0.04320741729672967,0.9997666489623342,-0.021602028206278084
1769097957.474766,9.273869974224578,-0.17137117835704554,-0.027036628285119213,0.9999086289828493,-0.013517902412680432
1769097957.6754327,9.277555276575667,-0.22337647207060518,-0.002090191843569939,0.9999994538873068,-0.0010450957315382464
1769097957.8762057,9.296915113953249,-0.22137441458256535,0.018243759034626498,0.9999583959455219,0.009121753014571585
1769097958.076875,9.315719135907543,-0.2191789894137014,0.022971105383296723,0.999934041764778,0.011485300168275918
1769097958.2775288,9.336383008121228,-0.21675682120469508,0.01781869266785503,0.9999603120364763,0.008909228469011552
1769097958.4781284,9.355791645430854,-0.21449599786424045,0.0185769433333335,0.9999568624571936,0.00928833810566794
1769097958.6787765,9.376775166939527,-0.21197503443663623,0.021864863065278115,0.9999402415655799,0.010932213763440548
1769097958.8793793,9.395419166304965,-0.20971461282690484,0.021480512939982283,0.9999423239999081,0.010740049984186132
1769097959.080105,9.416072551616866,-0.20720432274176848,0.024316038722041612,0.9999260921930204,0.01215771983536224
1769097959.2808008,9.435383161764806,-0.20497738989206649,0.012797094621380649,0.999979529365998,0.006398503649857359
1769097959.4814007,9.456088817276038,-0.20269869668233553,0.010576407795863635,0.9999860174823522,0.005288179250440732
1769097959.6821663,9.474351181299896,-0.2006622928926045,0.015262451709299256,0.9999708823372851,0.007631151786685669
1769097959.8828292,9.4950943262512,-0.19826278386825757,0.01576750836227119,0.9999689233709665,0.007883672514131706
1769097960.083503,9.513675888577994,-0.19612067296625846,0.01194295129073589,0.9999821707922888,0.005971440156432554
1769097960.2841039,9.534051493620245,-0.19385081905570156,0.010892438502663696,0.9999851693845913,0.005446192327710845
1769097960.4848576,9.555261671561194,-0.1915293226127579,0.0044139791170556735,0.9999975645995328,0.0022069877668930782
1769097960.6854863,9.573851565842247,-0.18945974248487563,0.010541838748236252,0.9999861087366371,0.005270894967519127
1769097960.886188,9.549629986533184,-0.20754183814614108,0.010191317792029416,0.9999870171583002,0.005095636843951354
1769097961.0867739,9.570572737502475,-0.20510752353638811,0.009407639845841321,0.9999889370594646,0.004703802576881168
1769097961.2874424,9.58961347735269,-0.20297210509639246,-0.002518550706872462,0.9999992071128969,-0.0012592750206151509
1769097961.4880314,9.60869739200533,-0.20100142454586284,-0.006253565131651904,0.9999951116193757,-0.003126777470856521
1769097961.6887462,9.630097297836386,-0.19878812282624098,-0.0007911306371857531,0.9999999217640404,-0.0003955653082770657
1769097961.889432,9.649222337062126,-0.19672393954318929,0.0013421491986973597,0.9999997748294495,0.0006710745489799335
1769097962.090021,9.667847512433129,-0.19474610131496,-0.003941001562202206,0.9999980585639641,-0.0019704995059005295
1769097962.2906802,9.688843551193157,-0.1925641931902678,-0.004075351193220741,0.9999979239397998,-0.002037674186497773
1769097962.491249,9.708106918796307,-0.19060580941876853,-0.006487930013020284,0.9999947383501324,-0.003243959316972131
1769097962.6919582,9.728837183477921,-0.18856282058044277,-0.008955005561426189,0.9999899760011711,-0.004477487819875553
1769097962.892522,9.747446114373455,-0.1866737481898308,-0.0005778944865669227,0.9999999582547456,-0.000288947239262736
1769097963.09318,9.768538072013616,-0.18443629817215162,0.0001761798635617606,0.999999996120082,8.808993166695305e-05
1769097963.293731,9.787117085868529,-0.1825030704084601,-0.0043005733626324,0.9999976881344849,-0.002150285024258069
1769097963.4944222,9.807961246814141,-0.18058333442895763,-0.01686089888537003,0.9999644639715674,-0.008430349580884736
1769097963.695087,9.82656600412401,-0.1789154833746867,-0.015695762995934382,0.9999692055360481,-0.007847800940700513
1769097963.8957174,9.84728530822592,-0.1770244604805284,-0.012918086764876815,0.9999791404518125,-0.006458998471467058
1769097964.096383,9.81112992738496,-0.22701632049188075,-0.008199770551051033,0.9999915954821365,-0.004099873789666069
1769097964.2971249,9.82988316573829,-0.22530512423661003,-0.005150091884911806,0.9999966845710291,-0.002575043096661301
1769097964.4978738,9.85550186338582,-0.22307406987723982,-0.014242141528516885,0.9999746452827295,-0.0071210105799114146
1769097964.6983807,9.870335801798221,-0.22187159013494123,-0.015176932156595768,0.9999712077294561,-0.007588393248435308
1769097964.899118,9.891041794571521,-0.2201191046261201,-0.0068159310327487324,0.99999419289114,-0.003407958919562897
1769097965.0997314,9.909696973077674,-0.21844805222663327,-0.006436062519584257,0.9999948221418739,-0.0032180257056204416
1769097965.3006058,9.930346384569559,-0.2166285205931408,-0.011521332251585484,0.9999834074087794,-0.005760634264298103
1769097965.501084,9.949194377427844,-0.21513744062630907,-0.02462363592614064,0.9999242105265822,-0.012311506926098666
1769097965.701715,9.949194377427844,-0.21513744062630907,-0.02462363592614064,0.9999242105265822,-0.012311506926098666
1769097965.9023833,9.989459756408165,-0.2122269136019453,-0.025967644557702244,0.9999157113636379,-0.012983457480576319
1769097966.103113,10.01482971895245,-0.2103779330872187,-0.02106853293275331,0.9999445151281104,-0.01053407163484752
1769097966.3037279,10.0341396159888,-0.20894941888338975,-0.025687107108342985,0.9999175226998264,-0.012843200451689341
1769097966.5043783,10.044920512143204,-0.20818930470534286,-0.02833680515641146,0.9998996298632633,-0.01416792854686573
1769097966.7050586,10.075178614431431,-0.20622064563778492,-0.03352495944810541,0.9998595129263099,-0.016761694746125835
1769097966.9056902,10.094244303649802,-0.20492675013883327,-0.027545897956710582,0.9999051544375378,-0.013772513541237756
1769097967.1063912,10.108837657725685,-0.2038980349666823,-0.025296813736891056,0.9999200099682687,-0.012648069617824807
1769097967.3070338,10.140527394245888,-0.22923596324419804,-0.04071512014427585,0.9997927920302072,-0.02035615396981603
1769097967.5077233,10.170070700065525,-0.22719807247729895,-0.039934176411313,0.9998006643170982,-0.01996576147030384
1769097967.7083895,10.185015445971178,-0.2261152177372715,-0.034525776136439604,0.9998510000480834,-0.01726203066987206
1769097967.9090526,10.205898082848645,-0.22435066391920555,-0.013819091566995817,0.9999761291835028,-0.006909490804577256
1769097968.3103266,10.220599493914607,-0.22281364891921485,0.00519468238743219,0.999996626911258,0.0025973382733613247
1769097968.5109794,10.220599493914607,-0.22281364891921485,0.00519468238743219,0.999996626911258,0.0025973382733613247
1769097968.7116127,10.289870804265494,-0.21294625396924993,0.06554729475658347,0.9994629920885617,0.03276778059892899
1769097968.9123065,10.308790131206178,-0.20947245358119937,0.08383446304082753,0.9991216014782903,0.04190495745680365
1769097969.1129043,10.329199290590038,-0.20530502451295674,0.10221425377246958,0.998694315025232,0.051084881680226166
1769097969.3136768,10.349206412084715,-0.20071330064706494,0.12746052756357218,0.9979699139861095,0.06368713196994596
1769097969.5143428,10.362234345374771,-0.24600918800662114,0.12671666568201542,0.9979935321745744,0.06331595168452221
1769097969.7150185,10.380705204163034,-0.2414156551812358,0.12136741361286987,0.998159308832121,0.06064646891437746
1769097969.9157,10.402096267114628,-0.236189036439944,0.11707220501822346,0.9982872514928575,0.058502679484246145
1769097970.1163738,10.420730220194713,-0.2316218588588212,0.11756981744869308,0.9982726647634913,0.05875105774365409
1769097970.3170576,10.438743786979506,-0.227181606575329,0.11900733824543189,0.9982301789713997,0.05946856136419788
1769097970.517677,10.459585176306533,-0.22205161202114448,0.11860539057114383,0.9982421104367865,0.059267942015145576
1769097970.7183368,10.478512757997153,-0.2174065299135814,0.11999682772686524,0.998200635045052,0.059962423196991195
1769097970.919025,10.497098054117265,-0.21285341484465142,0.11531390434670102,0.9983382983458081,0.05762501241645164
1769097971.1196392,10.517806627232456,-0.20781969281919782,0.11583265197494949,0.998323318345224,0.05788395328742163
1769097971.3203466,10.535990503974203,-0.20332997198416308,0.12068256427945406,0.9981800171592093,0.06030467099686844
1769097971.5209734,10.555715837432357,-0.19843138241361108,0.11803428698504259,0.9982589938054253,0.058982889778136705
1769097971.7216895,10.574184462961366,-0.19393415992033208,0.11216036070851731,0.9984279187650525,0.05605078974007017
1769097971.922376,10.59502994732031,-0.1889283638961607,0.11047499898430038,0.9984747971899619,0.055209413839167124
1769097972.123032,10.613372549220307,-0.18455627766806154,0.11120845069546607,0.9984544833295241,0.0555755766427393
1769097972.3236153,10.633856618344351,-0.17967130394729441,0.11341943267289631,0.998392434932162,0.056679324892138734
1769097972.5243046,10.652188445679624,-0.1752543307816417,0.11640492580793309,0.9983067147410134,0.05816960806989172
1769097972.7249477,10.614388934184797,-0.22451719556268995,0.11492232455499972,0.9983495616059235,0.057429546761754116
1769097972.925656,10.63316836076901,-0.2200129203619961,0.11212196801494276,0.9984289945514898,0.05603162356117328
1769097973.1262293,10.654048356870286,-0.2150423528855519,0.11215303065804896,0.9984281241859058,0.056047130476176946
1769097973.326892,10.672231251355875,-0.21065562367488927,0.11854530105391195,0.9982438906772473,0.05923795004515153
1769097973.5275052,10.69212029152411,-0.20578678860488714,0.11785066493394668,0.9982644048777235,0.05889123834769053
1769097973.728181,10.710820140081747,-0.2012761919481762,0.11399444546754617,0.9983760980003606,0.05696636675771358
1769097973.9288352,10.72940292791008,-0.19682012546191813,0.112760027661371,0.9984110679827688,0.056350149329943505
1769097974.1294737,10.750410146396549,-0.19183761865579502,0.10922919727530474,0.9985089934719572,0.05458745236424595
1769097974.3301635,10.769163180614477,-0.18744147290376617,0.11070213514990025,0.9984685207236743,0.05532280835132679
1769097974.5307872,10.787873043354068,-0.1829726895957144,0.11472281460038686,0.9983552855217319,0.05732995613831511
1769097974.731501,10.808322888521984,-0.178053530360539,0.11540510991686719,0.9983356694466733,0.057670539363376634
1769097974.9320917,10.82720974483472,-0.17356321015831283,0.1098409465842499,0.9984922498441842,0.05489286839926747
1769097975.1327243,10.847926856925884,-0.1686736338148241,0.10987609583395808,0.9984912849684141,0.054910416517499984
1769097975.3333793,10.865855729266146,-0.1644216205804922,0.11098279981930845,0.9984607473133392,0.055462925224768034
1769097975.534063,10.885817774678474,-0.15963898787734204,0.11391986405854729,0.9983782216221401,0.05692913657006375
1769097975.7346685,10.90415317967957,-0.15523682449432025,0.11329049506623254,0.9983960869056363,0.05661495960886158
1769097975.9352906,10.925049718103955,-0.19392045816696452,0.11084834365405467,0.998464473723127,0.055395800497862975
1769097976.1359696,10.943600997935064,-0.1895509074777279,0.10554733026835976,0.9986077932940554,0.05274917224352699
1769097976.336633,10.964584439516207,-0.18468889217332835,0.10713908676192829,0.998565495109615,0.05354392567312774
1769097976.5372922,10.98323714125093,-0.1803082606124578,0.1116503393004244,0.9984421798521388,0.05579617811382153
1769097976.7378783,11.00101975812381,-0.1760976844145054,0.10990652656391361,0.9984904493708067,0.05492560892047123
1769097976.9386,11.021622948178837,-0.17127665827917232,0.1076850415887566,0.9985508416225757,0.05381650950076455
1769097977.1391485,11.040480525218776,-0.16688292036943014,0.10733475337539737,0.9985602519515063,0.0536416183811055
1769097977.3398497,11.060890881681392,-0.16212649405480922,0.10806873634728029,0.9985404986902903,0.0540080778712449
1769097977.540358,11.079203840487743,-0.1578491679923159,0.1092044837944456,0.9985096679187061,0.054575114043629885
1769097977.7410524,11.09969702423034,-0.15300258791676752,0.11061664897497109,0.9984708844792229,0.05528013067349127
1769097977.941707,11.117776059704893,-0.148725638473927,0.10959372411193855,0.9984990275911361,0.054769443118912374
1769097978.142339,11.138878632123134,-0.14381713658148404,0.10360512876100662,0.9986585471850767,0.05177939874304994
1769097978.3430479,11.15809990769567,-0.13942356220428903,0.10142291094821043,0.9987144496762516,0.05068972290180608
1769097978.5436711,11.17667041648395,-0.1351364982009155,0.10751588289746651,0.9985553898160793,0.05373205253159485
1769097978.7444625,11.196856787458746,-0.13042256018715465,0.10865897798848143,0.9985245162976707,0.05430276560639172
1769097978.9450657,11.215419001022386,-0.12609963551460263,0.1080526787348995,0.9985409322784964,0.05400006078136701
1769097979.1458776,11.224259449178462,-0.1596893182726728,0.1239152515115555,0.9980812402260225,0.06191799341778317
1769097979.3464704,11.244844243914395,-0.1549007825163335,0.12414060864121369,0.9980742570593532,0.06203045538620706
1769097979.5472357,11.263561316428087,-0.15057337735819226,0.12192109577495809,0.998142481148364,0.06092279808895655
1769097979.7479064,11.288297617321144,-0.1447524214276234,0.12473891888407017,0.9980556556704947,0.06232903163164841
1769097979.9486198,11.302363492281497,-0.14143213629907153,0.12486638895889425,0.998051681100206,0.062392642619563704
1769097980.1491926,11.327564860239558,-0.13559972432882733,0.12037192531590943,0.9981893716093014,0.06014963346711195
1769097980.3498352,11.342368626276,-0.13221217978889194,0.12060471445847828,0.9981823637569337,0.06026581688337427
1769097980.5505621,11.360749350415928,-0.12800324558747683,0.11966640157963371,0.998210527998122,0.059797506584392486
1769097980.7512505,11.385565768327066,-0.12230351268183831,0.12363093239878657,0.9980900323751881,0.06177610600625401
1769097980.9519556,11.399871049955875,-0.1190069889353988,0.12073797789036948,0.9981783459262871,0.06033232735326515
1769097981.1526093,11.418170623063466,-0.11478394736748182,0.12207483390316731,0.9981377951209583,0.06099952418725798
1769097981.3533108,11.438725357775446,-0.1100904273117928,0.11630419015112059,0.9983096433515387,0.058119325454822325
1769097981.5538979,11.463972998630686,-0.10434635557733668,0.12002708713333314,0.9981997277171358,0.05997752566950386
1769097981.754585,11.482142335180717,-0.10012192922216862,0.127242468418159,0.9979768518352237,0.06357832335832689
1769097981.9552803,11.500606967950771,-0.09582647134308603,0.1213103584741591,0.9981610385223068,0.060617993830793165
1769097982.1559813,11.506581500383874,-0.14150836909425796,0.11999540157772773,0.9982006778024772,0.05996171140548859
1769097982.3566954,11.52544159532945,-0.13723883704428047,0.11819422540529509,0.9982542737983535,0.05906271957268767
1769097982.5572975,11.539814377774263,-0.13401089503432767,0.11792188457919474,0.9982623071382429,0.0589267863287338
1769097982.7580228,11.564460735083776,-0.12847670840802533,0.1224455431418343,0.9981264714312597,0.061184532589395595
1769097982.9587305,11.582902092457825,-0.1243061468431303,0.11611384914799844,0.9983151700758273,0.058024315562289035
1769097983.1594746,11.60353054773411,-0.11994920363579026,0.09602944900904448,0.9988475145538869,0.04799627766319753
1769097983.3601496,11.62283847354713,-0.1163439274125268,0.07066354669720085,0.9993758978240821,0.03532442283052744
1769097983.5606544,11.643930304026329,-0.11280156593816043,0.05642692643020043,0.9996020266466386,0.028209720380268324
1769097983.761389,11.662140742124281,-0.10999113838835112,0.043644315856356086,0.9997619061603915,0.021820425993562837
1769097983.9620826,11.68305716826709,-0.10714683618844728,0.02075393063279518,0.9999461597785463,0.010376779083025577
1769097984.1626635,11.702046523247159,-0.10500814764323646,-0.001554370712939748,0.999999697991476,-0.0007771852782310051
1769097984.3633778,11.721049291374015,-0.10325028118270957,-0.02258075138099189,0.9999362643854334,-0.011290135823132286
1769097984.5640266,11.7419049836679,-0.10179462391600719,-0.044964247022620786,0.9997472877058458,-0.02248022964306542
1769097984.7647355,11.754824865126354,-0.11787756293530627,-0.05131528649817845,0.9996708607284794,-0.025654828207980387
1769097984.965423,11.775994484559899,-0.11707670226575095,-0.06862215095069678,0.9994114327941518,-0.03430434375324295
1769097985.1660924,11.795277942099192,-0.11674150842841924,-0.09428890450950778,0.9988889061267174,-0.047126990323697965
1769097985.369417,11.816588362172665,-0.11689387450961941,-0.11451431672508516,0.9983612566837609,-0.05722587834906345
1769097985.7681012,11.854662087143392,-0.11806175918855033,-0.13990978053996375,0.9975541543412865,-0.06989784801008436
1769097985.9686084,11.875537412880217,-0.11919832725547652,-0.16351355490259223,0.9966597758447249,-0.08166572851045129
1769097986.169297,11.894720753612681,-0.1206152279996292,-0.18104746153896226,0.9959055242605289,-0.090400147938823
1769097986.3699162,11.916309073839463,-0.12272327317616172,-0.20542793100497386,0.9947295567584193,-0.10253345264448335
1769097986.5705206,11.935163163596549,-0.1249334877934295,-0.2189793464891959,0.994011991328666,-0.10927104417374202
1769097986.7712502,11.931065738856324,-0.1562641672972664,-0.23854949781490514,0.9928951961521102,-0.1189921403205381
1769097986.9719167,11.951840525531624,-0.15938276617382846,-0.26117409878444886,0.9914856212150328,-0.13021621605560724
1769097987.172537,11.970943384709205,-0.16269539077550105,-0.2828145683004586,0.9900186389281245,-0.14093649128208008
1769097987.3732061,11.991366120249177,-0.16666553517133925,-0.30384197821493497,0.9884821847073421,-0.15133727404773806
1769097987.5738726,12.009924686211612,-0.17065556038797486,-0.3210695553016518,0.9871419423962727,-0.1598461308950382
1769097987.774445,12.030467899760232,-0.17539853313831716,-0.33424722974594057,0.9860673226711245,-0.16634673173886066
1769097987.9751146,12.049116901208283,-0.18000979817037382,-0.3527440179333013,0.9844867342252229,-0.17545902693949744
1769097988.1757782,12.069468834343043,-0.1855154704082415,-0.3744758227687243,0.9825221335394316,-0.1861457952926235
1769097988.376416,12.087929118615733,-0.1909233814794415,-0.3933276691209546,0.980723916301683,-0.19539856702107516
1769097988.5771244,12.106046202073735,-0.19650602520230737,-0.4043352153042457,0.9796336385850498,-0.2007932622191692
1769097988.7777479,12.126040803339453,-0.20632902412085344,-0.4257150963076548,0.9774312382400494,-0.21125381537980298
1769097988.9783924,12.144046448354533,-0.21265365240532855,-0.44655203329109566,0.9751772899315095,-0.22142550260039262
1769097989.1791523,12.162596897602564,-0.21955515588293908,-0.46664099302106254,0.9729040301546382,-0.2312093166567102
1769097989.379744,12.182431117725368,-0.2274198041542436,-0.4868713823047312,0.9705155708298704,-0.24103843423149537
1769097989.5803552,12.199850475132234,-0.23470574785015966,-0.5037703512287398,0.9684443003738481,-0.24923008861974907
1769097989.7810647,12.21739221793679,-0.2423493500544919,-0.5198693683714146,0.9664067674987019,-0.257017430795481
1769097989.9818215,12.236913286970978,-0.25133177594653755,-0.5395428916983318,0.9638318337701229,-0.2665111558853064
1769097990.1823502,12.254150525140687,-0.2597557114965209,-0.5655177869078074,0.9602893459571162,-0.27900604301923987
1769097990.3830307,12.272959100482053,-0.26939335399481956,-0.5794752472622271,0.9583188696349293,-0.2857007947164857
1769097990.5836825,12.289950516077004,-0.2784110245958312,-0.5924703122276979,0.9564423034552396,-0.29192142806110577
1769097990.784389,12.300761996352783,-0.30072121484187764,-0.6200313889806011,0.9523287820286148,-0.3050735827958478
1769097990.9850972,12.319151765098391,-0.31139058023916066,-0.6443131448203957,0.9485548256891349,-0.31661292244925043
1769097991.18567,12.33566312590521,-0.32150331879404137,-0.6669170149574486,0.9449159825952362,-0.3273129784106936
1769097991.3863328,12.3516717180543,-0.3317045278809826,-0.680885180142472,0.9426069751210929,-0.3339043133190454
1769097991.5870154,12.369031208927614,-0.343126028923576,-0.6977657331768031,0.9397551892027413,-0.34184818906426867
1769097991.7877042,12.384762015195268,-0.35393056385297317,-0.7196846417397995,0.9359523583378995,-0.35212665749943467
1769097991.9883163,12.402369188579247,-0.3665988644353806,-0.741486673144579,0.9320582860767246,-0.362308365009309
1769097992.1889348,12.417904272416134,-0.37828258153604455,-0.7629290013345164,0.9281204266135049,-0.37228010113725607
1769097992.38968,12.432976640548809,-0.39007042739281617,-0.778305743160972,0.9252307963603799,-0.37940476205015844
1769097992.5903106,12.447817315195053,-0.40202798286701447,-0.7909031378582752,0.9228227028410906,-0.38522494613026337
1769097992.7910306,12.46034788025995,-0.40799200960333065,-0.8164155120412041,0.9178337546432064,-0.3969649843973074
1769097992.9916809,12.476406960715481,-0.4219632793549117,-0.8391489819398322,0.9132623634009629,-0.4073718885677897
1769097993.1922266,12.490541031899845,-0.43486110251972415,-0.8630927665892274,0.9083200210816486,-0.41827591288793287
1769097993.3929543,12.50451350919164,-0.4480450558369598,-0.8757720579670392,0.9056500646236474,-0.4240258959629509
1769097993.5935812,12.519393646362204,-0.4625496606818777,-0.8937117401478206,0.9018102375469602,-0.43213226615874817
1769097993.7942057,12.532558769303431,-0.4759070794368931,-0.9146817206955401,0.8972298481466906,-0.4415638114640583
1769097993.9949179,12.547356444380322,-0.4915583789053945,-0.9380533227948905,0.8920086774993217,-0.45201827315487053
1769097994.1955774,12.560341858297624,-0.5058522362631699,-0.9545831452456632,0.8882423633028195,-0.45937512343859244
1769097994.3962138,12.573901359844296,-0.5212965877074758,-0.9681156765095635,0.885113800075992,-0.4653746457587013
1769097994.5968773,12.586039190926936,-0.5352606168552299,-0.9681380549061356,0.8851085928513962,-0.4653845494433838
1769097994.7975743,12.598966203940305,-0.550148644670575,-0.9660777516458753,0.8855875397747918,-0.46447250660898287
1769097994.9982784,12.61274668176198,-0.5660721566172024,-0.9709827549214347,0.8844457580347348,-0.46664301247780765
1769097995.1989064,12.625180820584296,-0.5804829489908261,-0.96969202222017,0.8847467295270233,-0.4660721238083612
1769097995.3996258,12.639128245209179,-0.5966636017838423,-0.9696687542376153,0.8847521517461711,-0.4660618306410861
1769097995.600231,12.651566581172432,-0.6110373658348476,-0.9707868638531839,0.8844914593913757,-0.4665563827274409
1769097995.800945,12.623457916547677,-0.6307776332993436,-0.9694218003160591,0.8848096928996937,-0.4659525805817044
1769097996.0016017,12.636286693231886,-0.6457503511025855,-0.9709041094771845,0.8844641070244426,-0.46660823330225915
1769097996.202233,12.646121515092414,-0.6572887604709724,-0.9707284327756807,0.8845050897099753,-0.4665305416338232
1769097996.4028544,12.662306242369812,-0.6762521685553708,-0.9680907806002723,0.8851195929699006,-0.4653636278662068
1769097996.603562,12.671766942893184,-0.6873112725092099,-0.9655237714375217,0.885716160088444,-0.46422718980923744
1769097996.8042352,12.684311645746588,-0.7019607955070867,-0.9688218713162289,0.8849494223234028,-0.4656871481257301
1769097997.0048702,12.691336070499306,-0.7101743863112404,-0.96998078580127,0.8846794279777361,-0.4661998602670164
1769097997.2055135,12.691336070499306,-0.7101743863112404,-0.96998078580127,0.8846794279777361,-0.4661998602670164
1769097997.4061651,12.720505702483678,-0.7445759301002891,-0.9760722822772816,0.8832553993725116,-0.468892204540985
1769097997.6068587,12.739308593104596,-0.7668281125534563,-0.9743777290626233,0.883652363686609,-0.4681436746887315
1769097997.8075545,12.751597877781048,-0.781362646462237,-0.9766539934961915,0.8831189820861423,-0.46914908449141834
1769097998.0081754,12.765569950286027,-0.7980207130064785,-0.9804676361013636,0.8822227936643944,-0.4708321806535651
1769097998.208753,12.777651199291999,-0.8125645344461869,-0.9854671371100565,0.8810430755145557,-0.4730360441740702
1769097998.4095678,12.784247956335193,-0.8205096295483821,-0.9834278053338803,0.8815249561306904,-0.4721374288475596
1769097998.6101363,12.803406797285595,-0.8435203435652977,-0.9812702216692127,0.8820337810781606,-0.47118617237453336
1769097998.810817,12.813040511377537,-0.8550298456907521,-0.9780437175219735,0.882792775035599,-0.46976261701517524
1769097999.0114892,12.789897719370488,-0.8609311286875104,-0.9865026009113658,0.8807980515950935,-0.4734921248619527
1769097999.2120879,12.803957470019302,-0.8778786017075646,-0.9884032174415551,0.8803476904650298,-0.4743289406022871
1769097999.6134644,12.813533173814932,-0.8894364077284694,-0.9898435928286448,0.8800058563237495,-0.4749628331100281
1769097999.8141735,12.84204282891553,-0.9233347601689381,-0.973977437149166,0.8837460430507889,-0.4679668058656225
1769098000.0148492,12.854429197023316,-0.9385821172784024,-0.988491176313595,0.8803268288943608,-0.47436765733848135
1769098000.2155578,12.866346769764657,-0.9530972675811018,-0.9969141972805152,0.8783212233502867,-0.4780709451665682
1769098000.4161294,12.879674796434509,-0.9694012785870648,-0.9978875273329245,0.8780884589383656,-0.47849833675703213
1769098000.6168253,12.891889518013937,-0.9842615895728661,-0.9920288981248409,0.8794863617147092,-0.47592409012133824
1769098000.8174746,12.905218526358995,-1.0004339139462557,-0.9949364909620606,0.8787935358130694,-0.4772021808554143
1769098001.018194,12.917389660442579,-1.0151989942385866,-0.9926429574481809,0.8793401974512706,-0.4761940960851578
1769098001.2188468,12.929851294289037,-1.0303805788884053,-0.9969483988646455,0.8783130478300345,-0.4780859650852715
1769098001.4195356,12.943456046803234,-1.046981485870767,-0.9948524369166781,0.878813590423853,-0.47716524735812055
1769098001.6201844,12.955243521921906,-1.0613738466177611,-0.9941153101633623,0.878989396366099,-0.4768413164522984
1769098001.8208356,12.968735231202347,-1.0777728292806974,-0.9900718349400014,0.8799516473335157,-0.47506325721427034
1769098002.0216057,12.951694468041572,-1.1054964116897188,-0.9947062861053431,0.8788484571214042,-0.47710102642451657
1769098002.2221925,12.963894214546569,-1.1204671114821734,-1.0009821354676238,0.8773470256736343,-0.47985643326064437
1769098002.4229486,12.977399872810015,-1.1372138514528893,-1.0034213609339888,0.8767611342954911,-0.4809260997168733
1769098002.623537,12.989397982896879,-1.1520548233301589,-1.00153111052159,0.8772152780184608,-0.48009723599599546
1769098002.8242311,13.001213842194726,-1.166619984577033,-0.998092287829557,0.8780394655579786,-0.4785882331636031
1769098003.024867,13.014776031402697,-1.1833209531549074,-0.9994103978771732,0.8777238589116491,-0.4791668055043501
1769098003.2255678,13.027033583900522,-1.1984403770638095,-1.0025934091688962,0.8769601509684536,-0.48056310055328544
1769098003.4262407,13.03891511180726,-1.2131803152818799,-1.0042178719634405,0.8765695332987411,-0.48127523652524157
1769098003.6269226,13.051916960722638,-1.2293578316974891,-1.0090617630226504,0.8754013411323259,-0.48339682657597705
1769098003.8275964,13.063909764134449,-1.2443330002807693,-1.005616663562866,0.8762327170583009,-0.48188818781604065
1769098004.0281997,13.07690531462927,-1.2605480023994722,-1.0096842587280066,0.875250842508141,-0.4836692699446486
1769098004.2288845,13.088972610804566,-1.275690434613395,-1.014673461004787,0.8740415584913143,-0.4858511644836045
1769098004.4295,13.101155098585926,-1.2911291153998943,-1.0161131538007635,0.8736915938558976,-0.48648021421794874
1769098004.6302428,13.114410940572009,-1.3079455313860262,-1.0115185179390407,0.8748068870651751,-0.4844717848784778
1769098004.8308678,13.125861134461154,-1.3224144717112483,-1.0094702506339912,0.8753025920665871,-0.4835756117935579
1769098005.0316062,13.139018429111056,-1.3391797127432714,-1.0193194156384469,0.8729105800111234,-0.4878802304917101
1769098005.232211,13.116862883529187,-1.3841193636423526,-1.040738061991075,0.8676357564183915,-0.4972003561787598
1769098005.4328823,13.128078686440844,-1.3994972144226892,-1.0611238730516428,0.8625228566548303,-0.5060181041701879
1769098005.633569,13.140314474135245,-1.416946001053913,-1.075747183810789,0.8588000043623799,-0.512310991983557
1769098005.8341763,13.150820169158767,-1.4324215809788186,-1.0912888317871612,0.8547930363914749,-0.5189690404413763
1769098006.0347667,13.162261178826228,-1.4498895849163242,-1.1106059286962917,0.8497407562337439,-0.527200765548861
1769098006.2354305,13.172521562219465,-1.4663397910584564,-1.1350880491917537,0.8432237577746187,-0.5375627352453398
1769098006.4360447,13.182568862153364,-1.4832746869641713,-1.1573811391509585,0.8371795318236324,-0.5469281776390421
1769098006.636611,13.19296417037197,-1.5015299215085127,-1.1701196206009772,0.833679057184863,-0.552249245912892
1769098006.8373294,13.202086461905377,-1.5182060246405924,-1.1892426900227975,0.8283606789007641,-0.5601951317630894
1769098007.0379658,13.21182102924294,-1.5368789017797608,-1.2124674337555488,0.8217997804898679,-0.56977637787715
1769098007.2386174,13.212461072022604,-1.575083006454827,-1.235499231823839,0.8151839470064128,-0.5792021517078869
1769098007.4393106,13.220823369055267,-1.5927705894590232,-1.2567725689333467,0.8089771678637712,-0.5878400648774391
1769098007.639881,13.229230389176294,-1.6114965830397965,-1.2736433421335553,0.8039897869467463,-0.5946431051356146
1769098007.8406339,13.236565683693069,-1.6284546812342933,-1.2881149876284732,0.7996660451789389,-0.6004450151245118
1769098008.0412712,13.24470755859067,-1.6482862755594072,-1.3083243986604898,0.7935580037399003,-0.6084946135343717
1769098008.2418966,13.251523266279362,-1.6660845526848078,-1.3352350321245232,0.7852989290460088,-0.6191167838454968
1769098008.442579,13.258728103648076,-1.6862484433071203,-1.3534891618001024,0.7796155796972923,-0.626258371515507
1769098008.6432285,13.264956399293247,-1.7045549733712735,-1.3648960330251205,0.776031094670753,-0.6306946488627541
1769098008.8438785,13.270694684952387,-1.7224639261391104,-1.3866720181092658,0.769118233554651,-0.6391065191451056
1769098009.0445306,13.276818191165688,-1.7429558176831654,-1.4085181505302953,0.7620914869607224,-0.6474693548748042
1769098009.2452178,13.26771080254986,-1.7271576674325977,-1.439345407416552,0.7520215030272074,-0.6591385734310351
1769098009.4458342,13.272513258095666,-1.7460194442972532,-1.4562441445128311,0.7464254206273799,-0.6654690762471529
1769098009.6465209,13.277328371389528,-1.7662858577033447,-1.4705169901733335,0.7416573851348868,-0.6707788928364415
1769098009.8472016,13.281454628190273,-1.7850999829485805,-1.4887932936748387,0.7354968249936293,-0.6775281694692041
1769098010.0476575,13.285239221981406,-1.8043213105051157,-1.5103509107424837,0.7281512943957678,-0.6854164372626089
1769098010.2483485,13.2897272466594,-1.8294617422877324,-1.5292254264960232,0.7216505137342667,-0.6922575648030644
1769098010.448907,13.292140670448132,-1.8437367340840298,-1.5291695930700457,0.7216698390088084,-0.692237418423044
1769098010.6497102,13.295314992389649,-1.8624524119284773,-1.5276234055821418,0.7222047877113956,-0.6916792931747617
1769098010.8503976,13.299620524573195,-1.887548311745253,-1.5247001840842185,0.7232149818161121,-0.6906229724507581
1769098011.05113,13.302109365082595,-1.9024011261572706,-1.5304344643313186,0.7212318991048428,-0.6926936896735972
1769098011.2517233,13.306325052313982,-1.928384496741806,-1.5362977538046936,0.7191980708779471,-0.6948051056558519
1769098011.452481,13.3093721537502,-1.9472751840145721,-1.5331616787418543,0.7202866667532165,-0.6936765223773549
1769098011.653049,13.31263980997755,-1.9674121931251953,-1.5309108114320749,0.7210668973344775,-0.6928654483869362
1769098011.8537238,13.315726351059345,-1.9862451851343494,-1.5300988375594708,0.7213481322223438,-0.6925726475535515
1769098012.0543518,13.318155282842849,-2.0009796301340135,-1.5303257629822018,0.7212695464088624,-0.6926544892102799
1769098012.2550051,13.269589397651588,-2.0272815128267765,-1.537061705326366,0.7189326197080652,-0.6950797711915506
1769098012.4555404,13.272481721093849,-2.0462220777322715,-1.542129716097938,0.7171689775114622,-0.6968993167561321
1769098012.6562188,13.274793329325034,-2.0610522879156132,-1.5361752982551131,0.7192406109003733,-0.6947610694560094
1769098012.8569233,13.278725941725828,-2.0858761989883523,-1.5347816951337612,0.7197245468513837,-0.6942597328518848
1769098013.0575678,13.28169196578763,-2.105036021543255,-1.541845773914923,0.7172679098402466,-0.6967974924706631
1769098013.258301,13.284655060453709,-2.124580331676438,-1.5435331250710431,0.7166797836112327,-0.6974023858311331
1769098013.4588795,13.287810002444699,-2.145503542093748,-1.5457555159034109,0.7159043909743223,-0.6981983263970809
1769098013.6595228,13.290633534620806,-2.1644033563731955,-1.54649252865272,0.7156470518372797,-0.6984620943162269
1769098013.8602722,13.292853890185775,-2.1791450893695417,-1.5403448096330459,0.7177906418740668,-0.6962589995382574
1769098014.0609589,13.296762313504374,-2.2044083410109367,-1.5388490874367962,0.718311146116715,-0.6957219971831359
1769098014.2615566,13.299662749177834,-2.2236805339748544,-1.5485889961292558,0.7149145072649002,-0.6992118758303415
1769098014.4622843,13.302481653750833,-2.24304144250654,-1.5491949019272655,0.7147026461957485,-0.6994284291625518
1769098014.6628134,13.30521842094423,-2.2619028705563577,-1.5458741851760025,0.7158629623703813,-0.6982408030946788
1769098014.8635597,13.308279602756974,-2.2827888298261527,-1.5465294286300215,0.7156341650977636,-0.6984752978773314
1769098015.0642152,13.311064050262594,-2.3020525380761705,-1.5515626800149007,0.7138740998738087,-0.700274067440284
1769098015.2648478,13.313835907152193,-2.3214203428706104,-1.5524824395920762,0.7135519825066639,-0.7006022896485635
1769098015.465557,13.270090639575425,-2.3097251793216786,-1.5657930194796923,0.708873502975153,-0.7053356341343714
1769098015.6661527,13.272620067437604,-2.3282834886751926,-1.5635772357646796,0.7096545033768995,-0.7045498462400557
1769098015.8668096,13.275539004339358,-2.349164227448316,-1.5582354845437743,0.7115337349544364,-0.7026519366100046
1769098016.0675046,13.278211032691782,-2.367702548248264,-1.5599216680891412,0.7109410820773964,-0.7032515750530679
1769098016.2681801,13.280918911507943,-2.3870283263765746,-1.561580284648156,0.7103576253148386,-0.7038409224796917
1769098016.4687855,13.283829292837307,-2.408472444412729,-1.5673900436368189,0.7083100580152139,-0.7059014532599324
1769098016.669513,13.286316692723524,-2.4269853933769703,-1.5648502269350708,0.7092059167905329,-0.705001395452023
1769098016.8701751,13.28908097813251,-2.4475808163513113,-1.5653235117792332,0.7090390636966631,-0.7051692039164495
1769098017.0708492,13.291614269105592,-2.466368514962316,-1.564040815409307,0.7094911768310567,-0.7047143180033184
1769098017.271585,13.294182168431764,-2.4854069408885184,-1.5665938393189849,0.7085910227719407,-0.7056194175665909
1769098017.4722333,13.29696463409782,-2.506663726421933,-1.5732394032910622,0.7062424958660213,-0.7079700113937969
1769098017.6728559,13.299418367427391,-2.5259978627219075,-1.574647492938776,0.7057438782504114,-0.708467062263355
1769098017.8735018,13.302126352197517,-2.546677262898067,-1.5670572044099598,0.7084275240531462,-0.7057835667992908
1769098018.0742838,13.30467210031794,-2.565514330451859,-1.5662074719728853,0.7087273236996694,-0.705482516184139
1769098018.2748792,13.307223077445924,-2.5846827022762886,-1.5681873318886521,0.7080285982735458,-0.70618376080649
1769098018.475625,13.309773406477916,-2.6042086028220917,-1.571036418343712,0.7070218909105612,-0.7071916612724265
1769098018.676173,13.254574762253094,-2.5569463199629956,-1.5859313250274376,0.7017355554570526,-0.7124375131949341
1769098018.8768916,13.2569457961816,-2.5760102301105463,-1.5833869779782512,0.7026413315015173,-0.7115442075273855
1769098019.0775676,13.259347437230005,-2.5950448099845653,-1.581241092403194,0.7034043731380122,-0.710789904156158
1769098019.278251,13.262030184538991,-2.616084820637875,-1.5820106471249553,0.7031308252105187,-0.7110605056102997
1769098019.4788365,13.264368144357887,-2.63517833831496,-1.5882887986131964,0.7008952918392881,-0.7132641795839176
1769098019.6795254,13.266928013441577,-2.6568454407813342,-1.5889769255122501,0.7006498422242067,-0.7135052898130428
1769098019.8801792,13.269189343021482,-2.675667787016411,-1.587067820241849,0.7013306012696064,-0.7128361576988167
1769098020.0808306,13.271477390235313,-2.6943084314783947,-1.5845937568050672,0.7022118653771786,-0.7119680443134391
1769098020.2815478,13.2741189118576,-2.7157617337098467,-1.5841130838116488,0.702382957000619,-0.7117992566131736
1769098020.4822385,13.276445541369732,-2.734703638219475,-1.5857880893521366,0.701786576891524,-0.7123872545848059
1769098020.6829207,13.27873508066093,-2.75398138447496,-1.5959719242140344,0.6981500776780656,-0.7159514432125345
1769098020.883567,13.281138802792224,-2.775055055217859,-1.5953426531509387,0.6983753068803825,-0.7157317449573768
1769098021.084297,13.283365550281067,-2.7940089859539743,-1.5898185716962594,0.7003495206910819,-0.7138000762592925
1769098021.2848442,13.285609342136084,-2.8127824322525647,-1.5903503991245544,0.7001596867029886,-0.7139862835629077
1769098021.485597,13.288062881976481,-2.8343854765054184,-1.598398667485939,0.6972808487844182,-0.7167980314694519
1769098021.6862087,13.290205723210308,-2.8536546365419135,-1.5992060640420547,0.6969914218425277,-0.7170794641306719
1769098021.88677,13.236811899168316,-2.8387686636703178,-1.601046082692102,0.6963314071690825,-0.7177203991736096
1769098022.087438,13.239126950028028,-2.8597249778011182,-1.597781396089276,0.6975020450318211,-0.7165827915715164
1769098022.2880797,13.241318555729253,-2.879014146021958,-1.5956997373406854,0.6982475075047971,-0.715856422939222
1769098022.488772,13.243495841183433,-2.898024749605116,-1.5963401144492766,0.6980182626831545,-0.7160799571003162
1769098022.689388,13.245846725167848,-2.9193844865332697,-1.604094590837778,0.6952366104403054,-0.7187809509881818
1769098022.8900442,13.247868525135026,-2.9386921889543007,-1.6060876098127168,0.6945199933260002,-0.7194734038659474
1769098023.09068,13.249861521764844,-2.957188506870252,-1.5985723066161557,0.6972186140632088,-0.716858566387944
1769098023.291351,13.252075269169874,-2.977621157551801,-1.6047245975744708,0.6950101575302216,-0.7189999171973642
1769098023.4920135,13.254107212531167,-2.9970041612230944,-1.6068358510385021,0.6942507748967919,-0.7197331877544649
1769098023.6926956,13.25627492538783,-3.0182306686520355,-1.6095365397098311,0.6932782546001912,-0.7206700088795929
1769098023.8932934,13.258176221592423,-3.0372454136113314,-1.6130875603039947,0.6919976054932551,-0.7218997949796089
1769098024.093937,13.260253298375252,-3.058404683458787,-1.6096487833651214,0.6932378081903898,-0.7207089157873546
1769098024.2947266,13.262210911562828,-3.077388262341701,-1.6049549531137808,0.6949273401135857,-0.7190799621479219
1769098024.4952517,13.264215067302866,-3.0964178925007984,-1.6068912186308841,0.6942308496838785,-0.719752406975621
1769098024.696004,13.266178410208868,-3.115833430061567,-1.6126243497785548,0.6921647827237132,-0.7217395053321073
1769098024.8965695,13.215297148005966,-3.0837245705151495,-1.6212199396417712,0.6890565113926358,-0.7247076128394198
1769098025.0972695,13.217087494132718,-3.102343283089245,-1.6197422912722088,0.6895917547905945,-0.7241983234755714
1769098025.2978714,13.21912153823656,-3.1232524656768974,-1.6193344338087958,0.6897394252961803,-0.7240576808460049
1769098025.4984806,13.220996219511903,-3.1424987311014387,-1.6192826147691222,0.6897581850515108,-0.7240398097856539
1769098025.6991534,13.222854182613384,-3.1617720607378503,-1.6214310527612132,0.6889800099115647,-0.7247803432366666
1769098025.8998024,13.225224005759431,-3.187607046044137,-1.6265985241635887,0.687105071439491,-0.7265580643019056
1769098026.1004202,13.226960856352985,-3.206764589962945,-1.623259464269343,0.6883171237285057,-0.7254099097628298
1769098026.3010728,13.228359107299562,-3.2214034833699112,-1.618940151285099,0.6898821535368586,-0.7239216906761022
1769098026.5017192,13.230774680541534,-3.2461409191794997,-1.6221526071811427,0.6887184808482811,-0.7250288643481967
1769098026.7023761,13.232620378583565,-3.2654662772219183,-1.6197878689685115,0.6895752509659075,-0.7242140382893069
1769098026.9030318,13.234797299510163,-3.286768048124379,-1.607775375793852,0.6939125947331756,-0.7200592412230202
1769098027.1037118,13.23699455222409,-3.3056742586878536,-1.588675170389928,0.7007574861869907,-0.7133995693528904
1769098027.3043728,13.239618984998627,-3.3247556937480076,-1.5655773668206663,0.7089495526066439,-0.7052591948063062
1769098027.5050719,13.243036253118017,-3.3459702538887397,-1.5428363811610604,0.7169226955496755,-0.6971526723794347
1769098027.7057598,13.24634311150969,-3.3645082862277613,-1.52847223489793,0.721911163845044,-0.6919857451681314
1769098027.9064221,13.18906043511595,-3.3344477555726173,-1.529396444579847,0.7215913168149355,-0.6923192699161907
1769098028.1071174,13.19284453027903,-3.353385377735382,-1.5269583310508839,0.7224347569169257,-0.6914390949305531
1769098028.3077643,13.195711828406802,-3.3675504880921485,-1.5242653680383116,0.7233651116981467,-0.6904657233910514
1769098028.508475,13.196547111318809,-3.3716165462901437,-1.5239257201440652,0.723482358881095,-0.6903428687165867
1769098028.7091117,13.204743877134156,-3.4110686456318153,-1.5213117475933589,0.7243840093479755,-0.6893966978459878
1769098028.9097457,13.2085728017553,-3.4298165167717913,-1.528918509514161,0.7217567380378227,-0.6921468132535191
1769098029.1103284,13.209828097327843,-3.4360700393731682,-1.5294767529341815,0.7215635167225907,-0.6923482442636275
1769098029.311019,13.214831663661254,-3.4611909800227734,-1.5303167298105265,0.7212726748349619,-0.6926512315273966
1769098029.5116816,13.22061531676744,-3.48971787414847,-1.523116395845603,0.7237616552667885,-0.6900500462759773
1769098029.712344,13.22440331532528,-3.508474079775275,-1.5267698948465784,0.7224998997895629,-0.691371025429958
1769098029.913072,13.22524770471589,-3.5126674154755677,-1.527986440795857,0.7220792238442417,-0.6918103746638218
1769098030.1137252,13.232364541798722,-3.548697016569675,-1.5338932078182623,0.7200328963046972,-0.6939399312902156
1769098030.3144047,13.235974320566918,-3.5671015626184945,-1.5274086886344331,0.7222790411825558,-0.6916017543849986
1769098030.515066,13.23880533018853,-3.581299754618047,-1.5241709927313434,0.7233976923500832,-0.6904315887201095
1769098030.7157598,13.243750195461951,-3.6056838011568053,-1.523954030162285,0.7234725869990197,-0.6903531095468071
1769098030.9163454,13.243750195461951,-3.6056838011568053,-1.523954030162285,0.7234725869990197,-0.6903531095468071
1769098031.1170332,13.190137044587779,-3.559758938759038,-1.5282346006590126,0.7219933785020046,-0.6918999648787829
1769098031.317639,13.190137044587779,-3.559758938759038,-1.5282346006590126,0.7219933785020046,-0.6918999648787829
1769098031.5182436,13.197745251033945,-3.599148364803812,-1.525899050546266,0.7228008695482373,-0.6910563674406829
1769098031.7189648,13.201779582724992,-3.6198425807536685,-1.5306262069282661,0.7211654863469394,-0.6927628319287794
1769098031.919582,13.205417039056927,-3.638680089121531,-1.5300959460013468,0.7213491335286226,-0.6925716046428018
1769098032.1203308,13.209299770353123,-3.6592487546241133,-1.533612362320357,0.720130334158135,-0.6938388154501683
1769098032.320868,13.212846084949437,-3.6782324163444042,-1.5328123317961322,0.720407822651537,-0.6935506968221369
1769098032.5216675,13.216390387071808,-3.6969846650078195,-1.5293001908605843,0.721624635131573,-0.6922845411904155
1769098032.722288,13.220353539440291,-3.7174864093849393,-1.52684779673195,0.7224729696883038,-0.6913991669576723
1769098032.9231129,13.22392527546411,-3.736001503676784,-1.5289098238738155,0.7217597439001595,-0.6921436787872703
1769098033.1235983,13.227576338792737,-3.7554291067232004,-1.5362599886334294,0.7192111904666357,-0.6947915252128257
1769098033.3242292,13.231493203732905,-3.776686630833976,-1.5377937290249868,0.7186781641254871,-0.6953428624852774
1769098033.5249352,13.234938085663698,-3.7952257366405586,-1.5345962434546976,0.7197889195737481,-0.6941929928044912
1769098033.7256558,13.238507213810342,-3.814127830116217,-1.5333253759522025,0.7202298878848111,-0.6937354745127514
1769098033.92628,13.242421375431647,-3.834870875881517,-1.5357955164924864,0.719372526723976,-0.6946244796973127
1769098034.126941,13.245849027905628,-3.8533616755698445,-1.5406637473029945,0.7176796011362215,-0.6963734559221466
1769098034.3276393,13.187720765997286,-3.809806688871858,-1.541856028084747,0.7172643372909088,-0.6968011699549832
1769098034.5282698,13.19117870445628,-3.8286265046958294,-1.5338914269392523,0.7200335142159408,-0.6939392901442046
1769098034.728996,13.19498676310416,-3.8487970896777832,-1.5305840202003735,0.7211800988850466,-0.692747619968596
1769098034.9295678,13.198552932456984,-3.8674678837972616,-1.5301222068238207,0.7213400397164599,-0.6925810761938678
1769098035.1303434,13.202139643065626,-3.886624169055941,-1.542660564059797,0.7169839784604362,-0.6970896460506675
1769098035.330978,13.205948398396151,-3.907438185725018,-1.543303676309083,0.7167597879517094,-0.697320160597283
1769098035.53166,13.209334405260538,-3.925936743362235,-1.5387568693396336,0.7183432244324901,-0.695688875800047
1769098035.7322905,13.213217058794587,-3.9468144626343333,-1.535752691434891,0.7193874002257353,-0.6946090759531276
1769098035.9329653,13.21671874984154,-3.965574705350673,-1.5358899332437184,0.7193397338290308,-0.6946584393317187
1769098036.1336782,13.22019668119659,-3.984442353477433,-1.539959027330517,0.7179249307198163,-0.6961205311229852
1769098036.3369977,13.22401785628036,-4.005640115289432,-1.5431398478330578,0.7168169059965432,-0.6972614454259914
1769098036.7355402,13.231128149264906,-4.0446593255917564,-1.536970718538706,0.7189642405018594,-0.6950470637874708
1769098036.9362864,13.234561500850186,-4.062943152311387,-1.5360757818475272,0.7192751800728642,-0.6947252804750587
1769098037.1368783,13.238578284953645,-4.084413782852771,-1.5367280248119255,0.7190485769893553,-0.694959814614905
1769098037.3375292,13.2419560435536,-4.1028880581159255,-1.5409294911667057,0.7175870663148136,-0.696468809249703
1769098037.5381646,13.186419571169788,-4.099552538722785,-1.5463104889071992,0.7157106228037136,-0.6983969533194717
1769098037.7389174,13.189843713311138,-4.11814697010818,-1.542124065499306,0.7171709464577628,-0.6968972905363291
1769098037.9395425,13.193300559854933,-4.136658121218417,-1.5438176045225904,0.71658057803747,-0.6975043191117065
1769098038.140197,13.19709061754902,-4.157166855302889,-1.5461748865062928,0.7157579733104434,-0.6983484256748392
1769098038.3407722,13.20059260018287,-4.176467492266847,-1.5496763532929285,0.7145342551030731,-0.699600456177879
1769098038.5414152,13.204358101205278,-4.1974695137865305,-1.5501880173745197,0.7143552515094348,-0.69978323403815
1769098038.742107,13.207692143280447,-4.2157974001580785,-1.5458859350448497,0.7158588602390973,-0.6982450087305893
1769098038.9427526,13.211200570538704,-4.234685143552953,-1.5418968026234838,0.7172501312686996,-0.6968157928714254
1769098039.1434686,13.215175403256103,-4.2554424246624345,-1.5304432675480764,0.7212288501315078,-0.6926968642472572
1769098039.3441188,13.21899938430195,-4.274087919877119,-1.513859980585112,0.7269475871703938,-0.6866929484909123
1769098039.544756,13.223591277847447,-4.295131871319695,-1.5067959758634335,0.7293684488971627,-0.6841210899784825
1769098039.7454128,13.227683132218298,-4.3135907543607015,-1.5042222328647867,0.7302482206560091,-0.6831819203028814
1769098039.946071,13.232237155611164,-4.333969412662379,-1.5064940522640584,0.7294717167367595,-0.6840109754098431
1769098040.1467533,13.236433089802393,-4.352638574358687,-1.5057724550277862,0.7297184594663986,-0.6837477385074016
1769098040.3474581,13.240636537668587,-4.371461668603748,-1.5109373619236022,0.7279502814553747,-0.6856299203863851
1769098040.5480304,13.245225968033148,-4.3919361747200485,-1.5029169593158773,0.7306939347501449,-0.6827051879979754
1769098040.7487152,13.177790520909499,-4.22895333584754,-1.4849598327928004,0.7367941120113854,-0.6761171766087251
1769098040.9494913,13.177790520909499,-4.22895333584754,-1.4849598327928004,0.7367941120113854,-0.6761171766087251
1769098041.1502104,13.17939242487332,-4.235205687975703,-1.4766002498021789,0.7396136964780375,-0.6730316337157514
1769098041.3508418,13.19404136291652,-4.285767385287734,-1.4277510603367365,0.7558299856802296,-0.6547679228143539
1769098041.5515432,13.201967617720133,-4.310443423298974,-1.4178184723524712,0.7590724214096232,-0.6510061897212126
1769098041.752249,13.208502097750712,-4.3307018528307415,-1.4224015759104431,0.7575786152997703,-0.6527439326722866
1769098041.9527974,13.21434605941534,-4.348629884179657,-1.417584525698851,0.7591485665761325,-0.6509173940412126
1769098042.1535807,13.218917570251032,-4.362420224039572,-1.4150301402578793,0.7599792941378702,-0.6499472843867451
1769098042.3541744,13.226964538740294,-4.386817735922865,-1.41965917510775,0.7584729455657904,-0.6517045272550694
1769098042.554846,13.231569226562186,-4.400996769468923,-1.422620661991817,0.757507107199389,-0.6528269162208414
1769098042.7554357,13.238957786685324,-4.423559226521683,-1.4140005223841061,0.7603137920856124,-0.6495559541443648
1769098042.9561198,13.245630230230653,-4.443772643619823,-1.412527280339188,0.7607920623363017,-0.6489957148441559
1769098043.1567693,13.251583783450982,-4.461691241135127,-1.4134408731614827,0.7604955240586599,-0.6493431742050918
1769098043.3574052,13.257679530077802,-4.47990929540593,-1.412989577497708,0.7606420275757729,-0.6491715535090992
1769098043.558087,13.26440330594378,-4.500265784403647,-1.4192871807622816,0.758594147644953,-0.65156344215957
1769098043.758705,13.205926655554197,-4.483238090396734,-1.4180789993765686,0.758987612617033,-0.651105063637119
1769098043.9594636,13.212471594504596,-4.503360164316263,-1.4114340947065347,0.761146685065673,-0.6485797744406907
1769098044.1600635,13.218509250021896,-4.521570895845054,-1.4072653780617663,0.7624969033182085,-0.6469918642688968
1769098044.3607655,13.224351212891252,-4.539313130044995,-1.4132280785502338,0.760564608118139,-0.6492622558551373
1769098044.5613298,13.231046719229532,-4.559785437967035,-1.414096920418041,0.7602824832440098,-0.6495925997672095
1769098044.7620647,13.237067496069436,-4.578161610994451,-1.4116792374564757,0.7610671820335051,-0.6486730643641522
1769098044.9626436,13.24370768175127,-4.598412341463934,-1.4131666663495395,0.760584544071561,-0.6492389015758804
1769098045.1633234,13.249588370578808,-4.616168443135235,-1.4056934296621832,0.7630051866603482,-0.646392361595809
1769098045.3640409,13.255581038078825,-4.63394049374071,-1.4057293215136972,0.7629935864281525,-0.646406054326153
1769098045.5646834,13.262138567130416,-4.654005096653959,-1.424243483026237,0.7569771472653626,-0.6534413504806637
1769098045.7653275,13.267734415823448,-4.672435504759889,-1.4472954790972061,0.749395469169869,-0.662122670498203
1769098045.965912,13.27356706436199,-4.6930648616022435,-1.4631988371999372,0.7441068459716781,-0.6680606273221625
1769098046.1665237,13.278506802081191,-4.711341320495833,-1.4690479864551043,0.7421498733749617,-0.6702339632169712
1769098046.3672261,13.283814902202206,-4.731327211325092,-1.4710692855702945,0.741472122811307,-0.6709836742378268
1769098046.5678604,13.288622379829432,-4.749508180376226,-1.472216611462511,0.7410870823558438,-0.6714089188901968
1769098046.7685568,13.293631073898393,-4.7686307488711135,-1.4740704011098673,0.740464438646926,-0.6720955401572701
1769098046.969135,13.239393521162489,-4.722811795199502,-1.4870538208898647,0.7360858176451566,-0.6768882249394366
1769098047.1697996,13.244117512228836,-4.740700666002359,-1.4782553550251964,0.7390564741957638,-0.6736434724313198
1769098047.3705583,13.24957788830875,-4.760986471083081,-1.4796850074148282,0.7385747474164792,-0.6741715972055512
1769098047.57118,13.25453776328058,-4.779572139805558,-1.4845119251161765,0.7369455125698973,-0.6759521517852366
1769098047.771769,13.25938822482178,-4.798134393668261,-1.4864945628518191,0.7362750664548641,-0.6766823675232609
1769098047.9723763,13.264660448802605,-4.818365346474187,-1.484162563510395,0.737063577190536,-0.6758234112392755
1769098048.1730676,13.269521313865045,-4.836924854646954,-1.4844392829776585,0.7369700633887158,-0.6759253846903756
1769098048.3737962,13.27483085916213,-4.857146026580207,-1.4854818101086742,0.7366176280054629,-0.6763094484861242
1769098048.57444,13.279791166828737,-4.875967287039034,-1.484842212532483,0.7368338732763718,-0.6760738444819024
1769098048.7750282,13.284741673920502,-4.894974251738324,-1.4889169924936483,0.735454918869753,-0.6775736582175291
1769098048.9756587,13.290015708126546,-4.915570711838689,-1.4881778474932068,0.7357052812293785,-0.677301808037747
1769098049.1762726,13.294838839651511,-4.934166188044507,-1.4841607893451865,0.7370641767014376,-0.675822757402732
1769098049.3769367,13.300178843648704,-4.954327018540602,-1.4820918837833224,0.737762888944156,-0.6750599378549825
1769098049.5775187,13.304946456881197,-4.972387622944089,-1.484856551409927,0.7368290261874354,-0.6760791271498298
1769098049.7782116,13.309766463063287,-4.990905488801323,-1.4861223915819761,0.7364009745743217,-0.6765453455948013
1769098049.9788673,13.315118366440775,-5.011664882868848,-1.4924371781182189,0.7342611877674674,-0.6788670769291348
1769098050.1794918,13.255799166751451,-5.0244115108541845,-1.488625390853976,0.7355537018471647,-0.6774664210858958
1769098050.3802056,13.261025632275215,-5.044602018755264,-1.4886250132716679,0.735553829746819,-0.6774662822198515
1769098050.5807905,13.265917246725433,-5.063388937625088,-1.4856434317293756,0.7365629724857433,-0.6763689729452159
1769098050.7815242,13.270710652806896,-5.082070507544377,-1.4930764098397622,0.7340441735820514,-0.6791017237721041
1769098050.982097,13.275938863873481,-5.102809168367891,-1.492937278778566,0.7340914138776045,-0.6790506579565176
1769098051.182804,13.280647245931691,-5.121407940115424,-1.4906626106063687,0.7348632463864356,-0.6782153117634464
1769098051.3835187,13.285351813452243,-5.139668087917896,-1.4865971558841968,0.7362403540381666,-0.6767201349788221
1769098051.5842133,13.290588354760319,-5.159882129448251,-1.486059756126163,0.736422162076237,-0.6765222828576753
1769098051.7847672,13.295380912425472,-5.178459415080465,-1.4896654320265987,0.735201305922811,-0.677848832535244
1769098051.9854467,13.30076586748159,-5.1996283434360056,-1.4947235820392313,0.7334846259563865,-0.6797060419663928
1769098052.1860676,13.305373536873613,-5.21799147202546,-1.4953554049975386,0.7332698624179453,-0.6799377242583085
1769098052.3868055,13.310014351070935,-5.2362940376140354,-1.4914699434685594,0.7345894137677285,-0.6785118961229677
1769098052.5875134,13.315269626220596,-5.256816910462491,-1.4920562566365296,0.7343904719753226,-0.6787272166871334
1769098052.7881496,13.319963111251775,-5.275341112782949,-1.4943344901155975,0.7336168461407282,-0.6795633326324567
1769098052.9887986,13.324663254414498,-5.294176844804116,-1.498349489853486,0.7322511454979566,-0.6810346980271492
1769098053.1894631,13.263253990122518,-5.211851215120409,-1.496664170611616,0.7328247658938362,-0.6804174178345557
1769098053.390166,13.263253990122518,-5.211851215120409,-1.496664170611616,0.7328247658938362,-0.6804174178345557
1769098053.5907156,13.272472431500784,-5.248263415760558,-1.4889566946494617,0.7354414681573685,-0.6775882576569153
1769098053.7914398,13.277853320025406,-5.269250530784336,-1.492953342478971,0.7340859598207616,-0.6790565540468858
1769098053.992081,13.282582479822963,-5.288157287356373,-1.499827476965219,0.7317476653452333,-0.6815756408952718
1769098054.192685,13.28712119421462,-5.306667915424502,-1.4991986392080732,0.7319619294203698,-0.6813455319287048
1769098054.3933444,13.292287650042086,-5.327474189523976,-1.4929668294340028,0.7340813806014662,-0.6790615043236108
1769098054.5940728,13.296980232405359,-5.346103012320201,-1.4936167007310552,0.7338606905617312,-0.6792999976801553
1769098054.7946894,13.301620455930182,-5.364640655000016,-1.4981238349501056,0.7323279802464936,-0.6809520756617834
1769098054.9953423,13.306797289478512,-5.385418279240541,-1.497722228486756,0.7324647028585417,-0.6808050081090387
1769098055.1960194,13.311446322145082,-5.404162404752631,-1.4981563381121838,0.7323169136019437,-0.6809639770593766
1769098055.3966057,13.316494106561176,-5.424528750196615,-1.495375632773527,0.7332629855664559,-0.6799451404327908
1769098055.5973322,13.31853364908742,-5.432654531519775,-1.4928052163813732,0.7341362508060614,-0.6790021835402443
1769098055.7979767,13.3247487953403,-5.457085807102426,-1.4891865365813246,0.7353635942040415,-0.6776727708262401
1769098055.99867,13.328442882240019,-5.471685573470589,-1.4946411671823034,0.7335126342717319,-0.6796758163740597
1769098056.1993089,13.335637844529584,-5.500907195445801,-1.501179721515558,0.7312866696512772,-0.6820702359657279
1769098056.4000187,13.26823127099811,-5.408856110253014,-1.5029652421974276,0.730677453050356,-0.6827228278033808
1769098056.6006887,13.26823127099811,-5.408856110253014,-1.5029652421974276,0.730677453050356,-0.6827228278033808
1769098056.801374,13.269788156670781,-5.415119748965099,-1.5019328526068638,0.7310297736579543,-0.6823455649636774
1769098057.002005,13.282697721137655,-5.4668110864791455,-1.501823768773229,0.7310669890056396,-0.6823056921836634
1769098057.2025886,13.288945142624081,-5.492251773629059,-1.5082783440039835,0.7288611889488925,-0.6846614982924093
1769098057.4032538,13.289932407377378,-5.496335716532617,-1.5090313755040632,0.728603351454252,-0.6849358774729439
1769098057.6039262,13.289932407377378,-5.496335716532617,-1.5090313755040632,0.728603351454252,-0.6849358774729439
1769098057.8046074,13.303201889417863,-5.5497890575283595,-1.5014945960306278,0.7311792773213093,-0.6821853592799305
1769098058.0052261,13.306747320130347,-5.564034676774415,-1.5044186818652903,0.7301811119306776,-0.6832536452736123
1769098058.2059133,13.312848489546521,-5.588859712804355,-1.5060105032586069,0.7296370718279853,-0.6838345877580948
1769098058.4065711,13.31742267295827,-5.60751801005295,-1.506907837521398,0.7293301842966697,-0.6841618830903881
1769098058.6073332,13.321965364505255,-5.625949468312539,-1.5029373771121208,0.7306869650443565,-0.6827126475423371
1769098058.8106482,13.327067997477267,-5.646484753130628,-1.5022900277264442,0.7309079035716665,-0.6824761069051952
1769098059.2092803,13.336415212690655,-5.684456079044011,-1.5109613628852134,0.7279420535142589,-0.6856386560903956
1769098059.409856,13.277218914780871,-5.653344887013974,-1.5135075919752075,0.7270685672727047,-0.6865648538077203
1769098059.610448,13.277218914780871,-5.653344887013974,-1.5135075919752075,0.7270685672727047,-0.6865648538077203
1769098059.8111417,13.28544615262453,-5.686378541882894,-1.5061822235144593,0.7295783550134439,-0.6838972319697436
1769098060.0117903,13.291616891626408,-5.711029866250017,-1.5078315363054093,0.7290141267733289,-0.6844986508130755
1769098060.2124245,13.296288103133708,-5.729951044079599,-1.5140642339380734,0.7268774537109435,-0.6867671856507817
1769098060.413126,13.300846384895136,-5.748691383390061,-1.5161675062734987,0.7261548226919481,-0.6875312163685555
1769098060.6136904,13.305718003821196,-5.768762139100538,-1.5162508038631273,0.7261261872155953,-0.6875614592454571
1769098060.8144648,13.31024414833122,-5.787197688642516,-1.5115642590462985,0.7277353359861739,-0.6858580616695342
1769098061.0151558,13.315269248305839,-5.80767388403688,-1.5152360490243033,0.7264749468955064,-0.6871929507301214
1769098061.2158585,13.319737890217175,-5.826227607113179,-1.5194393130734722,0.725029116878893,-0.688718215003649
1769098061.416439,13.324736829395155,-5.8471789445099605,-1.520244002808009,0.7247519559632076,-0.689009870994244
1769098061.6171508,13.329213421929284,-5.8657827899156905,-1.515607720766014,0.7263472292514014,-0.6873279439676611
1769098061.817795,13.333562973620896,-5.883688248717633,-1.5155718452997673,0.7263595582397723,-0.6873149148343305
1769098062.0185096,13.33854895221359,-5.904069800852862,-1.5128074446666866,0.7273088709833606,-0.6863102841928783
1769098062.2191246,13.343128796946115,-5.923143459932906,-1.5192995284943804,0.7250772512008933,-0.6886675393765533
1769098062.4196358,13.348030722770156,-5.943987721389848,-1.5249926333760624,0.7231139879850961,-0.6907287169216945
1769098062.6204264,13.280797041581547,-5.8596586104410315,-1.522166076859789,0.7240894573803184,-0.6897060661692603
1769098062.8210118,13.280797041581547,-5.8596586104410315,-1.522166076859789,0.7240894573803184,-0.6897060661692603
1769098063.0217383,13.290090210597022,-5.898684826879236,-1.5216078710638512,0.7242819281369188,-0.6895039438424316
1769098063.2223616,13.2945163914093,-5.917430810782225,-1.523939118339647,0.7234777341904741,-0.6903477153801681
1769098063.4230878,13.299027826569702,-5.93665077981364,-1.5230114733356612,0.7237978551622298,-0.6900120758816876
1769098063.6237242,13.303935447317459,-5.957597654955258,-1.5227993308820402,0.7238710415177325,-0.6899352978736725
1769098063.8243635,13.30828164653849,-5.975972399248543,-1.5183989377763294,0.7253872814768332,-0.6883409706472873
1769098064.0250654,13.312687383932648,-5.9942808819108055,-1.5170034411616073,0.7258673936066466,-0.6878346653802013
1769098064.2256887,13.317657855206928,-6.014952669356676,-1.5226132885247101,0.7239352169804446,-0.6898679595513018
1769098064.426321,13.321949520383848,-6.033262213442383,-1.5276123535124309,0.7222086099442515,-0.6916753022353711
1769098064.6269379,13.326773368314424,-6.053994688332327,-1.523181664404622,0.723739135595305,-0.6900736653486791
1769098064.827718,13.331166792882478,-6.072618389467256,-1.5220419792995459,0.7241322514064484,-0.689661135974058
1769098065.02825,13.336000315062657,-6.092984649165073,-1.52318419408306,0.7237382627624901,-0.6900745807617701
1769098065.229022,13.340292201471021,-6.111164183723508,-1.523394101859221,0.7236658327662029,-0.6901505361055644
1769098065.4296615,13.34519605243174,-6.132059926088092,-1.5257630404686793,0.7228478631919139,-0.6910072117415882
1769098065.630334,13.349542920108366,-6.150850430546694,-1.5265593799280885,0.7225726677446247,-0.6912949730964462
1769098065.8309915,13.279781484755425,-6.051257115890152,-1.5281981876474016,0.7220059754630693,-0.691886819787472
1769098066.0316803,13.279781484755425,-6.051257115890152,-1.5281981876474016,0.7220059754630693,-0.691886819787472
1769098066.2323685,13.280762759601261,-6.055394543774915,-1.5264200475457188,0.7226208258788873,-0.6912446325333129
1769098066.4329617,13.293178213246863,-6.1074668155572684,-1.5311624731120288,0.7209797077848756,-0.69295617535486
1769098066.6336057,13.298100480825266,-6.128592215703615,-1.5308616855273456,0.7210839159379557,-0.6928477366460708
1769098066.8342988,13.302513995728507,-6.147445169675539,-1.5281284800742676,0.7220300899000682,-0.6918616547250609
1769098067.0349934,13.306838359999297,-6.165799078819431,-1.5281497624858957,0.7220227276169261,-0.6918693379566797
1769098067.2356308,13.311775355947864,-6.186608995360349,-1.5282720350773094,0.7219804279391837,-0.6919134784586533
1769098067.4363563,13.316298650758004,-6.205748139233861,-1.5307914193026297,0.7211082573902996,-0.6928224022962345
1769098067.6369681,13.320701093763411,-6.224707614404691,-1.5328356733275972,0.7203997283347687,-0.6935591044858336
1769098067.8376572,13.32552445714906,-6.2454142181815815,-1.5264004622623455,0.7226275949552433,-0.6912375561333461
1769098068.0383449,13.329858295896997,-6.263583732864563,-1.5224852528056145,0.7239793793671087,-0.6898216133546529
1769098068.2390206,13.334654165121176,-6.283516536927897,-1.5246416663212587,0.7232351883622418,-0.6906018116937087
1769098068.4396846,13.339102993218276,-6.302231149001369,-1.5273561018522404,0.7222972254882936,-0.6915827629806234
1769098068.6402931,13.343601386453482,-6.321402156838027,-1.532646212803527,0.7204654261380055,-0.6934908577189624
1769098068.840997,13.348467544789543,-6.342332688743524,-1.5349510251176164,0.7196657647772257,-0.6943206658364786
1769098069.041603,13.281914153434164,-6.312064539283065,-1.533983660034147,0.720001511366092,-0.6939724948660021
1769098069.2423718,13.286720529327186,-6.332411147308914,-1.5309735426244373,0.721045164841926,-0.6928880647392331
1769098069.442967,13.291119388245425,-6.351163587091888,-1.5368622370344893,0.7190019393197138,-0.6950080656039113
1769098069.6436589,13.295444708162268,-6.370088939891173,-1.5426868815743977,0.7169748055648935,-0.6970990806084765
1769098069.844253,13.300132461274272,-6.390670932938062,-1.5411351035467489,0.7175154612180628,-0.6965425779613409
1769098070.0449188,13.30443255876505,-6.409186519046561,-1.5347120357665789,0.7197487272616526,-0.6942346646525447
1769098070.2455935,13.30917613070966,-6.429391944776234,-1.5350806376559232,0.7196207669340631,-0.6943673032316764
1769098070.446311,13.313563601929207,-6.448069031901033,-1.536269860141719,0.7192077611377248,-0.694795075053977
1769098070.6468956,13.318008026761866,-6.467278587764712,-1.5415257525011035,0.7173793957168559,-0.6966827130056541
1769098070.8475614,13.322287800381774,-6.4861104104738265,-1.5433379307081951,0.7167478447050375,-0.6973324365829281
1769098071.0482285,13.326987835449893,-6.506741538414601,-1.5400767602024648,0.7178839513412673,-0.6961627915988107
1769098071.2489328,13.332745128966325,-6.531596624103291,-1.5370873617986691,0.7189237030014614,-0.6950889937717807
1769098071.4495926,13.335623699602259,-6.544076143017018,-1.540408347873993,0.7177685219758086,-0.696281802764271
1769098071.6501825,13.340328124219257,-6.564784159091903,-1.5430866612383696,0.7168354482240181,-0.6972423826543184
1769098071.8508964,13.3460541182973,-6.590113781513042,-1.5422534371999617,0.7171258655635502,-0.6969436798907993
1769098072.0514271,13.278995198886808,-6.604088428725082,-1.5426261340813698,0.7169959787449319,-0.6970773030759193
1769098072.2521791,13.282285007068197,-6.618343311251403,-1.5391028944827723,0.7182228507604667,-0.6958131477958062
1769098072.4527764,13.288059049493015,-6.6431165320674115,-1.5419957759540244,0.717215647300569,-0.6968512863353455
1769098072.6534727,13.292423034085195,-6.662162799931651,-1.5468205985650583,0.715532470010642,-0.6985794760515583
1769098072.8540652,13.295721224529164,-6.676908962843947,-1.5478324610980587,0.7151789452505002,-0.6989413968784379
1769098073.0548897,13.301284565592375,-6.701704415559485,-1.5424488449043159,0.7170577680585256,-0.6970137425237222
1769098073.2553973,13.305555757545207,-6.720408404734899,-1.5430585747832741,0.716845239686769,-0.6972323159022527
1769098073.4560907,13.308840611277823,-6.7348461900473895,-1.5455100783391846,0.715990067631672,-0.6981104662249333
1769098073.6567123,13.314512824931978,-6.760006317736324,-1.5468547231616874,0.715520550535072,-0.6985916845783289
1769098073.8573654,13.318842543436471,-6.779371766503615,-1.5482550029140993,0.7150312633068793,-0.6990924777837109
1769098074.0580826,13.322079231835092,-6.793872297316666,-1.5497400377500588,0.714511977903204,-0.6996232081862718
1769098074.2586288,13.327183092115225,-6.816358365948557,-1.5399189673193578,0.7179388738739216,-0.6961061509429759
1769098074.4593396,13.332044900378554,-6.837289916990439,-1.5390631221219868,0.7182366876842282,-0.6957988649490515
1769098074.6599612,13.33637290908578,-6.856136701236978,-1.546601818538493,0.7156088833475603,-0.6985011997656537
1769098074.8606644,13.340961425762625,-6.876611391257728,-1.547899615285768,0.7151554764264687,-0.6989654101150004
1769098075.0612514,13.34513292861908,-6.895156330190967,-1.5449576044936737,0.716182884198684,-0.6979126566991419
1769098075.2619863,13.276216941710363,-6.885071248544366,-1.5477006524643044,0.7152250069526186,-0.6988942619807568
1769098075.4626036,13.280406327135326,-6.90350835199578,-1.5491591269045233,0.7147151571153886,-0.699415644798946
1769098075.6632462,13.284702003122156,-6.9223885102069875,-1.5480361867113663,0.7151077454078911,-0.699014243386816
1769098075.8638268,13.289439596198134,-6.943504238535484,-1.550508880537083,0.7142429749859831,-0.6998978301746422
1769098076.0644178,13.293595269409105,-6.962286137239132,-1.5517839870399484,0.7137966077182666,-0.7003530558296258
1769098076.2651536,13.297769055608097,-6.980778668356616,-1.5457003832403522,0.7159236374688497,-0.6981785912740172
1769098076.4658074,13.302507892727089,-7.001297038032213,-1.5437614324017144,0.7166001679033008,-0.6974841929111807
1769098076.6664884,13.306733803127173,-7.019751768027797,-1.5483625137699013,0.7149936822585181,-0.6991309135851491
1769098076.867064,13.310953831811926,-7.038493326239228,-1.5519142809019197,0.713750980351385,-0.7003995560017416
1769098077.0678275,13.315703478192097,-7.059735987814261,-1.553673604677239,0.7131345894832615,-0.7010271444691284
1769098077.2684648,13.319859807419238,-7.078336219768252,-1.552774412094843,0.713449696601446,-0.7007064509616739
1769098077.4691632,13.324325533674248,-7.098267803303079,-1.5511839035778596,0.714006710728543,-0.7001388555383901
1769098077.6697772,13.328590419038852,-7.117258723966829,-1.5515096199925316,0.7138926779014209,-0.7002551281059912
1769098077.870442,13.332790944493354,-7.136238033881696,-1.5577672631887403,0.7116982137750695,-0.7024853397113533
1769098078.071112,13.337218464183563,-7.1566704292447625,-1.5589272725288437,0.7112906493106745,-0.7028980098159326
1769098078.2717562,13.341691393147778,-7.1769633982502645,-1.5534402545154053,0.7132163770279045,-0.7009439346618173
1769098078.4725232,13.273325121593402,-7.201057531698478,-1.5511670593400952,0.7140126073558954,-0.7001328420641585
1769098078.6731596,13.277502572725384,-7.219653017111839,-1.5530700874387047,0.7133460979948361,-0.7008119180461629
1769098078.8739161,13.281709985675073,-7.2385789788569515,-1.5569593162552335,0.711981941132739,-0.7021977752035795
1769098079.0745897,13.286390318969591,-7.259940656568112,-1.5605276440466629,0.7107279726745657,-0.7034669493713985
1769098079.2752957,13.290399025094406,-7.278391975610318,-1.5590564258528308,0.7112452570204176,-0.702943941126147
1769098079.475961,13.294450119573657,-7.2968340589045475,-1.5542494180853248,0.7129327295154818,-0.7012324316413245
1769098079.6767297,13.299093134140309,-7.317815215009192,-1.5551436555132925,0.7126191241198657,-0.7015511271023912
1769098079.8773282,13.303209940030598,-7.336657476260501,-1.5616099466398257,0.7103471865749247,-0.7038514577132657
1769098080.0780296,13.307272548941306,-7.355615029602928,-1.5630273722184742,0.7098481796924276,-0.7043547130440364
1769098080.278631,13.311819348743164,-7.376720837989349,-1.5606925583848077,0.7106699643652649,-0.7035255515964386
1769098080.4794116,13.315880216608392,-7.395264403134762,-1.5563696840584114,0.7121889293966385,-0.7019878409522988
1769098080.680165,13.319933295089703,-7.413654192124682,-1.555307637589311,0.7125616008195006,-0.7016095531259182
1769098080.8808217,13.324594715748322,-7.434786818359102,-1.5601274428597791,0.7108687225988003,-0.7033247181997444
1769098081.081526,13.328688831461823,-7.4537634337635765,-1.565207855111085,0.7090798412713888,-0.7051282001895415
1769098081.2821543,13.33266426251805,-7.4725066389656725,-1.5644667754289137,0.7093410706784028,-0.7048654094568815
1769098081.482853,13.337047081187126,-7.4928710536165,-1.5594035685742316,0.7111232353708239,-0.7030673823437777
1769098081.6835198,13.264421491171722,-7.513852172266596,-1.5613823485322722,0.7104272796050611,-0.7037706163182378
1769098081.8841193,13.268888559009417,-7.534560906301805,-1.5632639756111686,0.7097648483679728,-0.7044386843588224
1769098082.0848377,13.272826108270463,-7.553079370130278,-1.5655330992286813,0.7089651624961234,-0.7052435028887861
1769098082.2854986,13.277297284565627,-7.574175502597082,-1.5659904540145413,0.708803870714826,-0.7054056087526384
1769098082.486197,13.281166302910849,-7.592294443462016,-1.563517771774906,0.709675450735658,-0.704528746484585
1769098082.686845,13.285510344934925,-7.612278768657066,-1.5594691011494015,0.7111001980810451,-0.7030906828347951
1769098082.8874714,13.28969359914351,-7.631287823036206,-1.5622197933663986,0.7101325328010889,-0.7040680264417
1769098083.0881045,13.2937887311751,-7.650290151430785,-1.567894340262768,0.7081320436397924,-0.7060800300040577
1769098083.2887826,13.298197881816153,-7.67124412548822,-1.5693469043059327,0.707619043688575,-0.706594147307538
1769098083.48936,13.302247440198693,-7.690256228508234,-1.5636151463551744,0.7096411482990578,-0.7045632978241165
1769098083.6900914,13.306265026127894,-7.7088610136627045,-1.5618526733726719,0.710261759561389,-0.7039376626554085
1769098083.8906994,13.310725946027842,-7.729596949283265,-1.5660743491128846,0.708774280054771,-0.7054353407172347
1769098084.091479,13.314831467340598,-7.748752391071521,-1.566580208623724,0.7085958317971096,-0.7056145882560553
1769098084.2920563,13.318913903357569,-7.768119731945674,-1.5700074140357847,0.7073856489487461,-0.70682780340148
1769098084.492679,13.323199115458754,-7.788556617467775,-1.566410467618339,0.7086557151098414,-0.7055544468304054
1769098084.6933002,13.327170330337426,-7.807041898967136,-1.5609721399275625,0.7105716110422795,-0.7036248898246703
1769098084.8939888,13.259960711896557,-7.847512358090357,-1.563355203217573,0.7097327155020924,-0.7044710587000903
1769098085.0945787,13.2644166925764,-7.868275239290539,-1.571162929479342,0.7069771556860116,-0.7072363829287326
1769098085.2951248,13.26840679122076,-7.887274050411603,-1.5716061472111849,0.7068204084745384,-0.7073930379667916
1769098085.4958308,13.272426301509913,-7.9064218715508385,-1.571884225220473,0.7067220464188929,-0.7074913067349253
1769098085.6964636,13.276808167030591,-7.927122928409102,-1.5720734370636729,0.7066551103892149,-0.7075581636592192
1769098085.897195,13.280731567042748,-7.945618478200941,-1.5699199228933667,0.7074165688578894,-0.7067968577358922
1769098086.0977728,13.28480010484017,-7.964781813794974,-1.5699982950034945,0.7073888717341746,-0.7068245780578456
1769098086.2984974,13.288804278591675,-7.983984553834398,-1.576964861177649,0.704922515152127,-0.7092843207287183
1769098086.4990609,13.293128153219723,-8.004956256538973,-1.573410993039796,0.7061817530686718,-0.7080306007743291
1769098086.69982,13.297046368163587,-8.023504627018355,-1.5667274021340054,0.7085438989340325,-0.7056667366989602
1769098086.9004786,13.30241223471036,-8.04844716576575,-1.5675088246377602,0.7082681329254595,-0.7059435189038026
1769098087.1011531,13.305514205934477,-8.062951224689279,-1.5681143001045272,0.7080543847314795,-0.7061579060398078
1769098087.3017738,13.30956742519605,-8.082066060285722,-1.5714673671120323,0.7068694928108106,-0.7073439899606042
1769098087.5024037,13.314895105861533,-8.10745656963319,-1.5720130813385174,0.7066764626604638,-0.7075368379962235
1769098087.7030363,13.318804507405108,-8.126032670714306,-1.5712439722869682,0.706948496894533,-0.7072650300549014
1769098087.903712,13.321883249437644,-8.14051584466202,-1.5677275318638801,0.7081909312163944,-0.7060209663620876
1769098088.1043322,13.248568761604913,-8.171067682710527,-1.5722462752418789,0.7065939612185586,-0.7076192295079792
1769098088.304947,13.252518721082689,-8.190048996926356,-1.5785923128529755,0.7043451188556784,-0.7098576995033442
1769098088.5056024,13.25554583142361,-8.204749790300546,-1.575873643239143,0.705309402096178,-0.7088996031277857
1769098088.7061641,13.261017363310918,-8.229979843521551,-1.5522571845001818,0.7136308850973746,-0.7005219195964805
1769098088.9068694,13.265403284317232,-8.24839692004608,-1.5315437179444695,0.7208476017061088,-0.6930935976580299
1769098089.1075022,13.269030877058732,-8.262752250718261,-1.5235448593025354,0.7236138080451724,-0.6902050831501927
1769098089.308294,13.275744641021241,-8.28791613772171,-1.5091901323549068,0.7285489800273994,-0.6849937107018107
1769098089.5089076,13.280906706473063,-8.306682976721634,-1.5093185738153392,0.7285049877287569,-0.6850404972367136
1769098089.7095666,13.286010607167485,-8.32525587525134,-1.5082407251370604,0.728874066914854,-0.684647788705259
1769098089.9103153,13.29114380026151,-8.343584270347703,-1.5044876610976885,0.7301575463404026,-0.683278828533537
1769098090.1109653,13.29691071764394,-8.364127061323403,-1.5077358656726103,0.7290468691487817,-0.684463777408534
1769098090.3115914,13.302010557385996,-8.382569803542905,-1.5103352368899878,0.7281566659314752,-0.6854107307735692
1769098090.5122373,13.307186028495089,-8.401438026214269,-1.510909447203201,0.7279598509682322,-0.685619760055316
1769098090.7128875,13.31292317303903,-8.42230432354248,-1.510344369107015,0.7281535362641113,-0.6854140556087756
1769098090.9136016,13.317951851329592,-8.44050414615947,-1.5070061246027333,0.7292965612786603,-0.6841977241317903
1769098091.1141999,13.323107977084824,-8.458878639279003,-1.503161116780998,0.7306105855214436,-0.6827943850999459
1769098091.3149219,13.2483492657674,-8.487538941228205,-1.5129494372820655,0.7272601436543031,-0.6863619187075594
1769098091.5154552,13.253477796589648,-8.506315002655576,-1.5220555634070754,0.7241275671742307,-0.6896660543033346
1769098091.7161508,13.25848030663725,-8.524758118021712,-1.5180276085264348,0.7255150695417095,-0.6882062800264819
1769098091.9168627,13.26412629138784,-8.545334499384575,-1.514280285178263,0.7268032610188363,-0.6868457030311723
1769098092.1175172,13.269038292672086,-8.563172671392742,-1.5144218653889987,0.7267546373180954,-0.6868971517895845
1769098092.318181,13.27460891353053,-8.58358599034874,-1.5149617068469636,0.726569203065746,-0.6870932929059974
1769098092.5188487,13.279651561194214,-8.6020707108565,-1.516688861799906,0.7259755739222007,-0.6877204854214619
1769098092.7195778,13.284728911095627,-8.620860696870684,-1.5214081126781982,0.7243507916215008,-0.6894315997089958
1769098092.9202068,13.290267475149074,-8.641335157096435,-1.5161684839830851,0.7261544865889307,-0.687531571352739
1769098093.1209524,13.295347948982236,-8.659678219269818,-1.5105766581629974,0.7280739242610909,-0.6854986220343958
1769098093.3216062,13.30048876572084,-8.678214657395863,-1.5144625679005872,0.7267406579479547,-0.6869119420168599
1769098093.5223346,13.306126650582533,-8.699003134536257,-1.5200125355245224,0.724831692730833,-0.6889259881968129
1769098093.7229373,13.311171675746566,-8.717775645396944,-1.5215136886502116,0.7243143969066521,-0.6894698357678549
1769098093.9236708,13.316151060311162,-8.736225067487153,-1.5184685815655372,0.7253633117003172,-0.688366229589416
1769098094.1242678,13.321628839246014,-8.756532418993045,-1.5203867277548764,0.7247027846691981,-0.6890615893319768
1769098094.324928,13.326617199841877,-8.774979422499886,-1.5180255138446455,0.7255157903278926,-0.6882055201645024
1769098094.5256312,13.253249690927445,-8.804107349276377,-1.5259330067430799,0.7227891366210509,-0.6910686391253735
1769098094.728952,13.258815882175728,-8.825046054938841,-1.5304456211143678,0.7212280349770135,-0.6926977129767327
1769098095.127606,13.268700656944716,-8.861833616915742,-1.5204290690022617,0.7246881966431862,-0.6890769315875018
1769098095.3283224,13.274251105901055,-8.882226157406734,-1.5226779774797499,0.7239129031830612,-0.6898913744967913
1769098095.5289037,13.2792102757094,-8.900812066737865,-1.5265467616908073,0.7225770291922445,-0.6912904142860005
1769098095.7296863,13.28422937173039,-8.919696298616154,-1.530432368901916,0.7212326248498092,-0.6926929340279533
1769098095.9302683,13.289681111148184,-8.94040348288959,-1.5331754368760857,0.7202818948888199,-0.6936814772612651
1769098096.1309998,13.294521522512053,-8.958785191525623,-1.5296424870067804,0.7215061413980983,-0.6924080357165328
1769098096.3316383,13.299433419638518,-8.977174134463088,-1.525394713571901,0.7229751092040532,-0.6908740778690335
1769098096.5323179,13.304847048942655,-8.997472478692062,-1.52909414359511,0.7216959529701534,-0.6922101931252544
1769098096.7329443,13.309749908564413,-9.016204209719167,-1.534865110294121,0.71969559033193,-0.6942897502172813
1769098096.9336967,13.315217321393582,-9.037064266533047,-1.529746023425166,0.7214702957072753,-0.6924453858695693
1769098097.1343935,13.32013940501444,-9.055555278963688,-1.5268056295770982,0.7224875466955956,-0.6913839344892095
1769098097.335057,13.325041358634476,-9.073868266876282,-1.527160427325845,0.7223648845960289,-0.691512092087019
1769098097.535792,13.329946327434296,-9.092416156316855,-1.5305044615061998,0.7212076553624613,-0.6927189313470372
1769098097.7364147,13.256448701955621,-9.112918118176498,-1.5390319862122128,0.7182475197625314,-0.6957876833883826
1769098097.9371479,13.261233868228528,-9.131444955440838,-1.5411952935519018,0.7174944984424574,-0.6965641712755591
1769098098.13777,13.266543205441474,-9.151980038829608,-1.5355556423683314,0.7194558327690678,-0.6945381952740736
1769098098.33847,13.271407282516195,-9.170486320283374,-1.5352845002435775,0.7195499854381502,-0.6944406515001537
1769098098.5392103,13.27629334719517,-9.189143872763854,-1.5402179784716776,0.717834794099489,-0.6962134790279086
1769098098.7398121,13.281123785845454,-9.207920442259704,-1.5416947812659607,0.7173205134456817,-0.6967433393940868
1769098098.9404602,13.28640514406579,-9.228462746233976,-1.5411448759767705,0.7175120577526972,-0.696546083887843
1769098099.1411939,13.291626285454226,-9.248628493586095,-1.53863794663684,0.7183845897632666,-0.6956461609113237
1769098099.3419003,13.296343336623918,-9.266702378446466,-1.5367185390272784,0.7190518731008377,-0.6949564042371124
1769098099.5425534,13.301155897416821,-9.284986695866912,-1.5321926806578958,0.7206226678108029,-0.6933274627744391
1769098099.7432382,13.306652903933914,-9.305917528839188,-1.539588711180283,0.7180538107501777,-0.6959875895927656
1769098099.943845,13.311494324239904,-9.324743549890918,-1.542249514040871,0.7171272326726372,-0.6969422731900291
1769098100.1446083,13.316295100696491,-9.343449349963187,-1.5380042981867148,0.7186049512605714,-0.6954185243605405
1769098100.3451836,13.321688875001778,-9.364067103280007,-1.5352796881954736,0.7195516562769776,-0.694438920243572
1769098100.5459454,13.326498722508179,-9.382535292686363,-1.5396107075138188,0.7180461561191714,-0.6959954868262311
1769098100.7492855,13.331346121068565,-9.401333657539803,-1.539720457116665,0.7180079624239536,-0.696034888418535
1769098101.1478326,13.284635155227917,-9.524703809387836,-1.5255995807894815,0.7229043366862008,-0.6909481311938575
1769098101.3485193,13.288323659671157,-9.5389392266597,-1.5216882557497415,0.7242542147729419,-0.6895330538731478
1769098101.5490944,13.293685327032467,-9.55922517023492,-1.5194982775340342,0.7250088116147841,-0.6887395901797126
1769098101.7497272,13.298582346729422,-9.577879820479279,-1.5245726551648713,0.7232590175464966,-0.6905768556342419
1769098101.9504106,13.303411048951908,-9.59673523517449,-1.5314979547345082,0.7208634606113173,-0.6930771033265171
1769098102.1510177,13.309830527389774,-9.621871885253915,-1.5275797168243312,0.7222198968436457,-0.6916635168947063
1769098102.3517478,13.314592802538666,-9.640326279887976,-1.525090978401724,0.7230800222441927,-0.6907642734184635
1769098102.5523639,13.318270751558817,-9.654642830553211,-1.5256957376929878,0.7228711161343139,-0.6909828865165413
1769098102.7531455,13.324673303209877,-9.679600966161996,-1.5268221088585892,0.7224818499158329,-0.6913898875035677
1769098102.9537961,13.32953272706387,-9.698709785598197,-1.532245506373511,0.7206043547997494,-0.6933464962366486
1769098103.1544,13.333206593642036,-9.713340734047344,-1.5311439392150954,0.7209861293430847,-0.6929494940433082
1769098103.3549604,13.339473180225152,-9.738046155090787,-1.524237507393562,0.7233747300380761,-0.6904556466148573
1769098103.555708,13.344273353796641,-9.756543006521856,-1.5229286125404824,0.7238264420156756,-0.6899820880565871
1769098103.7564144,13.34901969019046,-9.775132140296742,-1.5302486514043445,0.721296251713041,-0.6926266795790625
1769098103.957032,13.354215606333685,-9.795826710120586,-1.5310730225945561,0.7210106997079955,-0.6929239286578194
1769098104.157761,13.358980271266283,-9.81488112345295,-1.5325330254258136,0.7205046721900416,-0.6934500828122532
1769098104.358357,13.297225087041596,-9.738725680243498,-1.5201033351105933,0.7248004148865728,-0.6889588946956502
1769098104.559189,13.301830302903795,-9.757141627174207,-1.5190929462815648,0.7251483805649125,-0.6885926416714637
1769098104.759822,13.306959198662277,-9.777487681737329,-1.5208583475023707,0.7245402769953008,-0.6892324622444687
1769098104.960539,13.311658896635603,-9.79640176132498,-1.525864958936261,0.7228126490553135,-0.691044046617609
1769098105.1611145,13.3167302021983,-9.817179343352759,-1.528759862534065,0.7218116392678933,-0.6920895588125837
1769098105.3618398,13.321357063320324,-9.835824654316603,-1.5207850520150403,0.7245655353233476,-0.6892059090152889
1769098105.5625167,13.326005857788044,-9.854281840850254,-1.5193906014567182,0.7250458909527161,-0.6887005561291367
1769098105.7632408,13.331175853993987,-9.874930737255271,-1.5234640512450721,0.7236416945205305,-0.6901758456737349
1769098105.9638617,13.335839485055814,-9.893723385586751,-1.525038762367039,0.7230980564833847,-0.6907453949972826
1769098106.1645103,13.34051366641474,-9.91274805296383,-1.5274301724748571,0.7222716120100203,-0.691609513008928
1769098106.3652308,13.34554426102548,-9.93350951589945,-1.5248770318263531,0.7231539114321898,-0.690686919219066
1769098106.5659094,13.350070853766084,-9.952023105445775,-1.521328177011991,0.724378346130058,-0.689402648426797
1769098106.7666006,13.354701638863645,-9.97074564745599,-1.5240789512005586,0.72342946577419,-0.6903982966735
1769098106.967229,13.359281880160264,-9.989532761139204,-1.5282796647847094,0.7219777883852366,-0.6919162327033255
1769098107.167951,13.364339479605391,-10.010652258402146,-1.5289870368616465,0.7217330221215649,-0.6921715428846181
1769098107.3685663,13.368798000010834,-10.02902612574044,-1.5253101948785255,0.7230043044456553,-0.6908435247963566
1769098107.5692813,13.238921402866668,-10.02598614167099,-1.5486195277790484,0.7149038331355351,-0.6992227895085508
1769098107.7699237,13.24344464338119,-10.044370259371611,-1.5508111647701561,0.7141371827889124,-0.7000057743749801
1769098107.970593,13.24806276381962,-10.063174142342014,-1.5488778443439204,0.7148135167582896,-0.6993151194273197
1769098108.171222,13.252664375302869,-10.082190495653334,-1.5565448403929218,0.7121274478569494,-0.7020502104612945
1769098108.3718224,13.25764012010328,-10.10317328616452,-1.5568677775335866,0.7120140795303286,-0.7021651875097333
1769098108.572559,13.262062293018223,-10.12150385824144,-1.5499266609777118,0.714446691822024,-0.6996898774061019
1769098108.7732124,13.266621695092939,-10.140087574740853,-1.5496964922317156,0.7145272104614672,-0.6996076511232237
1769098108.9738722,13.27159496613609,-10.160706669124865,-1.556568202222325,0.7121192472197423,-0.7020585287133742
1769098109.1745288,13.275987241362296,-10.179798340571637,-1.5724077961378093,0.7065368112683655,-0.70767629204512
1769098109.3752377,13.280440363277508,-10.200665237099756,-1.590145430677056,0.7002328553560048,-0.7139145244915364
1769098109.5758553,13.284100802658601,-10.21931758697063,-1.6056701328745417,0.6946701599710566,-0.7193284151524856
1769098109.776551,13.287454669353762,-10.237796130563042,-1.6200298166779974,0.689487634956396,-0.7242974535660301
1769098109.9772189,13.29091895372226,-10.258977765806836,-1.6397710345116872,0.682304906397699,-0.7310677223798266
1769098110.177802,13.29358176927825,-10.278079411953073,-1.6674023698518106,0.6721399233613025,-0.7404241510268709
1769098110.3783808,13.295803188657091,-10.297084350315053,-1.6842836996911608,0.6658663823100357,-0.746071015996028
1769098110.5790951,13.297969838825717,-10.318361729275775,-1.6945848680244044,0.6620148655336625,-0.7494907056211215
1769098110.7797287,13.22602423855914,-10.361901310924395,-1.7250559009024136,0.6505195970450884,-0.7594894692227772
1769098110.9803407,13.227298021623268,-10.381069293515255,-1.7424192589956606,0.6439015208810185,-0.7651083788634858
1769098111.1809897,13.228245334321146,-10.402866046417905,-1.7685199036687431,0.6338620623854845,-0.7734461105134735
1769098111.3816218,13.228660246773261,-10.422325112256178,-1.785450297952566,0.62729205577459,-0.7787841015082991
1769098111.582268,13.22883190544607,-10.441129737954432,-1.7961931376552913,0.6230998501665316,-0.7821422995353504
1769098111.782975,13.228658897241322,-10.462263085459256,-1.8152122562642012,0.6156339599039721,-0.788032250236597
1769098111.9834967,13.228102995557238,-10.481718649332414,-1.836656401149752,0.6071493957476732,-0.794587698900024
1769098112.1841953,13.227183265428275,-10.500983138263035,-1.857610722346729,0.5987912017621991,-0.8009051733458721
1769098112.3848867,13.225736635505362,-10.522194015053266,-1.8751189277619038,0.5917571413351491,-0.8061162978620717
1769098112.585497,13.224124589989811,-10.541057309913631,-1.8907569136614188,0.5854360989768356,-0.8107185541325577
1769098112.786191,13.215014310603054,-10.569252515556977,-1.9031309219919423,0.5804090069817598,-0.8143251099004915
1769098112.9868045,13.212434446443106,-10.590611112498515,-1.9275099967370815,0.5704398869839071,-0.8213393545531513
1769098113.18748,13.209659637506855,-10.609543436739331,-1.9531025715408816,0.5598833766812202,-0.8285714239074594
1769098113.3881364,13.206546969541703,-10.628346378261764,-1.9648535335399855,0.5550054851162063,-0.8318466874917063
1769098113.5888333,13.202844580077914,-10.649025359920834,-1.979533808704213,0.5488847196908182,-0.8358980586709913
1769098113.7894804,13.199126404727535,-10.667640805920055,-2.0013478085884024,0.5397351123126238,-0.8418349057486744
1769098113.9900987,13.194533395315274,-10.688451488817371,-2.0226985527230683,0.5307176273923467,-0.8475487006509055
1769098114.1908054,13.189903526284224,-10.707590954955423,-2.0426234421160627,0.522247773281232,-0.8527937988182108
1769098114.3914645,13.185125400118439,-10.72606707682335,-2.0564022903650603,0.5163601676095332,-0.8563715182712786
1769098114.592168,13.179536150649183,-10.74626497759492,-2.0740593353835544,0.5087796474477536,-0.8608967826301476
1769098114.7928712,13.156927435630806,-10.744840330185957,-2.1009717891067963,0.4971495129508563,-0.8676648902501047
1769098114.9935486,13.150904668454885,-10.763667748723265,-2.123256010282775,0.48745123542418095,-0.8731502122106137
1769098115.1941905,13.144064733302027,-10.783664358255312,-2.141967076211336,0.47926123682196997,-0.8776723003945582
1769098115.3949258,13.13756602900948,-10.801580754135125,-2.158691411018677,0.47190532337847285,-0.8816492305713531
1769098115.5955935,13.130735841908134,-10.819509093956805,-2.1727946170636363,0.4656766018008082,-0.8849549720382679
1769098115.7962687,13.122978713539688,-10.838814028368413,-2.195679279183143,0.45552039052255267,-0.8902253500199717
1769098115.9969485,13.11526728947468,-10.856905229555078,-2.215151622076346,0.44683155091316057,-0.8946181113237869
1769098116.1975887,13.107371937008729,-10.87447412941262,-2.2294903852562586,0.4404062637121713,-0.8977985981739365
1769098116.3982072,13.098645232571666,-10.893277197984249,-2.2417547661655903,0.43489254578285613,-0.9004823560861737
1769098116.598904,13.090401865741022,-10.910320786782753,-2.2644300929008296,0.4246554478705706,-0.9053550411821017
1769098116.7995832,12.985042457192579,-10.899168297701722,-2.3002555070960304,0.4083708287191504,-0.9128161185316758
1769098117.000174,12.97593253790662,-10.916024032628975,-2.3180214871821923,0.4002462872069453,-0.9164076110427365
1769098117.2008646,12.963215006198075,-10.938375092396907,-2.339646360022924,0.39031448531841356,-0.9206815967263721
1769098117.4015737,12.955693138678123,-10.951099528346171,-2.352535683277889,0.3843729394667893,-0.9231779045263485
1769098117.6025417,12.945907680495738,-10.967158514202815,-2.3690687030656594,0.3767284340777722,-0.926323748458016
1769098117.8028998,12.931927080944638,-10.989011715212367,-2.3990796043532647,0.36278663844975867,-0.9318722310286556
1769098118.003499,12.92373262595313,-11.001161215824622,-2.41599257225019,0.3548933980656361,-0.9349067739670228
1769098118.2041473,12.909210081500666,-11.02189046578554,-2.4325368436658197,0.347147668263066,-0.937810480011562
1769098118.4049392,12.90068807152579,-11.03375023518064,-2.4432387508433697,0.34212454198035863,-0.9396546162153038
1769098118.6055596,12.885655322351413,-11.053954924945252,-2.464805311053473,0.33197228863880995,-0.9432891389048803
1769098118.8061807,12.828509130172428,-11.025504316238642,-2.49922582436127,0.3156896791495375,-0.948862490816484
1769098119.0069125,12.811946777447474,-11.045865132279852,-2.5308234457312007,0.3006600062764118,-0.9537313880888413
1769098119.2075655,12.799677893764645,-11.060349976874168,-2.5437282923223448,0.2944999115691078,-0.9556515066099083
1769098119.4082549,12.79011635884116,-11.071288236589329,-2.557779992665633,0.2877784338996719,-0.9576970152309404
1769098119.608899,12.772789185809877,-11.09039143402785,-2.5821736177433934,0.2760764675289771,-0.961135674125522
1769098119.8095953,12.759442249269089,-11.104418859844543,-2.603201586977013,0.2659560288762192,-0.9639851610395213
1769098120.010207,12.74610157727355,-11.1179234018849,-2.6221457104432755,0.25681330776607497,-0.9664610312652276
1769098120.210885,12.730895905822589,-11.132746756277793,-2.6422039008697964,0.24710782516348348,-0.9689879889570218
1769098120.4115365,12.716987590207182,-11.145850984595365,-2.6558240318662505,0.24050327446086117,-0.9706483271368698
1769098120.6121845,12.689421408765142,-11.133235723043503,-2.665091635322316,0.23600291660865289,-0.9717523467181385
1769098120.812928,12.673004187014461,-11.14752826947245,-2.690399103713464,0.22368805506159992,-0.9746607892096402
1769098121.0135474,12.658498016160127,-11.15969333586857,-2.705936551084417,0.2161095107709828,-0.9763691306848689
1769098121.214168,12.643779547313274,-11.171721193007441,-2.7199631898188628,0.2092566635425505,-0.9778607512130957
1769098121.4148593,12.627270055719425,-11.184711323364473,-2.7400311909930037,0.19943443882057485,-0.9799111717968738
1769098121.6154015,12.612202191709802,-11.196006009491528,-2.763728154144828,0.187810252223048,-0.982205329429603
1769098121.8160868,12.594713625036631,-11.208578855758969,-2.781289869317291,0.17917851757200232,-0.9838165778440103
1769098122.0167584,12.579141496324759,-11.219390318089424,-2.7962650256075583,0.1718071602029928,-0.9851306003281916
1769098122.2173734,12.562249932007811,-11.230693063216028,-2.8163212272542357,0.1619196981617117,-0.9868039376427418
1769098122.418065,12.546114209300859,-11.241071466184207,-2.832620990162942,0.15387207471097494,-0.9880907775220554
1769098122.6187563,12.579970774100184,-11.204038010064,-2.860950087164023,0.13986124721345408,-0.9901711122467152
1769098122.81935,12.563127518825477,-11.213942403117876,-2.878980020486312,0.13092932535722074,-0.9913917045050876
1769098123.0199506,12.54658896208734,-11.223311387406453,-2.8935401904060245,0.12370850368512551,-0.9923186011135674
1769098123.2206614,12.52813394215083,-11.233400506209533,-2.905935363723825,0.11755618671243613,-0.9930662329198545
1769098123.4213076,12.510987947687283,-11.242396434919517,-2.927667106617321,0.10675892932630425,-0.9942849345178177
1769098123.6219401,12.49376663830969,-11.250966517962803,-2.952841957825047,0.09423531467458701,-0.9955499512672288
1769098123.8225858,12.476080072379613,-11.259271210161746,-2.972136105072389,0.08462693494861709,-0.9964127066036454
1769098124.023218,12.456575627339996,-11.26804583563269,-2.9845791847107663,0.07842611576514417,-0.9969199287635854
1769098124.2239385,12.439243394239723,-11.275600153558667,-2.998238040256568,0.07161594710889321,-0.997432281470625
1769098124.4247313,12.421342229525571,-11.282978893897303,-3.023408531313702,0.05905767682598096,-0.9982545721447601
1769098124.6253228,12.344831231322958,-11.23657550413947,-3.0505647179928217,0.04549825556729541,-0.998964418155288
1769098124.8259206,12.325061746258864,-11.24375482168542,-3.0670291760949278,0.03727310285858191,-0.9993051164700867
1769098125.0266385,12.303369201757063,-11.251189257200933,-3.0836003414233972,0.02899209303682702,-0.9995796409197938
1769098125.2272298,12.28377398372798,-11.257552811343691,-3.1004476602933373,0.02057104553747586,-0.9997883936541248
1769098125.4279606,12.261396943999031,-11.264351353340764,-3.121934976784878,0.009828680148989586,-0.9999516973566918
1769098125.6285577,12.241183874377988,-11.2699801130107,3.134264212081284,0.003664212554641728,0.9999932867506434
1769098125.8292525,12.221189995234695,-11.27515534949962,3.120784498004504,0.010403890095713715,0.9999458780708466
1769098126.0299482,12.198328439849364,-11.280653584443128,3.1038833051998562,0.01885355707934193,0.9998222558962447
1769098126.2305298,12.177707352218127,-11.28516412227293,3.0783639918737506,0.0316090648801636,0.9995003086629847
1769098126.4312232,12.16076874765893,-11.24765113700275,3.0667122820722086,0.03743143929918131,0.9992991981143544
1769098126.6319842,12.137751618712002,-11.251646701566223,3.050548963808816,0.04550612450051321,0.9989640597303507
1769098126.8326344,12.117792637665946,-11.254743249841507,3.0323362027968996,0.0546010588003855,0.9985082495292049
1769098127.0360086,12.094648676759537,-11.257924370444647,3.0131603112001,0.06417204541162379,0.9979388501244395
1769098127.4344983,12.052319559338272,-11.26292080004697,3.0050832368169638,0.0682017243021091,0.9976715515650525
1769098127.635136,12.029223262781343,-11.265679982909234,3.009354107953919,0.06607110710164751,0.9978149171095623
1769098127.8357956,12.008366979378692,-11.26819902738827,3.009663797298002,0.06591659998657783,0.9978251359061915
1769098128.036504,11.98778941437285,-11.270703826245354,3.0094934587456508,0.06600158379197697,0.9978195182180747
1769098128.2372222,11.964092762335698,-11.273558352840494,3.0050310457450338,0.06822775905273937,0.9976697714648075
1769098128.4378483,11.942782872555181,-11.276121184824923,3.010787876671795,0.06535577227799044,0.9978620260486655
1769098128.638595,11.922562262512104,-11.278625371016657,3.0159101789584892,0.06279988525274297,0.9980261391427794
1769098128.839187,11.899709393194216,-11.281497886542123,3.0126292573685327,0.06443702277131393,0.9979217755397309
1769098129.0398862,11.878817649517726,-11.284142544468752,3.018069826872882,0.06172215631427299,0.9980933700911536
1769098129.2405927,11.856801925988952,-11.194496350298744,3.001672249649577,0.06990314671762578,0.9975537830508058
1769098129.4412448,11.836558850027135,-11.197025437708762,3.0021302705278177,0.06967469465665754,0.997569765442248
1769098129.6419604,11.81361311469258,-11.199970285564804,3.0066629019180553,0.06741370964453339,0.9977251083098804
1769098129.8425753,11.793205301549827,-11.202608165493855,3.0033499359186218,0.06906633107958668,0.9976120698504027
1769098130.0432763,11.77201168021487,-11.205286972980721,3.0010017998073373,0.07023754767188954,0.9975302937239746
1769098130.2439365,11.74803728385194,-11.208560946897153,3.023000407700227,0.05926138122652603,0.9982424999443393
1769098130.4445832,11.727601369597695,-11.21171799355032,3.0427615618786605,0.04939543703886016,0.9987793003460474
1769098130.6452098,11.706866096997292,-11.215392386904563,3.065370797639704,0.03810170298765423,0.9992738664797757
1769098130.845842,11.683698974346063,-11.21996506002755,3.085623794131364,0.027980777305719514,0.999608461399446
1769098131.0465958,11.663147432620715,-11.224436719767493,3.1006743113764013,0.02045774384449647,0.9997907184590148
1769098131.2472973,11.642064198437819,-11.229427477922929,3.116924307161446,0.012333860479830969,0.9999239350498937
1769098131.4478467,11.619485548801421,-11.235224411113899,3.1411508372603647,0.0002209081629175325,0.9999999755997915
1769098131.648639,11.599437542373064,-11.240785797114704,-3.123320518642093,0.009135940379913403,-0.9999582664258417
1769098131.8493526,11.579552907448107,-11.24673297679706,-3.1124535837268197,0.014569019487820606,-0.9998938662033904
1769098132.0500886,11.573527457616574,-11.143229744099951,-3.1244255455712673,0.008583448607328388,-0.9999631615264661
1769098132.2506588,11.553131074193713,-11.149231028499766,-3.1244642575859753,0.008564093311413412,-0.9999633274804398
1769098132.4513195,11.52609312641864,-11.157229054134902,-3.1181076187012757,0.011742247589924707,-0.9999310574342297
1769098132.6520154,11.510738967065892,-11.161805399064555,-3.117538345905914,0.01202686388453292,-0.9999276746570739
1769098132.8526614,11.490594243288779,-11.167853862875798,-3.113942045498383,0.013824863624042238,-0.9999044320062676
1769098133.0533483,11.463227174650752,-11.176076938571072,-3.1208758419827043,0.010358220567634639,-0.9999463521942926
1769098133.2539408,11.447378838264815,-11.180767565895398,-3.12119424360942,0.010199028164459405,-0.9999479885596553
1769098133.4545968,11.423047642852094,-11.188011320977166,-3.115420613898896,0.013085646365100557,-0.9999143792641486
1769098133.655381,11.400622047742184,-11.194824409869629,-3.1159670596886495,0.012812446378741557,-0.9999179172401061
1769098133.8560116,11.385133609108069,-11.199481791598533,-3.119140718261087,0.011225731878701227,-0.9999369894867314
1769098134.0566788,11.358005566260335,-11.207532052705243,-3.122583875450781,0.00950424597617088,-0.9999548336342119
1769098134.2572722,11.337596665006908,-11.213580429260398,-3.124029486380451,0.008781470738031098,-0.9999614421424844
1769098134.4578907,11.322360007303828,-11.218108021337963,-3.1188756873861756,0.011358238867339472,-0.9999354931243477
1769098134.6586077,11.295924845981496,-11.226089833358065,-3.111139914964396,0.015225780966714904,-0.9998840810783786
1769098134.8592079,11.30751446572353,-11.16071578592031,-3.11872484518764,0.011433655069051451,-0.9999346336294997
1769098135.0597706,11.28709972173049,-11.166833019385729,-3.1201931225093027,0.010699561381001954,-0.9999427580548069
1769098135.2605736,11.265037838432942,-11.17344948096759,-3.11233360890717,0.014629000504704674,-0.9998929904465944
1769098135.4612017,11.245404673983547,-11.17944055177353,-3.1148840780787577,0.013353890831784626,-0.9999108328244338
1769098135.6618,11.223368932014948,-11.18614364334666,-3.1160003974178987,0.012795778880564174,-0.9999181306701262
1769098135.8625062,11.203477326399106,-11.192154921001,-3.116196187624872,0.012697891730526503,-0.9999193785228886
1769098136.0631368,11.182876702764776,-11.198357333380427,-3.120971338689987,0.010310474763797891,-0.9999468456423797
1769098136.2638032,11.160760225172659,-11.204968031488727,-3.1192338666742,0.011179160594651023,-0.9999375112317764
1769098136.4645386,11.140779140509176,-11.21103316065822,-3.1128000162869154,0.014395821374176741,-0.9998963747943898
1769098136.665151,11.118638968650917,-11.217827626343267,-3.11088632238342,0.01535256243637905,-0.9998821424681197
1769098136.865811,11.098767357495541,-11.22381769559721,-3.1188336451066387,0.011379258648588767,-0.999935254140291
1769098137.066428,11.076400142020136,-11.230561541267022,-3.116530703222888,0.012530647239256305,-0.9999214883578437
1769098137.2671978,11.057088874285325,-11.23648068124419,-3.1125608757201233,0.014515379163883785,-0.9998946463341669
1769098137.4677973,11.037350140277086,-11.24255957016307,-3.111031687588865,0.015279888359360828,-0.9998832556912459
1769098137.6684563,11.05414802676379,-11.14888010034369,-3.124821768905719,0.008385344071087248,-0.9999648423843758
1769098137.8691735,11.033597700279893,-11.155161163074467,-3.1263294097427665,0.007631547844016203,-0.999970879314745
1769098138.069755,11.011715560663504,-11.161760819402128,-3.131693719281468,0.0049494469461521945,-0.9999877514124497
1769098138.2704122,10.9920159244797,-11.167794113129457,-3.122162113741642,0.00971511709312506,-0.9999528071363503
1769098138.4711223,10.971904516386413,-11.17403834685141,-3.1236646843200107,0.008963864588166693,-0.9999598237587574
1769098138.6717815,10.949642893863462,-11.180868503859513,-3.129984304593272,0.005804141909383329,-0.9999831558264848
1769098138.8724263,10.929586024838391,-11.18703205581944,-3.125067131997932,0.008262666775376095,-0.9999658635862322
1769098139.073115,10.907474600114472,-11.193833925460826,-3.12486583653998,0.00836331102657939,-0.9999650269027776
1769098139.2737956,10.887891721248709,-11.199902557235852,-3.1252319753623494,0.008180247878775911,-0.9999665412125757
1769098139.474523,10.867820143910436,-11.206189732274861,-3.12229206497636,0.009650144521689472,-0.9999534362712649
1769098139.6752164,10.845089241974433,-11.213215699857335,-3.131000703595393,0.005295950240889826,-0.9999859763571918
1769098139.8758245,10.82498946999044,-11.219325337025102,-3.129183648759129,0.006204462607476172,-0.9999807521366361
1769098140.0764534,10.80485883705769,-11.225507449119213,-3.1228665766719272,0.009362901655414356,-0.9999561670756328
1769098140.2770748,10.782720974358835,-11.232394975549672,-3.1240699752322403,0.008761227090920141,-0.9999616197134075
1769098140.4779027,10.834980743051975,-11.12294703403953,3.1264844120520223,0.00755404892343344,0.999971467765387
1769098140.678576,10.812392091457264,-11.130004550899521,3.1221207075260002,0.009735819221823582,0.9999526057889344
1769098140.879122,10.79280452960417,-11.13605803824263,3.1224843448300015,0.009554009027052779,0.999954359414224
1769098141.0799074,10.771003243902115,-11.142834671606444,3.130089374710641,0.005751607727622985,0.9999834593674775
1769098141.2804782,10.751384632590954,-11.149043255420738,3.1292775180208516,0.006157528873189624,0.9999810422393896
1769098141.4810724,10.731054218415672,-11.155435235168405,3.1243270438572512,0.008632697639579898,0.9999627375714875
1769098141.6817126,10.708442037956388,-11.162416849613349,3.124478584372739,0.008556930180511624,0.999963388802753
1769098141.8823326,10.688307510984572,-11.168671992947155,3.12527360009921,0.008159436204932155,0.9999667112463383
1769098142.0829608,10.668737759292503,-11.174782844532933,3.1287139441496303,0.006439310218556083,0.9999792674270348
1769098142.2837014,10.646844668382487,-11.181689803604364,3.1338771176541043,0.0038577583990608557,0.9999925588223817
1769098142.4843612,10.626582800716196,-11.188130651151338,3.1281536754606223,0.006719438498827269,0.9999774243182995
1769098142.6850262,10.604168986736566,-11.195153379643957,3.1249417809709668,0.008325340133071728,0.9999653437553067
1769098142.8857071,10.584405080446409,-11.201321822635059,3.1286901252014907,0.006451219445254916,0.9999791906673204
1769098143.0864494,10.564629252429512,-11.207620715935303,3.1322356407919414,0.004678489331424108,0.9999890558089002
1769098143.2871163,10.531487042542334,-11.103477640675136,3.1293912542569484,0.00610066182330738,0.9999813907895074
1769098143.4876883,10.511367189500543,-11.10977984174266,3.1259796643959246,0.0078064153074457535,0.9999695294757974
1769098143.6883721,10.488777391893683,-11.116833677074613,3.1272201978572927,0.00718616601470132,0.9999741791756471
1769098143.88895,10.46910035004678,-11.122940646999684,3.1271872239780056,0.007202652527661043,0.9999740605618557
1769098144.0896595,10.449373529310524,-11.129142670232241,3.132548957508499,0.0045218326308756945,0.9999897764625688
1769098144.2903798,10.427074778831864,-11.136277435391325,3.1342889137021337,0.0036518618268518055,0.9999933319303672
1769098144.4910145,10.407133560676947,-11.142557133753375,3.1247355893441253,0.008428432329152118,0.999964480133406
1769098144.691681,10.385162861692256,-11.14938578847129,3.124557211646225,0.008517617976485505,0.999963724434045
1769098144.892335,10.365809060723949,-11.155508603759106,3.1321079086034973,0.004742354717098501,0.9999887549726433
1769098145.0930188,10.343679479878151,-11.162507173299124,3.1271064377357654,0.0072430445951193944,0.9999737688084589
1769098145.2936244,10.323396094336289,-11.168880038980197,3.128117533100971,0.006737509269585569,0.999977302726838
1769098145.4942818,10.302813948350268,-11.175315153975655,3.1251973333932614,0.008197568282552789,0.9999663993726253
1769098145.6950552,10.280491121811268,-11.182204618232374,3.1213213446258434,0.010135480941048798,0.9999486346938494
1769098145.8956385,10.260661316318107,-11.18841657684062,3.1333288845552745,0.004131872760357239,0.9999914637773125
1769098146.0962808,10.219899954357048,-11.092114285159962,3.1314238494243747,0.0050843801764687375,0.9999870744555757
1769098146.297088,10.197665094418326,-11.099115838330018,3.125920954083573,0.007835769565786908,0.9999692998864075
1769098146.4976988,10.177204793843124,-11.105516642290695,3.130101623823864,0.005745483272207772,0.9999834945747699
1769098146.6983142,10.151187363849395,-11.113736141112367,3.1315436364926894,0.0050244874073842845,0.9999873771834787
1769098146.8991182,10.136067602329236,-11.118557186464809,3.1319962523271996,0.004798182220038981,0.9999884886574362
1769098147.0996919,10.116325924244718,-11.124879870196441,3.13421230291086,0.0036901669643769597,0.9999931913107084
1769098147.3002236,10.093874220636845,-11.132034898519203,3.127087083969642,0.007252721224005693,0.9999736986715435
1769098147.5009198,10.07382463350856,-11.138307319206087,3.1250995993501127,0.008246433652357282,0.9999659975879266
1769098147.701487,10.04756619518061,-11.146603811982024,3.1370812757437694,0.0022556870101383885,0.99999745593482
1769098147.9021668,10.03226774645911,-11.151530647557536,3.134650644233508,0.0034709977084426023,0.9999939760693102
1769098148.1028101,10.005522509676748,-11.160133781369646,3.1338615036106323,0.0038655653625857492,0.9999925286743034
1769098148.3035831,9.989865955436754,-11.165187387841693,3.1356579156361635,0.0029673646220650194,0.9999955973639083
1769098148.504206,9.963460873270161,-11.173690813828692,3.1332274107747895,0.004182609212158364,0.9999912528518329
1769098148.7047603,9.943918629746431,-11.180054432399624,-3.140621246791316,0.00048570338014167165,-0.9999998820461063
1769098148.905508,9.94611259890803,-11.083172771770748,3.13590582557799,0.0028434101744012064,0.9999959575011191
1769098149.1061528,9.925936823244548,-11.08979796625496,3.1262249862922094,0.007683758038427802,0.9999704794954734
1769098149.3067741,9.910357662437452,-11.094844028459878,3.129761489991927,0.005915547297242162,0.9999825029970145
1769098149.5074646,9.883561261942376,-11.103535932175905,3.1286630838398395,0.006464739844134096,0.9999791033510389
1769098149.708043,9.863814900506126,-11.1100083558354,3.1323732026165536,0.004609709160857146,0.9999893752342833
1769098149.908742,9.843982928147595,-11.116544571823683,3.1341608418011835,0.0037158973427995523,0.9999930960296365
1769098150.109446,9.821656985498292,-11.12392303724856,3.1289435421410894,0.006324513560726039,0.9999800000641114
1769098150.3100023,9.801444695660336,-11.130517826195346,3.1293688754297078,0.00611185102831941,0.9999813224640787
1769098150.5106983,9.7816918839467,-11.136970564875327,3.133031180999578,0.004280723221249285,0.9999908376623773
1769098150.7114263,9.75966835964248,-11.144296079977956,3.132430713127513,0.00458095420899353,0.99998950737422
1769098150.9120202,9.73989579468891,-11.150850745199074,3.1315438876336423,0.005024361838492837,0.9999873778143982
1769098151.1126227,9.719587084338979,-11.15747640356593,3.1271406745183254,0.0072259266518147364,0.9999738926512145
1769098151.313254,9.69704210454473,-11.164836967740348,3.129946124890883,0.005823231437966299,0.9999830448440713
1769098151.5139909,9.677535125224946,-11.171227142519568,3.133314808614278,0.004138910670675335,0.9999914346725477
1769098151.7146301,9.679806656780185,-11.057291268017662,3.1298607274121544,0.005865929448045379,0.9999827952878542
1769098151.91539,9.657347878107096,-11.064831633673514,3.1318797340634803,0.004856440673082021,0.999988207422462
1769098152.1160307,9.637145151925495,-11.071536537211989,3.1273844601191274,0.007104036980332563,0.999974766010914
1769098152.3166964,9.617221481197952,-11.078118005622272,3.1276333700949537,0.006979585078219136,0.9999756423994216
1769098152.5173414,9.595109548688372,-11.085578056442628,3.136015653241493,0.0027884965603793364,0.9999961121359087
1769098152.7180634,9.575251280580444,-11.092275415955358,3.131585304717182,0.005003653557034211,0.999987481647186
1769098152.9187355,9.553411641601581,-11.099592277131624,3.1289510322568588,0.0063207685776979165,0.9999800237427682
1769098153.1193094,9.533173575244867,-11.106351234831086,3.1285622671732556,0.006515147115826001,0.9999787762038048
1769098153.3199725,9.513563947364196,-11.112834298470919,3.125673900860391,0.007959292325000325,0.9999683243311686
1769098153.5206535,9.49174411941632,-11.120130439777869,3.133905806832434,0.003843413916240145,0.9999926140574582
1769098153.7213283,9.471766389552787,-11.126948543713898,3.1378919442570528,0.0018503536104925492,0.9999982880942928
1769098153.9219658,9.45173625381022,-11.133690697884035,3.1285311597473,0.0065307004979062635,0.9999786747481202
1769098154.1226964,9.429263948432013,-11.141190566190211,3.13255147860414,0.00452057209593879,0.9999897821617606
1769098154.3233685,9.409318558301758,-11.14794647620026,3.1350536584140776,0.003269491762916156,0.9999946551975226
1769098154.5239298,9.403053358347423,-11.07908230587119,3.1250856252874004,0.008253420445936169,0.9999659399454276
1769098154.7246597,9.3807582665192,-11.086711363483087,3.1297799447487615,0.005906320080024569,0.9999825575394364
1769098154.9252777,9.360317893701714,-11.093662587180365,3.1190999513039515,0.011246114070561999,0.9999367604595362
1769098155.125922,9.340283833511817,-11.100393081890397,3.1208784115986647,0.010356935828572991,0.9999463655017917
1769098155.32667,9.318688459708179,-11.107721258433811,3.130752181361828,0.0054202095738720415,0.9999853105561978
1769098155.5272946,9.299068449641151,-11.11448971212811,3.1269242894384206,0.0073341163246437155,0.9999731050071979
1769098155.72791,9.279126811524048,-11.121335021669514,3.1261802117450084,0.007706144649217297,0.9999703072264923
1769098155.9286432,9.256716059520775,-11.129016941062677,3.1306069899593214,0.00549280419438847,0.9999849144372539
1769098156.1292708,9.236670619532848,-11.135871743871377,3.1252286885930767,0.00818189120841558,0.9999665277679317
1769098156.3298697,9.217120456332758,-11.142610003313292,3.131606116778344,0.0049932476564488485,0.9999875336612158
1769098156.5306435,9.195103219992502,-11.150268287814953,3.1348675862910866,0.0033625273128681512,0.9999943466890552
1769098156.7312627,9.17486826216348,-11.157272444690333,3.1282031504321433,0.006694701569478954,0.999977590234349
1769098156.9318461,9.154673048645217,-11.164158456474132,3.122920402387174,0.009335989974072723,0.999956418695937
1769098157.1325321,9.132632038536896,-11.171669976168946,3.126284376073,0.007654064021257313,0.9999707072229459
1769098157.3332174,9.005578903571429,-11.036985281783902,-3.1405600878842805,0.0005162828298206583,-0.9999998667260109
1769098157.5338535,8.985672374580686,-11.043854810885486,-3.141568185665849,1.2233961971897272e-05,-0.9999999999251651
1769098157.7345557,8.963297672393074,-11.051563751261568,3.1383444743657005,0.0016240888980785055,0.9999986811667559
1769098157.9352126,8.943054131152016,-11.05846476405124,3.138244547539325,0.0016740522433250256,0.9999985987735616
1769098158.13574,8.923384871468249,-11.065167881134942,3.1406216738047963,0.00048548987342677906,0.9999998821497844
1769098158.3364468,8.9036046284545,-11.072015293402325,-3.1367046795863867,0.00244398456868544,-0.9999970134652543
1769098158.5371623,8.881342654078315,-11.079740393022687,-3.140370954492248,0.0006108495107842794,-0.9999998134314202
1769098158.7377641,8.86107424804985,-11.086646971065111,3.1379470169881767,0.0018228172913722096,0.9999983386671811
1769098158.9383564,8.840948550633014,-11.093501576876603,3.1398376457759047,0.0008775037943293355,0.9999996149934713
1769098159.1390798,8.81920523035397,-11.100945022466703,-3.1392551211024182,0.0011687659775955807,-0.9999993169928115
1769098159.3397963,8.799892612832252,-11.107595906617261,3.1407663564330535,0.0004131485666163788,0.9999999146541273
1769098159.5404594,8.779791630636431,-11.11460006905146,-3.1387494043765334,0.0014216241277755076,-0.9999989894919091
1769098159.7410161,8.757874398472081,-11.12216033523665,3.135599858487595,0.002996393067292786,0.9999955108042167
1769098159.9418287,8.736578830841324,-11.129426808711795,3.1370629987018734,0.0022648255077430506,0.9999974352794209
1769098160.1424346,8.748013181447698,-11.022500675718321,-3.133816802209537,0.003887915895176676,-0.9999924420264346
1769098160.3430626,8.728204163421838,-11.029419549610646,-3.1386216974255503,0.0014854775358010303,-0.9999988966776366
1769098160.5437562,8.706147949923059,-11.037042720285639,3.1400619627577324,0.0007653453413131069,0.9999997071232114
1769098160.7444696,8.686050819208788,-11.043980625762696,-3.138993841839873,0.0012994055092952564,-0.9999991557723048
1769098160.9450855,8.664271074175252,-11.051473898452809,-3.1413745763599144,0.00010903861472337653,-0.9999999940552903
1769098161.145895,8.644689123183388,-11.058275052140598,-3.1344707911489014,0.003560923694878871,-0.9999936598911211
1769098161.3465333,8.624671145462221,-11.065362641852518,-3.1298176405420755,0.00588747251107333,-0.9999826686835284
1769098161.5470803,8.602361500536361,-11.073181698370602,-3.1395640115609607,0.0010143208404860917,-0.999999485576484
1769098161.7477694,8.582326256980735,-11.080143719939185,-3.1340300561524765,0.0037812897076912972,-0.9999928508985184
1769098161.948442,8.562458286600453,-11.087123907483003,-3.1319620318067565,0.0048152922825952715,-0.999988406412911
1769098162.149142,8.542846846217273,-11.09407046104907,-3.130934643823235,0.00532897966087452,-0.9999858008870796
1769098162.3498037,8.516119010993286,-11.103516686858459,-3.1320845658960463,0.004754025939256025,-0.9999886995548344
1769098162.5504954,8.50028441970345,-11.1090725496968,-3.138737858260878,0.0014273971797458486,-0.9999989812681267
1769098162.751086,8.473953663175559,-11.11819750362687,-3.140461833595991,0.0005654099667752423,-0.9999998401557719
1769098162.9517817,8.450253639344664,-11.035998241605233,3.1350293566924092,0.0032816425585647166,0.999994615396562
1769098163.1525276,8.424049445528283,-11.045330266519711,3.1322609897545766,0.004665814988443024,0.9999891150260055
1769098163.3531187,8.404363802108676,-11.052294801376334,3.1262288391179753,0.007681831682399235,0.9999704942957084
1769098163.553773,8.388769551051288,-11.05777100228504,3.128128258342627,0.006732146770377523,0.9999773388431671
1769098163.7545674,8.362206355747205,-11.06715138919923,3.128314009485799,0.006639273274557736,0.9999779597823073
1769098163.9551296,8.342725360858262,-11.0740873134966,3.13202863621097,0.004781990463916396,0.9999885662182358
1769098164.1558669,8.327282486604386,-11.079612023159331,3.1338662078042048,0.003863213283362111,0.9999925377637211
1769098164.356602,8.300394746597721,-11.089212830635404,3.128248725125131,0.006671914731907896,0.9999777425292076
1769098164.557233,8.280383762951848,-11.096244012991768,3.1272590757091066,0.007166727589366965,0.9999743186780647
1769098164.7578895,8.260650015612754,-11.10322435224339,3.1354958411683485,0.003048401489362993,0.9999953536133853
1769098164.958582,8.240877221549187,-11.110321167420912,3.1352616871977315,0.0031654779095268383,0.9999949898622514
1769098165.15922,8.218910143936846,-11.118197554379034,3.135344466950768,0.0031240882376778532,0.9999951200244345
1769098165.359857,8.198775137161823,-11.125409229075396,3.1325648506084662,0.004513886161991262,0.9999898123639643
1769098165.560477,8.17879472708454,-11.132527012581876,3.1325460325139614,0.004523295113187807,0.9999897698483315
1769098165.7612388,8.168440327581736,-11.02415966708165,3.1393702688913216,0.0011111921205619738,0.999999382625845
1769098165.9619339,8.148712296006336,-11.031306088576391,3.1371426005040792,0.002225024706934987,0.999997524629463
1769098166.1625726,8.128597420800647,-11.038573687807192,3.134185895454728,0.003703370602220839,0.9999931424995786
1769098166.3632758,8.106291098297035,-11.046478265606105,3.1304181986935866,0.0055871983786325245,0.999984391485326
1769098166.563902,8.086417868728002,-11.053519638769247,3.1317045648732056,0.004944024216632245,0.9999877782375869
1769098166.7645738,8.067046467364248,-11.060461233720126,3.1373187631889667,0.002136943574007853,0.9999977167334742
1769098166.9652684,8.045518043919591,-11.068211101407641,3.1367116562355544,0.0024404962545047245,0.9999970219845816
1769098167.1659539,8.025735947733258,-11.07535695098818,3.135090660316308,0.0032509909101264833,0.9999947155150882
1769098167.3665216,8.003383388490816,-11.083357899887837,3.13211888312841,0.0047368675162751325,0.9999887809801334
1769098167.5672376,7.98385502301155,-11.09031154800638,3.135552223727977,0.003020210339328607,0.9999954391543524
1769098167.7679114,7.964222016813261,-11.097423024462632,3.138941270214103,0.0013256912995371062,0.9999991212709031
1769098167.9685798,7.9421354291872905,-11.105415734982124,3.135402632809572,0.003095005448882888,0.9999952104591658
1769098168.1691403,7.922216186328434,-11.112479050224382,3.1295654590242603,0.006013561037525835,0.9999819183783515
1769098168.3698585,7.902026626385673,-11.11961281594962,3.130664738056161,0.005463930579264266,0.9999850726198991
1769098168.5705628,7.941038692797941,-11.021204719215465,3.1121893998079124,0.01470109730036678,0.9998919330298476
1769098168.7712202,7.921551459590749,-11.02812283605249,3.117473304282266,0.012059382337912417,0.9999272830049334
1769098168.9719806,7.901547838951197,-11.035325905530513,3.1200227364809923,0.010784749479612372,0.9999418428982068
1769098169.1725633,7.881380201861555,-11.042521459294376,3.113266282160042,0.014162712206960203,0.9998997037618037
1769098169.3732145,7.859197078321017,-11.050318958914067,3.111400282199988,0.015095612311009577,0.9998860547527182
1769098169.5740068,7.839558956034885,-11.057341845303228,3.1192658777248483,0.011163156068061134,0.999937690032034
1769098169.7746322,7.819881528400755,-11.064404760061993,3.116726064234745,0.012432974342759577,0.9999227075874376
1769098169.9752338,7.7975832780362975,-11.07233214544273,3.1144688094593285,0.013561506337985975,0.9999080385444677
1769098170.1759632,7.777269938058982,-11.079495398112138,3.109614385850194,0.01598845260176164,0.9998721765222799
1769098170.3765328,7.755409361294747,-11.087141772989032,3.1080989634264404,0.0167460622981667,0.999859774867209
1769098170.5771708,7.7359022603215095,-11.09400364976148,3.1181057694755054,0.011743172139059647,0.9999310465767689
1769098170.7779062,7.716601600576151,-11.100917463358734,3.1188428559068866,0.011374653546524774,0.9999353065357262
1769098170.9785643,7.694354991684527,-11.108838897325366,3.1118964426196523,0.01484755990676204,0.9998897689069606
1769098171.1792018,7.67420444238739,-11.11593105094273,3.1147276372827153,0.013432104214181667,0.9999097852188363
1769098171.3798149,7.660135293633102,-11.00150431611406,3.1130737077402344,0.01425898969381737,0.9998983354386143
1769098171.5805817,7.638756504872871,-11.00914653921887,3.115769291073151,0.012911322506991979,0.9999166454015657
1769098171.781177,7.619332447987093,-11.016091260317474,3.115897760576634,0.012847093082919916,0.9999174726942813
1769098171.9818223,7.5971359985596525,-11.024002848918627,3.1096114688096406,0.015989910935588273,0.9998721532017341
1769098172.1825278,7.577032567816582,-11.03107640364592,3.1079319581099845,0.016829553188743733,0.9998583730406359
1769098172.3830698,7.557440668840849,-11.038002325004719,3.1145402738657113,0.013525777412129973,0.9999085224886313
1769098172.5837398,7.537699875722261,-11.045113236146493,3.11766825304307,0.011961914988419082,0.9999284537354709
1769098172.78452,7.515649323986155,-11.05305667898539,3.1153959539369436,0.013097975289379726,0.9999142178423701
1769098172.9851127,7.495584894572975,-11.060240255109479,3.1133403358053133,0.014125689088275516,0.9999002274766124
1769098173.1857526,7.475475518798561,-11.067448452910243,3.1149161083644215,0.013337877115265934,0.9999110465606719
1769098173.386461,7.453741733747439,-11.075300333096864,3.120754418141679,0.010418929211958866,0.9999457214839594
1769098173.587132,7.434046525233384,-11.082463041701311,3.118738668855647,0.011426743686576531,0.9999347126331405
1769098173.7878232,7.413931290833869,-11.089803825750398,3.118413830550961,0.011589152083567882,0.9999328435219957
1769098173.9884348,7.3920818484785045,-11.097633381287062,3.1125160372307823,0.01453779604295492,0.9998943206590452
1769098174.189165,7.335425734104892,-10.945129069926447,3.0961484511663793,0.022720146048533722,0.9997418641647119
1769098174.389857,7.313564571151315,-10.95307523282001,3.101497912163804,0.02004602791004473,0.9997990581937101
1769098174.5905187,7.293971314081074,-10.960222051201406,3.1009205637257375,0.02033464328310467,0.9997932297643093
1769098174.791298,7.274025866318392,-10.967511219878062,3.100146630215986,0.02072152849262969,0.9997852860774303
1769098174.9918349,7.251534585891011,-10.975724186923127,3.09878799354189,0.0214006961371194,0.999770978877086
1769098175.1924362,7.232171016689498,-10.982762076326143,3.1015865357214767,0.020001725015631345,0.9997999454872956
1769098175.3932016,7.21291414881344,-10.989870332724083,3.108312261083813,0.016639428329294104,0.999861555128946
1769098175.593878,7.191070819205716,-10.998011461446717,3.105367082753341,0.018111795048510196,0.9998359679868097
1769098175.7944596,7.1716126383461765,-11.005159060583711,3.099515513461978,0.021037018077926118,0.9997786974477847
1769098175.9951737,7.149362766572991,-11.013295170803445,3.1045120755243953,0.018539226870635004,0.9998281337645181
1769098176.19582,7.129650001307366,-11.020557199203909,3.1046603142893394,0.018465120175925744,0.9998295051341947
1769098176.3964143,7.110164593922815,-11.027777276233497,3.1069393382383677,0.01732579074055482,0.9998498972221853
1769098176.5971568,7.088172387091762,-11.03602615584407,3.1128797933908676,0.014355936944218026,0.999896948227393
1769098176.7977903,7.068063358783719,-11.043529833509725,3.100600967001433,0.020494408343404096,0.9997899675565133
1769098176.9983826,7.008620239644354,-10.974275144102808,3.105723764325489,0.017933483228952777,0.9998391821584494
1769098177.1990554,6.989062949354746,-10.981592354716799,3.115066327072315,0.013262774405002824,0.9999120455395475
1769098177.399868,6.962806084514505,-10.99151577417201,3.1111739299453696,0.015208775445516784,0.9998843398860929
1769098177.6004455,6.9472810161880245,-10.997331138818843,3.10958771511109,0.016001786265318473,0.9998719632214512
1769098177.8010616,6.92081503339645,-11.007201769715126,3.108906320581138,0.016342438973223312,0.9998664534268596
1769098178.001833,6.905390140370636,-11.012923623467142,3.1047971922597917,0.018396692816004298,0.9998307665267325
1769098178.2023942,6.885966427147507,-11.020164385729501,3.114168817827018,0.01371148820718683,0.999905993126926
1769098178.4030223,6.8597319069439235,-11.030146933504845,3.1168357685292203,0.01237812641650031,0.9999233880585138
1769098178.603701,6.83980432389852,-11.037701703606075,3.111408089757293,0.015091708977059026,0.9998861136750283
1769098178.804289,6.824569140257311,-11.043425063652679,3.113500496493217,0.014045616688934249,0.9999013554605412
1769098179.0049725,6.798406353842997,-11.053382459513191,3.1175537436558183,0.012019165566048113,0.9999277672207607
1769098179.2057161,6.7836182462573325,-11.059070978402197,3.121017471053054,0.01028740980559169,0.999947083199652
1769098179.4063954,6.757928742783821,-11.06891980296156,3.121493900523404,0.010049207386345169,0.9999495054406029
1769098179.6070156,6.737708945581644,-11.076632003750348,3.11236030985962,0.014615651455804896,0.9998931856616098
1769098179.8076482,6.734595914132715,-10.96650426623313,3.125578605162473,0.008006938655628805,0.9999679439528875
1769098180.0083044,6.713058354285268,-10.974667477762988,3.135665556916679,0.0029635439986065363,0.9999956086938424
1769098180.2089813,6.693417944865857,-10.9822643544991,3.1343935299594814,0.0035995540420000497,0.9999935215843644
1769098180.4096029,6.67809766778392,-10.988190859203733,3.1352690419955382,0.0031618005290263277,0.9999950014962148
1769098180.6103466,6.651553845276691,-10.998356717446347,3.1327453440136934,0.004423640360519129,0.9999902156551137
1769098180.810946,6.642667556328181,-11.00176314222415,3.1348190011594386,0.003386819740364207,0.9999942647095763
1769098181.011572,6.62094170301582,-11.010142699315928,3.1324625446520336,0.004565038613151792,0.9999895801569436
1769098181.2123063,6.62094170301582,-11.010142699315928,3.1324625446520336,0.004565038613151792,0.9999895801569436
1769098181.412985,6.575237027821791,-11.027882817706578,3.1357509243691277,0.0029208604571327643,0.9999957342779968
1769098181.6135707,6.551108791338471,-11.037137266992419,3.1279412512621194,0.006825648162167439,0.9999767049922544
1769098181.8142622,6.529717588871865,-11.045329173209767,3.1346390507648496,0.0034767944077943383,0.9999939559320575
1769098182.0148363,6.521010611136871,-11.04870813079798,3.1392312816394914,0.0011806857008344236,0.999999302990395
1769098182.2154803,6.499343976588634,-11.057170210362491,3.1365645846694217,0.0025140318119155963,0.9999968398170309
1769098182.416217,6.479938983859913,-11.064744121004043,3.136620261291805,0.0024861935877276225,0.9999969094159463
1769098182.616888,6.469585139996538,-10.947595381282142,3.128142473103063,0.0067250395510510845,0.9999773866658369
1769098182.817477,6.4504036492305366,-10.95504569953691,3.130345820892171,0.005623386710818928,0.9999841886359506
1769098183.0181706,6.4290597825636455,-10.963429645496126,3.1337340878383637,0.003929272764850014,0.9999922803779734
1769098183.218872,6.409474350518871,-10.97116729610319,3.1315784072071975,0.005007102268823968,0.999987464384864
1769098183.419539,6.387390478274889,-10.979743775387206,3.1220970005619555,0.009747672141375282,0.9999524903153271
1769098183.620132,6.367630373981913,-10.987381985751238,3.1294570309919783,0.006067774064525572,0.9999815908895032
1769098183.8208857,6.348080341662285,-10.995002023662373,3.130129352186963,0.005731619318940771,0.9999835741350869
1769098184.0214996,6.326563775418083,-11.003430953188188,3.129407627003904,0.006092475601967225,0.9999814406982959
1769098184.2221456,6.3067919459585395,-11.011247855215066,3.1361836651122457,0.0027044909418662087,0.9999963428576853
1769098184.4228206,6.286811928155722,-11.019088561053346,3.127533755195042,0.007029391306306908,0.9999752935237264
1769098184.623479,6.26718416700952,-11.02671812937389,3.130020985888817,0.005785801569568706,0.9999832621100203
1769098184.8241906,6.245655238386708,-11.03525373760438,3.140301804189186,0.0006454246554925719,0.9999997917134853
1769098185.0249329,6.226029160227593,-11.043094597222792,3.1358800346846634,0.002856305568697987,0.999995920750929
1769098185.2255945,6.206277361315414,-11.050893398543124,3.129540699140082,0.006025940755304509,0.999981843854184
1769098185.4262013,6.218578281323513,-10.915445843189927,-3.1411211369330507,0.000235758326187269,-0.9999999722090054
1769098185.6267817,6.198957437790092,-10.923162664719882,3.141540670916872,2.599133645777494e-05,0.9999999996622252
1769098185.827525,6.17977073338068,-10.930738448848423,-3.1372526896686446,0.0021699802575650424,-0.9999976455900693
1769098186.0282204,6.157924908945477,-10.939504534979978,-3.1324984527601902,0.004547084745417077,-0.9999896619567215
1769098186.228755,6.138042479719088,-10.94745423219873,-3.138212209623019,0.0016902211786019392,-0.9999985715751635
1769098186.4294734,6.118316770871388,-10.955250093873804,-3.132970370384188,0.004311128248377114,-0.9999907070434335
1769098186.6301153,6.09669677691274,-10.963898861379981,-3.130557775140411,0.005517411230961555,-0.9999847789708144
1769098186.8308144,6.077757811181565,-10.971548976648547,-3.130080999069582,0.005755795478832804,-0.9999834352720078
1769098187.0315154,6.0584278072071545,-10.979312343651277,-3.1334518276654566,0.0040704017222331105,-0.9999917158805965
1769098187.232121,6.036292916382886,-10.988173469370336,-3.135744794014707,0.002923925621254115,-0.9999957253203442
1769098187.4327495,6.016495639966994,-10.99606349702339,-3.135023161037587,0.0032847403692794295,-0.9999946052258014
1769098187.6334634,5.997284991621159,-11.00371628263131,-3.1308749631984907,0.0053588195471637335,-0.9999856414234461
1769098187.834109,5.975659616809928,-11.012487183907488,-3.12687837711141,0.007357071868808588,-0.9999729363805389
1769098188.034707,5.955936199859096,-11.020493072624106,-3.1299136584789498,0.005839464367928342,-0.9999829501825998
1769098188.2353954,6.007836313858312,-10.920969872707692,-3.130922762868052,0.00533492005402256,-0.999985769212751
1769098188.4361167,5.988106823520586,-10.928892969608402,-3.127583675980481,0.007004431528083745,-0.9999754686685911
1769098188.6367605,5.966650888252217,-10.93761052205283,-3.1218979697007407,0.009847182795604521,-0.9999515153201128
1769098188.837432,5.947211214357762,-10.94550777205932,-3.124456866339797,0.008567788798916218,-0.9999632958239503
1769098189.038113,5.92739612876091,-10.953556956519195,-3.1265766531011674,0.007507929706764763,-0.9999718150985648
1769098189.23867,5.905502125819747,-10.962338585787299,-3.132299140928519,0.004646739608261437,-0.999989203847228
1769098189.43928,5.886149571734994,-10.97004550572883,-3.1306817204857076,0.005455439491045672,-0.9999851189792573
1769098189.6400063,5.866748727623151,-10.977903691512743,-3.1223289318571865,0.009631711937967526,-0.9999536139867409
1769098189.840652,5.845042883182521,-10.986745700107837,-3.1243623372116427,0.008615051618599002,-0.9999628897542193
1769098190.0412767,5.825353439729965,-10.994700652191638,-3.1263766976194143,0.007607904592089057,-0.9999710594750818
1769098190.241949,5.805459117759066,-11.00275648784799,-3.124597940918336,0.008497254077403702,-0.9999638976848835
1769098190.4425755,5.783950401653736,-11.011478578162828,-3.1258499430235815,0.00787127400081224,-0.9999690210429542
1769098190.6433012,5.764664835355789,-11.019351567094558,-3.119679950433901,0.010956132376193332,-0.9999399797804643
1769098190.844003,5.745447133302158,-11.027256700094412,-3.120708453487205,0.010441910288995505,-0.9999454817686395
1769098191.0447185,5.686377737195343,-10.929325527943076,-3.1351244581308713,0.003234092091683373,-0.9999947703104964
1769098191.2454014,5.666795525645544,-10.937207714423405,-3.128737004387431,0.006427780338277021,-0.9999793416065769
1769098191.445999,5.6473172578139845,-10.945144531082159,-3.1241871478205554,0.00870264303031904,-0.9999621312851237
1769098191.6467626,5.625872176394973,-10.953955486824713,-3.1273876961517946,0.007102419004818688,-0.9999747775040528
1769098191.8474333,5.606329513651856,-10.962002164734802,-3.121478503382787,0.010056905567619736,-0.9999494280464407
1769098192.048014,5.5864301954564475,-10.97017967796577,-3.127828746283241,0.006881899330375442,-0.9999763194504191
1769098192.2487624,5.564768693494912,-10.978996383818322,-3.126825801967479,0.007383358726792369,-0.9999727426354738
1769098192.449447,5.545583336635184,-10.986913546126111,-3.117756770613619,0.011917659357994074,-0.9999289821759477
1769098192.6500869,5.525980146369495,-10.99507849503156,-3.1200840182715206,0.010754110361275954,-0.999942172883181
1769098192.8507392,5.5063209911795905,-11.003174653803496,-3.1290714214525828,0.006260575170883739,-0.9999804024072321
1769098193.0513577,5.484664649357985,-11.012003794012166,-3.128025765464177,0.006783392039436572,-0.9999769925315478
1769098193.2520587,5.4589235048199285,-11.022546482096065,-3.1263445479078835,0.007623978981656036,-0.9999709370499161
1769098193.4527946,5.4397092884182925,-11.030460050881052,-3.121572897894927,0.010009710687223582,-0.9999499015910538
1769098193.653475,5.42461132802676,-11.036736780709838,-3.1183314097445742,0.01163035970936326,-0.9999323650792742
1769098193.8540747,5.428476435507784,-10.931977324834598,3.130797612271447,0.005397494451343415,0.9999854334207312
1769098194.0546787,5.408942562800805,-10.939978824712929,3.132930463016609,0.004331081745878322,0.9999906208214707
1769098194.2554774,5.389686893513051,-10.947990574609586,-3.139404800955391,0.0010939260990220222,-0.999999401662666
1769098194.4561164,5.374607473542094,-10.954311517676633,3.138973383859729,0.0013096344906635823,0.9999991424283827
1769098194.6566975,5.348508556467646,-10.965181552005664,3.134607868676558,0.00349238535728353,0.9999939016036629
1769098194.8574724,5.333607888273734,-10.971339304390082,3.129660881131439,0.005965850839803436,0.9999822041535326
1769098195.058031,5.30744800805957,-10.982128145309803,3.12961603871014,0.005988271649947024,0.9999820701405833
1769098195.2587156,5.288293925654928,-10.990054761773319,3.137814492990099,0.0018890791762776165,0.999998215688341
1769098195.4594204,5.268882006876128,-10.99821789774021,3.1411022588149837,0.00024519738494780573,0.9999999699391208
1769098195.6600091,5.249235879084406,-11.006477034939465,3.1342639048928507,0.003664366147827247,0.9999932861878297
1769098195.8606381,5.227396528360277,-11.015526715291577,3.1330998221962276,0.004246402934866926,0.9999909839904132
1769098196.0614042,5.208266143937745,-11.023510290056008,3.139250818114394,0.0011709174701354473,0.9999993144759041
1769098196.261991,5.1890042139330035,-11.031638380612582,3.1377430915764126,0.001924779818208214,0.99999814760961
1769098196.462586,5.1674263595686085,-11.040723351864207,3.1369280377626123,0.002332305799097283,0.999997280171131
1769098196.663273,5.106707021023972,-10.902940006968073,-3.140569694943704,0.0005114793007431339,-0.9999998691944539
1769098196.8639276,5.086989603469911,-10.911159869745077,3.1390871919458805,0.0012527304942974507,0.9999992153328465
1769098197.06459,5.0656813276268515,-10.920036718643287,3.1405834925385774,0.0005045805041967685,0.9999998726992493
1769098197.2652225,5.046374877497875,-10.928254354738648,-3.1314036993755923,0.005094455070376553,-0.999987023179569
1769098197.4658914,5.026943527569797,-10.936566153092016,-3.1310993878897717,0.005246608779230174,-0.9999862364534412
1769098197.6665535,5.005150861498038,-10.945792988465302,-3.1402881851799274,0.0006522341586885067,-0.9999997872952785
1769098197.8671727,4.985729638667985,-10.954064136777067,-3.1320237423184794,0.004784437382169633,-0.9999885545139685
1769098198.0679085,4.964955712479192,-10.962969936842173,-3.1284778404877156,0.006557359556851187,-0.9999785002867022
1769098198.2685103,4.945734853942197,-10.971258687052401,-3.1302092855656882,0.005691653281498509,-0.9999838024102806
1769098198.4692068,4.926298459242677,-10.97968677365214,-3.1289615082891373,0.006315530666107912,-0.9999800568373378
1769098198.6698847,4.904450601827175,-10.989042384051187,-3.136150153310654,0.0027212467810028046,-0.9999962974011238
1769098198.870431,4.885169358540214,-10.99725449807579,-3.132951911800848,0.004320357454095987,-0.999990667212184
1769098199.0711339,4.865818430587876,-11.005625500346353,-3.127040493247536,0.007276015970389545,-0.9999735294454541
1769098199.271914,4.846720024436285,-11.01394244258884,-3.131083023821065,0.005254790700794029,-0.9999861934920355
1769098199.472527,4.839745008343459,-10.939168033936832,-3.107353330583768,0.017118825268850394,-0.99985346217404
1769098199.6732287,4.8199024957512755,-10.94780469541019,-3.106085664285269,0.017752562056438048,-0.9998424108530466
1769098199.8765543,4.800746446052311,-10.956115907181788,-3.105875238938999,0.017857758050745857,-0.9998405375245599
1769098200.2752023,4.760118910794639,-10.97401291679381,-3.1019210456926922,0.01983450321115144,-0.9998032768911926
1769098200.4757836,4.740843078047222,-10.982429371705816,-3.1123757300185337,0.014607942199460712,-0.9998932983197243
1769098200.676531,4.719442004202963,-10.991670533735972,-3.11014522950688,0.015723064140492737,-0.9998763849866812
1769098200.8771384,4.710760036317637,-10.995443117659939,-3.108732258310213,0.0164294584239737,-0.9998650273391378
1769098201.0777812,4.710760036317637,-10.995443117659939,-3.108732258310213,0.0164294584239737,-0.9998650273391378
1769098201.2785685,4.670906284837636,-11.012899312608747,-3.105070956659107,0.01825983360947708,-0.9998332753397209
1769098201.4791572,4.645417442620857,-11.024101227230915,-3.1100641309192207,0.015763608408883415,-0.9998757466055127
1769098201.6797593,4.6194104892437595,-11.03544509316978,-3.106709238974095,0.017440822988502244,-0.999847897279123
1769098201.8806307,4.600433603495088,-11.043787200306236,-3.099618296591362,0.020985637858560776,-0.9997797772528054
1769098202.0812886,4.58534555300517,-11.050471761693297,-3.1015277417763913,0.020031116098530203,-0.9997993570651299
1769098202.2818623,4.539092458968761,-10.929238852983667,-3.1217605103730484,0.009915909103802955,-0.9999508361647812
1769098202.4824626,4.519472162014628,-10.93775174329797,-3.12571365437883,0.007939416193819536,-0.9999684823385692
1769098202.683182,4.499993064878381,-10.946208583879459,-3.1260613984885013,0.007765549499890282,-0.9999698476659008
1769098203.0844567,4.459708953206722,-10.963880949491331,-3.1176822197832537,0.011954932117669756,-0.9999285372455683
1769098203.2851675,4.4401216173772715,-10.972532338809122,-3.1206776537966063,0.010457309293483803,-0.9999453208462653
1769098203.4857283,4.420560818887554,-10.981055075932574,-3.1221488694102932,0.009721738946067517,-0.9999527427793098
1769098203.6863534,4.399277217280306,-10.990376012498505,-3.1165194396514027,0.012536278582639454,-0.999921417772066
1769098203.8870685,4.380352593873218,-10.998773532119849,-3.1165207444711984,0.012535626224006726,-0.9999214259506454
1769098204.087725,4.359105469167449,-11.008177455757876,-3.1211044576997744,0.010243918774042545,-0.9999475296875086
1769098204.288407,4.3398127051906075,-11.016681318332182,-3.1197008496008403,0.010945683419312015,-0.9999400942128904
1769098204.4892066,4.3201335302452755,-11.025312444851025,-3.122686975394198,0.009452698320181658,-0.9999553222491832
1769098204.6924708,4.299390393942768,-11.034353319174942,-3.124570911025028,0.008510768535360425,-0.9999637827536243
1769098205.0910864,4.249286704972985,-10.916135482496948,-3.1332347605494197,0.004178934356959795,-0.9999912682156981
1769098205.2917564,4.230247936553945,-10.924462460372716,3.1383119222563725,0.0016403649310612993,0.9999986546005414
1769098205.4924586,4.209006385847829,-10.933753226843365,-3.136017785050205,0.002787430660165731,-0.9999961151076112
1769098205.6930718,4.190372834740563,-10.941995493853943,-3.1328671960260017,0.0043627149423135,-0.9999904833138824
1769098205.893761,4.171279903194072,-10.95045059002066,-3.1363613573601903,0.0026156451322595755,-0.9999965791944201
1769098206.0944645,4.149743087736971,-10.960012965859093,-3.1335796336570305,0.004006499247558761,-0.9999919739496809
1769098206.295111,4.130328476956258,-10.968554143260434,-3.1404838389021608,0.0005544073154151049,-0.9999998463162525
1769098206.4958184,4.109149625491126,-10.977798906716586,-3.1385891620402906,0.0015017452102851034,-0.9999988723800259
1769098206.6964579,4.0899846156201365,-10.986278729891787,-3.1303525594473642,0.005620017486463192,-0.9999842075770257
1769098206.8971071,4.0708180051263945,-10.99481728128105,-3.1335945749036327,0.00399902868410554,-0.9999920038528227
1769098207.0978498,4.051444248137779,-11.003388385241738,-3.1363742383413102,0.00260920466367706,-0.999996596019718
1769098207.2984772,4.029634070139348,-11.013021088953952,-3.1346622442962158,0.0034651977119693747,-0.9999939961843856
1769098207.4990737,4.010385421100352,-11.021499606649726,-3.1359626573411514,0.002814994406547581,-0.9999960378953964
1769098207.6998823,3.9851926889539415,-11.032682760184908,-3.131912356845341,0.00484012947385964,-0.9999882865047351
1769098207.9005322,3.9144035714392786,-10.904134195619761,-3.128637468588729,0.0064775472015222895,-0.9999790204710557
1769098208.1011827,3.895021513105672,-10.912686447526951,-3.137092438009448,0.0022501058914628355,-0.9999974685085343
1769098208.3018026,3.8693275528612783,-10.92386125906758,-3.1342358724111214,0.0036783822942290496,-0.9999932347289643
1769098208.5025363,3.854563811996123,-10.930340540973763,-3.1337021715644027,0.003945230778138753,-0.9999922175467704
1769098208.7031224,3.829469986098609,-10.94143470726273,-3.134221643769681,0.003685496566725908,-0.9999932085344663
1769098208.903737,3.8145179944648286,-10.948051693943208,-3.129594914558266,0.005998833536173243,-0.9999820068362256
1769098209.1045136,3.789139393043302,-10.959252628639362,-3.136053770376355,0.0027694380665400603,-0.9999961650990445
1769098209.3050814,3.774507580854752,-10.965654493445442,-3.13411806571911,0.0037372852353222898,-0.999993016325149
1769098209.5057003,3.7493835452939543,-10.976742804959468,-3.1270421031795266,0.00727521102569989,-0.9999735353020757
1769098209.7064545,3.729920885659219,-10.98542544170803,-3.1302826566639466,0.005654968322765046,-0.9999840105388028
1769098209.907087,3.7147819704241063,-10.992120291751784,-3.1329595855586057,0.004316520610994134,-0.9999906837815115
1769098210.10771,3.688755710124323,-11.003483009861585,-3.1373920133752295,0.002100318563076241,-0.9999977943285343
1769098210.3084862,3.6694021194351465,-11.011974351984772,-3.1332141157002296,0.0041892566911988765,-0.9999912250256875
1769098210.50906,3.650645444051293,-11.020251134279256,-3.130444172215707,0.005574211819805687,-0.9999844639606097
1769098210.7097254,3.649512494799675,-10.890823638765212,-3.1263543691132147,0.007619068521615125,-0.999970974476191
1769098210.910368,3.629794814343716,-10.899618054588275,-3.128967622701625,0.0063124735208048245,-0.9999800761405445
1769098211.1109548,3.610384801591642,-10.908169644498013,-3.1273187950330144,0.0071368686910581675,-0.9999745322283397
1769098211.3116348,3.589756001490534,-10.917344451513872,-3.122896572860115,0.009347904217678407,-0.9999563073888464
1769098211.5123022,3.5705515622116724,-10.925984353433794,-3.1214523087370805,0.01007000222725295,-0.999949296242136
1769098211.7129421,3.551277134552801,-10.93459207079341,-3.1266441760151924,0.007474169197043106,-0.9999720680073089
1769098211.913567,3.5298021937720416,-10.944106841364928,-3.1291741055202986,0.0062092341349771875,-0.9999807225199179
1769098212.1142113,3.5104314386595186,-10.952684710402764,-3.128302775834965,0.00664488997607392,-0.9999779224748944
1769098212.3149543,3.489973265236324,-10.961744939118809,-3.1265135099535932,0.007539500386963086,-0.99997157756304
1769098212.5156047,3.471551723819314,-10.970027622534147,-3.121712065578262,0.009940130307418872,-0.9999505956843425
1769098212.7162244,3.4500622167366193,-10.979757499347212,-3.1214239204367473,0.010084195656707868,-0.9999491532062804
1769098212.9169388,3.431247805972386,-10.98815375338241,-3.1285195981707643,0.006536481162788196,-0.999978636978815
1769098213.1176274,3.4105006716432347,-10.997436079407183,-3.121146293147294,0.01022300214560267,-0.9999477437482076
1769098213.3182228,3.3915780177319133,-11.006023547386217,-3.1174831448122067,0.012054462430583005,-0.9999273423281861
1769098213.5189059,3.376759543354921,-10.89014628828862,-3.102876453710848,0.019356890932528518,-0.9998126378344225
1769098213.7196677,3.3574746860402085,-10.898854277738081,-3.102117967661776,0.019736061500176226,-0.9998052249695744
1769098213.9202328,3.336066767426498,-10.908457082725645,-3.109301865301762,0.016144692706412927,-0.9998696659552261
1769098214.1208894,3.3174365586800425,-10.916769213948433,-3.105637053455457,0.017976831674772868,-0.9998384037047872
1769098214.3216894,3.2984140263267143,-10.925381394483182,-3.09740906950898,0.022089995111103485,-0.9997559862866495
1769098214.5222752,3.2769830417548835,-10.935178642528129,-3.1006019012654766,0.02049394130949301,-0.9997899771299986
1769098214.7256007,3.2576838658453173,-10.943916414853913,-3.1029145999097767,0.01933782140312179,-0.9998130068484711
1769098215.124155,3.217299523410027,-10.96223358096755,-3.101610572695556,0.01998970893150006,-0.9998001858055608
1769098215.3247435,3.1983724827457136,-10.970872524121242,-3.09726438927217,0.022162317519665062,-0.9997543856778811
1769098215.5255125,3.179205710761595,-10.979656715207758,-3.0970792824639837,0.022254848096261874,-0.9997523301979407
1769098215.726134,3.157496849502187,-10.989515548576456,-3.106194421228549,0.01769819212803467,-0.9998433747319623
1769098215.9267752,3.1386616263583482,-10.997988995207253,-3.1023869026044975,0.019601620041697583,-0.9998078697888615
1769098216.1274185,3.1183020480420183,-11.007268724410196,-3.0945585506116755,0.023514883858074074,-0.9997234868888203
1769098216.328114,2.993843052868199,-10.910937297262848,3.139192329996893,0.0012001615083336783,0.9999992798059176
1769098216.528804,2.973049689103037,-10.920485567178844,3.139406968091473,0.00109284253162887,0.9999994028474223
1769098216.7293718,2.953743157982434,-10.929329255047257,3.136307977202133,0.002642335119051863,0.9999965090264659
1769098216.930069,2.9325770456798756,-10.93897536072848,3.1384520271881797,0.0015703125554385872,0.999998767058479
1769098217.130687,2.9142739361556997,-10.947396222516646,-3.136980845821842,0.002305901840487048,-0.999997341404817
1769098217.331372,2.8929295488970026,-10.957320732248062,-3.1402428440214507,0.0006749047329351423,-0.9999997722517748
1769098217.5321379,2.873575524632868,-10.966242868288267,3.1388857314518814,0.0013534606557314486,0.9999990840717072
1769098217.7326732,2.854389934097632,-10.974985768296055,3.134804088776017,0.003394275889217288,0.9999942394290019
1769098217.9333472,2.8330835460274906,-10.984751083394102,-3.1415920996204316,2.7698468080833425e-07,-0.9999999999999616
1769098218.134093,2.814219761981714,-10.993467082626468,-3.137649722636712,0.0019714641994662664,-0.9999980566625668
1769098218.3346593,2.7951205310266034,-11.002337238811362,-3.1385873528037096,0.0015026498275549215,-0.9999988710211106
1769098218.535317,2.773829466798295,-11.01225649191969,-3.1399904816580926,0.0008010858801690174,-0.9999996791306548
1769098218.7360451,2.7546613978555503,-11.02109836035658,3.140954773745584,0.00031893991669745727,0.9999999491386635
1769098218.9366827,2.7359602101080944,-11.029743918617395,-3.1375003002796,0.0020461752272615662,-0.9999979065812785
1769098219.1374593,2.8041106589854046,-10.917585547345986,-3.0954603684240327,0.02306409725888603,-0.9997339883277114
1769098219.3381267,2.785181773245222,-10.926461570195514,-3.10192575195293,0.019832150543892618,-0.9998033235615915
1769098219.5388725,2.7641021850021907,-10.936235656582715,-3.1051018700659276,0.018244379480899794,-0.9998335574571184
1769098219.7395175,2.7445610891674512,-10.945296092779303,-3.1025282960623577,0.019530936846819082,-0.9998092530607454
1769098219.9401903,2.7259349455771344,-10.953923060819589,-3.1033079957024894,0.019141159915102363,-0.9998167912158229
1769098220.140892,2.705581050810274,-10.963456272174094,-3.097542808954909,0.022023141655929918,-0.9997574612032675
1769098220.3415313,2.6861391618198063,-10.97266866828611,-3.096949939561928,0.02231950348353976,-0.9997508888539426
1769098220.5420687,2.6668165350118667,-10.98171839290959,-3.1057216701726724,0.017934530136962622,-0.9998391633801741
1769098220.7428653,2.64622619249796,-10.99134346767216,-3.097065991068655,0.02226149214749615,-0.9997521822768716
1769098220.9435606,2.6274210041322528,-11.000303777805884,-3.0923853908652705,0.024601149182450717,-0.9996973459297083
1769098221.1441689,2.606371291210075,-11.010319610262494,-3.0967242264852084,0.022432331765701273,-0.9997483635853341
1769098221.344875,2.587354277311884,-11.019305609218927,-3.0968379304621085,0.02237549404706005,-0.9997496372923323
1769098221.5455058,2.5678213220385446,-11.028503070845465,-3.0999434318711714,0.020823105743157606,-0.9997831756272003
1769098221.746115,2.547394200154166,-11.038059214727806,-3.0996950083716515,0.020947290399828244,-0.9997805814402004
1769098221.9468076,2.4778174325222633,-10.903047981809761,-3.095298975657238,0.023144772100920207,-0.9997321238833913
1769098222.147484,2.4593095983177617,-10.911925691858915,-3.1001453069311826,0.020722189992963075,-0.9997852723669696
1769098222.3481617,2.4385506270277135,-10.921786852071339,-3.1043260677598634,0.018632214688360203,-0.9998264052203296
1769098222.5487974,2.42015658285369,-10.930491546161274,-3.1013236586524986,0.02013313708209426,-0.9997973078535637
1769098222.7495277,2.3956855200653937,-10.942212107243316,-3.0965544417233453,0.022517202703684805,-0.9997464556488316
1769098222.950153,2.379717116429788,-10.949887929079917,-3.0963605941325287,0.022614101818694735,-0.9997442685001668
1769098223.1508324,2.3545415578068685,-10.962012367607022,-3.0960131881436648,0.022787760049761532,-0.9997403252804773
1769098223.3515995,2.3353105140092048,-10.971196634375989,-3.10441092623658,0.018589792798737695,-0.9998271948710437
1769098223.5522523,2.3204241925910774,-10.97820110877854,-3.1097709032551077,0.015910203853724172,-0.9998734246960127
1769098223.752896,2.2955322276004058,-10.989619642819216,-3.122066714228631,0.009762814587472163,-0.999952342590051
1769098223.9534886,2.2809729138211727,-10.996060466337502,-3.1378037473595075,0.0018944519819593263,-0.9999982055242339
1769098224.1541991,2.2551670362706435,-11.00677603798246,3.114667845860416,0.013461997222289432,0.9999093832096921
1769098224.354856,2.239721562930261,-11.012798589005994,3.096208316682856,0.022690221006839196,0.9997425437934813
1769098224.5555074,2.214417595070244,-11.022160822107628,3.0802894664973444,0.030646794139870603,0.9995302766844776
1769098224.756232,2.2000897930054766,-10.856299462947618,3.0193735427469552,0.061071528161700875,0.9981333921114925
1769098224.956824,2.177547261120254,-10.86358412988916,2.9956906588938716,0.07288630887674413,0.9973402558697427
1769098225.1574132,2.1569571992133394,-10.86973273672742,2.975476531864119,0.08296259583383067,0.9965526617758403
1769098225.3580425,2.1348521185699525,-10.875832937731454,2.955432432089234,0.09294576272497786,0.9956711732251126
1769098225.5586686,2.115196708966204,-10.880902623936036,2.9409137235133835,0.1001711800150937,0.9949702179936762
1769098225.7593591,2.094472475635354,-10.885870414750407,2.920810177159071,0.1101671660354299,0.99391307242018
1769098225.9600399,2.071496665909895,-10.890866973292956,2.893548842653552,0.1237042107908865,0.9923191362825792
1769098226.1606991,2.0506973137972997,-10.894887044109673,2.8767838643864567,0.13201787167237305,0.9912473362179073
1769098226.3613212,2.028165506491332,-10.898867113221838,2.863913295834264,0.1383940524294894,0.9903772444135335
1769098226.5620291,1.9857730084422607,-10.828249557764643,2.8516645565063192,0.14445685543687936,0.9895110999464779
1769098226.762651,1.964504822975774,-10.831137312674587,2.828012465458704,0.1561484845739262,0.9877335930124409
1769098226.9633346,1.940990089178705,-10.833802550566336,2.8095866507546607,0.16524162721343066,0.9862531138789158
1769098227.163925,1.9204287865243184,-10.835748228414102,2.789582349226734,0.17509784950230647,0.9845510363102908
1769098227.3645308,1.8979645316869864,-10.837416473241989,2.7695528202142374,0.18494895076592588,0.9827481292836854
1769098227.565283,1.8773930897331286,-10.83854746280141,2.749226708404167,0.1949269516162891,0.980817762651952
1769098227.7658968,1.85444965922945,-10.83931481340887,2.7234745608153745,0.20753952597473652,0.9782266328199114
1769098227.9665403,1.8332407123509413,-10.839528280690855,2.7069733402196503,0.21560333730244674,0.9764810294849805
1769098228.1671965,1.8098035515729545,-10.839409877022385,2.689581116939545,0.22408666615902623,0.9745692207584503
1769098228.3678765,1.7719140711877566,-10.76163145413434,2.6595785252168334,0.23868070541282152,0.9710981005354906
1769098228.5685594,1.7508006450108418,-10.760698593668835,2.6332176848416915,0.2514590839085945,0.9678679295853595
1769098228.7691855,1.7278484190647692,-10.759116617819782,2.6107939737180543,0.2622946472330436,0.9649878331009636
1769098228.9698894,1.7067940284947418,-10.75728551405876,2.5977841937475556,0.2685661933615053,0.9632612313299599
1769098229.1705282,1.6843633800887152,-10.75495310017522,2.577260616938099,0.2784366623481989,0.9604545929196211
1769098229.371243,1.663247027607796,-10.752274710394198,2.551684642382642,0.29069584227909684,0.9568155137128821
1769098229.5717642,1.641848689716843,-10.749046032955688,2.532454229972709,0.2998822413543736,0.9539762268108557
1769098229.7723882,1.618812644592518,-10.745315020885041,2.53311175452528,0.2995685937578437,0.9540747652222796
1769098229.9731295,1.5982496703919205,-10.741986255180121,2.5362513786878362,0.2980705071652349,0.9545438558590483
1769098230.1737769,1.5777016151633132,-10.73872415840705,2.5370686872099224,0.29768040387340833,0.9546655839349005
1769098230.3745124,1.555153487143605,-10.735146239984518,2.5345341277246405,0.2988899928680686,0.9542875730948852
1769098230.575065,1.5343959519431711,-10.731752588598603,2.5303185064634666,0.30090078490604005,0.9536554501720886
1769098230.7756343,1.5120594413822148,-10.728133811435164,2.5357744474493757,0.2982981245797309,0.9544727491511821
1769098230.976289,1.490306471712233,-10.724712968180725,2.5384141599078993,0.29703809832117833,0.9548656283193662
1769098231.1770267,1.4979452028957616,-10.66580500223629,2.5638814412983724,0.28485542969531935,0.9585704899344101
1769098231.3776722,1.4748582875891345,-10.66207011330815,2.559044825620692,0.2871727130185547,0.9578788195265426
1769098231.5782642,1.4542028726146428,-10.658679053741068,2.558425292368545,0.2874694181260405,0.9577898170487488
1769098231.779051,1.4334189479326827,-10.655289764909183,2.5672462702660814,0.2832423144358743,0.9590483779836184
1769098231.979732,1.4106718350737144,-10.651674506133949,2.5678276729421214,0.2829635058250783,0.9591306763789702
1769098232.1803708,1.3907939325811713,-10.64854982274847,2.5643163452553033,0.28464697991268106,0.9586324096475091
1769098232.3809648,1.3672060234891936,-10.644742038859372,2.560233587793082,0.2866033172714242,0.9580493403416211
1769098232.5817063,1.3466425854525075,-10.641578650144512,2.581076950795203,0.2766034488619379,0.9609841476724168
1769098232.7823265,1.3242355452296102,-10.638615149390668,2.6009150482911054,0.2670579495069516,0.9636804717359082
1769098232.9830523,1.303433920249343,-10.636284976663546,2.622693690902547,0.2565484972499273,0.9665313593250888
1769098233.1836908,1.280600657041488,-10.634168154973771,2.6410550402581907,0.24766440043058302,0.9688458828726888
1769098233.384293,1.2601356403751374,-10.63257771740883,2.6529700370915235,0.24188814174668719,0.9703041414331562
1769098233.585108,1.2366881237501324,-10.631195988702858,2.677482902790316,0.22997780393094736,0.9731958742715151
1769098233.7857618,1.2167084226538427,-10.630425372132446,2.699376302086662,0.21931095475007054,0.975655013376456
1769098233.9864476,1.2681117685263146,-10.461945434535027,2.703874373060027,0.217116119197282,0.9761457835716505
1769098234.1870515,1.244801015111517,-10.462077146788541,2.721319407131966,0.2085935196416842,0.978002425131704
1769098234.387808,1.224354078364622,-10.462482265174058,2.7335116201087075,0.20262767372149576,0.9792558531059261
1769098234.588448,1.2007292115620938,-10.463335446137075,2.7559177826828614,0.1916445046150656,0.9814644078370066
1769098234.789166,1.1800115435495682,-10.464571663829044,2.7800620967477028,0.17978243527567822,0.9837063972376853
1769098234.9897778,1.1575808779515826,-10.46634663159771,2.7961205613069295,0.1718783178563326,0.9851181877576302
1769098235.1904755,1.1373286968746166,-10.468338992879428,2.8162008098353533,0.1619791120597462,0.9867941868780623
1769098235.391134,1.1146972376132405,-10.470931310981173,2.832283305212588,0.15403890420948307,0.9880647832960862
1769098235.591789,1.0919138734069562,-10.473945201756969,2.8493784536487694,0.14558782289592181,0.9893453319364406
1769098235.7924798,1.0714549549697183,-10.477121599210038,2.8760688892658486,0.13237222182094044,0.9912000781326582
1769098235.993225,1.0745067888073878,-10.432113524985356,2.8925530495216694,0.124198267727548,0.9922574213849329
1769098236.193919,1.054043229235254,-10.436140632344875,2.9091582111197636,0.11595578431537533,0.9932543763225039
1769098236.3945532,1.0331063737601092,-10.440630077488802,2.9293575559185605,0.10591849715543493,0.9943748146249151
1769098236.5952063,1.010530800910841,-10.445907875222638,2.9482008149843146,0.09654530363467302,0.9953285911426883
1769098236.7958462,0.990653001934267,-10.450926480566155,2.965957463613495,0.08770476464652331,0.9961465124459845
1769098236.996521,0.9682407753328341,-10.457151266656217,2.9904114659472376,0.07551862772534962,0.9971443911823804
1769098237.1972933,0.9486060097017823,-10.463048491393115,3.0072152799742224,0.06713814634890636,0.9977436891831654
1769098237.3979952,0.9260110083880209,-10.470253851084404,3.02047355746427,0.06052253824148094,0.998166830927981
1769098237.5986114,0.9061393153718003,-10.476668003696778,3.018728553683676,0.06139341754112149,0.9981136449736681
1769098237.7993484,0.8803815066767822,-10.485034171920134,3.0248679967945775,0.0583292021216498,0.9982974026710937
1769098238.000023,0.8584532101395022,-10.492244456732136,3.025273751516178,0.05812666898029913,0.9983092158010236
1769098238.200685,0.8388403198829093,-10.498636687015056,3.0191681273237605,0.061174043835975404,0.9981271143300107
1769098238.4013116,0.8232082000297813,-10.503683493910884,3.0152111755270368,0.06314869325806322,0.9980041295204138
1769098238.6020057,0.8011309033551748,-10.510762856816925,3.0152527863403784,0.06312792936262346,0.9980054431386572
1769098238.8026114,0.8123013533408123,-10.3147494100839,2.994952517826999,0.07325439280460554,0.9973132877560734
1769098239.0032876,0.7975486322862193,-10.319554255810308,2.9937789253878653,0.07383959982616493,0.9972701306554367
1769098239.2040112,0.7708897381123601,-10.328259559230679,2.994352175217852,0.0735537543305509,0.9972912539593842
1769098239.4045527,0.7507006735479553,-10.33476186794713,2.9910104282236802,0.07521999840597796,0.997166962870213
1769098239.605338,0.7286285559175742,-10.341857419556982,2.9901978630424098,0.07562512376368832,0.9971363199962816
1769098239.8061154,0.7090613585845698,-10.348226314625121,2.9943837905637705,0.07353798946737392,0.9972924165484747
1769098240.0066214,0.6938502791225636,-10.353176720968657,2.9954406172987533,0.07301099658103222,0.9973311357709858
1769098240.20735,0.6666437472747506,-10.361916185842583,2.9860757095612387,0.07768013615583214,0.9969783329876389
1769098240.408031,0.6510324220179715,-10.366861859370747,2.9875487734813007,0.07694580874658624,0.9970352764653484
1769098240.6087136,0.6250824617985473,-10.375042889082001,2.9885537175030827,0.07644481673380615,0.9970738137141777
1769098240.8094175,0.6100525493991387,-10.37981247020308,2.988397652661328,0.07652262058446622,0.99706784550445
1769098241.0100644,0.5832584084115142,-10.388345845588113,2.9896441278675994,0.07590119558884577,0.9971153436329138
1769098241.2107852,0.5633373041579115,-10.39460514699153,2.9816869419837513,0.07986770046439093,0.9968054727089586
1769098241.411323,0.5431080279484566,-10.400896639432538,2.9811865354854743,0.08011710192989402,0.9967854583501682
1769098241.6119795,0.49408775931569693,-10.284969594010615,2.9921947355870517,0.07462950916437223,0.9972113298403127
1769098241.8127203,0.475114367053175,-10.290951968994907,2.986613495783144,0.07741205274528015,0.9969991845983436
1769098242.0133133,0.4525942087339536,-10.297973979528011,2.9827989330696068,0.07931346874816068,0.9968497247203987
1769098242.2141173,0.4325170830807181,-10.304157592241364,2.9803711286825143,0.08052348808193568,0.9967527114922329
1769098242.4147494,0.4107955683724116,-10.310763181139214,2.9795955119942175,0.08091003103563828,0.996721408858971
1769098242.6152928,0.39136648835001786,-10.316729296205871,2.984340003636088,0.07854533739400392,0.9969105426133591
1769098242.8160434,0.36919734584844743,-10.323601645606347,2.9844495002042897,0.0784907581347061,0.9969148413417462
1769098243.0167966,0.3491080133455111,-10.329745706878356,2.9744956224306334,0.08345134978953321,0.9965118525227409
1769098243.2174067,0.32644348338423956,-10.336285640278945,2.9549958522300277,0.09316310549910713,0.9956508603791603
1769098243.4179738,0.3064755054802726,-10.341661748155895,2.9406563568171684,0.10029921528427156,0.9949573193928267
1769098243.618713,0.2848585967553272,-10.347134639467887,2.924532447709962,0.10831716962371286,0.9941163869309809
1769098243.819411,0.2646743744632394,-10.351857479979897,2.9015924917997133,0.11971228760221322,0.9928086261697392
1769098244.0200381,0.2417907264100112,-10.35668368365924,2.8812956286218796,0.12978140050938344,0.9915426304914091
1769098244.2206538,0.22145055699213811,-10.360548595745074,2.8595780788806278,0.1405404757346999,0.9900749338713026
1769098244.4213057,0.18853962253770518,-10.246393847929342,2.8477893718029845,0.14637385221186014,0.989229344180944
1769098244.6219027,0.1663440042382247,-10.249766115297943,2.826874233186021,0.1567105943820574,0.9876445664349206
1769098244.8225696,0.14561551267338557,-10.252484774375493,2.8025286207383773,0.1687210930756492,0.9856638335413135
1769098245.0232542,0.12225902110374265,-10.254963851659538,2.7838825685502915,0.17790299712909372,0.9840480291187447
1769098245.2238154,0.10171737914680512,-10.256850100783868,2.773122278162768,0.18319471808137366,0.9830766477071287
1769098245.4245825,0.07895310093903585,-10.258579359989367,2.75304720269696,0.19305299277510637,0.9811883315554536
1769098245.6250765,0.058327610780764205,-10.259661155506645,2.7282940567463347,0.20518164603911312,0.9787239100628329
1769098245.8257463,0.034369039215489616,-10.260373984775978,2.7053883339834117,0.21637713377605125,0.9763098565408734
1769098246.0263872,0.013640839276562788,-10.260574157047413,2.6862617519896994,0.22570383224431506,0.974195965968978
1769098246.227114,-0.007850413556918845,-10.097436096108128,2.6569934668571684,0.23993567832100876,0.9707887876714674
1769098246.4278052,-0.03095088735405538,-10.096822234559365,2.6368686610245304,0.24969183452850893,0.9683253522291915
1769098246.6285064,-0.05420781390184226,-10.095669173209266,2.6132185570386484,0.26112460807645077,0.9653051015388451
1769098246.8291638,-0.07498100007951614,-10.094123034058232,2.5899854668710525,0.27232024769319824,0.9622066735874966
1769098247.029758,-0.09587677088491242,-10.09222169661168,2.5758485901211103,0.27911468671865597,0.9602577735472629
1769098247.2305443,-0.11928210038896125,-10.089719254837371,2.558321231824793,0.28751925180148785,0.9577748586403344
1769098247.4312558,-0.14024309494017206,-10.087020524869017,2.5322946219107294,0.29995837154773314,0.9539522919614125
1769098247.6317992,-0.16126582416696822,-10.083851009868328,2.5116040345207775,0.3098110607486025,0.9507981418985976
1769098247.8323934,-0.18433280883640757,-10.079844565542636,2.4958931342712796,0.31727037243918665,0.9483351257716334
1769098248.0330439,-0.18288515525711735,-10.022459660140305,2.4794212910783013,0.3250699376572506,0.9456899786037236
1769098248.2337599,-0.20354574005522097,-10.018133531320405,2.460750937397446,0.3338838285289221,0.942614231298716
1769098248.4344654,-0.22620540019642132,-10.012880317876544,2.4378435377099095,0.34465811253589435,0.9387282809541826
1769098248.6351388,-0.24861525698162867,-10.007139555572568,2.4135726867285894,0.3560243216977179,0.9344766890402777
1769098248.8356893,-0.26818185253868676,-10.001737147764574,2.3980173576847053,0.36328152634335326,0.9316794151518233
1769098249.0364552,-0.29006045245115186,-9.995303140789112,2.380890386672845,0.3712465317652698,0.9285343357422269
1769098249.2370586,-0.31010234165681294,-9.989007732432995,2.3564046598162185,0.3825863445453906,0.9239197416266175
1769098249.43771,-0.3304407805979739,-9.98207277829721,2.3357018572822184,0.3921295405644214,0.9199100083251273
1769098249.6384854,-0.3522751956575212,-9.974202515023775,2.319499495550618,0.3995689489168985,0.9167031444592327
1769098249.8390386,-0.2630011086111004,-9.905013648887879,2.289295017847645,0.41336712700401873,0.9105644503891218
1769098250.0396974,-0.28442561373861586,-9.8963533101025,2.26728459220961,0.4233628481193149,0.905960208194765
1769098250.2402496,-0.30386011388563694,-9.88798479523501,2.2434263619698465,0.4341397727075073,0.9008455238016526
1769098250.4408712,-0.32330780771102297,-9.879146861696395,2.226473745109497,0.4417599298776747,0.8971333035588813
1769098250.6416783,-0.34408088953890625,-9.869256429203523,2.211223188434529,0.44858791175498675,0.8937387120558783
1769098250.84234,-0.3628160363249562,-9.859922180762592,2.186367210863951,0.4596603576603838,0.8880947897581248
1769098251.0430233,-0.3818816032737644,-9.849900297871853,2.165142924201287,0.4690588872893105,0.8831668926397286
1769098251.2436254,-0.40198173254835434,-9.83875738011157,2.1465642734439867,0.4772425561620793,0.8787716100261117
1769098251.4443264,-0.421581702847744,-9.827400034235298,2.1296444098571787,0.4846597372358378,0.87470277186167
1769098251.644956,-0.4390969196629293,-9.816891607409422,2.1140139335574113,0.49148087718464495,0.8708883667622458
1769098251.8456657,-0.45854589688185876,-9.80464797423549,2.0878792045984236,0.5028188079626801,0.8643918361246764
1769098252.0462594,-0.4763782463661508,-9.792794697167064,2.063675335586699,0.5132425458376887,0.858243607108173
1769098252.2469509,-0.49387942320197653,-9.78072231718375,2.0524951144636114,0.5180321782793097,0.8553611297383074
1769098252.4476438,-0.5163737733760556,-9.764576339117486,2.024032866590787,0.5301520613310984,0.8479025839484081
1769098252.6483488,-0.5294148556041478,-9.75475577450076,2.006725636084325,0.5374695423781521,0.8432831618239627
1769098252.8490245,-0.5479244399227061,-9.74021381535259,1.9883623848174212,0.5451894890989755,0.8383128419486356
1769098253.0496557,-0.5641133920039281,-9.727025280990654,1.9670208074792388,0.5541037396061381,0.8324476234301429
1769098253.2503629,-0.5852226731515249,-9.709067016749296,1.9487161845703014,0.5616992461270784,0.8273414995636758
1769098253.450991,-0.47721641158172196,-9.61328996428734,1.9436627567103775,0.5637879061719193,0.8259196067743416
1769098253.651689,-0.4894089054046465,-9.602169498691866,1.9270958038008212,0.5706099712293724,0.8212212008549309
1769098253.852242,-0.50599389447355,-9.586369900514294,1.9081205413317208,0.5783756166768612,0.8157705841924312
1769098254.0530097,-0.5206996650454574,-9.571867813948554,1.890221507216302,0.5856531099661291,0.8105618019540528
1769098254.2537544,-0.5402723495878967,-9.551854986115071,1.8669941446865146,0.5950270094700129,0.8037057036012456
1769098254.454346,-0.5545917647207554,-9.53644875755014,1.8409161439194957,0.6054556503033429,0.7958790457825586
1769098254.6549685,-0.5703244771838922,-9.518737117576054,1.818485915897409,0.614343261089598,0.7890388821558783
1769098255.056267,-0.5981103671819112,-9.485753880414443,1.7890038141851605,0.6259073553901355,0.7798974179137449
1769098255.2570095,-0.6113727125757817,-9.469201534094829,1.7729346222987172,0.6321532460699635,0.7748433864228359
1769098255.4576643,-0.5684634880437879,-9.47513892907254,1.7711371817312669,0.6328493581498236,0.7742749446348863
1769098255.6583633,-0.5820787346738822,-9.456655369819337,1.7504419008132177,0.6408272534693569,0.7676851120159363
1769098255.8590198,-0.5959654333541174,-9.437025968531156,1.7292063751230056,0.6489420766786737,0.7608378152510366
1769098256.0598104,-0.6086479446206189,-9.418532112079115,1.717591963301649,0.6533494513888521,0.7570564670946851
1769098256.2604902,-0.6225109898133389,-9.397386084595757,1.692069844931559,0.6629568350678526,0.7486576219052445
1769098256.4610775,-0.6345514943812741,-9.37804895833443,1.6719408985246884,0.6704579760717025,0.7419475064462691
1769098256.6617196,-0.6470829756778963,-9.357290965144875,1.6625804617957018,0.673923096748594,0.7388015022106988
1769098256.8623583,-0.6588231600097759,-9.33747506650114,1.659003139416481,0.6752434835740181,0.7375949009387367
1769098257.0630212,-0.6719115847801821,-9.31525122718483,1.658169670944848,0.6755508059786088,0.7373134398216623
1769098257.263698,-0.6836941542704656,-9.295401347379729,1.6613692874325976,0.6743703818648267,0.7383932475744127
1769098257.4644082,-0.6964528973005025,-9.273982450185043,1.6704904975882215,0.6709958604014329,0.7414610949497895
1769098257.6650445,-0.7080564723361328,-9.254704083034957,1.6692992044612909,0.6714373900955402,0.7410612870617986
1769098257.865704,-0.7209319312649297,-9.233237046526837,1.6607537233726555,0.6745976140924157,0.7381856535186931
1769098258.06627,-0.6097966539374394,-9.161205361972439,1.630043804135786,0.6858524545967649,0.7277406203611233
1769098258.2669723,-0.6214319438519763,-9.141739314630001,1.6329875975235713,0.6847805530277812,0.7287493356394681
1769098258.4676108,-0.634351087845041,-9.120239361304948,1.6306590682744768,0.6856285457936305,0.727951576131896
1769098258.6684186,-0.6461261827472645,-9.100620968426794,1.6364640063414901,0.683512803875247,0.7299385227117404
1769098258.8690255,-0.6595360195707539,-9.07841203496698,1.636918939936561,0.6833467494156529,0.7300939802950446
1769098259.069621,-0.6715070552203016,-9.058527519304585,1.6317293317686088,0.6852388976431628,0.7283183734856502
1769098259.2703824,-0.6834799914729149,-9.03905869973401,1.6488642251344527,0.6789739966397316,0.734162319849684
1769098259.4710374,-0.6968285250934859,-9.017524522284393,1.6461338943572275,0.6799756166232459,0.733234724217175
1769098259.6716468,-0.7090335446714217,-8.997663836513977,1.6419985644787123,0.6814902457461041,0.7318271961009065
1769098259.872422,-0.7211149936883156,-8.978143181029937,1.647458689600834,0.6794897745445663,0.7336849775546549
1769098260.073144,-0.7345218631887628,-8.956525851435655,1.64913718192108,0.6788737930227938,0.7342549782921767
1769098260.2737677,-0.7466221948550856,-8.937076577733908,1.6477149476256692,0.6793957626356172,0.7337720338857077
1769098260.4744241,-0.7589503489697703,-8.917381524122833,1.6494793482554173,0.6787481644210798,0.7343711114246085
1769098260.6750448,-0.6176246915834698,-8.899695265601641,1.661052644288832,0.6744872769921721,0.7382864709417916
1769098260.8757534,-0.6298625209164987,-8.880242591313047,1.6720390186498086,0.6704215752737752,0.741980398263613
1769098261.0765572,-0.6421673940629293,-8.861072160978088,1.6731197696226199,0.6700205293912264,0.7423425692995794
1769098261.277235,-0.655771797028337,-8.839758569700322,1.6695901423340738,0.6713295815944762,0.7411589525035676
1769098261.4780853,-0.6680906221346303,-8.820386915639482,1.6694649068235061,0.6713759899882241,0.7411169138991041
1769098261.6785812,-0.6816969496542646,-8.798954557905265,1.6633489406487993,0.6736391703410552,0.7390603954902567
1769098261.8792021,-0.693644728324383,-8.780156820085203,1.67273903972281,0.6701618332560151,0.7422150074250298
1769098262.079887,-0.707280400930214,-8.75889330438206,1.6732260021732528,0.6699810979737774,0.7423781572472696
1769098262.2804976,-0.7197893460636551,-8.739252648113311,1.6676936524509784,0.6720320798975744,0.7405220345057534
1769098262.4812007,-0.7321929574257497,-8.719784975815285,1.6786128021984021,0.6679791488980826,0.7441799894094124
1769098262.681899,-0.7458691459818598,-8.69863802777207,1.682114125568163,0.6666753185530041,0.7453482539271494
1769098262.88252,-0.7582257157602208,-8.679561305347528,1.67308441603794,0.6700336515219879,0.742330725369839
1769098263.083159,-0.7707690352123733,-8.660243607676739,1.676737935758348,0.6686764743359738,0.7435534766710541
1769098263.2837648,-0.6650363725785722,-8.628149046047037,1.6734940171375339,0.6698816077306642,0.7424679330612067
1769098263.4844162,-0.6772032567086481,-8.60919089093308,1.6752122714566395,0.6692434862231267,0.7430431724657159
1769098263.6850793,-0.6907326606766151,-8.588401035022171,1.6793721520621623,0.6676965542724689,0.744433550703266
1769098263.8857765,-0.7042614707289243,-8.567550458304629,1.6788004895938853,0.6679093093548678,0.7442426717658048
1769098264.086437,-0.7167829986690128,-8.548248838596363,1.6799485073623521,0.6674819974392613,0.7446259350133421
1769098264.2875252,-0.7305033990351528,-8.527251176737165,1.678226283406012,0.6681229561983596,0.7440508822659676
1769098264.4876995,-0.7429812135162599,-8.508283818775032,1.6891627953156914,0.6640443267850423,0.7476932071809934
1769098264.6884,-0.7553216798699809,-8.489620077520785,1.6880638614859131,0.6644550592021022,0.7473282239422855
1769098264.8889854,-0.7696009363867911,-8.467929639721715,1.6799323746302535,0.6674880038429076,0.7446205508349945
1769098265.0897253,-0.7823046149847916,-8.448474811913766,1.6831807885833978,0.6662777060484886,0.7457037068586718
1769098265.2904894,-0.7961508029344802,-8.427468991627666,1.6883397597018,0.66435195961832,0.7474198778138684
1769098265.491143,-0.8084948994565546,-8.408807603649686,1.6830379677180307,0.6663309553739789,0.7456561257780966
1769098265.6917305,-0.8213745024837424,-8.389286581421494,1.6874394537458715,0.6646883455793681,0.7471207420832074
1769098265.8924527,-0.7110992734824609,-8.31491751423006,1.682921920139394,0.6663742200462125,0.7456174614759247
1769098266.0931263,-0.7236096477711152,-8.295971499725406,1.6832778064148635,0.666241531986311,0.7457360263903933
1769098266.293839,-0.7360415818240337,-8.277398936693398,1.691933699707511,0.6630077966116167,0.7486124909672621
1769098266.49452,-0.7502082898606198,-8.256302325142537,1.6845212704271122,0.6657777552923978,0.7461501059155699
1769098266.6952035,-0.7629558849531487,-8.237058102178,1.6773508380271547,0.6684485801346532,0.7437583584175482
1769098266.8959262,-0.7772357245011815,-8.21551964535791,1.6794497507622708,0.6676676702319786,0.7444594563352674
1769098267.0965793,-0.7896775072644387,-8.196801492968504,1.6832436706358762,0.666254260029358,0.7457246549449286
1769098267.2972436,-0.8022407963408428,-8.177920996139816,1.6822242520374733,0.6666342762565528,0.7453849620967021
1769098267.4978654,-0.8163637145444332,-8.156764423841512,1.6832253465652465,0.6662610923570179,0.7457185506685704
1769098267.698479,-0.8291213525918032,-8.137557243664718,1.6854209473890909,0.6654420409118684,0.7464495228661127
1769098267.899293,-0.8433723686425977,-8.116334383093639,1.6948046991698629,0.6619324808346208,0.7495634668366145
1769098268.099938,-0.8562720598989558,-8.097405806917623,1.688920103447771,0.6641350514263888,0.7476126225973367
1769098268.3005977,-0.8692920550966631,-8.078100151097644,1.6874707690356026,0.6646766473466392,0.7471311494456856
1769098268.5012355,-0.6684592229697197,-7.984769003596234,1.7056894411778265,0.6578432954973042,0.7531548304095556
1769098268.7019172,-0.685533759082761,-7.959313993691421,1.702837470054286,0.6589166142066462,0.7522159899406884
1769098268.9025624,-0.6954076972374947,-7.944633453444654,1.7093588873852932,0.6564603584858617,0.7543605223874151
1769098269.1031876,-0.7126994032762972,-7.919080642149714,1.706582987081651,0.657506740646913,0.7534486618236661
1769098269.3039222,-0.7257224294813771,-7.899655060968618,1.7011650357867958,0.6595453996556999,0.7516647296454737
1769098269.5046859,-0.7357844481300551,-7.8847044466564995,1.7102363286082016,0.6561293418104827,0.7546484524699847
1769098269.7053182,-0.7526649045776008,-7.860004646202013,1.7151472217268389,0.6542743667540306,0.7562572664170655
1769098269.905985,-0.7655959271119046,-7.841097475979218,1.711934318112808,0.6554884128450642,0.7552052307987933
1769098270.1066346,-0.7788310733462511,-7.821785022445907,1.7152338964677862,0.6542415919383072,0.7562856202375062
1769098270.3073318,-0.7931530824909847,-7.800793403950301,1.7110977443702664,0.6558042479256049,0.7549309825425976
1769098270.5081127,-0.8057398674171123,-7.782417385940153,1.7181786680102635,0.653127338982881,0.757248096117211
1769098270.70892,-0.8198929335200478,-7.762016134227837,1.7203517923204468,0.6523041564748409,0.7579573124165017
1769098271.31082,-0.7440129510739837,-7.760354370708645,1.7348562938323395,0.6467901542284078,0.7626680119116
1769098271.5114148,-0.7583501662296108,-7.739958315610887,1.7414957116924668,0.6442547591072988,0.7648109605435819
1769098271.712109,-0.7714122486896844,-7.721450438857892,1.7393545745839336,0.6450731723195717,0.7641208035079036
1769098271.9128237,-0.7849271542928231,-7.702178031941515,1.732897723742576,0.6475367133517128,0.7620342543886474
1769098272.1134744,-0.7996403176420497,-7.681118216429808,1.7395522350214003,0.6449976509431974,0.7641845524987778
1769098272.3142085,-0.8125785838371076,-7.66280179928776,1.7406575208373951,0.6445752312956419,0.7645408891617045
1769098272.5148077,-0.8257308475936258,-7.644171656899002,1.7379943567052232,0.6455927084800197,0.7636819067893598
1769098272.9160256,-0.8548833741542166,-7.60284932801961,1.7415671938902362,0.6442274235116418,0.7648339864281345
1769098273.1167202,-0.8680764872356903,-7.584248069189244,1.7422491003655076,0.6439666134473356,0.765053593394064
1769098273.31745,-0.8813052518595998,-7.5657653964665625,1.747105107320178,0.6421071643319918,0.766614889963356
1769098273.718691,-0.9095456361165244,-7.525782296296472,1.7347711094315659,0.6468226373505204,0.7626404630039749
1769098273.9192674,-0.799219136606866,-7.452210864603803,1.7263785806700354,0.6500171741453542,0.7599195176570268
1769098274.1198788,-0.8138274945919411,-7.431572434972894,1.7239121649297156,0.6509538183641502,0.759117333721957
1769098274.3204927,-0.8272128681964958,-7.412642111624924,1.7249231541799164,0.6505700054810497,0.7594462903776587
1769098274.5212197,-0.8407591657025485,-7.393577606092341,1.7255450383630897,0.650333830216702,0.7596485432591007
1769098274.721961,-0.8554699692974267,-7.372856668235588,1.7301879334922472,0.6485685951776079,0.7611562108722126
1769098274.9225552,-0.8686714238496676,-7.354479134994746,1.7318200947713078,0.6479472144298924,0.7616852416271062
1769098275.123192,-0.8821501851481107,-7.335739790156023,1.7280474404635269,0.6493828483595121,0.7604616468017877
1769098275.3238008,-0.8970812917767211,-7.314647537146051,1.723378038513429,0.6511565274583307,0.7589434608377676
1769098275.5244923,-0.9105466393834512,-7.295649801016268,1.7256403662907704,0.6502976216172868,0.7596795398843516
1769098275.7251782,-0.9235951903009723,-7.277256319256276,1.725104230631838,0.6505012438948837,0.7595051887190825
1769098275.9259126,-0.9382933672234978,-7.256588480357383,1.7304022333953484,0.6484870336035021,0.7612257005961702
1769098276.1266243,-0.9517981262839271,-7.237649839172217,1.7246902547283371,0.6506584383820764,0.7593705265298343
1769098276.3271606,-0.9665268428005315,-7.216848563910011,1.7219678674509113,0.6516914856074756,0.758484151177018
1769098276.5278516,-0.7851478166977983,-7.123449172125536,1.733127765097344,0.6474490593724,0.7621087294591201
1769098276.7285025,-0.7983579391197474,-7.105202823830975,1.7312347744091627,0.6481701016191119,0.7614955806615493
1769098276.9291089,-0.8130966385413221,-7.084719604158238,1.726352562967347,0.6500270597703913,0.7599110616159368
1769098277.1298547,-0.8268575937446664,-7.065590840933934,1.7310629944601252,0.6482355040642468,0.761439906539296
1769098277.3305206,-0.8415165126524353,-7.045174939446875,1.7299662125265864,0.6486529733370124,0.7610843055674272
1769098277.531229,-0.8545407533754065,-7.027075167110654,1.7296562848985564,0.6487709060750121,0.7609837786908521
1769098277.731889,-0.8693970413661458,-7.006583140741748,1.7276040932558598,0.6495514066768828,0.7603176770824698
1769098277.9324982,-0.8827477195672817,-6.988001088800633,1.728998328975673,0.6490212178555987,0.760770306185274
1769098278.1331842,-0.8963602395185558,-6.969077336235912,1.7328008896623364,0.6475736080357848,0.7620029016844462
1769098278.3338242,-0.9113497400596741,-6.948525660325341,1.7368043358981307,0.6460469928507747,0.76329763724806
1769098278.5345595,-0.9248535739072401,-6.930054628163383,1.7397075445595964,0.6449383064235317,0.7642346373382632
1769098278.735301,-0.9386356004902067,-6.911253969037585,1.7353292287555457,0.6466097899780286,0.7628209354131347
1769098278.9359457,-0.952541578061791,-6.89226175024903,1.732373856792427,0.6477362934163381,0.761864616707761
1769098279.1365972,-0.8397529220174523,-6.838000458496034,1.7179352055586603,0.6532195148824487,0.7571685845151913
1769098279.738491,-0.88191562705668,-6.7807226181832005,1.7180732856404335,0.6531672383756629,0.7572136810126385
1769098279.9392064,-0.8956631346804848,-6.762116568376174,1.7195497130194157,0.6526080749464184,0.7576956516403733
1769098280.1399052,-0.9107971039818665,-6.741765652746898,1.720316760075962,0.6523174328477108,0.757945886460882
1769098280.3404946,-0.9246127497773707,-6.723304873698335,1.7269121380115302,0.6498144206978231,0.760092901330589
1769098280.5411792,-0.9384119623122053,-6.704768644682965,1.7167939687850757,0.6536514628293487,0.7567957222005504
1769098280.7417965,-0.9537211255609727,-6.684075056081611,1.7179800648105046,0.6532025317100261,0.7571832357940926
1769098280.9424887,-0.9670639268272115,-6.666271861498287,1.7267864756696234,0.6498621769421613,0.7600520712293304
1769098281.1431198,-0.982248895716373,-6.645990646750232,1.7248261483672263,0.6506068400680881,0.7594147349483135
1769098281.3439105,-0.9961111698838552,-6.6274698756647625,1.726561141211263,0.649947805778234,0.7599788482346459
1769098281.544544,-1.0100543574309153,-6.608946644946934,1.7271713600190475,0.6497158988360876,0.7601771180452717
1769098281.745103,-0.8730965714010677,-6.531082636262719,1.7402708340428177,0.6447230381799486,0.7644162505075468
1769098281.9458542,-0.8865892204433694,-6.513361227491243,1.7435609519091217,0.6434646565849506,0.7654758230839245
1769098282.1491952,-0.9020567163316936,-6.493071432314213,1.7366379155976146,0.6461105047251967,0.7632438769382638
1769098282.5478346,-0.9301831154965308,-6.45582546665289,1.7381654518219671,0.6455273749952527,0.7637371328747466
1769098282.7485292,-0.9452636651558844,-6.435909159343858,1.7365345001545158,0.646149969463293,0.763210467015872
1769098282.949148,-0.959084718712782,-6.417674243023242,1.7416124974194265,0.644210098506951,0.7648485791198573
1769098283.1498194,-0.9776958883288641,-6.393129272324776,1.7348893726888557,0.646777540047075,0.7626787093466385
1769098283.3503592,-0.9884574616323281,-6.378863917442743,1.7348655992931958,0.6467866057327413,0.7626710212435762
1769098283.5510473,-1.0021624921587347,-6.3609222081802965,1.7477761963139815,0.641849894781791,0.766830302328099
1769098283.7517056,-1.0173533198127265,-6.34118578229697,1.7450373470669387,0.6428994089135459,0.7659506185248585
1769098283.9524214,-1.0313782705205585,-6.3227879192892775,1.736074742997966,0.6463253981262035,0.7630619108152394
1769098284.1531043,-1.0502908337583277,-6.297963396821,1.7411940650119666,0.64437010312294,0.7647137831903723
1769098284.3537102,-0.9362009240342761,-6.24316429309744,1.7224301289068749,0.6515161592078722,0.7586347568435172
1769098284.5543573,-0.9469423846824707,-6.229042403611112,1.723608009348383,0.6510692557231564,0.7590183293255144
1769098284.7549975,-0.9654864192683617,-6.204732557428752,1.722747764056358,0.6513956664595789,0.758738219491862
1769098285.1563704,-0.9934979726360025,-6.1676534894231825,1.7242809968527035,0.650813813942734,0.759237367087074
1769098285.3570588,-1.0087175538813686,-6.147747439623686,1.7272030260614573,0.6497038628542218,0.7601874049155923
1769098285.5576572,-1.019648771815321,-6.133356435547665,1.7243950333588096,0.6507705224965094,0.7592744741196166
1769098285.7583556,-1.0367784700687848,-6.1107373887196434,1.7197670283778392,0.6525257416430185,0.7577665580462288
1769098285.9590218,-1.052173728946327,-6.090361008251151,1.716251276415607,0.6538567923949005,0.75661832851118
1769098286.1597068,-1.0659456554880944,-6.072184135820031,1.7266285108618276,0.6499222056547805,0.7600007411817604
1769098286.3603165,-1.0798278221736073,-6.053995758648496,1.7239823494953033,0.6509271788031923,0.7591401767100177
1769098286.5610147,-1.0953334189599913,-6.033544131893411,1.7231385178471106,0.651247414110214,0.7588654726726993
1769098286.761725,-1.1064198232657865,-6.018953250096409,1.7294015184130507,0.6488678373925244,0.7609011299752081
1769098286.9623418,-0.9817657616885175,-5.972067078139405,1.7376825552563058,0.6457117591964849,0.7635812491381521
1769098287.162884,-0.9971787078753235,-5.952214162448019,1.7365446774895974,0.6461460857305968,0.7632137550483666
1769098287.3635626,-1.011132507252453,-5.934336677719685,1.7408119835818896,0.6445161828313474,0.7645906683111618
1769098287.5641656,-1.0269315902819804,-5.9139505278936415,1.7380766618843217,0.6455612804453051,0.7637084739544391
1769098287.7648244,-1.0410278595406404,-5.8957671120417405,1.7418926294932062,0.6441029628787869,0.7649388035723956
1769098287.9655,-1.0563109843359535,-5.876262339804429,1.7451428190162421,0.6428590148671833,0.7659845213866887
1769098288.1660693,-1.0701706128106294,-5.858472015718588,1.7396374823271408,0.6449650780202048,0.7642120439605694
1769098288.3667543,-1.0845729224798615,-5.839981518781537,1.740794616827828,0.6445228220360959,0.7645850717053185
1769098288.5674233,-1.100296655940271,-5.819889508758585,1.7425909432687126,0.6438358399707695,0.7651636499266896
1769098288.767997,-1.1144874949345016,-5.801876469222345,1.7532011981163205,0.6397675081908051,0.7685684975741123
1769098288.9687035,-1.1302066447148524,-5.782103302444417,1.748609310106773,0.6415304106534458,0.7670976027904279
1769098289.1693604,-1.1446810585797098,-5.763798138652122,1.7450666339239151,0.64288819270151,0.7659600326942563
1769098289.3700628,-1.1588712871179765,-5.745752331292016,1.7496984166114877,0.6411125900604674,0.7674468365078841
1769098289.5706563,-1.0116260477661743,-5.687696855476218,1.744007256515354,0.6432938228721786,0.7656193946436428
1769098289.771307,-1.0253238390217962,-5.670423187268416,1.7433854716322394,0.643531817062753,0.7654193624595027
1769098289.9719574,-1.04108985934157,-5.650525655118169,1.748425083018439,0.6416010680105986,0.7670385058963202
1769098290.1726215,-1.0553074295689093,-5.632565834112159,1.7421673313438684,0.6439978917510346,0.7650272644946863
1769098290.373272,-1.0709050002342229,-5.612825482011044,1.7456194183636051,0.6426764627544872,0.7661376927298252
1769098290.5739276,-1.0848615899549365,-5.5954344923079065,1.7553739523980552,0.6389321755764262,0.7692630726956642
1769098290.7746844,-1.1007710436358662,-5.575619019462867,1.7483824621732924,0.6416174137796015,0.7670248329322693
1769098290.975295,-1.1154334069564427,-5.5572045188646735,1.742695520351466,0.6437958297994655,0.7651973141176187
1769098291.1759336,-1.1298554124653895,-5.539180957401967,1.7506152880425034,0.6407606976640128,0.7677406647619544
1769098291.3765616,-1.1456614189226142,-5.51941228897969,1.7502579332652242,0.6408978653320772,0.7676261630590678
1769098291.577249,-1.16008541698448,-5.501455264998866,1.7519517447584516,0.6402475285592734,0.7681686677896609
1769098291.77794,-1.174725345175024,-5.483282119874295,1.7504138538479825,0.6408380190251688,0.7676761253106009
1769098291.9785893,-1.1893428961176444,-5.46499366925149,1.74852985931763,0.6415608834021818,0.7670721171364607
1769098292.1792765,-1.0793353278880615,-5.43453668671686,1.7787683584423524,0.6298904441246105,0.7766839952004296
1769098292.379897,-1.0938280302972507,-5.416830771521265,1.7806896661681924,0.6291440291100974,0.7772887434120688
1769098292.5805013,-1.108521410006374,-5.398733400089099,1.7762961106709678,0.6308500402812623,0.7759047793879927
1769098292.7811728,-1.1249191979492632,-5.378498796876918,1.77625558819579,0.6308657609428554,0.7758919974261831
1769098292.9817278,-1.139214207673107,-5.360827931997037,1.7755296579746542,0.6311473411050209,0.7756629640611071
1769098293.182442,-1.1534419053685678,-5.343330637740546,1.7829003409579942,0.62828447863547,0.7779836848583366
1769098293.383156,-1.1696658345931032,-5.32350941855148,1.7790277716340477,0.6297896977892503,0.7767656896120765
1769098293.5837052,-1.1839867953292273,-5.305892221017534,1.7749009104111635,0.6313911580119543,0.7754645095581895
1769098293.7843962,-1.2001063920547632,-5.286149298929426,1.7872284098694988,0.6265994253077644,0.7793414913912767
1769098293.9850447,-1.2145735643625357,-5.268685011864354,1.7908763152976688,0.6251769017812145,0.7804830821223747
1769098294.1857035,-1.2307237694473885,-5.249229403372795,1.7846009962693632,0.6276227105295159,0.7785176511984705
1769098294.3864052,-1.24531896588099,-5.2316408425667715,1.788416139061301,0.6261364915220922,0.7797134691567185
1769098294.5870836,-1.2600443188240271,-5.213765754571733,1.783639341118418,0.6279969707181161,0.7782157829091296
1769098294.7877932,-1.134998711554137,-5.1561819309390575,1.7771392582795378,0.6305228831025974,0.7761706602828969
1769098294.9884088,-1.1495035841138788,-5.138847511720867,1.7808005994372733,0.6291009145516605,0.777323638718304
1769098295.189016,-1.1643201916975565,-5.1210480542347465,1.7794839484755576,0.6296125101491535,0.7769093171430511
1769098295.3896708,-1.1805196801506,-5.10163348480509,1.783583663427147,0.6280186351038155,0.7781982998968454
1769098295.590323,-1.195193816427214,-5.084209885996875,1.787356134386794,0.6265496535221423,0.7793815058565885
1769098295.7910886,-1.211464934735307,-5.065020990680976,1.7935508806252065,0.6241326165875803,0.7813184222271611
1769098295.9918067,-1.2265209854762165,-5.047390410450955,1.790632820234495,0.6252719190363433,0.7804069625936256
1769098296.1925445,-1.2432588038584498,-5.027668032452638,1.7827238538908872,0.628353128218579,0.7779282397868881
1769098296.3931222,-1.25776997696062,-5.010504393352079,1.7875566515553662,0.6264715106869065,0.7794443189206431
1769098296.5938153,-1.2736424313151566,-4.9915420633657686,1.7731563886301216,0.6320673250963434,0.774913476812446
1769098296.7944582,-1.2879129502831521,-4.9738843944201605,1.7501783757882305,0.6409284000254112,0.7676006683431604
1769098296.995059,-1.3034535386694737,-4.953779354232283,1.7285360878172953,0.6491970301935356,0.7606202837079048
1769098297.1957216,-1.3173403250132045,-4.935119838863201,1.7127355972970861,0.6551857951306054,0.7554677847923605
1769098297.3964179,-1.192981740842498,-4.795854511720596,1.686361121321191,0.6650910712080045,0.7467622560088245
1769098297.5971587,-1.2076725240379638,-4.774872235230604,1.6651465762417317,0.6729746176867921,0.7396655757498222
1769098297.7977552,-1.2206474340364872,-4.755385174122668,1.6414220258729477,0.6817011807431888,0.7316307129784413
1769098297.998321,-1.2328618651572878,-4.736098161578769,1.6228025441812863,0.688482832943978,0.725252637872786
1769098298.1989594,-1.2488074909396016,-4.709921787175133,1.6079157366165773,0.6938620589706022,0.720107938521078
1769098298.3996408,-1.2575896330884482,-4.694943284871903,1.5923427334727966,0.6994480897207977,0.7146834052823158
1769098298.6002793,-1.272619558488913,-4.668143841055531,1.5673781439993744,0.7083142579883592,0.7058972389309934
1769098298.8009317,-1.2812989499633378,-4.6518897502256396,1.5568042086611475,0.7120363970952865,0.7021425561889576
1769098299.001612,-1.2939300386412989,-4.627561477510331,1.5434121783042882,0.716721956582594,0.6973590445046356
1769098299.202295,-1.3028742288170236,-4.609791005027595,1.5300009483264172,0.7213820290609598,0.6925373406162967
1769098299.4029872,-1.2109276720119537,-4.580230200191225,1.5097224382937293,0.7283666411151619,0.6851875919123295
1769098299.6035693,-1.2202105934293361,-4.559510800473842,1.4917554670565363,0.734492540706717,0.6786167605108142
1769098299.8042226,-1.2291125368351128,-4.538707930808768,1.475554969090519,0.7399653489407276,0.6726449898475623
1769098300.0048766,-1.2386545383169763,-4.515675466103509,1.46309038208084,0.7441430721750396,0.668020275241623
1769098300.2056015,-1.2453260832373645,-4.499016679044263,1.450789157523756,0.7482377045431967,0.6634307330082982
1769098300.406233,-1.2565015402208433,-4.4705028712258885,1.4520604678963365,0.747815840219886,0.6639062201216569
1769098300.6068962,-1.263025670242639,-4.453948712467768,1.458820681720649,0.7455674985495511,0.6664301201975832
1769098300.8076622,-1.2740677223411416,-4.425926026694092,1.4533945844432046,0.7473728097392306,0.6644049091197985
1769098301.0083268,-1.2823684771697903,-4.404712657441983,1.4503871234959136,0.7483710502898568,0.6632803110963393
1769098301.2089214,-1.2907713073689429,-4.382914280868543,1.4410932678363777,0.751445174808991,0.6597955359475275
1769098301.4095516,-1.299617842090835,-4.359389291860505,1.434910089945533,0.7534813970203639,0.6574692269180671
1769098301.6102917,-1.3074510213916501,-4.338782100134899,1.444520557712547,0.7503134167432398,0.6610822767667315
1769098301.8109808,-1.316368665928838,-4.315175602826629,1.4403419642736068,0.7516929751517759,0.6595132076823569
1769098302.0116582,-1.1512310084208897,-4.3076899647984295,1.431065212133621,0.7547439483160685,0.6560194909301642
1769098302.2123086,-1.160085441386427,-4.283546762780796,1.4322939408445685,0.7543407709130814,0.6564830548751872
1769098302.4129856,-1.1677067386330449,-4.262887399268449,1.436312825204759,0.7530200840999651,0.6579975326261349
1769098302.6136425,-1.1766703690776976,-4.238784533709003,1.4347951174729214,0.7535191912066828,0.6574259110220914
1769098302.8143778,-1.1846658935145933,-4.217184181801175,1.4277993946900063,0.7558141615674636,0.6547861888999126
1769098303.0151303,-1.192521417047288,-4.19531731540145,1.4232262975239323,0.7573093848828477,0.6530562728956539
1769098303.2157867,-1.201095634644144,-4.1713686946994475,1.4262462264476237,0.756322430164142,0.6541990382372986
1769098303.416458,-1.2087100380438198,-4.150087473876084,1.419855076701357,0.7584091069496368,0.6517788171579791
1769098303.6170626,-1.2171145508148886,-4.126347110383433,1.4200041411439728,0.7583605263201365,0.6518353412629954
1769098303.817708,-1.2246190354183715,-4.104838915588045,1.412321134843786,0.7608589520664343,0.6489172944685382
1769098304.018288,-1.2327784457036175,-4.08114705245074,1.4081010454006007,0.7622265017810935,0.6473104046611305
1769098304.219028,-1.240078007532432,-4.060157329335173,1.4203916903712908,0.758234202941816,0.6519822800423252
1769098304.4197707,-1.2483386189098826,-4.03642013907155,1.4136473221754475,0.7604284918781057,0.6494216725210129
1769098304.6204317,-1.1236408304651428,-4.069681665300345,1.36888185910713,0.7747726348303946,0.6322399578624939
1769098304.8212192,-1.1317321230402464,-4.04551235331959,1.3715612553732983,0.7739249291151468,0.6332773516352176
1769098305.0217335,-1.13866516446928,-4.024691953605067,1.368928151934365,0.774758000535281,0.6322578909009943
1769098305.222322,-1.1459143416874344,-4.002749795218352,1.3608519216155897,0.7773048070321702,0.629124182466928
1769098305.4230306,-1.153826933824687,-3.978388357882312,1.357538120071468,0.7783461359238322,0.6278354025478647
1769098305.6235766,-1.1609167073491482,-3.9561815602259776,1.3608289873298927,0.777312021237934,0.6291152689603057
1769098305.8242688,-1.1688661150819346,-3.9320185827124012,1.3786608734415373,0.771672044007776,0.6360206415650839
1769098306.024911,-1.1764759297572218,-3.9104944428542465,1.3999821651799305,0.7648479320073469,0.6442108668006811
1769098306.2255814,-1.1845375049925186,-3.8887566931557513,1.4136957106389103,0.7604127793971083,0.6494400703140858
1769098306.4263172,-1.1930724403949018,-3.866765292474496,1.428252987257421,0.7556656390562333,0.6549575879014874
1769098306.6269464,-1.2025972474407725,-3.843178404480443,1.4397807126185658,0.7518780219907814,0.6593022372533178
1769098306.8275983,-1.2114043512657822,-3.8224723035537886,1.4643229229901487,0.7437312497335831,0.6684787417485486
1769098307.0283523,-1.2216500752846853,-3.7997994628836222,1.4849367366420159,0.7368019198143861,0.6761086680096884
1769098307.2290764,-1.0571341057858952,-3.759758554142258,1.524252769109756,0.7233694612479534,0.6904611665646705
1769098307.4295454,-1.0681836845827772,-3.7369307110421106,1.535400674496218,0.7195096461624053,0.694482446919467
1769098307.6301231,-1.0783312922942503,-3.716762596580888,1.556484037905029,0.7121487907275702,0.7020285605766047
1769098307.830826,-1.0895802914219341,-3.6956550830506307,1.5829074395761351,0.7028119176888705,0.7113757153252368
1769098308.0315595,-1.1032238179081773,-3.6712404399346914,1.5947022529237473,0.6986044484609549,0.7155080884172903
1769098308.2321618,-1.115352641625455,-3.6500689118504566,1.601627801631048,0.6961226219429417,0.7179229033951238
1769098308.432807,-1.1294756474711138,-3.6261041821191684,1.618465580127023,0.6900539102910808,0.7237579712113636
1769098308.6335084,-1.1421521946505637,-3.605375130434111,1.639240723345449,0.6824987290980844,0.73088677972686
1769098308.8342752,-1.1569538402153896,-3.5822137767114812,1.6525544215167685,0.677618240095049,0.735413843145809
1769098309.03495,-1.1705358150914011,-3.561518619177794,1.6612778798239884,0.6744041285409766,0.7383624255112701
1769098309.2354944,-1.1859325127007676,-3.538595376683717,1.6809833924353141,0.667096606965837,0.7449712188901445
1769098309.4362695,-1.0618670211669516,-3.4771987823604076,1.7087422506182623,0.6566929104973925,0.7541580877392111
1769098309.6368537,-1.0766114847879096,-3.4570334306266184,1.7143839068774527,0.6545629502961462,0.75600750267415
1769098309.837592,-1.0916803302166092,-3.43704432045451,1.7268782788693147,0.6498272886515223,0.7600819001422222
1769098310.0382676,-1.1088119027215582,-3.414458623706514,1.7204357135345132,0.6522723515516624,0.7579846828276047
1769098310.2389128,-1.1238536280327462,-3.394576395279716,1.7270856793128349,0.6497484644960275,0.7601492832891803
1769098310.43957,-1.1388462912823127,-3.375006767808602,1.7300280799181436,0.6486294298763,0.7611043704370288
1769098310.6401942,-1.1558133881683441,-3.3527411028829737,1.7267030719106748,0.6498938719769504,0.7600249700942774
1769098310.8408527,-1.170734015044098,-3.333084601328317,1.7260761849858774,0.6501320649061876,0.759821227777177
1769098311.0415628,-1.1871740067277483,-3.3113402527210725,1.7237589884101436,0.6510119559304866,0.7590674760754555
1769098311.2422445,-1.2018383300916262,-3.291870758028566,1.7233684507610472,0.6511601657318357,0.7589403392652734
1769098311.6435657,-1.2332676227791834,-3.2498252208500014,1.7106264000534137,0.6559821459259447,0.7547764067764655
1769098311.84421,-1.1270086105163981,-3.182002269569197,1.7453965169654886,0.642761845344315,0.7660660612307341
1769098312.044854,-1.1415938468220344,-3.1625051106767197,1.7490553596485423,0.6413593129328788,0.7672406608843575
1769098312.2455943,-1.1565478241007445,-3.1424935780752845,1.746841681743249,0.6422081317468148,0.7665303095887767
1769098312.4462008,-1.1730286299164747,-3.120336993258431,1.7436436165676552,0.643433017136559,0.7655024183231197
1769098312.646903,-1.1879608459170095,-3.1001515721382935,1.7399590494201067,0.6448421969614326,0.7643157338547683
1769098312.8476121,-1.2042849268493478,-3.078099356159762,1.741989016094576,0.6440660972050402,0.7649698441318245
1769098313.0482476,-1.2193441739167254,-3.0576616828093366,1.7380622741006195,0.645566774464768,0.7637038298366425
1769098313.248903,-1.2342788109025034,-3.0372894801840404,1.737539376153931,0.6457664219807021,0.763535020966453
1769098313.4495425,-1.2502559491578527,-3.01545331103181,1.7345363241903162,0.646912161255921,0.7625645255446868
1769098313.6501992,-1.2650318487831558,-2.9952785451220363,1.7395349150298136,0.6450042687540214,0.7641789667931788
1769098313.8509543,-1.284769562179934,-2.9683533188930715,1.7367901301625925,0.6460524144366638,0.7632930484424427
1769098314.051449,-1.2961743685865044,-2.952643137651191,1.7342578111441402,0.6470183470674524,0.7624744314126879
1769098314.2522075,-1.1587926229749308,-2.932682906741699,1.729309052095913,0.6489030155616302,0.7608711299523874
1769098314.4528406,-1.1778735283867767,-2.90653161526217,1.7255610418655714,0.6503277516772087,0.7596537470443141
1769098314.6534965,-1.1894510723013707,-2.8905402711503076,1.7223118728341682,0.6515610146524368,0.7585962326462524
1769098314.8542151,-1.2090743784202054,-2.8632816600113142,1.7171408927928153,0.6535201776936329,0.756909094506918
1769098315.0548813,-1.2233829330333643,-2.843299734077862,1.718399129056111,0.6530438631614325,0.7573200860846041
1769098315.2555597,-1.2377459300428064,-2.823419301882931,1.7237654369394844,0.6510095084926569,0.7590695751063595
1769098315.456161,-1.2540720942571493,-2.800835477686235,1.7184716209111746,0.6530164129635062,0.7573437557676669
1769098315.65679,-1.2685546983480567,-2.7806045930138326,1.7156404784307673,0.6540878323743469,0.756418606024355
1769098315.8575318,-1.2842902052602878,-2.7586247746182466,1.7173581369015352,0.6534379568176246,0.7569800767457544
1769098316.058162,-1.298464319650752,-2.738702294592715,1.7121881375063719,0.6553925646998011,0.7552884125525937
1769098316.2588348,-1.3144882774080984,-2.7161199485659027,1.7130348354517648,0.6550727554046555,0.7555658046302469
1769098316.459537,-1.3301140455707963,-2.6939999802295316,1.709947291584293,0.656238395629675,0.7545536217535438
1769098316.6602635,-1.233397243501869,-2.643193626786336,1.7192006753011673,0.6527402971882474,0.7575817476857519
1769098316.8609102,-1.2477760998697833,-2.623168723315872,1.7206961165657497,0.6521736552686195,0.7580696032512897
1769098317.0615342,-1.264107314414257,-2.6002768426413025,1.714089720990936,0.6546741465832675,0.7559112129049749
1769098317.2622561,-1.2787669866864517,-2.5796127159588353,1.7139978779085185,0.6547088585008844,0.7558811484621566
1769098317.4628973,-1.293159952747095,-2.559411124278138,1.7154778009960643,0.6541493563297557,0.7563654008568652
1769098317.6636653,-1.3093140018694833,-2.5367660152969966,1.718879702457087,0.6528618703658604,0.7574769819752878
1769098317.8643053,-1.3240270312987157,-2.5162331980274013,1.718015812863624,0.6531889976924168,0.7571949110325399
1769098318.064903,-1.3388220007000498,-2.4954167802670844,1.71428288385155,0.6546011365438624,0.755974438744779
1769098318.2656946,-1.3544245126656174,-2.4735908049352906,1.7215554295678934,0.651847885548176,0.7583497439218742
1769098318.4663603,-1.3687521054373013,-2.4536536932354087,1.7194659813491247,0.6526397959357223,0.7576683289942762
1769098318.6670022,-1.38476316963854,-2.431310833898878,1.718409810554568,0.6530398184954537,0.7573235738173116
1769098318.8677053,-1.399218789915607,-2.4110295203580927,1.7143317454568083,0.6545826672862046,0.7559904309503381
1769098319.0682793,-1.2630985287508207,-2.354082787533815,1.7088857964296957,0.6566387806886846,0.7542052185550544
1769098319.2690132,-1.277358159127231,-2.333972756874773,1.7106441320572834,0.6559754540510799,0.7547822226857754
1769098319.469652,-1.2917354437771582,-2.3135120492657775,1.7021252721870768,0.6591844357354052,0.7519813027490747
1769098319.6702938,-1.3077388883929144,-2.290482334070373,1.7006691838877888,0.6597317365753668,0.7515011881263068
1769098319.870992,-1.3214939035667186,-2.2706675536963585,1.7003608093526272,0.659847600647552,0.751399456959924
1769098320.0716858,-1.3370254009334523,-2.248265347138509,1.7008918083924343,0.6596480811984903,0.7515746196959754
1769098320.272427,-1.3512423724404523,-2.2277544536449243,1.6986938624177812,0.6604736428950552,0.7508492305655877
1769098320.4730017,-1.3655884436259225,-2.206840830216568,1.6927122436634021,0.6627163325202317,0.7488705245974993
1769098320.673652,-1.3811153544786783,-2.184158871224212,1.6977124125896137,0.6608420237797878,0.7505250293005785
1769098320.8743355,-1.3951914949199207,-2.163673811678227,1.6977868795522202,0.660814078662075,0.7505496342294712
1769098321.0750103,-1.411041842854786,-2.1404463364527624,1.6942556038830978,0.6621382467683746,0.7493817065865052
1769098321.2756531,-1.4251222808927881,-2.119841476197723,1.6935920552272383,0.662386835933709,0.7491619848749199
1769098321.4762514,-1.2652262364273799,-2.076349554484854,1.6961973656737768,0.6614103744314871,0.7500242106721623
1769098321.6770403,-1.2804429763109424,-2.0542836094272703,1.7005448514980466,0.6597784532698322,0.7514601736624955
1769098321.8776581,-1.2944326227627527,-2.0339540929489113,1.694443271717696,0.6620679264323979,0.7494438343128222
1769098322.0782385,-1.3099683914457898,-2.01106362027413,1.6915030769277601,0.6631689660380922,0.7484697204857174
1769098322.2789168,-1.3236154908295468,-1.9910210581177283,1.6951380146098236,0.6618075511043158,0.7496737725846546
1769098322.479496,-1.3390462262392562,-1.9682734704878877,1.6888596775710703,0.6641576386973436,0.7475925567847562
1769098322.6803055,-1.3529670097562805,-1.9476825363246126,1.690249610305631,0.6636379266689298,0.748053943433603
1769098322.8808072,-1.368506639441178,-1.9245505110982846,1.6830519379106592,0.6663257468778674,0.7456607801458062
1769098323.0814524,-1.3823650782535266,-1.9038566302455235,1.6864076341127645,0.6650737040295611,0.7467777234280624
1769098323.282117,-1.3961665914388417,-1.883368388455298,1.6878597696781266,0.6645313175264801,0.7472604151341891
1769098323.4827604,-1.4118593596627427,-1.8598819280063443,1.6810954624809744,0.6670548614392843,0.7450085984941497
1769098323.6834679,-1.4257111289446656,-1.8390010626002367,1.682251384696144,0.6666241640573303,0.7453940058082474
1769098323.8840415,-1.3357249156224238,-1.8309491880614897,1.6737622119333881,0.6697820386901516,0.7425577557658826
1769098324.0846777,-1.3509292487002476,-1.8079586179796128,1.6725309121747736,0.6702390673219999,0.742145263836761
1769098324.2854156,-1.3646725728072904,-1.7871274243703656,1.6687799529103546,0.6716297660754006,0.740886939634856
1769098324.4859807,-1.3799274925500173,-1.7636858139939904,1.6609992089924603,0.6745070020296252,0.7382684499645147
1769098324.6867425,-1.3934322899708913,-1.7429102158353118,1.6685761878915102,0.6717052460101043,0.7408185084637838
1769098324.887342,-1.4066446851457581,-1.722578467234752,1.6626440021257085,0.673899624562858,0.7388229124858263
1769098325.0881062,-1.4219594603726737,-1.6987232878595286,1.6602204734171169,0.674794408845349,0.7380057627085685
1769098325.2887921,-1.435315061505335,-1.677791260486613,1.6566249114197895,0.6761200903947147,0.7367914381727322
1769098325.489422,-1.448673262960274,-1.6566810407537436,1.6493534010220279,0.6787944090800838,0.7343283667417593
1769098325.6900246,-1.4631656039156005,-1.6336528217665454,1.650793939628327,0.6782653188696752,0.7348170909951793
1769098325.8907423,-1.476399570076053,-1.6124346956326658,1.6422724510317812,0.6813900205421758,0.7319205147456472
1769098326.0913675,-1.4908940546813507,-1.5888414950020773,1.6376363770856859,0.6830848071831684,0.7303390624877828
1769098326.2920327,-1.3034525185651833,-1.511862843392009,1.6668456582084619,0.6723459986922272,0.7402370282838813
1769098326.4926705,-1.3164804331029876,-1.4906362560091098,1.6648834256648524,0.6730719335727021,0.7395770225180769
1769098326.6934094,-1.3311478952488702,-1.466644362081985,1.6663679155207562,0.6725228009223919,0.7400764029743827
1769098326.8940833,-1.3441059154360144,-1.4452268357957796,1.6585621031774465,0.6754061201952689,0.7374459795827583
1769098327.0946336,-1.3568446627208735,-1.4240614796892728,1.65771199918044,0.6757195120606989,0.7371588302533254
1769098327.2953134,-1.3709848353217553,-1.4006377428916879,1.657992367461366,0.6756161674445511,0.7372535481688347
1769098327.4959624,-1.384078362593204,-1.3787701867965025,1.652185052719796,0.6777540480013245,0.7352886850875773
1769098327.696658,-1.3981219138709005,-1.355170509354076,1.6522166916283871,0.6777424160507715,0.7352994066947579
1769098327.897359,-1.410634364479869,-1.33404686839252,1.6478165554271649,0.6793584832772795,0.7338065488936402
1769098328.098003,-1.4233292178719146,-1.3125606223287805,1.6491607026439379,0.6788651578719221,0.7342629620425711
1769098328.298694,-1.4402733997646044,-1.2837073221155744,1.6428864852760239,0.6811652763019016,0.7321296786502743
1769098328.4993958,-1.4501133993494242,-1.266679572969489,1.6398257596875077,0.6822849022374547,0.7310863917341279
1769098328.7000709,-1.291030058339735,-1.2510831984220037,1.6595683808807093,0.6750349969985259,0.7377857092863755
1769098328.9006648,-1.3007664507112722,-1.2342295006508337,1.6549690284619003,0.6767298787822312,0.7362313978386053
1769098329.1013997,-1.3134676930488718,-1.212102602805322,1.6539815822447947,0.6770932907411339,0.7358971909399724
1769098329.3019762,-1.3299370987758863,-1.1832085353215618,1.6478461997078386,0.6793476066190061,0.7338166183598108
1769098329.502617,-1.3393083810211674,-1.1666999589608587,1.6488366496867624,0.6789841190025179,0.734152958273938
1769098329.7033179,-1.3554869654103934,-1.1383101464352317,1.648221160289201,0.6792100185277484,0.7339439697494187
1769098329.903956,-1.3680415071046799,-1.1160125380241368,1.6439394194234263,0.680779739751755,0.7324881882621267
1769098330.1046565,-1.3774776215367144,-1.0991047590576368,1.6412647245309004,0.6817587218811694,0.7315770944602861
1769098330.305351,-1.393572719404344,-1.0702900602915077,1.642259635120834,0.6813947106422549,0.7319161484137084
1769098330.508666,-1.4057136618677721,-1.048428093466046,1.6382354529604741,0.6828660122858632,0.7305436395348353
1769098330.9071343,-1.4313293403760428,-1.0019134324428078,1.6341636105724087,0.684351925306445,0.7291518650660931
1769098331.107794,-1.3077042542848079,-0.9822488866490431,1.6369126221840222,0.6833490556887922,0.7300918216835716
1769098331.3085086,-1.3197235839892982,-0.9605221049623214,1.6335416390281106,0.6845786480659886,0.7289390060986882
1769098331.509116,-1.3332445741022354,-0.9358082002005046,1.6302586128658172,0.685774288121796,0.7278142797108641
1769098331.709814,-1.3451227204200908,-0.9140038797571026,1.6321747312594082,0.6850766843358862,0.7284709579518929
1769098331.9105337,-1.3580268161386206,-0.8902796776979798,1.6297229453831785,0.6859691967440067,0.727630580114925
1769098332.111093,-1.3699953220962493,-0.8682363894411746,1.6254204855822407,0.6875329089370205,0.7261532201461333
1769098332.311716,-1.3820998335431762,-0.8457200793690285,1.6185493217906877,0.6900236053379,0.7237868637081541
1769098332.5123568,-1.3949584983537193,-0.821569140152915,1.6208199158796432,0.6892014477417673,0.7245697788554613
1769098332.7163892,-1.4065948619283877,-0.7999217457715131,1.6236705761945895,0.6881679968554391,0.7255513821253271
1769098333.114445,-1.4317409619257153,-0.7529502620265001,1.6191165075079221,0.6898183168074,0.7239825203670359
1769098333.3151057,-1.443416681352964,-0.7309509209495377,1.6221948844108613,0.6887031545884831,0.7250434227409225
1769098333.5158424,-1.326541157581424,-0.7113715822013835,1.6393493066993048,0.682459047023326,0.7309238326501699
1769098333.7164946,-1.3376597645653296,-0.6892550099094279,1.6163872771059016,0.690805631772343,0.7230405100072983
1769098333.9170344,-1.3485673740442086,-0.6660789734876758,1.5876861273588705,0.7011101919231698,0.7130529424814515
1769098334.1176684,-1.3598502241743091,-0.6409034123737267,1.573651482773073,0.7060966109184306,0.7081155103861985
1769098334.318405,-1.3695108240276923,-0.6184985460420174,1.5582484700510262,0.7115291727935295,0.7026565564084317
1769098334.5190234,-1.3789908911241469,-0.5953036893056749,1.5359108787800315,0.7193324587927995,0.6946659727718821
1769098334.719694,-1.3891625706084287,-0.5687081954042028,1.5134731390522855,0.7270803942478197,0.6865523288871979
1769098334.920254,-1.3975434613765798,-0.5454169078541671,1.4947341581358606,0.7334810316277415,0.6797099206590295
1769098335.1209297,-1.405892786831203,-0.5218454617967205,1.492513803994804,0.7342351778361423,0.6788952081344575
1769098335.3215702,-1.414759813655035,-0.4952138434644897,1.4680549768981155,0.7424825562504593,0.6698653996615913
1769098335.5222073,-1.333839343831107,-0.46819603368594,1.4547722002247037,0.7469149851334992,0.664919547752226
1769098335.7227964,-1.3408113048754897,-0.4441284097622952,1.4400353779959334,0.7517940651691536,0.6593979705583256
1769098335.9235418,-1.3473127868400723,-0.42042754253007775,1.42424731070926,0.7569758966807945,0.6534427992137546
1769098336.124269,-1.3542095097630145,-0.39290568483021626,1.3980654164382993,0.7654649758476925,0.6434775604094455
1769098336.3249457,-1.3597424812455121,-0.3682588857698733,1.377900689605729,0.7719137345657565,0.6357272893220385
1769098336.5255783,-1.3648150864396316,-0.3441598837058003,1.3631686313273534,0.7765755366551431,0.6300241549883436
1769098336.7261844,-1.370166743641216,-0.3165803178453944,1.3455341076908924,0.7821003657127041,0.6231524837084856
1769098336.9268355,-1.3743801462449667,-0.2919822507370248,1.3251552201218602,0.7884092326993926,0.6151511048468946
1769098337.1274831,-1.378098182861812,-0.26712559122696067,1.3055909459003776,0.7943889079617795,0.6074094688982806
1769098337.3281817,-1.3817853503801936,-0.2398102487874424,1.291890752982369,0.7985310510649319,0.6019536198787537
1769098337.528807,-1.2780029770024084,-0.20738518549102714,1.2730922852243796,0.8041535975226469,0.5944215605034737
1769098337.7294748,-1.280588774987941,-0.17958814643999488,1.2508836033836956,0.8107045434031152,0.5854555007048329
1769098337.9301267,-1.2824030434207623,-0.15512927369156926,1.2343954902463188,0.8155034676017363,0.5787521873216064
1769098338.1308553,-1.2838127954911795,-0.13064396300488013,1.2146268337641168,0.8211841140443961,0.5706633428222987
1769098338.3314018,-1.2849978795402592,-0.10277761976465682,1.1974135992311317,0.826065120437791,0.56357467721332
1769098338.5319822,-1.2855625262510102,-0.0776516571142698,1.1782009092446295,0.831440814828103,0.5556133290679591
1769098338.7327032,-1.2855283033250717,-0.05079669237034401,1.161597393917192,0.8360246781133824,0.5486918420984727
1769098338.933355,-1.2851489192624752,-0.026045924305481583,1.1427875892591335,0.8411480213893235,0.5408049612501961
1769098339.1340184,-1.2840910518939028,0.0017746019122333312,1.1163093667284536,0.8482338746514506,0.5296218404614629
1769098339.3347769,-1.282631340313696,0.02678866780519784,1.0995238186379355,0.8526489448530308,0.5224842359736925
1769098339.5353897,-1.1889898715949985,0.027235262979299457,1.0823058328431991,0.8571153556273224,0.5151245161588104
1769098339.7360852,-1.1863986387051464,0.05475240213730592,1.0645688045037576,0.8616499787405052,0.5075030188447031
1769098339.936686,-1.1834663705529038,0.08037597769066063,1.0420969406003613,0.8672977387134031,0.49778974720520075
1769098340.1372175,-1.1802862872231874,0.10477076218454917,1.0313152358133364,0.8699686344010678,0.49310706257195436
1769098340.3379998,-1.1761899594867373,0.1317984432514937,1.0127194209701276,0.8745158275628696,0.48499697663184377
1769098340.5385785,-1.1719521321623672,0.15654704355906424,0.9900618075731454,0.879954029139236,0.4750588454093078
1769098340.7392612,-1.167190519778018,0.1813279500820958,0.9656388760469976,0.8856894412768986,0.4642781640467437
1769098340.9399722,-1.1612959776012215,0.20882321029053375,0.9496304072995527,0.889377220914007,0.45717410132167113
1769098341.1406233,-1.1557097307121122,0.23280835183262882,0.9270214407663351,0.8944884010704928,0.4470911544085314
1769098341.341234,-1.0521586653652366,0.23806999267696038,0.8989327335099404,0.9006790862034502,0.43448496369347245
1769098341.5419996,-1.0453281766926619,0.26267709605175404,0.8870599768426722,0.9032424679955221,0.4291305675541631
1769098341.7425983,-1.0376982787049895,0.28845081967743524,0.869357941894219,0.9070052805481864,0.42111924802566997
1769098341.9431977,-1.0294337007609093,0.3142940036135141,0.8458251155026236,0.911897443262525,0.4104181440570946
1769098342.144041,-1.0212358199037523,0.3382126675868723,0.8249559870369431,0.916130256729632,0.400880721293128
1769098342.3446317,-1.0127852385245646,0.3610742521833704,0.8031396117550033,0.9204485481707043,0.39086374885686537
1769098342.545342,-1.0028917152344277,0.38661029153126847,0.7861457091606004,0.9237364312895374,0.3830287267405276
1769098342.7460675,-0.9932903733397729,0.4096725733911074,0.7581577309327193,0.929005909201047,0.3700648871070261
1769098342.946511,-0.982965671382602,0.43283608773341686,0.737729529495054,0.9327372633314619,0.36055678830516447
1769098343.1472173,-0.9166942699125822,0.4348862047792066,0.7146242421529826,0.9368403122430788,0.3497573864213456
1769098343.3479054,-0.9060699492745954,0.4569626693028317,0.7034036786829168,0.9387877958181029,0.3444959715627861
1769098343.548603,-0.8948228710771469,0.47941043919196336,0.6857920795476803,0.9417849215346819,0.33621594484782125
1769098343.7492278,-0.8815091561912229,0.5044370060667243,0.6595187779269337,0.9461202844716462,0.32381539078816396
1769098343.9498906,-0.8693878949716116,0.5260194539501652,0.6399904792756566,0.9492369155224412,0.31456204190817727
1769098344.150651,-0.8528349145712593,0.554396824967788,0.6229353794498552,0.9518848129033102,0.306456037571509
1769098344.3512194,-0.8428264381611448,0.570853431798577,0.6032804470117819,0.9548504850670924,0.297086773800414
1769098344.5518293,-0.8291320384447078,0.5923193851119439,0.5814391946607981,0.9580378569735853,0.28664170074408235
1769098344.752519,-0.8107842422164504,0.6198754600997329,0.5651890441527607,0.9603351935920135,0.2788481951682491
1769098344.953172,-0.7967362454639706,0.6402867643312815,0.5434296455763985,0.9633120824038114,0.268383739997103
1769098345.1538703,-0.6927235385799736,0.5992319650569151,0.5095001623206291,0.9677263063479141,0.25200356347127917
1769098345.3545227,-0.6724435152850076,0.6260688350621699,0.483830705892476,0.9708809089910603,0.2395626443264735
1769098345.555189,-0.6609584146496373,0.640703511203226,0.46878250532170945,0.9726559036778281,0.23225092688871599
1769098345.7558885,-0.6399373450871645,0.666768388792254,0.45380737063438814,0.9743676166846573,0.22496165796922077
1769098345.9564903,-0.6235395666145399,0.6862473821863999,0.4253930851676958,0.9774652386119839,0.2110964407687098
1769098346.157111,-0.6105724652496917,0.7009988078806686,0.4132828435159258,0.9787255261793087,0.20517393695358863
1769098346.3578224,-0.588672143383561,0.7252487502030045,0.3945295771348453,0.9806063136648319,0.1959879016691322
1769098346.5586178,-0.5715103425255222,0.7435410379266767,0.37997714926139786,0.9820063928357963,0.18884767520313264
1769098346.7592883,-0.5536787378132272,0.7618584496566643,0.356758688620719,0.9841325459132175,0.17743486713261522
1769098346.9598355,-0.5358999251392894,0.779372270292453,0.33848356014808156,0.9857127610203787,0.16843501049835713
1769098347.1605053,-0.4635721669317724,0.696247642035589,0.32693234498471896,0.9866691296541169,0.16273914276407955
1769098347.3611937,-0.444779169197833,0.7134647893837658,0.3035076199048845,0.9885074713313433,0.15117201831725807
1769098347.5618036,-0.42574891673520054,0.7301127985737506,0.28078955407950634,0.9901608306343095,0.1399340182999625
1769098347.762453,-0.4045346527518964,0.7479471809655032,0.26426821201747563,0.9912829829340042,0.13174994400553916
1769098347.9630682,-0.3900560461917325,0.7597487095594853,0.24950682714876873,0.992228380160665,0.12443006712102572
1769098348.1639173,-0.36383726637937286,0.7802092546888251,0.22559045688881263,0.9936453598901266,0.11255620271144903
1769098348.3645356,-0.3434904326206726,0.795432670011601,0.21022732308967984,0.9944806437799054,0.1049202037126538
1769098348.5651855,-0.3241868474630313,0.8097265450180366,0.21143618815167953,0.9944170449383642,0.1055212809628994
1769098348.7657542,-0.3018594939555065,0.8261038508185561,0.2062459076753078,0.9946875385785618,0.10294027684304147
1769098348.9663599,-0.28136314192310896,0.8408679884608123,0.19419118382005435,0.9952899251344963,0.09694310148622631
1769098349.1670585,-0.2586413100432069,0.8570013460634656,0.19176670454110192,0.995406712074513,0.09573650065156711
1769098349.3677237,-0.23831716176815954,0.8713965304435309,0.18911125719203306,0.9955329462792889,0.0944147915979196
1769098349.5683827,-0.17959931263023762,0.7502929432469361,0.17483644484910935,0.9961814598798411,0.08730692407632111
1769098349.7691288,-0.15674441912033674,0.7661488063331512,0.17132198656711586,0.9963333400408998,0.08555627109069697
1769098349.969819,-0.13598897769783433,0.7804123780616989,0.1661532086441622,0.9965511231909886,0.08298107535323397
1769098350.1705465,-0.1157381444962001,0.7943824396266455,0.17148959974738706,0.9963261663626675,0.08563977009001232
1769098350.371155,-0.09959341755611137,0.8055236438461972,0.1668943054813998,0.9965203062691563,0.08335034009064954
1769098350.571776,-0.07177740153658071,0.8243480312113642,0.15166095936342439,0.9971262466411138,0.07575782639044334
1769098350.7724435,-0.05049415022075707,0.8385086031137212,0.15239881557206075,0.9970982295920684,0.07612568912241656
1769098350.9731467,-0.029978983276819665,0.8521790129844784,0.15356755424220206,0.9970535738279702,0.07670834972069476
1769098351.1738627,-0.0069713324035064195,0.8674491835568285,0.14998271003167388,0.9971894658410774,0.07492108658840232
1769098351.3744771,0.013683873792299878,0.8809072055743807,0.13828184401653254,0.9976107185029396,0.06908584752355966
1769098351.575113,0.037057488838919156,0.8958940650431084,0.13587294272513528,0.9976932053589546,0.06788422482856311
1769098351.7758737,0.05811741321099198,0.9095189017377341,0.1416750096288975,0.997492072940491,0.0707782764757808
1769098351.9764998,0.08690767847855596,0.7535578016434085,0.14592059284597733,0.9973395780513665,0.0728955832154603
1769098352.17709,0.11066981252272423,0.7686416459011972,0.13606071661251123,0.997686827519358,0.0679778948950234
1769098352.3778064,0.132302142152111,0.7821681328924638,0.13122763618740038,0.9978481855982513,0.06556674841928514
1769098352.5784223,0.1529581240029042,0.7950598533247205,0.13467324821985682,0.9977337460289274,0.06728574912330182
1769098352.7791705,0.1768430512796585,0.8099487175107775,0.1310746841511854,0.9978531969640876,0.06549043677171294
1769098352.97982,0.1983068957066395,0.823122051333086,0.11852851271113282,0.9982443878955836,0.05922957061275769
1769098353.180457,0.21986065659962095,0.8361476366613304,0.11656162691317537,0.9983021540558729,0.058247825774050986
1769098353.3811796,0.2436798771259906,0.8505632928423889,0.11836079528335516,0.9982493513012246,0.05914585891408056
1769098353.5818677,0.2645372331921084,0.8631265359843728,0.10888928318115018,0.9985182565729591,0.0544177479366622
1769098353.7824502,0.28666430253822595,0.8761793800427063,0.10177318492598007,0.998705556714094,0.05086463396498192
1769098353.9830542,0.3107811239659598,0.8901920177883788,0.09989486031747694,0.9987528864118927,0.049926665058992716
1769098354.183758,0.33212883837884777,0.9025724671291889,0.09774625466131247,0.9988059464154808,0.048853673404111814
1769098354.3844454,0.34411998939254534,0.7959651504632509,0.0957397416831232,0.9988544565112898,0.047851590438938295
1769098354.5851085,0.3658607743220042,0.8083726970073574,0.08646430931658539,0.9990656359440979,0.043218688962243505
1769098354.785763,0.3906171168110411,0.8222865411393879,0.08276977970869395,0.9991437676627479,0.04137307748631692
1769098354.9864674,0.41208448864308617,0.8343037661467999,0.08241143514247976,0.9991511645338509,0.041194057953176495
1769098355.1870604,0.43390539891344676,0.8464663749057987,0.07564613443310637,0.9992847930629233,0.0378140496798552
1769098355.3877325,0.4588490305904514,0.8600944695631497,0.06990498588140763,0.9993892238033374,0.03494537660067333
1769098355.5910547,0.4800680223363774,0.8715117737690136,0.06546917090106444,0.9994642712987326,0.03272873962274455
1769098355.989748,0.5263416143916002,0.896299005951079,0.05976721976214465,0.9995535181585334,0.0298791622522867
1769098356.1930661,0.5488783605920606,0.9080947069255151,0.04935633152612723,0.9996955095209489,0.024675660956709877
1769098356.5916154,0.5951246248258204,0.9318995497798864,0.046580605231608216,0.999728793161777,0.02328819708128875
1769098356.792281,0.6460354284165154,0.8152789363790852,0.022210366488692287,0.9999383380862638,0.011104954987790738
1769098356.992904,0.6707196530761509,0.8283745205783474,0.038976915599203237,0.9998101060165551,0.019487224203690028
1769098357.1935718,0.6923914085149562,0.8402828369195025,0.05808495349831149,0.9995782969143863,0.029038394200352893
1769098357.394288,0.7159951421197522,0.8538669836042102,0.0733599649999061,0.9993273648617683,0.03667175804940716
1769098357.5948303,0.7365812281563403,0.8661934786747972,0.0903008895803968,0.9989808918115969,0.04513510601855985
1769098357.7955365,0.7601895904529868,0.8807583284388137,0.10927396462125966,0.998507771354134,0.054609802649344064
1769098357.9961562,0.7814404706769925,0.8943653729346673,0.12526678011081388,0.998039170369173,0.06259244689907004
1769098358.1969287,0.8022086755525718,0.9083387256612309,0.14940347801829618,0.9972111223658433,0.07463228141933645
1769098358.3975933,0.8249014163226444,0.9242942410445366,0.1609938396880795,0.9967618720372031,0.0804100146305811
1769098358.5982862,0.8452855434714815,0.9390403126709753,0.18102491751323863,0.9959065431888902,0.09038892207320158
1769098358.7989266,0.883775112251095,0.8176989907864548,0.2133683112165257,0.9943146408716401,0.10648189962759547
1769098358.9996421,0.9054774921875238,0.8345669114529307,0.22912618267384463,0.9934448233206832,0.11431265466839868
1769098359.2002633,0.924398668342686,0.8499319345878417,0.2487786599376373,0.9922736173437979,0.12406880479578317
1769098359.4008598,0.9500666252884814,0.871554683220202,0.26891909984355766,0.9909739258307768,0.134054758675468
1769098359.6015139,0.9688780908649698,0.8881073200069177,0.29667128685475974,0.9890184266706341,0.14779225861303968
1769098359.8020868,0.983136084220752,0.9010941634089084,0.3062189420644648,0.9883016250247699,0.1525119600995246
1769098360.0028942,1.0072757590531016,0.9240073185204435,0.3271948700826014,0.9866477595994027,0.16286865406664158
1769098360.2035854,1.024742503374112,0.9412967856182731,0.350240807207672,0.9847055685199567,0.1742267009553613
1769098360.4042084,1.0444582757578784,0.9614172578573666,0.3669521359844444,0.9832154311618908,0.1824483924980903
1769098360.604791,1.0612502261279468,0.9791531772243812,0.3836534115184268,0.981657607276111,0.19065241167354965
1769098360.8055472,1.100217813033867,0.8792733734455316,0.40481658511880947,0.9795852823031079,0.20102903943246686
1769098361.0060623,1.1223781961586135,0.9045798751483607,0.4316230476825752,0.9768029359972068,0.21414019759782793
1769098361.2066815,1.1384398458994596,0.9237128383530038,0.45304726803576195,0.9744530432846695,0.22459133205278856
1769098361.4072447,1.1544111993243962,0.9433798474632986,0.46682011868025075,0.9728833184919625,0.23129645176713506
1769098361.6079605,1.171386416937732,0.9651271156216914,0.48213625777849145,0.9710835237586048,0.2387400047846423
1769098361.8086982,1.1863440121200857,0.985009277800186,0.503551942116635,0.96847151166032,0.24912432860396194
1769098362.0094235,1.201270394513913,1.0051983929344537,0.5032386111870375,0.9685105289537784,0.2489725995078018
1769098362.2099907,1.2173574862942371,1.0268592423018859,0.5016363406403508,0.9687096788604078,0.2481966117459415
1769098362.410629,1.2319701120454036,1.046714103737936,0.5104919605552363,0.9676012190186962,0.2524834270868743
1769098362.611294,1.2481643762569097,1.0690495950088008,0.5152153038309456,0.9670022382309882,0.2547678772064075
1769098362.8120165,1.2629519568432257,1.0894975954901136,0.515131514243891,0.9670129108299695,0.2547273646237273
1769098363.0125306,1.2778525643236112,1.1101762182124106,0.5156348486264918,0.966948773686698,0.25497072197762416
1769098363.2132208,1.348970038550071,0.9867598613578512,0.523998102256692,0.9658741303636756,0.25901189990850493
1769098363.4139347,1.3633994413596686,1.0073382648027975,0.5316080277430137,0.9648816102829858,0.2626851311698327
1769098363.6145794,1.377968495534732,1.0280356102971615,0.5266354585747456,0.9655317373423485,0.26028535146002
1769098363.8152359,1.3941406808725156,1.0510091870031213,0.5264784207730105,0.9655521716856793,0.26020953816697123
1769098364.015865,1.4084113711573178,1.0714517756824862,0.5326880845411667,0.9647396121645013,0.2632061563122861
1769098364.2165568,1.4223890529933616,1.0917279576950254,0.542329803539997,0.9634595265968346,0.2678539538812209
1769098364.4172385,1.4383970668271027,1.1151540477454518,0.5421432546357118,0.9634845063364925,0.26776408655666506
1769098364.6177027,1.4526600057969445,1.1359408013273835,0.5371915897947557,0.9641444917095299,0.2653778421537342
1769098364.8184314,1.4664456774984793,1.156195065069255,0.5477135758929742,0.9627350043790993,0.2704465036623243
1769098365.0191395,1.481830176600284,1.1791872314348215,0.5528440131079989,0.9620380831732018,0.27291523688579855
1769098365.2198162,1.4958220147601484,1.1999746660437236,0.5488630620900197,0.9625794081162132,0.2709997842630888
1769098365.4205112,1.5100550490325046,1.2212097930515784,0.5530690340653636,0.9620073712602935,0.2730234745234552
1769098365.621156,1.5029135740729664,1.1260348689120148,0.5563681204702285,0.961555698640771,0.274609975076396
1769098365.8218105,1.5164766461885697,1.1468024142716395,0.5651993062378728,0.9603337627974158,0.27885312268532475
1769098366.0225086,1.5303010351647135,1.168185261816437,0.5644184090854628,0.9604425673978885,0.2784781404888944
1769098366.2231803,1.5454317227486256,1.1916170686444099,0.5661521848126094,0.9602007972242009,0.27931063175255055
1769098366.4240317,1.5589453566741511,1.2128083594242616,0.5725622256767836,0.9593006708131792,0.28238665509790745
1769098366.6244342,1.5723244263589566,1.233725333844087,0.5622440334644373,0.9607447577674627,0.2774337946652126
1769098366.8252087,1.586296998956796,1.2548904015249185,0.5386347161869847,0.9639527538496188,0.26607346418937833
1769098367.025743,1.6023216945249827,1.278181574550773,0.5205049330249953,0.9663250431063061,0.2573245248039832
1769098367.226432,1.6163291852032065,1.297880490947685,0.5128101225900121,0.9673079203657283,0.25360478543933224
1769098367.427126,1.6328107325375754,1.320477064713231,0.4974197021660137,0.9692308032025794,0.2461537123898052
1769098367.6277816,1.6480180966205575,1.3404874120281811,0.4695807787509265,0.9725631263314044,0.2326391310602857
1769098367.828394,1.6636145934124484,1.36016252418606,0.4526941789669335,0.9744926784707515,0.22441929419481874
1769098368.0290437,1.6865774510309437,1.257308469533339,0.444926233217004,0.9753569645092388,0.2206327078728886
1769098368.2297375,1.7043647995773161,1.2785956099562967,0.42797982762752473,0.9771913950685985,0.21236048927210108
1769098368.4303591,1.7212806636703546,1.2979309761831752,0.39792758758064767,0.9802719140385264,0.19765367324500677
1769098368.6309767,1.7379810348680247,1.3163384107960736,0.3839778100900433,0.9816266706782127,0.1908116333277601
1769098368.8316143,1.7568188007056473,1.3364938161493538,0.37043254305583606,0.982896445245058,0.18415911034925386
1769098369.0323098,1.7744214948777914,1.3547866178763632,0.36172050432229796,0.9836893181909064,0.1798758607404276
1769098369.2329957,1.792202917800295,1.372691778014897,0.33558314683099355,0.9859559899827632,0.16700534667222272
1769098369.4335477,1.8119040969042397,1.391676575904202,0.31719049265908184,0.9874501120736667,0.15793123872655185
1769098369.6343393,1.8300302620316864,1.4086455065088788,0.30113069963857675,0.9886864351036455,0.14999711011231132
1769098369.8350136,1.8488688677037892,1.425586178721701,0.2817461550460273,0.99009378686807,0.14040759667925604
1769098370.035645,1.8963475238473557,1.3462054838885538,0.261342367688397,0.9914746620359016,0.1302996336940153
1769098370.2363904,1.9154054840391481,1.3620404293882358,0.24196056378555264,0.9926908071425351,0.12068538194289401
1769098370.4369714,1.9347326749083684,1.3775056571216944,0.2265225306513374,0.9935927966452449,0.11301926585622879
1769098370.6375082,1.9570339218204622,1.3946340704770408,0.20455404492519447,0.9947742630789886,0.10209880271411212
1769098370.8380764,1.977184503016993,1.4095688105807922,0.19012203083046275,0.9954851031526699,0.09491790874812915
1769098371.0387597,1.9971549164624058,1.4239793440643738,0.18499904679415935,0.995724968545204,0.09236767300117762
1769098371.2394676,2.0199294487293997,1.4403001595989229,0.1798551906728374,0.9959592380274975,0.0898064373399062
1769098371.440099,2.0405210502596707,1.4548428722835565,0.1750929981990721,0.9961702522419127,0.08743471020300855
1769098371.640743,2.061329033405567,1.4695183977618715,0.17653272709597498,0.9961070529978089,0.08815179503572432
1769098371.8414454,2.081403651299617,1.4836527863877598,0.17513312369245781,0.9961684978609837,0.08745469609684406
1769098372.0421078,2.1041404595225544,1.4995894724262062,0.1718072832255075,0.9963125506237086,0.0857980271899075
1769098372.2427428,2.12485943987538,1.5139948347827434,0.1681481953414563,0.9964678543533415,0.08397508702256744
1769098372.4434803,2.069948214321959,1.382754525190923,0.1573925300730507,0.9969050467095295,0.0786150611846791
1769098372.6440134,2.0709877354832065,1.3834763087248212,0.15976801044470051,0.9968109692838785,0.07979906963953086
1769098372.8446083,2.07100875146074,1.3834904191480684,0.15998508171478398,0.9968023023699878,0.07990725868087037
1769098373.045224,2.071008784951657,1.3834903708863666,0.15992001133640638,0.9968049016401892,0.07987482748709218
1769098373.245818,2.0710087887793476,1.3834903653705175,0.15989869284765074,0.9968057529888668,0.07986420229551112
1769098373.4463816,2.071008789487002,1.38349036435076,0.15988657365558695,0.9968062369153694,0.07985816205385952
1769098373.6469939,2.0710295404647407,1.3835048566858146,0.15988251853534585,0.9968063988305451,0.07985614096912151
1769098373.8475583,2.0710087894848628,1.3834903643541945,0.1598891306217043,0.9968061348172474,0.07985943645368095
1769098374.0481944,2.0710295407218826,1.3835048563177028,0.15986505631419315,0.9968070960253477,0.0798474377391864
1769098374.2487566,2.071008789432246,1.3834903644292909,0.15986169791068372,0.9968072301038999,0.07984576389884905
1769098374.4494035,2.071029540576533,1.3835048565258417,0.15988313735406484,0.99680637412226,0.07985644939034707
1769098374.6500406,2.0710295405840515,1.3835048565150774,0.15988691462029817,0.9968062233009473,0.07985833199173373
1769098374.8506758,2.0710087897139564,1.383490364025937,0.15989540167041688,0.9968058844111393,0.07986256196320259
1769098375.051265,2.0710087897391762,1.3834903639898264,0.159896828899253,0.9968058274198098,0.07986327329823337
1769098375.2518566,2.071029540502681,1.3835048566315873,0.1598941175859266,0.9968059356860725,0.07986192197169811
1769098375.4524856,2.071029540567621,1.3835048565386017,0.15987832261772356,0.996806566363246,0.07985404971017832
1769098375.6531029,2.071008789546372,1.3834903642658891,0.15988092711965313,0.9968064623723875,0.07985534780242336
1769098375.853719,2.0710295404705223,1.3835048566776322,0.15989080564516497,0.9968060679336831,0.0798602712904837
1769098376.0543165,2.07100878957964,1.3834903642182539,0.15988589452368399,0.9968062640324247,0.07985782357239665
1769098376.2549777,2.0710295405535977,1.3835048565586812,0.1598862999210106,0.9968062478453301,0.0798580256236923
1769098376.455669,2.0710087898500236,1.3834903638311151,0.15990663532911847,0.9968054358210332,0.07986816085049138
1769098376.6562185,2.071029540603356,1.3835048564874417,0.15989006562687708,0.9968060974826455,0.07985990246311836
1769098376.8568983,2.071029540589226,1.383504856507673,0.1598950303411431,0.9968058992387757,0.07986237689159863
1769098377.0575178,2.0710295406223924,1.383504856460183,0.15988533063208296,0.9968062865479631,0.07985754252705339
1769098377.2582302,2.071029540596967,1.3835048564965873,0.1598861121268691,0.9968062553437604,0.07985793202650515
1769098377.4588692,2.07102954059762,1.3835048564956525,0.15987864913604372,0.9968065533263276,0.07985421244798005
1769098377.6594646,2.0710295405974,1.3835048564959678,0.15988439097414422,0.9968063240672399,0.07985707419857432
1769098377.8600838,2.0710295405968946,1.3835048564966916,0.15988896250487256,0.9968061415301016,0.07985935266373603
1769098378.0607731,2.0710295405970522,1.383504856496466,0.159888738419177,0.9968061504777647,0.07985924097873676
1769098378.261386,2.071029540607657,1.3835048564812817,0.15989018525177007,0.9968060927060275,0.0798599620845296
1769098378.4619992,2.0710295406015264,1.3835048564900605,0.159892525332536,0.9968059992659646,0.07986112838785739
